"ID","CAS","INCHIKEY","FORMULA","MONOISOTOPIC_MASS","SMILES"
"DTXSID70379917","CAS_RN: 27854-30-4","AAEJJSZYNKXKSW-UHFFFAOYSA-N","C9H5F13O2",392.00819626,"O=C(O)CCC(F)(F)C(F)(F)C(F)(F)C(F)(F)C(F)(F)C(F)(F)F"
"DTXSID10346749","CAS_RN: 92835-92-2","AAIXLNBYXIVUKR-UHFFFAOYSA-N","C6H4F7IO",351.919510288,"OCC(I)=CC(F)(F)C(F)(F)C(F)(F)F"
"DTXSID10346749","CAS_RN: 92835-82-0","AAIXLNBYXIVUKR-UHFFFAOYSA-N","C6H4F7IO",351.919510288,"OCC(I)=CC(F)(F)C(F)(F)C(F)(F)F"
"DTXSID50893348","CAS_RN: 143356-32-5","AAPHNZCZOSOYTI-UHFFFAOYSA-N","C18F40N2",1003.9422768,"FC(F)(F)C(F)(F)C(F)(F)N(C(F)(F)C(F)(F)C(F)(F)F)C(F)(F)C(F)(F)C(F)(F)C(F)(F)C(F)(F)C(F)(F)N(C(F)(F)C(F)(F)C(F)(F)F)C(F)(F)C(F)(F)C(F)(F)F"
"DTXSID7066063","CAS_RN: 3658-63-7","FTUYMACVNWCLNM-UHFFFAOYSA-N","C11HF21O2",563.964121892,"O=C(O)C(F)(F)C(F)(F)C(F)(F)C(F)(F)C(F)(F)C(F)(F)C(F)(F)C(F)(C(F)(F)F)C(F)(F)F"
"DTXSID90505110","CAS_RN: 42532-60-5","AASDJASZOZGYMM-UHFFFAOYSA-N","C4F7N",194.99189654,"N#CC(F)(C(F)(F)F)C(F)(F)F"
"DTXSID90892532","CAS_RN: 88992-45-4","CNMMRRVECJZEIU-UHFFFAOYSA-N","C14H19F13NOS",496.097977088,"C[N+](C)(C)CC(O)CSCCC(F)(F)C(F)(F)C(F)(F)C(F)(F)C(F)(F)C(F)(F)F"
"DTXSID90371599","CAS_RN: 236736-19-9","ABBOXTQECRSSQR-UHFFFAOYSA-N","C6H3Br2F9",403.845778276,"FC(F)(F)C(F)(F)C(F)(F)C(F)(F)C(Br)CBr"
"DTXSID20874028","CAS_RN: 914637-49-3","ABFCFCPCGMHSRX-UHFFFAOYSA-N","C8H5F11O2",342.01138982,"O=C(O)CCC(F)(F)C(F)(F)C(F)(F)C(F)(F)C(F)(F)F"
"DTXSID10336923","CAS_RN: 400-57-7","ABJHYFXBHBSPMK-UHFFFAOYSA-N","C22H37F7O2",466.268177964,"CCCCCCCCCCCCCCCCCCOC(=O)C(F)(F)C(F)(F)C(F)(F)F"
"DTXSID00195203","CAS_RN: 424-37-3","ABKMQSRPKFUWEH-UHFFFAOYSA-N","C7H3F9O2",289.998933316,"C=COC(=O)C(F)(F)C(F)(F)C(F)(F)C(F)(F)F"
"DTXSID60338250","CAS_RN: 56554-52-0","ABNZIVVYHQYSLI-UHFFFAOYSA-N","C13H3F23O2",627.976578396,"COC(=O)C(F)(F)C(F)(F)C(F)(F)C(F)(F)C(F)(F)C(F)(F)C(F)(F)C(F)(F)C(F)(F)C(F)(F)C(F)(F)F"
"",NA,"ABORRGDTJNGTLT-UHFFFAOYSA-O","C20H16F25N2O3",807.076172872,"C[N+](C)(CCCNC(=O)C(F)(F)C(F)(F)C(F)(F)C(F)(F)C(F)(F)C(F)(F)C(F)(F)C(F)(F)C(F)(F)C(F)(F)C(F)(F)C(F)(F)F)CC(=O)O"
"DTXSID80895355","CAS_RN: 93454-71-8","ABPWIOPUGZHCSE-UHFFFAOYSA-N","C22H25F21",688.16209342,"CCCCCCCCCCCCC(F)(F)C(F)(F)C(F)(F)C(F)(F)C(F)(F)C(F)(F)C(F)(F)C(F)(F)C(F)(F)C(F)(F)F"
"DTXSID60556977","CAS_RN: 756-12-7","ABQIAHFCJGVSDJ-UHFFFAOYSA-N","C5F10O",265.97894682,"O=C(C(F)(F)F)C(F)(C(F)(F)F)C(F)(F)F"
"DTXSID50881169","CAS_RN: 94200-48-3","OPYLRJAHXRPJLM-UHFFFAOYSA-N","C17H8F29O5P",873.964628366,"O=P(O)(O)OCC(O)CC(F)(F)C(F)(F)C(F)(F)C(F)(F)C(F)(F)C(F)(F)C(F)(F)C(F)(F)C(F)(F)C(F)(F)C(F)(F)C(F)(F)C(F)(F)C(F)(F)F"
"DTXSID50896576","CAS_RN: 1882109-66-1","ACAHRYLWSNWTFN-UHFFFAOYSA-N","C8HF15O2",413.973702572,"O=C(O)C(F)(C(F)(F)F)C(F)(C(F)(F)C(F)(F)F)C(F)(F)C(F)(F)F"
"DTXSID8062600","CAS_RN: 2706-91-4","ACEKLXZRZOWKRY-UHFFFAOYSA-N","C5HF11O3S",349.947075312,"O=S(=O)(O)C(F)(F)C(F)(F)C(F)(F)C(F)(F)C(F)(F)F"
"DTXSID20889011","CAS_RN: 132843-44-8","DOYSIZKQWJYULQ-UHFFFAOYSA-N","C4HF10NO4S2",380.918731712,"O=S(=O)(NS(=O)(=O)C(F)(F)C(F)(F)F)C(F)(F)C(F)(F)F"
"","CAS_RN: 94159-77-0","GQRHHQSDLQVIGL-UHFFFAOYSA-N","C19H19F23NO3",746.099767528,"C[N+](CCO)(CCO)CC(O)CC(F)(F)C(F)(F)C(F)(F)C(F)(F)C(F)(F)C(F)(F)C(F)(F)C(F)(F)C(F)(C(F)(F)F)C(F)(F)F"
"DTXSID40896106","CAS_RN: 1622133-36-1","ACRSFVDYBBDIBA-UHFFFAOYSA-N","C13H8F9N",349.051303236,"Cc1c(C(F)(F)C(F)(F)C(F)(F)C(F)(F)F)[nH]c2ccccc12"
"DTXSID30232271","CAS_RN: 83329-16-2","ACTHRCNAGIBPKA-UHFFFAOYSA-N","C8H4F14N2O",410.010007828,"O=NN(CC(F)(F)C(F)(F)C(F)(F)F)CC(F)(F)C(F)(F)C(F)(F)F"
"DTXSID30881021","CAS_RN: 93776-04-6","ACVJGNXQTVSKDY-UHFFFAOYSA-N","C34H24F46O5",1386.088921988,"CC(COCC(C)OCC(O)CC(F)(F)C(F)(F)C(F)(F)C(F)(F)C(F)(F)C(F)(F)C(F)(F)C(F)(F)C(F)(C(F)(F)F)C(F)(F)F)OCC(O)CC(F)(F)C(F)(F)C(F)(F)C(F)(F)C(F)(F)C(F)(F)C(F)(F)C(F)(F)C(F)(C(F)(F)F)C(F)(F)F"
"DTXSID10892918","CAS_RN: 2823-49-6","ACWJDDIKDCUGLO-UHFFFAOYSA-N","C11HClF20O2",579.934571352,"O=C(O)C(F)(F)C(F)(F)C(F)(F)C(F)(F)C(F)(F)C(F)(F)C(F)(F)C(F)(F)C(F)(F)C(F)(F)Cl"
"DTXSID00895478","CAS_RN: 25600-64-0","ACXWRVKTAODIKP-UHFFFAOYSA-N","C8H9F7O2",270.049077068,"CC(=O)OCCCC(F)(F)C(F)(F)C(F)(F)F"
"",NA,"ACZNXOANYNRCGB-UHFFFAOYSA-O","C15H18F13N2O6S",601.067799156,"C[N+](C)(CCCN(CC(=O)O)S(=O)(=O)C(F)(F)C(F)(F)C(F)(F)C(F)(F)C(F)(F)C(F)(F)F)CC(=O)O"
"DTXSID80895330","CAS_RN: 89109-69-3","ADCGKSAFZSUUER-UHFFFAOYSA-N","C16H9F25",676.030505788,"CCCCC(F)(F)C(F)(F)C(F)(F)C(F)(F)C(F)(F)C(F)(F)C(F)(F)C(F)(F)C(F)(F)C(F)(F)C(F)(F)C(F)(F)F"
"",NA,"ADFQWOLUKYLWCE-UHFFFAOYSA-N","C6HF11O",297.985175072,"OC(F)(F)C(F)(F)C(F)(F)C(F)=C(F)C(F)(F)F"
"DTXSID8031865","CAS_RN: 68141-02-6","SNGREZUHAYWORS-UHFFFAOYSA-N","C8HF15O2",413.973702572,"O=C(O)C(F)(F)C(F)(F)C(F)(F)C(F)(F)C(F)(F)C(F)(F)C(F)(F)F"
"DTXSID1070511","CAS_RN: 67584-60-5","ADSKDYCFRLKFDJ-UHFFFAOYSA-N","C12H12F11NO4S",475.031139284,"C=C(C)C(=O)OCCN(C)S(=O)(=O)C(F)(F)C(F)(F)C(F)(F)C(F)(F)C(F)(F)F"
"DTXSID70380003","CAS_RN: 82633-43-0","ADTJLQBSULGRRY-UHFFFAOYSA-N","C9H5F11N2",350.02770858,"Cc1cc(C(F)(F)C(F)(F)C(F)(F)C(F)(F)C(F)(F)F)n[nH]1"
"DTXSID00895756","CAS_RN: 106203-17-2","ADUVQDXZSJUGJY-UHFFFAOYSA-N","C7H6F7NO2",269.028675972,"COC(=O)C=C(N)C(F)(F)C(F)(F)C(F)(F)F"
"DTXSID50880495","CAS_RN: 59158-81-5","ADXLBHULARLUSE-UHFFFAOYSA-N","C6H6F6O",208.032284132,"C=CCOC(F)(F)C(F)C(F)(F)F"
"DTXSID80895173","CAS_RN: 503189-10-4","ADXRMDFVKSPFQM-UHFFFAOYSA-N","C7H5F11",298.02156058,"CCC(F)(F)C(F)(F)C(F)(F)C(F)(F)C(F)(F)F"
"DTXSID80895734","CAS_RN: 240408-96-2","ADYNCUBVNWLXQE-UHFFFAOYSA-N","C9H3F13O2",389.992546196,"C=COC(=O)C(F)(F)C(F)(F)C(F)(F)C(F)(F)C(F)(F)C(F)(F)F"
"DTXSID70565479","CAS_RN: 13973-14-3","AEBAYKKLSQLBDU-UHFFFAOYSA-N","C8H2F14O2",395.983124384,"O=C(O)C(F)(F)C(F)(F)C(F)(F)C(F)(F)C(F)(F)C(F)(F)C(F)F"
"",NA,"AEMIKYUDMNDMLZ-UHFFFAOYSA-N","C5HF9O",247.988368632,"OC(F)(F)C(F)(F)C(F)=C(F)C(F)(F)F"
"DTXSID40896045","CAS_RN: 135587-17-6","AENHPCRNEPBZQL-UHFFFAOYSA-N","C16H15F17INO3Si",746.95944761,"FC(F)(F)C(F)(F)C(F)(F)C(F)(F)C(F)(F)C(F)(F)C(F)(F)C(F)(F)CC(I)[Si]12OCCN(CCO1)CCO2"
"","CAS_RN: 68156-06-9","AETAZWKHJUBBOA-UHFFFAOYSA-N","C8F16O2S",463.93635176,"O=S(=O)(F)C1(F)C(F)(F)C(F)(F)C(F)(F)C(F)(F)C1(F)C(F)(F)C(F)(F)F"
"DTXSID10895742","CAS_RN: 4314-38-9","AEYHDUCQLIENJA-UHFFFAOYSA-N","C8H3F15N2O",428.000586016,"N=C(NO)C(F)(F)C(F)(F)C(F)(F)C(F)(F)C(F)(F)C(F)(F)C(F)(F)F"
"DTXSID10895444","CAS_RN: 38787-60-9","AEYWRUOLWSDNSX-UHFFFAOYSA-N","C14H13F15",466.077773716,"CCCCCC=CC(F)(F)C(F)(F)C(F)(F)C(F)(F)C(F)(F)C(F)(F)C(F)(F)F"
"DTXSID40892547","CAS_RN: 1432486-91-3","AFBMPICOPALERX-UHFFFAOYSA-N","C15H17F15N2O4S",606.066951324,"CN(C)CCCN(CCC(=O)O)S(=O)(=O)C(F)(F)C(F)(F)C(F)(F)C(F)(F)C(F)(F)C(F)(F)C(F)(F)F"
"DTXSID40881350","CAS_RN: 919005-14-4","AFDRCEOKCOUICI-UHFFFAOYSA-N","C7H2F12O4",377.976147184,"O=C(O)C(F)(F)C(F)OC(F)(F)C(F)(F)C(F)(F)OC(F)(F)F"
"DTXSID50187299","CAS_RN: 336-61-8","AFGARRAOIQHNDW-UHFFFAOYSA-N","C10H6F7NO",289.033761352,"O=C(Nc1ccccc1)C(F)(F)C(F)(F)C(F)(F)F"
"DTXSID4059912","CAS_RN: 374-98-1","AFHPVXVEXINDFS-UHFFFAOYSA-N","C4H2F7I",309.908945604,"FC(F)(F)C(F)(F)C(F)(F)CI"
"DTXSID70881020","CAS_RN: 93776-03-5","AFHRHKTUTFIHHJ-UHFFFAOYSA-N","C38H24F54O5",1586.076147748,"CC(COCC(O)CC(F)(F)C(F)(F)C(F)(F)C(F)(F)C(F)(F)C(F)(F)C(F)(F)C(F)(F)C(F)(F)C(F)(F)C(F)(C(F)(F)F)C(F)(F)F)OC(C)COCC(O)CC(F)(F)C(F)(F)C(F)(F)C(F)(F)C(F)(F)C(F)(F)C(F)(F)C(F)(F)C(F)(F)C(F)(F)C(F)(C(F)(F)F)C(F)(F)F"
"DTXSID00895711","CAS_RN: 340157-97-3","AFJHWCKFHITISQ-UHFFFAOYSA-N","C16H8BrF17",601.953792096,"FC(F)(F)C(F)(F)C(F)(F)C(F)(F)C(F)(F)C(F)(F)C(F)(F)C(F)(F)CCc1cccc(Br)c1"
"DTXSID50181999","CAS_RN: 27607-42-7","AFNLZEWJLHEBLO-UHFFFAOYSA-N","C12H10F17NO",507.04909368,"OCCNCCC(F)(F)C(F)(F)C(F)(F)C(F)(F)C(F)(F)C(F)(F)C(F)(F)C(F)(F)F"
"DTXSID60896284","CAS_RN: 304435-61-8","AFOVRKBVJMNTSC-UHFFFAOYSA-N","C17H18F7N3O3",445.123638976,"COc1cc2c(cc1OC)C(NNC(=O)C(F)(F)C(F)(F)C(F)(F)F)=NC(C)(C)C2"
"DTXSID40895937","CAS_RN: 117374-32-0","AFQCXIHNDWCQHP-UHFFFAOYSA-N","C14H11F17O2",534.048759332,"CC(C)CCOC(=O)C(F)(F)C(F)(F)C(F)(F)C(F)(F)C(F)(F)C(F)(F)C(F)(F)C(F)(F)F"
"DTXSID40895210","CAS_RN: 133310-68-6","AFRUDOKTWQGZAU-UHFFFAOYSA-N","C18H29F9",416.212554908,"CCCCCCCCCCCCCCC(F)(F)C(F)(F)C(F)(F)C(F)(F)F"
"DTXSID90218051","CAS_RN: 678-41-1","AFWOYEYXUDHGHF-UHFFFAOYSA-N","C20H9F34O4P",989.969554878,"O=P(O)(OCCC(F)(F)C(F)(F)C(F)(F)C(F)(F)C(F)(F)C(F)(F)C(F)(F)C(F)(F)F)OCCC(F)(F)C(F)(F)C(F)(F)C(F)(F)C(F)(F)C(F)(F)C(F)(F)C(F)(F)F"
"","CAS_RN: 106065-05-8","AFXHAJXBZYXHDO-UHFFFAOYSA-N","C10CrF9N1O5",436.9037834,NA
"DTXSID90705597","CAS_RN: 308-45-2","AGAHTUDKCJGVDX-UHFFFAOYSA-N","C8H2F14O2",395.983124384,"O=C(OCC(F)(F)C(F)(F)C(F)(F)F)C(F)(F)C(F)(F)C(F)(F)F"
"DTXSID90880439","CAS_RN: 40143-76-8","AGCUFKNHQDVTAD-UHFFFAOYSA-N","C6H2F13O3P",399.953397414,"O=P(O)(O)C(F)(F)C(F)(F)C(F)(F)C(F)(F)C(F)(F)C(F)(F)F"
"DTXSID10892473","CAS_RN: 67584-42-3","AGFWEBMALSMQMX-UHFFFAOYSA-N","C8HF15O3S",461.940688192,"O=S(=O)(O)C1(C(F)(F)C(F)(F)F)C(F)(F)C(F)(F)C(F)(F)C(F)(F)C1(F)F"
"DTXSID70191136","CAS_RN: 377-73-1","AGIMOOYNBDLMJV-UHFFFAOYSA-N","C4HF7O3",229.981391432,"O=C(O)C(F)(F)C(F)(F)OC(F)(F)F"
"DTXSID20881171","CAS_RN: 94200-44-9","AGKXMXVIKUJGIA-UHFFFAOYSA-N","C19H8F33O5P",973.958241246,"O=P(O)(O)OCC(O)CC(F)(F)C(F)(F)C(F)(F)C(F)(F)C(F)(F)C(F)(F)C(F)(F)C(F)(F)C(F)(F)C(F)(F)C(F)(F)C(F)(F)C(F)(F)C(F)(F)C(F)(F)C(F)(F)F"
"","CAS_RN: 93894-66-7","AGKZAFDQVNHYRO-UHFFFAOYSA-N","C12H10F17NO4S",587.00590854,"O=S(=O)(N(CCO)CCO)C(F)(F)C(F)(F)C(F)(F)C(F)(F)C(F)(F)C(F)(C(F)(F)F)C(F)(F)F"
"DTXSID30895421","CAS_RN: 2837-34-5","AGPPLHDXJQVLSS-UHFFFAOYSA-N","C25H36F15I",748.162222452,"CCCCCCCCCCCCCCCCC(I)CC(F)(F)C(F)(F)C(F)(F)C(F)(F)C(F)(F)C(F)(F)C(F)(F)F"
"DTXSID80881137","CAS_RN: 94158-62-0","AGXPCTAFKVXMEO-UHFFFAOYSA-N","C20H23F19O4",688.129295396,"CCCCOCCOCCOCC(O)CC(F)(F)C(F)(F)C(F)(F)C(F)(F)C(F)(F)C(F)(F)C(F)(C(F)(F)F)C(F)(F)F"
"",NA,"AGZBRDLKFIACID-OWOJBTEDSA-N","C11HF19O2",525.967315452,"O=C(O)C(F)(F)C(F)(F)C(F)(F)C(F)(F)C(F)(F)/C(F)=C(\F)C(F)(F)C(F)(F)C(F)(F)F"
"DTXSID90897022","CAS_RN: 2967-59-1","AHAQXHMPHGIPBT-UHFFFAOYSA-N","C12H10F14N2O2",480.05187264,"O=C(NCCCCNC(=O)C(F)(F)C(F)(F)C(F)(F)F)C(F)(F)C(F)(F)C(F)(F)F"
"DTXSID40447475","CAS_RN: 135841-49-5","AHGSEBBCGYXEBF-UHFFFAOYSA-N","C9H9F13Si",392.026593678,"C[Si](C)(C)C(F)(F)C(F)(F)C(F)(F)C(F)(F)C(F)(F)C(F)(F)F"
"DTXSID7074909","CAS_RN: 218462-19-2","NOPJRYAFUXTDLX-UHFFFAOYSA-N","C4H3F7O",200.007212256,"COC(F)(F)C(F)(F)C(F)(F)F"
"",NA,"AHPNUZPODAGHJZ-UHFFFAOYSA-N","C16H2F28O4",789.950598704,"O=C(O)C(F)(F)C(F)(F)C(F)(F)C(F)(F)C(F)(F)C(F)(F)C(F)(F)C(F)(F)C(F)(F)C(F)(F)C(F)(F)C(F)(F)C(F)(F)C(F)(F)C(=O)O"
"DTXSID5059828","CAS_RN: 335-58-0","AHUMDLIBMIYQMU-UHFFFAOYSA-N","C7F15I",495.8805213,"FC(F)(F)C(F)(F)C(F)(F)C(F)(F)C(F)(F)C(F)(F)C(F)(F)I"
"DTXSID10892615",NA,"AIGDLYRKICIOLY-UHFFFAOYSA-O","C18H14F24NO2",732.064130968,"C[N+](C)(CCC(F)C(F)(F)C(F)(F)C(F)(F)C(F)(F)C(F)(F)C(F)(F)C(F)(F)C(F)(F)C(F)(F)C(F)(F)C(F)(F)F)CC(=O)O"
"","CAS_RN: 55910-10-6","BTZLOWXUIJOJSD-UHFFFAOYSA-N","C13H10F17NO4S",599.00590854,"CCCN(CC(=O)O)S(=O)(=O)C(F)(F)C(F)(F)C(F)(F)C(F)(F)C(F)(F)C(F)(F)C(F)(F)C(F)(F)F"
"DTXSID50895448","CAS_RN: 677324-32-2","AIHVYRVVEYXPSZ-UHFFFAOYSA-N","C29H35F25",858.23395662,"CCCCCCCCCCCCCCCCCC(F)(F)C(F)(F)C(F)(F)C(F)(F)C(F)(F)C(F)(F)C(F)(F)C(F)(F)C(F)(F)C(F)(F)C(F)(F)C(F)(F)F"
"DTXSID90895740","CAS_RN: 1228350-17-1","AIIUJTLQIOPZBE-UHFFFAOYSA-N","C13H11F13O2",446.055146452,"C=C(C)C(=O)OCCCC(F)(F)C(F)(F)C(F)(F)C(F)(F)C(F)(F)C(F)(F)F"
"DTXSID50896278","CAS_RN: 135339-05-8","AILIUGSCIINIHV-UHFFFAOYSA-N","C17H9F15N2O2",558.042450828,"CCOC(=O)c1c(C(F)(F)C(F)(F)C(F)(F)C(F)(F)C(F)(F)C(F)(F)C(F)(F)F)nc2ccccn12"
"DTXSID90880151","CAS_RN: 1735-48-4","AILNJPONTDNFHN-UHFFFAOYSA-N","C8F18",437.97125796,"FC(F)(F)C(F)(F)C(F)(C(F)(F)F)C(F)(C(F)(F)F)C(F)(F)C(F)(F)F"
"",NA,"AIMOKUHEHJVQRJ-UHFFFAOYSA-O","C16H26F11N2O10S3",711.057393452,"C[N+](C)(CCCN(CC(O)CS(=O)(=O)O)S(=O)(=O)C(F)(F)C(F)(F)C(F)(F)C(F)(F)C(F)(F)F)CC(O)CS(=O)(=O)O"
"DTXSID40896383","CAS_RN: 20017-50-9","AIMRZXIGISGIMY-UHFFFAOYSA-N","C9F11NO2",362.97533866,"O=[N+]([O-])c1c(F)c(F)c(C(F)(C(F)(F)F)C(F)(F)F)c(F)c1F"
"DTXSID70633400","CAS_RN: 74701-33-0","AIOWABGMWFAARU-UHFFFAOYSA-N","C15H5F17O2",540.00180914,"O=C(O)c1ccc(C(F)(F)C(F)(F)C(F)(F)C(F)(F)C(F)(F)C(F)(F)C(F)(F)C(F)(F)F)cc1"
"DTXSID20881313","CAS_RN: 63513-12-2","AIOYDPRIRKONCK-UHFFFAOYSA-N","C16H8F17O4P",617.988875106,"O=P(O)(O)Cc1ccc(OC(F)=C(F)C(F)(F)C(F)(F)C(F)(F)C(F)(F)C(F)(F)C(F)(F)C(F)(F)F)cc1"
"DTXSID00896021","CAS_RN: 2195-67-7","AIZAMOOEHGSUGQ-UHFFFAOYSA-N","C11H6F7N3",313.044994732,"FC(F)(F)C(F)(F)C(F)(F)c1nc(-c2ccccc2)n[nH]1"
"DTXSID101015594",NA,"AJBZTNALOBRIRR-UHFFFAOYSA-N","C8HF19O2S",521.939386452,"O=C(O)C(F)(F)C(F)(F)C(F)(F)C(F)(F)C(F)(F)C(F)(F)C(F)(F)S(F)(F)(F)(F)F"
"DTXSID90892956","CAS_RN: 30295-56-8","AJHOIKIILYAOBA-UHFFFAOYSA-N","C11H13F13N2O3S",500.043930136,"C[N+](C)([O-])CCCNS(=O)(=O)C(F)(F)C(F)(F)C(F)(F)C(F)(F)C(F)(F)C(F)(F)F"
"DTXSID90382600","CAS_RN: 161583-34-2","AJIHCPVPJZKWAJ-UHFFFAOYSA-N","C8H4BrF13",425.928879088,"FC(F)(F)C(F)(F)C(F)(F)C(F)(F)C(F)(F)C(F)(F)CCBr"
"DTXSID60895237","CAS_RN: 1835251-91-6","AJIYRVJOPFDXSF-UHFFFAOYSA-N","C14H16F14",450.102845592,"FC(F)(F)C(F)(F)C(F)(F)CCCCCCCCC(F)(F)C(F)(F)C(F)(F)F"
"DTXSID50892578",NA,"AJMAYLFJZQYRHN-UHFFFAOYSA-N","C12H5F21O3S",627.96240764,"O=S(=O)(O)CCC(F)(F)C(F)(F)C(F)(F)C(F)(F)C(F)(F)C(F)(F)C(F)(F)C(F)(F)C(F)(F)C(F)(F)F"
"DTXSID70893300","CAS_RN: 88987-13-7","AJMIZAKQWZPWEH-UHFFFAOYSA-N","C24H31F17O8",770.174747692,"COCCOCCOCCOCCOCCOCCOCCOC(=C(C(F)(C(F)(F)F)C(F)(F)F)C(F)(C(F)(F)F)C(F)(F)F)C(F)(F)F"
"",NA,"AJVBAWNQCQPSFI-UHFFFAOYSA-N","C22H21F25O5",840.098979272,"OCCOCCOCCOCCOCCC(F)(F)C(F)(F)C(F)(F)C(F)(F)C(F)(F)C(F)(F)C(F)(F)C(F)(F)C(F)(F)C(F)(F)C(F)(F)C(F)(F)F"
"DTXSID50575036","CAS_RN: 86451-48-1","AJYJTGVHYUFWOB-UHFFFAOYSA-N","C4Cl2F7NO",280.92451652,"O=C(N(Cl)Cl)C(F)(F)C(F)(F)C(F)(F)F"
"DTXSID30870516","CAS_RN: NOCAS_870516","AJYRBQGTPUSTHS-UHFFFAOYSA-N","C6F12O",315.97575326,"FC(F)(F)C(F)(F)C1(F)OC(F)(F)C(F)(F)C1(F)F"
"DTXSID60881337","CAS_RN: 125061-94-1","AKBMBNDRIIVPGZ-UHFFFAOYSA-N","C17F30",773.9520966,"FC1(F)C(F)(F)C(F)(F)C(F)(C(F)(F)C2(F)C(F)(F)C(F)(F)C(F)(F)C3(F)C(F)(F)C(F)(F)C(F)(F)C(F)(F)C32F)C(F)(F)C1(F)F"
"DTXSID40895619","CAS_RN: 254095-33-5","AKDASAAPMBNOJM-UHFFFAOYSA-N","C16H15F21O3Si",682.04551349,"CCO[Si](OCC)(OCC)C(F)(F)C(F)(F)C(F)(F)C(F)(F)C(F)(F)C(F)(F)C(F)(F)C(F)(F)C(F)(F)C(F)(F)F"
"DTXSID30896473","CAS_RN: 139604-89-0","AKRCGMWXORUMMA-UHFFFAOYSA-N","C3F7IO",311.88821016,"FC(F)(F)OC(F)(I)C(F)(F)F"
"DTXSID90703694","CAS_RN: 753025-21-7","AKVDITLFWMRIAX-UHFFFAOYSA-N","C14Cl3F23Si",737.8467582,NA
"DTXSID00145182","CAS_RN: 102488-47-1","AKYGPHVLITVSJE-UHFFFAOYSA-N","C10H10ClF13Si",440.00327139,"C[Si](C)(Cl)CCC(F)(F)C(F)(F)C(F)(F)C(F)(F)C(F)(F)C(F)(F)F"
"DTXSID30510389","CAS_RN: 74067-16-6","ALAFITPQQICBPX-UHFFFAOYSA-N","C7H3F9O3",305.993847936,"COC(=O)C(=O)C(F)(F)C(F)(F)C(F)(F)C(F)(F)F"
"DTXSID50895620","CAS_RN: 153910-98-6","ALAVCOZCLVZGKS-UHFFFAOYSA-N","C11H7F9O",326.035318824,"COc1ccc(C(F)(F)C(F)(F)C(F)(F)C(F)(F)F)cc1"
"DTXSID40895174","CAS_RN: 755-49-7","ALFSYYNBKXKTJH-UHFFFAOYSA-N","C10H14F7I",394.002845988,"CCCCCC(I)CC(F)(F)C(F)(F)C(F)(F)F"
"DTXSID70896210","CAS_RN: 904565-42-0","ALGOLQFPMNZMNC-UHFFFAOYSA-N","C14H8F13NO2",469.034745356,"COc1cccc(NC(=O)C(F)(F)C(F)(F)C(F)(F)C(F)(F)C(F)(F)C(F)(F)F)c1"
"DTXSID90895508","CAS_RN: 81769-47-3","ALGTVIZUVXBBPO-UHFFFAOYSA-N","C6H3F7N2",236.018445636,"FC(F)(F)C(F)(F)C(F)(F)c1ncc[nH]1"
"DTXSID60769489","CAS_RN: 139263-35-7","ALHFMQWTDZUPJX-UHFFFAOYSA-N","C11H7Cl2F7",341.981303124,"FC(F)(F)C(F)(F)C(F)(F)c1cc(CCl)ccc1CCl"
"DTXSID7067033","CAS_RN: 24924-36-5","ALIDKXPAUJUDJU-UHFFFAOYSA-N","C13H10F17NO2S",567.0160793,"C=CCN(CC)S(=O)(=O)C(F)(F)C(F)(F)C(F)(F)C(F)(F)C(F)(F)C(F)(F)C(F)(F)C(F)(F)F"
"DTXSID90897466","CAS_RN: 1178899-27-8","ALLMSMRJFZFUBB-UHFFFAOYSA-N","C12H7BrF9NOS",462.928800924,"CC(=O)N=S(c1ccc(Br)cc1)C(F)(F)C(F)(F)C(F)(F)C(F)(F)F"
"DTXSID00880162","CAS_RN: 684-32-2","ALVFUQVKODCQQB-UHFFFAOYSA-N","C5F10O",265.97894682,"O=C(C(F)(F)C(F)(F)F)C(F)(F)C(F)(F)F"
"DTXSID00192353","CAS_RN: 39108-34-4","ALVYVCQIFHTIRD-UHFFFAOYSA-N","C10H5F17O3S",527.96879476,"O=S(=O)(O)CCC(F)(F)C(F)(F)C(F)(F)C(F)(F)C(F)(F)C(F)(F)C(F)(F)C(F)(F)F"
"",NA,"AMCIQVNAIRYFGE-UHFFFAOYSA-O","C17H22F13N2O3S",581.114355424,"C[N+](C)(CCCNC(=O)CSCCC(F)(F)C(F)(F)C(F)(F)C(F)(F)C(F)(F)C(F)(F)F)CC(=O)O"
"DTXSID50896470","CAS_RN: 862134-28-9","AMDGHCIYCBPNDR-UHFFFAOYSA-N","C26H18F9N3O4",607.115360036,"Cc1cc(C(F)(C(F)(F)F)C(F)(F)F)cc(C)c1NC(=O)c1cccc(N(C)C(=O)c2ccc(F)cc2[N+](=O)[O-])c1F"
"DTXSID60895752","CAS_RN: 13173-36-9","AMFSMDRXAVOFCS-UHFFFAOYSA-N","C10H7F11O2",368.027039884,"C=C(C)C(=O)OCC(F)(F)C(F)(F)C(F)(F)C(F)(F)C(F)(F)F"
"DTXSID40892264",NA,"AMJITZIMZIPWMJ-UHFFFAOYSA-N","C7H2F14O5S",463.939939244,"O=S(=O)(O)C(F)(F)C(F)(F)OC(F)(C(F)(F)F)C(F)(F)OC(F)(F)C(F)F"
"DTXSID60896082","CAS_RN: 1206684-15-2","AMLFDTSTDKGEKX-UHFFFAOYSA-N","C8H8F7NOS",299.021482416,"FC(F)(F)C(F)(F)C(F)(F)C(=S)N1CCOCC1"
"DTXSID501010253",NA,"AMPGCEICHOUYGY-OWOJBTEDSA-N","C6HF9O3",291.978197872,"O=C(O)C(F)(F)OC(F)(F)/C(F)=C(\F)C(F)(F)F"
"DTXSID70896295","CAS_RN: 99324-97-7","AMVCCXPQNKKJDX-UHFFFAOYSA-N","C7H8F7I",351.955895796,"FC(F)(F)C(F)(CCCCI)C(F)(F)F"
"DTXSID70379811","CAS_RN: 400626-83-7","ANARGVKRHRBDMP-UHFFFAOYSA-N","C12F24O2",631.95150652,"FC(F)(F)C(F)(F)C(F)(F)OC1(F)C(F)(F)C(F)(F)C(F)(F)C(F)(OC(F)(F)C(F)(F)C(F)(F)F)C1(F)F"
"DTXSID30701159","CAS_RN: 78560-47-1","ANCJPQMZAFESOZ-UHFFFAOYSA-N","C6H4Cl3F9Si",379.900413678,"FC(F)(F)CCC(F)(F)C(F)(F)C(F)(F)[Si](Cl)(Cl)Cl"
"DTXSID00508475","CAS_RN: 62656-72-8","ANKPHPVKEKGBFK-UHFFFAOYSA-N","C7H7F7O",240.038512384,"CC(C)C(=O)C(F)(C(F)(F)F)C(F)(F)F"
"DTXSID20892444","CAS_RN: 52481-85-3","ANKSFLDOVZNXOJ-UHFFFAOYSA-N","C18HF35O7",993.916340072,"O=C(O)C(F)(OC(F)(F)C(F)(OC(F)(F)C(F)(OC(F)(F)C(F)(OC(F)(F)C(F)(OC(F)(F)C(F)(F)C(F)(F)F)C(F)(F)F)C(F)(F)F)C(F)(F)F)C(F)(F)F)C(F)(F)F"
"DTXSID90880176","CAS_RN: 2106-54-9","ANRGSWRBGXZQLY-UHFFFAOYSA-N","C6HCl3F8O2",361.891438072,"O=C(O)C(F)(F)C(F)(Cl)C(F)(F)C(F)(Cl)C(F)(F)Cl"
"DTXSID7057943","CAS_RN: 119126-15-7","AOQMRUTZEYVDIL-UHFFFAOYSA-N","C19H14ClF5N4O2",460.072544468,"NC(=O)c1nc(-c2ccccc2)n(-c2ccc(Cl)c(COCC(F)(F)C(F)(F)F)c2)n1"
"DTXSID10185115","CAS_RN: 31185-69-0","AORZBMCWTIRHFH-UHFFFAOYSA-N","C8H3F15O2",415.989352636,"OC(O)C(F)(F)C(F)(F)C(F)(F)C(F)(F)C(F)(F)C(F)(F)C(F)(F)F"
"DTXSID10165674","CAS_RN: 927835-01-6","HTKPDYSCAPSXIR-UHFFFAOYSA-N","C11H26N",172.206524832,"CCCCCCCC[N+](C)(C)C"
"DTXSID40880449","CAS_RN: 52026-59-2","APCMQGJPMGNODQ-UHFFFAOYSA-N","C25H26F19NO6SSi",857.094671262,"CCO[Si](CCCNS(=O)(=O)c1ccc(OC(=C(C(F)(F)F)C(C(F)(F)F)(C(F)(F)C(F)(F)F)C(F)(F)C(F)(F)F)C(F)(F)F)cc1)(OCC)OCC"
"",NA,"APNCUEWWJFJVNV-UHFFFAOYSA-N","C40H57F25O14",1236.334912004,"OCCOCCOCCOCCOCCOCCOCCOCCOCCOCCOCCOCCOCCOCCC(F)(F)C(F)(F)C(F)(F)C(F)(F)C(F)(F)C(F)(F)C(F)(F)C(F)(F)C(F)(F)C(F)(F)C(F)(F)C(F)(F)F"
"","CAS_RN: 1262446-14-9","OFTBQTJOEGXRAL-UHFFFAOYSA-N","C12H5F21O4S",643.95732226,"O=S(=O)(O)OCCC(F)(F)C(F)(F)C(F)(F)C(F)(F)C(F)(F)C(F)(F)C(F)(F)C(F)(F)C(F)(F)C(F)(F)F"
"DTXSID50583712","CAS_RN: 892155-14-5","APYSALHUWCFHHV-UHFFFAOYSA-N","C12H9F9OS",372.023039888,"Oc1ccc(SCCC(F)(F)C(F)(F)C(F)(F)C(F)(F)F)cc1"
"DTXSID30893528","CAS_RN: 175354-30-0","AQCCETXOSNSMHS-UHFFFAOYSA-N","C30H17F39Sn",1237.972945824,"FC(F)(F)C(F)(F)C(F)(F)C(F)(F)C(F)(F)C(F)(F)C[CH2][Sn]([CH2]CC(F)(F)C(F)(F)C(F)(F)C(F)(F)C(F)(F)C(F)(F)F)([CH2]CC(F)(F)C(F)(F)C(F)(F)C(F)(F)C(F)(F)C(F)(F)F)[c]1ccccc1"
"DTXSID4067513","CAS_RN: 29809-34-5","AQDHOJSLSYFQND-UHFFFAOYSA-N","C20F41I",1145.83900502,"FC(F)(F)C(F)(F)C(F)(F)C(F)(F)C(F)(F)C(F)(F)C(F)(F)C(F)(F)C(F)(F)C(F)(F)C(F)(F)C(F)(F)C(F)(F)C(F)(F)C(F)(F)C(F)(F)C(F)(F)C(F)(F)C(F)(F)C(F)(F)I"
"DTXSID70881141","CAS_RN: 94200-45-0","ZAAFLQNFGSTNRW-UHFFFAOYSA-N","C11H8F17O5P",573.983789726,"O=P(O)(O)OCC(O)CC(F)(F)C(F)(F)C(F)(F)C(F)(F)C(F)(F)C(F)(F)C(F)(F)C(F)(F)F"
"DTXSID40895331","CAS_RN: 27854-33-7","AQGBOPDJGMNAKJ-UHFFFAOYSA-N","C8H7F9O2",306.030233444,"O=C(O)CCCC(F)(F)C(F)(F)C(F)(F)C(F)(F)F"
"DTXSID10848036","CAS_RN: 90292-33-4","AQGWVKJSVXSZGI-UHFFFAOYSA-N","C10H12F8",284.081126144,"CC(C)(C)CC=C(F)C(F)(F)C(F)(F)C(F)(F)F"
"DTXSID40880146","CAS_RN: 382-26-3","AQHKYFLVHBIQMS-UHFFFAOYSA-N","C5H4F8O",232.013440508,"COC(F)(F)C(C(F)(F)F)C(F)(F)F"
"DTXSID40896484","CAS_RN: 709620-35-9","AQKWQSJDJXDALR-UHFFFAOYSA-N","C13H6F18O4",567.997866632,"C=CC1CC(F)(F)C1(F)OC(F)(F)C(F)(F)OC(F)(F)C(F)(F)OC(F)(F)C(F)(F)OC(F)(F)F"
"DTXSID90892592","CAS_RN: 1513864-10-2","AQNDOJSDPBVJMJ-UHFFFAOYSA-N","C15H18F13NO5S2",603.041881536,"CC(C)(CS(=O)(=O)O)NC(=O)CCS(=O)CCC(F)(F)C(F)(F)C(F)(F)C(F)(F)C(F)(F)C(F)(F)F"
"DTXSID40188997","CAS_RN: 355-49-7","AQPUCGPFMVEJGS-UHFFFAOYSA-N","C16F34",837.94570948,"FC(F)(F)C(F)(F)C(F)(F)C(F)(F)C(F)(F)C(F)(F)C(F)(F)C(F)(F)C(F)(F)C(F)(F)C(F)(F)C(F)(F)C(F)(F)C(F)(F)C(F)(F)C(F)(F)F"
"DTXSID40187142","CAS_RN: 335-64-8","AQQBRCXWZZAFOK-UHFFFAOYSA-N","C8ClF15O",431.9398156,"O=C(Cl)C(F)(F)C(F)(F)C(F)(F)C(F)(F)C(F)(F)C(F)(F)C(F)(F)F"
"DTXSID40861915","CAS_RN: 383-07-3","AQQNNAXBGPWALO-UHFFFAOYSA-N","C17H16F17NO4S",653.052858732,"C=CC(=O)OCCN(CCCC)S(=O)(=O)C(F)(F)C(F)(F)C(F)(F)C(F)(F)C(F)(F)C(F)(F)C(F)(F)C(F)(F)F"
"DTXSID10896693","CAS_RN: 627909-24-4","AQQVULYFDVBMHP-UHFFFAOYSA-N","C10H14F9O3P",384.053684918,"CCOP(=O)(CCC(F)(F)C(F)(F)C(F)(F)C(F)(F)F)OCC"
"DTXSID30881304","CAS_RN: 68158-13-4","AQTLYQKIOQKBFB-UHFFFAOYSA-N","C5F11I",395.88690842,"FC(F)(F)C(F)(F)C(F)(F)C(F)(I)C(F)(F)F"
"DTXSID7062295","CAS_RN: 2263-09-4","AQWROZBAYZBWIH-UHFFFAOYSA-N","C14H14F17NO3S",599.042294048,"CCCCN(CCO)S(=O)(=O)C(F)(F)C(F)(F)C(F)(F)C(F)(F)C(F)(F)C(F)(F)C(F)(F)C(F)(F)F"
"DTXSID80896347","CAS_RN: 1816286-71-1","AQYIGCRIXKCJIK-UHFFFAOYSA-N","C8H3ClF7N",280.984224316,"FC(F)(F)C(F)(c1ccnc(Cl)c1)C(F)(F)F"
"DTXSID4059835","CAS_RN: 338-84-1","AQZYBQIAUSKCCS-UHFFFAOYSA-N","C15F33N",820.95038026,"FC(F)(F)C(F)(F)C(F)(F)C(F)(F)C(F)(F)N(C(F)(F)C(F)(F)C(F)(F)C(F)(F)C(F)(F)F)C(F)(F)C(F)(F)C(F)(F)C(F)(F)C(F)(F)F"
"DTXSID10226012","CAS_RN: 75042-07-8","ARASDBXKTNNGSC-UHFFFAOYSA-N","C20H10F14N2O2",576.05187264,"O=C(Nc1ccc(-c2ccc(NC(=O)C(F)(F)C(F)(F)C(F)(F)F)cc2)cc1)C(F)(F)C(F)(F)C(F)(F)F"
"DTXSID90869668","CAS_RN: NOCAS_869668","ARFGGIRJBPTBPP-UHFFFAOYSA-N","C15H10F7N3O2S2",461.0102661,"O=S(Cc1cc(OCC(F)(F)C(F)(F)C(F)(F)F)ccn1)c1nc2cscc2[nH]1"
"DTXSID60240985","CAS_RN: 93857-51-3","RJFPCNLXFAGIGO-UHFFFAOYSA-N","C15H6F27O4P",793.957257242,"O=P(O)(O)OCCC(F)(F)C(F)(F)C(F)(F)C(F)(F)C(F)(F)C(F)(F)C(F)(F)C(F)(F)C(F)(F)C(F)(F)C(F)(C(F)(F)F)C(F)(F)F"
"",NA,"ARUMSHADURRXBN-UHFFFAOYSA-N","C12HF23O3",629.955842952,"O=C(O)C(F)(F)C(F)(F)C(F)(F)C(F)(F)C(F)(F)C(F)(F)C(F)(F)C(F)(F)C(F)(F)C(F)(F)OC(F)(F)F"
"DTXSID10895348","CAS_RN: 129838-39-7","ARVPOVRKBXQPNT-UHFFFAOYSA-N","C17H14F21I",743.980491068,"CCCCCC(I)CC(F)(F)C(F)(F)C(F)(F)C(F)(F)C(F)(F)C(F)(F)C(F)(F)C(F)(F)C(F)(F)C(F)(F)F"
"",NA,"ARVVMEDXNADRDG-UHFFFAOYSA-N","C36H58F17NO15S",1099.325570896,"CCN(CCOCCOCCOCCOCCOCCOCCOCCOCCOCCOCCOCCOCCO)S(=O)(=O)C(F)(F)C(F)(F)C(F)(F)C(F)(F)C(F)(F)C(F)(F)C(F)(F)C(F)(F)F"
"",NA,"ARVXJZZEKLIKCL-UHFFFAOYSA-N","C22H33F13O8",672.196784876,"OCCOCCOCCOCCOCCOCCOCCOCCC(F)(F)C(F)(F)C(F)(F)C(F)(F)C(F)(F)C(F)(F)F"
"DTXSID9066388","CAS_RN: 18599-20-7","ASHCDEYFCNWSTR-UHFFFAOYSA-N","C4H4Br2F4",285.861587208,"FC(F)(Br)C(F)(F)CCBr"
"",NA,"ASHXBPGBCRLMLE-UHFFFAOYSA-N","C38H57F21O14",1136.341299124,"OCCOCCOCCOCCOCCOCCOCCOCCOCCOCCOCCOCCOCCOCCC(F)(F)C(F)(F)C(F)(F)C(F)(F)C(F)(F)C(F)(F)C(F)(F)C(F)(F)C(F)(F)C(F)(F)F"
"DTXSID00881351","CAS_RN: 34454-99-4","ASJXVGSUYQIIBC-UHFFFAOYSA-N","C6H6F9NO3S",342.992468032,"O=S(=O)(NCCO)C(F)(F)C(F)(F)C(F)(F)C(F)(F)F"
"DTXSID40881113","CAS_RN: 94291-76-6","UWTYLCUAYINOEF-UHFFFAOYSA-N","C36H9F66O4P",1789.918457918,"O=P(O)(OCCC(F)(F)C(F)(F)C(F)(F)C(F)(F)C(F)(F)C(F)(F)C(F)(F)C(F)(F)C(F)(F)C(F)(F)C(F)(F)C(F)(F)C(F)(F)C(F)(F)C(F)(F)C(F)(F)F)OCCC(F)(F)C(F)(F)C(F)(F)C(F)(F)C(F)(F)C(F)(F)C(F)(F)C(F)(F)C(F)(F)C(F)(F)C(F)(F)C(F)(F)C(F)(F)C(F)(F)C(F)(F)C(F)(F)F"
"",NA,"ASTROXKUROKGII-UHFFFAOYSA-O","C13H22F9N2O5S2",521.082642784,"CN(CCC[N+](C)(C)CCCS(=O)(=O)O)S(=O)(=O)C(F)(F)C(F)(F)C(F)(F)C(F)(F)F"
"DTXSID60724351","CAS_RN: 923569-79-3","ASWZKBOTOHYLHW-UHFFFAOYSA-N","C12H8F7NO",315.049411416,"COc1ccc2[nH]c(C(F)(F)C(F)(F)C(F)(F)F)cc2c1"
"DTXSID90278736","CAS_RN: 595-26-6","ATAOWIQUJGHXOL-UHFFFAOYSA-N","C10H5F7O3",306.01269156,"O=C(CC(=O)C(F)(F)C(F)(F)C(F)(F)F)c1ccco1"
"DTXSID40746197","CAS_RN: 1262770-54-6","ATDSDUMFZUDFRA-UHFFFAOYSA-N","C13H8F13NO4",489.024574596,"O=C(CCC(F)(F)C(F)(F)C(F)(F)C(F)(F)C(F)(F)C(F)(F)F)ON1C(=O)CCC1=O"
"DTXSID40663113","CAS_RN: 948014-40-2","ATEOLKSFBUQJLT-UHFFFAOYSA-N","C10H2F16N2O4",517.975908064,"O=C(O)C(F)(F)C(F)(F)N1C(F)(F)C(F)(F)N(C(F)(F)C(F)(F)C(=O)O)C(F)(F)C1(F)F"
"DTXSID90561751","CAS_RN: 335-54-6","ATJMLNAMXAIUCX-UHFFFAOYSA-N","C6H2F11NO",312.996074104,"NC(=O)C(F)(F)C(F)(F)C(F)(F)C(F)(F)C(F)(F)F"
"DTXSID70895748","CAS_RN: 66959-14-6","ATMKLIOVAVUSDM-UHFFFAOYSA-N","C7H3F13O3S",413.959531816,"O=S(=O)(OCC(F)(F)C(F)F)C(F)(F)C(F)(F)C(F)(F)C(F)(F)F"
"",NA,"ATRBTZDPCWXQJC-UHFFFAOYSA-N","C9HF19O4S",565.929215692,"O=S(=O)(O)C(F)(F)C(F)(F)C(F)(F)C(F)(F)C(F)(F)OC(F)(F)C(F)(C(F)(F)F)C(F)(F)F"
"DTXSID80420762","CAS_RN: 83706-97-2","ATYZUVRSTXBJLR-UHFFFAOYSA-N","C9H5F13O",376.01328164,"OCC=CC(F)(F)C(F)(F)C(F)(F)C(F)(F)C(F)(F)C(F)(F)F"
"DTXSID80420762","CAS_RN: 38550-47-9","ATYZUVRSTXBJLR-UHFFFAOYSA-N","C9H5F13O",376.01328164,"OCC=CC(F)(F)C(F)(F)C(F)(F)C(F)(F)C(F)(F)C(F)(F)F"
"DTXSID80420762","CAS_RN: 83707-01-1","ATYZUVRSTXBJLR-UHFFFAOYSA-N","C9H5F13O",376.01328164,"OCC=CC(F)(F)C(F)(F)C(F)(F)C(F)(F)C(F)(F)C(F)(F)F"
"DTXSID20895410","CAS_RN: 52299-24-8","AUBOIAPNLUHLAF-UHFFFAOYSA-N","C4H2F9O3P",299.959784534,"O=P(O)(O)C(F)(F)C(F)(F)C(F)(F)C(F)(F)F"
"DTXSID00880521","CAS_RN: 61097-98-1","AUDGRIDGLXZITI-UHFFFAOYSA-N","C16F30O6",857.92158432,"FC(F)(F)C1(F)OC(F)(OC(F)(C(F)(F)F)C(F)(OC2(F)OC(F)(C(F)(F)F)C(F)(F)OC2(F)C(F)(F)F)C(F)(F)F)C(F)(C(F)(F)F)OC1(F)F"
"DTXSID20660160","CAS_RN: 27617-34-1","AUFAGMAKCNOJNR-UHFFFAOYSA-N","C18H3F35O6",979.937075516,"OCC(F)(OC(F)(F)C(F)(OC(F)(F)C(F)(OC(F)(F)C(F)(OC(F)(F)C(F)(OC(F)(F)C(F)(F)C(F)(F)F)C(F)(F)F)C(F)(F)F)C(F)(F)F)C(F)(F)F)C(F)(F)F"
"DTXSID60895595","CAS_RN: 1300746-85-3","AUJMMOWFPBJGCY-UHFFFAOYSA-N","C9H4F7NO2",291.013025908,"O=[N+]([O-])c1ccc(C(F)(F)C(F)(F)C(F)(F)F)cc1"
"DTXSID10806398","CAS_RN: 62656-67-1","AULFSFAAKNRJFT-UHFFFAOYSA-N","C11H8F7NO2",319.044326036,"O=C(COC(F)(C(F)(F)F)C(F)(F)F)Nc1ccccc1"
"","CAS_RN: 63225-57-0","UWHCRBKABHKUTC-UHFFFAOYSA-N","C10H5F17O4S",543.96370938,"O=S(=O)(O)OCCC(F)(F)C(F)(F)C(F)(F)C(F)(F)C(F)(F)C(F)(F)C(F)(F)C(F)(F)F"
"DTXSID30892354",NA,"AUUAIQGEFIEHRO-UHFFFAOYSA-N","C7HF13O5S",443.933710992,"O=S(=O)(O)C(F)(F)C(F)(F)OC(F)(C(F)(F)F)C(F)(F)OC(F)=C(F)F"
"DTXSID60896062","CAS_RN: 1069085-53-5","AUVJDWOHCOSIOS-UHFFFAOYSA-N","C12H9F7N2",314.065395828,"FC(F)(F)C(F)(F)C(F)(F)C1=NCCN1c1ccccc1"
"DTXSID10893304","CAS_RN: 96288-56-1","AVAVXFBRAQABKB-UHFFFAOYSA-N","C14F26",661.95848372,"FC(=C(F)C(C(F)(F)F)(C(F)(F)F)C(F)(F)F)C(F)(F)C(F)(F)C(F)=C(F)C(C(F)(F)F)(C(F)(F)F)C(F)(F)F"
"DTXSID30850994","CAS_RN: 52512-15-9","AVFHBJSMSJZVFE-UHFFFAOYSA-N","C10H4F7NO4",335.002855148,"O=C(Oc1cccc([N+](=O)[O-])c1)C(F)(F)C(F)(F)C(F)(F)F"
"DTXSID90893408","CAS_RN: 874288-98-9","AVGSPEYUIJBWHJ-UHFFFAOYSA-N","C4Cl2F8O2",301.91476036,"FC(F)(F)OC(F)(F)OC(F)(Cl)C(F)(F)Cl"
"DTXSID30379933","CAS_RN: 125370-60-7","AVKVPTNDWAGIMH-UHFFFAOYSA-N","C12H8F16O2",488.026881016,"FC(F)C(F)(F)C(F)(F)C(F)(F)C(F)(F)C(F)(F)C(F)(F)C(F)(F)COCC1CO1"
"",NA,"AVOCDJCZFLQTCS-UHFFFAOYSA-O","C12H15F11NO2",414.09271414,"C[N+](C)(CCCC(F)(F)C(F)(F)C(F)(F)C(F)(F)C(F)(F)F)CC(=O)O"
"DTXSID60895934","CAS_RN: 70414-16-3","AVOIPCNIYXAITQ-UHFFFAOYSA-N","C13H8F7N",311.054496796,"Cc1cnc(C(F)(F)C(F)(F)C(F)(F)F)c2ccccc12"
"DTXSID00542617","CAS_RN: 64028-04-2","AVSJNFOUJLIQJM-UHFFFAOYSA-N","C8F18O4",501.95091644,"FC(F)(F)OC(F)(F)C(F)(F)OC(F)(F)C(F)(F)OC(F)(F)C(F)(F)OC(F)(F)F"
"",NA,"AVSNYEDFTJDYHQ-UHFFFAOYSA-N","C30H45F17O11",904.269042,"OCCOCCOCCOCCOCCOCCOCCOCCOCCOCCOCCC(F)(F)C(F)(F)C(F)(F)C(F)(F)C(F)(F)C(F)(F)C(F)(F)C(F)(F)F"
"DTXSID60897554","CAS_RN: 426-64-2","AVVCGEANSDZGAS-UHFFFAOYSA-N","C18H20F14O4",566.1138042,"O=C(OCCCCCCCCCCOC(=O)C(F)(F)C(F)(F)C(F)(F)F)C(F)(F)C(F)(F)C(F)(F)F"
"","CAS_RN: 172398-80-0","RIWUZBXYBKWGOT-UHFFFAOYSA-N","C14H6F17NO5S2",654.941594032,"O=S(=O)(O)c1ccc(NS(=O)(=O)C(F)(F)C(F)(F)C(F)(F)C(F)(F)C(F)(F)C(F)(F)C(F)(F)C(F)(F)F)cc1"
"DTXSID1074915","CAS_RN: 51851-37-7","AVYKQOAMZCAHRG-UHFFFAOYSA-N","C14H19F13O3Si",510.089587858,"CCO[Si](CCC(F)(F)C(F)(F)C(F)(F)C(F)(F)C(F)(F)C(F)(F)F)(OCC)OCC"
"DTXSID3074654","CAS_RN: 1892-03-1","AWDCOETZVBNIIV-UHFFFAOYSA-N","C5HF7",193.996647572,"FC1=CC(F)(F)C(F)(F)C1(F)F"
"","CAS_RN: 178094-72-9","MHGNTUMFVTYUDG-UHFFFAOYSA-N","C10H13F11N2O3S",450.047123696,"C[N+](C)([O-])CCCNS(=O)(=O)C(F)(F)C(F)(F)C(F)(F)C(F)(F)C(F)(F)F"
"DTXSID60896446","CAS_RN: 1355554-53-8","AWMKZRNAKWGQAT-UHFFFAOYSA-N","C15H15F7O4S",424.0579275,"CCCCS(=O)(=O)c1c(C(F)(C(F)(F)F)C(F)(F)F)ccc(C(=O)O)c1C"
"DTXSID8075384","CAS_RN: 308-24-7","AWQSRASHARXGAH-UHFFFAOYSA-N","C6HF11",281.990260452,"FC1C(F)(F)C(F)(F)C(F)(F)C(F)(F)C1(F)F"
"DTXSID10382142","CAS_RN: 1561-52-0","AWVOEAIUILBLRE-UHFFFAOYSA-N","C3F7IO",311.88821016,"FC(F)(F)OC(F)(F)C(F)(F)I"
"","CAS_RN: 217805-03-3","AWXKBZBNZBUKHW-UHFFFAOYSA-N","C24H21F27Sn",942.023407312,"FC(F)(F)C(F)(F)C(F)(F)C(F)(F)CCCC(=C[CH]([SnH])CCCC(F)(F)C(F)(F)C(F)(F)C(F)(F)F)CCCC(F)(F)C(F)(F)C(F)(F)C(F)(F)F"
"DTXSID00758852","CAS_RN: 93822-96-9","AXAFCLDTLRJUCL-UHFFFAOYSA-N","C6F11IO",423.88182304,"O=C(C(F)(F)C(F)(F)I)C(F)(C(F)(F)F)C(F)(F)F"
"","CAS_RN: 42942-19-8","DCPYXGMLIRLWSP-GQALSZNTSA-N","C10H11F7O2",296.064727132,"[2H]C([2H])([2H])C(C(=O)C=C(O)C(F)(F)C(F)(F)C(F)(F)F)(C([2H])([2H])[2H])C([2H])([2H])[2H]"
"","CAS_RN: 62949-64-8","AXAYXKXNUQHQFZ-UHFFFAOYSA-N","C7H3F11O",312.000825136,"COC(F)=C(F)C(F)(F)C(F)(F)C(F)(F)C(F)(F)F"
"DTXSID20462500","CAS_RN: 680187-85-3","AXBAJZBYMBZLLS-UHFFFAOYSA-N","C8H3F13OS",393.969702576,"C=CS(=O)C(F)(F)C(F)(F)C(F)(F)C(F)(F)C(F)(F)C(F)(F)F"
"DTXSID90896510","CAS_RN: 183873-56-5","AXCQVYBSRFQQRB-UHFFFAOYSA-N","C11H11F11O3",400.053254632,"CC(C)CCOC(=O)C(F)(OC(F)(F)C(F)(F)C(F)(F)F)C(F)(F)F"
"DTXSID10380022","CAS_RN: 1766-41-2","AXFFGMPNSZVEDX-UHFFFAOYSA-N","C24F50",1237.920161,"FC(F)(F)C(F)(F)C(F)(F)C(F)(F)C(F)(F)C(F)(F)C(F)(F)C(F)(F)C(F)(F)C(F)(F)C(F)(F)C(F)(F)C(F)(F)C(F)(F)C(F)(F)C(F)(F)C(F)(F)C(F)(F)C(F)(F)C(F)(F)C(F)(F)C(F)(F)C(F)(F)C(F)(F)F"
"DTXSID4059833","CAS_RN: 336-08-3","AXRSOGFYDSXLQX-UHFFFAOYSA-N","C6H2F8O4",289.982534304,"O=C(O)C(F)(F)C(F)(F)C(F)(F)C(F)(F)C(=O)O"
"DTXSID4059916","CAS_RN: 630-31-9","YPJUNDFVDDCYIH-UHFFFAOYSA-N","C4HF7O2",213.986476812,"O=C(O)C(F)(F)C(F)(F)C(F)(F)F"
"DTXSID40457135","CAS_RN: 200112-75-0","AXUBYTAXJHIPJO-UHFFFAOYSA-N","C11H6F17I",587.924277932,"FC(F)(F)C(F)(F)C(F)(F)C(F)(F)C(F)(F)C(F)(F)C(F)(F)C(F)(F)CCCI"
"","CAS_RN: 374571-81-0","GJZAMOYERKVOGF-UHFFFAOYSA-N","C8H20N",130.15957464,"CC(C)[N+](C)(C)C(C)C"
"","CAS_RN: 68299-19-4","AYBWYLPJRRPFMD-UHFFFAOYSA-N","C11H8F9NO5S2",468.970018336,"O=S(=O)(O)c1ccccc1CNS(=O)(=O)C(F)(F)C(F)(F)C(F)(F)C(F)(F)F"
"DTXSID0060513","CAS_RN: 598-73-2","AYCANDRGVPTASA-UHFFFAOYSA-N","C2BrF3",159.91354676,"FC(F)=C(F)Br"
"DTXSID40896681","CAS_RN: 424-32-8","AYDXKPOYEKGWOI-UHFFFAOYSA-N","C5F11N",282.98550942,"FC(F)=NC(F)(F)C(F)(F)C(F)(F)C(F)(F)F"
"",NA,"AYGWPJRSUYTWQK-UHFFFAOYSA-N","C26H42F13NO11S",823.227099024,"CCN(CCOCCOCCOCCOCCOCCOCCOCCOCCO)S(=O)(=O)C(F)(F)C(F)(F)C(F)(F)C(F)(F)C(F)(F)C(F)(F)F"
"DTXSID30895481","CAS_RN: 959462-55-6","AYLKNFHWGYCSFD-UHFFFAOYSA-N","C22H12F34",922.039609864,"FC(F)(F)C(F)(F)C(F)(F)C(F)(F)C(F)(F)C(F)(F)C(F)(F)C(F)(F)CCCCCCC(F)(F)C(F)(F)C(F)(F)C(F)(F)C(F)(F)C(F)(F)C(F)(F)C(F)(F)F"
"DTXSID40440941","CAS_RN: 2806-24-8","AYLOUUCBACYHAB-UHFFFAOYSA-N","C10H4F17NO4S",556.958958348,"O=C(O)CNS(=O)(=O)C(F)(F)C(F)(F)C(F)(F)C(F)(F)C(F)(F)C(F)(F)C(F)(F)C(F)(F)F"
"DTXSID60895676","CAS_RN: 26564-96-5","AYPSLICMPFXLQI-UHFFFAOYSA-N","C11H7F13O4",450.013675564,"O=C(O)C(CCC(F)(F)C(F)(F)C(F)(F)C(F)(F)C(F)(F)C(F)(F)F)C(=O)O"
"DTXSID10896279","CAS_RN: 1588522-06-8","AYQOWJCWAQIBSR-UHFFFAOYSA-N","C16H10F9N3O3S",495.02991616,"Cc1nnc2n1-c1ccccc1C(OS(=O)(=O)C(F)(F)C(F)(F)C(F)(F)C(F)(F)F)=CC2"
"DTXSID10895944","CAS_RN: 1207299-71-5","AYVOAECFQMWJCP-UHFFFAOYSA-N","C12H3F9N2",346.015252076,"N#Cc1ccc(C(F)(F)C(F)(F)C(F)(F)C(F)(F)F)cc1C#N"
"DTXSID50895584","CAS_RN: 136022-87-2","AYYYDLPIWJFWNG-UHFFFAOYSA-N","C10H7F13O2",406.023846324,"CCC(C(=O)O)C(F)(F)C(F)(F)C(F)(F)C(F)(F)C(F)(F)C(F)(F)F"
"DTXSID20895970","CAS_RN: 109230-68-4","AZABPWAOUQABLY-UHFFFAOYSA-N","C10H6F7NO3",321.023590592,"O=[N+]([O-])c1ccc(OCC(F)(F)C(F)(F)C(F)(F)F)cc1"
"DTXSID30895623","CAS_RN: 128720-26-3","AZHRXWLCCNPYKN-UHFFFAOYSA-N","C13H7F13",410.034017084,"Cc1ccc(C(F)(F)C(F)(F)C(F)(F)C(F)(F)C(F)(F)C(F)(F)F)cc1"
"DTXSID80892329","CAS_RN: 10116-92-4","AZJIYAIYELWMPL-UHFFFAOYSA-N","C10H6F17NO3S",542.979693792,"O=S(=O)(NCCO)C(F)(F)C(F)(F)C(F)(F)C(F)(F)C(F)(F)C(F)(F)C(F)(F)C(F)(F)F"
"DTXSID40701160","CAS_RN: 102390-98-7","AZOLQBGEMLPHAI-UHFFFAOYSA-N","C12H19F9O3Si",410.095974978,"CCO[Si](OCC)(OCC)C(F)(F)C(F)(F)C(F)(F)CCC(F)(F)F"
"DTXSID20704896","CAS_RN: 511545-94-1","AZSKACXKBRDCBY-UHFFFAOYSA-N","C14H25F5OS",336.15462752,"OCCCCCCCCCSCCCC(F)(F)C(F)(F)F"
"DTXSID50893404","CAS_RN: 543708-46-9","AZUBAGCUMALAFX-UHFFFAOYSA-N","C12H8F7NO",315.049411416,"O=C(N1CCc2ccccc21)C(F)(F)C(F)(F)C(F)(F)F"
"",NA,"AZVVNQQEEGZMJW-UHFFFAOYSA-N","C17H9F25O2S",751.992406028,"O=C(O)CCSCCC(F)(F)C(F)(F)C(F)(F)C(F)(F)C(F)(F)C(F)(F)C(F)(F)C(F)(F)C(F)(F)C(F)(F)C(F)(F)C(F)(F)F"
"","CAS_RN: 1001557-05-6","WGVGZVWOOMIJRK-UHFFFAOYSA-N","C10H20N2",168.16264864,"CCCCCCN1C=CN(C)C1"
"","CAS_RN: 663-24-1","BABBVHCTEIQUCJ-UHFFFAOYSA-N","C4H4F7N3",227.029344668,"N=C(NN)C(F)(F)C(F)(F)C(F)(F)F"
"",NA,"BAFVVEVIGZTCPA-UHFFFAOYSA-N","C15H4F24O3",687.977721268,"O=C(O)COC(F)(F)C(F)(F)C(F)(F)C(F)(F)C(F)(F)C(F)(F)C(F)(F)C(F)(F)C(F)(F)C(F)(F)C(F)=CC(F)(F)F"
"",NA,"BAKAUFCFBXDOIL-UHFFFAOYSA-N","C13H18F11NO5S",509.073004096,"CCN(CCOCCOCCO)S(=O)(=O)C(F)(F)C(F)(F)C(F)(F)C(F)(F)C(F)(F)F"
"","CAS_RN: 165461-74-5","BAMJHUAFKVVCET-UHFFFAOYSA-O","C16H29AgF7O2P",524.084436338,"CC[PH](CC)(CC)[Ag]1[O]C(C(C)(C)C)CC(C(F)(F)C(F)(F)C(F)(F)F)[O]1"
"DTXSID20721508","CAS_RN: 131628-34-7","BARAZKHHMOWWQY-UHFFFAOYSA-N","C7H3F11O",312.000825136,"C=CC(F)(OC(F)(F)C(F)(F)C(F)(F)F)C(F)(F)F"
"DTXSID60873414","CAS_RN: 1158182-60-5","BBDDRBGAFBSXRZ-UHFFFAOYSA-N","C22H9F38O4P",1089.963167758,"O=P(O)(OCCC(F)(F)C(F)(F)C(F)(F)C(F)(F)C(F)(F)C(F)(F)C(F)(F)C(F)(F)F)OCCC(F)(F)C(F)(F)C(F)(F)C(F)(F)C(F)(F)C(F)(F)C(F)(F)C(F)(F)C(F)(F)C(F)(F)F"
"",NA,"BBLFCNLVILKUEU-UHFFFAOYSA-N","C6H6F9O4P",343.985999282,"O=P(O)(O)OCCC(F)(F)C(F)(F)C(F)(F)C(F)(F)F"
"DTXSID80895592","CAS_RN: 137052-16-5","BBSJQRPSLLFZNT-UHFFFAOYSA-N","C11H4F9N",321.020003108,"N#Cc1ccc(C(F)(F)C(F)(F)C(F)(F)C(F)(F)F)cc1"
"DTXSID10896991","CAS_RN: 6780-81-0","BBXKVTNUHGNTHE-UHFFFAOYSA-N","C8H4ClF14O3P",479.936303378,"O=P(Cl)(OCC(F)(F)C(F)(F)C(F)(F)F)OCC(F)(F)C(F)(F)C(F)(F)F"
"DTXSID5060982","CAS_RN: 677-69-0","BBZVTTKMXRPMHZ-UHFFFAOYSA-N","C3F7I",295.89329554,"FC(F)(F)C(F)(I)C(F)(F)F"
"DTXSID9041811","CAS_RN: 115-25-3","BCCOBQSFUDVTJQ-UHFFFAOYSA-N","C4F8",199.98722576,"FC1(F)C(F)(F)C(F)(F)C1(F)F"
"",NA,"BCENPODTOPUPCS-UHFFFAOYSA-N","C23H38F11NO10S",729.204077836,"CCN(CCOCCOCCOCCOCCOCCOCCOCCO)S(=O)(=O)C(F)(F)C(F)(F)C(F)(F)C(F)(F)C(F)(F)F"
"DTXSID80893336","CAS_RN: 118914-94-6","BCIWNNGCWCBYOU-UHFFFAOYSA-N","C14F26",661.95848372,"FC(F)(F)C(C(F)(F)F)(C(F)(F)F)C1(F)C(F)(F)C(F)(F)C(F)(F)C2(F)C(F)(F)C(F)(F)C(F)(F)C(F)(F)C21F"
"DTXSID60862823","CAS_RN: 2062-98-8","BCLQALQSEBVVAD-UHFFFAOYSA-N","C6F12O2",331.97066788,"O=C(F)C(F)(OC(F)(F)C(F)(F)C(F)(F)F)C(F)(F)F"
"","CAS_RN: 1604816-60-5","JWJFBKZNPONKIG-UHFFFAOYSA-N","C8H9F9O3S",356.012869128,"O=S(=O)(O)CCCCC(F)(F)C(F)(F)C(F)(F)C(F)(F)F"
"DTXSID7061982","CAS_RN: 1805-22-7","BCNXQFASJTYKDJ-UHFFFAOYSA-N","C6F12",299.98083864,"FC(F)(F)C1(F)C(F)(F)C(F)(F)C(F)(F)C1(F)F"
"DTXSID90895508","CAS_RN: 31185-53-2","ALGTVIZUVXBBPO-UHFFFAOYSA-N","C6H3F7N2",236.018445636,"FC(F)(F)C(F)(F)C(F)(F)c1ncc[nH]1"
"DTXSID00344572","CAS_RN: 73980-71-9","BCQYNSPESDDJBZ-UHFFFAOYSA-N","C9H3F14NO2",422.994023416,"CN(C(=O)C(F)(F)C(F)(F)C(F)(F)F)C(=O)C(F)(F)C(F)(F)C(F)(F)F"
"DTXSID50381270","CAS_RN: 36915-03-4","BCTGGJURYOEMFV-UHFFFAOYSA-N","C11H11F9O3",362.056448192,"C=C(C)C(=O)OCC(O)CC(F)(F)C(F)(F)C(F)(F)C(F)(F)F"
"",NA,"BCZXDEBYEBQJCV-UHFFFAOYSA-N","C7HF15O",385.978787952,"OC(F)(C(F)(F)C(F)(F)C(F)(F)F)C(F)(C(F)(F)F)C(F)(F)F"
"",NA,"BDBOAAMFDWNWQJ-UHFFFAOYSA-N","C36H49F25O12",1148.282482508,"OCCOCCOCCOCCOCCOCCOCCOCCOCCOCCOCCOCCC(F)(F)C(F)(F)C(F)(F)C(F)(F)C(F)(F)C(F)(F)C(F)(F)C(F)(F)C(F)(F)C(F)(F)C(F)(F)C(F)(F)F"
"",NA,"BDDVKOZJSZCMMM-UHFFFAOYSA-N","C11HF21O3S",611.931107512,"O=S(=O)(O)C(F)(F)C(F)(F)C(F)(F)C(F)(F)C(F)(F)C(F)(F)C(F)(F)C(F)(F)C(F)=C(F)C(F)(F)F"
"DTXSID60897019","CAS_RN: 92982-03-1","BDECUGBELKMLSH-UHFFFAOYSA-N","C10H4F18O6S2",625.916187808,"O=S(=O)(OCCOS(=O)(=O)C(F)(F)C(F)(F)C(F)(F)C(F)(F)F)C(F)(F)C(F)(F)C(F)(F)C(F)(F)F"
"","CAS_RN: 306974-45-8","BDINZLWTVNXLEF-UHFFFAOYSA-N","C19H24F18N2O7S2",798.073751068,"CC(COCCOC(C)COCC(C)NS(=O)(=O)C(F)(F)C(F)(F)C(F)(F)C(F)(F)F)NS(=O)(=O)C(F)(F)C(F)(F)C(F)(F)C(F)(F)F"
"",NA,"BDKPQGHXQQEJBT-UHFFFAOYSA-N","C4HF7O",197.991562192,"OC(F)(F)C(F)=C(F)C(F)(F)F"
"DTXSID80188996","CAS_RN: 355-41-9","BDUCYIFEYLMINO-UHFFFAOYSA-N","C6ClF13",353.94809454,"FC(F)(F)C(F)(F)C(F)(F)C(F)(F)C(F)(F)C(F)(F)Cl"
"DTXSID90328947","CAS_RN: 648-13-5","BDVIKRZPWOTDRP-UHFFFAOYSA-N","C8H3F14N3",407.010342176,"N=C(N=C(N)C(F)(F)C(F)(F)C(F)(F)F)C(F)(F)C(F)(F)C(F)(F)F"
"DTXSID70237967","CAS_RN: 89987-98-4","BEDWVNVYPXSFLZ-UHFFFAOYSA-N","C6ClF13S",385.92016554,"FC(F)(F)C(F)(F)C(F)(F)C(F)(F)C(F)(F)C(F)(F)SCl"
"DTXSID6070510","CAS_RN: 67584-59-2","BEIWUHUHJDEMQO-UHFFFAOYSA-N","C11H12F9NO4S",425.034332844,"C=C(C)C(=O)OCCN(C)S(=O)(=O)C(F)(F)C(F)(F)C(F)(F)C(F)(F)F"
"DTXSID80543001","CAS_RN: 40143-79-1","BELPOXSOCHBAEX-UHFFFAOYSA-N","C16HF34O2P",901.917125382,"O=P(O)(C(F)(F)C(F)(F)C(F)(F)C(F)(F)C(F)(F)C(F)(F)C(F)(F)C(F)(F)F)C(F)(F)C(F)(F)C(F)(F)C(F)(F)C(F)(F)C(F)(F)C(F)(F)C(F)(F)F"
"DTXSID80240841","CAS_RN: 94158-65-3","BEMICOOQLAQVTK-UHFFFAOYSA-N","C23H9F35O2",982.004367228,"C=C(C)C(=O)OCCC(F)(F)C(F)(F)C(F)(F)C(F)(F)C(F)(F)C(F)(F)C(F)(F)C(F)(F)C(F)(F)C(F)(F)C(F)(F)C(F)(F)C(F)(F)C(F)(F)C(F)(C(F)(F)F)C(F)(F)F"
"",NA,"BENAOEVNTVFYFD-UHFFFAOYSA-N","C26H29F25O7",928.151408768,"OCCOCCOCCOCCOCCOCCOCCC(F)(F)C(F)(F)C(F)(F)C(F)(F)C(F)(F)C(F)(F)C(F)(F)C(F)(F)C(F)(F)C(F)(F)C(F)(F)C(F)(F)F"
"DTXSID80382179","CAS_RN: 120695-82-1","BEQLOSVHRBTANS-UHFFFAOYSA-N","C12H12F13I",529.977615244,"CCCCC(I)CC(F)(F)C(F)(F)C(F)(F)C(F)(F)C(F)(F)C(F)(F)F"
"DTXSID00896344","CAS_RN: 82959-21-5","BEVYZLZJBYNEOB-UHFFFAOYSA-N","C11H7F7O",288.038512384,"O=C(CC(F)(C(F)(F)F)C(F)(F)F)c1ccccc1"
"DTXSID1071080","CAS_RN: 68084-62-8","BEYGZFVOTUDDJK-UHFFFAOYSA-N","C13H10F15NO4S",561.0091021,"C=CC(=O)OCCN(C)S(=O)(=O)C(F)(F)C(F)(F)C(F)(F)C(F)(F)C(F)(F)C(F)(F)C(F)(F)F"
"","CAS_RN: 85228-95-1","XBKPBKCMAADGGE-UHFFFAOYSA-N","C18H10F17NO5S",675.00082316,"CN(CC(=O)O)S(=O)(=O)c1ccc(OC(F)=C(F)C(F)(F)C(F)(F)C(F)(F)C(F)(F)C(F)(F)C(F)(F)C(F)(F)F)cc1"
"DTXSID20176059","CAS_RN: 21674-38-4","BFAUAMWYFFXWLX-UHFFFAOYSA-N","C24F45N3",1184.9373669,"FC(F)(F)C(F)(F)C(F)(F)C(F)(F)C(F)(F)C(F)(F)C(F)(F)c1nc(C(F)(F)C(F)(F)C(F)(F)C(F)(F)C(F)(F)C(F)(F)C(F)(F)F)nc(C(F)(F)C(F)(F)C(F)(F)C(F)(F)C(F)(F)C(F)(F)C(F)(F)F)n1"
"DTXSID6021325","CAS_RN: 116-14-3","BFKJFAAPBSQJPD-UHFFFAOYSA-N","C2F4",99.99361288,"FC(F)=C(F)F"
"DTXSID00380798","CAS_RN: 330562-44-2","BFMDZOWJRVLYPB-UHFFFAOYSA-N","C8H6F12O5",410.002361932,"OCC(F)(F)OC(F)(F)C(F)(F)OC(F)(F)C(F)(F)OC(F)(F)CO"
"DTXSID70895940","CAS_RN: 1370345-78-0","BFMMVADDYVCWBU-UHFFFAOYSA-N","C12H13F11O3",414.068904696,"CC(C)C(O)C(F)(F)C(=O)OCCC(F)(F)C(F)(F)C(F)(F)C(F)(F)F"
"","CAS_RN: 356056-15-0","BFRDVGYAJGMBJI-UHFFFAOYSA-N","C16H19F17Si",562.098456878,"CC(C)[SiH](CCC(F)(F)C(F)(F)C(F)(F)C(F)(F)C(F)(F)C(F)(F)C(F)(F)C(F)(F)F)C(C)C"
"DTXSID8069484","CAS_RN: 61660-12-6","BFSVEUJCJYGSKA-UHFFFAOYSA-N","C16H20F17NO5SSi",689.05600001,"CCN(CCC[Si](OC)(OC)OC)S(=O)(=O)C(F)(F)C(F)(F)C(F)(F)C(F)(F)C(F)(F)C(F)(F)C(F)(F)C(F)(F)F"
"DTXSID40756059","CAS_RN: 89932-76-3","BFTJXBHBMFIPTG-UHFFFAOYSA-N","C14H6F17NO3S",590.979693792,"NS(=O)(=O)c1ccc(OC(F)(F)C(F)(F)C(F)(F)C(F)(F)C(F)(F)C(F)(F)C(F)(F)C(F)(F)F)cc1"
"DTXSID801015595",NA,"BFUDGDVNRICWJX-UHFFFAOYSA-N","C9HF21O2S",571.936192892,"O=C(O)C(F)(F)C(F)(F)C(F)(F)C(F)(F)C(F)(F)C(F)(F)C(F)(F)C(F)(F)S(F)(F)(F)(F)F"
"DTXSID70896558","CAS_RN: 1233312-86-1","BFVQLFHMZSYKON-UHFFFAOYSA-N","C23H8F30O8",981.974013816,"COC(=O)c1cc(OC(F)(F)C(F)OC(F)(F)C(F)(F)C(F)(F)F)c(OC(F)(F)C(F)OC(F)(F)C(F)(F)C(F)(F)F)c(OC(F)(F)C(F)OC(F)(F)C(F)(F)C(F)(F)F)c1"
"","CAS_RN: 76848-68-5","RQPOMTOJHAHRCC-UHFFFAOYSA-N","C18H17F13N2O2S",572.080315644,"CCN1c2ccc(S(=O)(=O)C(F)(F)C(F)(F)C(F)(F)C(F)(F)C(F)(F)C(F)(F)F)cc2N(CC)C1C"
"DTXSID30896731","CAS_RN: 113448-90-1","BGKKRNFDWGTOGR-UHFFFAOYSA-N","C21H12F8N2O",460.082188764,"Oc1ccc(N=Nc2ccc(-c3ccc(C(F)(F)C(F)(F)C(F)(F)F)cc3)cc2)c(F)c1"
"",NA,"BGNDRAXQKUSVSW-UHFFFAOYSA-N","C13H2F24O2",645.967156584,"O=C(O)C(F)C(F)(F)C(F)(F)C(F)(F)C(F)(F)C(F)(F)C(F)(F)C(F)(F)C(F)(F)C(F)(F)C(F)(F)C(F)(F)F"
"DTXSID20896361","CAS_RN: 1630969-89-9","BHBBDCWGTJHGCX-UHFFFAOYSA-N","C11H9ClF7N",323.031174508,"CCc1cc(C(F)(C(F)(F)F)C(F)(F)F)cc(Cl)c1N"
"DTXSID5027140","CAS_RN: 307-35-7","BHFJBHMTEDLICO-UHFFFAOYSA-N","C8F18O2S",501.9331582,"O=S(=O)(F)C(F)(F)C(F)(F)C(F)(F)C(F)(F)C(F)(F)C(F)(F)C(F)(F)C(F)(F)F"
"DTXSID30895522","CAS_RN: 755-88-4","BIAQIBMKUAWVNN-UHFFFAOYSA-N","C5H5F7O3S",277.98476256,"CS(=O)(=O)OCC(F)(F)C(F)(F)C(F)(F)F"
"",NA,"BIBWLIFHZGCURQ-UHFFFAOYSA-N","C5HF9O4S",327.945183492,"O=C(F)C(F)(F)C(F)(F)C(F)(F)C(F)(F)S(=O)(=O)O"
"DTXSID60880360","CAS_RN: 1644-10-6","BICFBNRRGCNLMX-UHFFFAOYSA-N","C8F14O4",425.95730356,"O=C(F)C(F)(OC(F)(F)C(F)(F)OC(F)(C(=O)F)C(F)(F)F)C(F)(F)F"
"DTXSID30187297","CAS_RN: 336-19-6","BICOGOBTBGYGFA-UHFFFAOYSA-N","C6Cl2F8",293.92493112,"FC1(F)C(Cl)=C(Cl)C(F)(F)C(F)(F)C1(F)F"
"DTXSID10859667","CAS_RN: 38006-74-5","FGTDPZOJJFPWCB-UHFFFAOYSA-N","C14H16F17N2O2S",599.066103492,"C[N+](C)(C)CCCNS(=O)(=O)C(F)(F)C(F)(F)C(F)(F)C(F)(F)C(F)(F)C(F)(F)C(F)(F)C(F)(F)F"
"",NA,"BINQLFFTHFROTC-UHFFFAOYSA-N","C25H38F15NO10S",829.197690716,"CCN(CCOCCOCCOCCOCCOCCOCCOCCO)S(=O)(=O)C(F)(F)C(F)(F)C(F)(F)C(F)(F)C(F)(F)C(F)(F)C(F)(F)F"
"","CAS_RN: 229957-05-5","BIPJUKYFQIKGRW-UHFFFAOYSA-N","C8H3F9O4",333.988762556,"O=C(O)C=CC(=O)OC(F)(F)C(F)(F)C(F)(F)C(F)(F)F"
"",NA,"BIQOASKSZAEAMP-UHFFFAOYSA-N","C15H22F11NO6S",553.099218844,"CCN(CCOCCOCCOCCO)S(=O)(=O)C(F)(F)C(F)(F)C(F)(F)C(F)(F)C(F)(F)F"
"DTXSID80896721","CAS_RN: 93080-42-3","BJEXEPYIVRVXQT-PRJDIBJQSA-N","C11H14F7NO3",341.086190848,"CCC(C)OC(=O)[C@@H](C)NC(=O)C(F)(F)C(F)(F)C(F)(F)F"
"DTXSID80880120","CAS_RN: 354-97-2","BJHXOADCFUOTIA-UHFFFAOYSA-N","C8F18",437.97125796,"FC(F)(F)C(F)(F)C(F)(C(F)(F)C(F)(F)F)C(F)(C(F)(F)F)C(F)(F)F"
"",NA,"BJLZQHVYBLNTGP-UHFFFAOYSA-N","C14H3F23O4",671.966407636,"O=C(O)C(F)C(F)(F)C(F)(F)C(F)(F)C(F)(F)C(F)(F)C(F)(F)C(F)(F)C(F)(F)C(F)(F)C(F)(F)C(F)(F)C(=O)O"
"","CAS_RN: 1612778-39-8","BJMMKNXYPAYRHL-DEOSSOPVSA-N","C12H8F9NOS",385.018288856,"Cc1ccc(C=N[S@@](=O)C(F)(F)C(F)(F)C(F)(F)C(F)(F)F)cc1"
"DTXSID30893341","CAS_RN: 141074-63-7","BJNCSIWIMCWIMS-UHFFFAOYSA-N","C15HF29O2",763.951347652,"O=C(O)C(F)(F)C(F)(F)C(F)(F)C(F)(F)C(F)(F)C(F)(F)C(F)(F)C(F)(F)C(F)(F)C(F)(F)C(F)(F)C(F)(F)C(F)(F)C(F)(F)F"
"DTXSID00635255","CAS_RN: 821791-47-3","BJNZZIIYZAWKDD-UHFFFAOYSA-N","C10H5F10N",329.02623136,"Nc1ccc(C(F)(F)C(F)(F)C(F)(F)C(F)(F)F)cc1F"
"DTXSID80146031","CAS_RN: 10372-98-2","BJURIXFNPBYZNB-UHFFFAOYSA-N","C5F10O",265.97894682,"FC(F)=C(F)OC(F)(C(F)(F)F)C(F)(F)F"
"DTXSID20896760","CAS_RN: 120695-78-5","BJZGOHYMGKSXBU-UHFFFAOYSA-N","C6F11I",407.88690842,"FC(=C(F)C(F)(C(F)(F)F)C(F)(F)F)C(F)(F)I"
"DTXSID20896760","CAS_RN: 96288-51-6","BJZGOHYMGKSXBU-UHFFFAOYSA-N","C6F11I",407.88690842,"FC(=C(F)C(F)(C(F)(F)F)C(F)(F)F)C(F)(F)I"
"","CAS_RN: 111173-25-2","BSJWZISVMPPTAG-UHFFFAOYSA-N","C4HF7O4S",277.948377052,"O=S(=O)(O)C(F)(F)C(F)(F)OC(F)=C(F)F"
"DTXSID6071374","CAS_RN: 68298-13-5","BKKNDZBSSSAGIB-UHFFFAOYSA-N","C6H4F11NO2S",362.978709788,"CNS(=O)(=O)C(F)(F)C(F)(F)C(F)(F)C(F)(F)C(F)(F)F"
"DTXSID00892326","CAS_RN: 883107-53-7","BKOBFLVYTXYFQZ-UHFFFAOYSA-N","C8H2F12O2",357.986317944,"O=C(O)C=C(F)C(F)(F)C(F)(F)C(F)(F)C(F)(F)C(F)(F)F"
"DTXSID00379884","CAS_RN: 54009-81-3","BKXKCZGEIQKTBI-UHFFFAOYSA-N","C8H5F11O",326.0164752,"FC(F)(F)C(F)(C(F)(F)F)C(F)(F)C(F)(F)CC1CO1"
"DTXSID70880215","CAS_RN: 67963-75-1","CSEBNABAWMZWIF-UHFFFAOYSA-N","C6HF11O3",329.975004312,"O=C(O)C(F)(OC(F)(F)C(F)(F)C(F)(F)F)C(F)(F)F"
"DTXSID30379711","CAS_RN: 261503-81-5","BKZHJOQMNQCFAE-UHFFFAOYSA-N","C5ClF9O3",313.93922552,"O=C(Cl)C(F)(F)OC(F)(F)C(F)(F)OC(F)(F)F"
"DTXSID70720561","CAS_RN: 88951-26-2","BLCCCCKQIIVTLU-UHFFFAOYSA-N","C12H11F11O2",396.058340012,"O=C(O)C1CCC(C(F)(F)C(F)(F)C(F)(F)C(F)(F)C(F)(F)F)CC1"
"DTXSID40437856","CAS_RN: 344580-04-7","BLEHPPKIGGUMEF-UHFFFAOYSA-N","C13H6F20O2",574.004843832,"O=C(CCC(F)(F)C(F)(F)C(F)(F)C(F)(F)C(F)(F)C(F)(F)C(F)(F)C(F)(F)F)OCC(F)(F)F"
"",NA,"BLELVNRUAGACOR-UHFFFAOYSA-N","C17H11F21O2",646.042372212,"C=C(C)CC(=O)OCCC(F)(F)C(F)(F)C(F)(F)C(F)(F)C(F)(F)C(F)(F)C(F)(F)C(F)(F)C(F)(F)C(F)(F)F"
"",NA,"BLNODCPZFKZPNU-UHFFFAOYSA-N","C44H77F13O19",1156.485147104,"OCCOCCOCCOCCOCCOCCOCCOCCOCCOCCOCCOCCOCCOCCOCCOCCOCCOCCOCCC(F)(F)C(F)(F)C(F)(F)C(F)(F)C(F)(F)C(F)(F)F"
"DTXSID3051599","CAS_RN: 1187-93-5","BLTXWCKMNMYXEA-UHFFFAOYSA-N","C3F6O",165.98533394,"FC(F)=C(F)OC(F)(F)F"
"DTXSID50895347","CAS_RN: 129838-38-6","BMCDKBGGDPWONB-UHFFFAOYSA-N","C16H12F21I",729.964841004,"CCCCC(I)CC(F)(F)C(F)(F)C(F)(F)C(F)(F)C(F)(F)C(F)(F)C(F)(F)C(F)(F)C(F)(F)C(F)(F)F"
"DTXSID00758594","CAS_RN: 93339-87-8","BMHLOJFRGFOQEG-UHFFFAOYSA-N","C7H7Br2F7O",397.875186584,"CC(Br)C(O)(CBr)C(F)(F)C(F)(F)C(F)(F)F"
"",NA,"BMIZIQDVFGXCOB-UHFFFAOYSA-N","C15H22F13N2O5S",589.104184664,"C[N+](C)(CCC(CO)NS(=O)(=O)C(F)(F)C(F)(F)C(F)(F)C(F)(F)C(F)(F)C(F)(F)F)CC(O)CO"
"",NA,"BMKMWAWALQURHH-UHFFFAOYSA-N","C3HF5O",147.994755752,"OC(F)=C(F)C(F)(F)F"
"DTXSID10382162","CAS_RN: 141522-69-2","BMPCOBJGKAQEOM-UHFFFAOYSA-N","C17H7F17O2",566.017459204,"O=C(CC(=O)C(F)(F)C(F)(F)C(F)(F)C(F)(F)C(F)(F)C(F)(F)C(F)(F)C(F)(F)F)c1ccccc1"
"DTXSID0069042","CAS_RN: 55716-11-5","BMPMIPFMFUBMNZ-UHFFFAOYSA-N","C6F13NO",348.97723048,"FC(F)(F)C(F)(F)N1C(F)(F)C(F)(F)OC(F)(F)C1(F)F"
"DTXSID60239571","CAS_RN: 93762-11-9","BMUYUEMLIWGNHZ-UHFFFAOYSA-N","C7H8F9NO3S",357.008118096,"CN(CCO)S(=O)(=O)C(F)(F)C(F)(C(F)(F)F)C(F)(F)F"
"DTXSID90893387","CAS_RN: 371771-07-2","BMWUVXGFZUPLIC-UHFFFAOYSA-N","C23H23F7N2O3S",540.131761136,"Cc1cc(C(F)(C(F)(F)F)C(F)(F)F)ccc1NC(=O)c1ccccc1C(=O)NC(C)(C)CS(C)=O"
"","CAS_RN: 88951-19-3","BMXVWOGRMNOISH-IZLXSQMJSA-N","C10H12F7NO",295.080711544,"NC(=O)[C@H]1CC[C@H](C(F)(F)C(F)(F)C(F)(F)F)CC1"
"","CAS_RN: 88951-18-2","BMXVWOGRMNOISH-OLQVQODUSA-N","C10H12F7NO",295.080711544,"NC(=O)[C@H]1CC[C@@H](C(F)(F)C(F)(F)C(F)(F)F)CC1"
"DTXSID60830981","CAS_RN: 88022-46-2","BMZXVEHIABGCAD-UHFFFAOYSA-N","C7H3F9O2",289.998933316,"COC(=O)C(F)=C(F)C(F)(F)C(F)(F)C(F)(F)F"
"DTXSID4059916","CAS_RN: 73755-28-9","YPJUNDFVDDCYIH-UHFFFAOYSA-N","C4HF7O2",213.986476812,"O=C(O)C(F)(F)C(F)(F)C(F)(F)F"
"DTXSID30896377","CAS_RN: 10271-37-1","BNDKPTBGFYPKND-UHFFFAOYSA-N","C12F21N3",584.97568962,"FC(F)(F)C(F)(c1nc(C(F)(C(F)(F)F)C(F)(F)F)nc(C(F)(C(F)(F)F)C(F)(F)F)n1)C(F)(F)F"
"",NA,"BNGVLTVGFRZQEA-OWOJBTEDSA-N","C9HF15O3",441.968617192,"O=C(O)C(F)(F)OC(F)(F)C(F)(F)C(F)(F)C(F)(F)/C(F)=C(\F)C(F)(F)F"
"DTXSID60241210","CAS_RN: 94237-13-5","BNJYLQUDLJSQIH-UHFFFAOYSA-N","C50H55F13O21Si",1266.27975217,"C=CC(=O)OCC(COC(=O)C=C)(COC(=O)C=C)CO[Si](CCC(F)(F)C(F)(F)C(F)(F)C(F)(F)C(F)(F)C(F)(F)F)(OCC(COC(=O)C=C)(COC(=O)C=C)COC(=O)C=C)OCC(COC(=O)C=C)(COC(=O)C=C)COC(=O)C=C"
"DTXSID20895975","CAS_RN: 1422444-58-3","BNKPDMYYQVYLGE-UHFFFAOYSA-N","C12H11F7O3",336.059641752,"COc1cc(OC)c(C(F)(F)C(F)(F)C(F)(F)F)c(OC)c1"
"","CAS_RN: 94237-12-4","BNLPWLDLWVJTKW-UHFFFAOYSA-N","C37H41F13O14Si",984.205799382,"C=CC(=O)OCC(COC[SiH](CCC(F)(F)C(F)(F)C(F)(F)C(F)(F)C(F)(F)C(F)(F)F)OCC(COC(=O)C=C)(COC(=O)C=C)COC(=O)C=C)(COC(=O)C=C)COC(=O)C=C"
"DTXSID20880124","CAS_RN: 309-88-6","BNTFCVMJHBNJAR-UHFFFAOYSA-N","C7H11F6N",223.079568672,"CCN(CC)C(F)(F)C(F)C(F)(F)F"
"DTXSID60513540","CAS_RN: 72714-62-6","BNTZFXLKSXUEBE-UHFFFAOYSA-N","C10H14Cl3F3O2",328.001147388,"COC(=O)CC(C)(C)C(Cl)CC(Cl)(Cl)C(F)(F)F"
"DTXSID2045024","CAS_RN: 98241-25-9","CBXCPBUEXACCNR-UHFFFAOYSA-N","C8H20N",130.15957464,"CC[N+](CC)(CC)CC"
"DTXSID50379713","CAS_RN: 306935-66-0","BODFJDZXURKORU-UHFFFAOYSA-N","C6H2F9NO2",290.994182284,"O=[N+]([O-])C=CC(F)(F)C(F)(F)C(F)(F)C(F)(F)F"
"DTXSID60880168","CAS_RN: 1600-71-1","BOEAEHGVPJBTSP-UHFFFAOYSA-N","C7F15NO",398.97403692,"FC(F)(F)C(F)(N1C(F)(F)C(F)(F)OC(F)(F)C1(F)F)C(F)(F)F"
"",NA,"BOQFNZNZFMLWHG-UHFFFAOYSA-N","C13HF25O3",679.952649392,"O=C(O)C(F)(F)C(F)(F)C(F)(F)C(F)(F)C(F)(F)C(F)(F)C(F)(F)C(F)(F)C(F)(F)C(F)(F)C(F)(F)OC(F)(F)F"
"",NA,"BOWLCVGAHIOPLG-UHFFFAOYSA-N","C50H81F21O20",1400.498587612,"OCCOCCOCCOCCOCCOCCOCCOCCOCCOCCOCCOCCOCCOCCOCCOCCOCCOCCOCCOCCC(F)(F)C(F)(F)C(F)(F)C(F)(F)C(F)(F)C(F)(F)C(F)(F)C(F)(F)C(F)(F)C(F)(F)F"
"DTXSID70897020","CAS_RN: 221466-77-9","BOYMGTNGVSVGAX-UHFFFAOYSA-N","C12H6F17NO",503.017793552,"C=CCNC(=O)C(F)(F)C(F)(F)C(F)(F)C(F)(F)C(F)(F)C(F)(F)C(F)(F)C(F)(F)F"
"DTXSID9059913","CAS_RN: 375-00-8","BOZRBIJGLJJPRF-UHFFFAOYSA-N","C4F7N",194.99189654,"N#CC(F)(F)C(F)(F)C(F)(F)F"
"",NA,"BPAWUUWJZZQNHZ-UHFFFAOYSA-O","C15H22F9N2O3S",481.120742544,"C[N+](C)(CCCNC(=O)CSCCC(F)(F)C(F)(F)C(F)(F)C(F)(F)F)CC(=O)O"
"","CAS_RN: 80909-29-1","MGOWOXJUPIMVLG-UHFFFAOYSA-N","C15H15F19NO",586.08502528,"C[N+](C)(C)CC(O)CC(F)(F)C(F)(F)C(F)(F)C(F)(F)C(F)(F)C(F)(F)C(F)(C(F)(F)F)C(F)(F)F"
"DTXSID60199121","CAS_RN: 51114-12-6","BPGZBMINTWQDOH-UHFFFAOYSA-N","C12H4F14",414.008945208,"FC(F)(F)C(F)(c1ccc(C(F)(C(F)(F)F)C(F)(F)F)cc1)C(F)(F)F"
"DTXSID90872298","CAS_RN: 307-45-9","BPHQIXJDBIHMLT-UHFFFAOYSA-N","C10F22",537.96487084,"FC(F)(F)C(F)(F)C(F)(F)C(F)(F)C(F)(F)C(F)(F)C(F)(F)C(F)(F)C(F)(F)C(F)(F)F"
"DTXSID30895961","CAS_RN: 73602-44-5","BPKHCGPAWIBCPT-UHFFFAOYSA-N","C9H10F9NO",319.06186792,"CCCCNC(=O)C(F)(F)C(F)(F)C(F)(F)C(F)(F)F"
"",NA,"BPKLDJPVABGUPE-UHFFFAOYSA-N","C9HClF18O4S",581.899665152,"O=S(=O)(O)C(F)(F)C(F)(F)OC(F)(F)C(F)(F)C(F)(F)C(F)(F)C(F)(F)C(F)(F)C(F)(F)Cl"
"DTXSID40895235","CAS_RN: 383145-46-8","BPLNYTMJXSFCTM-UHFFFAOYSA-N","C11H13F9",316.087354396,"CCCCCC=CC(F)(F)C(F)(F)C(F)(F)C(F)(F)F"
"DTXSID40475879","CAS_RN: 183547-74-2","BPQUIZZKLVTZOY-UHFFFAOYSA-N","C7H6F9I",387.937052172,"FC(F)(F)C(F)(F)C(F)(F)C(F)(F)CCCI"
"DTXSID00895938","CAS_RN: 158018-93-0","BPUDDBGLNYFQPY-UHFFFAOYSA-N","C7H6F9NO",291.030567792,"CCNC(=O)C(F)(F)C(F)(F)C(F)(F)C(F)(F)F"
"DTXSID50562865","CAS_RN: 18017-22-6","KPBOPOXIOBBZTR-UHFFFAOYSA-N","C8HF15O2",413.973702572,"O=C(O)C(F)(F)C(F)(F)C(F)(F)C(F)(F)C(F)(C(F)(F)F)C(F)(F)F"
"DTXSID10896517","CAS_RN: 145510-88-9","BQAMBTZSSKIMFP-UHFFFAOYSA-N","C12H7F17O4",538.007288444,"CC(C)OC(=O)C(F)(OC(F)(F)C(F)(OC(F)(F)C(F)(F)C(F)(F)F)C(F)(F)F)C(F)(F)F"
"DTXSID9059969","CAS_RN: 422-63-9","BQAOCAJBGDDVSL-UHFFFAOYSA-N","C3H3F5O2",166.005320436,"OC(O)C(F)(F)C(F)(F)F"
"DTXSID3021439","CAS_RN: 75-38-7","BQCIDUSAKPWEOX-UHFFFAOYSA-N","C2H2F2",64.012456504,"C=C(F)F"
"DTXSID20337466","CAS_RN: 2648-47-7","BQFRALWVZATVGY-UHFFFAOYSA-N","C5H2F8O",229.997790444,"O=CC(F)(F)C(F)(F)C(F)(F)C(F)F"
"DTXSID20896462","CAS_RN: 862130-96-9","BQHJNOSKESPACB-UHFFFAOYSA-N","C25H14F12N2O2",602.086366328,"Cc1cc(C(F)(C(F)(F)F)C(F)(F)F)cc(C)c1NC(=O)c1cccc(NC(=O)c2c(F)c(F)c(F)c(F)c2F)c1"
"DTXSID20476364","CAS_RN: 40161-59-9","BQLMQSIVUSOLBF-UHFFFAOYSA-N","C9H4F7I",371.924595668,"FC(F)(F)C(F)(c1ccc(I)cc1)C(F)(F)F"
"DTXSID90895987","CAS_RN: 924894-08-6","BQOLVFQIEAAHQR-UHFFFAOYSA-N","C10H2F20O3S",581.940529324,"O=S(=O)(OCC(F)(F)C(F)(F)C(F)(F)C(F)(F)C(F)(F)F)C(F)(F)C(F)(F)C(F)(F)C(F)(F)F"
"DTXSID70896351","CAS_RN: 1771743-29-3","BQOVJLHKWNTWAG-UHFFFAOYSA-N","C12H9F7O",302.054162448,"Cc1cc(C(F)(C(F)(F)F)C(F)(F)F)cc(C)c1C=O"
"DTXSID40702839","CAS_RN: 96250-49-6","BQXQIBUMNFGIII-UHFFFAOYSA-N","C9H4F12O3",387.996882628,"C=C(F)C(=O)OCC(F)(OC(F)(F)C(F)(F)C(F)(F)F)C(F)(F)F"
"",NA,"BQYGHXUAOMWKDB-UHFFFAOYSA-N","C20H29F13O7",628.170570128,"OCCOCCOCCOCCOCCOCCOCCC(F)(F)C(F)(F)C(F)(F)C(F)(F)C(F)(F)C(F)(F)F"
"DTXSID10896577","CAS_RN: 1882109-67-2","BRACVULZXKBSDR-UHFFFAOYSA-N","C8HF15O2",413.973702572,"O=C(O)C(F)(F)C(C(F)(F)F)(C(F)(F)C(F)(F)F)C(F)(F)C(F)(F)F"
"DTXSID6071663","CAS_RN: 68555-74-8","BRBCKWCOTRPYGH-UHFFFAOYSA-N","C8H8F11NO3S",407.004924536,"CN(CCO)S(=O)(=O)C(F)(F)C(F)(F)C(F)(F)C(F)(F)C(F)(F)F"
"DTXSID00957262","CAS_RN: 35853-55-5","BRBWPXWUHSCFBB-UHFFFAOYSA-N","C33H14F12N4O",710.097599708,"O=C(c1ncccc1-c1cc(C(F)(F)F)nc2c(C(F)(F)F)cccc12)c1ncccc1-c1cc(C(F)(F)F)nc2c(C(F)(F)F)cccc12"
"DTXSID10381978","CAS_RN: 154628-00-9","BREOHRVZEZMFOB-UHFFFAOYSA-N","C20H29F13",516.206167788,"CCCCCCCCCCCCCCC(F)(F)C(F)(F)C(F)(F)C(F)(F)C(F)(F)C(F)(F)F"
"DTXSID60895696","CAS_RN: 188534-35-2","BRGXVFJOTDAMDP-UHFFFAOYSA-N","C7H5F11O3S",377.97837544,"CS(=O)(=O)OCC(F)(F)C(F)(F)C(F)(F)C(F)(F)C(F)(F)F"
"","CAS_RN: 83227-62-7","BRHMFXVXLONVKC-UHFFFAOYSA-N","C6H2F10",263.999682264,"FC(F)(F)C=CC(F)(F)C(F)(F)C(F)(F)F"
"DTXSID50206378","CAS_RN: 57677-99-3","BRIQAVTVXOWEGR-UHFFFAOYSA-N","C28H9F50O4P",1389.944006398,"O=P(O)(OCCC(F)(F)C(F)(F)C(F)(F)C(F)(F)C(F)(F)C(F)(F)C(F)(F)C(F)(F)C(F)(F)C(F)(F)C(F)(F)C(F)(F)F)OCCC(F)(F)C(F)(F)C(F)(F)C(F)(F)C(F)(F)C(F)(F)C(F)(F)C(F)(F)C(F)(F)C(F)(F)C(F)(F)C(F)(F)F"
"DTXSID10895469","CAS_RN: 226909-72-4","BRWBDEIUJSDQGV-UHFFFAOYSA-N","C7H3F13O",349.997631576,"COC(F)(F)C(F)(F)C(F)(F)C(F)(F)C(F)(F)C(F)(F)F"
"DTXSID30895547","CAS_RN: 25474-72-0","BSAGCCKVKXWQSB-UHFFFAOYSA-N","C20H10F30I2",1073.83929292,"FC(F)(F)C(F)(F)C(F)(F)C(F)(F)C(F)(F)C(F)(F)C(F)(F)CC(I)CCC(I)CC(F)(F)C(F)(F)C(F)(F)C(F)(F)C(F)(F)C(F)(F)C(F)(F)F"
"DTXSID30896392","CAS_RN: 55181-17-4","BSFZRIIYIJMZCW-UHFFFAOYSA-N","C8H2F10N2",316.005830264,"Nc1nc(F)c(F)c(C(F)(C(F)(F)F)C(F)(F)F)c1F"
"",NA,"BSGPDZMTBOROCF-UHFFFAOYSA-O","C20H14F28NO2",832.057743848,"C[N+](C)(CCC(F)C(F)(F)C(F)(F)C(F)(F)C(F)(F)C(F)(F)C(F)(F)C(F)(F)C(F)(F)C(F)(F)C(F)(F)C(F)(F)C(F)(F)C(F)(F)F)CC(=O)O"
"DTXSID00895539","CAS_RN: 595-00-6","BSHXXSFAHRWMFQ-UHFFFAOYSA-N","C8H5F11O",326.0164752,"C=COCC(F)(F)C(F)(F)C(F)(F)C(F)(F)C(F)(F)F"
"DTXSID40338632","CAS_RN: 1998-67-0","BSJCNKQSUUXNNN-UHFFFAOYSA-N","C6HF13",319.987066892,"FC(C(F)(F)C(F)(F)F)C(F)(F)C(F)(F)C(F)(F)F"
"DTXSID30880130","CAS_RN: 355-86-2","BSOLVVCARHZLMT-UHFFFAOYSA-N","C15H9F24O4P",739.985522678,"O=P(OCC(F)(F)C(F)(F)C(F)(F)C(F)F)(OCC(F)(F)C(F)(F)C(F)(F)C(F)F)OCC(F)(F)C(F)(F)C(F)(F)C(F)F"
"DTXSID80336475","CAS_RN: 423-56-3","BSXJTDJJVULBTQ-UHFFFAOYSA-N","C9H3F17O",449.991244456,"OCC(F)(F)C(F)(F)C(F)(F)C(F)(F)C(F)(F)C(F)(F)C(F)(F)C(F)(F)F"
"DTXSID70896614","CAS_RN: 80962-91-0","BSYZCTLPTCSJLJ-UHFFFAOYSA-N","C5ClF9O",281.94939628,"FC(F)=C(F)OC(F)(F)C(F)(F)C(F)(F)Cl"
"DTXSID60892600","CAS_RN: 123708-11-2","BSZHCWIIUVTLCY-UHFFFAOYSA-N","C10H7F13O2S",437.995917324,"O=C(O)CSCCC(F)(F)C(F)(F)C(F)(F)C(F)(F)C(F)(F)C(F)(F)F"
"DTXSID00895493","CAS_RN: 108156-21-4","BTGGZMZAVPCGMB-UHFFFAOYSA-N","C5H2ClF7O2",261.963154524,"O=C(Cl)OCC(F)(F)C(F)(F)C(F)(F)F"
"DTXSID80895456","CAS_RN: 464-21-1","BTJWLDDXZYWBNY-UHFFFAOYSA-N","C6H3F11N2",312.012058516,"N=C(N)C(F)(F)C(F)(F)C(F)(F)C(F)(F)C(F)(F)F"
"DTXSID90880237","CAS_RN: 25711-77-7","BTMPGBKXGNLFBU-UHFFFAOYSA-N","C12F16O3",495.95919538,"O=C(F)C(F)(OC(F)(F)C(F)(Oc1c(F)c(F)c(F)c(F)c1F)C(F)(F)F)C(F)(F)F"
"DTXSID70895162","CAS_RN: 377-46-8","BTZKXQHJFPEDEC-UHFFFAOYSA-N","C5H3Br2F7",353.848971836,"FC(F)(F)C(F)(F)C(F)(F)C(Br)CBr"
"","CAS_RN: 55910-10-6","BTZLOWXUIJOJSD-UHFFFAOYSA-N","C13H10F17NO4S",599.00590854,"CCCN(CC(=O)O)S(=O)(=O)C(F)(F)C(F)(F)C(F)(F)C(F)(F)C(F)(F)C(F)(F)C(F)(F)C(F)(F)F"
"DTXSID80896064","CAS_RN: 152682-85-4","BUEDFFYOKTZGSS-UHFFFAOYSA-N","C12H3F17O4",533.975988316,"O=C(O)C=CC(=O)OC(F)(F)C(F)(F)C(F)(F)C(F)(F)C(F)(F)C(F)(F)C(F)(F)C(F)(F)F"
"DTXSID70880134","CAS_RN: 374-40-3","BUGIAHXXBFVPGW-UHFFFAOYSA-N","C4H5F5O",164.02605588,"CC(O)C(F)(F)C(F)(F)F"
"DTXSID7047566","CAS_RN: 355-43-1","BULLJMKUVKYZDJ-UHFFFAOYSA-N","C6F13I",445.88371486,"FC(F)(F)C(F)(F)C(F)(F)C(F)(F)C(F)(F)C(F)(F)I"
"",NA,"BUSJBANWKBNRQW-UHFFFAOYSA-N","C15H22F13N2O4S",573.109270044,"C[N+](C)(CCCNS(=O)(=O)C(F)(F)C(F)(F)C(F)(F)C(F)(F)C(F)(F)C(F)(F)F)CCC(O)CO"
"DTXSID10897544","CAS_RN: 174080-50-3","BUSXJIQRFNBMLP-UHFFFAOYSA-N","C12H6F17NO3",535.007622792,"C=CCNC(=O)C(F)(OC(F)(F)C(F)(OC(F)(F)C(F)(F)C(F)(F)F)C(F)(F)F)C(F)(F)F"
"DTXSID50462159","CAS_RN: 153004-31-0","BVAUHWMMAVAPFK-LSVBPWPTSA-N","C32H47F5O2S",590.321692844,"C[C@]12CC[C@@H]3c4ccc(O)cc4C[C@@H](CCCCCCCCCSCCCC(F)(F)C(F)(F)F)[C@H]3[C@@H]1CC[C@@H]2O"
"DTXSID70895708","CAS_RN: 161261-13-8","BVMQJJKZDLWFDQ-UHFFFAOYSA-N","C10H7F13O2",406.023846324,"CCOC(=O)CC(C(F)(F)F)(C(F)(F)F)C(F)(F)C(F)(F)C(F)(F)F"
"DTXSID80896185","CAS_RN: 305849-13-2","BVOVIJBDEFICAD-UHFFFAOYSA-N","C19H10F21NO2",683.03762118,"O=C(Nc1ccccc1)OCCC(F)(F)C(F)(F)C(F)(F)C(F)(F)C(F)(F)C(F)(F)C(F)(F)C(F)(F)C(F)(F)C(F)(F)F"
"DTXSID60897256","CAS_RN: 133964-60-0","BVPQBJMNLKHJNO-UHFFFAOYSA-N","C14H12F14N2O2",506.067522704,"O=C(NC1CCCCC1NC(=O)C(F)(F)C(F)(F)C(F)(F)F)C(F)(F)C(F)(F)C(F)(F)F"
"DTXSID70881166","CAS_RN: 94159-92-9","BVQDBQFRYDVCDL-UHFFFAOYSA-N","C18H11F19O2",620.045565772,"OC(COc1ccccc1)CC(F)(F)C(F)(F)C(F)(F)C(F)(F)C(F)(F)C(F)(F)C(F)(C(F)(F)F)C(F)(F)F"
"DTXSID70896033","CAS_RN: 6104-22-9","BVQXSASJCAZAJV-UHFFFAOYSA-N","C12H8F17NO",505.033443616,"CC(C)NC(=O)C(F)(F)C(F)(F)C(F)(F)C(F)(F)C(F)(F)C(F)(F)C(F)(F)C(F)(F)F"
"DTXSID80235136","CAS_RN: 85857-16-5","BVQYIDJXNYHKRK-UHFFFAOYSA-N","C11H13F13O3Si",468.042637666,"CO[Si](CCC(F)(F)C(F)(F)C(F)(F)C(F)(F)C(F)(F)C(F)(F)F)(OC)OC"
"DTXSID60896143","CAS_RN: 714975-34-5","BVTBRNKSLKEXBL-UHFFFAOYSA-N","C7H6F7N3O",281.039909352,"COc1nc(C(F)(F)C(F)(F)C(F)(F)F)n(C)n1"
"DTXSID80896261","CAS_RN: 376380-66-4","BVUOXVSHTGNMRR-UHFFFAOYSA-N","C17H9F9O5",464.030627368,"COc1c2occc2c(OC)c2c(=O)cc(C(F)(F)C(F)(F)C(F)(F)C(F)(F)F)oc12"
"","CAS_RN: 77958-18-0","BVWINCKFYGZCTM-UHFFFAOYSA-O","C16H16F17N2O3",607.088947112,"C[N+](C)(CCCNC(=O)C(F)(F)C(F)(F)C(F)(F)C(F)(F)C(F)(F)C(F)(F)C(F)(F)C(F)(F)F)CC(=O)O"
"",NA,"BVWINCKFYGZCTM-UHFFFAOYSA-O","C16H16F17N2O3",607.088947112,"C[N+](C)(CCCNC(=O)C(F)(F)C(F)(F)C(F)(F)C(F)(F)C(F)(F)C(F)(F)C(F)(F)C(F)(F)F)CC(=O)O"
"DTXSID20896225","CAS_RN: 1335496-61-1","BVXZMRRINBBFRU-UHFFFAOYSA-N","C27H38F13NO3Si2",727.218263996,"CC(C)(C)[Si](C)(C)OCc1cc(CO[Si](C)(C)C(C)(C)C)cc(C(=NO)C(F)(F)C(F)(F)C(F)(F)C(F)(F)C(F)(F)C(F)(F)F)c1"
"DTXSID10895646","CAS_RN: 355-90-8","BWCQJJODWLOTSV-UHFFFAOYSA-N","C7H8F7NO3",287.039240656,"CCC(C(O)C(F)(F)C(F)(F)C(F)(F)F)[N+](=O)[O-]"
"DTXSID7070501","CAS_RN: 67584-49-0","BWDDXILIAIZLEX-UHFFFAOYSA-N","C10H6F15NO2S",488.987972732,"C=CCNS(=O)(=O)C(F)(F)C(F)(F)C(F)(F)C(F)(F)C(F)(F)C(F)(F)C(F)(F)F"
"DTXSID20896028","CAS_RN: 188492-56-0","BWEHYGNVCKYQCH-UHFFFAOYSA-N","C13H11F9O3S",418.028519192,"Cc1ccc(S(=O)(=O)OCCC(F)(F)C(F)(F)C(F)(F)C(F)(F)F)cc1"
"DTXSID00896389","CAS_RN: 1355553-97-7","BWHCIIWTBRIJMZ-UHFFFAOYSA-N","C12H9F7O2S",350.021148068,"CSc1c(C(F)(C(F)(F)F)C(F)(F)F)ccc(C(=O)O)c1C"
"DTXSID60603314","CAS_RN: 89004-77-3","BWIUYRXKEFSAJX-UHFFFAOYSA-N","C9H5F11O2",354.01138982,"C=C(C)C(=O)OC(F)(F)C(F)(F)C(F)(F)C(F)(F)C(F)(F)F"
"DTXSID40545622","CAS_RN: 110254-90-5","BWMXVEIMUXVSEX-UHFFFAOYSA-N","C9H7F13O",378.028931704,"OCCCC(C(F)(F)F)(C(F)(F)F)C(F)(F)C(F)(F)C(F)(F)F"
"DTXSID60557803","CAS_RN: 121103-97-7","BWOZUJHCNZSSLZ-UHFFFAOYSA-N","C9H6F7NO",277.033761352,"CC(=O)c1c[nH]cc1C(F)(F)C(F)(F)C(F)(F)F"
"DTXSID70848037","CAS_RN: 90292-32-3","BWRNLAVMSIJMQH-UHFFFAOYSA-N","C10H12F8",284.081126144,"CCCCCC=C(F)C(F)(F)C(F)(F)C(F)(F)F"
"DTXSID80379721","CAS_RN: 2264-01-9","BWTMTZBMAGYMOD-UHFFFAOYSA-N","C12H10F8O4",370.04513456,"C=CC(=O)OCC(F)(F)C(F)(F)C(F)(F)C(F)(F)COC(=O)C=C"
"DTXSID30895542","CAS_RN: 114221-77-1","BWUCWZIHUKQYCT-UHFFFAOYSA-N","C30H12F50",1322.014061384,"FC(F)(F)C(F)(F)C(F)(F)C(F)(F)C(F)(F)C(F)(F)C(F)(F)C(F)(F)C(F)(F)C(F)(F)C(F)(F)C(F)(F)CCCCCCC(F)(F)C(F)(F)C(F)(F)C(F)(F)C(F)(F)C(F)(F)C(F)(F)C(F)(F)C(F)(F)C(F)(F)C(F)(F)C(F)(F)F"
"DTXSID30895502","CAS_RN: 78689-20-0","BXBMJDMXOHONJT-UHFFFAOYSA-N","C7H5F9O2",292.01458338,"O=COCCC(F)(F)C(F)(F)C(F)(F)C(F)(F)F"
"DTXSID2067329","CAS_RN: 27619-90-5","BXLIWKCKMHDVHE-UHFFFAOYSA-N","C10H4ClF17O2S",545.934907788,"O=S(=O)(Cl)CCC(F)(F)C(F)(F)C(F)(F)C(F)(F)C(F)(F)C(F)(F)C(F)(F)C(F)(F)F"
"DTXSID90434613","CAS_RN: 88021-93-6","BXNBTCYTNLTFLJ-UHFFFAOYSA-N","C8H9F7O2",270.049077068,"COC(=O)C(C)CC(F)(F)C(F)(F)C(F)(F)F"
"DTXSID40338657","CAS_RN: 95639-15-9","BYBDWBSXTHRODY-UHFFFAOYSA-N","C9F18O",465.96617258,"O=C(C(F)(C(F)(F)F)C(F)(F)F)C(F)(C(F)(F)F)C(F)(F)C(F)(F)C(F)(F)F"
"DTXSID40895639","CAS_RN: 142010-49-9","BYGOEEHSQCEGHN-UHFFFAOYSA-N","C9H4F13NO",389.008530608,"O=C=NCCC(F)(F)C(F)(F)C(F)(F)C(F)(F)C(F)(F)C(F)(F)F"
"DTXSID9059832","CAS_RN: 335-99-9","BYKNGMLDSIEFFG-UHFFFAOYSA-N","C7H4F12O",332.007053388,"OCC(F)(F)C(F)(F)C(F)(F)C(F)(F)C(F)(F)C(F)F"
"DTXSID00895716","CAS_RN: 317810-57-4","BYLZHFMTBONWJX-UHFFFAOYSA-N","C8H5F7N2",262.0340957,"Nc1ccc(C(F)(F)C(F)(F)C(F)(F)F)nc1"
"DTXSID30379852","CAS_RN: 142502-76-9","BYPGRUVLTPMKIS-UHFFFAOYSA-N","C10H9F13O2",408.039496388,"COC(CC(F)(F)C(F)(F)C(F)(F)C(F)(F)C(F)(F)C(F)(F)F)OC"
"DTXSID00468500","CAS_RN: 865758-36-7","BYTTZNJBGFBIDO-UHFFFAOYSA-N","C31H22ClF17O2",784.103687364,"COc1ccc(C(Cl)(c2ccc(CCC(F)(F)C(F)(F)C(F)(F)C(F)(F)C(F)(F)C(F)(F)C(F)(F)C(F)(F)F)cc2)c2ccc(OC)cc2)cc1"
"DTXSID20896124","CAS_RN: 90791-28-9","BYYHYKYPFROLEU-UHFFFAOYSA-N","C12H10F7NO",317.06506148,"Cc1ccc(NC(=O)C(F)(F)C(F)(F)C(F)(F)F)c(C)c1"
"DTXSID70190947","CAS_RN: 375-34-8","BZBLUUDREZEDDJ-UHFFFAOYSA-N","C4Cl4F6",301.86583004,"FC(F)(F)C(Cl)(Cl)C(Cl)(Cl)C(F)(F)F"
"DTXSID60895494","CAS_RN: 104568-28-7","BZEGSOOPSLUPSS-UHFFFAOYSA-N","C8H9F9OS",324.023039888,"OCCSCCC(F)(F)C(F)(F)C(F)(F)C(F)(F)F"
"DTXSID60524434","CAS_RN: 92914-88-0","BZJOFKMJAVMVQL-UHFFFAOYSA-N","C10H7F15O",428.025738144,"CC(C)(O)C(F)(F)C(F)(F)C(F)(F)C(F)(F)C(F)(F)C(F)(F)C(F)(F)F"
"DTXSID50895741","CAS_RN: 171182-86-8","BZPMRPBNUBBPDV-UHFFFAOYSA-N","C7H4F12O3S",395.968953628,"O=S(=O)(OCCC(F)(F)C(F)(F)C(F)(F)C(F)(F)F)C(F)(F)F"
"DTXSID90837948","CAS_RN: 824393-39-7","BZUBYGPFEBCZQY-UHFFFAOYSA-N","C7H3F11O3",343.990654376,"O=C(O)C(F)(F)COC(F)(F)C(F)(F)C(F)(F)C(F)(F)F"
"DTXSID50895564","CAS_RN: 136909-75-6","BZUFDAKEQILHDE-UHFFFAOYSA-N","C8H9F7O2",270.049077068,"CC(=O)OC(C)CC(F)(F)C(F)(F)C(F)(F)F"
"",NA,"BZWHBGIPWKDCIO-UHFFFAOYSA-N","C26H33F21O8",872.184010636,"OCCOCCOCCOCCOCCOCCOCCOCCC(F)(F)C(F)(F)C(F)(F)C(F)(F)C(F)(F)C(F)(F)C(F)(F)C(F)(F)C(F)(F)C(F)(F)F"
"DTXSID10184729","CAS_RN: 307-87-9","BZYSOYLWVDQYMZ-UHFFFAOYSA-N","C12H5F17O2",504.00180914,"C=CC(=O)OCC(F)(F)C(F)(F)C(F)(F)C(F)(F)C(F)(F)C(F)(F)C(F)(F)C(F)(F)F"
"DTXSID2062747","CAS_RN: 2965-52-8","BZZAKKWGRKFWJJ-UHFFFAOYSA-N","C24H19F34N2O8PS2",1203.977753678,"CCN(CCOP(=O)(O)OCCN(CC)S(=O)(=O)C(F)(F)C(F)(F)C(F)(F)C(F)(F)C(F)(F)C(F)(F)C(F)(F)C(F)(F)F)S(=O)(=O)C(F)(F)C(F)(F)C(F)(F)C(F)(F)C(F)(F)C(F)(F)C(F)(F)C(F)(F)F"
"DTXSID20895197","CAS_RN: 935553-88-1","CAANKOCZJQMYMU-UHFFFAOYSA-N","C7H3F12I",441.908786736,"FC(F)(F)C(I)CC(F)(F)C(F)(F)C(F)(F)C(F)(F)F"
"DTXSID20382072","CAS_RN: 67103-05-3","CAAQNKVBCKOIAP-UHFFFAOYSA-N","C14H3F25",645.983555596,"C=CC(F)(F)C(F)(F)C(F)(F)C(F)(F)C(F)(F)C(F)(F)C(F)(F)C(F)(F)C(F)(F)C(F)(F)C(F)(F)C(F)(F)F"
"DTXSID70896199","CAS_RN: 82633-52-1","CACZUFHSOSHVMU-UHFFFAOYSA-N","C12H6BrF7N2",389.960257832,"FC(F)(F)C(F)(F)C(F)(F)c1n[nH]c(-c2ccccc2)c1Br"
"DTXSID10379779","CAS_RN: 97571-69-2","CAKZCCWLOCDNJK-UHFFFAOYSA-N","C10F20O5",579.9426375,"FC1(F)OC(F)(F)C(F)(F)OC(F)(F)C(F)(F)OC(F)(F)C(F)(F)OC(F)(F)C(F)(F)OC1(F)F"
"",NA,"CASSAIPKJYYJHB-UHFFFAOYSA-N","C9H16F7N2O2S",349.082071292,"C[N+](C)(C)CCCNS(=O)(=O)C(F)(F)C(F)(F)C(F)(F)F"
"DTXSID7067324","CAS_RN: 27607-61-0","CBCLHIUXUOXITK-UHFFFAOYSA-N","C9H4ClF15O2S",495.938101348,"O=S(=O)(Cl)CCC(F)(F)C(F)(F)C(F)(F)C(F)(F)C(F)(F)C(F)(F)C(F)(F)F"
"DTXSID20584837","CAS_RN: 916770-15-5","CBCNBGCPSUHKHN-UHFFFAOYSA-N","C21H12ClF26N3O2",867.020288024,"FC(F)(F)C(F)(F)C(F)(F)C(F)(F)C(F)(F)C(F)(F)CCCOc1nc(Cl)nc(OCCCC(F)(F)C(F)(F)C(F)(F)C(F)(F)C(F)(F)C(F)(F)F)n1"
"",NA,"CBDAYLIOYNIKBY-UHFFFAOYSA-N","C17H22F15NO6S",653.092831724,"CCN(CCOCCOCCOCCO)S(=O)(=O)C(F)(F)C(F)(F)C(F)(F)C(F)(F)C(F)(F)C(F)(F)C(F)(F)F"
"DTXSID90194902","CAS_RN: 42060-64-0","CBDPDNLRQXGUIG-UHFFFAOYSA-N","C4F8O2S",263.949126,"O=S1(=O)C(F)(F)C(F)(F)C(F)(F)C1(F)F"
"DTXSID40189464","CAS_RN: 359-70-6","CBEFDCMSEZEGCX-UHFFFAOYSA-N","C6F15N",370.9791223,"FC(F)(F)C(F)(F)N(C(F)(F)C(F)(F)F)C(F)(F)C(F)(F)F"
"",NA,"CBKDCXTWOFDRGE-UHFFFAOYSA-N","C5HF9O3S",311.950268872,"O=S(=O)(O)C(F)(F)C(F)(F)C(F)=C(F)C(F)(F)F"
"","CAS_RN: 68299-21-8","YHKMNNCWYKKKLZ-UHFFFAOYSA-N","C13H8F13NO5S2",568.963631216,"O=S(=O)(O)c1ccccc1CNS(=O)(=O)C(F)(F)C(F)(F)C(F)(F)C(F)(F)C(F)(F)C(F)(F)F"
"","CAS_RN: 203200-76-4","CBPLYQHOYNDADX-UHFFFAOYSA-N","C14H11F7N2O2",372.070875132,"CC(=CC(=O)C(F)(F)C(F)(F)C(F)(F)F)NNC(=O)c1ccccc1"
"DTXSID40880520","CAS_RN: 61097-96-9","CBUWIAZYOKAVDV-UHFFFAOYSA-N","C17F30O7",885.91649894,"O=C(C(F)(OC1(F)OC(F)(C(F)(F)F)C(F)(F)OC1(F)C(F)(F)F)C(F)(F)F)C(F)(OC1(F)OC(F)(C(F)(F)F)C(F)(F)OC1(F)C(F)(F)F)C(F)(F)F"
"DTXSID20382355","CAS_RN: 885275-56-9","CBZXLVMVIMSMCZ-UHFFFAOYSA-N","C20H19F25O3Si",810.070426498,"CCO[Si](CCC(F)(F)C(F)(F)C(F)(F)C(F)(F)C(F)(F)C(F)(F)C(F)(F)C(F)(F)C(F)(F)C(F)(F)C(F)(F)C(F)(F)F)(OCC)OCC"
"DTXSID50896233","CAS_RN: 1428569-18-9","CCCFGOLUOHAGOK-UHFFFAOYSA-N","C11H11F7N2O2",336.070875132,"CCOC(=O)Cc1cc(C(F)(F)C(F)(F)C(F)(F)F)nn1C"
"DTXSID30391554","CAS_RN: 325459-90-3","CCDZSLNFIBUPNY-UHFFFAOYSA-N","C14H4BrF17",573.922491968,"FC(F)(F)C(F)(F)C(F)(F)C(F)(F)C(F)(F)C(F)(F)C(F)(F)C(F)(F)c1cccc(Br)c1"
"DTXSID1032646","CAS_RN: 4151-50-2","CCEKAJIANROZEO-UHFFFAOYSA-N","C10H6F17NO2S",526.984779172,"CCNS(=O)(=O)C(F)(F)C(F)(F)C(F)(F)C(F)(F)C(F)(F)C(F)(F)C(F)(F)C(F)(F)F"
"DTXSID00512037","CAS_RN: 80791-11-3","CCESBRAIMMCXET-UHFFFAOYSA-N","C16H7F17O2",554.017459204,"COC(=O)c1cccc(C(F)(F)C(F)(F)C(F)(F)C(F)(F)C(F)(F)C(F)(F)C(F)(F)C(F)(F)F)c1"
"DTXSID8071356","CAS_RN: 17202-41-4","MNEXVZFQQPKDHC-UHFFFAOYSA-N","C9HF19O3S",549.934301072,"O=S(=O)(O)C(F)(F)C(F)(F)C(F)(F)C(F)(F)C(F)(F)C(F)(F)C(F)(F)C(F)(F)C(F)(F)F"
"",NA,"CCMUAEHIXDQRMG-UHFFFAOYSA-N","C21H19F25N2OS",822.081889728,"CN(C)CCCNC(=O)CSCCC(F)(F)C(F)(F)C(F)(F)C(F)(F)C(F)(F)C(F)(F)C(F)(F)C(F)(F)C(F)(F)C(F)(F)C(F)(F)C(F)(F)F"
"DTXSID70884511","CAS_RN: 13140-26-6","CCQXLJSVUNLMMK-UHFFFAOYSA-N","C27F54O9",1493.86800546,"O=C(F)C(F)(OC(F)(F)C(F)(OC(F)(F)C(F)(OC(F)(F)C(F)(OC(F)(F)C(F)(OC(F)(F)C(F)(OC(F)(F)C(F)(OC(F)(F)C(F)(OC(F)(F)C(F)(F)C(F)(F)F)C(F)(F)F)C(F)(F)F)C(F)(F)F)C(F)(F)F)C(F)(F)F)C(F)(F)F)C(F)(F)F)C(F)(F)F"
"DTXSID9062934","CAS_RN: 3248-63-3","CCRYUWIVRLYGBO-UHFFFAOYSA-N","C15F31I",895.85497282,"FC(F)(F)C(F)(C(F)(F)F)C(F)(F)C(F)(F)C(F)(F)C(F)(F)C(F)(F)C(F)(F)C(F)(F)C(F)(F)C(F)(F)C(F)(F)C(F)(F)C(F)(F)I"
"DTXSID8059926","CAS_RN: 376-73-8","CCUWGJDGLACFQT-UHFFFAOYSA-N","C5H2F6O4",239.985727864,"O=C(O)C(F)(F)C(F)(F)C(F)(F)C(=O)O"
"DTXSID00188998","CAS_RN: 355-63-5","CDAVUOSPHHTNBU-UHFFFAOYSA-N","C7F14",349.97764508,"FC(F)=C(F)C(F)(F)C(F)(F)C(F)(F)C(F)(F)C(F)(F)F"
"DTXSID30403303","CAS_RN: 342889-38-7","CDBCINRKCMNDNI-UHFFFAOYSA-N","C48H24F51P",1600.080126618,"FC(F)(F)C(F)(F)C(F)(F)C(F)(F)C(F)(F)C(F)(F)C(F)(F)C(F)(F)CCc1cccc(P(c2cccc(CCC(F)(F)C(F)(F)C(F)(F)C(F)(F)C(F)(F)C(F)(F)C(F)(F)C(F)(F)F)c2)c2cccc(CCC(F)(F)C(F)(F)C(F)(F)C(F)(F)C(F)(F)C(F)(F)C(F)(F)C(F)(F)F)c2)c1"
"","CAS_RN: 70983-60-7","CDEMSYIHYQLSHQ-UHFFFAOYSA-N","C10H10F13NOS",439.0275518,"CN(C)CC(O)SC(F)(F)C(F)(F)C(F)(F)C(F)(F)C(F)(F)C(F)(F)F"
"DTXSID20512034","CAS_RN: 65440-93-9","CDMCLELUDINUDU-UHFFFAOYSA-N","C12H5F13",396.01836702,"FC(F)(F)C(F)(F)C(F)(F)C(F)(F)C(F)(F)C(F)(F)c1ccccc1"
"DTXSID3047558","CAS_RN: 2144-53-8","CDXFIRXEAJABAZ-UHFFFAOYSA-N","C12H9F13O2",432.039496388,"C=C(C)C(=O)OCCC(F)(F)C(F)(F)C(F)(F)C(F)(F)C(F)(F)C(F)(F)F"
"",NA,"CDZUVFCZDWZHHN-UHFFFAOYSA-N","C7H5F11O4S",393.97329006,"O=S(=O)(O)C(O)CC(F)(F)C(F)(F)C(F)(F)C(F)(F)C(F)(F)F"
"",NA,"CEGZDKRLHFJHPK-UHFFFAOYSA-O","C16H20F13N2O6S",615.08344922,"C[N+](C)(CCCN(CCC(=O)O)S(=O)(=O)C(F)(F)C(F)(F)C(F)(F)C(F)(F)C(F)(F)C(F)(F)F)CC(=O)O"
"DTXSID00896268","CAS_RN: 546063-97-2","CEOUNYCXGKQTNL-UHFFFAOYSA-N","C16H15F7N2O3",416.09708988,"O=C(N1CCN(Cc2ccc3c(c2)OCO3)CC1)C(F)(F)C(F)(F)C(F)(F)F"
"DTXSID30627108","CAS_RN: 80220-63-9","CETXMCMQEXPPLV-UHFFFAOYSA-N","C10H6F17O3P",527.978310422,"O=P(O)(O)CCC(F)(F)C(F)(F)C(F)(F)C(F)(F)C(F)(F)C(F)(F)C(F)(F)C(F)(F)F"
"DTXSID30379897","CAS_RN: 89076-11-9","CEUQRWZHUUPZGD-UHFFFAOYSA-N","C7H5F11O",314.0164752,"OCCC(F)(F)C(F)(F)C(F)(C(F)(F)F)C(F)(F)F"
"DTXSID30771731","CAS_RN: 144006-68-8","CEXDSECOBNBQNX-UHFFFAOYSA-N","C12H9F7O",302.054162448,"FC(F)(F)C(F)(F)C(F)(F)c1ccc(CC2CO2)cc1"
"DTXSID20873011","CAS_RN: 79780-39-5","CFCRODHVHXGTPC-UHFFFAOYSA-N","C12HF25O3S",699.924720392,"O=S(=O)(O)C(F)(F)C(F)(F)C(F)(F)C(F)(F)C(F)(F)C(F)(F)C(F)(F)C(F)(F)C(F)(F)C(F)(F)C(F)(F)C(F)(F)F"
"","CAS_RN: 68957-55-1","CFFXMGKYQIYDHJ-UHFFFAOYSA-N","C11H16F11N2O2S",449.075684172,"C[N+](C)(C)CCCNS(=O)(=O)C(F)(F)C(F)(F)C(F)(F)C(F)(F)C(F)(F)F"
"DTXSID60527445","CAS_RN: 89807-88-5","CFHMZROKMSLQRX-UHFFFAOYSA-N","C8H9F9O2",308.045883508,"CCOCC(O)C(F)(F)C(F)(F)C(F)(F)C(F)(F)F"
"DTXSID50895423","CAS_RN: 129838-42-2","CFMMYQUNYUCBII-UHFFFAOYSA-N","C21H22F21I",800.043091324,"CCCCCCCCCC(I)CC(F)(F)C(F)(F)C(F)(F)C(F)(F)C(F)(F)C(F)(F)C(F)(F)C(F)(F)C(F)(F)C(F)(F)F"
"DTXSID40379560","CAS_RN: 51502-45-5","CFNCFMKWDPDIPT-UHFFFAOYSA-N","C10H3F17O2",477.986159076,"COC(=O)C(F)(F)C(F)(F)C(F)(F)C(F)(F)C(F)(F)C(F)(F)C(F)(F)C(F)(F)F"
"DTXSID10583713","CAS_RN: 892155-19-0","CFPZGZWDWLUKFW-UHFFFAOYSA-N","C14H9F13OS",472.016652768,"Oc1ccc(SCCC(F)(F)C(F)(F)C(F)(F)C(F)(F)C(F)(F)C(F)(F)F)cc1"
"DTXSID30895345","CAS_RN: 53638-09-8","CFRLBNSVJIEGSV-UHFFFAOYSA-N","C14H4F26",665.989783848,"FC(F)(F)C(F)(F)C(F)(F)C(F)(F)CCC(F)(F)C(F)(F)C(F)(F)C(F)(F)C(F)(F)C(F)(F)C(F)(F)C(F)(F)F"
"DTXSID90370986","CAS_RN: 31164-13-3","CFZPILZXWJKGJJ-UHFFFAOYSA-N","C12H12F9NO",357.077517984,"C=C1CN(C(C)=O)CC1CC(F)(F)C(F)(F)C(F)(F)C(F)(F)F"
"DTXSID90379272","CAS_RN: 244022-64-8","CGCPPBXAEGMASM-UHFFFAOYSA-N","C9H9F7O4",314.038906308,"O=C(O)C(CCCC(F)(F)C(F)(F)C(F)(F)F)C(=O)O"
"DTXSID50895367","CAS_RN: 1417885-93-8","CGERURAEATYZQY-UHFFFAOYSA-N","C9H4F7I",371.924595668,"FC(F)(F)C(F)(F)C(F)(F)c1ccc(I)cc1"
"DTXSID70895329","CAS_RN: 1597-70-2","CGGQUPOCGJBCMK-UHFFFAOYSA-N","C19H22BrF17",652.063342544,"FC(F)(F)C(F)(F)C(F)(F)C(F)(F)C(F)(F)C(F)(F)C(F)(F)C(F)(F)CCCCCCCCCCCBr"
"DTXSID20896487","CAS_RN: 1482416-44-3","CGHGTHHVJHGUNI-UHFFFAOYSA-N","C7BrF15O2",479.88421464,"FC(F)(F)C(F)(F)OC(F)(F)C(F)(OC(F)(F)C(F)(F)Br)C(F)(F)F"
"DTXSID50379576","CAS_RN: 680-05-7","CGMUKBZUGMXXEF-UHFFFAOYSA-N","C5H3F7O2",228.002126876,"COC(=O)C(F)(C(F)(F)F)C(F)(F)F"
"",NA,"CGODWUGSMMVSOB-UHFFFAOYSA-N","C8HCl2F15O3S",531.878393552,"O=S(=O)(O)C(F)(F)C(F)(F)C(F)(F)C(F)(Cl)C(F)(F)C(F)(F)C(F)(Cl)C(F)(F)F"
"","CAS_RN: 80464-74-0","PEWOESYEGLBLNR-UHFFFAOYSA-N","C14H15F7O2",348.09602726,"CC12CCC(C(C(=O)C(F)(F)C(F)(F)C(F)(F)F)C1=O)C2(C)C"
"DTXSID80881157","CAS_RN: 94159-84-9","CGRIOEGIXRPCJU-UHFFFAOYSA-N","C11H7F17O2",494.017459204,"OCC(O)CC(F)(F)C(F)(F)C(F)(F)C(F)(F)C(F)(F)C(F)(F)C(F)(F)C(F)(F)F"
"DTXSID80896504","CAS_RN: 147224-18-8","CGSFDPJUSOBKQT-UHFFFAOYSA-N","C10H9F11O3",386.037604568,"CCCCOC(=O)C(F)(OC(F)(F)C(F)(F)C(F)(F)F)C(F)(F)F"
"DTXSID00896526","CAS_RN: 61098-01-9","CGVSQESGRSXVJM-UHFFFAOYSA-N","C22F46O6",1233.89603584,"FC(F)(F)C(F)(F)C(F)(F)OC(F)(C(F)(F)F)C(F)(F)OC(F)(C(F)(F)F)C(F)(F)OC(F)(C(F)(F)F)C(F)(OC(F)(F)C(F)(OC(F)(F)C(F)(OC(F)(F)C(F)(F)C(F)(F)F)C(F)(F)F)C(F)(F)F)C(F)(F)F"
"DTXSID5072355","CAS_RN: 71463-80-4","CGWCDHWSHVIYSL-UHFFFAOYSA-N","C17H21F17NO5PS",705.060660142,"CCOP(=O)(CCCN(CC)S(=O)(=O)C(F)(F)C(F)(F)C(F)(F)C(F)(F)C(F)(F)C(F)(F)C(F)(F)C(F)(F)F)OCC"
"DTXSID00896480","CAS_RN: 1737-33-3","CHGCVCJWHFBIQY-UHFFFAOYSA-N","C8H3F15O",399.994438016,"FC(F)C(F)(F)C(F)(F)C(F)(F)C(F)(F)C(F)(F)COC(F)(F)F"
"",NA,"CHIKSHGBHSNKQY-UHFFFAOYSA-N","C12HF25O5S",731.914549632,"O=S(=O)(O)C(F)(F)C(F)(F)C(F)(F)C(F)(F)C(F)(F)C(F)(F)C(F)(F)C(F)(F)OC(F)(F)C(F)(F)OC(F)(F)C(F)(F)F"
"","CAS_RN: 75032-81-4","MZTFMYCWSMOEGV-UHFFFAOYSA-N","C13H12F17NO5S2",648.988544224,"CCN(CCCS(=O)(=O)O)S(=O)(=O)C(F)(F)C(F)(F)C(F)(F)C(F)(F)C(F)(F)C(F)(F)C(F)(F)C(F)(F)F"
"",NA,"CHLPJPFPFIAASS-UHFFFAOYSA-N","C14HClF26O2",729.924990672,"O=C(O)C(F)(F)C(F)(F)C(F)(F)C(F)(F)C(F)(F)C(F)(F)C(F)(F)C(F)(F)C(F)(F)C(F)(F)C(F)(F)C(F)(F)C(F)(F)Cl"
"DTXSID20896301","CAS_RN: 378-34-7","CHPJUEBSVFTIRX-UHFFFAOYSA-N","C9H5F7",246.0279477,"FC(F)(F)C(F)(c1ccccc1)C(F)(F)F"
"",NA,"CHSXUTCKDLVDHI-UHFFFAOYSA-N","C11HF23O4S",665.922828572,"O=S(=O)(O)C(F)(F)C(F)(F)C(F)(F)C(F)(F)C(F)(F)C(F)(F)C(F)(F)OC(F)(F)C(F)(C(F)(F)F)C(F)(F)F"
"DTXSID00706191","CAS_RN: 97041-10-6","CHTMEBZUIXBKMA-UHFFFAOYSA-N","C13H9F9",336.056054268,"FC(F)(F)C(F)(F)C(F)(F)C(F)(F)CC=Cc1ccccc1"
"DTXSID001009316","CAS_RN: 34455-21-5","CHXIOPKBQQWFAO-UHFFFAOYSA-O","C17H20F17N2O4S",671.08723286,"C[N+](C)(CCCNS(=O)(=O)CCC(F)(F)C(F)(F)C(F)(F)C(F)(F)C(F)(F)C(F)(F)C(F)(F)C(F)(F)F)CC(=O)O"
"DTXSID001009316",NA,"CHXIOPKBQQWFAO-UHFFFAOYSA-O","C17H20F17N2O4S",671.08723286,"C[N+](C)(CCCNS(=O)(=O)CCC(F)(F)C(F)(F)C(F)(F)C(F)(F)C(F)(F)C(F)(F)C(F)(F)C(F)(F)F)CC(=O)O"
"DTXSID20315906","CAS_RN: 424-54-4","CIAFXLYUEVKNBA-UHFFFAOYSA-N","C8H8F7NO",267.049411416,"O=C(N1CCCC1)C(F)(F)C(F)(F)C(F)(F)F"
"",NA,"CICKOEJRSAKYFC-UHFFFAOYSA-N","C8HF17O4S",515.932409252,"O=S(=O)(O)C(F)(F)C(F)(F)C(F)(F)C(F)(F)C(F)(F)C(F)(F)OC(F)(F)C(F)(F)F"
"DTXSID00892442","CAS_RN: 67118-57-4","OIVQVBDAMYDDEM-UHFFFAOYSA-N","C9HF17O4",495.960338252,"O=C(O)C(F)(OC(F)(F)C(F)(OC(F)(F)C(F)(F)C(F)(F)F)C(F)(F)F)C(F)(F)F"
"","CAS_RN: 94190-73-5","ILRBOVRQJKQVHC-UHFFFAOYSA-N","C26H19F13P",609.101679098,"FC(F)(F)C(F)(F)C(F)(F)C(F)(F)C(F)(F)C(F)(F)CC[P+](c1ccccc1)(c1ccccc1)c1ccccc1"
"",NA,"CIKJPNFMVNXTBQ-UHFFFAOYSA-N","C10H2F20O3S",581.940529324,"O=S(=O)(O)C(F)(F)C(F)(F)C(F)(F)C(F)(F)C(F)(F)C(F)(F)C(F)(F)C(F)(F)C(F)C(F)(F)F"
"DTXSID00892442","CAS_RN: 328065-29-8","OIVQVBDAMYDDEM-UHFFFAOYSA-N","C9HF17O4",495.960338252,"O=C(O)C(F)(OC(F)(F)C(F)(OC(F)(F)C(F)(F)C(F)(F)F)C(F)(F)F)C(F)(F)F"
"","CAS_RN: 118400-71-8","CIZUOSOWGOENRE-UHFFFAOYSA-N","C12H14F12S2",450.034531088,"CC(F)(F)C(F)(F)C(F)(F)CCSSCCC(F)(F)C(F)(F)C(C)(F)F"
"DTXSID60189067","CAS_RN: 356-28-5","CJABYGHRZGXUKQ-UHFFFAOYSA-N","C6H3F7O2",240.002126876,"C=COC(=O)C(F)(F)C(F)(F)C(F)(F)F"
"","CAS_RN: 66008-71-7","IXKVVULTIBZSFS-UHFFFAOYSA-O","C16H22F13N2O4S",585.109270044,"CN(CCC[N+](C)(C)CC(=O)O)S(=O)(=O)CCC(F)(F)C(F)(F)C(F)(F)C(F)(F)C(F)(F)C(F)(F)F"
"DTXSID60882627","CAS_RN: 1190931-41-9","CJAXBZSIMAURNW-UHFFFAOYSA-N","C6HF9O6",339.962941732,"O=C(O)C(F)(F)OC1(F)OC(F)(F)OC1(F)OC(F)(F)F"
"DTXSID8071356","CAS_RN: 98789-57-2","MNEXVZFQQPKDHC-UHFFFAOYSA-N","C9HF19O3S",549.934301072,"O=S(=O)(O)C(F)(F)C(F)(F)C(F)(F)C(F)(F)C(F)(F)C(F)(F)C(F)(F)C(F)(F)C(F)(F)F"
"DTXSID00379566","CAS_RN: 203302-98-1","CJFAZQXPXXDAQR-UHFFFAOYSA-N","C12H3F21O2",577.979771956,"COC(=O)C(F)(F)C(F)(F)C(F)(F)C(F)(F)C(F)(F)C(F)(F)C(F)(F)C(F)(F)C(F)(F)C(F)(F)F"
"DTXSID00893353","CAS_RN: 149868-74-6","CJFKXWNLDPYAPA-UHFFFAOYSA-N","C12H9F17O",492.038194648,"CC(O)CCC(F)(F)C(F)(F)C(F)(F)C(F)(F)C(F)(F)C(F)(F)C(F)(F)C(F)(F)F"
"DTXSID90276353","CAS_RN: 26446-59-3","CJFUEPJVIFJOOU-UHFFFAOYSA-N","C8H7F9O",290.035318824,"FC(F)(F)C(F)(F)C(F)(F)C(F)(F)C1CCCO1"
"DTXSID40881315","CAS_RN: 64910-98-1","CJGYUIJKVJLYKU-UHFFFAOYSA-N","C16H5F19O4S",653.96051582,"O=S(=O)(O)c1ccc(OC(F)(F)C(F)(F)C(F)(F)C(F)(F)C(F)(F)C(F)(F)C(F)(F)C(F)(F)C(F)=C(F)F)cc1"
"DTXSID70895349","CAS_RN: 159623-35-5","CJRZVDYMJZXUDK-UHFFFAOYSA-N","C5BrF9O",325.8988807,"O=C(Br)C(F)(F)C(F)(F)C(F)(F)C(F)(F)F"
"DTXSID7045023","CAS_RN: 124472-68-0","HJHUXWBTVVFLQI-UHFFFAOYSA-N","C13H30N",200.23782496,"CCCC[N+](C)(CCCC)CCCC"
"DTXSID6067331","CAS_RN: 27619-94-9","VIONGDJUYAYOPU-UHFFFAOYSA-N","C8H5F13O3S",427.97518188,"O=S(=O)(O)CCC(F)(F)C(F)(F)C(F)(F)C(F)(F)C(F)(F)C(F)(F)F"
"DTXSID90881087",NA,"CJZVOARZPASTAD-UHFFFAOYSA-N","C8HClF16O3S",515.907944092,"O=S(=O)(O)C(F)(Cl)C(F)(F)C(F)(F)C(F)(F)C(F)(F)C(F)(F)C(F)(F)C(F)(F)F"
"DTXSID30379877","CAS_RN: 20017-49-6","CKGPOWZUEZFLPG-UHFFFAOYSA-N","C10F14",385.97764508,"Fc1c(F)c(C(F)(C(F)(F)F)C(F)(F)F)c(F)c(F)c1C(F)(F)F"
"DTXSID20895455","CAS_RN: 24768-65-8","CKIFXJXKYOEESC-UHFFFAOYSA-N","C18F38",937.93932236,"FC(F)(F)C(F)(F)C(F)(F)C(F)(F)C(F)(F)C(F)(F)C(F)(F)C(F)(F)C(F)(F)C(F)(F)C(F)(F)C(F)(F)C(F)(F)C(F)(F)C(F)(F)C(F)(F)C(F)(F)C(F)(F)F"
"DTXSID80895315","CAS_RN: 125081-35-8","CKPASNHKFRKQAA-UHFFFAOYSA-N","C18H24F13I",614.071515628,"CCCCCCCCCCC(I)CC(F)(F)C(F)(F)C(F)(F)C(F)(F)C(F)(F)C(F)(F)F"
"DTXSID5062760","CAS_RN: 1336-61-4","CKRXVVGETMYFIO-UHFFFAOYSA-N","C12H8F17NO4S",584.990258476,"CCN(CC(=O)O)S(=O)(=O)C(F)(F)C(F)(F)C(F)(F)C(F)(F)C(F)(F)C(F)(F)C(F)(F)C(F)(F)F"
"DTXSID20191242","CAS_RN: 84100-11-8","MPQDGDVBZJSJIA-UHFFFAOYSA-N","C6HF11O3",329.975004312,"O=C(O)C(F)(F)C(F)(F)OC(F)(F)C(F)(F)C(F)(F)F"
"DTXSID70631466","CAS_RN: 151707-03-8","CLBGZIRSQYPYBK-UHFFFAOYSA-N","C24H8F26O",806.015998596,"FC(F)(F)C(F)(F)C(F)(F)C(F)(F)C(F)(F)C(F)(F)c1ccc(Oc2ccc(C(F)(F)C(F)(F)C(F)(F)C(F)(F)C(F)(F)C(F)(F)F)cc2)cc1"
"",NA,"CLETVOIFUYDZSQ-UHFFFAOYSA-N","C6H6F6O2",224.027198752,"O=C(O)C(F)(F)CC(F)(F)CC(F)F"
"DTXSID3068465","CAS_RN: 45115-53-5","CLISWDZSTWQFNX-UHFFFAOYSA-N","C7H7F5O2",218.036620564,"C=C(C)C(=O)OCC(F)(F)C(F)(F)F"
"",NA,"CLLNGGGNJKBERF-UHFFFAOYSA-N","C42H73F13O18",1112.458932356,"OCCOCCOCCOCCOCCOCCOCCOCCOCCOCCOCCOCCOCCOCCOCCOCCOCCOCCC(F)(F)C(F)(F)C(F)(F)C(F)(F)C(F)(F)C(F)(F)F"
"",NA,"CLSJUWFCSPJRFC-UHFFFAOYSA-N","C8H2F14O2",395.983124384,"O=C(O)C(F)C(F)(F)C(F)(F)C(F)(F)C(F)(F)C(F)(F)C(F)(F)F"
"DTXSID80895577","CAS_RN: 118624-66-1","CLTPPAJDTWVGMU-UHFFFAOYSA-N","C17H20ClF13O",522.0995098,"O=C(Cl)CCCCCCCCCCC(F)(F)C(F)(F)C(F)(F)C(F)(F)C(F)(F)C(F)(F)F"
"DTXSID80535320","CAS_RN: 92916-37-5","CLXSAWNWJGANHC-UHFFFAOYSA-N","C8H6F12O2Si",389.994544602,"O=C(OCCC[Si](F)(F)F)C(F)(F)C(F)(F)C(F)(F)C(F)(F)F"
"DTXSID80892960","CAS_RN: 103831-29-4","CMBODFNNJATQMX-UHFFFAOYSA-N","C14H13F17N2O",548.075642776,"CN(C)CCCNC(=O)C(F)(F)C(F)(F)C(F)(F)C(F)(F)C(F)(F)C(F)(F)C(F)(F)C(F)(F)F"
"","CAS_RN: 84166-37-0","TYUHVLFBGXOJSW-UHFFFAOYSA-O","C20H20F23N2O4",789.10558118,"CC[N+](C)(CC)CCCNC(=O)C(F)(OC(F)(F)C(F)(OC(F)(F)C(F)(OC(F)(F)C(F)(F)C(F)(F)F)C(F)(F)F)C(F)(F)F)C(F)(F)F"
"DTXSID40896444","CAS_RN: 1419865-31-8","CMFLJSVAFTYJOM-UHFFFAOYSA-N","C11F12O2",391.97066788,"O=C1OC(F)(C(F)(C(F)(F)F)C(F)(F)F)c2c(F)c(F)c(F)c(F)c21"
"DTXSID80334416","CAS_RN: 336-62-9","CMGCMFZWEPCGSQ-UHFFFAOYSA-N","C8H7F7O3",284.028341624,"CCOC(=O)CC(=O)C(F)(F)C(F)(F)C(F)(F)F"
"DTXSID50206378","CAS_RN: 93776-22-8","BRIQAVTVXOWEGR-UHFFFAOYSA-N","C28H9F50O4P",1389.944006398,"O=P(O)(OCCC(F)(F)C(F)(F)C(F)(F)C(F)(F)C(F)(F)C(F)(F)C(F)(F)C(F)(F)C(F)(F)C(F)(F)C(F)(F)C(F)(F)F)OCCC(F)(F)C(F)(F)C(F)(F)C(F)(F)C(F)(F)C(F)(F)C(F)(F)C(F)(F)C(F)(F)C(F)(F)C(F)(F)C(F)(F)F"
"DTXSID30895305","CAS_RN: 207122-01-8","CMOHQCMNURTYAP-UHFFFAOYSA-N","C17H22F13I",600.055865564,"CCCCCCCCCC(I)CC(F)(F)C(F)(F)C(F)(F)C(F)(F)C(F)(F)C(F)(F)F"
"","CAS_RN: 70887-84-2","CMTAMCYWGPMWNV-UHFFFAOYSA-N","C10H4F16O2",459.995580888,"O=C(O)CC(F)C(F)(F)C(F)(F)C(F)(F)C(F)(F)C(F)(F)C(F)(F)C(F)(F)F"
"DTXSID90893342","CAS_RN: 119141-86-5","CMVCRECMKJTVFK-UHFFFAOYSA-N","C14F26",661.95848372,"FC(F)(F)C(F)(F)C(F)(C(F)(F)F)C1(F)C(F)(F)C(F)(F)C2(F)C(F)(F)C(F)(F)C(F)(F)C(F)(F)C2(F)C1(F)F"
"DTXSID80895678","CAS_RN: 384828-82-4","CMVRDQOLJDTNPX-UHFFFAOYSA-N","C9H9F9O2",320.045883508,"FC(F)(F)C(F)(F)C(F)(F)C(F)(F)CCOCC1CO1"
"DTXSID40895952","CAS_RN: 1228786-80-8","CMWUIULMDIUGCK-UHFFFAOYSA-N","C11H4BrF9O",401.930180828,"O=C(c1ccc(Br)cc1)C(F)(F)C(F)(F)C(F)(F)C(F)(F)F"
"DTXSID40379666","CAS_RN: 53296-64-3","CMXKINNDZCNCEI-UHFFFAOYSA-N","C8H12F7NOSi",299.057638074,"CN(C(=O)C(F)(F)C(F)(F)C(F)(F)F)[Si](C)(C)C"
"DTXSID60896562","CAS_RN: 16005-45-1","CMXKXUHPHNWSIF-UHFFFAOYSA-N","C6F13IO",461.87862948,"FC(F)(F)C(F)(I)C(F)(F)OC(F)(C(F)(F)F)C(F)(F)F"
"DTXSID50896258","CAS_RN: 162441-56-7","CNBJFNYJJAGHOD-UHFFFAOYSA-N","C18H8F7NO3",419.039240656,"O=C1c2ccccc2C(=O)c2c(NC(=O)C(F)(F)C(F)(F)C(F)(F)F)cccc21"
"DTXSID80897096","CAS_RN: 88436-09-3","CNKDXTSGYRCWFY-YFKPBYRVSA-N","C11H12F7NO5",371.060370024,"CCCOC(=O)[C@H](CC(=O)O)NC(=O)C(F)(F)C(F)(F)C(F)(F)F"
"DTXSID20434227","CAS_RN: 143469-51-6","CNLNFEHEUBCQRA-UHFFFAOYSA-N","C7H3F7O2",252.002126876,"O=C1C=CC(C(F)(F)C(F)(F)C(F)(F)F)O1"
"DTXSID90892532","CAS_RN: 88992-46-5","CNMMRRVECJZEIU-UHFFFAOYSA-N","C14H19F13NOS",496.097977088,"C[N+](C)(C)CC(O)CSCCC(F)(F)C(F)(F)C(F)(F)C(F)(F)C(F)(F)C(F)(F)F"
"DTXSID30895380","CAS_RN: 89109-71-7","CNQSTXRQMOWWFI-UHFFFAOYSA-N","C24H25F25",788.1557063,"CCCCCCCCCCCCC(F)(F)C(F)(F)C(F)(F)C(F)(F)C(F)(F)C(F)(F)C(F)(F)C(F)(F)C(F)(F)C(F)(F)C(F)(F)C(F)(F)F"
"",NA,"CNSCOBFDJJVZFM-UHFFFAOYSA-N","C36H61F13O15",980.380288112,"OCCOCCOCCOCCOCCOCCOCCOCCOCCOCCOCCOCCOCCOCCOCCC(F)(F)C(F)(F)C(F)(F)C(F)(F)C(F)(F)C(F)(F)F"
"","CAS_RN: 56184-40-8","CNVIZYKCNXLGGZ-UHFFFAOYSA-N","C10F19I",607.87413418,"FC(I)=C(F)C(F)(F)C(F)(F)C(F)(F)C(F)(F)C(F)(F)C(F)(F)C(F)(F)C(F)(F)F"
"DTXSID20895374","CAS_RN: 677324-20-8","CNVVZDDARHANKR-UHFFFAOYSA-N","C21H25F19",638.16528698,"CCCCCCCCCCCCC(F)(F)C(F)(F)C(F)(F)C(F)(F)C(F)(F)C(F)(F)C(F)(F)C(F)(F)C(F)(F)F"
"DTXSID10895202","CAS_RN: 343627-66-7","CNYBSNUPKFWYHL-UHFFFAOYSA-N","C8H4F14",366.008945208,"FC(F)(F)C(F)(F)CCC(F)(F)C(F)(F)C(F)(F)C(F)(F)F"
"DTXSID80896145","CAS_RN: 32848-21-8","CNYCZTSCFHTQLM-UHFFFAOYSA-N","C10H3Cl2F9O3S",443.903624296,"O=S(=O)(Oc1ccc(Cl)cc1Cl)C(F)(F)C(F)(F)C(F)(F)C(F)(F)F"
"DTXSID1042027","CAS_RN: 422-56-0","COAUHYBSXMIJDK-UHFFFAOYSA-N","C3HCl2F5",201.937546492,"FC(F)(F)C(F)(F)C(Cl)Cl"
"DTXSID00573007","CAS_RN: 38565-62-7","COCSOQXWZIWLBV-UHFFFAOYSA-N","C12H8F17I",601.939927996,"FC(F)(F)C(F)(F)C(F)(F)C(F)(F)C(F)(F)C(F)(F)C(F)(F)C(F)(F)CCCCI"
"DTXSID00895953","CAS_RN: 376-88-5","COCVUMHUMYGVPV-UHFFFAOYSA-N","C9H10F7NO4",329.04980534,"CCOC(=O)CC(C[N+](=O)[O-])C(F)(F)C(F)(F)C(F)(F)F"
"DTXSID60895439","CAS_RN: 116177-48-1","COFYVQNPCJQXFJ-UHFFFAOYSA-N","C27H31F25",830.202656492,"CCCCCCCCCCCCCCCC(F)(F)C(F)(F)C(F)(F)C(F)(F)C(F)(F)C(F)(F)C(F)(F)C(F)(F)C(F)(F)C(F)(F)C(F)(F)C(F)(F)F"
"","CAS_RN: 484023-83-8","JERHEVJCXZZPMS-UHFFFAOYSA-N","C9H12F9NO6S2",464.996233084,"CCN(CC(O)CS(=O)(=O)O)S(=O)(=O)C(F)(F)C(F)(F)C(F)(F)C(F)(F)F"
"DTXSID50188882","CAS_RN: 354-92-7","COQIQRBKEGPRSG-UHFFFAOYSA-N","C4F10",237.9840322,"FC(F)(F)C(F)(C(F)(F)F)C(F)(F)F"
"","CAS_RN: 51249-70-8","COSIKBRYNURQMV-UHFFFAOYSA-N","C18H2F34",863.961359544,"FC(F)(F)C(F)(F)C(F)(F)C(F)(F)C(F)(F)C(F)(F)C(F)(F)C(F)(F)C=CC(F)(F)C(F)(F)C(F)(F)C(F)(F)C(F)(F)C(F)(F)C(F)(F)C(F)(F)F"
"DTXSID90896151","CAS_RN: 714975-28-7","COXLELXARHOAAF-UHFFFAOYSA-N","C7H7F7N4",280.055893764,"CNc1nc(C(F)(F)C(F)(F)C(F)(F)F)n(C)n1"
"DTXSID60175945","CAS_RN: 21581-82-8","CPAQQPJFMVGXBQ-UHFFFAOYSA-N","C5F10",249.9840322,"FC(F)=C(F)C(F)(C(F)(F)F)C(F)(F)F"
"DTXSID40897471","CAS_RN: 862589-19-3","CPDFVKCJQDBKJK-INIZCTEOSA-N","C33H17F34NO",1089.076723644,"OC(c1ccc(C(F)(F)C(F)(F)C(F)(F)C(F)(F)C(F)(F)C(F)(F)C(F)(F)C(F)(F)F)cc1)(c1ccc(C(F)(F)C(F)(F)C(F)(F)C(F)(F)C(F)(F)C(F)(F)C(F)(F)C(F)(F)F)cc1)[C@@H]1CCCN1"
"DTXSID8031865","CAS_RN: 98065-31-7","SNGREZUHAYWORS-UHFFFAOYSA-N","C8HF15O2",413.973702572,"O=C(O)C(F)(F)C(F)(F)C(F)(F)C(F)(F)C(F)(F)C(F)(F)C(F)(F)F"
"DTXSID10880158","CAS_RN: 558-69-0","CPMLSIADGFUFBX-UHFFFAOYSA-N","C7F16",387.97445152,"FC(F)(F)C(F)(F)C(F)(F)C(F)(C(F)(F)F)C(F)(F)C(F)(F)F"
"DTXSID80895739","CAS_RN: 37858-04-1","CPOHLPPQNCULDC-UHFFFAOYSA-N","C12H7F17O2",506.017459204,"CC(=O)OCCC(F)(F)C(F)(F)C(F)(F)C(F)(F)C(F)(F)C(F)(F)C(F)(F)C(F)(F)F"
"DTXSID80879832","CAS_RN: 40143-78-0","CPRNWMZKNOIIML-UHFFFAOYSA-N","C8H2F17O3P",499.947010294,"O=P(O)(O)C(F)(F)C(F)(F)C(F)(F)C(F)(F)C(F)(F)C(F)(F)C(F)(F)C(F)(F)F"
"DTXSID00881154","CAS_RN: 94159-82-7","CPUGKTXAIBCJQS-UHFFFAOYSA-N","C21H19F27N2O",828.106625168,"CN(C)CCCNCC(O)CC(F)(F)C(F)(F)C(F)(F)C(F)(F)C(F)(F)C(F)(F)C(F)(F)C(F)(F)C(F)(F)C(F)(F)C(F)(C(F)(F)F)C(F)(F)F"
"DTXSID50241209","CAS_RN: 94237-11-3","CPXPPNIUDAIOKT-UHFFFAOYSA-N","C24H27F13O7Si",702.131846594,"C=CC(=O)OCC(COC(=O)C=C)(COC(=O)C=C)CO[Si](C)(C)CCC(F)(F)C(F)(F)C(F)(F)C(F)(F)C(F)(F)C(F)(F)F"
"",NA,"CQCLWHUKRWZERH-UHFFFAOYSA-O","C16H24F13N2O7S2",667.081734968,"C[N+](C)(CCCN(CCO)S(=O)(=O)C(F)(F)C(F)(F)C(F)(F)C(F)(F)C(F)(F)C(F)(F)F)CC(O)CS(=O)(=O)O"
"",NA,"CQIIYWMFQDMPDK-UHFFFAOYSA-N","C7HF9O2",287.983283252,"O=C(O)C(F)(F)C(F)(F)C(F)=C(F)C(F)=C(F)F"
"DTXSID3031860","CAS_RN: 3108-42-7","PCIUEQPBYFRTEM-UHFFFAOYSA-N","C10HF19O2",513.967315452,"O=C(O)C(F)(F)C(F)(F)C(F)(F)C(F)(F)C(F)(F)C(F)(F)C(F)(F)C(F)(F)C(F)(F)F"
"DTXSID10895621","CAS_RN: 560-01-0","CQNVNDNWIKZAAI-UHFFFAOYSA-N","C12H17F7O2",326.111677324,"CCCCCCC(C)OC(=O)C(F)(F)C(F)(F)C(F)(F)F"
"DTXSID10896456","CAS_RN: 862130-69-6","CQOOKANOPDEYCK-UHFFFAOYSA-N","C25H17Cl2F7N2O2",580.055530684,"Cc1cc(C(F)(C(F)(F)F)C(F)(F)F)cc(C)c1NC(=O)c1cccc(NC(=O)c2ccc(Cl)cc2Cl)c1"
"DTXSID60583425","CAS_RN: 356055-77-1","CQOQAOKSHAECHG-UHFFFAOYSA-N","C17H11F17O",554.053844712,"OCc1ccc(CCC(F)(F)C(F)(F)C(F)(F)C(F)(F)C(F)(F)C(F)(F)C(F)(F)C(F)(F)F)cc1"
"DTXSID30896594",NA,"CQORQFOHIKVJET-UHFFFAOYSA-N","C14HF30O2P",801.923512502,"O=P(O)(C(F)(F)C(F)(F)C(F)(F)C(F)(F)C(F)(F)C(F)(F)F)C(F)(F)C(F)(F)C(F)(F)C(F)(F)C(F)(F)C(F)(F)C(F)(F)C(F)(F)F"
"",NA,"CQSCGACVKBDGKN-UHFFFAOYSA-O","C20H22F21N2OS",737.111751944,"C[N+](C)(C)CCCNC(=O)CSCCC(F)(F)C(F)(F)C(F)(F)C(F)(F)C(F)(F)C(F)(F)C(F)(F)C(F)(F)C(F)(F)C(F)(F)F"
"DTXSID60895717","CAS_RN: 1456734-51-2","CQWOJQNNKNQDJW-UHFFFAOYSA-N","C10H7F11O3",384.021954504,"COC(=O)CCC(=O)C(F)(F)C(F)(F)C(F)(F)C(F)(F)C(F)(F)F"
"DTXSID2066064","CAS_RN: 16486-96-7","CQXLVCXAWBBSDD-UHFFFAOYSA-N","C13HF25O2",663.957734772,"O=C(O)C(F)(F)C(F)(F)C(F)(F)C(F)(F)C(F)(F)C(F)(F)C(F)(F)C(F)(F)C(F)(F)C(F)(C(F)(F)F)C(F)(F)F"
"","CAS_RN: 35709-15-0","CQYGHSAZXARHMT-UHFFFAOYSA-N","C16H2F30",763.967746664,"FC(F)(F)C(F)(F)C(F)(F)C(F)(F)C(F)(F)C(F)(F)C(F)(F)C=CC(F)(F)C(F)(F)C(F)(F)C(F)(F)C(F)(F)C(F)(F)C(F)(F)F"
"DTXSID9070826","CAS_RN: 67906-38-1","CRGIYPZDEQHQFH-UHFFFAOYSA-N","C16H16F15NO4S",603.056052292,"C=C(C)C(=O)OCCCCN(C)S(=O)(=O)C(F)(F)C(F)(F)C(F)(F)C(F)(F)C(F)(F)C(F)(F)C(F)(F)F"
"DTXSID40893519","CAS_RN: 1034681-41-8","CROPQCLMPPCGNC-UHFFFAOYSA-N","C14H13F13O6Si",552.027381526,"CC(=O)O[Si](CCC(F)(F)C(F)(F)C(F)(F)C(F)(F)C(F)(F)C(F)(F)F)(OC(C)=O)OC(C)=O"
"DTXSID70893360","CAS_RN: 160228-75-1","CRPLTJCWHFIZTI-UHFFFAOYSA-N","C5F13NO",336.97723048,"FC(F)(F)OC(F)(F)C(F)(F)N(C(F)(F)F)C(F)(F)F"
"DTXSID60681091","CAS_RN: 62512-90-7","CRUUUYCRBZBYNA-UHFFFAOYSA-N","C36H12F39O3P",1263.990131454,"FC(F)(F)C(F)(F)C(F)(F)OC(F)(C(F)(F)F)C(F)(F)c1ccc(P(c2ccc(C(F)(F)C(F)(OC(F)(F)C(F)(F)C(F)(F)F)C(F)(F)F)cc2)c2ccc(C(F)(F)C(F)(OC(F)(F)C(F)(F)C(F)(F)F)C(F)(F)F)cc2)cc1"
"DTXSID40895710","CAS_RN: 70414-12-9","CRZJFNOYZUCWPJ-UHFFFAOYSA-N","C12H6F7N",297.038846732,"FC(F)(F)C(F)(F)C(F)(F)c1nccc2ccccc12"
"DTXSID60896582","CAS_RN: 1882109-72-9","CSDNZCNEOLXCQF-UHFFFAOYSA-N","C8HF15O2",413.973702572,"O=C(O)C(F)(C(F)(F)F)C(F)(C(F)(F)F)C(F)(C(F)(F)F)C(F)(F)F"
"DTXSID80449453","CAS_RN: 80791-09-9","CSDRFIOFQKNRSL-UHFFFAOYSA-N","C16H10F17N",539.05417906,"CN(C)c1ccc(C(F)(F)C(F)(F)C(F)(F)C(F)(F)C(F)(F)C(F)(F)C(F)(F)C(F)(F)F)cc1"
"DTXSID70880215","CAS_RN: 13252-13-6","CSEBNABAWMZWIF-UHFFFAOYSA-N","C6HF11O3",329.975004312,"O=C(O)C(F)(OC(F)(F)C(F)(F)C(F)(F)F)C(F)(F)F"
"DTXSID90895664","CAS_RN: 106877-15-0","CSEXLCUTMMBMDZ-UHFFFAOYSA-N","C12H5F13O",412.01328164,"Oc1ccc(C(F)(F)C(F)(F)C(F)(F)C(F)(F)C(F)(F)C(F)(F)F)cc1"
"DTXSID70399897","CAS_RN: 52112-19-3","CSSFUEGQVWQFKG-UHFFFAOYSA-N","C11H9F17Si",492.020206558,"C[Si](C)(C)C(F)(F)C(F)(F)C(F)(F)C(F)(F)C(F)(F)C(F)(F)C(F)(F)C(F)(F)F"
"",NA,"CTCVZYAGLGZONY-UHFFFAOYSA-O","C11H18F7N2O4S",407.087550596,"C[N+](C)(CCCNS(=O)(=O)C(F)(F)C(F)(F)C(F)(F)F)CCC(=O)O"
"DTXSID80189069","CAS_RN: 356-69-4","CTFPDAPIMZVSSO-UHFFFAOYSA-N","C5H3F7O3",243.997041496,"COC(=O)C(F)(F)C(F)(F)OC(F)(F)F"
"DTXSID40879833","CAS_RN: 52299-26-0","CTGNCBOZEMOASL-UHFFFAOYSA-N","C10H2F21O3P",599.940623174,"O=P(O)(O)C(F)(F)C(F)(F)C(F)(F)C(F)(F)C(F)(F)C(F)(F)C(F)(F)C(F)(F)C(F)(F)C(F)(F)F"
"DTXSID6071902","CAS_RN: 68957-53-9","CTKLJYAZSQZYAO-UHFFFAOYSA-N","C12H12F13NO4S",513.027945724,"CCOC(=O)CN(CC)S(=O)(=O)C(F)(F)C(F)(F)C(F)(F)C(F)(F)C(F)(F)C(F)(F)F"
"DTXSID90881168","CAS_RN: 94200-42-7","CTRZOOKWLBIDKA-UHFFFAOYSA-N","C15H8F25O5P",773.971015486,"O=P(O)(O)OCC(O)CC(F)(F)C(F)(F)C(F)(F)C(F)(F)C(F)(F)C(F)(F)C(F)(F)C(F)(F)C(F)(F)C(F)(F)C(F)(F)C(F)(F)F"
"DTXSID60893354","CAS_RN: 153273-32-6","CTUHKFIIVLKIOR-UHFFFAOYSA-N","C8F18",437.97125796,"FC(F)(F)C(F)(F)C(F)(F)C(F)(F)C(F)(F)C(F)(C(F)(F)F)C(F)(F)F"
"DTXSID70896093","CAS_RN: 378215-44-2","CTYGKSNFBUDKEV-UHFFFAOYSA-N","C10H5F7INO",414.93040932,"O=C(Nc1ccccc1I)C(F)(F)C(F)(F)C(F)(F)F"
"","CAS_RN: 93776-15-9","CUFYORGVHPVESH-UHFFFAOYSA-O","C24H24F27N2O3",901.135579568,"C[N+](C)(CCCNCC(O)CC(F)(F)C(F)(F)C(F)(F)C(F)(F)C(F)(F)C(F)(F)C(F)(F)C(F)(F)C(F)(F)C(F)(F)C(F)(C(F)(F)F)C(F)(F)F)CCC(=O)O"
"","CAS_RN: 65530-62-3|65530-64-5","CUIGEOXQGOPMKD-UHFFFAOYSA-N","C6H9F6O4P",290.014264718,"O=P(O)(OCCC(F)(F)F)OCCC(F)(F)F"
"DTXSID90895341","CAS_RN: 40735-21-5","CUJYVGKVAYEFKL-UHFFFAOYSA-N","C13H8F18I2",759.842804216,"FC(F)(F)C(F)(F)C(F)(F)C(F)(F)CC(I)CC(I)CC(F)(F)C(F)(F)C(F)(F)C(F)(F)F"
"DTXSID70335836","CAS_RN: 375-94-0","CUNIPPSHVAZKID-UHFFFAOYSA-N","C9HF19",469.977486212,"FC(F)C(F)(F)C(F)(F)C(F)(F)C(F)(F)C(F)(F)C(F)(F)C(F)(F)C(F)(F)F"
"","CAS_RN: 16083-75-3","CUODCAATWULWQM-UHFFFAOYSA-N","C13H9F15O3",498.031217448,"CC(O)CC(=CC(F)(F)C(F)(F)C(F)(F)C(F)(F)C(F)(C(F)(F)F)C(F)(F)F)C(=O)O"
"DTXSID10896214","CAS_RN: 164796-46-7","CUOUHXHRFRMHRU-UHFFFAOYSA-N","C15H5F17N2O3",584.00287176,"O=C(Nc1ccc([N+](=O)[O-])cc1)C(F)(F)C(F)(F)C(F)(F)C(F)(F)C(F)(F)C(F)(F)C(F)(F)C(F)(F)F"
"DTXSID20895430","CAS_RN: 335-53-5","CUPWBYQOIFVEGA-UHFFFAOYSA-N","C6ClF11O",331.94620272,"O=C(Cl)C(F)(F)C(F)(F)C(F)(F)C(F)(F)C(F)(F)F"
"DTXSID8052017","CAS_RN: 3330-15-2","CUTPKDUMZWIJKT-UHFFFAOYSA-N","C5HF11O",285.985175072,"FC(OC(F)(F)C(F)(F)C(F)(F)F)C(F)(F)F"
"DTXSID50379273","CAS_RN: 149838-19-7","CUVIJHAPWYUQIV-UHFFFAOYSA-N","C12H21F7O4Si",390.109733222,"CCO[Si](CCCOC(F)(C(F)(F)F)C(F)(F)F)(OCC)OCC"
"",NA,"CUWUAEIZIQXVPH-UHFFFAOYSA-O","C18H22F17N2OS",637.118139064,"C[N+](C)(C)CCCNC(=O)CSCCC(F)(F)C(F)(F)C(F)(F)C(F)(F)C(F)(F)C(F)(F)C(F)(F)C(F)(F)F"
"DTXSID20895657","CAS_RN: 864551-40-6","CUXBFMXZUCCELK-UHFFFAOYSA-N","C12H2F20O",541.978629084,"O=CC=C(F)C(F)(F)C(F)(F)C(F)(F)C(F)(F)C(F)(F)C(F)(F)C(F)(F)C(F)(F)C(F)(F)F"
"DTXSID20895657","CAS_RN: 864551-40-6","CUXBFMXZUCCELK-UHFFFAOYSA-N","C12H2F20O",541.978629084,"O=CC=C(F)C(F)(F)C(F)(F)C(F)(F)C(F)(F)C(F)(F)C(F)(F)C(F)(F)C(F)(F)C(F)(F)F"
"",NA,"CVAZURDPUJIKIQ-UHFFFAOYSA-N","C9H2F16O2",445.979930824,"O=C(O)C(F)C(F)(F)C(F)(F)C(F)(F)C(F)(F)C(F)(F)C(F)(F)C(F)(F)F"
"DTXSID00895211","CAS_RN: 110927-72-5","CVDYYPTVATXTLA-UHFFFAOYSA-N","C6H2ClF9",279.970131724,"C=C(Cl)C(F)(F)C(F)(F)C(F)(F)C(F)(F)F"
"DTXSID30338641","CAS_RN: 375-48-4","CVEIKEYTQKDDQK-UHFFFAOYSA-N","C4BrF9",297.90396608,"FC(F)(F)C(F)(F)C(F)(F)C(F)(F)Br"
"DTXSID40382054","CAS_RN: 10258-49-8","CVJNJHVXFLKZGB-UHFFFAOYSA-N","C8H2F15I",509.896171364,"FC(F)(F)C(F)(F)C(F)(F)C(F)(F)C(F)(F)C(F)(F)C(F)(F)CI"
"DTXSID10893405","CAS_RN: 701909-41-3","CVMPVWSYSNATQO-UHFFFAOYSA-N","C9H6ClF9O2",351.991261092,"C=C(Cl)C(=O)OCCC(F)(F)C(F)(F)C(F)(F)C(F)(F)F"
"","CAS_RN: 1262446-13-8","UWHCRBKABHKUTC-UHFFFAOYSA-N","C10H5F17O4S",543.96370938,"O=S(=O)(O)OCCC(F)(F)C(F)(F)C(F)(F)C(F)(F)C(F)(F)C(F)(F)C(F)(F)C(F)(F)F"
"DTXSID20444220","CAS_RN: 139175-50-1","CVTWASMMVSOPEW-UHFFFAOYSA-N","C11H8F17N",477.038528996,"NCCCC(F)(F)C(F)(F)C(F)(F)C(F)(F)C(F)(F)C(F)(F)C(F)(F)C(F)(F)F"
"",NA,"CVZSDTFNNBKIIA-UHFFFAOYSA-N","C50H77F25O19",1456.465985744,"OCCOCCOCCOCCOCCOCCOCCOCCOCCOCCOCCOCCOCCOCCOCCOCCOCCOCCOCCC(F)(F)C(F)(F)C(F)(F)C(F)(F)C(F)(F)C(F)(F)C(F)(F)C(F)(F)C(F)(F)C(F)(F)C(F)(F)C(F)(F)F"
"DTXSID8074786","CAS_RN: 406-78-0","CWIFAKBLLXGZIC-UHFFFAOYSA-N","C4H3F7O",200.007212256,"FC(F)C(F)(F)OCC(F)(F)F"
"DTXSID80896049","CAS_RN: 77146-66-8","CWKOYLVRJVKLFW-UHFFFAOYSA-N","C10H7F7N2O",304.044660384,"O=C(NNc1ccccc1)C(F)(F)C(F)(F)C(F)(F)F"
"","CAS_RN: 68299-20-7","CWMSCQAANJAKQQ-UHFFFAOYSA-N","C12H8F11NO5S2",518.966824776,"O=S(=O)(O)c1ccccc1CNS(=O)(=O)C(F)(F)C(F)(F)C(F)(F)C(F)(F)C(F)(F)F"
"DTXSID70880210","CAS_RN: 7309-84-4","CWRPQPNYDDMAMA-UHFFFAOYSA-N","C6F10O3",309.96877606,"O=C1OC(F)(C(F)(F)F)C(F)(F)OC1(F)C(F)(F)F"
"DTXSID30896019","CAS_RN: 37696-83-6","CWRVUMYBNHZJOL-UHFFFAOYSA-N","C12H10F15NO",469.05228724,"CCCCNC(=O)C(F)(F)C(F)(F)C(F)(F)C(F)(F)C(F)(F)C(F)(F)C(F)(F)F"
"DTXSID80896246","CAS_RN: 165618-99-5","CWSCAZHIVRUESE-UHFFFAOYSA-N","C14H9F13N2O3S",532.012630008,"NS(=O)(=O)c1ccc(CNC(=O)C(F)(F)C(F)(F)C(F)(F)C(F)(F)C(F)(F)C(F)(F)F)cc1"
"DTXSID8031861","CAS_RN: 307-55-1","CXGONMQFMIYUJR-UHFFFAOYSA-N","C12HF23O2",613.960928332,"O=C(O)C(F)(F)C(F)(F)C(F)(F)C(F)(F)C(F)(F)C(F)(F)C(F)(F)C(F)(F)C(F)(F)C(F)(F)C(F)(F)F"
"DTXSID1047578","CAS_RN: 2043-55-2","CXHFIVFPHDGZIS-UHFFFAOYSA-N","C6H4F9I",373.921402108,"FC(F)(F)C(F)(F)C(F)(F)C(F)(F)CCI"
"DTXSID30895244","CAS_RN: 377-52-6","CXOBIGBNBLZQJA-UHFFFAOYSA-N","C5H5F7O2",230.01777694,"COC(O)C(F)(F)C(F)(F)C(F)(F)F"
"DTXSID40895634","CAS_RN: 186599-45-1","CXRUQQUTBBWWQF-UHFFFAOYSA-N","C16H22F17N3Si",607.131153974,"CN(C)[Si](CCC(F)(F)C(F)(F)C(F)(F)C(F)(F)C(F)(F)C(F)(F)C(F)(F)C(F)(F)F)(N(C)C)N(C)C"
"","CAS_RN: 68156-00-3","CXVUGILROSQTJW-UHFFFAOYSA-N","C8F16O2S",463.93635176,"O=S(=O)(F)C1(F)C(F)(F)C(F)(F)C(F)(F)C(F)(F)C1(C(F)(F)F)C(F)(F)F"
"DTXSID6062599","CAS_RN: 2706-90-3","CXZGQIAOTKWCDB-UHFFFAOYSA-N","C5HF9O2",263.983283252,"O=C(O)C(F)(F)C(F)(F)C(F)(F)C(F)(F)F"
"DTXSID00896400","CAS_RN: 1355554-16-3","CYBKWPNQAIVNCQ-UHFFFAOYSA-N","C15H15F7O2S",392.06809826,"Cc1c(C(=O)O)ccc(C(F)(C(F)(F)F)C(F)(F)F)c1SC(C)(C)C"
"",NA,"CYFXTKNPCJAIPM-UHFFFAOYSA-N","C6H2F10O2",295.989511504,"O=C(O)C(F)C(F)(F)C(F)(F)C(F)(F)C(F)(F)F"
"","CAS_RN: 350608-60-5","CYIMORLVMXKPBZ-UHFFFAOYSA-N","C13H13F13",416.080967276,"CCCCCC=CC(F)(F)C(F)(F)C(F)(F)C(F)(F)C(F)(F)C(F)(F)F"
"DTXSID40447056","CAS_RN: 87405-83-2","CYLIQDNNFMKOLN-UHFFFAOYSA-N","C14H5F17",496.0119799,"FC(F)(F)C(F)(F)C(F)(F)C(F)(F)C(F)(F)C(F)(F)C(F)(F)C(F)(F)c1ccccc1"
"DTXSID00895433","CAS_RN: 93454-74-1","CZCMNCOQMXNFTL-UHFFFAOYSA-N","C28H33F25",844.218306556,"CCCCCCCCCCCCCCCCC(F)(F)C(F)(F)C(F)(F)C(F)(F)C(F)(F)C(F)(F)C(F)(F)C(F)(F)C(F)(F)C(F)(F)C(F)(F)C(F)(F)F"
"DTXSID40880181","CAS_RN: 2357-60-0","CZDIKJOTAVHOTJ-UHFFFAOYSA-N","C16H14F17NO4S",639.037208668,"C=CC(=O)OCCN(CCC)S(=O)(=O)C(F)(F)C(F)(F)C(F)(F)C(F)(F)C(F)(F)C(F)(F)C(F)(F)C(F)(F)F"
"DTXSID9068243","CAS_RN: 40630-65-7","CZDUSUUDDSHUFI-UHFFFAOYSA-N","C7H6F9NO2S",338.997553412,"C=CCNS(=O)(=O)C(F)(F)C(F)(F)C(F)(F)C(F)(F)F"
"DTXSID10881286","CAS_RN: 83846-71-3","CZHAQBXHTVRAAA-UHFFFAOYSA-N","C10H8F10O2",350.036461696,"C=CCC(C(=O)OC)(C(F)(F)F)C(F)(F)C(F)(F)C(F)(F)F"
"",NA,"CZLOVMCKXAUUND-UHFFFAOYSA-N","C15H18F17N2O2S",613.081753556,"CN(CCC[N+](C)(C)C)S(=O)(=O)C(F)(F)C(F)(F)C(F)(F)C(F)(F)C(F)(F)C(F)(F)C(F)(F)C(F)(F)F"
"DTXSID70895667","CAS_RN: 132424-37-4","CZMPFGNWUIUUEE-UHFFFAOYSA-N","C12H7F17O2",506.017459204,"COC(=O)CCC(F)(F)C(F)(F)C(F)(F)C(F)(F)C(F)(F)C(F)(F)C(F)(F)C(F)(F)F"
"","CAS_RN: 34455-29-3","OKOCIUJVPQKDLL-UHFFFAOYSA-O","C15H20F13N2O4S",571.09361998,"C[N+](C)(CCCNS(=O)(=O)CCC(F)(F)C(F)(F)C(F)(F)C(F)(F)C(F)(F)C(F)(F)F)CC(=O)O"
"DTXSID20337244","CAS_RN: 355-22-6","CZPWXOSMOFCBOR-UHFFFAOYSA-N","C6H7F7O",228.038512384,"CC(C)(O)C(F)(F)C(F)(F)C(F)(F)F"
"DTXSID10895484","CAS_RN: 424-66-8","CZQIYZIRNWFMOA-UHFFFAOYSA-N","C8H9F7O2",270.049077068,"CCOC(=O)CCC(F)(F)C(F)(F)C(F)(F)F"
"DTXSID8031861","CAS_RN: 3793-74-6","CXGONMQFMIYUJR-UHFFFAOYSA-N","C12HF23O2",613.960928332,"O=C(O)C(F)(F)C(F)(F)C(F)(F)C(F)(F)C(F)(F)C(F)(F)C(F)(F)C(F)(F)C(F)(F)C(F)(F)C(F)(F)F"
"DTXSID60500450","CAS_RN: 863090-89-5","CZTBTZZANBJSLY-UHFFFAOYSA-N","C5HF9O3",279.978197872,"O=C(O)C(F)(F)C(F)(F)C(F)(F)OC(F)(F)F"
"","CAS_RN: 57912-15-9","CZTGVODYAZOEDE-UHFFFAOYSA-N","C17H13F7N4",406.102843956,"FC(F)(F)C(F)(F)C(F)(F)C(C=NNc1ccccc1)=NNc1ccccc1"
"DTXSID10471560","CAS_RN: 64435-67-2","CZWWAAJCRNYGSO-UHFFFAOYSA-N","C11H6F13N",399.029266052,"Cn1cccc1C(F)(F)C(F)(F)C(F)(F)C(F)(F)C(F)(F)C(F)(F)F"
"DTXSID50379975","CAS_RN: 76962-34-0","DAEIFBGPFDVHNR-UHFFFAOYSA-N","C14H9F17O3",548.028023888,"C=CC(=O)OCC(O)CC(F)(F)C(F)(F)C(F)(F)C(F)(F)C(F)(F)C(F)(F)C(F)(F)C(F)(F)F"
"DTXSID10338588","CAS_RN: 107650-06-6","DAHZCNRVTNHGGR-UHFFFAOYSA-N","C9H7F13O2",394.023846324,"OCC(O)CC(F)(F)C(F)(F)C(F)(F)C(F)(F)C(F)(F)C(F)(F)F"
"DTXSID80881011","CAS_RN: 85720-79-2","DAKPRHAAVFWCOZ-UHFFFAOYSA-N","C6Cl2F12",369.918544,"FC(F)(F)C(F)(Cl)C(F)(Cl)C(F)(C(F)(F)F)C(F)(F)F"
"DTXSID40895336","CAS_RN: 184007-06-5","DAPVOZHBSIXKMY-UHFFFAOYSA-N","C18H20BrF17",638.04769248,"FC(F)(F)C(F)(F)C(F)(F)C(F)(F)C(F)(F)C(F)(F)C(F)(F)C(F)(F)CCCCCCCCCCBr"
"DTXSID50896455","CAS_RN: 862130-67-4","DAQVNRRSRQBTRV-UHFFFAOYSA-N","C25H17F9N2O2",548.114631764,"Cc1cc(C(F)(C(F)(F)F)C(F)(F)F)cc(C)c1NC(=O)c1cccc(NC(=O)c2cc(F)ccc2F)c1"
"DTXSID50895726","CAS_RN: 53378-90-8","DASVACNPTZCVQR-UHFFFAOYSA-N","C10H5F13O2",404.00819626,"C=CCOC(=O)C(F)(F)C(F)(F)C(F)(F)C(F)(F)C(F)(F)C(F)(F)F"
"DTXSID70880230","CAS_RN: 19932-26-4","DATKALAKXGFGPI-UHFFFAOYSA-N","C6H8F4O2",188.046042376,"FC(F)C(F)(F)COCC1CO1"
"DTXSID70896619","CAS_RN: 7459-59-8","DAUQEQSACMZHDS-UHFFFAOYSA-N","C7H5F7O2",254.01777694,"C=C(C)C(=O)OC(F)(C(F)(F)F)C(F)(F)F"
"DTXSID60897519","CAS_RN: 6996-01-6","DAVCAHWKKDIRLY-UHFFFAOYSA-N","C5H3F7O",212.007212256,"C=COC(F)(F)C(F)(F)C(F)(F)F"
"DTXSID8059922","CAS_RN: 376-14-7","DBCGADAHIXJHCE-UHFFFAOYSA-N","C16H14F17NO4S",639.037208668,"C=C(C)C(=O)OCCN(CC)S(=O)(=O)C(F)(F)C(F)(F)C(F)(F)C(F)(F)C(F)(F)C(F)(F)C(F)(F)C(F)(F)F"
"DTXSID00896405","CAS_RN: 1355554-68-5","DBHZHJRABYVYDT-UHFFFAOYSA-N","C15H15F7O2S",392.06809826,"CCCSc1c(C(F)(C(F)(F)F)C(F)(F)F)ccc(C(=O)O)c1CC"
"DTXSID2059980","CAS_RN: 426-65-3","DBOFMRQAMAZKQY-UHFFFAOYSA-N","C5H5F5O2",192.0209705,"CCOC(=O)C(F)(F)C(F)(F)F"
"DTXSID10859667","CAS_RN: 70225-26-2","FGTDPZOJJFPWCB-UHFFFAOYSA-N","C14H16F17N2O2S",599.066103492,"C[N+](C)(C)CCCNS(=O)(=O)C(F)(F)C(F)(F)C(F)(F)C(F)(F)C(F)(F)C(F)(F)C(F)(F)C(F)(F)F"
"DTXSID40679875","CAS_RN: 106209-21-6","DBTAMHSPOTZDDY-UHFFFAOYSA-N","C16H7F17",522.027629964,"C=Cc1ccc(C(F)(F)C(F)(F)C(F)(F)C(F)(F)C(F)(F)C(F)(F)C(F)(F)C(F)(F)F)cc1"
"DTXSID60535646","CAS_RN: 89889-20-3","DBWLHXGWJWZTDX-UHFFFAOYSA-N","C9H6F13I",487.930665052,"FC(F)(F)C(F)(F)C(F)(F)C(F)(F)C(F)(F)C(F)(F)CCCI"
"DTXSID2067535","CAS_RN: 30046-31-2","DBXLDZXWSFMBRB-UHFFFAOYSA-N","C14H4F25I",773.895853628,"FC(F)(F)C(F)(F)C(F)(F)C(F)(F)C(F)(F)C(F)(F)C(F)(F)C(F)(F)C(F)(F)C(F)(F)C(F)(F)C(F)(F)CCI"
"DTXSID00336619","CAS_RN: 117374-33-1","DCARDCAPXKDJAG-UHFFFAOYSA-N","C12H5F17O2",504.00180914,"C=CCOC(=O)C(F)(F)C(F)(F)C(F)(F)C(F)(F)C(F)(F)C(F)(F)C(F)(F)C(F)(F)F"
"DTXSID70873889","CAS_RN: 65530-66-7|65605-58-5|68239-43-0|65636-35-3","DCEGHEFYVNDALO-UHFFFAOYSA-N","C7H9F3O2",182.055464188,"C=C(C)C(=O)OCCC(F)(F)F"
"",NA,"DCEIPYNIRPOEPC-UHFFFAOYSA-N","C40H69F13O17",1068.432717608,"OCCOCCOCCOCCOCCOCCOCCOCCOCCOCCOCCOCCOCCOCCOCCOCCOCCC(F)(F)C(F)(F)C(F)(F)C(F)(F)C(F)(F)C(F)(F)F"
"DTXSID20895470","CAS_RN: 307-36-8","DCHFZFZWTAMCEN-UHFFFAOYSA-N","C10H4F19N",499.004035308,"NCC(F)(F)C(F)(F)C(F)(F)C(F)(F)C(F)(F)C(F)(F)C(F)(F)C(F)(F)C(F)(F)F"
"DTXSID90896090","CAS_RN: 1407514-44-6","DCJKBXFEWSPSGU-UHFFFAOYSA-N","C11H8F15NO2",471.031551796,"CC(O)CNC(=O)C(F)(F)C(F)(F)C(F)(F)C(F)(F)C(F)(F)C(F)(F)C(F)(F)F"
"DTXSID90292457","CAS_RN: 4472-70-2","DCJMIOHJPJONIJ-UHFFFAOYSA-N","C6H5F7N2",238.0340957,"FC(F)(F)C(F)(F)C(F)(F)C1=NCCN1"
"DTXSID50895524","CAS_RN: 169289-67-2","DCPYMVVGFRCXDW-UHFFFAOYSA-N","C8H7F11O2",344.027039884,"OCCOCC(F)(F)C(F)(F)C(F)(F)C(F)(F)C(F)(F)F"
"","CAS_RN: 36393-27-8","DCPYXGMLIRLWSP-HLDKMFHASA-N","C10H11F7O2",296.064727132,"[2H]C([2H])([2H])C(C(=O)/C=C(\O)C(F)(F)C(F)(F)C(F)(F)F)(C([2H])([2H])[2H])C([2H])([2H])[2H]"
"",NA,"DCUPCIUMEWJEBR-UHFFFAOYSA-N","C7HF15O4S",465.935602812,"O=S(=O)(O)C(F)(F)C(F)(F)C(F)(F)C(F)(F)C(F)(F)OC(F)(F)C(F)(F)F"
"DTXSID50895226","CAS_RN: 319490-55-6","DCVKORWEQQJFNS-UHFFFAOYSA-N","C8H3Cl2F13",415.940422316,"FC(F)(F)C(F)(F)C(F)(F)C(F)(F)C(F)(F)C(F)(F)C(Cl)CCl"
"DTXSID20380871","CAS_RN: 93706-76-4","DCXZWVLJCYXHDV-UHFFFAOYSA-N","C15H11F17O3",562.043673952,"C=C(C)C(=O)OCC(O)CC(F)(F)C(F)(F)C(F)(F)C(F)(F)C(F)(F)C(F)(F)C(F)(F)C(F)(F)F"
"DTXSID60896168","CAS_RN: 151707-04-9","DDACECXMWPRJCY-UHFFFAOYSA-N","C30H12F26O2",898.042213344,"FC(F)(F)C(F)(F)C(F)(F)C(F)(F)C(F)(F)C(F)(F)c1cccc(Oc2cccc(Oc3cccc(C(F)(F)C(F)(F)C(F)(F)C(F)(F)C(F)(F)C(F)(F)F)c3)c2)c1"
"DTXSID2066064","CAS_RN: 68015-87-2","CQXLVCXAWBBSDD-UHFFFAOYSA-N","C13HF25O2",663.957734772,"O=C(O)C(F)(F)C(F)(F)C(F)(F)C(F)(F)C(F)(F)C(F)(F)C(F)(F)C(F)(F)C(F)(F)C(F)(C(F)(F)F)C(F)(F)F"
"DTXSID00838885","CAS_RN: 821806-42-2","DDWXIFAGBUZUHP-UHFFFAOYSA-N","C8H6ClF9O2",339.991261092,"O=C(Cl)OCCCC(F)(F)C(F)(F)C(F)(F)C(F)(F)F"
"DTXSID70881308","CAS_RN: 52299-27-1","DEENCVDXCNHHAM-UHFFFAOYSA-N","C20H9F34O2P",957.979725638,"O=P(O)(CCC(F)(F)C(F)(F)C(F)(F)C(F)(F)C(F)(F)C(F)(F)C(F)(F)C(F)(F)F)CCC(F)(F)C(F)(F)C(F)(F)C(F)(F)C(F)(F)C(F)(F)C(F)(F)C(F)(F)F"
"DTXSID70895728","CAS_RN: 145876-00-2","DEFDVRCZPOZAET-UHFFFAOYSA-N","C12H4F21N3",589.006989748,"[N-]=[N+]=NCCC(F)(F)C(F)(F)C(F)(F)C(F)(F)C(F)(F)C(F)(F)C(F)(F)C(F)(F)C(F)(F)C(F)(F)F"
"DTXSID40229475","CAS_RN: 78974-42-2","DEHQJCVMUMYUMH-UHFFFAOYSA-N","C11H6F19O4P",593.970031482,"O=P(O)(O)OCCC(F)(F)C(F)(F)C(F)(F)C(F)(F)C(F)(F)C(F)(F)C(F)(C(F)(F)F)C(F)(F)F"
"",NA,"DEMGIBZDDIWHRW-UHFFFAOYSA-N","C7HF15O5S",481.930517432,"O=S(=O)(O)C(F)(F)C(F)(F)C(F)(F)OC(F)(F)C(F)(F)OC(F)(F)C(F)(F)F"
"","CAS_RN: 731858-13-2","DENBKPDEQGHEGM-UHFFFAOYSA-N","C10H6F17O2P",511.983395802,"O=[PH](O)CCC(F)(F)C(F)(F)C(F)(F)C(F)(F)C(F)(F)C(F)(F)C(F)(F)C(F)(F)F"
"","CAS_RN: 70225-22-8","VFXIIEQKSPWYPX-UHFFFAOYSA-N","C10H16F9N2O2S",399.078877732,"C[N+](C)(C)CCCNS(=O)(=O)C(F)(F)C(F)(F)C(F)(F)C(F)(F)F"
"",NA,"DEONGGUSFBJEHM-UHFFFAOYSA-N","C17H18F17NO6S2",719.030409036,"CC(C)(CS(=O)(=O)O)NC(=O)CCS(=O)(=O)CCC(F)(F)C(F)(F)C(F)(F)C(F)(F)C(F)(F)C(F)(F)C(F)(F)C(F)(F)F"
"DTXSID00240984","CAS_RN: 93857-50-2","XVPQHRLANPJWIF-UHFFFAOYSA-N","C13H6F23O4P",693.963644362,"O=P(O)(O)OCCC(F)(F)C(F)(F)C(F)(F)C(F)(F)C(F)(F)C(F)(F)C(F)(F)C(F)(F)C(F)(C(F)(F)F)C(F)(F)F"
"",NA,"DEVSAHFFCXFJBS-UHFFFAOYSA-N","C10H18F7N2O3S",379.092635976,"C[N+](C)(CCO)CCCNS(=O)(=O)C(F)(F)C(F)(F)C(F)(F)F"
"","CAS_RN: 68555-81-7","QHNLSCKDDZDPTI-UHFFFAOYSA-N","C13H16F15N2O2S",549.069297052,"C[N+](C)(C)CCCNS(=O)(=O)C(F)(F)C(F)(F)C(F)(F)C(F)(F)C(F)(F)C(F)(F)C(F)(F)F"
"DTXSID20179883","CAS_RN: 252237-40-4","DEXIXSRZQUFPIK-UHFFFAOYSA-N","C8H6F13O3P",427.984697542,"O=P(O)(O)CCC(F)(F)C(F)(F)C(F)(F)C(F)(F)C(F)(F)C(F)(F)F"
"DTXSID00896309","CAS_RN: 662-20-4","DEYAKVNIRRRJGO-UHFFFAOYSA-N","C4H2F7NO",213.002461224,"NC(=O)C(F)(C(F)(F)F)C(F)(F)F"
"DTXSID30802039","CAS_RN: 646063-05-0","DFAVYPDOSQULGD-UHFFFAOYSA-N","C8H7F9O",290.035318824,"C=CCOCC(F)(F)C(F)(F)C(F)(F)C(F)(F)F"
"DTXSID10904262","CAS_RN: 68555-67-9","DFCYBFLXCKGZML-UHFFFAOYSA-N","C8HF17O2S",483.942580012,"O=S(O)C(F)(F)C(F)(F)C(F)(F)C(F)(F)C(F)(F)C(F)(F)C(F)(F)C(F)(F)F"
"DTXSID40881335","CAS_RN: 116265-66-8","DFGLLDMCDAKADU-UHFFFAOYSA-N","C17F30",773.9520966,"FC1(F)C(F)(F)C(F)(F)C(F)(C(F)(F)C2(F)C(F)(F)C(F)(F)C3(F)C(F)(F)C(F)(F)C(F)(F)C(F)(F)C3(F)C2(F)F)C(F)(F)C1(F)F"
"DTXSID00896026","CAS_RN: 81769-57-5","DFIGPMQDPGDKNY-UHFFFAOYSA-N","C13H3F21N2",585.996090716,"FC(F)(F)C(F)(F)C(F)(F)C(F)(F)C(F)(F)C(F)(F)C(F)(F)C(F)(F)C(F)(F)C(F)(F)c1cnc[nH]1"
"","CAS_RN: 128917-19-1","DFKGWBDJNHAXEO-UHFFFAOYSA-N","C14H7F13N4O4",542.025971564,"O=[N+]([O-])c1ccc(NN=CCC(F)(F)C(F)(F)C(F)(F)C(F)(F)C(F)(F)C(F)(F)F)c([N+](=O)[O-])c1"
"DTXSID40895538","CAS_RN: 864551-38-2","DFKYJTGKLKVXAB-UHFFFAOYSA-N","C12H3F21O",561.984857336,"O=CCC(F)(F)C(F)(F)C(F)(F)C(F)(F)C(F)(F)C(F)(F)C(F)(F)C(F)(F)C(F)(F)C(F)(F)F"
"DTXSID6067331","CAS_RN: 59587-38-1","VIONGDJUYAYOPU-UHFFFAOYSA-N","C8H5F13O3S",427.97518188,"O=S(=O)(O)CCC(F)(F)C(F)(F)C(F)(F)C(F)(F)C(F)(F)C(F)(F)F"
"DTXSID0073118","CAS_RN: 163702-05-4","DFUYAWQUODQGFF-UHFFFAOYSA-N","C6H5F9O",264.01966876,"CCOC(F)(F)C(F)(F)C(F)(F)C(F)(F)F"
"DTXSID80880403","CAS_RN: 36405-47-7","DFVPUWGVOPDJTC-UHFFFAOYSA-N","C8H8F6O2",250.042848816,"C=C(C)C(=O)OCC(F)(F)C(F)C(F)(F)F"
"",NA,"DFXIGNRYXLVEDF-UHFFFAOYSA-N","C2H2F4O3S",181.966077804,"O=S(=O)(O)C(F)C(F)(F)F"
"DTXSID50895362","CAS_RN: 81674-08-0","DGIIVPQTWKIVJI-UHFFFAOYSA-N","C11H5F7",270.0279477,"FC(F)(F)C(F)(F)C(F)(F)C#Cc1ccccc1"
"DTXSID90627109","CAS_RN: 133001-14-6","DGNNLLZHFZKHFJ-UHFFFAOYSA-N","C12H17F9O",348.113569144,"OCCCCCCCCC(F)(F)C(F)(F)C(F)(F)C(F)(F)F"
"DTXSID30895946","CAS_RN: 199530-73-9","DGTLBPOBSFXXAK-UHFFFAOYSA-N","C11H8F7NO",303.049411416,"CC(=O)Nc1ccc(C(F)(F)C(F)(F)C(F)(F)F)cc1"
"",NA,"DGXSKNFQKVNKMH-UHFFFAOYSA-O","C13H18F9N2O6S",501.074186276,"C[N+](C)(CCCN(CC(=O)O)S(=O)(=O)C(F)(F)C(F)(F)C(F)(F)C(F)(F)F)CC(=O)O"
"",NA,"DGYHPBHYCWLZNB-UHFFFAOYSA-N","C9H5F13O3",408.00311088,"O=C(O)COCC(F)(F)C(F)(F)C(F)(F)C(F)(F)C(F)(F)C(F)(F)F"
"DTXSID70896593","CAS_RN: 207678-51-1","DHELITDTJHABDT-UHFFFAOYSA-N","C8HF15O2",413.973702572,"O=C(O)C(F)(C(F)(F)F)C(F)(F)C(F)(F)C(F)(F)C(F)(F)C(F)(F)F"
"DTXSID20896427","CAS_RN: 1355554-50-5","DHRYMCIAADJXIM-UHFFFAOYSA-N","C14H13F7O4S",410.042277436,"Cc1c(C(=O)O)ccc(C(F)(C(F)(F)F)C(F)(F)F)c1S(=O)(=O)C(C)C"
"DTXSID50895165","CAS_RN: 253342-14-2","DHVISCLQILVWLM-UHFFFAOYSA-N","C8H9F9",276.056054268,"CCCCC(F)(F)C(F)(F)C(F)(F)C(F)(F)F"
"DTXSID60897014","CAS_RN: 19108-36-2","DHXDVGJLVFXSEY-UHFFFAOYSA-N","C10H2F12O",365.991403324,"OC(c1c(F)c(F)c(F)c(F)c1F)C(F)(F)C(F)(F)C(F)(F)F"
"","CAS_RN: 70887-93-3","DHZIKHSVLXMVQY-UHFFFAOYSA-N","C14H3F25O2",677.973384836,"O=C(O)CC(F)(F)C(F)(F)C(F)(F)C(F)(F)C(F)(F)C(F)(F)C(F)(F)C(F)(F)C(F)(F)C(F)(F)C(F)(F)C(F)(F)F"
"DTXSID00880465","CAS_RN: 54009-78-8","DIDOQTSWDGCVSY-UHFFFAOYSA-N","C16H5F27O",725.99092672,"FC(F)(F)C(F)(C(F)(F)F)C(F)(F)C(F)(F)C(F)(F)C(F)(F)C(F)(F)C(F)(F)C(F)(F)C(F)(F)C(F)(F)C(F)(F)CC1CO1"
"DTXSID70895526","CAS_RN: 115249-34-8","DINNCEFEQGXTPY-UHFFFAOYSA-N","C28H16F42",1150.058135752,"FC(F)(F)C(F)(F)C(F)(F)C(F)(F)C(F)(F)C(F)(F)C(F)(F)C(F)(F)C(F)(F)C(F)(F)CCCCCCCCC(F)(F)C(F)(F)C(F)(F)C(F)(F)C(F)(F)C(F)(F)C(F)(F)C(F)(F)C(F)(F)C(F)(F)F"
"",NA,"DIPKSEWRTMYEQJ-OWOJBTEDSA-N","C13HF23O2",625.960928332,"O=C(O)C(F)(F)C(F)(F)C(F)(F)C(F)(F)C(F)(F)/C(F)=C(\F)C(F)(F)C(F)(F)C(F)(F)C(F)(F)C(F)(F)F"
"DTXSID90892618","CAS_RN: 574715-87-0","DIRFOJTVNYDFBA-UHFFFAOYSA-N","C12HClF22O2",629.931377792,"O=C(O)C(F)(F)C(F)(F)C(F)(F)C(F)(F)C(F)(F)C(F)(F)C(F)(F)C(F)(F)C(F)(F)C(F)(F)C(F)(F)Cl"
"DTXSID00893378","CAS_RN: 304658-31-9","DJAOEKZXQIPPOC-UHFFFAOYSA-N","C20H9F14NO4",593.030802848,"O=C(Oc1ccc(-c2ccc(O)cc2)cc1)C(F)(C(F)(F)F)C(F)(F)N1C(F)(F)C(F)(F)OC(F)(F)C1(F)F"
"DTXSID40370537","CAS_RN: 194999-85-4","DNFSNYQTQMVTOK-UHFFFAOYSA-N","C20H26I",393.107923832,"CC(C)(C)c1ccc([I+]c2ccc(C(C)(C)C)cc2)cc1"
"DTXSID80895512","CAS_RN: 82721-69-5","DJEKHYMIDUQGNM-UHFFFAOYSA-N","C10H9F9O",316.050968888,"CCC(C)(O)C#CC(F)(F)C(F)(F)C(F)(F)C(F)(F)F"
"",NA,"DJIXHYAJLARCOP-UHFFFAOYSA-N","C11H9F13O4S",484.001396628,"O=C(O)CCS(=O)(=O)CCC(F)(F)C(F)(F)C(F)(F)C(F)(F)C(F)(F)C(F)(F)F"
"DTXSID40880525","CAS_RN: 61577-14-8","DJKGXDGHCIHDPZ-UHFFFAOYSA-N","C17H16F17NO4S",653.052858732,"C=C(C)C(=O)OCCCCN(C)S(=O)(=O)C(F)(F)C(F)(F)C(F)(F)C(F)(F)C(F)(F)C(F)(F)C(F)(F)C(F)(F)F"
"DTXSID20382274","CAS_RN: 6401-03-2","DJQMSULGPPSGHC-UHFFFAOYSA-N","C5H3F9O3S",313.965918936,"COS(=O)(=O)C(F)(F)C(F)(F)C(F)(F)C(F)(F)F"
"DTXSID00896066","CAS_RN: 37696-86-9","DJXYIBRHPIHIPY-UHFFFAOYSA-N","C20H26F15NO",581.177487752,"CCCCCCCCCCCCNC(=O)C(F)(F)C(F)(F)C(F)(F)C(F)(F)C(F)(F)C(F)(F)C(F)(F)F"
"",NA,"DJZCEOOTWIATQX-UHFFFAOYSA-N","C27H42F15NO11S",873.223905464,"CCN(CCOCCOCCOCCOCCOCCOCCOCCOCCO)S(=O)(=O)C(F)(F)C(F)(F)C(F)(F)C(F)(F)C(F)(F)C(F)(F)C(F)(F)F"
"","CAS_RN: 1997344-07-6","VWOZJJGGBQGKFY-UHFFFAOYSA-N","C5HF11O2S",333.952160692,"O=S(O)C(F)(F)C(F)(F)C(F)(F)C(F)(F)C(F)(F)F"
"DTXSID00896703","CAS_RN: 147290-12-8","DKOGAQUJJHTCEE-UHFFFAOYSA-N","C14H6F25O3P",727.965536182,"O=P(O)(O)CCC(F)(F)C(F)(F)C(F)(F)C(F)(F)C(F)(F)C(F)(F)C(F)(F)C(F)(F)C(F)(F)C(F)(F)C(F)(F)C(F)(F)F"
"DTXSID90892330","CAS_RN: 62880-95-9","DKVATWZCDNHYCW-UHFFFAOYSA-N","C15H18F13NO4S2",587.046966916,"CC(C)(CS(=O)(=O)O)NC(=O)CCSCCC(F)(F)C(F)(F)C(F)(F)C(F)(F)C(F)(F)C(F)(F)F"
"DTXSID80698666","CAS_RN: 24813-57-8","DKVGVNPCZVNONQ-UHFFFAOYSA-N","C9H3F7N2O4",335.998104116,"O=[N+]([O-])c1cc([N+](=O)[O-])cc(C(F)(C(F)(F)F)C(F)(F)F)c1"
"DTXSID20379700","CAS_RN: 93367-04-5","ZQTIKDIHRRLSRV-UHFFFAOYSA-N","C4HF9",219.993454012,"FC(F)C(F)(F)C(F)(F)C(F)(F)F"
"DTXSID20895556","CAS_RN: 1221157-06-7","DKYNEOPFAVUOTD-UHFFFAOYSA-N","C14H16F17NSi",549.078055782,"CN(C)[Si](C)(C)CCC(F)(F)C(F)(F)C(F)(F)C(F)(F)C(F)(F)C(F)(F)C(F)(F)C(F)(F)F"
"",NA,"DLAJPYNVVLDTAA-UHFFFAOYSA-N","C50H73F29O18",1512.433383876,"OCCOCCOCCOCCOCCOCCOCCOCCOCCOCCOCCOCCOCCOCCOCCOCCOCCOCCC(F)(F)C(F)(F)C(F)(F)C(F)(F)C(F)(F)C(F)(F)C(F)(F)C(F)(F)C(F)(F)C(F)(F)C(F)(F)C(F)(F)C(F)(F)C(F)(F)F"
"DTXSID40454503","CAS_RN: 556050-49-8","DLEHONFUGNNFOG-UHFFFAOYSA-N","C22H14F17NO5",695.060052288,"O=C(OCc1ccc(CCC(F)(F)C(F)(F)C(F)(F)C(F)(F)C(F)(F)C(F)(F)C(F)(F)C(F)(F)F)cc1)ON1C(=O)CCC1=O"
"",NA,"DLKJKOKTLCHZLW-UHFFFAOYSA-O","C19H22F17N2O3",649.135897304,"CC(C)OC(=O)C[N+](C)(C)CCCNC(=O)C(F)(F)C(F)(F)C(F)(F)C(F)(F)C(F)(F)C(F)(F)C(F)(F)C(F)(F)F"
"DTXSID90289322","CAS_RN: 648-19-1","DLOWRKICBRDMJY-UHFFFAOYSA-N","C8H2F14N2O2",423.989272384,"O=C(NNC(=O)C(F)(F)C(F)(F)C(F)(F)F)C(F)(F)C(F)(F)C(F)(F)F"
"DTXSID30955377","CAS_RN: 338-81-8","DMCQAUFFUCJXEL-UHFFFAOYSA-N","C7F17N",420.97592874,"FC(F)(F)C(F)(F)N(C(F)(F)C(F)(F)F)C(F)(F)C(F)(F)C(F)(F)F"
"DTXSID70430799","CAS_RN: 357-31-3","DMOBTBZPQXBGRE-UHFFFAOYSA-N","C3H2F6O3S",231.962884244,"O=S(=O)(O)C(F)(F)C(F)C(F)(F)F"
"DTXSID20881116","CAS_RN: 93894-52-1","DMRUAQMVQHUQQD-UHFFFAOYSA-N","C8F18O5S2",581.88997306,"O=S(=O)(OS(=O)(=O)C(F)(F)C(F)(C(F)(F)F)C(F)(F)F)C(F)(F)C(F)(C(F)(F)F)C(F)(F)F"
"DTXSID40896404","CAS_RN: 1355554-14-1","DMUDOWYIYPORNE-UHFFFAOYSA-N","C15H15F7O2S",392.06809826,"CCC(C)Sc1c(C(F)(C(F)(F)F)C(F)(F)F)ccc(C(=O)O)c1C"
"DTXSID9074729","CAS_RN: 5528-43-8","DMUPYMORYHFFCT-UHFFFAOYSA-N","C3HF5",131.999841132,"FC=C(F)C(F)(F)F"
"DTXSID30895466","CAS_RN: 1257261-90-7","DMVTXXYKJORHEJ-UHFFFAOYSA-N","C28H36F21I",898.152641772,"CCCCCCCCCCCCCCCCC(I)CC(F)(F)C(F)(F)C(F)(F)C(F)(F)C(F)(F)C(F)(F)C(F)(F)C(F)(F)C(F)(F)C(F)(F)F"
"DTXSID20895632","CAS_RN: 1621953-16-9","DNAXFVIUOFWRIJ-UHFFFAOYSA-N","C16H7Cl3F26Si",825.896743514,"FC(F)(F)C(F)(F)C(F)(F)C(F)(F)C(F)(F)C(F)(F)CCC(C[Si](Cl)(Cl)Cl)C(F)(F)C(F)(F)C(F)(F)C(F)(F)C(F)(F)C(F)(F)F"
"",NA,"DNBDZGIEFBKSNQ-UHFFFAOYSA-O","C23H22F25N2O3S",881.095194064,"C[N+](C)(CCCNC(=O)CSCCC(F)(F)C(F)(F)C(F)(F)C(F)(F)C(F)(F)C(F)(F)C(F)(F)C(F)(F)C(F)(F)C(F)(F)C(F)(F)C(F)(F)F)CC(=O)O"
"DTXSID40895750","CAS_RN: 20120-44-9","DNFFZVPOFBBNHH-UHFFFAOYSA-N","C11H5F15O2",454.0050027,"C=CCOC(=O)C(F)(F)C(F)(F)C(F)(F)C(F)(F)C(F)(F)C(F)(F)C(F)(F)F"
"",NA,"DNQQNHMQRHDWLQ-UHFFFAOYSA-O","C13H20F11N2O5S2",557.06379916,"C[N+](C)(CCCNS(=O)(=O)C(F)(F)C(F)(F)C(F)(F)C(F)(F)C(F)(F)F)CCCS(=O)(=O)O"
"DTXSID20895450","CAS_RN: 1257261-95-2","DNSUCKWMGCYBEZ-UHFFFAOYSA-N","C28H40F17I",826.19032902,"CCCCCCCCCCCCCCCCCCC(I)CC(F)(F)C(F)(F)C(F)(F)C(F)(F)C(F)(F)C(F)(F)C(F)(F)C(F)(F)F"
"",NA,"DONKAOMPIOYYDH-UHFFFAOYSA-N","C5HF9O4S",327.945183492,"O=C(C(F)(F)F)C(F)(F)C(F)(F)C(F)(F)S(=O)(=O)O"
"",NA,"DOWJLTPWPGXVFD-UHFFFAOYSA-N","C6H2F12O3S",381.953303564,"O=S(=O)(O)C(F)(F)C(F)(F)C(F)(F)C(F)(F)C(F)C(F)(F)F"
"DTXSID5060986","CAS_RN: 678-95-5","DOZNAYNLYNBXKE-UHFFFAOYSA-N","C11H10F6O4",320.04832812,"C=CC(=O)OCC(F)(F)C(F)(F)C(F)(F)COC(=O)C=C"
"","CAS_RN: 75032-94-9","HGQYTDUNPNGMOX-UHFFFAOYSA-N","C23H34F12O5S",650.193533828,"CCCCCCCCCCCCCCC(C(=O)OCC(F)(F)C(F)(F)C(F)(F)C(F)(F)C(F)(F)C(F)F)S(=O)(=O)O"
"DTXSID50880576","CAS_RN: 67939-94-0","DPBVCOWHHLIHJN-UHFFFAOYSA-N","C33H27F45N3O10PS3",1606.987763594,"CCN(CCOP(=O)(OCCN(CC)S(=O)(=O)C(F)(F)C(F)(F)C(F)(F)C(F)(F)C(F)(F)C(F)(F)C(F)(F)F)OCCN(CC)S(=O)(=O)C(F)(F)C(F)(F)C(F)(F)C(F)(F)C(F)(F)C(F)(F)C(F)(F)F)S(=O)(=O)C(F)(F)C(F)(F)C(F)(F)C(F)(F)C(F)(F)C(F)(F)C(F)(F)F"
"DTXSID20896109","CAS_RN: 1401315-55-6","DPCIODUZKZAIGF-UHFFFAOYSA-N","C11H7F13O2",418.023846324,"OC1(C(F)(F)C(F)(F)C(F)(F)C(F)(F)C(F)(F)C(F)(F)F)C=CCCO1"
"DTXSID90893347","CAS_RN: 138704-55-9","DPGFRDFZRZYXDD-UHFFFAOYSA-N","C31H45F17N2O4S",864.28285866,"CCCCCCCCCCCCCCCCCCN1CC(CN(C)S(=O)(=O)C(F)(F)C(F)(F)C(F)(F)C(F)(F)C(F)(F)C(F)(F)C(F)(F)C(F)(F)F)OC1=O"
"DTXSID60896421","CAS_RN: 1355554-87-8","DPJOHDGIIXCPLJ-UHFFFAOYSA-N","C14H13F7O3S",394.047362816,"CCc1c(C(=O)O)ccc(C(F)(C(F)(F)F)C(F)(F)F)c1S(=O)CC"
"DTXSID30896094","CAS_RN: 869308-35-0","DPJROFCGRBHRGQ-UHFFFAOYSA-N","C15H7F15O3",520.015567384,"O=C(OCC(F)(F)C(F)(F)C(F)(F)C(F)(F)C(F)(F)C(F)(F)C(F)(F)F)c1ccc(O)cc1"
"DTXSID00370992","CAS_RN: 812-72-6","DPOFHGRLDJWXKJ-UHFFFAOYSA-N","C11H7F15O",440.025738144,"C=CCOCC(F)(F)C(F)(F)C(F)(F)C(F)(F)C(F)(F)C(F)(F)C(F)(F)F"
"DTXSID20896280","CAS_RN: 281189-83-1","DPPZXQLFUUGHRN-UHFFFAOYSA-N","C17H13F9N2O2S",480.055402636,"CCOC(=O)C1=C(C(F)(F)C(F)(F)C(F)(F)C(F)(F)F)NC(=S)NC1c1ccccc1"
"DTXSID00195026","CAS_RN: 422-03-7","DPQNQLKPUVWGHE-UHFFFAOYSA-N","C3H4F5N",149.026390228,"NCC(F)(F)C(F)(F)F"
"",NA,"DPRKYPRZEPVBLC-UHFFFAOYSA-N","C14H22F11N2O4S",523.112463604,"C[N+](C)(CCO)CCCN(CCO)S(=O)(=O)C(F)(F)C(F)(F)C(F)(F)C(F)(F)C(F)(F)F"
"DTXSID60465994","CAS_RN: 852527-60-7","DQEDVGBNEFVPEU-UHFFFAOYSA-N","C9H6F13N3",403.035414052,"[N-]=[N+]=NCCCC(F)(F)C(F)(F)C(F)(F)C(F)(F)C(F)(F)C(F)(F)F"
"DTXSID30700420","CAS_RN: 923569-77-1","DQIJQQYCIDPTKA-UHFFFAOYSA-N","C12H9ClF7NO",351.026089128,"COc1ccc(N=C(Cl)C(F)(F)C(F)(F)C(F)(F)F)c(C)c1"
"DTXSID20896523","CAS_RN: 17559-01-2","DQIUCVXYBXGOCT-UHFFFAOYSA-N","C12H5F17O4",535.99163838,"C=CC(=O)OCC(F)(OC(F)(F)C(F)(OC(F)(F)C(F)(F)C(F)(F)F)C(F)(F)F)C(F)(F)F"
"DTXSID30896099","CAS_RN: 793-36-2","DQKFVVPVNVSDOM-UHFFFAOYSA-N","C11H8F7NO2",319.044326036,"COc1ccc(NC(=O)C(F)(F)C(F)(F)C(F)(F)F)cc1"
"",NA,"DQMPKXXBBWGASB-UHFFFAOYSA-N","C10HF21O4S",615.926022132,"O=S(=O)(O)C(F)(F)C(F)(F)C(F)(F)C(F)(F)C(F)(F)C(F)(F)C(F)(F)C(F)(F)C(F)(F)OC(F)(F)F"
"DTXSID90549655","CAS_RN: 25080-19-7","DQVDKUNLKZLJJV-UHFFFAOYSA-N","C11F23IO",711.86266168,"FC(F)(F)C(F)(OC(F)(F)C(F)(F)C(F)(F)C(F)(F)C(F)(F)C(F)(F)C(F)(F)C(F)(F)I)C(F)(F)F"
"DTXSID20382618","CAS_RN: 16083-64-0","DQVFKOBJDNVRJK-UHFFFAOYSA-N","C10H6F15IO",553.922386112,"OCC(I)CC(F)(F)C(F)(F)C(F)(F)C(F)(F)C(F)(F)C(F)(F)C(F)(F)F"
"DTXSID1021164","CAS_RN: 2266-82-2","GLUUGHFHXGJENI-UHFFFAOYSA-N","C4H10N2",86.08439832,"C1CNCCN1"
"DTXSID60896825","CAS_RN: 1980048-92-7","DQXIYVFFIHADCW-UHFFFAOYSA-N","C32H22F42I2",1457.914031944,"FC(F)(F)C(F)(F)C(F)(F)C(F)(F)C(F)(F)C(F)(F)C(F)(F)C(F)(F)C(F)(F)C(F)(F)CC(I)CCCCCCCCC(I)CC(F)(F)C(F)(F)C(F)(F)C(F)(F)C(F)(F)C(F)(F)C(F)(F)C(F)(F)C(F)(F)C(F)(F)F"
"DTXSID1071666","CAS_RN: 68957-59-5","XMRMVBVJGSKMEN-UHFFFAOYSA-N","C9H13F9N2O2S",384.055402636,"CN(C)CCCNS(=O)(=O)C(F)(F)C(F)(F)C(F)(F)C(F)(F)F"
"DTXSID20895596","CAS_RN: 118425-75-5","DQZLODWGSHAXSQ-UHFFFAOYSA-N","C7H4F7N",235.023196668,"FC(F)(F)C(F)(F)C(F)(F)c1ccc[nH]1"
"DTXSID80895254","CAS_RN: 182130-14-9","DRBIBGYUOWJFGI-UHFFFAOYSA-N","C14H13F17",504.074580156,"CCCCCCC(F)(F)C(F)(F)C(F)(F)C(F)(F)C(F)(F)C(F)(F)C(F)(F)C(F)(F)F"
"",NA,"DRDORMCNZLUQQO-UHFFFAOYSA-N","C14HF27O",697.959626592,"OC(F)(F)C(F)(F)C(F)(F)C(F)(F)C(F)(F)C(F)(F)C(F)(F)C(F)(F)C(F)(F)C(F)(F)C(F)(F)C(F)=C(F)C(F)(F)F"
"",NA,"DRGBCPCUASRQQM-UHFFFAOYSA-N","C12H12F12O2",416.064568264,"O=C(O)C(F)(F)CC(F)(F)CC(F)(F)CC(F)(F)CC(F)(F)CC(F)F"
"DTXSID60184456","CAS_RN: 30377-52-7","DRLDSHOYANTUND-UHFFFAOYSA-N","C11H5F17O2",492.00180914,"CCOC(=O)C(F)(F)C(F)(F)C(F)(F)C(F)(F)C(F)(F)C(F)(F)C(F)(F)C(F)(F)F"
"DTXSID60896749","CAS_RN: 152718-74-6","DRONRBOXQGQTDW-UHFFFAOYSA-N","C9H9F11O3Si",402.014531098,"C[Si](C)(C)OC(=O)C(F)(OC(F)(F)C(F)(F)C(F)(F)F)C(F)(F)F"
"DTXSID50377678","CAS_RN: 203302-99-2","DRRCLKOIEBNFIE-UHFFFAOYSA-N","C15H3F27O2",727.970191276,"COC(=O)C(F)(F)C(F)(F)C(F)(F)C(F)(F)C(F)(F)C(F)(F)C(F)(F)C(F)(F)C(F)(F)C(F)(F)C(F)(F)C(F)(F)C(F)(F)F"
"DTXSID40336476","CAS_RN: 122193-68-4","DRSDQADBHIDJCU-UHFFFAOYSA-N","C11H9F13O2",420.039496388,"FC(F)(F)C(F)(F)C(F)(F)C(F)(F)C(F)(F)C(F)(F)CCOCC1CO1"
"DTXSID60897534","CAS_RN: 89780-02-9","DSFNQPNFWJQALF-UHFFFAOYSA-N","C20H5F29O2",827.98264778,"OC(c1cc(C(F)(F)C(F)(F)C(F)(F)C(F)(F)C(F)(F)C(F)(F)C(F)(F)C(F)(F)F)cc(C(O)(C(F)(F)F)C(F)(F)F)c1)(C(F)(F)F)C(F)(F)F"
"DTXSID50880213","CAS_RN: 13140-34-6","DSKGYKJXZRFRDP-UHFFFAOYSA-N","C7H3F11O3",343.990654376,"COC(=O)C(F)(OC(F)(F)C(F)(F)C(F)(F)F)C(F)(F)F"
"DTXSID60190951","CAS_RN: 375-97-3","DSNMEFYRPYNWJJ-UHFFFAOYSA-N","C10HF21",519.974292652,"FC(F)C(F)(F)C(F)(F)C(F)(F)C(F)(F)C(F)(F)C(F)(F)C(F)(F)C(F)(F)C(F)(F)F"
"DTXSID0070869","CAS_RN: 67939-33-7","DSOQNQBWSKFGJG-UHFFFAOYSA-N","C12H14F9NO4S",439.049982908,"C=C(C)C(=O)OCCN(CC)S(=O)(=O)C(F)(F)C(F)(F)C(F)(F)C(F)(F)F"
"DTXSID30896195","CAS_RN: 103188-04-1","DSPWNJWBOWPKLF-UHFFFAOYSA-N","C15H8F15NO2",519.031551796,"COc1ccc(NC(=O)C(F)(F)C(F)(F)C(F)(F)C(F)(F)C(F)(F)C(F)(F)C(F)(F)F)cc1"
"DTXSID0067848","CAS_RN: 34454-97-2","DSRUAYIFDCHEEV-UHFFFAOYSA-N","C7H8F9NO3S",357.008118096,"CN(CCO)S(=O)(=O)C(F)(F)C(F)(F)C(F)(F)C(F)(F)F"
"","CAS_RN: 799267-73-5","BMOJZJACBDQBEC-UHFFFAOYSA-N","C17H19F17O4S",642.073259828,"CCCCCCCCC(OS(=O)(=O)O)C(F)(F)C(F)(F)C(F)(F)C(F)(F)C(F)(F)C(F)(F)C(F)(F)C(F)(F)F"
"DTXSID10880138","CAS_RN: 376-04-5","DSXBFFPIBZRADQ-UHFFFAOYSA-N","C13F27I",795.86135994,"FC(F)(F)C(F)(F)C(F)(F)C(F)(F)C(F)(F)C(F)(F)C(F)(F)C(F)(F)C(F)(F)C(F)(F)C(F)(F)C(F)(F)C(F)(F)I"
"DTXSID70895268","CAS_RN: 124995-00-2","DSXUTQAJEICFEW-UHFFFAOYSA-N","C6H5F9O2",280.01458338,"OCC(O)C(F)(F)C(F)(F)C(F)(F)C(F)(F)F"
"","CAS_RN: 63225-59-2","HJDYDSUVNPUFQJ-UHFFFAOYSA-N","C14H5F25O4S",743.95093514,"O=S(=O)(O)OCCC(F)(F)C(F)(F)C(F)(F)C(F)(F)C(F)(F)C(F)(F)C(F)(F)C(F)(F)C(F)(F)C(F)(F)C(F)(F)C(F)(F)F"
"DTXSID90162186","CAS_RN: 1428-33-7","DTDFWYZVBJYVPL-UHFFFAOYSA-N","C5H6F4O",158.035477692,"C=CCOC(F)(F)C(F)F"
"DTXSID50880455","CAS_RN: 52550-45-5","DTIJQLFRKLLKHX-UHFFFAOYSA-N","C15H16F17NO4S",629.052858732,"CCCN(CCOCCO)S(=O)(=O)C(F)(F)C(F)(F)C(F)(F)C(F)(F)C(F)(F)C(F)(F)C(F)(F)C(F)(F)F"
"",NA,"DTIZBINHXCMOJK-UHFFFAOYSA-N","C16HF31O3",829.943068712,"O=C(O)C(F)(F)C(F)(F)C(F)(F)C(F)(F)C(F)(F)C(F)(F)C(F)(F)C(F)(F)C(F)(F)C(F)(F)C(F)(F)C(F)(F)C(F)(F)C(F)(F)OC(F)(F)F"
"DTXSID30889183","CAS_RN: 475678-78-5","DTJCOUKHJQCCKV-UHFFFAOYSA-N","C11H13F9O2",348.077183636,"CC1(COCCC(F)(F)C(F)(F)C(F)(F)C(F)(F)F)COC1"
"DTXSID30895229","CAS_RN: 1835250-28-6","DTLGDSAWSCMUJZ-UHFFFAOYSA-N","C11H7F17",462.027629964,"CCCC(F)(F)C(F)(F)C(F)(F)C(F)(F)C(F)(F)C(F)(F)C(F)(F)C(F)(F)F"
"","CAS_RN: 153463-21-9","DUAIJEYNEJQOCE-QKOMZULVSA-N","C27H39F7O",512.288913408,"CC(CCCC(F)(C(F)(F)F)C(F)(F)F)[C@H]1CC[C@H]2[C@@H]3CC=C4C[C@@H](O)CC[C@]4(C)[C@H]3CC[C@]12C"
"DTXSID50894956","CAS_RN: 662-00-0","DUAKCVSNUIDZMC-UHFFFAOYSA-N","C4H3F7",184.012297636,"CC(F)(F)C(F)(F)C(F)(F)F"
"DTXSID20897252","CAS_RN: 467220-81-1","DUFTUFALYLRYFJ-SQOUGZDYSA-N","C8H9F7O5",318.033820928,"OC[C@H]1O[C@H](O)[C@@](O)(C(F)(F)C(F)(F)C(F)(F)F)[C@@H]1O"
"DTXSID60893339","CAS_RN: 119107-96-9","DUJGJLZIVIMXGT-UHFFFAOYSA-N","C14F26",661.95848372,"FC(F)(F)C(F)(F)C(F)(F)C(F)(F)C1(F)C(F)(F)C(F)(F)C2(F)C(F)(F)C(F)(F)C(F)(F)C(F)(F)C2(F)C1(F)F"
"DTXSID3066184","CAS_RN: 17329-79-2","DULAHVOOPMNHFB-UHFFFAOYSA-N","C11H12F9NO4S",425.034332844,"C=CC(=O)OCCN(CC)S(=O)(=O)C(F)(F)C(F)(F)C(F)(F)C(F)(F)F"
"DTXSID10895924","CAS_RN: 1205020-79-6","DUNFVEYOBISODU-UHFFFAOYSA-N","C8H3F15O3S",463.956338256,"O=S(=O)(OCC(F)(F)C(F)C(F)(F)F)C(F)(F)C(F)(F)C(F)(F)C(F)(F)F"
"DTXSID60895272","CAS_RN: 918-32-1","DUVMOWIYGIOIKQ-UHFFFAOYSA-N","C15H16F15I",608.005721812,"CCCCCCC(I)CC(F)(F)C(F)(F)C(F)(F)C(F)(F)C(F)(F)C(F)(F)C(F)(F)F"
"DTXSID80896726","CAS_RN: 29680-98-6","DVEYKCZOFBIPNL-UHFFFAOYSA-N","C19H8F30N2O2",866.010674096,"O=C(NCCCNC(=O)C(F)(F)C(F)(F)C(F)(F)C(F)(F)C(F)(F)C(F)(F)C(F)(F)F)C(F)(F)C(F)(F)C(F)(F)C(F)(F)C(F)(F)C(F)(F)C(F)(F)F"
"DTXSID40880207","CAS_RN: 5102-53-4","DVGAKXCCCMYSPK-UHFFFAOYSA-N","C14H6F24N4O2",718.010752712,"NNC(=O)C(F)(F)C(F)(F)C(F)(F)C(F)(F)C(F)(F)C(F)(F)C(F)(F)C(F)(F)C(F)(F)C(F)(F)C(F)(F)C(F)(F)C(=O)NN"
"",NA,"DVHYUBJUFWBZJS-UHFFFAOYSA-O","C15H28F7N2O8S2",561.117530396,"C[N+](C)(CCC(CO)N(CCCS(=O)(=O)O)S(=O)(=O)C(F)(F)C(F)(F)C(F)(F)F)CC(O)CO"
"",NA,"DVMOJWUXGMUXRI-UHFFFAOYSA-N","C48H77F21O19",1356.472372864,"OCCOCCOCCOCCOCCOCCOCCOCCOCCOCCOCCOCCOCCOCCOCCOCCOCCOCCOCCC(F)(F)C(F)(F)C(F)(F)C(F)(F)C(F)(F)C(F)(F)C(F)(F)C(F)(F)C(F)(F)C(F)(F)F"
"DTXSID40880121","CAS_RN: 306-95-6","DVPQLHWKBCBNDB-UHFFFAOYSA-N","C11F20",511.9680644,"FC(F)(F)C1(F)C(F)(F)C(F)(F)C2(F)C(F)(F)C(F)(F)C(F)(F)C(F)(F)C2(F)C1(F)F"
"DTXSID40728796","CAS_RN: 508194-70-5","DVQHEDSMPBFNOO-UHFFFAOYSA-N","C16H12F18O4",610.044816824,"O=C(CCC(=O)OCCC(F)(F)C(F)(F)C(F)(F)C(F)(F)F)OCCC(F)(F)C(F)(F)C(F)(F)C(F)(F)F"
"DTXSID40895457","CAS_RN: 66256-52-8","DVQLQARMQAHYFI-UHFFFAOYSA-N","C11F22",549.96487084,"FC(F)=C(F)C(F)(F)C(F)(F)C(F)(F)C(F)(F)C(F)(F)C(F)(F)C(F)(F)C(F)(F)C(F)(F)F"
"DTXSID50895685","CAS_RN: 103573-07-5","DVQXCHAOWHNHSQ-UHFFFAOYSA-N","C8F17N",432.97592874,"FC(=NC(F)(F)C(F)(F)C(F)(F)C(F)(F)F)C(F)(F)C(F)(F)C(F)(F)F"
"DTXSID10204138","CAS_RN: 55591-23-6","DVRQSALCLMEVIH-UHFFFAOYSA-N","C6ClF13O2S",417.90999478,"O=S(=O)(Cl)C(F)(F)C(F)(F)C(F)(F)C(F)(F)C(F)(F)C(F)(F)F"
"DTXSID50276475","CAS_RN: 17978-75-5","GCTMXWUUEYFTEL-UHFFFAOYSA-N","C10H11F7O2",296.064727132,"CC(C)(C)C(O)=CC(=O)C(F)(F)C(F)(F)C(F)(F)F"
"DTXSID30892596","CAS_RN: 1383438-89-8","DVWTYQIEHOTXTA-UHFFFAOYSA-N","C19H21F17N2O3S",680.100143272,"CN(C)CCCNC(=O)CC(SCCC(F)(F)C(F)(F)C(F)(F)C(F)(F)C(F)(F)C(F)(F)C(F)(F)C(F)(F)F)C(=O)O"
"DTXSID40896540","CAS_RN: 140229-81-8","DWLOORGSOPGRDQ-UHFFFAOYSA-N","C16H7F17O4",586.007288444,"O=C(OCc1ccccc1)C(F)(OC(F)(F)C(F)(OC(F)(F)C(F)(F)C(F)(F)F)C(F)(F)F)C(F)(F)F"
"DTXSID90897067","CAS_RN: 524726-48-5","DXAPKYLFBXPQRX-UHFFFAOYSA-N","C14H6F14N2O2",500.020572512,"O=C(Nc1cccc(NC(=O)C(F)(F)C(F)(F)C(F)(F)F)c1)C(F)(F)C(F)(F)C(F)(F)F"
"DTXSID20895192","CAS_RN: 214196-02-8","DXAWILAHNRJMEV-UHFFFAOYSA-N","C14H21F9",360.149954652,"CCCCCCCCCCC(F)(F)C(F)(F)C(F)(F)C(F)(F)F"
"DTXSID80895198","CAS_RN: 679-00-5","DXAXUZKHVAYWHE-UHFFFAOYSA-N","C7H10F7N",241.07014686,"CCC(N)CC(F)(F)C(F)(F)C(F)(F)F"
"DTXSID40896489","CAS_RN: 159752-92-8","DXCBQWWXMZTQFK-UHFFFAOYSA-N","C8F10O",301.97894682,"Fc1c(F)c(F)c(OC(F)(F)C(F)(F)F)c(F)c1F"
"",NA,"DXDNJIFWNYYWMT-UHFFFAOYSA-N","C4H6F5NO3S",242.998855152,"O=S(=O)(NCCO)C(F)(F)C(F)(F)F"
"DTXSID90897507","CAS_RN: 217824-95-8","DXMNIUZVFLURQX-UHFFFAOYSA-N","C18HF21O3",663.959036512,"OC(c1c(F)c(F)c(F)c(F)c1F)(c1c(F)c(F)c(F)c(F)c1F)C(F)(F)OC(F)(F)C(F)(F)OC(F)(F)C(F)(F)F"
"DTXSID50844092","CAS_RN: 919289-98-8","DXOPDXIZMCIDFV-UHFFFAOYSA-N","C12H10F9N",339.0669533,"Nc1ccc(CCC(F)(F)C(F)(F)C(F)(F)C(F)(F)F)cc1"
"",NA,"DYECIQLCZJYVHI-UHFFFAOYSA-O","C14H14F16NO2",532.076905208,"C[N+](C)(CCC(F)C(F)(F)C(F)(F)C(F)(F)C(F)(F)C(F)(F)C(F)(F)C(F)(F)F)CC(=O)O"
"DTXSID60525027","CAS_RN: 89129-70-4","DYOGLAIQTPPUBH-UHFFFAOYSA-N","C8H5F9O3",320.009498,"COC(=O)CC(=O)C(F)(F)C(F)(F)C(F)(F)C(F)(F)F"
"DTXSID70747930","CAS_RN: 462996-01-6","DYPPJKHPJMGHKW-UHFFFAOYSA-N","C20H12F26N2O4",838.038190584,"O=C(N=NC(=O)OCCCC(F)(F)C(F)(F)C(F)(F)C(F)(F)C(F)(F)C(F)(F)F)OCCCC(F)(F)C(F)(F)C(F)(F)C(F)(F)C(F)(F)C(F)(F)F"
"DTXSID60880542","CAS_RN: 64018-26-4","DYTUUAFTUFQJQV-UHFFFAOYSA-N","C12H2ClF21O",595.945884984,"O=C(Cl)CC(F)(F)C(F)(F)C(F)(F)C(F)(F)C(F)(F)C(F)(F)C(F)(F)C(F)(F)C(F)(F)C(F)(F)F"
"",NA,"DYYRANVSNRHCQD-UHFFFAOYSA-N","C8H2F14O4S",459.945024624,"O=S(=O)(O)C(F)(F)C(F)(F)OC(F)(F)C(F)(F)C(F)(F)C(F)(F)C(F)=CF"
"DTXSID10379279","CAS_RN: 57325-40-3","DZBBLQUHQSLWOV-UHFFFAOYSA-N","C9H11F7",252.074897892,"CCCCC=CC(F)(F)C(F)(F)C(F)(F)F"
"DTXSID80896564","CAS_RN: 23228-90-2","DZRJDVMVCAOKEZ-UHFFFAOYSA-N","C10F22O2",569.95470008,"FC(F)(F)C(F)(OC(F)(F)C(F)(F)C(F)(F)C(F)(F)OC(F)(C(F)(F)F)C(F)(F)F)C(F)(F)F"
"DTXSID00379783","CAS_RN: 25965-83-7","DZZAHYHMWKNGLC-UHFFFAOYSA-N","C11H7F11O2",380.027039884,"C=C(C)C(=O)OCC1(F)C(F)(F)C(F)(F)C(F)(F)C(F)(F)C1(F)F"
"DTXSID3031864","CAS_RN: 71463-74-6","YFSUTJLHUFNCNZ-UHFFFAOYSA-N","C8HF17O3S",499.937494632,"O=S(=O)(O)C(F)(F)C(F)(F)C(F)(F)C(F)(F)C(F)(F)C(F)(F)C(F)(F)C(F)(F)F"
"DTXSID00166413","CAS_RN: 1584-03-8","FAEGGADNHFKDQX-UHFFFAOYSA-N","C6F12",299.98083864,"FC(=C(C(F)(F)F)C(F)(F)F)C(F)(F)C(F)(F)F"
"DTXSID40895699","CAS_RN: 1816283-37-0","FAFCPUVROCRVGD-UHFFFAOYSA-N","C8H3BrF7N",324.933708736,"FC(F)(F)C(F)(F)C(F)(F)c1cc(Br)ccn1"
"DTXSID80896584","CAS_RN: 1882109-74-1","FAJNUIJJBSAMFG-UHFFFAOYSA-N","C8HF15O2",413.973702572,"O=C(O)C(F)(F)C(C(F)(F)F)(C(F)(F)F)C(F)(C(F)(F)F)C(F)(F)F"
"DTXSID1070854","CAS_RN: 67923-61-9","FANHPMCIAHYLOD-UHFFFAOYSA-N","C11H11F15NO6PS",600.980518002,"CCN(CCOP(=O)(O)O)S(=O)(=O)C(F)(F)C(F)(F)C(F)(F)C(F)(F)C(F)(F)C(F)(F)C(F)(F)F"
"DTXSID30896736","CAS_RN: 144862-38-4","FAODJOVFCLFVEG-UAKXSSHOSA-N","C12H11F7N2O6",412.050533612,"O=c1[nH]c(=O)n([C@@H]2O[C@H](CO)[C@@H](O)[C@H]2O)cc1C(F)(F)C(F)(F)C(F)(F)F"
"",NA,"FAQGNSRUIJUXAQ-UHFFFAOYSA-O","C13H22F7N2O7S2",515.075665584,"C[N+](C)(CCCN(CC(=O)O)S(=O)(=O)C(F)(F)C(F)(F)C(F)(F)F)CCCS(=O)(=O)O"
"DTXSID10382147","CAS_RN: 125070-38-4","FAQXMAJQQVDRQM-UHFFFAOYSA-N","C7H7F9O2",294.030233444,"OCC(O)CC(F)(F)C(F)(F)C(F)(F)C(F)(F)F"
"",NA,"FASPSFZCQDMKTH-UHFFFAOYSA-N","C48H69F29O17",1468.407169128,"OCCOCCOCCOCCOCCOCCOCCOCCOCCOCCOCCOCCOCCOCCOCCOCCOCCC(F)(F)C(F)(F)C(F)(F)C(F)(F)C(F)(F)C(F)(F)C(F)(F)C(F)(F)C(F)(F)C(F)(F)C(F)(F)C(F)(F)C(F)(F)C(F)(F)F"
"DTXSID20896088","CAS_RN: 1301739-79-6","FAXXTHFQCHDQLQ-UHFFFAOYSA-N","C12H15F9INO2",503.0003807,"CC(C)(C)OC(=O)NCC(I)CC(F)(F)C(F)(F)C(F)(F)C(F)(F)F"
"DTXSID00544671","CAS_RN: 25080-17-5","FBDUOBZWJVSNCX-UHFFFAOYSA-N","C7F15IO",511.87543592,"FC(F)(F)C(F)(OC(F)(F)C(F)(F)C(F)(F)C(F)(F)I)C(F)(F)F"
"DTXSID10336882","CAS_RN: 2994-16-3","FBFAFFNIDITULK-UHFFFAOYSA-N","C14H21F7O2",354.142977452,"CCCCCCCCCCOC(=O)C(F)(F)C(F)(F)C(F)(F)F"
"DTXSID80377686","CAS_RN: 129301-40-2","FBGFUFLXPSSLND-UHFFFAOYSA-N","C9H3F15O4",459.979181876,"COC(=O)C(F)(F)OC(F)(F)C(F)(F)OC(F)(F)C(F)(F)C(F)(F)C(F)(F)F"
"DTXSID9059830","CAS_RN: 335-71-7","FBIOXUYLJVKPPG-UHFFFAOYSA-N","C7F16O2S",451.93635176,"O=S(=O)(F)C(F)(F)C(F)(F)C(F)(F)C(F)(F)C(F)(F)C(F)(F)C(F)(F)F"
"DTXSID20379427","CAS_RN: 375-51-9","FBJVLVWUMYWJMY-UHFFFAOYSA-N","C4F9I",345.89010198,"FC(F)(F)C(F)(F)C(F)(I)C(F)(F)F"
"DTXSID40895412","CAS_RN: 181214-74-4","FBPBXYQMWDFSOE-UHFFFAOYSA-N","C6H3F11O",300.000825136,"COC(F)(F)C(F)(F)C(F)(F)C(F)(F)C(F)(F)F"
"","CAS_RN: 57765-32-9","KSWBBVLALNYULN-UHFFFAOYSA-N","C13H14F17N2O2S",585.050453428,"C[N+](C)(C)CCNS(=O)(=O)C(F)(F)C(F)(F)C(F)(F)C(F)(F)C(F)(F)C(F)(F)C(F)(F)C(F)(F)F"
"DTXSID30895749","CAS_RN: 125640-21-3","FCWDPZFBROQQBN-UHFFFAOYSA-N","C12H7F17OS",521.994615584,"CC(=O)SCCC(F)(F)C(F)(F)C(F)(F)C(F)(F)C(F)(F)C(F)(F)C(F)(F)C(F)(F)F"
"",NA,"FCYIOXJRCMYMIW-UHFFFAOYSA-O","C16H26F11N2O8S3",679.067564212,"C[N+](C)(CCCN(CCCS(=O)(=O)O)S(=O)(=O)C(F)(F)C(F)(F)C(F)(F)C(F)(F)C(F)(F)F)CCCS(=O)(=O)O"
"",NA,"FDBWXQDTWDADFR-UHFFFAOYSA-N","C7HF15O4S",465.935602812,"O=S(=O)(O)C(F)(F)C(F)(F)C(F)(F)C(F)(F)C(F)(F)C(F)(F)OC(F)(F)F"
"DTXSID2070219","CAS_RN: 65104-65-6","FDCQNVKWWMNRQN-UHFFFAOYSA-N","C20H5F37O",963.97495892,"OCCC(F)(F)C(F)(F)C(F)(F)C(F)(F)C(F)(F)C(F)(F)C(F)(F)C(F)(F)C(F)(F)C(F)(F)C(F)(F)C(F)(F)C(F)(F)C(F)(F)C(F)(F)C(F)(F)C(F)(F)C(F)(F)F"
"DTXSID80893316","CAS_RN: 105462-77-9","FDFOVWJGNPGGIZ-UHFFFAOYSA-N","C14F26",661.95848372,"FC(F)(F)C1(F)C(F)(F)C(F)(F)C(F)(F)C(F)(C2(F)C(F)(F)C(F)(F)C(F)(F)C(F)(C(F)(F)F)C2(F)F)C1(F)F"
"DTXSID10191317","CAS_RN: 37881-62-2","FDGCJTUAVVJFMB-UHFFFAOYSA-N","C6F10O2",293.97386144,"O=C(F)C(F)(F)C(F)(F)C(F)(F)C(F)(F)C(=O)F"
"DTXSID90896474","CAS_RN: 87136-79-6","FDGTYOXMAQGBCV-UHFFFAOYSA-N","C4ClF9O2",285.9443109,"FC(F)(F)OC(F)(F)C(F)(F)OC(F)(F)Cl"
"DTXSID50620171","CAS_RN: 355-34-0","FDIHRNYGDZQEAV-UHFFFAOYSA-N","C6H4F11N",299.016809548,"NCC(F)(F)C(F)(F)C(F)(F)C(F)(F)C(F)(F)F"
"DTXSID20761863","CAS_RN: 105602-69-5","FDLCNAFIXQUBBQ-UHFFFAOYSA-N","C11H11F9O",330.066618952,"CC(C)(C)C(=O)C=CC(F)(F)C(F)(F)C(F)(F)C(F)(F)F"
"DTXSID70895763","CAS_RN: 117374-31-9","FDPTXAYZTQYILM-UHFFFAOYSA-N","C13H9F17O2",520.033109268,"CCCCOC(=O)C(F)(F)C(F)(F)C(F)(F)C(F)(F)C(F)(F)C(F)(F)C(F)(F)C(F)(F)F"
"",NA,"FDVMHCRVYYXNCE-UHFFFAOYSA-N","C17H19F17N2OS",622.094663968,"CN(C)CCCNC(=O)CSCCC(F)(F)C(F)(F)C(F)(F)C(F)(F)C(F)(F)C(F)(F)C(F)(F)C(F)(F)F"
"DTXSID20163727","CAS_RN: 147492-59-9","FEBCMJRMESQQMH-UHFFFAOYSA-N","C16H21F13",460.143567532,"CCCCCCCCCCC(F)(F)C(F)(F)C(F)(F)C(F)(F)C(F)(F)C(F)(F)F"
"DTXSID40571648","CAS_RN: 433333-62-1","XAZKWGLYRRMFFE-UHFFFAOYSA-N","C11H9F13O2S",452.011567388,"O=C(O)CCSCCC(F)(F)C(F)(F)C(F)(F)C(F)(F)C(F)(F)C(F)(F)F"
"DTXSID5030030","CAS_RN: 131651-65-5","JGTNAGYHADQMCM-UHFFFAOYSA-N","C4HF9O3S",299.950268872,"O=S(=O)(O)C(F)(F)C(F)(F)C(F)(F)C(F)(F)F"
"DTXSID00896566","CAS_RN: 93776-06-8","FEEORIGTDOMEJN-UHFFFAOYSA-N","C34H45F25O11",1104.25626776,"COCCOCCOCCOCCOCCOCCOCCOCCOCCOCC(O)CC(F)(F)C(F)(F)C(F)(F)C(F)(F)C(F)(F)C(F)(F)C(F)(F)C(F)(F)C(F)(F)C(F)(F)C(F)(F)C(F)(F)F"
"DTXSID20881313","CAS_RN: 63661-51-8","AIOYDPRIRKONCK-UHFFFAOYSA-N","C16H8F17O4P",617.988875106,"O=P(O)(O)Cc1ccc(OC(F)=C(F)C(F)(F)C(F)(F)C(F)(F)C(F)(F)C(F)(F)C(F)(F)C(F)(F)F)cc1"
"DTXSID50562865","CAS_RN: 19742-57-5","KPBOPOXIOBBZTR-UHFFFAOYSA-N","C8HF15O2",413.973702572,"O=C(O)C(F)(F)C(F)(F)C(F)(F)C(F)(F)C(F)(C(F)(F)F)C(F)(F)F"
"","CAS_RN: 86525-30-6","IYYLVCKNCOIEJX-UHFFFAOYSA-N","C6HF13O2S",383.948967132,"O=S(O)C(F)(F)C(F)(F)C(F)(F)C(F)(F)C(F)(F)C(F)(F)F"
"",NA,"FEYZOUWYEAETDY-UHFFFAOYSA-N","C54H81F29O20",1600.485813372,"OCCOCCOCCOCCOCCOCCOCCOCCOCCOCCOCCOCCOCCOCCOCCOCCOCCOCCOCCOCCC(F)(F)C(F)(F)C(F)(F)C(F)(F)C(F)(F)C(F)(F)C(F)(F)C(F)(F)C(F)(F)C(F)(F)C(F)(F)C(F)(F)C(F)(F)C(F)(F)F"
"DTXSID10896512","CAS_RN: 183873-57-6","FEZXWXKYEADKJL-UHFFFAOYSA-N","C12H13F11O3",414.068904696,"CCCCCCOC(=O)C(F)(OC(F)(F)C(F)(F)C(F)(F)F)C(F)(F)F"
"DTXSID0072354","CAS_RN: 71463-79-1","FFASNDJXNSXXPR-UHFFFAOYSA-N","C12H13F15NO5PS",599.001253446,"CCN(CCCP(=O)(O)O)S(=O)(=O)C(F)(F)C(F)(F)C(F)(F)C(F)(F)C(F)(F)C(F)(F)C(F)(F)F"
"","CAS_RN: 51249-69-5","FFKSEFSHRPFWNW-UHFFFAOYSA-N","C14H2F26",663.974133784,"FC(F)(F)C(F)(F)C(F)(F)C(F)(F)C=CC(F)(F)C(F)(F)C(F)(F)C(F)(F)C(F)(F)C(F)(F)C(F)(F)C(F)(F)F"
"",NA,"FFQUPGMSRKIOLT-UHFFFAOYSA-N","C5H2F8O2",245.992705064,"O=C(O)C(F)C(F)(F)C(F)(F)C(F)(F)F"
"DTXSID40895492","CAS_RN: 503564-50-9","FGHHNAZKTIELTK-UHFFFAOYSA-N","C6H6F9O3P",327.991084662,"O=P(O)(O)CCC(F)(F)C(F)(F)C(F)(F)C(F)(F)F"
"DTXSID40895659","CAS_RN: 117374-41-1","FGOVBOZQOFWGCX-UHFFFAOYSA-N","C9H7F9O2",318.030233444,"C=C(C(=O)OCC)C(F)(F)C(F)(F)C(F)(F)C(F)(F)F"
"DTXSID90880439","CAS_RN: 1263361-02-9","AGCUFKNHQDVTAD-UHFFFAOYSA-N","C6H2F13O3P",399.953397414,"O=P(O)(O)C(F)(F)C(F)(F)C(F)(F)C(F)(F)C(F)(F)C(F)(F)F"
"DTXSID50895488","CAS_RN: 1257261-89-4","FGQWUSKFGXQYDQ-UHFFFAOYSA-N","C30H40F21I",926.1839419,"CCCCCCCCCCCCCCCCCCC(I)CC(F)(F)C(F)(F)C(F)(F)C(F)(F)C(F)(F)C(F)(F)C(F)(F)C(F)(F)C(F)(F)C(F)(F)F"
"DTXSID10859667","CAS_RN: 70225-26-2","FGTDPZOJJFPWCB-UHFFFAOYSA-N","C14H16F17N2O2S",599.066103492,"C[N+](C)(C)CCCNS(=O)(=O)C(F)(F)C(F)(F)C(F)(F)C(F)(F)C(F)(F)C(F)(F)C(F)(F)C(F)(F)F"
"DTXSID2070502","CAS_RN: 67584-50-3","FGUIJRKFZDKNCE-UHFFFAOYSA-N","C12H11Cl3F15NO2SSi",650.910582462,"CCN(CCC[Si](Cl)(Cl)Cl)S(=O)(=O)C(F)(F)C(F)(F)C(F)(F)C(F)(F)C(F)(F)C(F)(F)C(F)(F)F"
"","CAS_RN: 136909-85-8","FGWAKQKTCXBUER-UHFFFAOYSA-N","C11H4F16O",456.000666268,"CC(=O)C=C(F)C(F)(F)C(F)(F)C(F)(F)C(F)(F)C(F)(F)C(F)(F)C(F)(F)F"
"DTXSID30896352","CAS_RN: 1807450-20-9","FGWMYARQPFCFQW-UHFFFAOYSA-N","C8H3ClF7N",280.984224316,"FC(F)(F)C(F)(c1ccc(Cl)nc1)C(F)(F)F"
"DTXSID00896586","CAS_RN: 1882109-76-3","FGXQAZCGBWVETF-UHFFFAOYSA-N","C8HF15O2",413.973702572,"O=C(O)C(F)(C(F)(F)C(F)(F)C(F)(F)F)C(F)(C(F)(F)F)C(F)(F)F"
"DTXSID30172360","CAS_RN: 1895-26-7","FHENBBPEACDTCF-UHFFFAOYSA-N","C24H9F42O4P",1189.956780638,"O=P(O)(OCCC(F)(F)C(F)(F)C(F)(F)C(F)(F)C(F)(F)C(F)(F)C(F)(F)C(F)(F)C(F)(F)C(F)(F)F)OCCC(F)(F)C(F)(F)C(F)(F)C(F)(F)C(F)(F)C(F)(F)C(F)(F)C(F)(F)C(F)(F)C(F)(F)F"
"",NA,"FHLZBZHHJOUHOH-UHFFFAOYSA-N","C6H8F6O4S",290.004749056,"O=S(=O)(O)OCC(F)(F)CC(F)(F)CC(F)F"
"DTXSID20896366","CAS_RN: 238098-38-9","FHPZIZFWTWOOQW-UHFFFAOYSA-N","C10H6F7NO2",305.028675972,"Cc1cc(C(F)(C(F)(F)F)C(F)(F)F)ccc1[N+](=O)[O-]"
"DTXSID10461880","CAS_RN: 1005-73-8","FHQKLIHFKVAEEP-UHFFFAOYSA-N","C5H2F6",176.006069384,"FC1(F)C=CC(F)(F)C1(F)F"
"DTXSID80896281","CAS_RN: 93416-31-0","FHVSJLCABUCZMI-UHFFFAOYSA-N","C17H14F13NO4S",575.043595788,"COc1ccc(C2CN(C)OC2S(=O)(=O)C(F)(F)C(F)(F)C(F)(F)C(F)(F)C(F)(F)C(F)(F)F)cc1"
"DTXSID80408727","CAS_RN: 62315-14-4","FHVZUCODTNXTFJ-UHFFFAOYSA-N","C16H9F9N2O2",432.052031508,"O=C(Nc1ccc(OC(F)(F)C(F)(F)C(F)(F)C(F)(F)F)cc1)c1ccncc1"
"",NA,"FHWPTNWVEZCJTE-UHFFFAOYSA-O","C19H26F17N2O8S3",829.057983532,"C[N+](C)(CCCN(CCCS(=O)(=O)O)S(=O)(=O)C(F)(F)C(F)(F)C(F)(F)C(F)(F)C(F)(F)C(F)(F)C(F)(F)C(F)(F)F)CCCS(=O)(=O)O"
"DTXSID9037743","CAS_RN: 17741-60-5","FIAHOPQKBBASOY-UHFFFAOYSA-N","C15H7F21O2",618.011072084,"C=CC(=O)OCCC(F)(F)C(F)(F)C(F)(F)C(F)(F)C(F)(F)C(F)(F)C(F)(F)C(F)(F)C(F)(F)C(F)(F)F"
"DTXSID50896531","CAS_RN: 1622868-66-9","FIGBQVAJPJHIDX-UHFFFAOYSA-N","C11H3F17O3",505.981073696,"C=CC(=O)OC(C(F)(F)F)(C(F)(F)F)C(F)(OC(F)(F)C(F)(F)C(F)(F)F)C(F)(F)F"
"DTXSID90896439","CAS_RN: 1355555-01-9","FIOBMHPGQOLBAX-UHFFFAOYSA-N","C16H17F7O3S",422.078662944,"CCc1c(C(=O)O)ccc(C(F)(C(F)(F)F)C(F)(F)F)c1S(=O)C(C)CC"
"DTXSID50895504","CAS_RN: 160460-04-8","FIUWPWXECNIWRB-UHFFFAOYSA-N","C20H27F13",514.190517724,"CCCCCCCCCCCCC=CC(F)(F)C(F)(F)C(F)(F)C(F)(F)C(F)(F)C(F)(F)F"
"DTXSID90896116","CAS_RN: 243977-25-5","FJDNRGZXGFXROS-UHFFFAOYSA-N","C21H4F34O4",965.956668088,"C=C(CC(=O)OC(F)(F)C(F)(F)C(F)(F)C(F)(F)C(F)(F)C(F)(F)C(F)(F)C(F)(F)F)C(=O)OC(F)(F)C(F)(F)C(F)(F)C(F)(F)C(F)(F)C(F)(F)C(F)(F)C(F)(F)F"
"DTXSID40896303","CAS_RN: 782390-93-6","FJFBVHSVQZDLKQ-UHFFFAOYSA-N","C5H3F9O",250.004018696,"OCC(F)(F)C(F)(C(F)(F)F)C(F)(F)F"
"DTXSID90315130","CAS_RN: 423-60-9","FJHZKRYJOILIGD-UHFFFAOYSA-N","C8ClF17O2S",517.90360766,"O=S(=O)(Cl)C(F)(F)C(F)(F)C(F)(F)C(F)(F)C(F)(F)C(F)(F)C(F)(F)C(F)(F)F"
"DTXSID10895424","CAS_RN: 129838-43-3","FJKLXOLDHXTHSH-UHFFFAOYSA-N","C22H24F21I",814.058741388,"CCCCCCCCCCC(I)CC(F)(F)C(F)(F)C(F)(F)C(F)(F)C(F)(F)C(F)(F)C(F)(F)C(F)(F)C(F)(F)C(F)(F)F"
"DTXSID00897033","CAS_RN: 582-00-3","FJLOSCMSQHIRBF-UHFFFAOYSA-N","C14H8F7NO",339.049411416,"O=C(Nc1ccc2ccccc2c1)C(F)(F)C(F)(F)C(F)(F)F"
"DTXSID50177978","CAS_RN: 2342-07-6","FJMMRMQACFEXIL-UHFFFAOYSA-N","C10F12",347.98083864,"Fc1c(F)c(F)c2c(c1F)C(F)(F)C(F)(F)C(F)(F)C2(F)F"
"DTXSID80896362","CAS_RN: 112754-12-8","FJPYWQSQUDKSOV-UHFFFAOYSA-N","C10F14",385.97764508,"Fc1c(F)c(F)c(C(F)(C(F)(F)F)C(F)(F)F)c(C(F)(F)F)c1F"
"","CAS_RN: 61119-62-8","GPUVNNOZUXADQF-UHFFFAOYSA-N","C17H12F24O6S",799.997136384,"O=S(=O)(O)OC(COCC(F)(F)C(F)(F)C(F)(F)C(F)(F)C(F)(F)C(F)F)COCC(F)(F)C(F)(F)C(F)(F)C(F)(F)C(F)(F)C(F)F"
"DTXSID20895233","CAS_RN: 37759-88-9","FJRYHIWIYHYOTE-UHFFFAOYSA-N","C6H5F7O",226.02286232,"OCC=CC(F)(F)C(F)(F)C(F)(F)F"
"DTXSID20895233","CAS_RN: 679-03-8","FJRYHIWIYHYOTE-UHFFFAOYSA-N","C6H5F7O",226.02286232,"OCC=CC(F)(F)C(F)(F)C(F)(F)F"
"",NA,"FJVJXXCARPANEO-UHFFFAOYSA-N","C28H45F13O11",804.27542912,"OCCOCCOCCOCCOCCOCCOCCOCCOCCOCCOCCC(F)(F)C(F)(F)C(F)(F)C(F)(F)C(F)(F)C(F)(F)F"
"",NA,"FJWJTJGGZWHGJG-UHFFFAOYSA-N","C17H2F30O4",839.947405144,"O=C(O)C(F)(F)C(F)(F)C(F)(F)C(F)(F)C(F)(F)C(F)(F)C(F)(F)C(F)(F)C(F)(F)C(F)(F)C(F)(F)C(F)(F)C(F)(F)C(F)(F)C(F)(F)C(=O)O"
"",NA,"FJXADJOUUBPICV-UHFFFAOYSA-O","C16H13F21NO2",650.061096276,"C[N+](C)(CCC(F)(F)C(F)(F)C(F)(F)C(F)(F)C(F)(F)C(F)(F)C(F)(F)C(F)(F)C(F)(F)C(F)(F)F)CC(=O)O"
"",NA,"FKAAEAHUKRGMBQ-UHFFFAOYSA-N","C9H18F5N2O2S",313.100914916,"CN(CCC[N+](C)(C)C)S(=O)(=O)C(F)(F)C(F)(F)F"
"DTXSID90461500","CAS_RN: 39847-41-1","FKDMKFQVVFJJFZ-UHFFFAOYSA-N","C16HF34NO4S2",980.880408992,"O=S(=O)(NS(=O)(=O)C(F)(F)C(F)(F)C(F)(F)C(F)(F)C(F)(F)C(F)(F)C(F)(F)C(F)(F)F)C(F)(F)C(F)(F)C(F)(F)C(F)(F)C(F)(F)C(F)(F)C(F)(F)C(F)(F)F"
"DTXSID60880426","CAS_RN: 129318-48-5","KZJUHXVCAHXJLR-UHFFFAOYSA-N","C8HF18NO4S2",580.905957472,"O=S(=O)(NS(=O)(=O)C(F)(F)C(F)(F)C(F)(F)C(F)(F)F)C(F)(F)C(F)(F)C(F)(F)C(F)(F)F"
"DTXSID30896357","CAS_RN: 10271-35-9","FKUOBTQMGDYFFA-UHFFFAOYSA-N","C6F9N3",284.99485098,"Fc1nc(F)nc(C(F)(C(F)(F)F)C(F)(F)F)n1"
"DTXSID80896589","CAS_RN: 1882109-79-6","FLDAOAOUZFAVRT-UHFFFAOYSA-N","C8HF15O2",413.973702572,"O=C(O)C(F)(F)C(F)(F)C(F)(C(F)(F)C(F)(F)F)C(F)(F)C(F)(F)F"
"DTXSID00897018","CAS_RN: 149981-59-9","FLHPCAVTMZPEEL-UHFFFAOYSA-N","C11H8F14N2O2",466.036222576,"O=C(NCCCNC(=O)C(F)(F)C(F)(F)C(F)(F)F)C(F)(F)C(F)(F)C(F)(F)F"
"DTXSID80896201","CAS_RN: 1440968-21-7","FLLDEJHRVFMCRU-UHFFFAOYSA-N","C10H10F9NO3S",395.02376816,"O=C(NS(=O)(=O)C(F)(F)C(F)(F)C(F)(F)C(F)(F)F)C1CCCC1"
"",NA,"FLRPYJKROJWYBH-UHFFFAOYSA-O","C20H15F27NO2",814.06716566,"C[N+](C)(CCCC(F)(F)C(F)(F)C(F)(F)C(F)(F)C(F)(F)C(F)(F)C(F)(F)C(F)(F)C(F)(F)C(F)(F)C(F)(F)C(F)(F)C(F)(F)F)CC(=O)O"
"DTXSID40893317","CAS_RN: 105416-14-6","FLTAYQUFCBSJOH-UHFFFAOYSA-N","C10H8F15O5P",523.986983286,"O=P(O)(O)OCC(O)CC(F)(F)C(F)(F)C(F)(F)C(F)(F)C(F)(C(F)(F)F)C(F)(F)F"
"","CAS_RN: 93776-18-2","KAJPAWWSWUSXLX-UHFFFAOYSA-N","C16H19F17NO3",596.109348208,"C[N+](CCO)(CCO)CC(O)CC(F)(F)C(F)(F)C(F)(F)C(F)(F)C(F)(F)C(F)(F)C(F)(F)C(F)(F)F"
"DTXSID2029905","CAS_RN: 865-86-1","FLXYIZWPNQYPIT-UHFFFAOYSA-N","C12H5F21O",564.0005074,"OCCC(F)(F)C(F)(F)C(F)(F)C(F)(F)C(F)(F)C(F)(F)C(F)(F)C(F)(F)C(F)(F)C(F)(F)F"
"",NA,"FLZXDOGZXYXNOM-UHFFFAOYSA-O","C14H22F11N2O5S2",571.079449224,"CN(CCC[N+](C)(C)CCCS(=O)(=O)O)S(=O)(=O)C(F)(F)C(F)(F)C(F)(F)C(F)(F)C(F)(F)F"
"DTXSID30880534","CAS_RN: 64018-23-1","FMAZHALGIPCISB-UHFFFAOYSA-N","C10H2ClF17O",495.952272104,"O=C(Cl)CC(F)(F)C(F)(F)C(F)(F)C(F)(F)C(F)(F)C(F)(F)C(F)(F)C(F)(F)F"
"DTXSID60377684","CAS_RN: 330562-42-0","FMEDKXCQTKWGKE-UHFFFAOYSA-N","C11H3F19O5",575.967709376,"COC(=O)C(F)(F)OC(F)(F)C(F)(F)OC(F)(F)C(F)(F)OC(F)(F)C(F)(F)C(F)(F)C(F)(F)F"
"DTXSID00897472","CAS_RN: 124232-75-3","FMMYORNQKAYREA-UHFFFAOYSA-N","C21H12F14N2O2",590.067522704,"O=C(Nc1ccc(Cc2ccc(NC(=O)C(F)(F)C(F)(F)C(F)(F)F)cc2)cc1)C(F)(F)C(F)(F)C(F)(F)F"
"",NA,"FMRXMODDOJWYSC-UHFFFAOYSA-O","C16H22F13N2OS",537.124526184,"C[N+](C)(C)CCCNC(=O)CSCCC(F)(F)C(F)(F)C(F)(F)C(F)(F)C(F)(F)C(F)(F)F"
"DTXSID50896031","CAS_RN: 1030606-42-8","FMUNPDCTOUKDBU-UHFFFAOYSA-N","C12H8F7N",299.054496796,"Cc1c(C(F)(F)C(F)(F)C(F)(F)F)[nH]c2ccccc12"
"DTXSID70896553","CAS_RN: 87112-48-9","FNPQQUYBBRHUFI-UHFFFAOYSA-N","C12H13F13N2O3",480.071859136,"C[N+](C)([O-])CCCNC(=O)C(F)(F)C(F)(F)C(F)(F)OC(F)(F)C(F)(F)C(F)(F)F"
"DTXSID90382140","CAS_RN: 126015-32-5","FNUBKINEQIEODM-UHFFFAOYSA-N","C5H3F7O",212.007212256,"O=CCC(F)(F)C(F)(F)C(F)(F)F"
"","CAS_RN: 85857-17-6","FNWFDWVZPJMYPV-UHFFFAOYSA-N","C11H13F13O2Si",452.047723046,"COC(OC)[SiH2]CCC(F)(F)C(F)(F)C(F)(F)C(F)(F)C(F)(F)C(F)(F)F"
"DTXSID2060965","CAS_RN: 662-50-0","FOBJABJCODOMEO-UHFFFAOYSA-N","C4H2F7NO",213.002461224,"NC(=O)C(F)(F)C(F)(F)C(F)(F)F"
"DTXSID7068556","CAS_RN: 68957-61-9","INDOGKYZYLAGEM-UHFFFAOYSA-N","C11H13F13N2O2S",484.049015516,"CN(C)CCCNS(=O)(=O)C(F)(F)C(F)(F)C(F)(F)C(F)(F)C(F)(F)C(F)(F)F"
"","CAS_RN: 107831-93-6","FOSSNNCPAUONPQ-UHFFFAOYSA-N","C10H10F9I",427.9683523,"CCCCC(I)=CC(F)(F)C(F)(F)C(F)(F)C(F)(F)F"
"","CAS_RN: 59493-72-0","FJKOCVKLQDYFKI-UHFFFAOYSA-O","C22H20F19N2O2",705.12213906,"C[N+](C)(C)CCCNC(=O)c1ccc(OC(F)(F)C(F)(F)C(F)(F)C(F)(F)C(F)(F)C(F)(F)C(F)(F)C(F)(F)C(F)(F)F)cc1"
"DTXSID00896506","CAS_RN: 183873-54-3","FOVHLTOENOSCBW-UHFFFAOYSA-N","C10H9F11O3",386.037604568,"CC(C)COC(=O)C(F)(OC(F)(F)C(F)(F)C(F)(F)F)C(F)(F)F"
"DTXSID90648137","CAS_RN: 62656-74-0","FOZCIODRBSSQFH-UHFFFAOYSA-N","C7H5F7O3",270.01269156,"O=C(O)CCC(=O)C(F)(C(F)(F)F)C(F)(F)F"
"DTXSID10241124","CAS_RN: 94231-57-9","FPBNSCOPAZCJAV-UHFFFAOYSA-N","C14H5F21O2",603.99542202,"C=CC(=O)OCC(F)(F)C(F)(F)C(F)(F)C(F)(F)C(F)(F)C(F)(F)C(F)(F)C(F)(F)C(F)(F)C(F)(F)F"
"",NA,"FPDUFYFPDFGZIW-UHFFFAOYSA-N","C34H49F21O12",1048.288869628,"OCCOCCOCCOCCOCCOCCOCCOCCOCCOCCOCCOCCC(F)(F)C(F)(F)C(F)(F)C(F)(F)C(F)(F)C(F)(F)C(F)(F)C(F)(F)C(F)(F)C(F)(F)F"
"DTXSID80880463","CAS_RN: 54009-77-7","FPGGDOYJDKTVNV-UHFFFAOYSA-N","C18H5F31O",825.9845396,"FC(F)(F)C(F)(C(F)(F)F)C(F)(F)C(F)(F)C(F)(F)C(F)(F)C(F)(F)C(F)(F)C(F)(F)C(F)(F)C(F)(F)C(F)(F)C(F)(F)C(F)(F)CC1CO1"
"DTXSID70880174","CAS_RN: 1813-83-8","FPHLHLVYLCQBKG-UHFFFAOYSA-N","C10H8F12I2",609.852384896,"FC(F)(CCI)C(F)(F)C(F)(F)C(F)(F)C(F)(F)C(F)(F)CCI"
"DTXSID8031863","CAS_RN: 328531-06-2","UZUFPBIDKMEQEQ-UHFFFAOYSA-N","C9HF17O2",463.970509012,"O=C(O)C(F)(F)C(F)(F)C(F)(F)C(F)(F)C(F)(F)C(F)(F)C(F)(F)C(F)(F)F"
"",NA,"FPKYVUSWHGEBAW-UHFFFAOYSA-N","C18H22F17NO6S",703.089638164,"CCN(CCOCCOCCOCCO)S(=O)(=O)C(F)(F)C(F)(F)C(F)(F)C(F)(F)C(F)(F)C(F)(F)C(F)(F)C(F)(F)F"
"DTXSID40446665","CAS_RN: 132665-00-0","FPLJNGUIASXYLD-UHFFFAOYSA-N","C11H10F13IO",531.9568798,"OCCCC(I)CC(F)(F)C(F)(F)C(F)(F)C(F)(F)C(F)(F)C(F)(F)F"
"DTXSID60892963","CAS_RN: 1513863-79-0","FPPMMZOESICKHH-UHFFFAOYSA-N","C17H13F23N2O",698.066062096,"CN(C)CCCNC(=O)C(F)(F)C(F)(F)C(F)(F)C(F)(F)C(F)(F)C(F)(F)C(F)(F)C(F)(F)C(F)(F)C(F)(F)C(F)(F)F"
"DTXSID30895406","CAS_RN: 1309378-06-0","FPQVMLAHTLHXTN-UHFFFAOYSA-N","C22H19F27",796.105562548,"CCCCCCCCCC(F)(F)C(F)(F)C(F)(F)C(F)(F)C(F)(F)C(F)(F)C(F)(F)C(F)(F)C(F)(F)C(F)(F)C(F)(F)C(F)(F)C(F)(F)F"
"DTXSID7066300","CAS_RN: 18024-09-4","FQAXLPZGSQABMD-UHFFFAOYSA-N","C15HF29O2",763.951347652,"O=C(O)C(F)(F)C(F)(F)C(F)(F)C(F)(F)C(F)(F)C(F)(F)C(F)(F)C(F)(F)C(F)(F)C(F)(F)C(F)(F)C(F)(C(F)(F)F)C(F)(F)F"
"",NA,"FQCZAOVFXUUAHV-UHFFFAOYSA-N","C6HClF12O4S",431.909245832,"O=S(=O)(O)C(F)(F)C(F)(F)OC(F)(F)C(F)(F)C(F)(F)C(F)(F)Cl"
"DTXSID60452864","CAS_RN: 219985-31-6","FQHAQDHIVUWHLC-UHFFFAOYSA-N","C42H24F39P",1300.099287978,"FC(F)(F)C(F)(F)C(F)(F)C(F)(F)C(F)(F)C(F)(F)CCc1ccc(P(c2ccc(CCC(F)(F)C(F)(F)C(F)(F)C(F)(F)C(F)(F)C(F)(F)F)cc2)c2ccc(CCC(F)(F)C(F)(F)C(F)(F)C(F)(F)C(F)(F)C(F)(F)F)cc2)cc1"
"DTXSID6062204","CAS_RN: 2144-54-9","FQHLOOOXLDQLPF-UHFFFAOYSA-N","C16H9F21O2",632.026722148,"C=C(C)C(=O)OCCC(F)(F)C(F)(F)C(F)(F)C(F)(F)C(F)(F)C(F)(F)C(F)(F)C(F)(F)C(F)(F)C(F)(F)F"
"",NA,"FQKBJSUFBIZAKR-UHFFFAOYSA-N","C3H2F7NO2S",248.969446844,"NS(=O)(=O)C(F)(F)C(F)(F)C(F)(F)F"
"DTXSID70154988","CAS_RN: 1259-35-4","FQLSDFNKTNBQLC-UHFFFAOYSA-N","C18F15P",531.94980993,"Fc1c(F)c(F)c(P(c2c(F)c(F)c(F)c(F)c2F)c2c(F)c(F)c(F)c(F)c2F)c(F)c1F"
"DTXSID90896338","CAS_RN: 273735-34-5","FQPRLZDVXVSBBL-UHFFFAOYSA-N","C11H10F7N",289.07014686,"CCc1cc(C(F)(C(F)(F)F)C(F)(F)F)ccc1N"
"DTXSID30401167","CAS_RN: 119489-67-7","FQQMUCAKAYUZFS-UHFFFAOYSA-N","C14H6F17N",511.022878932,"Nc1cccc(C(F)(F)C(F)(F)C(F)(F)C(F)(F)C(F)(F)C(F)(F)C(F)(F)C(F)(F)F)c1"
"DTXSID10379991","CAS_RN: 1651-41-8","FQTWAKFTSLUFFS-UHFFFAOYSA-N","C11H7F17O",478.022544584,"OCCCC(F)(F)C(F)(F)C(F)(F)C(F)(F)C(F)(F)C(F)(F)C(F)(F)C(F)(F)F"
"DTXSID80881379","CAS_RN: 871311-26-1","FREOHYPICVRTKK-UHFFFAOYSA-N","C27H39F17",686.278030988,"CCCCCCCCCCCCCCCCCCCC(F)(F)C(F)(F)C(F)(F)C(F)(F)C(F)(F)C(F)(F)C(F)(F)C(F)(F)F"
"",NA,"FRGQFEVGSLUETE-UHFFFAOYSA-O","C25H20F33N2O4S",1071.06168438,"C[N+](C)(CCCNS(=O)(=O)CCC(F)(F)C(F)(F)C(F)(F)C(F)(F)C(F)(F)C(F)(F)C(F)(F)C(F)(F)C(F)(F)C(F)(F)C(F)(F)C(F)(F)C(F)(F)C(F)(F)C(F)(F)C(F)(F)F)CC(=O)O"
"DTXSID60377821","CAS_RN: 3792-02-7","FROXCSGRCWYTIE-UHFFFAOYSA-N","C8H9F9O",292.050968888,"OCCCCC(F)(F)C(F)(F)C(F)(F)C(F)(F)F"
"",NA,"FRTQGKCQPPSKJQ-UHFFFAOYSA-N","C9HF17O4S",527.932409252,"O=C(F)C(F)(F)C(F)(F)C(F)(F)C(F)(F)C(F)(F)C(F)(F)C(F)(F)C(F)(F)S(=O)(=O)O"
"DTXSID30379938","CAS_RN: 242142-82-1","FRVXTIVSYJQTRB-UHFFFAOYSA-N","C18H3F35O",899.962502416,"OCC(F)(F)C(F)(F)C(F)(F)C(F)(F)C(F)(F)C(F)(F)C(F)(F)C(F)(F)C(F)(F)C(F)(F)C(F)(F)C(F)(F)C(F)(F)C(F)(F)C(F)(F)C(F)(F)C(F)(F)F"
"DTXSID60896300","CAS_RN: 131118-41-7","FRWNFXLINJSLBN-UHFFFAOYSA-N","C5H3F7O",212.007212256,"O=CCC(F)(C(F)(F)F)C(F)(F)F"
"DTXSID50301791","CAS_RN: 424-55-5","FRXPVVIRFRGXMQ-UHFFFAOYSA-N","C8H7F7O4S",331.995327244,"O=C(O)CSC(CC(=O)O)C(F)(F)C(F)(F)C(F)(F)F"
"DTXSID10886372","CAS_RN: 59852-65-2","FRXPWPKRXZUZRK-UHFFFAOYSA-N","C23HF47O7",1281.897178712,"FC(OC(F)(F)C(F)(OC(F)(F)C(F)(OC(F)(F)C(F)(OC(F)(F)C(F)(OC(F)(F)C(F)(OC(F)(F)C(F)(OC(F)(F)C(F)(F)C(F)(F)F)C(F)(F)F)C(F)(F)F)C(F)(F)F)C(F)(F)F)C(F)(F)F)C(F)(F)F)C(F)(F)F"
"DTXSID20206380","CAS_RN: 93857-45-5","MCYKSXMNSXNCIY-UHFFFAOYSA-N","C12H6F21O4P",643.966837922,"O=P(O)(O)OCCC(F)(F)C(F)(F)C(F)(F)C(F)(F)C(F)(F)C(F)(F)C(F)(F)C(F)(F)C(F)(F)C(F)(F)F"
"DTXSID10895409","CAS_RN: 84551-43-9","FSOCDJTVKIHJDC-UHFFFAOYSA-N","C10H2F18",463.986908024,"FC(F)(F)C(F)(F)C(F)(F)C(F)(F)C=CC(F)(F)C(F)(F)C(F)(F)C(F)(F)F"
"",NA,"FSTPMVQHNXZCGF-UHFFFAOYSA-N","C16H2F30O2",795.957575904,"O=C(O)C(F)C(F)(F)C(F)(F)C(F)(F)C(F)(F)C(F)(F)C(F)(F)C(F)(F)C(F)(F)C(F)(F)C(F)(F)C(F)(F)C(F)(F)C(F)(F)C(F)(F)F"
"DTXSID8031863","CAS_RN: 77032-23-6","UZUFPBIDKMEQEQ-UHFFFAOYSA-N","C9HF17O2",463.970509012,"O=C(O)C(F)(F)C(F)(F)C(F)(F)C(F)(F)C(F)(F)C(F)(F)C(F)(F)C(F)(F)F"
"",NA,"FSVJFJWJQWUNCW-UHFFFAOYSA-N","C8H3F15O3S",463.956338256,"O=S(=O)(O)CC(F)(F)C(F)(F)C(F)(F)C(F)(F)C(F)(F)C(F)(F)C(F)(F)F"
"",NA,"FSYPSOJVIOICOV-UHFFFAOYSA-N","C13HF25O3S",711.924720392,"O=S(=O)(O)C(F)(F)C(F)(F)C(F)(F)C(F)(F)C(F)(F)C(F)(F)C(F)(F)C(F)(F)C(F)(F)C(F)(F)C(F)=C(F)C(F)(F)F"
"DTXSID00584835","CAS_RN: 865758-37-8","FSYYFUVFEYRUHN-UHFFFAOYSA-N","C30H20ClF17O",754.09312268,"COc1ccc(C(Cl)(c2ccccc2)c2ccc(CCC(F)(F)C(F)(F)C(F)(F)C(F)(F)C(F)(F)C(F)(F)C(F)(F)C(F)(F)F)cc2)cc1"
"","CAS_RN: 90179-39-8","FTAFFTSOJBRORR-UHFFFAOYSA-O","C15H16F15N2O3",557.092140672,"C[N+](C)(CCCNC(=O)C(F)(F)C(F)(F)C(F)(F)C(F)(F)C(F)(F)C(F)(F)C(F)(F)F)CC(=O)O"
"",NA,"FTAFFTSOJBRORR-UHFFFAOYSA-O","C15H16F15N2O3",557.092140672,"C[N+](C)(CCCNC(=O)C(F)(F)C(F)(F)C(F)(F)C(F)(F)C(F)(F)C(F)(F)C(F)(F)F)CC(=O)O"
"DTXSID40381981","CAS_RN: 117146-18-6","FTECWCULPOFDJS-UHFFFAOYSA-N","C24H33F17",644.231080796,"CCCCCCCCCCCCCCCCC(F)(F)C(F)(F)C(F)(F)C(F)(F)C(F)(F)C(F)(F)C(F)(F)C(F)(F)F"
"DTXSID90880191","CAS_RN: 3145-68-4","FTLIVFJKISSELN-UHFFFAOYSA-N","C16H5F30N",780.99429576,"FC(F)(F)C(F)(F)C(F)(F)C(F)(F)C(F)(F)C(F)(F)C(F)(F)CNCC(F)(F)C(F)(F)C(F)(F)C(F)(F)C(F)(F)C(F)(F)C(F)(F)F"
"DTXSID60896183","CAS_RN: 1610931-26-4","FTSFKJUGJTZVJF-UHFFFAOYSA-N","C10HF11N2",357.996408452,"Fc1c(F)c(F)c2c(C(F)(F)C(F)(F)C(F)(F)F)n[nH]c2c1F"
"DTXSID00896228","CAS_RN: 146304-76-9","FTSLLNVJWFPHQG-UHFFFAOYSA-N","C14H5F13N2O",464.01942964,"FC(F)(F)C(F)(F)C(F)(F)C(F)(F)C(F)(F)C(F)(F)c1nc(-c2ccccc2)no1"
"DTXSID30175730","CAS_RN: 2145-68-8","FTTQCEGWFGHNDU-UHFFFAOYSA-N","C9H11F5O2",246.067920692,"CC(C)(C)C(=O)CC(=O)C(F)(F)C(F)(F)F"
"DTXSID30895269","CAS_RN: 152220-76-3","FTUOFEXYTAPMKP-UHFFFAOYSA-N","C9H11F9O2",322.061533572,"OCC(CO)CCC(F)(F)C(F)(F)C(F)(F)C(F)(F)F"
"DTXSID7066063","CAS_RN: 16486-94-5","FTUYMACVNWCLNM-UHFFFAOYSA-N","C11HF21O2",563.964121892,"O=C(O)C(F)(F)C(F)(F)C(F)(F)C(F)(F)C(F)(F)C(F)(F)C(F)(F)C(F)(C(F)(F)F)C(F)(F)F"
"DTXSID90893524","CAS_RN: 452912-11-7","FTWZHENHOZOCPQ-UHFFFAOYSA-N","C18H8F26N2O4",810.006890456,"O=C(N=NC(=O)OCCC(F)(F)C(F)(F)C(F)(F)C(F)(F)C(F)(F)C(F)(F)F)OCCC(F)(F)C(F)(F)C(F)(F)C(F)(F)C(F)(F)C(F)(F)F"
"DTXSID90896595","CAS_RN: 705240-04-6","FUGOJSZHPNUCLK-UHFFFAOYSA-N","C8HF15O2",413.973702572,"O=C(O)C(F)(F)C(F)(C(F)(F)F)C(F)(F)C(F)(F)C(F)(F)C(F)(F)F"
"DTXSID50896293","CAS_RN: 1274903-97-7","FUHVEPPHYBKPIV-UHFFFAOYSA-N","C5H4BrF7",275.938459768,"FC(F)(F)C(F)(CCBr)C(F)(F)F"
"DTXSID70215028","CAS_RN: 647-12-1","FULLNJNBFUCVES-UHFFFAOYSA-N","C8F15N",394.9791223,"N#CC(F)(F)C(F)(F)C(F)(F)C(F)(F)C(F)(F)C(F)(F)C(F)(F)F"
"DTXSID80895274","CAS_RN: 332136-76-2","FUNGIPYUUZNTQZ-UHFFFAOYSA-N","C12H4BrF21",625.916104848,"FC(F)(F)C(F)(F)C(F)(F)C(F)(F)C(F)(F)C(F)(F)C(F)(F)C(F)(F)C(F)(F)C(F)(F)CCBr"
"DTXSID80388474","CAS_RN: 16557-94-1","FUSBVOVTUYPKLS-UHFFFAOYSA-N","C8HClF14O2",429.944152032,"O=C(O)C(F)(F)C(F)(F)C(F)(F)C(F)(F)C(F)(F)C(F)(F)C(F)(F)Cl"
"","CAS_RN: 30334-69-1","FUVKFLJWBHVMHX-UHFFFAOYSA-N","C4H2F9NO2S",298.966253284,"NS(=O)(=O)C(F)(F)C(F)(F)C(F)(F)C(F)(F)F"
"DTXSID6070514","CAS_RN: 67584-63-8","FUWUVCJRFPBKEF-UHFFFAOYSA-N","C10H12F9NO4S",413.034332844,"CCOC(=O)CN(CC)S(=O)(=O)C(F)(F)C(F)(F)C(F)(F)C(F)(F)F"
"DTXSID60382157","CAS_RN: 22325-71-9","FVBKAFXHWXBINM-UHFFFAOYSA-N","C5F9N",244.98870298,"N#CC(F)(F)C(F)(F)C(F)(F)C(F)(F)F"
"DTXSID10833689","CAS_RN: 854992-57-7","FVBNTOULJJXFBP-UHFFFAOYSA-N","C11H5F9O",324.01966876,"FC(OC(F)(F)C(F)(F)C(F)(F)F)=C(F)c1ccccc1"
"DTXSID70631188","CAS_RN: 137780-68-8","FVFNWXWHNHZNFS-UHFFFAOYSA-N","C7HF13O3",379.971810752,"O=C(O)C(F)(OC(F)(F)C(F)(F)C(F)(F)C(F)(F)F)C(F)(F)F"
"DTXSID40583342","CAS_RN: 892154-51-7","FVFREHJGVAWXEQ-UHFFFAOYSA-N","C14H13F9O2",384.077183636,"OCc1ccc(OCCCC(F)(F)C(F)(F)C(F)(F)C(F)(F)F)cc1"
"",NA,"FVJAERWLICOZSD-UHFFFAOYSA-N","C6H5F9O4S",343.97648362,"O=S(=O)(O)C(O)CC(F)(F)C(F)(F)C(F)(F)C(F)(F)F"
"","CAS_RN: 1946796-71-9","FVKWUSQLPAJKRY-UHFFFAOYSA-N","C16H6F26",692.005433912,"FC(F)(F)C(F)(F)C(F)(F)C(CC=CCC(C(F)(F)F)(C(F)(F)F)C(F)(F)C(F)(F)C(F)(F)F)(C(F)(F)F)C(F)(F)F"
"DTXSID8047553","CAS_RN: 97163-17-2","SIDINRCMMRKXGQ-UHFFFAOYSA-N","C11HF21O2",563.964121892,"O=C(O)C(F)(F)C(F)(F)C(F)(F)C(F)(F)C(F)(F)C(F)(F)C(F)(F)C(F)(F)C(F)(F)C(F)(F)F"
"DTXSID00896283","CAS_RN: 351346-36-6","FVSATDQRASQLEK-UHFFFAOYSA-N","C14H9F7N6S",426.049762828,"Cc1cc(C)nc(Sc2ccc3nnc(C(F)(F)C(F)(F)C(F)(F)F)n3n2)n1"
"DTXSID00883911","CAS_RN: 2923-93-5","FVSDJPACEHXABM-UHFFFAOYSA-N","C32H41F7N2O4",650.295455332,"CCCCC(Oc1ccc(C(C)(C)CC)cc1C(C)(C)CC)C(=O)Nc1ccc(NC(=O)C(F)(F)C(F)(F)C(F)(F)F)c(O)c1"
"DTXSID401010250",NA,"FVTWEZSMWJNXDP-OWOJBTEDSA-N","C5H2F8O3S",293.959690684,"O=S(=O)(O)C(F)(F)C(F)/C(F)=C(\F)C(F)(F)F"
"DTXSID50896238","CAS_RN: 95654-14-1","FWAHHXBYEZUSRR-UHFFFAOYSA-N","C22H32F7NO7",555.206699904,"CC(C)COC(=O)C(CC(C(=O)OCC(C)C)C(=O)OCC(C)C)NC(=O)C(F)(F)C(F)(F)C(F)(F)F"
"DTXSID80893351","CAS_RN: 152992-46-6","FWFYREMNEFLCAK-UHFFFAOYSA-N","C15H17F17O2Si",580.072636054,"CCO[Si](C)(CCC(F)(F)C(F)(F)C(F)(F)C(F)(F)C(F)(F)C(F)(F)C(F)(F)C(F)(F)F)OCC"
"DTXSID60881054","CAS_RN: 93776-28-4","QHIGFJQLSNDTTI-UHFFFAOYSA-N","C38H9F70O4P",1889.912070798,"O=P(O)(OCCC(F)(F)C(F)(F)C(F)(F)C(F)(F)C(F)(F)C(F)(F)C(F)(F)C(F)(F)C(F)(F)C(F)(F)C(F)(F)C(F)(F)C(F)(F)C(F)(F)C(F)(C(F)(F)F)C(F)(F)F)OCCC(F)(F)C(F)(F)C(F)(F)C(F)(F)C(F)(F)C(F)(F)C(F)(F)C(F)(F)C(F)(F)C(F)(F)C(F)(F)C(F)(F)C(F)(F)C(F)(F)C(F)(C(F)(F)F)C(F)(F)F"
"DTXSID7070218","CAS_RN: 65104-64-5","FXIGCVJVDAFVIC-UHFFFAOYSA-N","C23H7F37O2",1017.985523604,"C=CC(=O)OCCC(F)(F)C(F)(F)C(F)(F)C(F)(F)C(F)(F)C(F)(F)C(F)(F)C(F)(F)C(F)(F)C(F)(F)C(F)(F)C(F)(F)C(F)(F)C(F)(F)C(F)(F)C(F)(F)C(F)(F)C(F)(F)F"
"DTXSID10370988","CAS_RN: 15242-17-8","FXUHCQHWDACOKK-UHFFFAOYSA-N","C6H5F7O",226.02286232,"C=CCOC(F)(C(F)(F)F)C(F)(F)F"
"DTXSID00896521","CAS_RN: 340034-61-9","FXZCUFFOPKNPDY-UHFFFAOYSA-N","C14H17F11O3",442.100204824,"CCCCC(CC)COC(=O)C(F)(OC(F)(F)C(F)(F)C(F)(F)F)C(F)(F)F"
"",NA,"FXZSYNXDEDCXIS-UHFFFAOYSA-N","C26H41F13O10",760.249214372,"OCCOCCOCCOCCOCCOCCOCCOCCOCCOCCC(F)(F)C(F)(F)C(F)(F)C(F)(F)C(F)(F)C(F)(F)F"
"DTXSID20880164","CAS_RN: 754-87-0","FYCDNYFZFQEDJN-UHFFFAOYSA-N","C9HCl5F12O2",543.822756312,"O=C(O)C(F)(Cl)C(F)(F)C(F)(Cl)C(F)(F)C(F)(Cl)C(F)(F)C(F)(Cl)C(F)(F)Cl"
"DTXSID60871632","CAS_RN: 335-36-4","FYJQJMIEZVMYSD-UHFFFAOYSA-N","C8F16O",415.96936614,"FC(F)(F)C(F)(F)C(F)(F)C(F)(F)C1(F)OC(F)(F)C(F)(F)C1(F)F"
"DTXSID20881151","CAS_RN: 94159-80-5","FYKFVLMDMBLILP-UHFFFAOYSA-N","C18H19F21N2O",678.116205848,"CN(C)CCCNCC(O)CC(F)(F)C(F)(F)C(F)(F)C(F)(F)C(F)(F)C(F)(F)C(F)(F)C(F)(F)C(F)(F)C(F)(F)F"
"","CAS_RN: 106443-63-4","FYLNQBRDGGUBGA-UHFFFAOYSA-N","C8H6F13NO3S",442.986080912,"O=S(=O)(NCCO)C(F)(F)C(F)(F)C(F)(F)C(F)(F)C(F)(F)C(F)(F)F"
"DTXSID20566779","CAS_RN: 143094-26-2","FYNRUUHZYNMDNP-UHFFFAOYSA-N","C11H5F13N2",412.02451502,"Nc1ccncc1C(F)(F)C(F)(F)C(F)(F)C(F)(F)C(F)(F)C(F)(F)F"
"DTXSID20880568","CAS_RN: 67824-44-6","FYPAMSWJAKTIGA-UHFFFAOYSA-N","C12H7F19O2",544.014265644,"OCC(O)CC(F)(F)C(F)(F)C(F)(F)C(F)(F)C(F)(F)C(F)(F)C(F)(C(F)(F)F)C(F)(F)F"
"DTXSID8067076","CAS_RN: 25291-17-2","FYQFWFHDPNXORA-UHFFFAOYSA-N","C8H3F13",346.002716956,"C=CC(F)(F)C(F)(F)C(F)(F)C(F)(F)C(F)(F)C(F)(F)F"
"DTXSID00897154","CAS_RN: 88435-87-4","FYWCNWDCUWMVFO-RXMQYKEDSA-N","C11H12F7NO5",371.060370024,"CCOC(=O)[C@@H](CCC(=O)O)NC(=O)C(F)(F)C(F)(F)C(F)(F)F"
"DTXSID20895718","CAS_RN: 156575-40-5","FYYKNAPCRXPWEY-UHFFFAOYSA-N","C9H7F13O3S",441.990831944,"CS(=O)(=O)OCCC(F)(F)C(F)(F)C(F)(F)C(F)(F)C(F)(F)C(F)(F)F"
"",NA,"FZCRAUGJBWCZQX-UHFFFAOYSA-O","C18H24F17N2O6S2",751.080433228,"C[N+](C)(CCO)CCCN(CCCS(=O)(=O)O)S(=O)(=O)C(F)(F)C(F)(F)C(F)(F)C(F)(F)C(F)(F)C(F)(F)C(F)(F)C(F)(F)F"
"DTXSID00895514","CAS_RN: 140834-59-9","FZCXKUMBLKTHGQ-UHFFFAOYSA-N","C13H4F21N",573.000841748,"N#CCCC(F)(F)C(F)(F)C(F)(F)C(F)(F)C(F)(F)C(F)(F)C(F)(F)C(F)(F)C(F)(F)C(F)(F)F"
"DTXSID60895616","CAS_RN: 170118-61-3","FZHOYNJTYKXPSU-UHFFFAOYSA-N","C8H7F7O2",268.033427004,"CCOC=CC(=O)C(F)(F)C(F)(F)C(F)(F)F"
"DTXSID60895616","CAS_RN: 184783-37-7","FZHOYNJTYKXPSU-UHFFFAOYSA-N","C8H7F7O2",268.033427004,"CCOC=CC(=O)C(F)(F)C(F)(F)C(F)(F)F"
"DTXSID70896073","CAS_RN: 107070-94-0","FZOUABSFDUBWEC-UHFFFAOYSA-N","C8H9F9N2O2",336.052031508,"CNC(=O)C(O)(NC)C(F)(F)C(F)(F)C(F)(F)C(F)(F)F"
"DTXSID50880995","CAS_RN: 84041-66-7","FZTKCIWSVIVEKI-UHFFFAOYSA-N","C8F16O3",447.95919538,"FC(F)(F)C(F)(F)OC1(F)OC(F)(C(F)(F)F)C(F)(F)OC1(F)C(F)(F)F"
"DTXSID90558000","CAS_RN: 57678-01-0","FZTRDYSPWWJCOF-UHFFFAOYSA-N","C8H6F13O4P",443.979612162,"O=P(O)(O)OCCC(F)(F)C(F)(F)C(F)(F)C(F)(F)C(F)(F)C(F)(F)F"
"DTXSID2070508","CAS_RN: 67584-56-9","FZWFDJBZTLTRGH-UHFFFAOYSA-N","C11H10F11NO4S",461.01548922,"C=CC(=O)OCCN(C)S(=O)(=O)C(F)(F)C(F)(F)C(F)(F)C(F)(F)C(F)(F)F"
"",NA,"GAEUOVYQCKBCJA-UHFFFAOYSA-O","C12H13F13NO2",450.073870516,"C[N+](C)(CCC(F)(F)C(F)(F)C(F)(F)C(F)(F)C(F)(F)C(F)(F)F)CC(=O)O"
"DTXSID40897052","CAS_RN: 88435-83-0","GAHLLWWTAWUXEK-UHFFFAOYSA-N","C10H10F7NO5",357.04471996,"CCOC(=O)C(CC(=O)O)NC(=O)C(F)(F)C(F)(F)C(F)(F)F"
"DTXSID80863059","CAS_RN: 2927-83-5","GAKSVIQMUADMSK-UHFFFAOYSA-N","C4F8O2",231.977055,"O=C(F)C(F)(OC(F)(F)F)C(F)(F)F"
"DTXSID90896237","CAS_RN: 83650-67-3","GALFVTLALVXPCQ-UHFFFAOYSA-N","C14H7F14NO4",519.015152784,"O=C(O)c1[nH]c(C(=O)O)c(CC(F)(F)C(F)(F)C(F)(F)F)c1CC(F)(F)C(F)(F)C(F)(F)F"
"DTXSID20758051","CAS_RN: 92604-91-6","GASXCMFGMORIFO-UHFFFAOYSA-N","C10H3F15O",423.994438016,"CC(=O)C(F)=C(F)C(F)(F)C(F)(F)C(F)(F)C(F)(F)C(F)(F)C(F)(F)F"
"DTXSID40880222","CAS_RN: 15538-93-9","GATGUNJRFUIHOM-UHFFFAOYSA-N","C6H6Cl3F7OSi",359.914171922,"FC(F)(F)C(F)(OCCC[Si](Cl)(Cl)Cl)C(F)(F)F"
"DTXSID70896230","CAS_RN: 165618-98-4","GAVHLPDPYHDYNF-UHFFFAOYSA-N","C12H9F9N2O3S",432.019017128,"NS(=O)(=O)c1ccc(CNC(=O)C(F)(F)C(F)(F)C(F)(F)C(F)(F)F)cc1"
"DTXSID20382052","CAS_RN: 212563-43-4","GBDROMNKGSCMDH-UHFFFAOYSA-N","C7H2F13I",459.899364924,"FC(F)(F)C(F)(F)C(F)(F)C(F)(F)C(F)(F)C(F)(F)CI"
"DTXSID40896565","CAS_RN: 57024-21-2","GBEZENOMWXBFSZ-UHFFFAOYSA-N","C10H5F7O2",290.01777694,"O=C(OC(F)(C(F)(F)F)C(F)(F)F)c1ccccc1"
"DTXSID40185108","CAS_RN: 31185-53-2","GBFSEHYWHMNICI-UHFFFAOYSA-N","C6H7F7N2",240.049745764,"FC(F)(F)C(F)(F)C(F)(F)C1NCCN1"
"DTXSID6071661","CAS_RN: 68555-72-6","GBPAQIZWHVCENQ-UHFFFAOYSA-N","C9H10F11NO3S",421.0205746,"CCN(CCO)S(=O)(=O)C(F)(F)C(F)(F)C(F)(F)C(F)(F)C(F)(F)F"
"DTXSID5073119","CAS_RN: 813458-04-7","SQEGLLMNIBLLNQ-UHFFFAOYSA-N","C6H5F9O",264.01966876,"CCOC(F)(F)C(F)(C(F)(F)F)C(F)(F)F"
"DTXSID00760218","CAS_RN: 97294-02-5","GBTVYCBTXQALCR-UHFFFAOYSA-N","C9H9F9",288.056054268,"CC(C)=CCC(F)(F)C(F)(F)C(F)(F)C(F)(F)F"
"DTXSID40881234","CAS_RN: 73353-26-1","GCGAKPKICKLLED-UHFFFAOYSA-N","C17H19F19N2O",628.119399408,"CN(C)CCCNCC(O)CC(F)(F)C(F)(F)C(F)(F)C(F)(F)C(F)(F)C(F)(F)C(F)(C(F)(F)F)C(F)(F)F"
"DTXSID8070253","CAS_RN: 65150-94-9","GCGKXUZHBVVLML-UHFFFAOYSA-N","C18H4F33I",973.883079388,"FC(F)(F)C(F)(F)C(F)(F)C(F)(F)C(F)(F)C(F)(F)C(F)(F)C(F)(F)C(F)(F)C(F)(F)C(F)(F)C(F)(F)C(F)(F)C(F)(F)C(F)(F)C(F)(F)CCI"
"DTXSID10895166","CAS_RN: 69125-78-6","GCGLJPKSBPQKMM-UHFFFAOYSA-N","C12H19F7",296.137498148,"CCCCCCCCCC(F)(F)C(F)(F)C(F)(F)F"
"DTXSID50892351","CAS_RN: 39492-89-2","GCSHTDCBGCURHU-UHFFFAOYSA-N","C4HF7O4",245.976306052,"O=C(O)C(F)(F)OC(F)(F)OC(F)(F)F"
"","CAS_RN: 88951-21-7","GCSSQLSSPUPLPE-IZLXSQMJSA-N","C11H12F9NO",345.077517984,"NC(=O)[C@H]1CC[C@H](C(F)(F)C(F)(F)C(F)(F)C(F)(F)F)CC1"
"","CAS_RN: 88951-20-6","GCSSQLSSPUPLPE-OLQVQODUSA-N","C11H12F9NO",345.077517984,"NC(=O)[C@H]1CC[C@@H](C(F)(F)C(F)(F)C(F)(F)C(F)(F)F)CC1"
"","CAS_RN: 124053-49-2|62773-05-1|76121-99-8|38926-19-1|21600-78-2|17631-68-4|17978-75-5|17978-76-6|17978-77-7|18323-96-1|18323-97-2|18323-98-3|172424-98-5|19106-89-9|19186-73-3|80289-21-0","GCTMXWUUEYFTEL-PLNGDYQASA-N","C10H11F7O2",296.064727132,"CC(C)(C)/C(O)=C/C(=O)C(F)(F)C(F)(F)C(F)(F)F"
"DTXSID50276475","CAS_RN: 62773-05-1","GCTMXWUUEYFTEL-UHFFFAOYSA-N","C10H11F7O2",296.064727132,"CC(C)(C)C(O)=CC(=O)C(F)(F)C(F)(F)C(F)(F)F"
"DTXSID60381140","CAS_RN: 87136-78-5","GCVSMPDTTNOVDZ-UHFFFAOYSA-N","C4BrF9O2",329.89379532,"FC(F)(F)OC(F)(F)C(F)(F)OC(F)(F)Br"
"",NA,"GDCMLGUPOWUOIL-UHFFFAOYSA-N","C15HF29O3",779.946262272,"O=C(O)C(F)(F)C(F)(F)C(F)(F)C(F)(F)C(F)(F)C(F)(F)C(F)(F)C(F)(F)C(F)(F)C(F)(F)C(F)(F)C(F)(F)C(F)(F)OC(F)(F)F"
"DTXSID70895703","CAS_RN: 36390-05-3","GDJGFJSXWIXQLR-UHFFFAOYSA-N","C13H7F17O4",550.007288444,"O=C(O)C(CCC(F)(F)C(F)(F)C(F)(F)C(F)(F)C(F)(F)C(F)(F)C(F)(F)C(F)(F)F)C(=O)O"
"DTXSID50375114","CAS_RN: 330562-41-9","GDQLSTSWOFAQNO-UHFFFAOYSA-N","C10HF19O5",561.952059312,"O=C(O)C(F)(F)OC(F)(F)C(F)(F)OC(F)(F)C(F)(F)OC(F)(F)C(F)(F)C(F)(F)C(F)(F)F"
"DTXSID00525026","CAS_RN: 89129-68-0","GEBZHSIYCXKYAO-UHFFFAOYSA-N","C7H5F7O3",270.01269156,"COC(=O)CC(=O)C(F)(F)C(F)(F)C(F)(F)F"
"DTXSID60379860","CAS_RN: 127377-12-2","GEEMGMOJBUUPBY-UHFFFAOYSA-N","C12H9F13O3",448.034411008,"C=CC(=O)OCC(O)CC(F)(F)C(F)(F)C(F)(F)C(F)(F)C(F)(F)C(F)(F)F"
"DTXSID40699730","CAS_RN: 37027-49-9","GELXZLDTAYMMSK-UHFFFAOYSA-N","C7H8BrF7O",319.964674516,"FC(F)(F)C(F)(OCCCCBr)C(F)(F)F"
"DTXSID30896155","CAS_RN: 73602-45-6","GENXHGFFMLZNRU-UHFFFAOYSA-N","C13H12F13NO",445.071130864,"O=C(NC1CCCCC1)C(F)(F)C(F)(F)C(F)(F)C(F)(F)C(F)(F)C(F)(F)F"
"","CAS_RN: 905972-83-0","KTUWFYALZIAAGE-UHFFFAOYSA-N","C12H24N2",196.193948768,"CCCCCCCCN1C=CN(C)C1"
"DTXSID00881134","CAS_RN: 94094-26-5","GESMFLWHJHJCRF-UHFFFAOYSA-N","C35H61F9O4Si",744.419540942,"CCCCCCCCCCCCC(C(=O)O)[Si](C)(CCC(F)(F)C(F)(F)C(F)(F)C(F)(F)F)C(CCCCCCCCCCCC)C(=O)O"
"DTXSID00896162","CAS_RN: 71623-69-3","GEWCUVLRHIXPLH-UHFFFAOYSA-N","C10H7F9N2O2",358.036381444,"COc1ncc(C(F)(F)C(F)(F)C(F)(F)C(F)(F)F)c(OC)n1"
"DTXSID50198289","CAS_RN: 50285-18-2","GEXSLRJJTOFEMA-UHFFFAOYSA-N","C9F20",487.9680644,"FC(F)(F)C(F)(F)C(F)(C(F)(C(F)(F)F)C(F)(F)F)C(F)(C(F)(F)F)C(F)(F)F"
"",NA,"GEYQKILWXGOLIK-UHFFFAOYSA-N","C16H22F13NO6S",603.096025284,"CCN(CCOCCOCCOCCO)S(=O)(=O)C(F)(F)C(F)(F)C(F)(F)C(F)(F)C(F)(F)C(F)(F)F"
"DTXSID30897546","CAS_RN: 31339-60-3","GFEIOLADCGRWGS-UHFFFAOYSA-N","C14H5F17N2O3",572.00287176,"O=C(Nc1ccccn1)C(F)(OC(F)(F)C(F)(OC(F)(F)C(F)(F)C(F)(F)F)C(F)(F)F)C(F)(F)F"
"","CAS_RN: 93894-72-5","RXYVAJMUJQAYED-UHFFFAOYSA-N","C16H20F17N2O2S",627.09740362,"CC[N+](C)(CC)CCCNS(=O)(=O)C(F)(F)C(F)(F)C(F)(F)C(F)(F)C(F)(F)C(F)(C(F)(F)F)C(F)(F)F"
"",NA,"GFMUEDIKYIBDGG-UHFFFAOYSA-N","C34H54F17NO14S",1055.299356148,"CCN(CCOCCOCCOCCOCCOCCOCCOCCOCCOCCOCCOCCO)S(=O)(=O)C(F)(F)C(F)(F)C(F)(F)C(F)(F)C(F)(F)C(F)(F)C(F)(F)C(F)(F)F"
"DTXSID50896571","CAS_RN: 1882109-61-6","GFNPDTZZIUOUQV-UHFFFAOYSA-N","C8HF15O2",413.973702572,"O=C(O)C(F)(C(F)(C(F)(F)F)C(F)(F)F)C(F)(C(F)(F)F)C(F)(F)F"
"DTXSID60378853","CAS_RN: 647-25-6","GFQXWORJCNTDPU-UHFFFAOYSA-N","C8Cl2F16",469.91215688,"FC(F)(Cl)C(F)(F)C(F)(F)C(F)(F)C(F)(F)C(F)(F)C(F)(F)C(F)(F)Cl"
"DTXSID60895156","CAS_RN: 355-94-2","GFUYTQGIFLALGN-UHFFFAOYSA-N","C5H4BrF7",275.938459768,"FC(F)(F)C(F)(F)C(F)(F)CCBr"
"DTXSID1071373","CAS_RN: 68298-12-4","GFZPUWKGPNHWHD-UHFFFAOYSA-N","C5H4F9NO2S",312.981903348,"CNS(=O)(=O)C(F)(F)C(F)(F)C(F)(F)C(F)(F)F"
"DTXSID70663106","CAS_RN: 25080-25-5","GGAZEYOGKLDXNZ-UHFFFAOYSA-N","C11H4F19IO",639.900348928,"FC(F)(F)C(F)(OC(F)(F)C(F)(F)C(F)(F)C(F)(F)C(F)(F)C(F)(F)CCI)C(F)(F)F"
"DTXSID00663078","CAS_RN: 67490-36-2","GGGJFCBJUNVNMG-UHFFFAOYSA-N","C4HF9O",235.988368632,"FC(F)C(F)(F)C(F)(F)OC(F)(F)F"
"DTXSID30382048","CAS_RN: 1992-91-2","GGHXTGYWFGCELG-UHFFFAOYSA-N","C6H7F7O2",244.033427004,"OCC(O)CC(F)(F)C(F)(F)C(F)(F)F"
"DTXSID80892506","CAS_RN: 756426-58-1","GGOUUEMCWBTDMT-UHFFFAOYSA-N","C8HClF16O4S",531.902858712,"O=S(=O)(O)C(F)(F)C(F)(F)OC(F)(F)C(F)(F)C(F)(F)C(F)(F)C(F)(F)C(F)(F)Cl"
"DTXSID70895521","CAS_RN: 26650-08-8","GGOWJPVBRDJYHL-UHFFFAOYSA-N","C7H4F9NS",304.992074108,"N#CSCCC(F)(F)C(F)(F)C(F)(F)C(F)(F)F"
"DTXSID50501193","CAS_RN: 77758-84-0","MMWPBYJGIINSSX-UHFFFAOYSA-N","C12H5F13I",522.92284002,"FC(F)(F)C(F)(F)C(F)(F)C(F)(F)C(F)(F)C(F)(F)[I+]c1ccccc1"
"DTXSID10895747","CAS_RN: 1652-60-4","GHAHNTDCKCXNGO-UHFFFAOYSA-N","C14H9F17O2",532.033109268,"C=CC(=O)OCCCC(F)(F)C(F)(F)C(F)(F)C(F)(F)C(F)(F)C(F)(F)C(F)(F)C(F)(F)F"
"DTXSID0071889","CAS_RN: 67584-53-6","ISFCQODURJEALJ-UHFFFAOYSA-N","C10H8F13NO4S",484.996645596,"CCN(CC(=O)O)S(=O)(=O)C(F)(F)C(F)(F)C(F)(F)C(F)(F)C(F)(F)C(F)(F)F"
"DTXSID20870500","CAS_RN: 306-98-9","GHBZJUJZNRLHBI-UHFFFAOYSA-N","C8F16",399.97445152,"FC(F)(F)C1(F)C(F)(F)C(F)(F)C(F)(F)C(F)(F)C1(F)C(F)(F)F"
"DTXSID30544200","CAS_RN: 96383-57-2","GHCQRPYPKRXNOF-UHFFFAOYSA-N","C11H7F13O3",434.018760944,"C=COC(=O)OCCC(F)(F)C(F)(F)C(F)(F)C(F)(F)C(F)(F)C(F)(F)F"
"DTXSID10896012","CAS_RN: 570420-18-7","GHDJJZIELAHLLV-UHFFFAOYSA-N","C11H10F13NO",419.0554808,"CCCCNC(=O)C(F)(F)C(F)(F)C(F)(F)C(F)(F)C(F)(F)C(F)(F)F"
"DTXSID30583412","CAS_RN: 240497-37-4","GHTDTEBNYTUTDL-UHFFFAOYSA-M","C18H12BrF27Sn",939.871319124,"FC(F)(F)C(F)(F)C(F)(F)C(F)(F)C[CH2][Sn]([Br])([CH2]CC(F)(F)C(F)(F)C(F)(F)C(F)(F)F)[CH2]CC(F)(F)C(F)(F)C(F)(F)C(F)(F)F"
"DTXSID10896618","CAS_RN: 62361-02-8","GHVOMBWCWWGKJR-UHFFFAOYSA-N","C10H3F15O4",471.979181876,"COC(=O)C(F)(F)C(F)(F)C(F)(F)OC(F)(C(F)(F)F)C(F)(F)OC(F)=C(F)F"
"DTXSID20615933","CAS_RN: 384-04-3","GHWUXRFRFCNVJI-UHFFFAOYSA-N","C5F8",211.98722576,"FC(F)=C(F)C(=C(F)F)C(F)(F)F"
"DTXSID60895191","CAS_RN: 375-21-3","GHXAOYAGFDREMN-UHFFFAOYSA-N","C4H3F7O2",216.002126876,"OC(O)C(F)(F)C(F)(F)C(F)(F)F"
"DTXSID00896203","CAS_RN: 445258-05-9","GIDNPWTXZXYTBY-UHFFFAOYSA-N","C16H11F13N2O",494.066379832,"CCc1ccc(C=NNC(=O)C(F)(F)C(F)(F)C(F)(F)C(F)(F)C(F)(F)C(F)(F)F)cc1"
"",NA,"GIDYUKADFJBSAU-UHFFFAOYSA-O","C21H22F21N2O3S",781.101581184,"C[N+](C)(CCCNC(=O)CSCCC(F)(F)C(F)(F)C(F)(F)C(F)(F)C(F)(F)C(F)(F)C(F)(F)C(F)(F)C(F)(F)C(F)(F)F)CC(=O)O"
"DTXSID50540603","CAS_RN: 61282-91-5","GIKZDAQXHSEHMI-UHFFFAOYSA-N","C9H9F7O",266.054162448,"O=C1CCCCC1C(F)(F)C(F)(F)C(F)(F)F"
"DTXSID70371491","CAS_RN: 558-89-4","GIUDNRMHWCAPGM-UHFFFAOYSA-N","C4ClF9",253.95448166,"FC(F)(F)C(F)(F)C(F)(F)C(F)(F)Cl"
"DTXSID50896410","CAS_RN: 105923-37-3","GIYRQQVGUJGTBO-UHFFFAOYSA-N","C10HF12NO",378.986652292,"O=C(Nc1c(F)c(F)c(F)c(F)c1F)C(F)(C(F)(F)F)C(F)(F)F"
"DTXSID40896186","CAS_RN: 1428569-15-6","GJBXBDJDLLPLPD-UHFFFAOYSA-N","C10H9F7N2O2",322.055225068,"CCOC(=O)Cc1cc(C(F)(F)C(F)(F)C(F)(F)F)[nH]n1"
"DTXSID4070827","CAS_RN: 67906-39-2","GJCCTHAVFKJHMN-UHFFFAOYSA-N","C13H16F9NO4S",453.065632972,"C=C(C)C(=O)OCCCCN(C)S(=O)(=O)C(F)(F)C(F)(F)C(F)(F)C(F)(F)F"
"DTXSID30895562","CAS_RN: 56300-32-4","GJIJUEIVZGKPPA-UHFFFAOYSA-N","C9H8F9NO",317.046217856,"N#CCCOCCC(F)(F)C(F)(F)C(F)(F)C(F)(F)F"
"DTXSID60880128","CAS_RN: 346-10-1","GJVFPXBDZTWODC-UHFFFAOYSA-N","C30H37F7N2O4",622.264155204,"CCC(Oc1ccc(C(C)(C)CC)cc1C(C)(C)CC)C(=O)Nc1ccc(NC(=O)C(F)(F)C(F)(F)C(F)(F)F)c(O)c1"
"",NA,"GJVPDDDLRXQQEE-UHFFFAOYSA-N","C22H25F21O6",784.13158114,"OCCOCCOCCOCCOCCOCCC(F)(F)C(F)(F)C(F)(F)C(F)(F)C(F)(F)C(F)(F)C(F)(F)C(F)(F)C(F)(F)C(F)(F)F"
"DTXSID80893412","CAS_RN: 1346521-42-3","GJWIRTQEBLHUMP-UHFFFAOYSA-N","C7H6F11N",313.032459612,"NCCC(F)(F)C(F)(F)C(F)(F)C(F)(F)C(F)(F)F"
"DTXSID0059798","CAS_RN: 307-70-0","GJYLSFCFHFUODO-UHFFFAOYSA-N","C11H4F20O",531.994279148,"OCC(F)(F)C(F)(F)C(F)(F)C(F)(F)C(F)(F)C(F)(F)C(F)(F)C(F)(F)C(F)(F)C(F)F"
"DTXSID50896511","CAS_RN: 2599-84-0","GKKVHBTVWDBEIN-UHFFFAOYSA-N","C11F22O3",597.9496147,"FC(F)=C(F)OC(F)(F)C(F)(OC(F)(F)C(F)(OC(F)(F)C(F)(F)C(F)(F)F)C(F)(F)F)C(F)(F)F"
"DTXSID70438417","CAS_RN: 149068-56-4","GKOWYWPSKDBJAF-UHFFFAOYSA-N","C12H4BrF13",473.928879088,"FC(F)(F)C(F)(F)C(F)(F)C(F)(F)C(F)(F)C(F)(F)c1ccc(Br)cc1"
"DTXSID50892957","CAS_RN: 178094-70-7","IKTYOVKWKVJAFP-UHFFFAOYSA-N","C12H13F15N2O3S",550.040736576,"C[N+](C)([O-])CCCNS(=O)(=O)C(F)(F)C(F)(F)C(F)(F)C(F)(F)C(F)(F)C(F)(F)C(F)(F)F"
"DTXSID70896058","CAS_RN: 36839-94-8","GKSGKKZFRKGNTD-UHFFFAOYSA-N","C9H7F9O3S",365.997219064,"O=S(=O)(OC1=CCCC1)C(F)(F)C(F)(F)C(F)(F)C(F)(F)F"
"DTXSID10895500","CAS_RN: 10325-10-7","GKSUAUQGBVCVPS-UHFFFAOYSA-N","C7H8F7NO2",271.044326036,"NC(CCC(F)(F)C(F)(F)C(F)(F)F)C(=O)O"
"",NA,"GKUWXASXVNDDFT-UHFFFAOYSA-N","C23H34F15NO9S",785.171475968,"CCN(CCOCCOCCOCCOCCOCCOCCO)S(=O)(=O)C(F)(F)C(F)(F)C(F)(F)C(F)(F)C(F)(F)C(F)(F)C(F)(F)F"
"DTXSID80896322","CAS_RN: 1137162-24-3","GKVZAWSAJJIQMI-UHFFFAOYSA-N","C10H7F7O",276.038512384,"OCc1ccc(C(F)(C(F)(F)F)C(F)(F)F)cc1"
"DTXSID50379814","CAS_RN: 113507-87-2","RJGUAQKOHAABLK-UHFFFAOYSA-N","C4HF9O4S",315.945183492,"O=S(=O)(O)C(F)(F)C(F)(F)OC(F)(F)C(F)(F)F"
"DTXSID1051307","CAS_RN: 48240-25-1","GKZGVKOYWVHHLC-UHFFFAOYSA-N","C14H6F22O7P2",765.923746632,"O=P(O)(OCC1(F)C(F)(F)C(F)(F)C(F)(F)C(F)(F)C1(F)F)OP(=O)(O)OCC1(F)C(F)(F)C(F)(F)C(F)(F)C(F)(F)C1(F)F"
"DTXSID00896607","CAS_RN: 13845-92-6","GLHFHOMOSBNTAR-UHFFFAOYSA-N","C5F8O2",243.977055,"FC(F)=C(F)OC(F)(F)OC(F)=C(F)F"
"DTXSID40826029","CAS_RN: 880353-20-8","GLLTUKTVAHGIDJ-UHFFFAOYSA-N","C8H8F7NO3",299.039240656,"CC(C)(NC(=O)C(F)(F)C(F)(F)C(F)(F)F)C(=O)O"
"DTXSID50188165","CAS_RN: 83310-58-1","JZRCRCFPVAXHHQ-UHFFFAOYSA-N","C11H5F17O2",492.00180914,"O=C(O)CCC(F)(F)C(F)(F)C(F)(F)C(F)(F)C(F)(F)C(F)(F)C(F)(F)C(F)(F)F"
"DTXSID70432935","CAS_RN: 374-51-6","GLSWXDROFHXXOQ-UHFFFAOYSA-N","C5F12",287.98083864,"FC(F)(F)C(C(F)(F)F)(C(F)(F)F)C(F)(F)F"
"DTXSID10896335","CAS_RN: 353272-53-4","GLWMETZJHQNWOV-UHFFFAOYSA-N","C10H6BrF7",337.954109832,"Cc1cc(C(F)(C(F)(F)F)C(F)(F)F)ccc1Br"
"DTXSID30340966","CAS_RN: 29723-29-3","GLZLEBAUVDLNEX-UHFFFAOYSA-N","C12H10F7NO",317.06506148,"O=C(NCCc1ccccc1)C(F)(F)C(F)(F)C(F)(F)F"
"",NA,"GMCPYOZYFBZIFS-UHFFFAOYSA-O","C12H24F5N2O6S2",451.099594588,"C[N+](C)(CCO)CCCN(CCCS(=O)(=O)O)S(=O)(=O)C(F)(F)C(F)(F)F"
"DTXSID80389027","CAS_RN: 89932-74-1","GMDGDPMNUQLIPP-UHFFFAOYSA-N","C8H4F13NO",377.008530608,"CNC(=O)C(F)(F)C(F)(F)C(F)(F)C(F)(F)C(F)(F)C(F)(F)F"
"DTXSID60475159","CAS_RN: 892154-91-5","GMHNZJNJORCMQJ-UHFFFAOYSA-N","C38H21F34P",1154.083796782,"FC(F)(F)C(F)(F)C(F)(F)C(F)(F)C(F)(F)C(F)(F)C(F)(F)C(F)(F)CCc1ccc(P(c2ccccc2)c2ccc(CCC(F)(F)C(F)(F)C(F)(F)C(F)(F)C(F)(F)C(F)(F)C(F)(F)C(F)(F)F)cc2)cc1"
"DTXSID80313488","CAS_RN: 63369-94-8","GMVZRHHLZNLVLE-UHFFFAOYSA-N","C12H5F9O2S",383.98665438,"O=S(=O)(C#Cc1ccccc1)C(F)(F)C(F)(F)C(F)(F)C(F)(F)F"
"DTXSID70896250","CAS_RN: 57450-70-1","GNCHBMUKQAERQO-UHFFFAOYSA-N","C11H5F10N3O3",417.01712322,"Nc1c(NC(=O)C(F)(F)C(F)(F)C(F)(F)F)cc(C(F)(F)F)cc1[N+](=O)[O-]"
"DTXSID70472972","CAS_RN: 290827-94-0","GNCTUKGIBHXUPH-UHFFFAOYSA-N","C34H21F26P",954.096571022,"FC(F)(F)C(F)(F)C(F)(F)C(F)(F)C(F)(F)C(F)(F)CCc1ccc(P(c2ccccc2)c2ccc(CCC(F)(F)C(F)(F)C(F)(F)C(F)(F)C(F)(F)C(F)(F)F)cc2)cc1"
"",NA,"GNFMCTIWIVRVCI-UHFFFAOYSA-O","C13H24F7N2O7S2",517.091315648,"C[N+](C)(CCCN(CCO)S(=O)(=O)C(F)(F)C(F)(F)C(F)(F)F)CC(O)CS(=O)(=O)O"
"","CAS_RN: 220689-12-3","WXJVQQPLIMTRFK-UHFFFAOYSA-N","C16H36P",259.255462782,"CCCC[P](CCCC)(CCCC)CCCC"
"",NA,"GNNQRDNYXJTRPX-OWOJBTEDSA-N","C10HF17O2",475.970509012,"O=C(O)C(F)(F)C(F)(F)C(F)(F)C(F)(F)C(F)(F)C(F)(F)/C(F)=C(\F)C(F)(F)F"
"DTXSID80380837","CAS_RN: 151772-59-7","GNQWOKPKDHCUSB-UHFFFAOYSA-N","C7HF13O5",411.961639992,"O=C(O)C(F)(F)OC(F)(F)C(F)(F)OC(F)(F)C(F)(F)OC(F)(F)F"
"","CAS_RN: 38436-16-7","GNWPMNDXBHUSCC-UHFFFAOYSA-N","C7H7Cl2F9Si",359.955036094,"FC(F)(F)C(F)(F)C(F)(F)C(F)(F)CC[SiH2]C(Cl)Cl"
"DTXSID80895416","CAS_RN: 121633-31-6","GNZWFMZOQNGUOW-UHFFFAOYSA-N","C20H20F21I",786.02744126,"CCCCCCCCC(I)CC(F)(F)C(F)(F)C(F)(F)C(F)(F)C(F)(F)C(F)(F)C(F)(F)C(F)(F)C(F)(F)C(F)(F)F"
"DTXSID80895552","CAS_RN: 1254971-75-9","GOFZRUGTCVZCAB-UHFFFAOYSA-N","C21H8F34I2",1159.817255736,"FC(F)(F)C(F)(F)C(F)(F)C(F)(F)C(F)(F)C(F)(F)C(F)(F)C(F)(F)CC(I)CC(I)CC(F)(F)C(F)(F)C(F)(F)C(F)(F)C(F)(F)C(F)(F)C(F)(F)C(F)(F)F"
"DTXSID00892442","CAS_RN: 328065-54-9","OIVQVBDAMYDDEM-UHFFFAOYSA-N","C9HF17O4",495.960338252,"O=C(O)C(F)(OC(F)(F)C(F)(OC(F)(F)C(F)(F)C(F)(F)F)C(F)(F)F)C(F)(F)F"
"DTXSID30806395","CAS_RN: 62656-73-9","GPGRAXQFFNNFQC-UHFFFAOYSA-N","C11H5F7O3",318.01269156,"O=C(O)c1ccccc1C(=O)C(F)(C(F)(F)F)C(F)(F)F"
"DTXSID60880426","CAS_RN: 872345-66-9","KZJUHXVCAHXJLR-UHFFFAOYSA-N","C8HF18NO4S2",580.905957472,"O=S(=O)(NS(=O)(=O)C(F)(F)C(F)(F)C(F)(F)C(F)(F)F)C(F)(F)C(F)(F)C(F)(F)C(F)(F)F"
"DTXSID4059916","CAS_RN: 3794-64-7","YPJUNDFVDDCYIH-UHFFFAOYSA-N","C4HF7O2",213.986476812,"O=C(O)C(F)(F)C(F)(F)C(F)(F)F"
"","CAS_RN: 137648-89-6","GPTNHZCPZCSMSK-UHFFFAOYSA-N","C10H10F9IO",443.96326692,"OCCCCC(I)=CC(F)(F)C(F)(F)C(F)(F)C(F)(F)F"
"DTXSID70544062","CAS_RN: 103628-86-0","GPVGUNIIVWJTLK-UHFFFAOYSA-N","C11H9F13O",404.044581768,"C=CCOCCC(F)(F)C(F)(F)C(F)(F)C(F)(F)C(F)(F)C(F)(F)F"
"DTXSID20896422","CAS_RN: 1355555-09-7","GQADKNZFMBVXHH-UHFFFAOYSA-N","C13H11F7O4S",396.026627372,"CCc1c(C(=O)O)ccc(C(F)(C(F)(F)F)C(F)(F)F)c1S(C)(=O)=O"
"",NA,"GQDNCVBSGIWYLZ-UHFFFAOYSA-N","C9HF23O3S2",657.899984952,"O=S(=O)(O)C(F)(F)C(F)(F)C(F)(F)C(F)(F)C(F)(F)C(F)(F)C(F)(F)C(F)(F)C(F)(F)S(F)(F)(F)(F)F"
"DTXSID00893252","CAS_RN: 36591-89-6","GQEFKWJVEUMAIH-UHFFFAOYSA-N","C7F16",387.97445152,"FC(F)(F)C(F)(F)C(C(F)(F)F)(C(F)(F)F)C(F)(F)C(F)(F)F"
"DTXSID40880388","CAS_RN: 68140-20-5","GQJXVHYUQPXZOL-UHFFFAOYSA-N","C6H5F9S",279.99682514,"FC(F)(F)C(F)(F)C(F)(F)C(F)(F)CCS"
"DTXSID80896302","CAS_RN: 220469-13-6","GQUBVUFBTNFEHA-UHFFFAOYSA-N","C9H13F7O",270.085462576,"OCCCCCCC(F)(C(F)(F)F)C(F)(F)F"
"DTXSID90382049","CAS_RN: 80337-25-3","GQXURUTWTUSYPE-UHFFFAOYSA-N","C5HF7",193.996647572,"C#CC(F)(F)C(F)(F)C(F)(F)F"
"DTXSID00895357","CAS_RN: 200817-56-7","GQYLDQKHNZGRQD-UHFFFAOYSA-N","C24H29F21",716.193393548,"CCCCCCCCCCCCCCC(F)(F)C(F)(F)C(F)(F)C(F)(F)C(F)(F)C(F)(F)C(F)(F)C(F)(F)C(F)(F)C(F)(F)F"
"DTXSID5044572","CAS_RN: 647-42-7","GRJRKPMIRMSBNK-UHFFFAOYSA-N","C8H5F13O",364.01328164,"OCCC(F)(F)C(F)(F)C(F)(F)C(F)(F)C(F)(F)C(F)(F)F"
"","CAS_RN: 70887-94-4","GRLFNRSOOKOYMF-UHFFFAOYSA-N","C12H4F20O2",559.989193768,"O=C(O)CC(F)C(F)(F)C(F)(F)C(F)(F)C(F)(F)C(F)(F)C(F)(F)C(F)(F)C(F)(F)C(F)(F)F"
"DTXSID4074855","CAS_RN: 813-44-5","GRVMOMUDALILLH-UHFFFAOYSA-N","C7F14O",365.9725597,"O=C(C(F)(C(F)(F)F)C(F)(F)F)C(F)(C(F)(F)F)C(F)(F)F"
"DTXSID2068557","CAS_RN: 50598-29-3","GRXIBAUTCQPULC-UHFFFAOYSA-N","C15H8F17NO2S",589.000429236,"O=S(=O)(NCc1ccccc1)C(F)(F)C(F)(F)C(F)(F)C(F)(F)C(F)(F)C(F)(F)C(F)(F)C(F)(F)F"
"DTXSID20881196","CAS_RN: 94333-56-9","GSGMLVXKSLFVQP-UHFFFAOYSA-N","C11H4F16O2",471.995580888,"FC(F)(F)C(=C1C(F)(C(F)(F)F)OCCOC1(C(F)(F)F)C(F)(F)F)C(F)(F)F"
"",NA,"GSLAQWHDVRGCID-UHFFFAOYSA-O","C13H22F9N2O6S2",537.077557404,"C[N+](CCO)(CCCNS(=O)(=O)C(F)(F)C(F)(F)C(F)(F)C(F)(F)F)CCCS(=O)(=O)O"
"DTXSID90881305","CAS_RN: 63225-54-7","GSPDBXPMTTYLFV-UHFFFAOYSA-N","C24HF50O2P",1301.891576902,"O=P(O)(C(F)(F)C(F)(F)C(F)(F)C(F)(F)C(F)(F)C(F)(F)C(F)(F)C(F)(F)C(F)(F)C(F)(F)C(F)(F)C(F)(F)F)C(F)(F)C(F)(F)C(F)(F)C(F)(F)C(F)(F)C(F)(F)C(F)(F)C(F)(F)C(F)(F)C(F)(F)C(F)(F)C(F)(F)F"
"DTXSID60696685","CAS_RN: 756-92-3","GSQPSJXGCXEMDW-UHFFFAOYSA-N","C10H14F7I",394.002845988,"CCCCCC(I)CC(F)(C(F)(F)F)C(F)(F)F"
"DTXSID40440941","CAS_RN: 75260-69-4","AYLOUUCBACYHAB-UHFFFAOYSA-N","C10H4F17NO4S",556.958958348,"O=C(O)CNS(=O)(=O)C(F)(F)C(F)(F)C(F)(F)C(F)(F)C(F)(F)C(F)(F)C(F)(F)C(F)(F)F"
"","CAS_RN: 203200-82-2","GTEXASFKPWBCFJ-UHFFFAOYSA-N","C19H11F17N2O2",622.054907332,"CC(=CC(=O)C(F)(F)C(F)(F)C(F)(F)C(F)(F)C(F)(F)C(F)(F)C(F)(F)C(F)(F)F)NNC(=O)c1ccccc1"
"DTXSID70896598","CAS_RN: 1144512-34-4","GTHPUDUCLLCPLT-UHFFFAOYSA-N","C8HF15O2",413.973702572,"O=C(O)C(F)(F)C(F)(F)C(F)(F)C(C(F)(F)F)(C(F)(F)F)C(F)(F)F"
"DTXSID90848039","CAS_RN: 90292-29-8","GTNZGZBDWNABEG-UHFFFAOYSA-N","C12H14F8O2",342.086605448,"CCCCC(CC=C(F)C(F)(F)C(F)(F)C(F)(F)F)C(=O)O"
"DTXSID20379947","CAS_RN: 34451-26-8","GTPHVVCYEWPQFE-UHFFFAOYSA-N","C8H5F13S",379.99043802,"FC(F)(F)C(F)(F)C(F)(F)C(F)(F)C(F)(F)C(F)(F)CCS"
"",NA,"GUDBAXWOSFMPDL-UHFFFAOYSA-N","C4H2F8O3S",281.959690684,"O=S(=O)(O)C(F)(F)C(F)(F)C(F)C(F)(F)F"
"DTXSID80895971","CAS_RN: 33843-69-5","GUDKAWFKANEZND-UHFFFAOYSA-N","C7H3F13N2O",378.003779576,"NNC(=O)C(F)(F)C(F)(F)C(F)(F)C(F)(F)C(F)(F)C(F)(F)F"
"DTXSID00631136","CAS_RN: 521084-64-0","GUXGHBVABOZQRZ-UHFFFAOYSA-N","C19H25F17O3Si",652.13015093,"CCCO[Si](CCC(F)(F)C(F)(F)C(F)(F)C(F)(F)C(F)(F)C(F)(F)C(F)(F)C(F)(F)F)(OCCC)OCCC"
"DTXSID50895665","CAS_RN: 129498-18-6","GVARJIFTROXOCA-UHFFFAOYSA-N","C24H20F34OSi2",1026.0509778,"C[Si](C)(CCC(F)(F)C(F)(F)C(F)(F)C(F)(F)C(F)(F)C(F)(F)C(F)(F)C(F)(F)F)O[Si](C)(C)CCC(F)(F)C(F)(F)C(F)(F)C(F)(F)C(F)(F)C(F)(F)C(F)(F)C(F)(F)F"
"DTXSID4066389","CAS_RN: 18599-22-9","GVCWGFZDSIWLMO-UHFFFAOYSA-N","C4H3BrF4",205.935425076,"C=CC(F)(F)C(F)(F)Br"
"DTXSID6047575","CAS_RN: 19430-93-4","GVEUEBXMTMZVSD-UHFFFAOYSA-N","C6H3F9",246.009104076,"C=CC(F)(F)C(F)(F)C(F)(F)C(F)(F)F"
"DTXSID50896056","CAS_RN: 1427176-17-7","GVOWXVATHAHFAV-UHFFFAOYSA-N","C9H8F13NO2S",441.006816356,"CCN(C)S(=O)(=O)C(F)(F)C(F)(F)C(F)(F)C(F)(F)C(F)(F)C(F)(F)F"
"DTXSID60162012","CAS_RN: 1423-20-7","GVPQTQICQWIEKB-UHFFFAOYSA-N","C6F18S",445.94332896,"FC(F)(F)C(F)(F)C(F)(F)C(F)(F)C(F)(F)C(F)(F)S(F)(F)(F)(F)F"
"DTXSID80546557","CAS_RN: 109574-84-7","GVWXUPPPAHSALU-UHFFFAOYSA-N","C14H16F13I",558.008915372,"CCCCCCC(I)CC(F)(F)C(F)(F)C(F)(F)C(F)(F)C(F)(F)C(F)(F)F"
"DTXSID90239569","CAS_RN: 93762-09-5","GWJVUODILLGCGD-UHFFFAOYSA-N","C4HF9O3S",299.950268872,"O=S(=O)(O)C(F)(F)C(F)(C(F)(F)F)C(F)(F)F"
"DTXSID1075305","CAS_RN: 10493-43-3","GWTYBAOENKSFAY-UHFFFAOYSA-N","C4F8O",215.98214038,"FC(F)=C(F)OC(F)(F)C(F)(F)F"
"","CAS_RN: 93894-65-6","GWYDYLUBKYFIHN-UHFFFAOYSA-N","C11H8F17NO3S",556.995343856,"CN(CCO)S(=O)(=O)C(F)(F)C(F)(F)C(F)(F)C(F)(F)C(F)(F)C(F)(C(F)(F)F)C(F)(F)F"
"DTXSID50672892","CAS_RN: 25080-20-0","GXDRJQCAQULYJE-UHFFFAOYSA-N","C7H4F11IO",439.913123168,"FC(OC(F)(F)C(F)(F)C(CI)C(F)(F)F)C(F)(F)F"
"DTXSID50235603","CAS_RN: 865-71-4","GXSFAIDPYIEIEF-UHFFFAOYSA-N","C6F14",337.97764508,"FC(F)(F)C(F)(F)C(F)(C(F)(F)F)C(F)(F)C(F)(F)F"
"DTXSID60464260","CAS_RN: 852527-61-8","GYAWTXGPAGMMFQ-UHFFFAOYSA-N","C11H6F17N3",503.029026932,"[N-]=[N+]=NCCCC(F)(F)C(F)(F)C(F)(F)C(F)(F)C(F)(F)C(F)(F)C(F)(F)C(F)(F)F"
"DTXSID10884510","CAS_RN: 13140-25-5","GYBQTMUKFVWQKV-UHFFFAOYSA-N","C24F48O8",1327.88267152,"O=C(F)C(F)(OC(F)(F)C(F)(OC(F)(F)C(F)(OC(F)(F)C(F)(OC(F)(F)C(F)(OC(F)(F)C(F)(OC(F)(F)C(F)(OC(F)(F)C(F)(F)C(F)(F)F)C(F)(F)F)C(F)(F)F)C(F)(F)F)C(F)(F)F)C(F)(F)F)C(F)(F)F)C(F)(F)F"
"DTXSID70895167","CAS_RN: 1190430-21-7","GYDMBTYTWYNRGO-UHFFFAOYSA-N","C9H11F9",290.071704332,"CCCCCC(F)(F)C(F)(F)C(F)(F)C(F)(F)F"
"DTXSID00479232","CAS_RN: 90146-96-6","GYIWCCQPZCEECI-UHFFFAOYSA-N","C14H14F17O3P",584.040910678,"CCOP(=O)(CCC(F)(F)C(F)(F)C(F)(F)C(F)(F)C(F)(F)C(F)(F)C(F)(F)C(F)(F)F)OCC"
"DTXSID40290781","CAS_RN: 2358-53-4","HYMJOTOLJAHZCH-UHFFFAOYSA-N","C4H3F7N2",212.018445636,"N=C(N)C(F)(F)C(F)(F)C(F)(F)F"
"","CAS_RN: 1612778-37-6","GYLVKWUPZMTHBJ-SANMLTNESA-N","C11H5F9N2O3S",415.987717,"O=[N+]([O-])c1ccc(C=N[S@@](=O)C(F)(F)C(F)(F)C(F)(F)C(F)(F)F)cc1"
"DTXSID1068772","CAS_RN: 52591-27-2","GYUPEJSTJSFVRR-UHFFFAOYSA-N","C9H7F9O2",318.030233444,"C=CC(=O)OCCC(F)(F)C(F)(F)C(F)(F)C(F)(F)F"
"DTXSID20882022","CAS_RN: 172616-04-5","GYXGVPIUSNEEIR-UHFFFAOYSA-N","C12H17F9N2O4S",456.076532004,"CN(C)CCCN(CCC(=O)O)S(=O)(=O)C(F)(F)C(F)(F)C(F)(F)C(F)(F)F"
"DTXSID90895164","CAS_RN: 1190430-20-6","GYYDJQOVDQUWPI-UHFFFAOYSA-N","C11H17F7",282.121848084,"CCCCCCCCC(F)(F)C(F)(F)C(F)(F)F"
"DTXSID80895436","CAS_RN: 116177-47-0","GZEBVBMBNYOLPJ-UHFFFAOYSA-N","C25H27F25",802.171356364,"CCCCCCCCCCCCCC(F)(F)C(F)(F)C(F)(F)C(F)(F)C(F)(F)C(F)(F)C(F)(F)C(F)(F)C(F)(F)C(F)(F)C(F)(F)C(F)(F)F"
"DTXSID50276475","CAS_RN: 17978-77-7","GCTMXWUUEYFTEL-UHFFFAOYSA-N","C10H11F7O2",296.064727132,"CC(C)(C)C(O)=CC(=O)C(F)(F)C(F)(F)C(F)(F)F"
"",NA,"FUMZGWUCPMYRGR-UHFFFAOYSA-N","C9HF15N2O",437.984935952,"FC(F)(F)Oc1nc(C(F)(C(F)(F)F)C(F)(F)C(F)(F)F)[nH]c1C(F)(F)F"
"DTXSID90895467","CAS_RN: 1512-02-3","GZPAINIKTKBDHV-UHFFFAOYSA-N","C19H23F17O",590.147745096,"OCCCCCCCCCCCC(F)(F)C(F)(F)C(F)(F)C(F)(F)C(F)(F)C(F)(F)C(F)(F)C(F)(F)F"
"DTXSID20896068","CAS_RN: 308-67-8","GZPNVRALAPIZMQ-UHFFFAOYSA-N","C10H5BrF7NO",366.94427342,"O=C(Nc1ccc(Br)cc1)C(F)(F)C(F)(F)C(F)(F)F"
"","CAS_RN: 94042-94-1","QJDKWYOZAMRUAX-UHFFFAOYSA-N","C14H5F15O4S",553.96690294,"O=S(=O)(O)c1ccc(OC(F)(C(=C(C(F)(F)F)C(F)(F)C(F)(F)F)C(F)(F)F)C(F)(F)F)cc1"
"DTXSID10895580","CAS_RN: 200337-06-0","GZRYWICPWYMXLU-UHFFFAOYSA-N","C11H9F7S",306.031318828,"FC(F)(F)C(F)(F)C(F)(F)CSCc1ccccc1"
"",NA,"GZSNLUNXSIWLRQ-UHFFFAOYSA-N","C46H81F13O20",1200.511361852,"OCCOCCOCCOCCOCCOCCOCCOCCOCCOCCOCCOCCOCCOCCOCCOCCOCCOCCOCCOCCC(F)(F)C(F)(F)C(F)(F)C(F)(F)C(F)(F)C(F)(F)F"
"DTXSID20896003","CAS_RN: 424-01-1","GZUJPJBXZUVMML-UHFFFAOYSA-N","C11H6F15NO",453.020987112,"C=CC(=O)NCC(F)(F)C(F)(F)C(F)(F)C(F)(F)C(F)(F)C(F)(F)C(F)(F)F"
"","CAS_RN: 148626-04-4","HALRAMNRSBXAOM-UHFFFAOYSA-N","C10H5F13",372.01836702,"C=CC=CC(F)(F)C(F)(F)C(F)(F)C(F)(F)C(F)(F)C(F)(F)F"
"DTXSID90895245","CAS_RN: 1404193-88-9","HANSJPPGCRVCPJ-UHFFFAOYSA-N","C8H7F11O",328.032125264,"OCCCC(F)(F)C(F)(F)C(F)(F)C(F)(F)C(F)(F)F"
"DTXSID60895277","CAS_RN: 38787-66-5","HAOJSOMNGULWCF-UHFFFAOYSA-N","C14H14F15I",593.990071748,"CCCCCC(I)CC(F)(F)C(F)(F)C(F)(F)C(F)(F)C(F)(F)C(F)(F)C(F)(F)F"
"DTXSID10881064","CAS_RN: 93819-97-7","HAONZHJETGCXMD-UHFFFAOYSA-N","C20H14F19NO5S",741.028929728,"O=S(=O)(c1ccc(OC(=C(C(F)(F)F)C(C(F)(F)F)(C(F)(F)C(F)(F)F)C(F)(F)C(F)(F)F)C(F)(F)F)cc1)N(CCO)CCO"
"DTXSID40750739","CAS_RN: 88951-15-9","HAROAHMBILCWPT-UHFFFAOYSA-N","C13H13F11O2",410.073990076,"COC(=O)C1CCC(C(F)(F)C(F)(F)C(F)(F)C(F)(F)C(F)(F)F)CC1"
"DTXSID20485239","CAS_RN: 61324-30-9","HATCNXLXAZKUEN-UHFFFAOYSA-N","C9H6F7NO",277.033761352,"Nc1cc(C(F)(F)C(F)(F)C(F)(F)F)ccc1O"
"DTXSID0068523","CAS_RN: 49859-70-3","HATNGDPVYXXGKR-UHFFFAOYSA-N","C14H14F13NO4S",539.043595788,"C=CC(=O)OCCN(C)S(=O)(=O)CCC(F)(F)C(F)(F)C(F)(F)C(F)(F)C(F)(F)C(F)(F)F"
"",NA,"HAXGEHTWBBRFFW-UHFFFAOYSA-O","C13H20F11N2O6S2",573.05871378,"C[N+](C)(CCCNS(=O)(=O)C(F)(F)C(F)(F)C(F)(F)C(F)(F)C(F)(F)F)CC(O)CS(=O)(=O)O"
"DTXSID90895942","CAS_RN: 72804-48-9","HBBPUTOQGBFWPQ-UHFFFAOYSA-N","C6F12O",315.97575326,"FC(F)(F)C(F)(F)C(F)(F)C(F)(F)C1(F)OC1(F)F"
"","CAS_RN: 68318-36-5","HBCIQEOSBTUVDJ-UHFFFAOYSA-O","C16H18F17N2O4S",657.071582796,"C[N+](C)(C)CCCN(CC(=O)O)S(=O)(=O)C(F)(F)C(F)(F)C(F)(F)C(F)(F)C(F)(F)C(F)(F)C(F)(F)C(F)(F)F"
"DTXSID50276475","CAS_RN: 76121-99-8","GCTMXWUUEYFTEL-UHFFFAOYSA-N","C10H11F7O2",296.064727132,"CC(C)(C)C(O)=CC(=O)C(F)(F)C(F)(F)C(F)(F)F"
"DTXSID80880206","CAS_RN: 4998-38-3","HBFWXGZKVGSZKO-UHFFFAOYSA-N","C14H6F20O2",586.004843832,"C=CC(=O)OC(F)C(F)(F)C(F)(F)C(F)(F)C(F)(F)C(F)(F)C(F)(F)C(F)(F)C(F)(F)C(F)(F)CF"
"DTXSID00896460","CAS_RN: 862133-15-1","HBHOXSNCXYUTMG-UHFFFAOYSA-N","C25H16ClF9N2O2",582.075659412,"Cc1cc(C(F)(C(F)(F)F)C(F)(F)F)cc(C)c1NC(=O)c1cccc(NC(=O)c2ccc(F)cc2Cl)c1F"
"",NA,"HBILHDUANMBILH-UHFFFAOYSA-N","C44H61F29O15",1380.354739632,"OCCOCCOCCOCCOCCOCCOCCOCCOCCOCCOCCOCCOCCOCCOCCC(F)(F)C(F)(F)C(F)(F)C(F)(F)C(F)(F)C(F)(F)C(F)(F)C(F)(F)C(F)(F)C(F)(F)C(F)(F)C(F)(F)C(F)(F)C(F)(F)F"
"DTXSID40896343","CAS_RN: 353272-59-0","HBRUVQJOQUCHMD-UHFFFAOYSA-N","C9H2BrCl2F7",391.860515064,"FC(F)(F)C(F)(c1cc(Cl)c(Br)c(Cl)c1)C(F)(F)F"
"DTXSID50895746","CAS_RN: 937676-00-1","HBSJCZBPVSTIDA-UHFFFAOYSA-N","C7H2ClF7N2",281.979473284,"FC(F)(F)C(F)(F)C(F)(F)c1nccc(Cl)n1"
"DTXSID8062101","CAS_RN: 1996-88-9","HBZFBSFGXQBQTB-UHFFFAOYSA-N","C14H9F17O2",532.033109268,"C=C(C)C(=O)OCCC(F)(F)C(F)(F)C(F)(F)C(F)(F)C(F)(F)C(F)(F)C(F)(F)C(F)(F)F"
"DTXSID80871634","CAS_RN: NOCAS_871634","HBZVXKDQRIQMCW-UHFFFAOYSA-N","C7HF15",369.983873332,"FC(F)C(F)(F)C(F)(F)C(F)(F)C(F)(F)C(F)(F)C(F)(F)F"
"DTXSID60380219","CAS_RN: 16627-68-2","HCBRSIIGBBDDCD-UHFFFAOYSA-N","C5H4F8O",232.013440508,"FC(F)C(F)(F)COC(F)(F)C(F)F"
"DTXSID2026949","CAS_RN: 116-15-4","HCDGVLDPFQMKDK-UHFFFAOYSA-N","C3F6",149.99041932,"FC(F)=C(F)C(F)(F)F"
"DTXSID80895259","CAS_RN: 777931-73-4","HCEMKYFESQSUFY-UHFFFAOYSA-N","C11H4F20",515.999364528,"FC(F)(F)C(F)(F)C(F)(F)CCC(F)(F)C(F)(F)C(F)(F)C(F)(F)C(F)(F)C(F)(F)F"
"DTXSID8070839","CAS_RN: 67906-70-1","HCLVYCJMWIGREO-UHFFFAOYSA-N","C14H14F13NO4S",539.043595788,"C=C(C)C(=O)OCCN(CC)S(=O)(=O)C(F)(F)C(F)(F)C(F)(F)C(F)(F)C(F)(F)C(F)(F)F"
"",NA,"HCMCTTOHWLTNSZ-UHFFFAOYSA-N","C14H11F15O2",496.051952892,"C=C(C)CC(=O)OCCC(F)(F)C(F)(F)C(F)(F)C(F)(F)C(F)(F)C(F)(F)C(F)(F)F"
"DTXSID80879832","CAS_RN: 1263361-03-0","CPRNWMZKNOIIML-UHFFFAOYSA-N","C8H2F17O3P",499.947010294,"O=P(O)(O)C(F)(F)C(F)(F)C(F)(F)C(F)(F)C(F)(F)C(F)(F)C(F)(F)C(F)(F)F"
"DTXSID40229475","CAS_RN: 93857-49-9","DEHQJCVMUMYUMH-UHFFFAOYSA-N","C11H6F19O4P",593.970031482,"O=P(O)(O)OCCC(F)(F)C(F)(F)C(F)(F)C(F)(F)C(F)(F)C(F)(F)C(F)(C(F)(F)F)C(F)(F)F"
"DTXSID90441943","CAS_RN: 96721-82-3","HCQJAAKQIMFGKR-UHFFFAOYSA-N","C12H3F17S",501.968400836,"FC(F)(F)C(F)(F)C(F)(F)C(F)(F)C(F)(F)C(F)(F)C(F)(F)C(F)(F)c1ccsc1"
"",NA,"HCQLOKCIMHNDSL-UHFFFAOYSA-O","C19H22F17N2O3S",681.107968304,"C[N+](C)(CCCNC(=O)CSCCC(F)(F)C(F)(F)C(F)(F)C(F)(F)C(F)(F)C(F)(F)C(F)(F)C(F)(F)F)CC(=O)O"
"DTXSID60183181","CAS_RN: 28984-80-7","HCRLMIMQLZJAEG-UHFFFAOYSA-N","C4Cl3F7",285.89538058,"FC(F)(F)C(F)(F)C(F)(F)C(Cl)(Cl)Cl"
"DTXSID60630645","CAS_RN: 337457-78-0","HCTLNRAMSIZVOR-UHFFFAOYSA-N","C17H13F7N4O",422.097758576,"O=C1Nc2ccc(C(F)(C(F)(F)F)C(F)(F)F)cc2CN1NCc1cccnc1"
"DTXSID10896390","CAS_RN: 1355553-99-9","HCUYGOAWRHDYLA-UHFFFAOYSA-N","C13H11F7O2S",364.036798132,"CCSc1c(C(F)(C(F)(F)F)C(F)(F)F)ccc(C(=O)O)c1C"
"DTXSID60895378","CAS_RN: 1835255-24-7","HCYPERYYAZDFLK-UHFFFAOYSA-N","C18H16F22",650.090071352,"FC(F)(F)C(F)(F)C(F)(F)C(F)(F)C(F)(F)CCCCCCCCC(F)(F)C(F)(F)C(F)(F)C(F)(F)C(F)(F)F"
"DTXSID30870950","CAS_RN: 65605-56-3|65545-80-4|65530-60-1","HDBGBTNNPRCVND-UHFFFAOYSA-N","C3H5F3O",114.02924944,"OCCC(F)(F)F"
"DTXSID60896128","CAS_RN: 1427176-19-9","HDBRXVSINCDTJD-UHFFFAOYSA-N","C10H14F9NO4S",415.049982908,"COCCN(CCOC)S(=O)(=O)C(F)(F)C(F)(F)C(F)(F)C(F)(F)F"
"DTXSID6059990","CAS_RN: 432-08-6","HDCGZKPLSIIZAZ-UHFFFAOYSA-N","C18F39N",970.94079958,"FC(F)(F)C(F)(F)C(F)(F)C(F)(F)C(F)(F)C(F)(F)N(C(F)(F)C(F)(F)C(F)(F)C(F)(F)C(F)(F)C(F)(F)F)C(F)(F)C(F)(F)C(F)(F)C(F)(F)C(F)(F)C(F)(F)F"
"DTXSID90895720","CAS_RN: 115585-00-7","HDDQYUSNJSEGHK-UHFFFAOYSA-N","C6H4F9NO",277.014917728,"CNC(=O)C(F)(F)C(F)(F)C(F)(F)C(F)(F)F"
"DTXSID60382071","CAS_RN: 355-77-1","HDIPCCMMPQAPRF-UHFFFAOYSA-N","C13H9F11O3S",454.009675568,"Cc1ccc(S(=O)(=O)OCC(F)(F)C(F)(F)C(F)(F)C(F)(F)C(F)(F)F)cc1"
"DTXSID00896324","CAS_RN: 242142-80-9","HDJVNLHEEQBBJS-UHFFFAOYSA-N","C13H4F23I",723.899047188,"FC(F)(F)C(F)(C(F)(F)F)C(F)(F)C(F)(F)C(F)(F)C(F)(F)C(F)(F)C(F)(F)C(F)(F)C(F)(F)CCI"
"DTXSID20880982","CAS_RN: 80153-82-8","HDLFODOGTBJVKF-UHFFFAOYSA-N","C6HF11O4",345.969918932,"O=C(O)C(F)(F)OC(F)(F)C(F)(F)OC(F)(F)C(F)(F)F"
"","CAS_RN: 66551-19-7","BTZLOWXUIJOJSD-UHFFFAOYSA-N","C13H10F17NO4S",599.00590854,"CCCN(CC(=O)O)S(=O)(=O)C(F)(F)C(F)(F)C(F)(F)C(F)(F)C(F)(F)C(F)(F)C(F)(F)C(F)(F)F"
"DTXSID80895491","CAS_RN: 118624-68-3","HDQATQLPXACQSR-UHFFFAOYSA-N","C15H20ClF9O",422.10589692,"O=C(Cl)CCCCCCCCCCC(F)(F)C(F)(F)C(F)(F)C(F)(F)F"
"DTXSID80379781","CAS_RN: 6588-63-2","HDVGMDBHTBNCLT-UHFFFAOYSA-N","C7F12O",327.97575326,"O=C(F)C1(F)C(F)(F)C(F)(F)C(F)(F)C(F)(F)C1(F)F"
"DTXSID50896596","CAS_RN: 909009-42-3","HDWNCRCOUUAYQG-UHFFFAOYSA-N","C8HF15O2",413.973702572,"O=C(O)C(F)(F)C(F)(F)C(F)(F)C(F)(C(F)(F)F)C(F)(F)C(F)(F)F"
"DTXSID60896067","CAS_RN: 79497-98-6","HDXNUYLOADWXAI-UHFFFAOYSA-N","C10H5ClF7NO",322.994789,"O=C(Nc1ccc(Cl)cc1)C(F)(F)C(F)(F)C(F)(F)F"
"DTXSID50405748","CAS_RN: 77620-64-5","HEAWIZXIWLKJKG-UHFFFAOYSA-N","C14H12F17NO3S",597.026643984,"CCCN(CC1CO1)S(=O)(=O)C(F)(F)C(F)(F)C(F)(F)C(F)(F)C(F)(F)C(F)(F)C(F)(F)C(F)(F)F"
"DTXSID90624471","CAS_RN: 96724-20-8","HEFHMJVNMXDZKE-UHFFFAOYSA-N","C11H5F15O2",454.0050027,"C=C(C)C(=O)OC(F)(F)C(F)(F)C(F)(F)C(F)(F)C(F)(F)C(F)(F)C(F)(F)F"
"DTXSID70892959","CAS_RN: 103831-28-3","HEFMHJGSLLYQSB-UHFFFAOYSA-N","C12H13F13N2O",448.082029896,"CN(C)CCCNC(=O)C(F)(F)C(F)(F)C(F)(F)C(F)(F)C(F)(F)C(F)(F)F"
"DTXSID90896454","CAS_RN: 862130-90-3","HEHDCGQTAOJNNZ-UHFFFAOYSA-N","C25H17ClF8N2O2",564.085081224,"Cc1cc(C(F)(C(F)(F)F)C(F)(F)F)cc(C)c1NC(=O)c1cccc(NC(=O)c2ccc(Cl)cc2F)c1"
"DTXSID10896178","CAS_RN: 1427176-20-2","HEHHZSJJWMGGNV-UHFFFAOYSA-N","C12H14F13NO4S",515.043595788,"COCCN(CCOC)S(=O)(=O)C(F)(F)C(F)(F)C(F)(F)C(F)(F)C(F)(F)C(F)(F)F"
"DTXSID5059870","CAS_RN: 354-69-8","HENALDZJQYAUBN-UHFFFAOYSA-N","C3H2F5I",259.912139164,"FC(F)(F)C(F)(F)CI"
"DTXSID00896046","CAS_RN: 169213-95-0","HEUFZSZJOXKACQ-UHFFFAOYSA-N","C13H9F17O2",520.033109268,"OC1OCCCC1C(F)(F)C(F)(F)C(F)(F)C(F)(F)C(F)(F)C(F)(F)C(F)(F)C(F)(F)F"
"DTXSID00775625","CAS_RN: 1799-92-4","HEVDQVCIAUCJDV-UHFFFAOYSA-N","C10H4F7NO4",335.002855148,"O=C(Oc1ccc([N+](=O)[O-])cc1)C(F)(F)C(F)(F)C(F)(F)F"
"DTXSID20896063","CAS_RN: 33496-55-8","HFBBZVYAWZNJKL-UHFFFAOYSA-N","C17H18F17NO",575.111693936,"CCCCCCCCNC(=O)C(F)(F)C(F)(F)C(F)(F)C(F)(F)C(F)(F)C(F)(F)C(F)(F)C(F)(F)F"
"","CAS_RN: 84029-54-9","HFBWKQAPVODCQP-VQHVLOKHSA-N","C24H12F34O4",1010.019268344,"CCCCCC(F)C(F)(F)C(F)(F)C(F)(F)OC(F)(F)C(F)(F)OC(F)(F)C(F)(F)OC(F)(F)C(F)(F)OC(F)(F)C(F)(F)C(F)(F)C(F)(F)C(F)(F)/C(F)=C(\F)C(F)=C(F)F"
"DTXSID30395178","CAS_RN: 2253-14-7","HFCSJMGXADMMTI-UHFFFAOYSA-N","C5H2F9I",359.905752044,"FC(F)(F)C(F)(F)C(F)(F)C(F)(F)CI"
"","CAS_RN: 864551-39-3","HFHWKEZNQKNBEL-IWQZZHSRSA-N","C6H2F8O",241.997790444,"O=C/C=C(\F)C(F)(F)C(F)(F)C(F)(F)F"
"DTXSID50889140","CAS_RN: 226409-30-9","HFIWGHMGTAOCRO-UHFFFAOYSA-N","C23H27F13O6",646.160005444,"C=COCCCCOC(=O)C(CCC(F)(F)C(F)(F)C(F)(F)C(F)(F)C(F)(F)C(F)(F)F)C(=O)OCCCCOC=C"
"DTXSID60374976","CAS_RN: 165457-57-8","HFKIAPZSCAKSNP-UHFFFAOYSA-N","C17H3F31O2",827.963804156,"COC(=O)C(F)(F)C(F)(F)C(F)(F)C(F)(F)C(F)(F)C(F)(F)C(F)(F)C(F)(F)C(F)(F)C(F)(F)C(F)(F)C(F)(F)C(F)(F)C(F)(F)C(F)(F)F"
"",NA,"HFLWLMAASPISEA-UHFFFAOYSA-N","C11H2F20O2",545.973543704,"O=C(O)C(F)C(F)(F)C(F)(F)C(F)(F)C(F)(F)C(F)(F)C(F)(F)C(F)(F)C(F)(F)C(F)(F)F"
"DTXSID50881008","CAS_RN: 85567-21-1","HFNPKDDYCOMYLN-UHFFFAOYSA-N","C5H6F4O2",174.030392312,"FC(F)C(F)(F)OCC1CO1"
"DTXSID80895557","CAS_RN: 100550-11-6","HFOWLNFMBKJQLB-UHFFFAOYSA-N","C36H24F50",1406.107961768,"FC(F)(F)C(F)(F)C(F)(F)C(F)(F)C(F)(F)C(F)(F)C(F)(F)C(F)(F)C(F)(F)C(F)(F)C(F)(F)C(F)(F)CCCCCCCCCCCCC(F)(F)C(F)(F)C(F)(F)C(F)(F)C(F)(F)C(F)(F)C(F)(F)C(F)(F)C(F)(F)C(F)(F)C(F)(F)C(F)(F)F"
"DTXSID60663110","CAS_RN: 801212-59-9","HFUCGDPRBKRBFR-UHFFFAOYSA-N","C7HF13O3",379.971810752,"O=C(O)C(F)(F)C(F)(F)C(F)(F)OC(F)(C(F)(F)F)C(F)(F)F"
"","CAS_RN: 75046-16-1","HFVPHRJCTIRZEM-UHFFFAOYSA-O","C15H16F17N2O4S",643.055932732,"C[N+](C)(CCCNS(=O)(=O)C(F)(F)C(F)(F)C(F)(F)C(F)(F)C(F)(F)C(F)(F)C(F)(F)C(F)(F)F)CC(=O)O"
"DTXSID80344217","CAS_RN: 60007-37-6","HFWQHAOXBQBFQJ-UHFFFAOYSA-N","C7H3F7N2O2",280.008274876,"O=c1[nH]cc(C(F)(F)C(F)(F)C(F)(F)F)c(=O)[nH]1"
"",NA,"HGJWKHIULFVOFD-UHFFFAOYSA-O","C15H24F11N2O7S2",617.084928528,"C[N+](C)(CCO)CCCN(CC(O)CS(=O)(=O)O)S(=O)(=O)C(F)(F)C(F)(F)C(F)(F)C(F)(F)C(F)(F)F"
"DTXSID70379290","CAS_RN: 75823-64-2","HGKNTSQKMGECCF-UHFFFAOYSA-N","C7H5F7N2",250.0340957,"Cc1cc(C(F)(F)C(F)(F)C(F)(F)F)n[nH]1"
"DTXSID40895159","CAS_RN: 1391033-22-9","HGKPBLDBHFVETL-UHFFFAOYSA-N","C7H8BrF7",303.969759896,"FC(F)(F)C(F)(F)C(F)(F)CCCCBr"
"DTXSID20896720","CAS_RN: 133911-24-7","HGSDUSCXQFLBKU-UHFFFAOYSA-N","C11H8F14N2O2",466.036222576,"CC(CNC(=O)C(F)(F)C(F)(F)C(F)(F)F)NC(=O)C(F)(F)C(F)(F)C(F)(F)F"
"DTXSID90870315","CAS_RN: 297730-93-9","HHBBIOLEJRWIGU-UHFFFAOYSA-N","C9H5F15O",414.01008808,"CCOC(F)(C(F)(F)C(F)(F)C(F)(F)F)C(F)(C(F)(F)F)C(F)(F)F"
"DTXSID30881369","CAS_RN: 932710-51-5","HHEVANWCCJRBAP-UHFFFAOYSA-N","C13H8F13NO3",473.029659976,"O=C1CCC(=O)N1C(=O)CCC(F)(F)C(F)(F)C(F)(F)C(F)(F)C(F)(F)C(F)(F)F"
"DTXSID3031860","CAS_RN: 3830-45-3","PCIUEQPBYFRTEM-UHFFFAOYSA-N","C10HF19O2",513.967315452,"O=C(O)C(F)(F)C(F)(F)C(F)(F)C(F)(F)C(F)(F)C(F)(F)C(F)(F)C(F)(F)C(F)(F)F"
"DTXSID00551729","CAS_RN: 87017-97-8","HHWOBBVYBVGMFY-UHFFFAOYSA-N","C11H5F19O",514.00370096,"OCCC(F)(F)C(F)(F)C(F)(F)C(F)(F)C(F)(F)C(F)(F)C(F)(F)C(F)(F)C(F)(F)F"
"DTXSID90895563","CAS_RN: 135440-42-5","HHXFCKYGOIQRBI-UHFFFAOYSA-N","C12H9F17O2",508.033109268,"OCCC(CO)C(F)(F)C(F)(F)C(F)(F)C(F)(F)C(F)(F)C(F)(F)C(F)(F)C(F)(F)F"
"",NA,"HHYCXWVDFSFVAB-UHFFFAOYSA-O","C16H22F13N2O4S",585.109270044,"CCN(CCC[N+](C)(C)CCC(=O)O)S(=O)(=O)C(F)(F)C(F)(F)C(F)(F)C(F)(F)C(F)(F)C(F)(F)F"
"DTXSID30403303","CAS_RN: 343343-17-9","CDBCINRKCMNDNI-UHFFFAOYSA-N","C48H24F51P",1600.080126618,"FC(F)(F)C(F)(F)C(F)(F)C(F)(F)C(F)(F)C(F)(F)C(F)(F)C(F)(F)CCc1cccc(P(c2cccc(CCC(F)(F)C(F)(F)C(F)(F)C(F)(F)C(F)(F)C(F)(F)C(F)(F)C(F)(F)F)c2)c2cccc(CCC(F)(F)C(F)(F)C(F)(F)C(F)(F)C(F)(F)C(F)(F)C(F)(F)C(F)(F)F)c2)c1"
"DTXSID30895209","CAS_RN: 213207-95-5","HIEQJDKWJZYMQM-UHFFFAOYSA-N","C15H22BrF9",452.076116784,"FC(F)(F)C(F)(F)C(F)(F)C(F)(F)CCCCCCCCCCCBr"
"DTXSID50895983","CAS_RN: 123825-52-5","HIFQQOFKAPUNDA-UHFFFAOYSA-N","C8H4F7NO",263.018111288,"O=Cc1ccc(C(F)(F)C(F)(F)C(F)(F)F)[nH]1"
"DTXSID80896544","CAS_RN: 178167-73-2","HIKBKKZYHFXKJZ-UHFFFAOYSA-N","C17H18F17NO3",607.101523176,"CCCCN(CCCC)C(=O)C(F)(OC(F)(F)C(F)(OC(F)(F)C(F)(F)C(F)(F)F)C(F)(F)F)C(F)(F)F"
"DTXSID20880528","CAS_RN: 94200-50-7","KUDKLDDNJRWOJT-UHFFFAOYSA-N","C14H8F23O5P",723.974209046,"O=P(O)(O)OCC(O)CC(F)(F)C(F)(F)C(F)(F)C(F)(F)C(F)(F)C(F)(F)C(F)(F)C(F)(F)C(F)(C(F)(F)F)C(F)(F)F"
"DTXSID1071662","CAS_RN: 68555-73-7","HINASMOVWHGCAK-UHFFFAOYSA-N","C11H10F15NO3S",521.01418748,"CCN(CCO)S(=O)(=O)C(F)(F)C(F)(F)C(F)(F)C(F)(F)C(F)(F)C(F)(F)C(F)(F)F"
"DTXSID10895727","CAS_RN: 96497-21-1","HINXQBCQQBVCIK-UHFFFAOYSA-N","C20H8F34S",925.980380736,"FC(F)(F)C(F)(F)C(F)(F)C(F)(F)C(F)(F)C(F)(F)C(F)(F)C(F)(F)CCSCCC(F)(F)C(F)(F)C(F)(F)C(F)(F)C(F)(F)C(F)(F)C(F)(F)C(F)(F)F"
"DTXSID50764185","CAS_RN: 112344-48-6","HIOALUHIGOQIHI-UHFFFAOYSA-N","C19H29F11",466.209361348,"CCCCCCCCCCCCCCC(F)(F)C(F)(F)C(F)(F)C(F)(F)C(F)(F)F"
"",NA,"HIPOUODKNYHORG-UHFFFAOYSA-O","C16H22F13N2O2S",553.119440804,"C[N+](C)(C)CCCNC(=O)CS(=O)CCC(F)(F)C(F)(F)C(F)(F)C(F)(F)C(F)(F)C(F)(F)F"
"DTXSID50893560","CAS_RN: 96383-55-0","HIRPFUWZIZCTAN-UHFFFAOYSA-N","C11H6ClF13O2",451.984873972,"C=C(Cl)C(=O)OCCC(F)(F)C(F)(F)C(F)(F)C(F)(F)C(F)(F)C(F)(F)F"
"DTXSID00895312","CAS_RN: 96791-81-0","HIRWAQFMDABHLG-UHFFFAOYSA-N","C16H16F17I",658.002528252,"CCCCCCC(I)CC(F)(F)C(F)(F)C(F)(F)C(F)(F)C(F)(F)C(F)(F)C(F)(F)C(F)(F)F"
"",NA,"HIVKFEZPOKLBMW-UHFFFAOYSA-N","C11H3F19O2",527.982965516,"O=C(O)CC(F)(F)C(F)(F)C(F)(F)C(F)(F)C(F)(F)C(F)(F)C(F)(F)C(F)(F)C(F)(F)F"
"DTXSID90896494","CAS_RN: 243128-38-3","HJDWQDVEEKHDLR-UHFFFAOYSA-N","C7H4F11IO",439.913123168,"FC(F)(F)C(F)(CCI)OC(F)(F)C(F)(F)C(F)(F)F"
"DTXSID7072884","CAS_RN: 83048-65-1","HJIMAFKWSKZMBK-UHFFFAOYSA-N","C13H13F17O3Si",568.036250546,"CO[Si](CCC(F)(F)C(F)(F)C(F)(F)C(F)(F)C(F)(F)C(F)(F)C(F)(F)C(F)(F)F)(OC)OC"
"DTXSID50382166","CAS_RN: 79851-29-9","HJLWKGDZOZTKIS-UHFFFAOYSA-N","C8H5F11O3",358.00630444,"CCOC(=O)C(F)(OC(F)(F)C(F)(F)C(F)(F)F)C(F)(F)F"
"DTXSID10896330","CAS_RN: 353273-22-0","HJVLSXWSPYGSIV-UHFFFAOYSA-N","C11H7F7O",288.038512384,"CC(=O)c1ccc(C(F)(C(F)(F)F)C(F)(F)F)cc1"
"",NA,"HJWJRQMQUINMRR-UHFFFAOYSA-N","C44H73F17O18",1212.452545236,"OCCOCCOCCOCCOCCOCCOCCOCCOCCOCCOCCOCCOCCOCCOCCOCCOCCOCCC(F)(F)C(F)(F)C(F)(F)C(F)(F)C(F)(F)C(F)(F)C(F)(F)C(F)(F)F"
"DTXSID50895266","CAS_RN: 39239-79-7","HJYIVOYQMVJCSM-UHFFFAOYSA-N","C10H9F13O",392.044581768,"OCCCCC(F)(F)C(F)(F)C(F)(F)C(F)(F)C(F)(F)C(F)(F)F"
"DTXSID30846776","CAS_RN: 917923-88-7","HKAMSGFEDWXJSR-UHFFFAOYSA-N","C12H6BrF7N2",389.960257832,"Nc1c(Br)cc(C(F)(C(F)(F)F)C(F)(F)F)c2ncccc12"
"",NA,"HKFRVYTXFSKFKY-UHFFFAOYSA-O","C18H15F23NO2",714.07355278,"C[N+](C)(CCCC(F)(F)C(F)(F)C(F)(F)C(F)(F)C(F)(F)C(F)(F)C(F)(F)C(F)(F)C(F)(F)C(F)(F)C(F)(F)F)CC(=O)O"
"DTXSID90382620","CAS_RN: 812-70-4","HLBRGVKRZQSQHB-UHFFFAOYSA-N","C10H5F15O2",442.0050027,"O=C(O)CCC(F)(F)C(F)(F)C(F)(F)C(F)(F)C(F)(F)C(F)(F)C(F)(F)F"
"","CAS_RN: 356056-13-8","HLHROOLJMZEEDN-UHFFFAOYSA-N","C12H19F9Si",362.111231118,"CC(C)[SiH](CCC(F)(F)C(F)(F)C(F)(F)C(F)(F)F)C(C)C"
"DTXSID7070509","CAS_RN: 67584-57-0","HLKZFXXWGVPYAY-UHFFFAOYSA-N","C12H10F13NO4S",511.01229566,"C=CC(=O)OCCN(C)S(=O)(=O)C(F)(F)C(F)(F)C(F)(F)C(F)(F)C(F)(F)C(F)(F)F"
"","CAS_RN: 109574-88-1","HLLNKYADPLDRRE-UHFFFAOYSA-N","C12H14F9I",455.999652428,"CCCCCCC(I)=CC(F)(F)C(F)(F)C(F)(F)C(F)(F)F"
"DTXSID90896358","CAS_RN: 54735-87-4","HLPPIVCJSJCNKU-UHFFFAOYSA-N","C12H8F19NO",543.030250056,"NCC(O)CC(F)(F)C(F)(F)C(F)(F)C(F)(F)C(F)(F)C(F)(F)C(F)(C(F)(F)F)C(F)(F)F"
"DTXSID8047553","CAS_RN: 30377-53-8","SIDINRCMMRKXGQ-UHFFFAOYSA-N","C11HF21O2",563.964121892,"O=C(O)C(F)(F)C(F)(F)C(F)(F)C(F)(F)C(F)(F)C(F)(F)C(F)(F)C(F)(F)C(F)(F)C(F)(F)F"
"",NA,"HLRMXWITAUKISG-UHFFFAOYSA-N","C12H18F11N2O2S",463.091334236,"CN(CCC[N+](C)(C)C)S(=O)(=O)C(F)(F)C(F)(F)C(F)(F)C(F)(F)C(F)(F)F"
"",NA,"HLWGOBNFWHRCKQ-UHFFFAOYSA-N","C10HF19O",497.972400832,"OC(F)(F)C(F)(F)C(F)(F)C(F)(F)C(F)(F)C(F)(F)C(F)(F)C(F)=C(F)C(F)(F)F"
"",NA,"HLWUIPDYTTVITM-UHFFFAOYSA-O","C14H22F11N2O6S2",587.074363844,"C[N+](CCO)(CCCNS(=O)(=O)C(F)(F)C(F)(F)C(F)(F)C(F)(F)C(F)(F)F)CCCS(=O)(=O)O"
"DTXSID10896315","CAS_RN: 71360-30-0","HMCZBEORMIKDPZ-UHFFFAOYSA-N","C9H5F7O",262.02286232,"Oc1ccc(C(F)(C(F)(F)F)C(F)(F)F)cc1"
"DTXSID70379871","CAS_RN: 80806-68-4","HMGDEQANNRNNKX-UHFFFAOYSA-N","C9H7F13O",378.028931704,"OCCCC(F)(F)C(F)(F)C(F)(F)C(F)(F)C(F)(F)C(F)(F)F"
"DTXSID10624392","CAS_RN: 70281-93-5","QNDHIRFIMVNHBN-UHFFFAOYSA-N","C11H6F17NO4S",570.974608412,"CN(CC(=O)O)S(=O)(=O)C(F)(F)C(F)(F)C(F)(F)C(F)(F)C(F)(F)C(F)(F)C(F)(F)C(F)(F)F"
"","CAS_RN: 57325-42-5","HMGKWDKYLWEYAV-UHFFFAOYSA-N","C10H13F7",266.090547956,"CCCCCC=CC(F)(F)C(F)(F)C(F)(F)F"
"DTXSID8031863","CAS_RN: 21049-39-8","UZUFPBIDKMEQEQ-UHFFFAOYSA-N","C9HF17O2",463.970509012,"O=C(O)C(F)(F)C(F)(F)C(F)(F)C(F)(F)C(F)(F)C(F)(F)C(F)(F)C(F)(F)F"
"DTXSID00896748","CAS_RN: 115783-72-7","HMHOHHNZGMYVFY-UHFFFAOYSA-N","C8Br2F16O2",589.80095496,"FC(F)(F)C(F)(F)C(F)(F)OC(F)(C(F)(F)F)C(F)(F)OC(F)(Br)C(F)(F)Br"
"DTXSID50880415","CAS_RN: 38565-53-6","HMXSIEIEXLGIET-UHFFFAOYSA-N","C11H5F17O",476.00689452,"FC(F)(F)C(F)(F)C(F)(F)C(F)(F)C(F)(F)C(F)(F)C(F)(F)C(F)(F)CC1CO1"
"DTXSID70897005","CAS_RN: 78960-85-7","HNDBXLNXSVTFNK-UHFFFAOYSA-N","C15H7F17O",526.022544584,"OC(c1ccccc1)C(F)(F)C(F)(F)C(F)(F)C(F)(F)C(F)(F)C(F)(F)C(F)(F)C(F)(F)F"
"DTXSID90375294","CAS_RN: 1422-98-6","HNDCMJCNRXFMQR-UHFFFAOYSA-N","C6Cl4F8O",379.8575511,"O=C(Cl)C(F)(F)C(F)(Cl)C(F)(F)C(F)(Cl)C(F)(F)Cl"
"DTXSID70464615","CAS_RN: 142623-70-9","HNEIKMUHLLYTLP-UHFFFAOYSA-N","C16H9F17OS",572.010265648,"Oc1ccc(SCCC(F)(F)C(F)(F)C(F)(F)C(F)(F)C(F)(F)C(F)(F)C(F)(F)C(F)(F)F)cc1"
"",NA,"HNEQXXSLGKCUAV-UHFFFAOYSA-N","C16H22F15N2O4S",623.106076484,"C[N+](C)(CCO)CCCN(CCO)S(=O)(=O)C(F)(F)C(F)(F)C(F)(F)C(F)(F)C(F)(F)C(F)(F)C(F)(F)F"
"DTXSID20838983","CAS_RN: 821789-63-3","HNLQYAWUSZHFES-UHFFFAOYSA-N","C17H8F13NO",489.039830736,"O=c1ccn(-c2ccc(C(F)(F)C(F)(F)C(F)(F)C(F)(F)C(F)(F)C(F)(F)F)cc2)cc1"
"DTXSID90895624","CAS_RN: 2707-76-8","HNPZFSDCMYGVLK-UHFFFAOYSA-N","C8H9F7O3",286.043991688,"CCOC(=O)CC(O)C(F)(F)C(F)(F)C(F)(F)F"
"DTXSID20399867","CAS_RN: 62315-07-5","HNVMERIRLUAKLX-UHFFFAOYSA-N","C16H9F9N2O2",432.052031508,"O=C(Nc1ccc(OC(F)(F)C(F)(F)C(F)(F)C(F)(F)F)cc1)c1cccnc1"
"","CAS_RN: 425-67-2","HNXRUJNJBSQJJX-UHFFFAOYSA-N","C4H4F7O4P",279.973542778,"O=P(O)(O)OCC(F)(F)C(F)(F)C(F)(F)F"
"DTXSID90382160","CAS_RN: 53580-21-5","HNYZQPXURIQQJV-UHFFFAOYSA-N","C12H7F7O2",316.033427004,"O=C(CC(=O)C(F)(F)C(F)(F)C(F)(F)F)c1ccccc1"
"DTXSID3021932","CAS_RN: 70225-18-2","ZBCBWPMODOFKDW-UHFFFAOYSA-N","C4H11NO2",105.078978592,"OCCNCCO"
"DTXSID40896388","CAS_RN: 1346175-94-7","HPDVSLLEEOBGCU-UHFFFAOYSA-N","C12H10F14O4S2",547.97969588,"O=S1(=O)C(CCC(F)(C(F)(F)F)C(F)(F)F)S(=O)(=O)C1CCC(F)(C(F)(F)F)C(F)(F)F"
"DTXSID70276659","CAS_RN: 65294-16-8","HPNULWLLEOKCID-UHFFFAOYSA-N","C12HF23O5",661.945672192,"O=C(O)C(F)(OC(F)(F)C(F)(OC(F)(F)C(F)(OC(F)(F)C(F)(F)C(F)(F)F)C(F)(F)F)C(F)(F)F)C(F)(F)F"
"",NA,"HPNVMLVFTBDYAB-UHFFFAOYSA-N","C10H2F20O4S",597.935443944,"O=S(=O)(O)C(F)(F)C(F)(F)OC(F)(F)C(F)(F)C(F)(F)C(F)(F)C(F)(F)C(F)(F)C(F)(F)C(F)F"
"DTXSID3071359","CAS_RN: 68259-15-4","HPPDPHZGXWMRHN-UHFFFAOYSA-N","C7H4F13NO2S",412.975516228,"CNS(=O)(=O)C(F)(F)C(F)(F)C(F)(F)C(F)(F)C(F)(F)C(F)(F)F"
"DTXSID10621407","CAS_RN: 866-24-0","HPQDRJIVNDILHK-UHFFFAOYSA-N","C5H4Cl3F7Si",329.903607238,"FC(F)(F)C(F)(F)C(F)(F)CC[Si](Cl)(Cl)Cl"
"DTXSID80508892","CAS_RN: 76145-90-9","HPWPTXMMPBCRFQ-UHFFFAOYSA-N","C15H5F17N2O2",568.00795714,"FC(F)(F)C(F)(OC(F)(F)C(F)(OC(F)(F)C(F)(F)C(F)(F)F)C(F)(F)F)c1nc2ccccc2[nH]1"
"DTXSID50893565","CAS_RN: 178094-76-3","HQIKMYJOLJOSOX-UHFFFAOYSA-N","C9H13F9N2O3S",400.050317256,"C[N+](C)([O-])CCCNS(=O)(=O)C(F)(F)C(F)(F)C(F)(F)C(F)(F)F"
"",NA,"HQILQIXAHVRCNF-UHFFFAOYSA-O","C17H26F13N2O10S3",761.054199892,"C[N+](C)(CCCN(CC(O)CS(=O)(=O)O)S(=O)(=O)C(F)(F)C(F)(F)C(F)(F)C(F)(F)C(F)(F)C(F)(F)F)CC(O)CS(=O)(=O)O"
"DTXSID60897039","CAS_RN: 3869-06-5","HQOLLMKLYTYSHA-UHFFFAOYSA-N","C10H5F7N2O3",334.01883956,"O=C(Nc1ccc([N+](=O)[O-])cc1)C(F)(F)C(F)(F)C(F)(F)F"
"",NA,"HQZMVHMXSNFQPY-UHFFFAOYSA-O","C14H20F13N2O5S2",607.0606056,"C[N+](C)(CCCNS(=O)(=O)C(F)(F)C(F)(F)C(F)(F)C(F)(F)C(F)(F)C(F)(F)F)CCCS(=O)(=O)O"
"DTXSID90379717","CAS_RN: 375-60-0","HRBNMYUNLLWPAX-UHFFFAOYSA-N","C5ClF9O",281.94939628,"O=C(Cl)C(F)(F)C(F)(F)C(F)(F)C(F)(F)F"
"DTXSID00895993","CAS_RN: 1608112-38-4","HRDRZDZAIJKOFP-UHFFFAOYSA-N","C12H5F9S",351.99682514,"FC(F)(F)C(F)(F)C(F)(F)C(F)(F)c1cc2ccccc2s1"
"DTXSID50848035","CAS_RN: 90292-35-6","HREALCQLDPHGIF-UHFFFAOYSA-N","C10H12F8S",316.053197144,"CCCCSCC=C(F)C(F)(F)C(F)(F)C(F)(F)F"
"",NA,"HRIFGEKVSFJRLK-UHFFFAOYSA-N","C12H11F11O2",396.058340012,"C=C(C)CC(=O)OCCC(F)(F)C(F)(F)C(F)(F)C(F)(F)C(F)(F)F"
"",NA,"HRJLASDCBJWVKZ-UHFFFAOYSA-N","C14H18F13NO5S",559.069810536,"CCN(CCOCCOCCO)S(=O)(=O)C(F)(F)C(F)(F)C(F)(F)C(F)(F)C(F)(F)C(F)(F)F"
"",NA,"HROXNRPVGFCRKZ-UHFFFAOYSA-N","C14H5F25O3S",727.95602052,"O=S(=O)(O)CCC(F)(F)C(F)(F)C(F)(F)C(F)(F)C(F)(F)C(F)(F)C(F)(F)C(F)(F)C(F)(F)C(F)(F)C(F)(F)C(F)(F)F"
"DTXSID30896574","CAS_RN: 1882109-64-9","HRVVLSKWJWJIBO-UHFFFAOYSA-N","C8HF15O2",413.973702572,"O=C(O)C(F)(C(F)(F)C(F)(F)F)C(F)(C(F)(F)F)C(F)(F)C(F)(F)F"
"DTXSID30379276","CAS_RN: 22052-84-2","HRXXERHTOVVTQF-UHFFFAOYSA-N","C4H3F7O",200.007212256,"COC(F)(C(F)(F)F)C(F)(F)F"
"DTXSID3059973","CAS_RN: 423-50-7","HSDJWNJDPDJOEV-UHFFFAOYSA-N","C6F14O2S",401.93954532,"O=S(=O)(F)C(F)(F)C(F)(F)C(F)(F)C(F)(F)C(F)(F)C(F)(F)F"
"",NA,"HSKGYOGSOJQSKS-OWOJBTEDSA-N","C14HF25O2",675.957734772,"O=C(O)C(F)(F)C(F)(F)C(F)(F)C(F)(F)C(F)(F)/C(F)=C(\F)C(F)(F)C(F)(F)C(F)(F)C(F)(F)C(F)(F)C(F)(F)F"
"DTXSID10381190","CAS_RN: 678-32-0","HSLSYHFNCGWUKN-UHFFFAOYSA-N","C7Br2F14",507.81431928,"FC(F)(F)C(F)(F)C(F)(F)C(F)(F)C(F)(F)C(F)(Br)C(F)(F)Br"
"DTXSID1037303","CAS_RN: 21049-36-5","ZWBAMYVPMDSJGQ-UHFFFAOYSA-N","C7HF13O2",363.976896132,"O=C(O)C(F)(F)C(F)(F)C(F)(F)C(F)(F)C(F)(F)C(F)(F)F"
"DTXSID30897021","CAS_RN: 1814-80-8","HSZXWSFEBIXCLM-UHFFFAOYSA-N","C13H12F14N2O2",494.067522704,"O=C(NCCCCCNC(=O)C(F)(F)C(F)(F)C(F)(F)F)C(F)(F)C(F)(F)C(F)(F)F"
"DTXSID40880161","CAS_RN: 646-85-5","HTEFXPIJEVDPEF-UHFFFAOYSA-N","C8F16O",415.96936614,"FC(F)(F)C(F)(F)C(F)(F)C(F)(F)C1(F)C(F)(F)OC(F)(F)C1(F)F"
"DTXSID80896746","CAS_RN: 95841-80-8","HTIKFKFFFZPLCK-UHFFFAOYSA-N","C10F22O4",601.94452932,"FC(F)(F)OC(OC(F)(F)C(F)(F)OC(OC(F)(F)F)(C(F)(F)F)C(F)(F)F)(C(F)(F)F)C(F)(F)F"
"DTXSID80896140","CAS_RN: 1426894-99-6","HTNMUFBXPAVNBZ-UHFFFAOYSA-N","C8H3F9N2OS",345.982237696,"O=c1cc(C(F)(F)C(F)(F)C(F)(F)C(F)(F)F)[nH]c(=S)[nH]1"
"DTXSID80896620","CAS_RN: 127003-77-4","HTQCZDLRLOQUGP-UHFFFAOYSA-N","C16F34O4",901.92536796,"FC(F)(F)C(F)(F)C(F)(F)OC(F)(C(F)(F)F)C(F)(F)OC(F)(C(F)(F)F)C(F)(F)OC(F)(C(F)(F)F)C(F)(OC(F)(F)C(F)(F)C(F)(F)F)C(F)(F)F"
"DTXSID30881384","CAS_RN: 137338-40-0","HUBKJPDTNKYKGO-UHFFFAOYSA-N","C30H45F17",728.32498118,"CCCCCCCCCCCCCCCCCCCCCCC(F)(F)C(F)(F)C(F)(F)C(F)(F)C(F)(F)C(F)(F)C(F)(F)C(F)(F)F"
"DTXSID6027426","CAS_RN: 1691-99-2","HUFHNYZNTFSKCT-UHFFFAOYSA-N","C12H10F17NO3S",571.01099392,"CCN(CCO)S(=O)(=O)C(F)(F)C(F)(F)C(F)(F)C(F)(F)C(F)(F)C(F)(F)C(F)(F)C(F)(F)F"
"",NA,"HUFPFBMIWQHFBL-UHFFFAOYSA-N","C5HF7O3",241.981391432,"O=C(O)C(F)(F)OC(F)=C(F)C(F)(F)F"
"DTXSID70895586","CAS_RN: 99325-08-3","HUIAECWNXSPFSH-UHFFFAOYSA-N","C9H4F13IO",501.909929608,"OCC(I)=CC(F)(F)C(F)(F)C(F)(F)C(F)(F)C(F)(F)C(F)(F)F"
"DTXSID70895586","CAS_RN: 261761-01-7","HUIAECWNXSPFSH-UHFFFAOYSA-N","C9H4F13IO",501.909929608,"OCC(I)=CC(F)(F)C(F)(F)C(F)(F)C(F)(F)C(F)(F)C(F)(F)F"
"DTXSID70895182","CAS_RN: 99324-98-8","HUMXDBZLFGYHCC-UHFFFAOYSA-N","C8H8F9I",401.952702236,"FC(F)(F)C(F)(F)C(F)(F)C(F)(F)CCCCI"
"DTXSID60895252","CAS_RN: 154478-87-2","HUPGRQWHZOWFPQ-UHFFFAOYSA-N","C12H5F21",548.00559278,"CCC(F)(F)C(F)(F)C(F)(F)C(F)(F)C(F)(F)C(F)(F)C(F)(F)C(F)(F)C(F)(F)C(F)(F)F"
"","CAS_RN: 147986-73-0","HUTZLVJBHGQMEV-UHFFFAOYSA-N","C17H24F18O2Si3",686.079667558,"C[SiH](O[Si](C)(C)CCC(F)(F)C(F)(F)C(F)(F)C(F)(F)F)O[Si](C)(C)CCC(F)(F)C(F)(F)C(F)(F)C(F)(F)F"
"DTXSID60895550","CAS_RN: 959462-52-3","HVBADBGMDBTYFU-UHFFFAOYSA-N","C24H14F34I2",1201.864205928,"FC(F)(F)C(F)(F)C(F)(F)C(F)(F)C(F)(F)C(F)(F)C(F)(F)C(F)(F)CC(I)CCCCC(I)CC(F)(F)C(F)(F)C(F)(F)C(F)(F)C(F)(F)C(F)(F)C(F)(F)C(F)(F)F"
"DTXSID50895625","CAS_RN: 120110-91-0","HVLNFEAJGJQHFN-UHFFFAOYSA-N","C10H7F9O3",346.025148064,"CC(=O)C(C(C)=O)C(=O)C(F)(F)C(F)(F)C(F)(F)C(F)(F)F"
"",NA,"HVNWAQQVKSBURV-UHFFFAOYSA-N","C4HClF6O2",229.956926272,"O=C(O)C(F)(F)C(F)(F)C(F)(F)Cl"
"DTXSID70379270","CAS_RN: 1081782-31-1","HVOUHYGSLBPLGT-UHFFFAOYSA-N","C6H5F7",210.0279477,"CC=CC(F)(F)C(F)(F)C(F)(F)F"
"DTXSID70379270","CAS_RN: 355-95-3","HVOUHYGSLBPLGT-UHFFFAOYSA-N","C6H5F7",210.0279477,"CC=CC(F)(F)C(F)(F)C(F)(F)F"
"",NA,"HVPUHNYWAIKMTO-UHFFFAOYSA-N","C7HF13O4S",427.938796372,"O=C(C(F)(F)F)C(F)(F)C(F)(F)C(F)(F)C(F)(F)C(F)(F)S(=O)(=O)O"
"DTXSID40239857","CAS_RN: 93894-53-2","HVRZEMISTDPHLI-UHFFFAOYSA-N","C7H9F8NO3S",339.017539908,"CN(CCO)S(=O)(=O)C(F)(F)C(F)(F)C(F)(F)C(F)F"
"DTXSID00896369","CAS_RN: 136264-73-8","HVSWWIQGNBXLNG-UHFFFAOYSA-N","C10Cl3F11",433.88899346,"Fc1c(F)c(C(F)(C(F)(F)F)C(F)(F)F)c(F)c(F)c1C(Cl)(Cl)Cl"
"DTXSID10380042","CAS_RN: 238403-51-5","HVTQXQHCPONZQV-UHFFFAOYSA-N","C9HF17O2",463.970509012,"O=C(O)C(F)(F)C(F)(C(F)(F)F)C(F)(F)C(C(F)(F)F)(C(F)(F)F)C(F)(F)F"
"DTXSID1062124","CAS_RN: 2043-54-1","HVWXRMINOYZYCK-UHFFFAOYSA-N","C12H4F21I",673.902240748,"FC(F)(F)C(F)(F)C(F)(F)C(F)(F)C(F)(F)C(F)(F)C(F)(F)C(F)(F)C(F)(F)C(F)(F)CCI"
"DTXSID00895317","CAS_RN: 123629-50-5","HVZLGRLQYFSTSP-UHFFFAOYSA-N","C12H12F13I",529.977615244,"CCCCC(I)CC(C(F)(F)F)(C(F)(F)F)C(F)(F)C(F)(F)C(F)(F)F"
"",NA,"HWFPEKMIHWSKHB-UHFFFAOYSA-N","C7H2F12O2",345.986317944,"O=C(O)C(F)C(F)(F)C(F)(F)C(F)(F)C(F)(F)C(F)(F)F"
"DTXSID1037303","CAS_RN: 171198-24-6","ZWBAMYVPMDSJGQ-UHFFFAOYSA-N","C7HF13O2",363.976896132,"O=C(O)C(F)(F)C(F)(F)C(F)(F)C(F)(F)C(F)(F)C(F)(F)F"
"DTXSID00578936","CAS_RN: 2708-07-8","HWGNOHFZECDUBX-UHFFFAOYSA-N","C7H3F11O",312.000825136,"CC(=O)C(F)(F)C(F)(F)C(F)(F)C(F)(F)C(F)(F)F"
"DTXSID50181176","CAS_RN: 26637-68-3","HWJPHQNEWARZLH-UHFFFAOYSA-N","C8F16",399.97445152,"FC(F)(F)C1(C(F)(F)F)C(F)(F)C(F)(F)C(F)(F)C(F)(F)C1(F)F"
"",NA,"HWRIEKDYUSZEPJ-UHFFFAOYSA-N","C34H53F17O13",992.321471496,"OCCOCCOCCOCCOCCOCCOCCOCCOCCOCCOCCOCCOCCC(F)(F)C(F)(F)C(F)(F)C(F)(F)C(F)(F)C(F)(F)C(F)(F)C(F)(F)F"
"DTXSID30895744","CAS_RN: 75668-25-6","HWSOCRJXRIBNPB-UHFFFAOYSA-N","C8H10F7NO",269.06506148,"CC(C)CNC(=O)C(F)(F)C(F)(F)C(F)(F)F"
"DTXSID80896549","CAS_RN: 176702-72-0","HWTUPPZVUGCCDA-UHFFFAOYSA-N","C11H10F11NO2",397.05358898,"O=C(N1CCCCC1)C(F)(OC(F)(F)C(F)(F)C(F)(F)F)C(F)(F)F"
"DTXSID50896475","CAS_RN: 138370-72-6","HWWASZGFIYQTSO-UHFFFAOYSA-N","C4F9IO2",377.87993122,"FC(F)(F)OC(F)(F)C(F)(F)OC(F)(F)I"
"DTXSID20895238","CAS_RN: 80233-96-1","HWYUEAAHUZJSMM-UHFFFAOYSA-N","C7H6F9IO",403.931966792,"OCC(I)CC(F)(F)C(F)(F)C(F)(F)C(F)(F)F"
"DTXSID80229474","CAS_RN: 78974-41-1","HWYXDLNPCZITLD-UHFFFAOYSA-N","C22H9F38O4P",1089.963167758,"O=P(O)(OCCC(F)(F)C(F)(F)C(F)(F)C(F)(F)C(F)(F)C(F)(F)C(F)(C(F)(F)F)C(F)(F)F)OCCC(F)(F)C(F)(F)C(F)(F)C(F)(F)C(F)(F)C(F)(F)C(F)(C(F)(F)F)C(F)(F)F"
"DTXSID80382139","CAS_RN: 136909-72-3","HXAYZDVVQAKLDA-UHFFFAOYSA-N","C6H5F7O",226.02286232,"CC(=O)CC(F)(F)C(F)(F)C(F)(F)F"
"DTXSID90896393","CAS_RN: 1433216-60-4","HXHVTGAPDFOURG-UHFFFAOYSA-N","C10H4F7NOS",318.990182288,"O=c1[nH]c2ccc(C(F)(C(F)(F)F)C(F)(F)F)cc2s1"
"",NA,"HXKXDJLFBSNDDL-UHFFFAOYSA-N","C16H18F17NO5S",659.063423416,"CCN(CCOCCOCCO)S(=O)(=O)C(F)(F)C(F)(F)C(F)(F)C(F)(F)C(F)(F)C(F)(F)C(F)(F)C(F)(F)F"
"DTXSID8031865","CAS_RN: 335-93-3","SNGREZUHAYWORS-UHFFFAOYSA-N","C8HF15O2",413.973702572,"O=C(O)C(F)(F)C(F)(F)C(F)(F)C(F)(F)C(F)(F)C(F)(F)C(F)(F)F"
"DTXSID20758652","CAS_RN: 93416-26-3","HXWIYJXMXCMXIC-UHFFFAOYSA-N","C13H6F11NO",401.027374232,"Cc1ccc2nc(C(F)(F)C(F)(F)C(F)(F)C(F)(F)C(F)(F)F)oc2c1"
"",NA,"HYAHDHHGDLTMOV-UHFFFAOYSA-N","C13H18F13N2O2S",513.088140676,"CN(CCC[N+](C)(C)C)S(=O)(=O)C(F)(F)C(F)(F)C(F)(F)C(F)(F)C(F)(F)C(F)(F)F"
"DTXSID8059920","CAS_RN: 117806-54-9","OYGQVDSRYXATEL-UHFFFAOYSA-N","C7HF15O3S",449.940688192,"O=S(=O)(O)C(F)(F)C(F)(F)C(F)(F)C(F)(F)C(F)(F)C(F)(F)C(F)(F)F"
"DTXSID70405381","CAS_RN: 144237-77-4","HYKLUXGMNPOIOG-UHFFFAOYSA-N","C11H8F13NO2",433.034745356,"O=C(N1CCOCC1)C(F)(F)C(F)(F)C(F)(F)C(F)(F)C(F)(F)C(F)(F)F"
"","CAS_RN: 240129-24-2","HYKMGIMCEAITDZ-JHLVHVSKSA-N","C27H39F7O2",528.283828028,"CC(CCCC(F)(C(F)(F)F)C(F)(F)F)[C@H]1CC[C@H]2[C@@H]3C[C@H]4O[C@]45C[C@@H](O)CC[C@]5(C)[C@H]3CC[C@]12C"
"","CAS_RN: 240129-21-9|240129-24-2","HYKMGIMCEAITDZ-YGHMINLXSA-N","C27H39F7O2",528.283828028,"CC(CCCC(F)(C(F)(F)F)C(F)(F)F)[C@H]1CC[C@H]2[C@@H]3C[C@@H]4O[C@@]45C[C@@H](O)CC[C@]5(C)[C@H]3CC[C@]12C"
"","CAS_RN: 240129-21-9","HYKMGIMCEAITDZ-YGHMINLXSA-N","C27H39F7O2",528.283828028,"CC(CCCC(F)(C(F)(F)F)C(F)(F)F)[C@H]1CC[C@H]2[C@@H]3C[C@@H]4O[C@@]45C[C@@H](O)CC[C@]5(C)[C@H]3CC[C@]12C"
"DTXSID40290781","CAS_RN: 375-19-9","HYMJOTOLJAHZCH-UHFFFAOYSA-N","C4H3F7N2",212.018445636,"N=C(N)C(F)(F)C(F)(F)C(F)(F)F"
"DTXSID40895356","CAS_RN: 64773-44-0","HYSSZDTUULNWLC-UHFFFAOYSA-N","C8H5F13O",364.01328164,"CC(O)C(F)(F)C(F)(F)C(F)(F)C(F)(F)C(F)(F)C(F)(F)F"
"DTXSID3040148","CAS_RN: 126105-34-8","HYWZIAVPBSTISZ-UHFFFAOYSA-N","C10HF21O3S",599.931107512,"O=S(=O)(O)C(F)(F)C(F)(F)C(F)(F)C(F)(F)C(F)(F)C(F)(F)C(F)(F)C(F)(F)C(F)(F)C(F)(F)F"
"DTXSID3040148","CAS_RN: 335-77-3","HYWZIAVPBSTISZ-UHFFFAOYSA-N","C10HF21O3S",599.931107512,"O=S(=O)(O)C(F)(F)C(F)(F)C(F)(F)C(F)(F)C(F)(F)C(F)(F)C(F)(F)C(F)(F)C(F)(F)C(F)(F)F"
"DTXSID3040148","CAS_RN: 335-77-3","HYWZIAVPBSTISZ-UHFFFAOYSA-N","C10HF21O3S",599.931107512,"O=S(=O)(O)C(F)(F)C(F)(F)C(F)(F)C(F)(F)C(F)(F)C(F)(F)C(F)(F)C(F)(F)C(F)(F)C(F)(F)F"
"DTXSID90184727","CAS_RN: 307-62-0","HYZQZWDYBKVIRI-UHFFFAOYSA-N","C14F30",737.9520966,"FC(F)(F)C(F)(F)C(F)(F)C(F)(F)C(F)(F)C(F)(F)C(F)(F)C(F)(F)C(F)(F)C(F)(F)C(F)(F)C(F)(F)C(F)(F)C(F)(F)F"
"",NA,"HZASZDXZILDXSX-UHFFFAOYSA-O","C21H16F27N2O3",857.072979312,"C[N+](C)(CCCNC(=O)C(F)(F)C(F)(F)C(F)(F)C(F)(F)C(F)(F)C(F)(F)C(F)(F)C(F)(F)C(F)(F)C(F)(F)C(F)(F)C(F)(F)C(F)(F)F)CC(=O)O"
"DTXSID50184723","CAS_RN: 307-29-9","HZCZXRSVKNFILZ-UHFFFAOYSA-N","C8H4F15N",399.010422428,"NCC(F)(F)C(F)(F)C(F)(F)C(F)(F)C(F)(F)C(F)(F)C(F)(F)F"
"","CAS_RN: 56773-55-8","NMGQYKVFWNZFGI-UHFFFAOYSA-N","C14H32N",214.253475024,"CCCCC[N+](CCC)(CCC)CCC"
"","CAS_RN: 57589-85-2","MHLSLBDGGOWEJB-UHFFFAOYSA-N","C22H6Cl4F17NO6S",874.839848372,"O=C(O)c1c(Cl)c(Cl)c(Cl)c(Cl)c1C(=O)Nc1cccc(OS(=O)(=O)C(F)(F)C(F)(F)C(F)(F)C(F)(F)C(F)(F)C(F)(F)C(F)(F)C(F)(F)F)c1"
"DTXSID70895743","CAS_RN: 74942-19-1","HZTIKNWLZSIYHM-UHFFFAOYSA-N","C5F10O",265.97894682,"FC(F)(F)C(F)(F)C(F)(F)C1(F)OC1(F)F"
"DTXSID00490109","CAS_RN: 62315-18-8","HZTSIVKWPJZMNG-UHFFFAOYSA-N","C10H6F9NO",327.030567792,"Nc1ccc(OC(F)(F)C(F)(F)C(F)(F)C(F)(F)F)cc1"
"DTXSID20892363","CAS_RN: 510774-81-9","JEDHLIXWSMGAEZ-UHFFFAOYSA-N","C8HF15O3",429.968617192,"O=C(O)C(F)(OC(F)(F)C(F)(F)C(F)(F)C(F)(F)C(F)(F)F)C(F)(F)F"
"DTXSID3031862","CAS_RN: 3109-94-2","PXUULQAPEKKVAH-UHFFFAOYSA-N","C6HF11O2",313.980089692,"O=C(O)C(F)(F)C(F)(F)C(F)(F)C(F)(F)C(F)(F)F"
"DTXSID20895258","CAS_RN: 25431-48-5","IABUHMJGHDOUKS-UHFFFAOYSA-N","C12H10F15I",565.95877162,"CCCC(I)CC(F)(F)C(F)(F)C(F)(F)C(F)(F)C(F)(F)C(F)(F)C(F)(F)F"
"DTXSID80895496","CAS_RN: 97745-82-9","IAEFNLLTMXHRGE-UHFFFAOYSA-N","C10H7F7O",276.038512384,"COc1ccc(C(F)(F)C(F)(F)C(F)(F)F)cc1"
"DTXSID8031863","CAS_RN: 21049-38-7","UZUFPBIDKMEQEQ-UHFFFAOYSA-N","C9HF17O2",463.970509012,"O=C(O)C(F)(F)C(F)(F)C(F)(F)C(F)(F)C(F)(F)C(F)(F)C(F)(F)C(F)(F)F"
"DTXSID80382154","CAS_RN: 52447-22-0","IAHVCTQMGIVZJU-UHFFFAOYSA-N","C7ClF13O",381.94300916,"O=C(Cl)C(F)(F)C(F)(F)C(F)(F)C(F)(F)C(F)(F)C(F)(F)F"
"DTXSID70895369","CAS_RN: 40735-23-7","IAPGYSNDNDIXDV-UHFFFAOYSA-N","C14H10F18I2",773.85845428,"FC(F)(F)C(F)(F)C(F)(F)C(F)(F)CC(I)CCC(I)CC(F)(F)C(F)(F)C(F)(F)C(F)(F)F"
"DTXSID0071332","CAS_RN: 68239-73-6","IARCBLTVLGDOGQ-UHFFFAOYSA-N","C13H12F17NO3S",585.026643984,"CN(CCCCO)S(=O)(=O)C(F)(F)C(F)(F)C(F)(F)C(F)(F)C(F)(F)C(F)(F)C(F)(F)C(F)(F)F"
"DTXSID20880967","CAS_RN: 73928-40-2","IBBCNYCWBLECNN-UHFFFAOYSA-N","C7HF13O",347.981981512,"FC(F)=C(F)OC(F)(F)C(F)(F)C(F)(F)C(F)(F)C(F)F"
"DTXSID2065969","CAS_RN: 68015-86-1","WIXVASFEKZIRFM-UHFFFAOYSA-N","C9HF17O2",463.970509012,"O=C(O)C(F)(F)C(F)(F)C(F)(F)C(F)(F)C(F)(F)C(F)(C(F)(F)F)C(F)(F)F"
"DTXSID00895291","CAS_RN: 7621-51-4","IBDDYNPOMOFBDI-UHFFFAOYSA-N","C8HF15",381.983873332,"FC=C(F)C(F)(F)C(F)(F)C(F)(F)C(F)(F)C(F)(F)C(F)(F)F"
"DTXSID00895291","CAS_RN: 1516885-18-9","IBDDYNPOMOFBDI-UHFFFAOYSA-N","C8HF15",381.983873332,"FC=C(F)C(F)(F)C(F)(F)C(F)(F)C(F)(F)C(F)(F)C(F)(F)F"
"DTXSID20881156","CAS_RN: 94159-83-8","IBEWQQXACSADKT-UHFFFAOYSA-N","C19H19F23N2O",728.113012288,"CN(C)CCCNC(O)CCC(F)(F)C(F)(F)C(F)(F)C(F)(F)C(F)(F)C(F)(F)C(F)(F)C(F)(F)C(F)(C(F)(F)F)C(F)(F)F"
"DTXSID30896413","CAS_RN: 1355554-72-1","IBHZZLZFWFTURK-UHFFFAOYSA-N","C16H17F7O2S",406.083748324,"CCCCSc1c(C(F)(C(F)(F)F)C(F)(F)F)ccc(C(=O)O)c1CC"
"DTXSID30895325","CAS_RN: 1287702-47-9","IBMIKGQEDHLOMX-UHFFFAOYSA-N","C18H19F19",596.118336788,"CCCCCCCCCC(F)(F)C(F)(F)C(F)(F)C(F)(F)C(F)(F)C(F)(F)C(F)(F)C(F)(F)C(F)(F)F"
"DTXSID20607131","CAS_RN: 92886-04-9","IBWLYZQXVSGTFO-UHFFFAOYSA-N","C17H16F18O2S2",658.030429712,"CC(CCC(=O)O)(SCCC(F)(F)C(F)(F)C(F)(F)C(F)(F)F)SCCC(F)(F)C(F)(F)C(F)(F)C(F)(F)F"
"DTXSID60881115","CAS_RN: 93857-56-8","ICJWISPFZMNUHE-UHFFFAOYSA-N","C30H9F54O4P",1489.937619278,"O=P(O)(OCCC(F)(F)C(F)(F)C(F)(F)C(F)(F)C(F)(F)C(F)(F)C(F)(F)C(F)(F)C(F)(F)C(F)(F)C(F)(C(F)(F)F)C(F)(F)F)OCCC(F)(F)C(F)(F)C(F)(F)C(F)(F)C(F)(F)C(F)(F)C(F)(F)C(F)(F)C(F)(F)C(F)(F)C(F)(C(F)(F)F)C(F)(F)F"
"DTXSID70275965","CAS_RN: 335-24-0","ICKAEAFPESRWOT-UHFFFAOYSA-N","C8HF15O3S",461.940688192,"O=S(=O)(O)C1(F)C(F)(F)C(F)(F)C(F)(C(F)(F)C(F)(F)F)C(F)(F)C1(F)F"
"DTXSID70275965","CAS_RN: 646-83-3","ICKAEAFPESRWOT-UHFFFAOYSA-N","C8HF15O3S",461.940688192,"O=S(=O)(O)C1(F)C(F)(F)C(F)(F)C(F)(C(F)(F)C(F)(F)F)C(F)(F)C1(F)F"
"DTXSID80897470","CAS_RN: 1075687-38-5","ICXAVRGKJJLQDO-INIZCTEOSA-N","C29H17F26NO",889.089497884,"OC(c1ccc(C(F)(F)C(F)(F)C(F)(F)C(F)(F)C(F)(F)C(F)(F)F)cc1)(c1ccc(C(F)(F)C(F)(F)C(F)(F)C(F)(F)C(F)(F)C(F)(F)F)cc1)[C@@H]1CCCN1"
"DTXSID50880218","CAS_RN: 15290-77-4","IDBYQQQHBYGLEQ-UHFFFAOYSA-N","C5H3F7",196.012297636,"FC1CC(F)(F)C(F)(F)C1(F)F"
"DTXSID30881086",NA,"IDFITEZJWGYLAO-UHFFFAOYSA-N","C6HF13O4S",415.938796372,"O=S(=O)(O)C(F)(F)C(F)(F)C(F)(F)C(F)(F)C(F)(F)OC(F)(F)F"
"DTXSID3066215","CAS_RN: 125009-58-7","SQNZLBOJCWQLGQ-UHFFFAOYSA-N","C10H11F7O2",296.064727132,"CC(C)(C)C(=O)CC(=O)C(F)(F)C(F)(F)C(F)(F)F"
"DTXSID90896196","CAS_RN: 157584-47-9","IDJHICNQDCLWAB-UHFFFAOYSA-N","C21H10F17NO",615.04909368,"O=C(N(c1ccccc1)c1ccccc1)C(F)(F)C(F)(F)C(F)(F)C(F)(F)C(F)(F)C(F)(F)C(F)(F)C(F)(F)F"
"DTXSID50601809","CAS_RN: 89889-25-8","IDSZRNIXPFFLFW-UHFFFAOYSA-N","C7H6F9I",387.937052172,"CC(I)CC(F)(F)C(F)(F)C(F)(F)C(F)(F)F"
"","CAS_RN: 96426-90-3","XJJBQLAOXDZZFH-UHFFFAOYSA-N","C14H13F17N2O4S",628.032457636,"CN(C)CCN(CC(=O)O)S(=O)(=O)C(F)(F)C(F)(F)C(F)(F)C(F)(F)C(F)(F)C(F)(F)C(F)(F)C(F)(F)F"
"DTXSID8031865","CAS_RN: 32609-65-7","SNGREZUHAYWORS-UHFFFAOYSA-N","C8HF15O2",413.973702572,"O=C(O)C(F)(F)C(F)(F)C(F)(F)C(F)(F)C(F)(F)C(F)(F)C(F)(F)F"
"DTXSID10757210","CAS_RN: 91481-65-1","IEIUNVABWRASPD-UHFFFAOYSA-N","C8H9F7O3",286.043991688,"CC(C)(C)OOC(=O)C(F)(F)C(F)(F)C(F)(F)F"
"DTXSID40893256","CAS_RN: 69091-20-9","IEIYQVSGMNXXNU-UHFFFAOYSA-N","C15H16F19N2OS",633.067995312,"C[N+](C)(C)CCCNS(=O)C(F)(F)C(F)(F)C(F)(F)C(F)(F)C(F)(F)C(F)(F)C(F)(F)C(F)(F)C(F)(F)F"
"DTXSID3059927","CAS_RN: 376-90-9","IELVMUPSWDZWSD-UHFFFAOYSA-N","C5H6F6O2",212.027198752,"OCC(F)(F)C(F)(F)C(F)(F)CO"
"DTXSID50525031","CAS_RN: 89148-14-1","IFAMVJAXTIDDSN-UHFFFAOYSA-N","C7H7F7O4",288.023256244,"COC(=O)CC(O)(O)C(F)(F)C(F)(F)C(F)(F)F"
"DTXSID5061954","CAS_RN: 5081-02-7","MMYNPHSPRPZSSN-UHFFFAOYSA-N","C11H2F20O2",545.973543704,"O=C(O)C(F)(F)C(F)(F)C(F)(F)C(F)(F)C(F)(F)C(F)(F)C(F)(F)C(F)(F)C(F)(F)C(F)F"
"",NA,"IFEUDSOGGQVWNP-UHFFFAOYSA-N","C9HF17O3S",511.937494632,"O=S(=O)(O)C(F)(F)C(F)(F)C(F)(F)C(F)(F)C(F)(F)C(F)(F)C(F)=C(F)C(F)(F)F"
"DTXSID50562865","CAS_RN: 29457-73-6","KPBOPOXIOBBZTR-UHFFFAOYSA-N","C8HF15O2",413.973702572,"O=C(O)C(F)(F)C(F)(F)C(F)(F)C(F)(F)C(F)(C(F)(F)F)C(F)(F)F"
"DTXSID60730538","CAS_RN: 922523-98-6","IFPFCMSUTLBECN-UHFFFAOYSA-N","C6H3F10I",391.911980296,"FC(F)(F)C(I)CC(F)(C(F)(F)F)C(F)(F)F"
"DTXSID3066215","CAS_RN: 118360-70-6","SQNZLBOJCWQLGQ-UHFFFAOYSA-N","C10H11F7O2",296.064727132,"CC(C)(C)C(=O)CC(=O)C(F)(F)C(F)(F)C(F)(F)F"
"",NA,"IFYYQLFVVGOIPH-UHFFFAOYSA-N","C9H8F13NO5S2",520.963631216,"O=S(=O)(O)CCCNS(=O)(=O)C(F)(F)C(F)(F)C(F)(F)C(F)(F)C(F)(F)C(F)(F)F"
"DTXSID30895426","CAS_RN: 1257261-94-1","IGCVTPSDLNOIHO-UHFFFAOYSA-N","C24H32F17I",770.127728764,"CCCCCCCCCCCCCCC(I)CC(F)(F)C(F)(F)C(F)(F)C(F)(F)C(F)(F)C(F)(F)C(F)(F)C(F)(F)F"
"DTXSID3071303","CAS_RN: 68227-99-6","IGHHYZVIDWXKMF-UHFFFAOYSA-N","C13H14F11NO4S",489.046789348,"C=CC(=O)OCCCCN(C)S(=O)(=O)C(F)(F)C(F)(F)C(F)(F)C(F)(F)C(F)(F)F"
"DTXSID10551730","CAS_RN: 1545-59-1","IGLKFKBLLGNRCU-UHFFFAOYSA-N","C13H5F23O",613.99731384,"OCCC(F)(F)C(F)(F)C(F)(F)C(F)(F)C(F)(F)C(F)(F)C(F)(F)C(F)(F)C(F)(F)C(F)(F)C(F)(F)F"
"DTXSID70896215","CAS_RN: 125162-61-0","IGRQPMQIIAQLAE-UHFFFAOYSA-N","C23H20F9NO2",513.13503286,"CCOC(=O)C(CCC(F)(F)C(F)(F)C(F)(F)C(F)(F)F)N=C(c1ccccc1)c1ccccc1"
"DTXSID80895719","CAS_RN: 82854-34-0","IGRZVTLQMRLRQZ-UHFFFAOYSA-N","C9H2F17NO",462.986493424,"NC(=O)C(F)(F)C(F)(F)C(F)(F)C(F)(F)C(F)(F)C(F)(F)C(F)(F)C(F)(F)F"
"DTXSID50895307","CAS_RN: 343627-68-9","IGVITSLVCFQODG-UHFFFAOYSA-N","C8H3F13",346.002716956,"FC(=CCC(F)(F)C(F)(F)F)C(F)(F)C(F)(F)C(F)(F)F"
"",NA,"IGYGSQLEPAJSAD-UHFFFAOYSA-N","C5HF15O3S2",457.912759192,"O=S(=O)(O)C(F)(F)C(F)(F)C(F)(F)C(F)(F)C(F)(F)S(F)(F)(F)(F)F"
"DTXSID80454860","CAS_RN: 61589-64-8","IGZCYJHKCGTUQB-UHFFFAOYSA-N","C11H5F17",460.0119799,"C=CCC(F)(F)C(F)(F)C(F)(F)C(F)(F)C(F)(F)C(F)(F)C(F)(F)C(F)(F)F"
"DTXSID50757239","CAS_RN: 91508-85-9","IHCLZKZPCHZYNE-UHFFFAOYSA-N","C12H8F7NO",315.049411416,"NC(=CC(=O)c1ccccc1)C(F)(F)C(F)(F)C(F)(F)F"
"DTXSID90895705","CAS_RN: 133377-48-7","IHGUGSBDMLHOJL-UHFFFAOYSA-N","C14H13F17O2",536.064409396,"CCOC(CC(F)(F)C(F)(F)C(F)(F)C(F)(F)C(F)(F)C(F)(F)C(F)(F)C(F)(F)F)OCC"
"DTXSID80897172","CAS_RN: 524726-49-6","IHIMECRMQYQKJO-UHFFFAOYSA-N","C14H6F14N2O2",500.020572512,"O=C(Nc1ccc(NC(=O)C(F)(F)C(F)(F)C(F)(F)F)cc1)C(F)(F)C(F)(F)C(F)(F)F"
"DTXSID10555314","CAS_RN: 119403-54-2","IHKGKJQHIIWIAQ-UHFFFAOYSA-N","C13H5F13N2",436.02451502,"FC(F)(F)C(F)(F)C(F)(F)C(F)(F)C(F)(F)C(F)(F)c1nc2ccccc2[nH]1"
"DTXSID7070341","CAS_RN: 65702-23-0","IHLPCLQHYYNLIN-UHFFFAOYSA-N","C7H4ClF11O2S",395.944488468,"O=S(=O)(Cl)CCC(F)(F)C(F)(F)C(F)(F)C(F)(F)C(F)(F)F"
"DTXSID70404995","CAS_RN: 119386-82-2","IHMWVSNXULAOAZ-UHFFFAOYSA-N","C8H10ClF9Si",340.00965851,"C[Si](C)(Cl)CCC(F)(F)C(F)(F)C(F)(F)C(F)(F)F"
"DTXSID50379930","CAS_RN: 355-47-5","IHVFAVFXCUPMEN-UHFFFAOYSA-N","C9H4F17N",449.007228868,"NCC(F)(F)C(F)(F)C(F)(F)C(F)(F)C(F)(F)C(F)(F)C(F)(F)C(F)(F)F"
"DTXSID90896010","CAS_RN: 1453469-60-7","IHWUPJCZUQXEQR-UHFFFAOYSA-N","C10H2F13IS",527.871435924,"FC(F)(F)C(F)(F)C(F)(F)C(F)(F)C(F)(F)C(F)(F)c1csc(I)c1"
"DTXSID90191037","CAS_RN: 376-68-1","IHYAGCYJVNHXCT-UHFFFAOYSA-N","C5F6O3",221.97516318,"O=C1OC(=O)C(F)(F)C(F)(F)C1(F)F"
"DTXSID00408562","CAS_RN: 674-13-5","IHYMJUVQLSNPPP-UHFFFAOYSA-N","C3HF5O3",179.984584992,"O=C(O)C(F)(F)OC(F)(F)F"
"DTXSID2059859","CAS_RN: 353-54-8","IHZAEIHJPNTART-UHFFFAOYSA-N","CBr3F",267.75341452,"FC(Br)(Br)Br"
"DTXSID70884379","CAS_RN: 7385-65-1","IHZQVNJWZLTECJ-UHFFFAOYSA-N","C6F10O3",309.96877606,"O=C(F)C1(C(F)(F)F)OC(F)(F)C(F)(C(F)(F)F)O1"
"","CAS_RN: 113999-54-5","IICPDVVTTGLPAT-UHFFFAOYSA-N","C12H15F9",330.10300446,"CCCCCCC=CC(F)(F)C(F)(F)C(F)(F)C(F)(F)F"
"DTXSID40883819","CAS_RN: 2250-98-8","IIDCKPVDJNZQHD-UHFFFAOYSA-N","C36H27F51N3O10PS3",1756.978182914,"CCN(CCOP(=O)(OCCN(CC)S(=O)(=O)C(F)(F)C(F)(F)C(F)(F)C(F)(F)C(F)(F)C(F)(F)C(F)(F)C(F)(F)F)OCCN(CC)S(=O)(=O)C(F)(F)C(F)(F)C(F)(F)C(F)(F)C(F)(F)C(F)(F)C(F)(F)C(F)(F)F)S(=O)(=O)C(F)(F)C(F)(F)C(F)(F)C(F)(F)C(F)(F)C(F)(F)C(F)(F)C(F)(F)F"
"DTXSID3069306","CAS_RN: 59071-10-2","IIEYFHNUKYSWAV-UHFFFAOYSA-N","C14H12F15NO4S",575.024752164,"C=CC(=O)OCCN(CC)S(=O)(=O)C(F)(F)C(F)(F)C(F)(F)C(F)(F)C(F)(F)C(F)(F)C(F)(F)F"
"DTXSID40896267","CAS_RN: 320599-24-4","IIGNRGIDQZSRJU-UHFFFAOYSA-N","C12H9F9N2O5S2",495.980917368,"CC(=O)NS(=O)(=O)c1ccc(NS(=O)(=O)C(F)(F)C(F)(F)C(F)(F)C(F)(F)F)cc1"
"","CAS_RN: 347872-22-4","IIJKOWPVAXZAKE-UHFFFAOYSA-N","C6H4F9NO4S",356.971732588,"O=C(O)CNS(=O)(=O)C(F)(F)C(F)(F)C(F)(F)C(F)(F)F"
"","CAS_RN: 95851-62-0","MECCLHJOKCODKC-UHFFFAOYSA-N","C13H13F13N2O2",476.076944516,"O=C(N1CCN(CCO)CC1)C(F)(F)C(F)(F)C(F)(F)C(F)(F)C(F)(F)C(F)(F)F"
"DTXSID40880242","CAS_RN: 27639-98-1","IIYQDKPSLAINNX-UHFFFAOYSA-N","C12F24O4",663.94133576,"O=C(F)C(F)(OC(F)(F)C(F)(OC(F)(F)C(F)(OC(F)(F)C(F)(F)C(F)(F)F)C(F)(F)F)C(F)(F)F)C(F)(F)F"
"DTXSID80895279","CAS_RN: 99325-00-5","IJBOBFHYUFMKPT-UHFFFAOYSA-N","C12H8F17I",601.939927996,"CCC(I)CC(F)(F)C(F)(F)C(F)(F)C(F)(F)C(F)(F)C(F)(F)C(F)(F)C(F)(F)F"
"DTXSID60896527","CAS_RN: 65150-95-0","IJDRCJGYWUCJTR-UHFFFAOYSA-N","C15HF29O6",827.931006132,"O=C(O)C(F)(OC(F)(F)C(F)(OC(F)(F)C(F)(OC(F)(F)C(F)(OC(F)(F)C(F)(F)C(F)(F)F)C(F)(F)F)C(F)(F)F)C(F)(F)F)C(F)(F)F"
"",NA,"IJKCGKQIBBSXPJ-UHFFFAOYSA-N","C6HF13O5S",431.933710992,"O=S(=O)(O)C(F)(F)C(F)(F)OC(F)(F)C(F)(F)OC(F)(F)C(F)(F)F"
"DTXSID10576342","CAS_RN: 85877-79-8","IJROHELDTBDTPH-UHFFFAOYSA-N","C9H13F9O3Si",368.049024786,"CO[Si](CCC(F)(F)C(F)(F)C(F)(F)C(F)(F)F)(OC)OC"
"","CAS_RN: 68156-07-0","OXERQBBCHXVBLK-UHFFFAOYSA-N","C7HF13O3S",411.943881752,"O=S(=O)(O)C1(F)C(F)(F)C(F)(F)C(F)(F)C(F)(F)C1(F)C(F)(F)F"
"DTXSID10896299","CAS_RN: 161094-94-6","IJWSNNHYHDWJKB-UHFFFAOYSA-N","C9H12F7I",379.987195924,"CCCCC(I)CC(F)(C(F)(F)F)C(F)(F)F"
"DTXSID001015591",NA,"IKDIDBNVYPGSQG-UHFFFAOYSA-N","C13H2F22O4",639.960179384,"O=C(O)C(F)(F)C(F)(F)C(F)(F)C(F)(F)C(F)(F)C(F)(F)C(F)(F)C(F)(F)C(F)(F)C(F)(F)C(F)(F)C(=O)O"
"DTXSID20895339","CAS_RN: 935477-04-6","IKEULTDRFFGVIG-UHFFFAOYSA-N","C9H2F16",413.990101584,"FC(F)(F)C(F)(F)C=CC(F)(F)C(F)(F)C(F)(F)C(F)(F)C(F)(F)F"
"DTXSID40892325","CAS_RN: 53826-13-4","IKHNVATUHWDNGI-UHFFFAOYSA-N","C12H3F21O2",577.979771956,"O=C(O)CC(F)(F)C(F)(F)C(F)(F)C(F)(F)C(F)(F)C(F)(F)C(F)(F)C(F)(F)C(F)(F)C(F)(F)F"
"DTXSID30375112","CAS_RN: 330562-47-5","IKLGPUSJUIHNMO-UHFFFAOYSA-N","C9BrF19O3",595.87274214,"FC(F)(Br)OC(F)(F)C(F)(F)OC(F)(F)C(F)(F)OC(F)(F)C(F)(F)C(F)(F)C(F)(F)F"
"DTXSID80881112","CAS_RN: 94291-75-5","VAPDLYGIEFOUOV-UHFFFAOYSA-N","C32H9F58O4P",1589.931232158,"O=P(O)(OCCC(F)(F)C(F)(F)C(F)(F)C(F)(F)C(F)(F)C(F)(F)C(F)(F)C(F)(F)C(F)(F)C(F)(F)C(F)(F)C(F)(F)C(F)(F)C(F)(F)F)OCCC(F)(F)C(F)(F)C(F)(F)C(F)(F)C(F)(F)C(F)(F)C(F)(F)C(F)(F)C(F)(F)C(F)(F)C(F)(F)C(F)(F)C(F)(F)C(F)(F)F"
"DTXSID50892957","CAS_RN: 178094-74-1","IKTYOVKWKVJAFP-UHFFFAOYSA-N","C12H13F15N2O3S",550.040736576,"C[N+](C)([O-])CCCNS(=O)(=O)C(F)(F)C(F)(F)C(F)(F)C(F)(F)C(F)(F)C(F)(F)C(F)(F)F"
"",NA,"IKUMTFVHNDFOQB-UHFFFAOYSA-N","C21H11F29O2",846.029597972,"C=C(C)CC(=O)OCCC(F)(F)C(F)(F)C(F)(F)C(F)(F)C(F)(F)C(F)(F)C(F)(F)C(F)(F)C(F)(F)C(F)(F)C(F)(F)C(F)(F)C(F)(F)C(F)(F)F"
"DTXSID60896603","CAS_RN: 1812247-18-9","IKYRNTJITFLYOS-UHFFFAOYSA-N","C8HF15O2",413.973702572,"O=C(O)C(F)(C(F)(F)F)C(F)(C(F)(F)F)C(F)(F)C(F)(F)C(F)(F)F"
"DTXSID60893334","CAS_RN: 117844-18-5","IKYSSHCBAUZNMC-UHFFFAOYSA-N","C31H36F7N3O4",647.259404172,"CCCCCCCCCCCCC(Oc1ccccc1C#N)C(O)=Nc1ccc(NC(=O)C(F)(F)C(F)(F)C(F)(F)F)c(O)c1"
"DTXSID80896428","CAS_RN: 1355555-11-1","ILBDMKGZYGQOLP-UHFFFAOYSA-N","C14H13F7O4S",410.042277436,"CCc1c(C(=O)O)ccc(C(F)(C(F)(F)F)C(F)(F)F)c1S(=O)(=O)CC"
"DTXSID40895674","CAS_RN: 210972-74-0","ILEPULLEPPEBPZ-UHFFFAOYSA-N","C16F32O",815.94381766,"O=C(F)C(F)(F)C(F)(F)C(F)(F)C(F)(F)C(F)(F)C(F)(F)C(F)(F)C(F)(F)C(F)(F)C(F)(F)C(F)(F)C(F)(F)C(F)(F)C(F)(F)C(F)(F)F"
"DTXSID20897459","CAS_RN: 139225-92-6","ILHSDNSKBVJICM-UHFFFAOYSA-N","C30H21F14OP",694.110647002,"CC(C)=C(C(C(=O)C(F)(F)C(F)(F)C(F)(F)F)=P(c1ccccc1)(c1ccccc1)c1ccccc1)C(F)(F)C(F)(F)C(F)(F)F"
"DTXSID8031863","CAS_RN: 77032-24-7","UZUFPBIDKMEQEQ-UHFFFAOYSA-N","C9HF17O2",463.970509012,"O=C(O)C(F)(F)C(F)(F)C(F)(F)C(F)(F)C(F)(F)C(F)(F)C(F)(F)C(F)(F)F"
"DTXSID40377824","CAS_RN: 375-53-1","ILSWGKFIWBVLDG-UHFFFAOYSA-N","C5HF9O",247.988368632,"O=CC(F)(F)C(F)(F)C(F)(F)C(F)(F)F"
"DTXSID80893376","CAS_RN: 261761-76-6","IMCJGMVADKNDTL-UHFFFAOYSA-N","C7BrF11O",387.89568714,"O=C(Br)C1(F)C(F)(F)C(F)(F)C(F)(F)C(F)(F)C1(F)F"
"DTXSID50895261","CAS_RN: 648-39-5","IMFRQXJTPNCKAO-UHFFFAOYSA-N","C7HF13",331.987066892,"FC(=CC(F)(F)C(F)(F)C(F)(F)F)C(F)(F)C(F)(F)F"
"DTXSID50895549","CAS_RN: 135588-58-8","IMGWTCMULAUXKG-UHFFFAOYSA-N","C30H20F42",1178.08943588,"FC(F)(F)C(F)(F)C(F)(F)C(F)(F)C(F)(F)C(F)(F)C(F)(F)C(F)(F)C(F)(F)C(F)(F)CCCCCCCCCCC(F)(F)C(F)(F)C(F)(F)C(F)(F)C(F)(F)C(F)(F)C(F)(F)C(F)(F)C(F)(F)C(F)(F)F"
"DTXSID60659230","CAS_RN: 1193009-93-6","IMLHOIBHVRYUCZ-UHFFFAOYSA-N","C13H15F13O",434.09153196,"CCCCCOCCC(F)(F)C(F)(F)C(F)(F)C(F)(F)C(F)(F)C(F)(F)F"
"DTXSID40381986","CAS_RN: 73606-13-0","IMNCTHAFGYFIOE-UHFFFAOYSA-N","C5H5F5O3S",239.98795612,"C=CCOC(F)(F)C(F)(F)S(=O)(=O)F"
"DTXSID60188833","CAS_RN: 35328-43-9","IMVVEWPCRIJQCA-UHFFFAOYSA-N","C10F20",499.9680644,"FC(F)=C(F)C(F)(F)C(F)(F)C(F)(F)C(F)(F)C(F)(F)C(F)(F)C(F)(F)C(F)(F)F"
"DTXSID00818945","CAS_RN: 61282-83-5","INASZJPFWJZLGH-UHFFFAOYSA-N","C10H6F12O",370.022703452,"CCC(C=O)=C(F)C(F)(F)C(F)(F)C(F)(F)C(F)(F)C(F)(F)F"
"DTXSID60896365","CAS_RN: 273735-38-9","INCNKEPQBIGNRG-UHFFFAOYSA-N","C10H8F7NO",291.049411416,"COc1cc(C(F)(C(F)(F)F)C(F)(F)F)ccc1N"
"DTXSID7068556","CAS_RN: 50598-28-2","INDOGKYZYLAGEM-UHFFFAOYSA-N","C11H13F13N2O2S",484.049015516,"CN(C)CCCNS(=O)(=O)C(F)(F)C(F)(F)C(F)(F)C(F)(F)C(F)(F)C(F)(F)F"
"DTXSID80896463","CAS_RN: 862133-37-7","INGKWWAJPZGKLN-UHFFFAOYSA-N","C25H17Br2F7N2O2",667.954499524,"Cc1cc(C(F)(C(F)(F)F)C(F)(F)F)cc(C)c1NC(=O)c1cc(NC(=O)c2ccccc2)c(Br)cc1Br"
"DTXSID5072353","CAS_RN: 71463-78-0","INHFWJVSNWHLSP-UHFFFAOYSA-N","C13H13F17NO5PS",648.998059886,"CCN(CCCP(=O)(O)O)S(=O)(=O)C(F)(F)C(F)(F)C(F)(F)C(F)(F)C(F)(F)C(F)(F)C(F)(F)C(F)(F)F"
"DTXSID20881333","CAS_RN: 106376-37-8","INMDAGXEYRBPRG-UHFFFAOYSA-N","C10H4Cl2F7NO",356.955816648,"O=C(Nc1ccc(Cl)c(Cl)c1)C(F)(F)C(F)(F)C(F)(F)F"
"DTXSID10896057","CAS_RN: 49676-56-4","INMZEORJCBRDMK-UHFFFAOYSA-N","C21H12F26O4",822.032042584,"C=C(CC(=O)OCCC(F)(F)C(F)(F)C(F)(F)C(F)(F)C(F)(F)C(F)(F)F)C(=O)OCCC(F)(F)C(F)(F)C(F)(F)C(F)(F)C(F)(F)C(F)(F)F"
"DTXSID00895418","CAS_RN: 54949-99-4","INSNDRBNHLKUKX-UHFFFAOYSA-N","C8H9F9O2",308.045883508,"OCCOCCC(F)(F)C(F)(F)C(F)(F)C(F)(F)F"
"DTXSID60895651","CAS_RN: 195324-87-9","INTYDOLPAWEEIL-UHFFFAOYSA-N","C14H8BrF13",501.960179216,"FC(F)(F)C(F)(F)C(F)(F)C(F)(F)C(F)(F)C(F)(F)CCc1ccc(Br)cc1"
"DTXSID10871521","CAS_RN: NOCAS_871521","INWWPBCQHLHWRD-UHFFFAOYSA-N","C9H7F13",362.034017084,"CCCC(F)(F)C(F)(F)C(F)(F)C(F)(F)C(F)(F)C(F)(F)F"
"","CAS_RN: 51032-47-4","IOKDOGCZVWDSDA-UHFFFAOYSA-N","C15H8F17NO5S2",668.957244096,"O=S(=O)(O)c1ccccc1CNS(=O)(=O)C(F)(F)C(F)(F)C(F)(F)C(F)(F)C(F)(F)C(F)(F)C(F)(F)C(F)(F)F"
"DTXSID80895951","CAS_RN: 1105981-44-9","IONYEBZQOMLVPQ-UHFFFAOYSA-N","C9H4F7NO2",291.013025908,"O=C(O)c1ccc(C(F)(F)C(F)(F)C(F)(F)F)nc1"
"DTXSID6071908","CAS_RN: 68957-63-1","IOQHTIQMCISFKB-UHFFFAOYSA-N","C11H8F15NO4S",534.993452036,"CCN(CC(=O)O)S(=O)(=O)C(F)(F)C(F)(F)C(F)(F)C(F)(F)C(F)(F)C(F)(F)C(F)(F)F"
"",NA,"IORHNHBOXCYSCM-UHFFFAOYSA-N","C10H2F18O2",495.976737264,"O=C(O)C(F)C(F)(F)C(F)(F)C(F)(F)C(F)(F)C(F)(F)C(F)(F)C(F)(F)C(F)(F)F"
"","CAS_RN: 68815-72-5","VUHHRZPEJYXHPO-UHFFFAOYSA-N","C20H6Cl4F13NO6S",774.846235492,"O=C(O)c1c(Cl)c(Cl)c(Cl)c(Cl)c1C(=O)Nc1cccc(OS(=O)(=O)C(F)(F)C(F)(F)C(F)(F)C(F)(F)C(F)(F)C(F)(F)F)c1"
"DTXSID9071890","CAS_RN: 67584-51-4","PAOHBPWWJXVFBM-UHFFFAOYSA-N","C8H8F9NO4S",385.003032716,"CCN(CC(=O)O)S(=O)(=O)C(F)(F)C(F)(F)C(F)(F)C(F)(F)F"
"DTXSID80895234","CAS_RN: 169331-74-2","IOYBNVFBNAHBMT-UHFFFAOYSA-N","C13H13F15",454.077773716,"CCCCCCC(F)(F)C(F)(F)C(F)(F)C(F)(F)C(F)(F)C(F)(F)C(F)(F)F"
"",NA,"IPCCWNWHJVOPTJ-UHFFFAOYSA-N","C13H18F13N2O3S",529.083055296,"C[N+](C)(CCO)CCCNS(=O)(=O)C(F)(F)C(F)(F)C(F)(F)C(F)(F)C(F)(F)C(F)(F)F"
"","CAS_RN: 1612778-34-3","IPFAAVDLIDTUNL-QHCPKHFHSA-N","C11H6F9NOS",371.002638792,"O=[S@](N=Cc1ccccc1)C(F)(F)C(F)(F)C(F)(F)C(F)(F)F"
"DTXSID90896035","CAS_RN: 81084-29-9","IPSZMIRIAURPSU-UHFFFAOYSA-N","C7H6F7NO3",285.023590592,"COC(=O)CNC(=O)C(F)(F)C(F)(F)C(F)(F)F"
"DTXSID00763441","CAS_RN: 111144-99-1","IPXALQQGEQVBSM-UHFFFAOYSA-N","C12H9F7O",302.054162448,"C=Cc1ccc(OCC(F)(F)C(F)(F)C(F)(F)F)cc1"
"","CAS_RN: 80621-17-6","NVZKJWGGYRLQDE-UHFFFAOYSA-N","C13H17F13N2O5S2",592.037130504,"CN(CCCNS(=O)(=O)C(F)(F)C(F)(F)C(F)(F)C(F)(F)C(F)(F)C(F)(F)F)CCCS(=O)(=O)O"
"DTXSID80371063","CAS_RN: 230295-10-0","IPYGQAQYTYRSSI-UHFFFAOYSA-N","C22H6F26N2O",808.006496532,"O=C(c1ccccc1)n1nc(C(F)(F)C(F)(F)C(F)(F)C(F)(F)C(F)(F)C(F)(F)F)cc1C(F)(F)C(F)(F)C(F)(F)C(F)(F)C(F)(F)C(F)(F)F"
"",NA,"IQCHUJYEVZZWCI-UHFFFAOYSA-N","C4HClF8O3S",315.920718332,"O=S(=O)(O)C(F)(Cl)C(F)(F)C(F)(F)C(F)(F)F"
"DTXSID00896420","CAS_RN: 66432-83-5","IQHBQABYZVSJRR-UHFFFAOYSA-N","C17H7F17O3",582.012373824,"COC(=O)c1ccc(OC(=C(C(F)(C(F)(F)F)C(F)(F)F)C(F)(C(F)(F)F)C(F)(F)F)C(F)(F)F)cc1"
"DTXSID20896169","CAS_RN: 1456900-48-3","IQHFWDNZUPFZQI-UHFFFAOYSA-N","C12H16F9NO2S",409.075803732,"O=S(=O)(NC1CCCCCCC1)C(F)(F)C(F)(F)C(F)(F)C(F)(F)F"
"DTXSID60370978","CAS_RN: 231953-34-7","IQHPIVLECIKIGS-UHFFFAOYSA-N","C17H4F26N2O",745.990846468,"CC(=O)n1nc(C(F)(F)C(F)(F)C(F)(F)C(F)(F)C(F)(F)C(F)(F)F)cc1C(F)(F)C(F)(F)C(F)(F)C(F)(F)C(F)(F)C(F)(F)F"
"DTXSID10190946","CAS_RN: 375-02-0","IQJZGNJYXIIMGP-UHFFFAOYSA-N","C4HF7O",197.991562192,"O=CC(F)(F)C(F)(F)C(F)(F)F"
"DTXSID70895485","CAS_RN: 52717-06-3","IQKOXEYYVMJQGE-UHFFFAOYSA-N","C17H19F15",508.124723908,"CCCCCCCCC=CC(F)(F)C(F)(F)C(F)(F)C(F)(F)C(F)(F)C(F)(F)C(F)(F)F"
"DTXSID00896107","CAS_RN: 1608112-35-1","IRBXNKVJFDBXNO-UHFFFAOYSA-N","C13H8F9N",349.051303236,"Cn1c(C(F)(F)C(F)(F)C(F)(F)C(F)(F)F)cc2ccccc21"
"",NA,"IRCBCQHSEHAVGL-UHFFFAOYSA-N","C12HF23O",597.966013712,"OC(F)(F)C(F)(F)C(F)(F)C(F)(F)C(F)(F)C(F)(F)C(F)(F)C(F)(F)C(F)(F)C(F)=C(F)C(F)(F)F"
"DTXSID80895390","CAS_RN: 250738-43-3","IRENDMIBVKTRCR-UHFFFAOYSA-N","C25H31F21",730.209043612,"CCCCCCCCCCCCCCCC(F)(F)C(F)(F)C(F)(F)C(F)(F)C(F)(F)C(F)(F)C(F)(F)C(F)(F)C(F)(F)C(F)(F)F"
"DTXSID80315129","CAS_RN: 2991-84-6","IRFCLLARAUQTNK-UHFFFAOYSA-N","C4ClF9O2S",317.9163819,"O=S(=O)(Cl)C(F)(F)C(F)(F)C(F)(F)C(F)(F)F"
"","CAS_RN: 69534-12-9","IRFCYNBOXLFPAS-IWQZZHSRSA-N","C8H2F12O",341.991403324,"O=C/C=C(\F)C(F)(F)C(F)(F)C(F)(F)C(F)(F)C(F)(F)F"
"DTXSID40895533","CAS_RN: 69534-12-9","IRFCYNBOXLFPAS-UHFFFAOYSA-N","C8H2F12O",341.991403324,"O=CC=C(F)C(F)(F)C(F)(F)C(F)(F)C(F)(F)C(F)(F)F"
"",NA,"IRIXBKPKQSYLHB-UHFFFAOYSA-N","C18H11F23O2",696.039178652,"C=C(C)CC(=O)OCCC(F)(F)C(F)(F)C(F)(F)C(F)(F)C(F)(F)C(F)(F)C(F)(F)C(F)(F)C(F)(F)C(F)(F)C(F)(F)F"
"DTXSID70880119","CAS_RN: 306-99-0","IRMGTABUJBVLKA-UHFFFAOYSA-N","C14F26",661.95848372,"FC1(F)C(F)(F)C(F)(F)C(F)(C(F)(F)C(F)(F)C2(F)C(F)(F)C(F)(F)C(F)(F)C(F)(F)C2(F)F)C(F)(F)C1(F)F"
"DTXSID10896037","CAS_RN: 1606997-40-3","IRRRBLZNXPWFNN-UHFFFAOYSA-N","C9H7F9O3S",365.997219064,"C=C(C(=O)OCC)S(=O)C(F)(F)C(F)(F)C(F)(F)C(F)(F)F"
"DTXSID60382152","CAS_RN: 67990-78-7","IRSPIQIRIUYUGF-UHFFFAOYSA-N","C4F10O3S",317.94084706,"O=S(=O)(F)C(F)(F)C(F)(F)OC(F)(F)C(F)(F)F"
"DTXSID8062600","CAS_RN: 68259-09-6","ACEKLXZRZOWKRY-UHFFFAOYSA-N","C5HF11O3S",349.947075312,"O=S(=O)(O)C(F)(F)C(F)(F)C(F)(F)C(F)(F)C(F)(F)F"
"DTXSID0071889","CAS_RN: 68957-32-4","ISFCQODURJEALJ-UHFFFAOYSA-N","C10H8F13NO4S",484.996645596,"CCN(CC(=O)O)S(=O)(=O)C(F)(F)C(F)(F)C(F)(F)C(F)(F)C(F)(F)C(F)(F)F"
"DTXSID00379268","CAS_RN: 356-02-5","ISFKSWMQWIRDNC-UHFFFAOYSA-N","C6H5F7O2",242.01777694,"O=C(O)CCC(F)(F)C(F)(F)C(F)(F)F"
"","CAS_RN: 192662-29-6","OJTPRDWFYBFBBB-UHFFFAOYSA-O","C12H18F9N2O4S",457.084357036,"C[N+](C)(CCCNS(=O)(=O)C(F)(F)C(F)(F)C(F)(F)C(F)(F)F)CCC(=O)O"
"DTXSID00379960","CAS_RN: 10331-08-5","ISIIJJQHILZBPB-UHFFFAOYSA-N","C8H4F14O",382.003859828,"OCC(F)(F)C(F)(F)C(F)(F)C(F)(F)C(F)(F)C(F)(F)C(F)F"
"DTXSID40896409","CAS_RN: 1355554-81-2","ISKZCAFAIREMLK-UHFFFAOYSA-N","C16H17F7O2S",406.083748324,"CCc1c(C(=O)O)ccc(C(F)(C(F)(F)F)C(F)(F)F)c1SC(C)(C)C"
"DTXSID30896115","CAS_RN: 1447923-23-0","ISNNMOKXAQYECI-UHFFFAOYSA-N","C11H8F13N3O",445.045978736,"FC(F)(F)C(F)(F)C(F)(F)C(F)(F)C(F)(F)C(F)(F)CCOCc1cnn[nH]1"
"DTXSID00896167","CAS_RN: 73602-46-7","ISODSYQUAODSLH-UHFFFAOYSA-N","C15H12F17NO",545.064743744,"O=C(NC1CCCCC1)C(F)(F)C(F)(F)C(F)(F)C(F)(F)C(F)(F)C(F)(F)C(F)(F)C(F)(F)F"
"DTXSID30896054","CAS_RN: 550301-92-3","ISPPNGLLDAPGTE-UHFFFAOYSA-N","C10H5F8NO",307.02433954,"O=C(Nc1ccc(F)cc1)C(F)(F)C(F)(F)C(F)(F)F"
"DTXSID00897093","CAS_RN: 902456-09-1","ISTSQSORQULSAL-NEBJRPIFSA-N","C50H52F17N4O8P",1190.325130994,"COc1ccc(C(OC[C@H]2O[C@@H](n3cc(C)c(=O)[nH]c3=O)C[C@@H]2OP(OCCC#N)N(C(C)C)C(C)C)(c2ccc(CCC(F)(F)C(F)(F)C(F)(F)C(F)(F)C(F)(F)C(F)(F)C(F)(F)C(F)(F)F)cc2)c2ccc(OC)cc2)cc1"
"","CAS_RN: 68957-58-4","OWBYGXNKMFLAMD-UHFFFAOYSA-N","C12H16F13N2O2S",499.072490612,"C[N+](C)(C)CCCNS(=O)(=O)C(F)(F)C(F)(F)C(F)(F)C(F)(F)C(F)(F)C(F)(F)F"
"","CAS_RN: 469904-32-3","ITAGSMAUGCKABB-UHFFFAOYSA-N","C8H7F13Si",378.010943614,"FC(F)(F)C(F)(F)C(F)(F)C(F)(F)C(F)(F)C(F)(F)CC[SiH3]"
"DTXSID00567047","CAS_RN: 647-84-7","ITASBCIXGRCUAD-UHFFFAOYSA-N","C6H6F7IO",353.935160352,"OCC(I)CC(F)(F)C(F)(F)C(F)(F)F"
"DTXSID90895669","CAS_RN: 84108-41-8","ITHGUKYRCZMXFU-UHFFFAOYSA-N","C9H6F13NO2",407.019095292,"CC(C)([N+](=O)[O-])C(F)(F)C(F)(F)C(F)(F)C(F)(F)C(F)(F)C(F)(F)F"
"DTXSID60897054","CAS_RN: 174495-83-1","ITKZNLZORZOOLJ-UHFFFAOYSA-N","C24H14F34N2O2",1008.051237168,"O=C(NCCCCCCNC(=O)C(F)(F)C(F)(F)C(F)(F)C(F)(F)C(F)(F)C(F)(F)C(F)(F)C(F)(F)F)C(F)(F)C(F)(F)C(F)(F)C(F)(F)C(F)(F)C(F)(F)C(F)(F)C(F)(F)F"
"DTXSID50515856","CAS_RN: 374-59-4","ITPKQVFBLQIXLT-UHFFFAOYSA-N","C9F18",449.97125796,"FC(F)(F)C(F)(F)C(F)(F)C1(F)C(F)(F)C(F)(F)C(F)(F)C(F)(F)C1(F)F"
"DTXSID20895435","CAS_RN: 1184-97-0","ITRARIZTIUSJFX-UHFFFAOYSA-N","C7H3F13O",349.997631576,"FC(C(F)(F)F)C(F)(F)OCC(F)(F)C(F)(F)C(F)(F)F"
"DTXSID90895487","CAS_RN: 1254971-76-0","ITRVJOXJQVPORW-UHFFFAOYSA-N","C17H8F26I2",959.830029976,"FC(F)(F)C(F)(F)C(F)(F)C(F)(F)C(F)(F)C(F)(F)CC(I)CC(I)CC(F)(F)C(F)(F)C(F)(F)C(F)(F)C(F)(F)C(F)(F)F"
"DTXSID50206196","CAS_RN: 5756-67-2","ITYOBZDILJDFMZ-UHFFFAOYSA-N","C11H5F7N2O",314.02901032,"FC(F)(F)C(F)(F)C(F)(F)c1nnc(-c2ccccc2)o1"
"DTXSID90896111","CAS_RN: 2059-15-6","ITZZBAJDLSEKTE-UHFFFAOYSA-N","C11H5F10NO",357.02114598,"O=C(Nc1cccc(C(F)(F)F)c1)C(F)(F)C(F)(F)C(F)(F)F"
"DTXSID50896253","CAS_RN: 240801-56-3","IUCCIVARQVPPPQ-UHFFFAOYSA-N","C16H14F17NO3S",623.042294048,"O=C1CCCCCCC1NS(=O)(=O)C(F)(F)C(F)(F)C(F)(F)C(F)(F)C(F)(F)C(F)(F)C(F)(F)C(F)(F)F"
"DTXSID60896244","CAS_RN: 376383-49-2","IUJJLNFUGXXBAR-UHFFFAOYSA-N","C16H9F7O5",414.033820928,"COc1c2occc2c(OC)c2c(=O)cc(C(F)(F)C(F)(F)C(F)(F)F)oc12"
"DTXSID00896142","CAS_RN: 313366-93-7","IUSKDJJOYQLBDY-UHFFFAOYSA-N","C15H6F17NO",539.017793552,"O=C(Nc1ccccc1)C(F)(F)C(F)(F)C(F)(F)C(F)(F)C(F)(F)C(F)(F)C(F)(F)C(F)(F)F"
"DTXSID00896708","CAS_RN: 854095-13-9","IUUVQAYNLGBYHS-UHFFFAOYSA-N","C16H14F21O3P",684.034523558,"CCOP(=O)(CCC(F)(F)C(F)(F)C(F)(F)C(F)(F)C(F)(F)C(F)(F)C(F)(F)C(F)(F)C(F)(F)C(F)(F)F)OCC"
"DTXSID60895353","CAS_RN: 90499-29-9","IVEZGFUIXGVGNW-UHFFFAOYSA-N","C20H21F21",660.130793292,"CCCCCCCCCCC(F)(F)C(F)(F)C(F)(F)C(F)(F)C(F)(F)C(F)(F)C(F)(F)C(F)(F)C(F)(F)C(F)(F)F"
"DTXSID70863104","CAS_RN: 3107-18-4","VFOJXEHRTNGBDB-UHFFFAOYSA-N","C6HF11O3S",361.947075312,"O=S(=O)(O)C1(F)C(F)(F)C(F)(F)C(F)(F)C(F)(F)C1(F)F"
"","CAS_RN: 88951-25-1","IVISRMWAKRCKHH-IZLXSQMJSA-N","C11H11F9O2",346.061533572,"O=C(O)[C@H]1CC[C@H](C(F)(F)C(F)(F)C(F)(F)C(F)(F)F)CC1"
"","CAS_RN: 88951-24-0","IVISRMWAKRCKHH-OLQVQODUSA-N","C11H11F9O2",346.061533572,"O=C(O)[C@H]1CC[C@@H](C(F)(F)C(F)(F)C(F)(F)C(F)(F)F)CC1"
"","CAS_RN: 872672-61-2","VNPQJEAXWTWTBP-UHFFFAOYSA-N","C10H11F9N2",330.077852332,"CN1C=CN(CCC(F)(F)C(F)(F)C(F)(F)C(F)(F)F)C1"
"DTXSID40896500","CAS_RN: 14620-81-6","IVWMVBZXKIOILW-UHFFFAOYSA-N","C12H3F23O4",647.966407636,"OCC(F)(OC(F)(F)C(F)(OC(F)(F)C(F)(OC(F)(F)C(F)(F)C(F)(F)F)C(F)(F)F)C(F)(F)F)C(F)(F)F"
"DTXSID30896372","CAS_RN: 1433216-39-7","IVXOJEBXGRVURA-UHFFFAOYSA-N","C10H5F7N2",286.0340957,"FC(F)(F)C(F)(c1ccc2[nH]ncc2c1)C(F)(F)F"
"",NA,"IWGBXUMIEVQVSE-UHFFFAOYSA-N","C3HF11O3S2",357.919146312,"O=S(=O)(O)C(F)(F)C(F)(F)C(F)(F)S(F)(F)(F)(F)F"
"DTXSID20402082","CAS_RN: 133310-72-2","IWIJPSWAAIRVQF-UHFFFAOYSA-N","C22H29F17",616.199780668,"CCCCCCCCCCCCCCC(F)(F)C(F)(F)C(F)(F)C(F)(F)C(F)(F)C(F)(F)C(F)(F)C(F)(F)F"
"DTXSID80895471","CAS_RN: 80793-21-1","IWJCXMJWFQQWED-UHFFFAOYSA-N","C8H3F13O",361.997631576,"CC(=O)C(F)(F)C(F)(F)C(F)(F)C(F)(F)C(F)(F)C(F)(F)F"
"DTXSID20854880","CAS_RN: 922524-04-7","IWKJBTWWSDUWMD-UHFFFAOYSA-N","C9HF18I",577.883555992,"FC(F)(F)C(I)C(F)(F)C(F)(F)C(F)(F)C(F)(F)C(F)(F)C(F)(F)C(F)(F)F"
"DTXSID00895670","CAS_RN: 157829-77-1","IWLWYBHBNRALOG-UHFFFAOYSA-N","C12H4BrF13",473.928879088,"FC(F)(F)C(F)(F)C(F)(F)C(F)(F)C(F)(F)C(F)(F)c1cccc(Br)c1"
"DTXSID10896017","CAS_RN: 425-19-4","IWRCISRUSCEZDU-UHFFFAOYSA-N","C9H10F7NO",281.06506148,"O=C(N1CCCCC1)C(F)(F)C(F)(F)C(F)(F)F"
"DTXSID30896610","CAS_RN: 36097-07-1","IWRNCVRDDHBTAD-UHFFFAOYSA-N","C12H13F13S2",468.025109276,"FC(F)(F)C(F)(F)C(F)(F)C(F)(F)C(F)(F)C(F)(F)CCSCCCCS"
"DTXSID50896490","CAS_RN: 1482416-51-2","IWTUOKVDRWNISV-UHFFFAOYSA-N","C13BrF27O4",811.85488252,"FC(F)(F)C(F)(F)OC(F)(F)C(F)(OC(F)(F)C(F)(OC(F)(F)C(F)(OC(F)(F)C(F)(F)Br)C(F)(F)F)C(F)(F)F)C(F)(F)F"
"DTXSID30309992","CAS_RN: 59727-25-2","IXEUDEKRZXOLQA-UHFFFAOYSA-N","C9H7F7N2O3",324.034489624,"O=c1[nH]cc(COCC(F)(F)C(F)(F)C(F)(F)F)c(=O)[nH]1"
"DTXSID10896118","CAS_RN: 6826-38-6","IXFBWEUABZKVQQ-UHFFFAOYSA-N","C10H4F7N3O2",331.019173908,"O=[N+]([O-])c1ccc2nc(C(F)(F)C(F)(F)C(F)(F)F)[nH]c2c1"
"","CAS_RN: 240497-26-1","IXGCTPQSODDMDJ-UHFFFAOYSA-N","C18H13F27Sn",861.960807056,"FC(F)(F)C(F)(F)C(F)(F)C(F)(F)C[CH2][SnH]([CH2]CC(F)(F)C(F)(F)C(F)(F)C(F)(F)F)[CH2]CC(F)(F)C(F)(F)C(F)(F)C(F)(F)F"
"","CAS_RN: 66008-71-7","IXKVVULTIBZSFS-UHFFFAOYSA-O","C16H22F13N2O4S",585.109270044,"CN(CCC[N+](C)(C)CC(=O)O)S(=O)(=O)CCC(F)(F)C(F)(F)C(F)(F)C(F)(F)C(F)(F)C(F)(F)F"
"",NA,"IXSGTMGWSALGCD-UHFFFAOYSA-N","C14H21F11N2O6S2",586.066538812,"CN(C)CCC(CO)N(CCCS(=O)(=O)O)S(=O)(=O)C(F)(F)C(F)(F)C(F)(F)C(F)(F)C(F)(F)F"
"",NA,"IXWMYPLKYQPDCA-UHFFFAOYSA-N","C6H8F7NO5S2",370.973211896,"O=S(=O)(O)CCCNS(=O)(=O)C(F)(F)C(F)(F)C(F)(F)F"
"",NA,"IYAFCGZBAFKFSQ-UHFFFAOYSA-N","C7H2F14O4S",447.945024624,"O=S(=O)(O)C(F)(F)C(F)(F)OC(F)(F)C(F)(F)C(F)(F)C(F)(F)C(F)F"
"","CAS_RN: 93776-14-8","IYAILADQVOJMHN-UHFFFAOYSA-O","C19H24F17N2O3",651.151547368,"C[N+](C)(CCCNCC(O)CC(F)(F)C(F)(F)C(F)(F)C(F)(F)C(F)(F)C(F)(F)C(F)(F)C(F)(F)F)CCC(=O)O"
"","CAS_RN: 104504-30-5","IYAUTGRZIRZZES-UHFFFAOYSA-N","C14H19F9",358.134304588,"CCCCCCCCC=CC(F)(F)C(F)(F)C(F)(F)C(F)(F)F"
"",NA,"IYBRQDTZWVOFKC-UHFFFAOYSA-N","C14H18F15N2O2S",563.084947116,"CN(CCC[N+](C)(C)C)S(=O)(=O)C(F)(F)C(F)(F)C(F)(F)C(F)(F)C(F)(F)C(F)(F)C(F)(F)F"
"DTXSID30895249","CAS_RN: 38550-35-5","IYNXASCSZLGJOC-UHFFFAOYSA-N","C11H6F17I",587.924277932,"CC(I)CC(F)(F)C(F)(F)C(F)(F)C(F)(F)C(F)(F)C(F)(F)C(F)(F)C(F)(F)F"
"",NA,"IYYLVCKNCOIEJX-UHFFFAOYSA-N","C6HF13O2S",383.948967132,"O=S(O)C(F)(F)C(F)(F)C(F)(F)C(F)(F)C(F)(F)C(F)(F)F"
"DTXSID20895394","CAS_RN: 117948-75-1","IZFBCDCLTPWKSX-UHFFFAOYSA-N","C29H41F19",750.290487492,"CCCCCCCCCCCCCCCCCCCCC(F)(F)C(F)(F)C(F)(F)C(F)(F)C(F)(F)C(F)(F)C(F)(F)C(F)(F)C(F)(F)F"
"DTXSID70896098","CAS_RN: 139030-54-9","IZGVFACATXNLFF-UHFFFAOYSA-N","C22H18F13N",543.123166436,"CCCCCc1ccc(-c2ccc(C(F)(F)C(F)(F)C(F)(F)C(F)(F)C(F)(F)C(F)(F)F)cc2)nc1"
"DTXSID60550233","CAS_RN: 559-96-6","JAJJPAQUJSPZLI-UHFFFAOYSA-N","C11H7F7O",288.038512384,"O=C(Cc1ccccc1)C(F)(F)C(F)(F)C(F)(F)F"
"DTXSID9059834","CAS_RN: 338-83-0","JAJLKEVKNDUJBG-UHFFFAOYSA-N","C9F21N",520.96954162,"FC(F)(F)C(F)(F)C(F)(F)N(C(F)(F)C(F)(F)C(F)(F)F)C(F)(F)C(F)(F)C(F)(F)F"
"DTXSID30896615","CAS_RN: 65150-88-1","JAKFVMIZGKDDLJ-UHFFFAOYSA-N","C30F60O10",1659.8533394,"O=C(F)C(F)(OC(F)(F)C(F)(OC(F)(F)C(F)(OC(F)(F)C(F)(OC(F)(F)C(F)(OC(F)(F)C(F)(OC(F)(F)C(F)(OC(F)(F)C(F)(OC(F)(F)C(F)(OC(F)(F)C(F)(F)C(F)(F)F)C(F)(F)F)C(F)(F)F)C(F)(F)F)C(F)(F)F)C(F)(F)F)C(F)(F)F)C(F)(F)F)C(F)(F)F)C(F)(F)F"
"","CAS_RN: 20006-68-2","JAOWZDLPVXXXMW-UHFFFAOYSA-N","C7H9Cl2F7OSi",339.968794338,"FC(F)(F)C(F)(OCCC[SiH2]C(Cl)Cl)C(F)(F)F"
"DTXSID80402088","CAS_RN: 67899-37-0","JBDBBTPNNYKSQX-UHFFFAOYSA-N","C6F12",299.98083864,"FC(=C(F)C(F)(F)C(F)(F)C(F)(F)F)C(F)(F)F"
"DTXSID80402088","CAS_RN: 1584-00-5","JBDBBTPNNYKSQX-UHFFFAOYSA-N","C6F12",299.98083864,"FC(=C(F)C(F)(F)C(F)(F)C(F)(F)F)C(F)(F)F"
"DTXSID60896229","CAS_RN: 681443-29-8","JBEJWIIKJQZKJL-UHFFFAOYSA-N","C10H4F9N3O2S",400.988051348,"O=S(=O)(n1nnc2ccccc21)C(F)(F)C(F)(F)C(F)(F)C(F)(F)F"
"DTXSID50335697","CAS_RN: 424-36-2","JBEYNXOZKKQLOH-UHFFFAOYSA-N","C7H5F9O2",292.01458338,"CCOC(=O)C(F)(F)C(F)(F)C(F)(F)C(F)(F)F"
"DTXSID40379767","CAS_RN: 565-42-4","JBHQQXONFHOEQU-UHFFFAOYSA-N","C10H9F5O3S",304.019256248,"Cc1ccc(S(=O)(=O)OCC(F)(F)C(F)(F)F)cc1"
"",NA,"JBIBCIRUKQQRNB-UHFFFAOYSA-O","C15H20F15N2O5S2",657.05741204,"C[N+](C)(CCCNS(=O)(=O)C(F)(F)C(F)(F)C(F)(F)C(F)(F)C(F)(F)C(F)(F)C(F)(F)F)CCCS(=O)(=O)O"
"DTXSID50378443","CAS_RN: 231630-92-5","JBQWCKCORXWVOG-UHFFFAOYSA-N","C8H13BrF4",264.013675396,"CCCCCCC(F)(F)C(F)(F)Br"
"DTXSID20895733","CAS_RN: 96308-32-6","JBRMEHMMXZSKCN-UHFFFAOYSA-N","C11H6F7NO",301.033761352,"N#Cc1ccc(OCC(F)(F)C(F)(F)C(F)(F)F)cc1"
"DTXSID10395919","CAS_RN: 2262-49-9","JBUOTOPAJZUSGM-UHFFFAOYSA-N","C14H14F17NO4S",615.037208668,"CCCN(CC(O)CO)S(=O)(=O)C(F)(F)C(F)(F)C(F)(F)C(F)(F)C(F)(F)C(F)(F)C(F)(F)C(F)(F)F"
"DTXSID70184725","CAS_RN: 307-43-7","JCAULFRGWRHHIG-UHFFFAOYSA-N","C10BrF21",597.88480472,"FC(F)(F)C(F)(F)C(F)(F)C(F)(F)C(F)(F)C(F)(F)C(F)(F)C(F)(F)C(F)(F)C(F)(F)Br"
"DTXSID10892554","CAS_RN: 1383438-83-2","JCMFYPBVZPTDNQ-UHFFFAOYSA-N","C13H17F11N2O4S",506.073338444,"CN(C)CCCN(CCC(=O)O)S(=O)(=O)C(F)(F)C(F)(F)C(F)(F)C(F)(F)C(F)(F)F"
"DTXSID1062122","CAS_RN: 2043-47-2","JCMNMOBHVPONLD-UHFFFAOYSA-N","C6H5F9O",264.01966876,"OCCC(F)(F)C(F)(F)C(F)(F)C(F)(F)F"
"DTXSID80364091","CAS_RN: 72220-37-2","YBXFAVVDFPWMPR-UHFFFAOYSA-N","C6H15O2P",150.08096635,"CCOP(CC)OCC"
"DTXSID40896722","CAS_RN: 182505-69-7","JCQFXEGCFPAWHH-UHFFFAOYSA-N","C13HF27O6S3",861.850412692,"O=S(=O)(C(S(=O)(=O)C(F)(F)C(F)(F)C(F)(F)C(F)(F)F)S(=O)(=O)C(F)(F)C(F)(F)C(F)(F)C(F)(F)F)C(F)(F)C(F)(F)C(F)(F)C(F)(F)F"
"DTXSID60379941","CAS_RN: 307-99-3","JCRVQXKRULILSR-UHFFFAOYSA-N","C8H2F16",401.990101584,"FC(F)C(F)(F)C(F)(F)C(F)(F)C(F)(F)C(F)(F)C(F)(F)C(F)F"
"DTXSID70896497","CAS_RN: 60308-66-9","JCSALILNGARMET-UHFFFAOYSA-N","C6F11NO",310.98042404,"N#CC(F)(OC(F)(F)C(F)(F)C(F)(F)F)C(F)(F)F"
"DTXSID70241206","CAS_RN: 94237-08-8","JCXUMXSOKCFWQJ-UHFFFAOYSA-N","C11H13F13OSi",436.052808426,"CO[Si](C)(C)CCC(F)(F)C(F)(F)C(F)(F)C(F)(F)C(F)(F)C(F)(F)F"
"DTXSID60185221","CAS_RN: 313-72-4","JDCMOHAFGDQQJX-UHFFFAOYSA-N","C10F8",271.98722576,"Fc1c(F)c(F)c2c(F)c(F)c(F)c(F)c2c1F"
"DTXSID80896226","CAS_RN: 38506-78-4","JDRLLIHRNJZEPG-UHFFFAOYSA-N","C19H9Cl4F17O2",731.908519988,"CC(=O)Oc1c(Cl)cc(Cl)c(Cl)c1CC(Cl)CC(F)(F)C(F)(F)C(F)(F)C(F)(F)C(F)(F)C(F)(F)C(F)(F)C(F)(F)F"
"DTXSID9059884","CAS_RN: 356-86-5","JDVGNKIUXZQTFD-UHFFFAOYSA-N","C6H5F5O2",204.0209705,"C=CC(=O)OCC(F)(F)C(F)(F)F"
"DTXSID1072557","CAS_RN: 72276-06-3","JDZXXQOQZYTYCL-UHFFFAOYSA-N","C20H14F25NO4S",839.024434428,"C=CC(=O)OCCN(C)S(=O)(=O)CCC(F)(F)C(F)(F)C(F)(F)C(F)(F)C(F)(F)C(F)(F)C(F)(F)C(F)(F)C(F)(F)C(F)(F)C(F)(F)C(F)(F)F"
"DTXSID70896290","CAS_RN: 94705-65-4","JECHGDJHMJCUKE-UHFFFAOYSA-N","C31H37F9N2O4",672.260961644,"CCC(Oc1ccc(C(C)(C)CC)cc1C(C)(C)CC)C(=O)Nc1ccc(C(=O)NC(F)(F)C(F)(F)C(F)(F)C(F)(F)F)c(O)c1"
"DTXSID20892363","CAS_RN: 504435-11-4","JEDHLIXWSMGAEZ-UHFFFAOYSA-N","C8HF15O3",429.968617192,"O=C(O)C(F)(OC(F)(F)C(F)(F)C(F)(F)C(F)(F)C(F)(F)F)C(F)(F)F"
"DTXSID70880215","CAS_RN: 67118-55-2","CSEBNABAWMZWIF-UHFFFAOYSA-N","C6HF11O3",329.975004312,"O=C(O)C(F)(OC(F)(F)C(F)(F)C(F)(F)F)C(F)(F)F"
"DTXSID00896329","CAS_RN: 81790-00-3","JEEJFXFTYPLCSR-UHFFFAOYSA-N","C6H3F7N2",236.018445636,"FC(F)(F)C(F)(c1ncc[nH]1)C(F)(F)F"
"DTXSID40895972","CAS_RN: 80791-16-8","JEHFODHLGGKHGC-UHFFFAOYSA-N","C12H3F17S",501.968400836,"FC(F)(F)C(F)(F)C(F)(F)C(F)(F)C(F)(F)C(F)(F)C(F)(F)C(F)(F)c1cccs1"
"DTXSID60880204","CAS_RN: 4229-01-0","JEOWEMPCQGMUDQ-UHFFFAOYSA-N","C9H4F5N3O2",281.022367468,"O=[N+]([O-])c1ccc2nc(C(F)(F)C(F)(F)F)[nH]c2c1"
"DTXSID80896443","CAS_RN: 1355555-26-8","JERIDHIJIGOGPJ-UHFFFAOYSA-N","C16H17F7O4S",438.073577564,"CCc1c(C(=O)O)ccc(C(F)(C(F)(F)F)C(F)(F)F)c1S(=O)(=O)C(C)(C)C"
"DTXSID9070377","CAS_RN: 66008-70-6","JERPDWBDDQYOBE-UHFFFAOYSA-N","C13H12F13NO4S",525.027945724,"C=CC(=O)OCCN(C)S(=O)(=O)CC(F)(F)C(F)(F)C(F)(F)C(F)(F)C(F)(F)C(F)(F)F"
"DTXSID90216375","CAS_RN: 662-01-1","JETINLPZEWINFD-UHFFFAOYSA-N","C3Cl2F6",219.92812468,"FC(F)(Cl)C(F)(F)C(F)(F)Cl"
"DTXSID50895241","CAS_RN: 38787-57-4","JEXYDNQJEDESGU-UHFFFAOYSA-N","C14H15F15",468.09342378,"CCCCCCCC(F)(F)C(F)(F)C(F)(F)C(F)(F)C(F)(F)C(F)(F)C(F)(F)F"
"DTXSID00365621","CAS_RN: 82422-33-1","JEZNKLYJYJESLE-UHFFFAOYSA-N","C11H6F7NO3",333.023590592,"O=C(O)c1ccccc1NC(=O)C(F)(F)C(F)(F)C(F)(F)F"
"DTXSID40340351","CAS_RN: 29723-33-9","JFCGFYIIFNVYCN-UHFFFAOYSA-N","C16H10F15N",501.05737262,"FC(F)(F)C(F)(F)C(F)(F)C(F)(F)C(F)(F)C(F)(F)C(F)(F)C=NCCc1ccccc1"
"DTXSID50895701","CAS_RN: 376-56-7","JFDAGRQBXXAVSD-UHFFFAOYSA-N","C9H5F11O2",354.01138982,"C=CC(=O)OCC(F)(F)C(F)(F)C(F)(F)C(F)(F)C(F)(F)F"
"DTXSID80896089","CAS_RN: 6104-17-2","JFDOEXGUBUFCIO-UHFFFAOYSA-N","C11H6F17NO2",507.012708172,"O=C(NCCO)C(F)(F)C(F)(F)C(F)(F)C(F)(F)C(F)(F)C(F)(F)C(F)(F)C(F)(F)F"
"DTXSID80895517","CAS_RN: 959462-51-2","JFGKJLVJKBJQJJ-UHFFFAOYSA-N","C20H14F26I2",1001.876980168,"FC(F)(F)C(F)(F)C(F)(F)C(F)(F)C(F)(F)C(F)(F)CC(I)CCCCC(I)CC(F)(F)C(F)(F)C(F)(F)C(F)(F)C(F)(F)C(F)(F)F"
"DTXSID80528474","CAS_RN: 13140-29-9","JFIQYUFQLKYFPJ-UHFFFAOYSA-N","C4HF7O3",229.981391432,"O=C(O)C(F)(OC(F)(F)F)C(F)(F)F"
"DTXSID50896718","CAS_RN: 119206-62-1","JFMAWTVFERLZEZ-OAQYLSRUSA-N","C25H41F7O5",554.284221952,"CCCCCCCCCCCCCCCCOC[C@H](COC(=O)C(F)(F)C(F)(F)C(F)(F)F)OC(C)=O"
"DTXSID70895647","CAS_RN: 377-64-0","JFPGSWFWUDMPOT-UHFFFAOYSA-N","C8H9F7O2S",302.021148068,"CCOC(=O)CC(S)C(F)(F)C(F)(F)C(F)(F)F"
"DTXSID70896179","CAS_RN: 1443258-17-0","JFPOJRKSHNMRDK-UHFFFAOYSA-N","C10H5ClF7NO4S",402.95160386,"O=C(NS(=O)(=O)Oc1ccc(Cl)cc1)C(F)(F)C(F)(F)C(F)(F)F"
"DTXSID80896483","CAS_RN: 609818-38-4","JFSRSSKOKVQKAT-UHFFFAOYSA-N","C7F14O2",381.96747432,"FC(F)=C(F)OC(F)(F)C(F)(F)C(F)(F)C(F)(F)OC(F)(F)F"
"DTXSID30895441","CAS_RN: 159142-65-1","JFTPFVPCFXEYSQ-UHFFFAOYSA-N","C11H11F13O",406.060231832,"CC(C)(O)CCC(F)(F)C(F)(F)C(F)(F)C(F)(F)C(F)(F)C(F)(F)F"
"",NA,"JGLWQYHREZXMGM-UHFFFAOYSA-N","C8HF17O5S",531.927323872,"O=S(=O)(O)C(F)(F)C(F)(F)C(F)(F)C(F)(F)OC(F)(F)C(F)(F)OC(F)(F)C(F)(F)F"
"DTXSID30895643","CAS_RN: 1426840-85-8","JGMPOFDQXGRBLP-UHFFFAOYSA-N","C11H8F9N",325.051303236,"CNc1ccc(C(F)(F)C(F)(F)C(F)(F)C(F)(F)F)cc1"
"DTXSID50895408","CAS_RN: 1980076-48-9","JGSMPDWWNWUKFQ-UHFFFAOYSA-N","C23H26F22",720.168321672,"FC(F)(F)C(F)(F)C(F)(F)C(F)(F)C(F)(F)CCCCCCCCCCCCCC(F)(F)C(F)(F)C(F)(F)C(F)(F)C(F)(F)F"
"DTXSID5030030","CAS_RN: 375-73-5","JGTNAGYHADQMCM-UHFFFAOYSA-N","C4HF9O3S",299.950268872,"O=S(=O)(O)C(F)(F)C(F)(F)C(F)(F)C(F)(F)F"
"DTXSID50895706","CAS_RN: 165281-74-3","JGUVWYUPMQRWNA-UHFFFAOYSA-N","C11H8F13IO2",545.936144356,"CCOC(=O)C(I)CC(F)(F)C(F)(F)C(F)(F)C(F)(F)C(F)(F)C(F)(F)F"
"DTXSID80880160","CAS_RN: 560-02-1","JGYHLDPCXQPJCA-UHFFFAOYSA-N","C11H8F7NO",303.049411416,"O=C(NCc1ccccc1)C(F)(F)C(F)(F)C(F)(F)F"
"DTXSID10225601","CAS_RN: 74612-30-9","JHCJWHBMXWOYDE-UHFFFAOYSA-N","C12H10ClF17Si",539.99688427,"C[Si](C)(Cl)CCC(F)(F)C(F)(F)C(F)(F)C(F)(F)C(F)(F)C(F)(F)C(F)(F)C(F)(F)F"
"DTXSID00896824","CAS_RN: 1026739-75-2","JHDDOTOJUMBYKS-UHFFFAOYSA-N","C9H4F14O3",425.993689068,"O=C(OCC(F)(F)C(F)(F)C(F)(F)F)OCC(F)(F)C(F)(F)C(F)(F)F"
"DTXSID3031864","CAS_RN: 56773-42-3","YFSUTJLHUFNCNZ-UHFFFAOYSA-N","C8HF17O3S",499.937494632,"O=S(=O)(O)C(F)(F)C(F)(F)C(F)(F)C(F)(F)C(F)(F)C(F)(F)C(F)(F)C(F)(F)F"
"DTXSID20477472","CAS_RN: 228569-98-0","JHHFZIKMVTVDED-UHFFFAOYSA-N","C11H16F9N",333.113903492,"CNCCCCCCC(F)(F)C(F)(F)C(F)(F)C(F)(F)F"
"","CAS_RN: 158658-62-9","SLAXLXHCVFPCAS-UHFFFAOYSA-N","C21H20F17N2O3S",703.09231824,"C[N+](C)(C)CCCNS(=O)(=O)c1ccc(OC(=C(C(F)(C(F)(F)F)C(F)(F)F)C(F)(C(F)(F)F)C(F)(F)F)C(F)(F)F)cc1"
"DTXSID60895656","CAS_RN: 18739-65-6","JHLMTFZYXXBSEC-UHFFFAOYSA-N","C11H7F9O",326.035318824,"COc1cccc(C(F)(F)C(F)(F)C(F)(F)C(F)(F)F)c1"
"","CAS_RN: 68299-29-6","JHMVZVXNXMPZIE-UHFFFAOYSA-N","C14H8F15NO5S2",618.960437656,"O=S(=O)(O)c1ccccc1CNS(=O)(=O)C(F)(F)C(F)(F)C(F)(F)C(F)(F)C(F)(F)C(F)(F)C(F)(F)F"
"DTXSID70880497","CAS_RN: 59493-82-2","JHPOMBWYTNUPKL-UHFFFAOYSA-N","C12H4ClF11O3S",471.939403088,"O=S(=O)(Cl)c1ccc(OC(F)=C(F)C(F)(F)C(F)(F)C(F)(F)C(F)(F)F)cc1"
"DTXSID00896122","CAS_RN: 145663-05-4","JHRCIENNXYHXBC-UHFFFAOYSA-N","C8H5F7N2O2",294.02392494,"Cc1[nH]c(=O)[nH]c(=O)c1C(F)(F)C(F)(F)C(F)(F)F"
"DTXSID00335703","CAS_RN: 14312-89-1","JHROQORAJUWVCD-UHFFFAOYSA-N","C8H3F13O2",377.992546196,"COC(=O)C(F)(F)C(F)(F)C(F)(F)C(F)(F)C(F)(F)C(F)(F)F"
"",NA,"JHRQSXIEKLLCPZ-UHFFFAOYSA-N","C4H6F4O4S",225.992292552,"O=S(=O)(O)OCC(F)(F)CC(F)F"
"DTXSID30896251","CAS_RN: 316827-33-5","JHVJTHXQPPKMEA-UHFFFAOYSA-N","C16H9F17N2O3S",632.006242888,"NS(=O)(=O)c1ccc(CNC(=O)C(F)(F)C(F)(F)C(F)(F)C(F)(F)C(F)(F)C(F)(F)C(F)(F)C(F)(F)F)cc1"
"DTXSID00895352","CAS_RN: 38550-44-6","JIDYQTCBVGBFDH-UHFFFAOYSA-N","C9H6F13IO",503.925579672,"OCC(I)CC(F)(F)C(F)(F)C(F)(F)C(F)(F)C(F)(F)C(F)(F)F"
"DTXSID30881364","CAS_RN: 57678-90-7","JIFGTNPOBGCFCV-UHFFFAOYSA-N","C15H10F18O2",564.03933752,"C=CC(=O)OCCC(F)(F)C(F)(F)C(F)(F)C(F)(F)C(F)(F)C(F)(F)C(F)(F)C(F)(F)C(C)(F)F"
"DTXSID30190948","CAS_RN: 375-50-8","JILAKKYYZPDQBE-UHFFFAOYSA-N","C4F8I2",453.79617176,"FC(F)(I)C(F)(F)C(F)(F)C(F)(F)I"
"DTXSID30896751","CAS_RN: 98873-61-1","JIOOYMLWOFURHL-UHFFFAOYSA-N","C14H10F11NO2",433.05358898,"CC(NC(=O)C(F)(OC(F)(F)C(F)(F)C(F)(F)F)C(F)(F)F)c1ccccc1"
"","CAS_RN: 51249-68-4","JISMRVMIFFWXIX-UHFFFAOYSA-N","C16H2F30",763.967746664,"FC(F)(F)C(F)(F)C(F)(F)C(F)(F)C(F)(F)C(F)(F)C=CC(F)(F)C(F)(F)C(F)(F)C(F)(F)C(F)(F)C(F)(F)C(F)(F)C(F)(F)F"
"DTXSID20895354","CAS_RN: 89109-70-6","JJGNXYKBILNAHA-UHFFFAOYSA-N","C18H13F25",704.061805916,"CCCCCCC(F)(F)C(F)(F)C(F)(F)C(F)(F)C(F)(F)C(F)(F)C(F)(F)C(F)(F)C(F)(F)C(F)(F)C(F)(F)C(F)(F)F"
"DTXSID80364091","CAS_RN: 72220-43-0","YBXFAVVDFPWMPR-UHFFFAOYSA-N","C6H15O2P",150.08096635,"CCOP(CC)OCC"
"DTXSID90371872","CAS_RN: 35192-44-0","JJLUWYULIBMDGF-UHFFFAOYSA-N","C12H6F16",454.021401712,"C=CC(F)(F)C(F)(F)C(F)(F)C(F)(F)C(F)(F)C(F)(F)C(F)(F)C(F)(F)C=C"
"DTXSID40880202","CAS_RN: 4089-57-0","JJMSFRPBSYTEIN-UHFFFAOYSA-N","C5F10O4S",345.93576168,"O=C(F)C(F)(OC(F)(F)C(F)(F)S(=O)(=O)F)C(F)(F)F"
"DTXSID00707966","CAS_RN: 125081-49-4","JJMVDGDNGYCDLM-UHFFFAOYSA-N","C18H23F13",486.159217596,"CCCCCCCCCCC=CC(F)(F)C(F)(F)C(F)(F)C(F)(F)C(F)(F)C(F)(F)F"
"",NA,"JJPKQRDXKCTMCN-OWOJBTEDSA-N","C13HF23O2",625.960928332,"O=C(O)C(F)(F)C(F)(F)C(F)(F)C(F)(F)C(F)(F)C(F)(F)C(F)(F)C(F)(F)C(F)(F)/C(F)=C(\F)C(F)(F)F"
"","CAS_RN: 92071-84-6","MIQUYSXCUNTUKU-UHFFFAOYSA-N","C14H15F17NO",536.08821884,"C[N+](C)(C)CC(O)CC(F)(F)C(F)(F)C(F)(F)C(F)(F)C(F)(F)C(F)(F)C(F)(F)C(F)(F)F"
"DTXSID00895473","CAS_RN: 356-06-9","JJRRHZPKVSFERJ-UHFFFAOYSA-N","C6H5F7O2",242.01777694,"CC(=O)OCC(F)(F)C(F)(F)C(F)(F)F"
"DTXSID7029904","CAS_RN: 678-39-7","JJUBFBTUBACDHW-UHFFFAOYSA-N","C10H5F17O",464.00689452,"OCCC(F)(F)C(F)(F)C(F)(F)C(F)(F)C(F)(F)C(F)(F)C(F)(F)C(F)(F)F"
"","CAS_RN: 109669-84-3","WPZMGBBXNMQYST-UHFFFAOYSA-O","C19H24F17N2O12S3",891.021991948,"O=C(O)C[N+](CCCNS(=O)(=O)C(F)(F)C(F)(F)C(F)(F)C(F)(F)C(F)(F)C(F)(F)C(F)(F)C(F)(F)F)(CC(O)CS(=O)(=O)O)CC(O)CS(=O)(=O)O"
"DTXSID90896737","CAS_RN: 144862-39-5","JJXLHDOGDUREHR-RRKCRQDMSA-N","C15H11F13N2O5",546.046038312,"O=c1[nH]c(=O)n([C@H]2C[C@H](O)[C@@H](CO)O2)cc1C(F)(F)C(F)(F)C(F)(F)C(F)(F)C(F)(F)C(F)(F)F"
"DTXSID50893500","CAS_RN: 393098-42-5","JKDZBIHMORMGRL-UHFFFAOYSA-N","C42H12F75O4P",2035.927561994,"O=P(OCCC(F)(F)C(F)(F)C(F)(F)C(F)(F)C(F)(F)C(F)(F)C(F)(F)C(F)(F)C(F)(F)C(F)(F)C(F)(F)C(F)(F)F)(OCCC(F)(F)C(F)(F)C(F)(F)C(F)(F)C(F)(F)C(F)(F)C(F)(F)C(F)(F)C(F)(F)C(F)(F)C(F)(F)C(F)(F)F)OCCC(F)(F)C(F)(F)C(F)(F)C(F)(F)C(F)(F)C(F)(F)C(F)(F)C(F)(F)C(F)(F)C(F)(F)C(F)(F)C(F)(F)F"
"DTXSID10442957","CAS_RN: 322647-83-6","JKFFEJFWOMHYDX-UHFFFAOYSA-N","C32H17F26P",926.065270894,"FC(F)(F)C(F)(F)C(F)(F)C(Cc1ccc(P(c2ccccc2)c2ccc(CC(C(F)(F)F)(C(F)(F)F)C(F)(F)C(F)(F)C(F)(F)F)cc2)cc1)(C(F)(F)F)C(F)(F)F"
"DTXSID70824497","CAS_RN: 762241-70-3","JKKPDZOHRMMNDN-UHFFFAOYSA-N","C7H7F9O3S",341.997219064,"O=S(=O)(CCCO)C(F)(F)C(F)(F)C(F)(F)C(F)(F)F"
"DTXSID00895695","CAS_RN: 172897-75-5","JKKXNKBRXVZRAQ-UHFFFAOYSA-N","C8F16O3",447.95919538,"O=C(F)C(F)(F)OC(F)(F)C(F)(F)OC(F)(F)C(F)(F)C(F)(F)C(F)(F)F"
"DTXSID50896536","CAS_RN: 176702-71-9","JKPLZDRDWOXTIH-UHFFFAOYSA-N","C10H10F11NO2",385.05358898,"CCN(CC)C(=O)C(F)(OC(F)(F)C(F)(F)C(F)(F)F)C(F)(F)F"
"DTXSID10880552","CAS_RN: 65975-15-7","JKPQYAMTJKRMMG-UHFFFAOYSA-N","C26F53I",1445.81984366,"FC(F)(F)C(F)(F)C(F)(F)C(F)(F)C(F)(F)C(F)(F)C(F)(F)C(F)(F)C(F)(F)C(F)(F)C(F)(F)C(F)(F)C(F)(F)C(F)(F)C(F)(F)C(F)(F)C(F)(F)C(F)(F)C(F)(F)C(F)(F)C(F)(F)C(F)(F)C(F)(F)C(F)(F)C(F)(F)C(F)(F)I"
"DTXSID8071356","CAS_RN: 29359-39-5","MNEXVZFQQPKDHC-UHFFFAOYSA-N","C9HF19O3S",549.934301072,"O=S(=O)(O)C(F)(F)C(F)(F)C(F)(F)C(F)(F)C(F)(F)C(F)(F)C(F)(F)C(F)(F)C(F)(F)F"
"DTXSID7066063","CAS_RN: 68015-85-0","FTUYMACVNWCLNM-UHFFFAOYSA-N","C11HF21O2",563.964121892,"O=C(O)C(F)(F)C(F)(F)C(F)(F)C(F)(F)C(F)(F)C(F)(F)C(F)(F)C(F)(C(F)(F)F)C(F)(F)F"
"",NA,"JLDNSQBEBAIZDN-UHFFFAOYSA-N","C25H42F11NO11S",773.230292584,"CCN(CCOCCOCCOCCOCCOCCOCCOCCOCCO)S(=O)(=O)C(F)(F)C(F)(F)C(F)(F)C(F)(F)C(F)(F)F"
"DTXSID70895627","CAS_RN: 40678-17-9","JLPDNEGZZRIXGN-UHFFFAOYSA-N","C7H4ClF9O2",325.975611028,"O=C(Cl)OCCC(F)(F)C(F)(F)C(F)(F)C(F)(F)F"
"DTXSID10520385","CAS_RN: 67036-08-2","JLQHDTDAQBOUBB-UHFFFAOYSA-N","C12H5F7O",298.02286232,"O=C(C#Cc1ccccc1)C(F)(F)C(F)(F)C(F)(F)F"
"DTXSID00846723","CAS_RN: 917951-62-3","JLRPXCDIADORQL-UHFFFAOYSA-N","C5H2F8O2",245.992705064,"O=C(O)C(F)C(F)(C(F)(F)F)C(F)(F)F"
"DTXSID8071302","CAS_RN: 68227-98-5","JLUHIZCVSXFBEG-UHFFFAOYSA-N","C14H14F13NO4S",539.043595788,"C=CC(=O)OCCCCN(C)S(=O)(=O)C(F)(F)C(F)(F)C(F)(F)C(F)(F)C(F)(F)C(F)(F)F"
"DTXSID40897517","CAS_RN: 417715-98-1","JLYAJKMTSYBUFR-MIHMCVIASA-N","C44H36F34N2O2",1270.223387872,"CC(C)(C)c1cc(C(F)(F)C(F)(F)C(F)(F)C(F)(F)C(F)(F)C(F)(F)C(F)(F)C(F)(F)F)cc(C=NC2CCCC[C@H]2N=Cc2cc(C(F)(F)C(F)(F)C(F)(F)C(F)(F)C(F)(F)C(F)(F)C(F)(F)C(F)(F)F)cc(C(C)(C)C)c2O)c1O"
"",NA,"JMJAPLLTRZCMBM-UHFFFAOYSA-N","C48H81F17O20",1300.504974732,"OCCOCCOCCOCCOCCOCCOCCOCCOCCOCCOCCOCCOCCOCCOCCOCCOCCOCCOCCOCCC(F)(F)C(F)(F)C(F)(F)C(F)(F)C(F)(F)C(F)(F)C(F)(F)C(F)(F)F"
"DTXSID2059930","CAS_RN: 378-75-6","JMKJCPUVEMZGEC-UHFFFAOYSA-N","C4H3F5O2",178.005320436,"COC(=O)C(F)(F)C(F)(F)F"
"DTXSID6071667","CAS_RN: 68957-60-8","VGJZPFMDBNZBTG-UHFFFAOYSA-N","C10H13F11N2O2S",434.052209076,"CN(C)CCCNS(=O)(=O)C(F)(F)C(F)(F)C(F)(F)C(F)(F)C(F)(F)F"
"DTXSID90880979","CAS_RN: 77117-48-7","JNAIMEWMJYVGEW-UHFFFAOYSA-N","C10H5F17",448.0119799,"CCC(F)(F)C(F)(F)C(F)(F)C(F)(F)C(F)(F)C(F)(F)C(F)(F)C(F)(F)F"
"","CAS_RN: 60131-27-3","GLXBWXOLDYPAKX-UHFFFAOYSA-N","C18H10F24O7S",825.97640094,"O=C(CC(C(=O)OCC(F)(F)C(F)(F)C(F)(F)C(F)(F)C(F)(F)C(F)F)S(=O)(=O)O)OCC(F)(F)C(F)(F)C(F)(F)C(F)(F)C(F)(F)C(F)F"
"DTXSID70627107","CAS_RN: 457603-91-7","JNJQXCNNGSJWOS-UHFFFAOYSA-N","C10H12BrF9",381.997866464,"FC(F)(F)C(F)(F)C(F)(F)C(F)(F)CCCCCCBr"
"DTXSID70895389","CAS_RN: 120464-26-8","JNMMIYWYYKPWFO-UHFFFAOYSA-N","C14H15F13",430.09661734,"CCCCCCC=CC(F)(F)C(F)(F)C(F)(F)C(F)(F)C(F)(F)C(F)(F)F"
"",NA,"JNOLGTOUEXKSDY-UHFFFAOYSA-N","C6HF17O3S2",507.909565632,"O=S(=O)(O)C(F)(F)C(F)(F)C(F)(F)C(F)(F)C(F)(F)C(F)(F)S(F)(F)(F)(F)F"
"DTXSID40895199","CAS_RN: 1287702-50-4","JNSNOMBEZFGTQM-UHFFFAOYSA-N","C11H13F11",354.084160836,"CCCCCCC(F)(F)C(F)(F)C(F)(F)C(F)(F)C(F)(F)F"
"DTXSID90218051","CAS_RN: 93776-20-6","AFWOYEYXUDHGHF-UHFFFAOYSA-N","C20H9F34O4P",989.969554878,"O=P(O)(OCCC(F)(F)C(F)(F)C(F)(F)C(F)(F)C(F)(F)C(F)(F)C(F)(F)C(F)(F)F)OCCC(F)(F)C(F)(F)C(F)(F)C(F)(F)C(F)(F)C(F)(F)C(F)(F)C(F)(F)F"
"DTXSID90895381","CAS_RN: 16083-68-4","JOBQGMQWGMDRPL-UHFFFAOYSA-N","C10H8F13IO",517.941229736,"OCCC(I)CC(F)(F)C(F)(F)C(F)(F)C(F)(F)C(F)(F)C(F)(F)F"
"DTXSID40896449","CAS_RN: 1355555-19-9","JODFZVVSUNPHKW-UHFFFAOYSA-N","C16H17F7O4S",438.073577564,"CCCCS(=O)(=O)c1c(C(F)(C(F)(F)F)C(F)(F)F)ccc(C(=O)O)c1CC"
"DTXSID50382065","CAS_RN: 883499-79-4","JOEIRBYDVFVESF-UHFFFAOYSA-N","C12H9F9O3S",404.012869128,"Cc1ccc(S(=O)(=O)OCC(F)(F)C(F)(F)C(F)(F)C(F)(F)F)cc1"
"DTXSID00895690","CAS_RN: 75668-24-5","JOIQPQYVCOJAAJ-UHFFFAOYSA-N","C7H8F7NO",255.049411416,"CCCNC(=O)C(F)(F)C(F)(F)C(F)(F)F"
"DTXSID50276475","CAS_RN: 19106-89-9","GCTMXWUUEYFTEL-UHFFFAOYSA-N","C10H11F7O2",296.064727132,"CC(C)(C)C(O)=CC(=O)C(F)(F)C(F)(F)C(F)(F)F"
"DTXSID90881284","CAS_RN: 69116-73-0","JOMJXRTUQWIHQD-UHFFFAOYSA-N","C10H3F15O5",487.974096496,"COC(=O)C(F)(F)C(F)(F)OC(F)(C(F)(F)F)C(F)(F)OC(F)(C(=O)F)C(F)(F)F"
"DTXSID90190949","CAS_RN: 375-80-4","JOQDDLBOAIKFQX-UHFFFAOYSA-N","C6F12I2",553.78978464,"FC(F)(I)C(F)(F)C(F)(F)C(F)(F)C(F)(F)C(F)(F)I"
"DTXSID60874027","CAS_RN: 93857-44-4","MIABSAQIFYEDJP-UHFFFAOYSA-N","C10H6F17O4P",543.973225042,"O=P(O)(O)OCCC(F)(F)C(F)(F)C(F)(F)C(F)(F)C(F)(F)C(F)(F)C(F)(F)C(F)(F)F"
"DTXSID40880227","CAS_RN: 17165-55-8","JPAQRQFVIPWHNE-UHFFFAOYSA-N","C7H5F7O2",254.01777694,"C=COC(=O)CC(F)(F)C(F)(F)C(F)(F)F"
"DTXSID00896349","CAS_RN: 58935-89-0","JPAVGZWMFGAFCC-UHFFFAOYSA-N","C10H8F15NO",443.036637176,"NCC(O)CC(F)(F)C(F)(F)C(F)(F)C(F)(F)C(F)(C(F)(F)F)C(F)(F)F"
"DTXSID70895187","CAS_RN: 1645298-12-9","JPCSERNSJZWYPU-UHFFFAOYSA-N","C8H7F11",312.037210644,"CCCC(F)(F)C(F)(F)C(F)(F)C(F)(F)C(F)(F)F"
"DTXSID6068985","CAS_RN: 54949-74-5","JPMHUDBOKDBBLG-UHFFFAOYSA-N","C4H5F5O",164.02605588,"OCCC(F)(F)C(F)(F)F"
"DTXSID90375113","CAS_RN: 330562-45-3","JPQGQPTZDXLRAY-UHFFFAOYSA-N","C6BrF13O3",445.88232282,"FC(F)(F)OC(F)(F)C(F)(F)OC(F)(F)C(F)(F)OC(F)(F)Br"
"DTXSID90896131","CAS_RN: 330548-64-6","JPRMXDQLEYNVJM-REOHCLBHSA-N","C12H6F17NO3",535.007622792,"C[C@H](NC(=O)C(F)(F)C(F)(F)C(F)(F)C(F)(F)C(F)(F)C(F)(F)C(F)(F)C(F)(F)F)C(=O)O"
"DTXSID50382161","CAS_RN: 99338-16-6","JPSBONQIRUMUCY-UHFFFAOYSA-N","C15H7F13O2",466.023846324,"O=C(CC(=O)C(F)(F)C(F)(F)C(F)(F)C(F)(F)C(F)(F)C(F)(F)F)c1ccccc1"
"DTXSID30892334","CAS_RN: 755698-73-8","JPUVFTMCVQSFAF-UHFFFAOYSA-N","C17H18F17NO4S2",687.040579796,"CC(C)(CS(=O)(=O)O)NC(=O)CCSCCC(F)(F)C(F)(F)C(F)(F)C(F)(F)C(F)(F)C(F)(F)C(F)(F)C(F)(F)F"
"DTXSID40895593","CAS_RN: 425-24-1","JPVACFHILHDRGX-UHFFFAOYSA-N","C8H9F7O2",270.049077068,"CC(C)(C)OC(=O)C(F)(F)C(F)(F)C(F)(F)F"
"DTXSID30627108","CAS_RN: 92678-96-1","CETXMCMQEXPPLV-UHFFFAOYSA-N","C10H6F17O3P",527.978310422,"O=P(O)(O)CCC(F)(F)C(F)(F)C(F)(F)C(F)(F)C(F)(F)C(F)(F)C(F)(F)C(F)(F)F"
"DTXSID10897524","CAS_RN: 165663-65-0","JQQZWNQVWNPMOY-UHFFFAOYSA-N","C9H6F11NO2",369.022288852,"C=CCN=C(O)C(F)(OC(F)(F)C(F)(F)C(F)(F)F)C(F)(F)F"
"DTXSID0066296","CAS_RN: 18017-31-7","JQXGQDNUXYODIT-UHFFFAOYSA-N","C7F14O",365.9725597,"O=C(F)C(F)(F)C(F)(F)C(F)(F)C(F)(C(F)(F)F)C(F)(F)F"
"DTXSID40895396","CAS_RN: 355-88-4","JRAGLFPCCTUAAH-UHFFFAOYSA-N","C6H8F7NO",243.049411416,"CC(N)C(O)C(F)(F)C(F)(F)C(F)(F)F"
"DTXSID80895193","CAS_RN: 132673-98-4","JRCPJQVQFTXUSS-UHFFFAOYSA-N","C7H3F9",258.009104076,"C=C=CC(F)(F)C(F)(F)C(F)(F)C(F)(F)F"
"","CAS_RN: 5158-52-1","JREGIWWPXUQSBC-UHFFFAOYSA-O","C16H18F15N2O3",571.107790736,"C[N+](C)(CCCNC(=O)C(F)(F)C(F)(F)C(F)(F)C(F)(F)C(F)(F)C(F)(F)C(F)(F)F)CCC(=O)O"
"","CAS_RN: 65530-63-4|65530-74-7","JRFGITQZJDGRPA-UHFFFAOYSA-N","C3H6F3O4P",193.995579962,"O=P(O)(O)OCCC(F)(F)F"
"DTXSID10192889","CAS_RN: 39823-55-7","JRJHYWMITKGGTN-UHFFFAOYSA-N","C24F49I",1345.82623078,"FC(F)(F)C(F)(F)C(F)(F)C(F)(F)C(F)(F)C(F)(F)C(F)(F)C(F)(F)C(F)(F)C(F)(F)C(F)(F)C(F)(F)C(F)(F)C(F)(F)C(F)(F)C(F)(F)C(F)(F)C(F)(F)C(F)(F)C(F)(F)C(F)(F)C(F)(F)C(F)(F)C(F)(F)I"
"","CAS_RN: 31841-41-5","RWLNANRAXMBRET-UHFFFAOYSA-N","C15H17F17NO2",566.098783524,"C[N+](CCO)(CCO)CCC(F)(F)C(F)(F)C(F)(F)C(F)(F)C(F)(F)C(F)(F)C(F)(F)C(F)(F)F"
"DTXSID40464965","CAS_RN: 544418-04-4","JRKNOQQQWMFWME-UHFFFAOYSA-N","C19H10F17NO3",623.03892292,"O=c1oc(=O)n(CCCC(F)(F)C(F)(F)C(F)(F)C(F)(F)C(F)(F)C(F)(F)C(F)(F)C(F)(F)F)c2ccccc12"
"DTXSID8063204","CAS_RN: 3820-83-5","JRSUJBJSUYPODE-UHFFFAOYSA-N","C12H11F17NO6PS",650.977324442,"CCN(CCOP(=O)(O)O)S(=O)(=O)C(F)(F)C(F)(F)C(F)(F)C(F)(F)C(F)(F)C(F)(F)C(F)(F)C(F)(F)F"
"DTXSID90895346","CAS_RN: 59665-26-8","JSAHWGDHPZKEPF-UHFFFAOYSA-N","C10H2Br3F17",681.743516104,"FC(F)(F)C(F)(F)C(F)(F)C(F)(F)C(F)(F)C(F)(F)C(F)(F)C(F)(F)C(Br)(Br)CBr"
"DTXSID80862360","CAS_RN: 661-97-2","JSEUKVSKOHVLOV-UHFFFAOYSA-N","C3Cl2F6",219.92812468,"FC(F)(F)C(F)(Cl)C(F)(F)Cl"
"DTXSID50897467","CAS_RN: 681477-42-9","JSICGBRQXBLHDU-UHFFFAOYSA-N","C15H5F18IO4S2",781.8386566,"O=S(=O)(C(=Ic1ccccc1)S(=O)(=O)C(F)(F)C(F)(F)C(F)(F)C(F)(F)F)C(F)(F)C(F)(F)C(F)(F)C(F)(F)F"
"DTXSID30896014","CAS_RN: 1608112-34-0","JSPZUTBVNOQHNJ-UHFFFAOYSA-N","C12H6F9N",335.035653172,"FC(F)(F)C(F)(F)C(F)(F)C(F)(F)c1cc2ccccc2[nH]1"
"DTXSID10895242","CAS_RN: 887111-62-8","JSQOTUOXUHPDPI-UHFFFAOYSA-N","C7H2F12",313.996488704,"FC(F)(F)C=CC(F)(F)C(F)(F)C(F)(F)C(F)(F)F"
"DTXSID50895387","CAS_RN: 250738-45-5","JSUQGUZCSAZOTF-UHFFFAOYSA-N","C28H37F21",772.255993804,"CCCCCCCCCCCCCCCCCCC(F)(F)C(F)(F)C(F)(F)C(F)(F)C(F)(F)C(F)(F)C(F)(F)C(F)(F)C(F)(F)C(F)(F)F"
"DTXSID20881010","CAS_RN: 85720-78-1","JTAGPVKELVRAHG-UHFFFAOYSA-N","C6H2F12",301.996488704,"FC(C(F)C(F)(C(F)(F)F)C(F)(F)F)C(F)(F)F"
"DTXSID70156624","CAS_RN: 13057-08-4","JTCVKNUSIGHJRG-UHFFFAOYSA-N","C6H3F7O2",240.002126876,"C=CC(=O)OC(F)(C(F)(F)F)C(F)(F)F"
"DTXSID50379879","CAS_RN: 65195-44-0","JTEKNLSWXJADLG-UHFFFAOYSA-N","C11H9F11O2",382.042689948,"C=C(C)C(=O)OCCC(F)(F)C(F)(F)C(F)(C(F)(F)F)C(F)(F)F"
"DTXSID00896061","CAS_RN: 332031-88-6","JTGBBOHHRPKBBF-UHFFFAOYSA-N","C10H5F8NO",307.02433954,"O=C(Nc1cccc(F)c1)C(F)(F)C(F)(F)C(F)(F)F"
"",NA,"JTGNENYBNYOIMR-UHFFFAOYSA-N","C7HF15O4S",465.935602812,"O=S(=O)(O)C(F)(F)C(F)(F)C(F)(F)OC(F)(F)C(F)(C(F)(F)F)C(F)(F)F"
"",NA,"JTIMNHGHXNQKIQ-UHFFFAOYSA-N","C12HF23O3S",661.927913952,"O=S(=O)(O)C(F)(F)C(F)(F)C(F)(F)C(F)(F)C(F)(F)C(F)(F)C(F)(F)C(F)(F)C(F)(F)C(F)=C(F)C(F)(F)F"
"DTXSID70188389","CAS_RN: 34839-44-6","JTINRXZCXXXKMA-UHFFFAOYSA-N","C6H4F9NO3",309.004746968,"O=[N+]([O-])OCCC(F)(F)C(F)(F)C(F)(F)C(F)(F)F"
"DTXSID10628658","CAS_RN: 58671-35-5","JTJAXTDUPYESRS-RRKCRQDMSA-N","C13H11F9N2O5",446.052425432,"O=c1[nH]c(=O)n([C@H]2C[C@H](O)[C@@H](CO)O2)cc1C(F)(F)C(F)(F)C(F)(F)C(F)(F)F"
"DTXSID5062849","CAS_RN: 3108-24-5","JTOFFHFAQBLPTM-UHFFFAOYSA-N","C10H5F15O2",442.0050027,"CCOC(=O)C(F)(F)C(F)(F)C(F)(F)C(F)(F)C(F)(F)C(F)(F)C(F)(F)F"
"",NA,"JTPAFKBUCLDDHE-UHFFFAOYSA-N","C24H33F17O8",772.190397756,"OCCOCCOCCOCCOCCOCCOCCOCCC(F)(F)C(F)(F)C(F)(F)C(F)(F)C(F)(F)C(F)(F)C(F)(F)C(F)(F)F"
"DTXSID60881115","CAS_RN: 93776-26-2","ICJWISPFZMNUHE-UHFFFAOYSA-N","C30H9F54O4P",1489.937619278,"O=P(O)(OCCC(F)(F)C(F)(F)C(F)(F)C(F)(F)C(F)(F)C(F)(F)C(F)(F)C(F)(F)C(F)(F)C(F)(F)C(F)(C(F)(F)F)C(F)(F)F)OCCC(F)(F)C(F)(F)C(F)(F)C(F)(F)C(F)(F)C(F)(F)C(F)(F)C(F)(F)C(F)(F)C(F)(F)C(F)(C(F)(F)F)C(F)(F)F"
"DTXSID80187141","CAS_RN: 335-56-8","JTYRBFORUCBNHJ-UHFFFAOYSA-N","C6BrF13",397.89757896,"FC(F)(F)C(F)(F)C(F)(F)C(F)(F)C(F)(F)C(F)(F)Br"
"DTXSID00896001","CAS_RN: 1441382-30-4","JUGRINNZISZBSO-UHFFFAOYSA-N","C13H8F13NO",441.039830736,"Oc1cccc(NCC(F)(F)C(F)(F)C(F)(F)C(F)(F)C(F)(F)C(F)(F)F)c1"
"DTXSID0059879","CAS_RN: 355-80-6","JUGSKHLZINSXPQ-UHFFFAOYSA-N","C5H4F8O",232.013440508,"OCC(F)(F)C(F)(F)C(F)(F)C(F)F"
"DTXSID90369794","CAS_RN: 175354-31-1","JUIMYMQITJQCCQ-UHFFFAOYSA-M","C24H12BrF39Sn",1239.852157764,"FC(F)(F)C(F)(F)C(F)(F)C(F)(F)C(F)(F)C(F)(F)C[CH2][Sn]([Br])([CH2]CC(F)(F)C(F)(F)C(F)(F)C(F)(F)C(F)(F)C(F)(F)F)[CH2]CC(F)(F)C(F)(F)C(F)(F)C(F)(F)C(F)(F)C(F)(F)F"
"DTXSID50881164","CAS_RN: 94159-90-7","JUINJVGRXCBZQR-UHFFFAOYSA-N","C15H11F19O2",584.045565772,"CC1(C)OCC(CC(F)(F)C(F)(F)C(F)(F)C(F)(F)C(F)(F)C(F)(F)C(F)(C(F)(F)F)C(F)(F)F)O1"
"DTXSID50452833","CAS_RN: 336-64-1","JUTIIYKOQPDNEV-UHFFFAOYSA-N","C8F14O4",425.95730356,"O=C(OOC(=O)C(F)(F)C(F)(F)C(F)(F)F)C(F)(F)C(F)(F)C(F)(F)F"
"DTXSID20895950","CAS_RN: 125672-20-0","JUWKOBUPPPSOGZ-UHFFFAOYSA-N","C14H18F13NO",463.118081056,"CC(C)N(CC(O)C(F)(F)C(F)(F)C(F)(F)C(F)(F)C(F)(F)C(F)(F)F)C(C)C"
"",NA,"JUXSJDOYJDYZRI-UHFFFAOYSA-O","C15H20F13N2O4S",571.09361998,"C[N+](C)(C)CCCN(CCC(=O)O)S(=O)(=O)C(F)(F)C(F)(F)C(F)(F)C(F)(F)C(F)(F)C(F)(F)F"
"DTXSID80564135","CAS_RN: 130676-81-2","JVAFDQZZUMUFSM-UHFFFAOYSA-N","C15H21F13O3Si",524.105237922,"CCO[Si](CCCC(C(F)(F)F)(C(F)(F)F)C(F)(F)C(F)(F)C(F)(F)F)(OCC)OCC"
"DTXSID30895264","CAS_RN: 1835252-03-3","JVDWPFAGFJGSIM-UHFFFAOYSA-N","C14H12F18",522.065158344,"FC(F)(F)C(F)(F)C(F)(F)C(F)(F)CCCCCCC(F)(F)C(F)(F)C(F)(F)C(F)(F)F"
"",NA,"JVFJQZWYIUNEHU-UHFFFAOYSA-N","C14H8F21NO4S",684.983871356,"CCN(CC(=O)O)S(=O)(=O)C(F)(F)C(F)(F)C(F)(F)C(F)(F)C(F)(F)C(F)(F)C(F)(F)C(F)(F)C(F)(F)C(F)(F)F"
"DTXSID9059882","CAS_RN: 356-27-4","JVHJRIQPDBCRRE-UHFFFAOYSA-N","C6H5F7O2",242.01777694,"CCOC(=O)C(F)(F)C(F)(F)C(F)(F)F"
"",NA,"JVIYDLWCNQXGEB-UHFFFAOYSA-N","C15H11F17O2",546.048759332,"C=C(C)CC(=O)OCCC(F)(F)C(F)(F)C(F)(F)C(F)(F)C(F)(F)C(F)(F)C(F)(F)C(F)(F)F"
"DTXSID4059916","CAS_RN: 10495-86-0","YPJUNDFVDDCYIH-UHFFFAOYSA-N","C4HF7O2",213.986476812,"O=C(O)C(F)(F)C(F)(F)C(F)(F)F"
"DTXSID1037303","CAS_RN: 6130-43-4","ZWBAMYVPMDSJGQ-UHFFFAOYSA-N","C7HF13O2",363.976896132,"O=C(O)C(F)(F)C(F)(F)C(F)(F)C(F)(F)C(F)(F)C(F)(F)F"
"",NA,"JWBCFCBYPBNIEC-UHFFFAOYSA-N","C13H22F9N2O4S",473.115657164,"C[N+](C)(CCO)CCCN(CCO)S(=O)(=O)C(F)(F)C(F)(F)C(F)(F)C(F)(F)F"
"DTXSID40892961","CAS_RN: 1245601-26-6","JWHQEYMLFOXGFH-UHFFFAOYSA-N","C15H13F19N2O",598.072449216,"CN(C)CCCNC(=O)C(F)(F)C(F)(F)C(F)(F)C(F)(F)C(F)(F)C(F)(F)C(F)(F)C(F)(F)C(F)(F)F"
"","CAS_RN: 65345-91-7|1604816-60-5|1604816-75-2","JWJFBKZNPONKIG-UHFFFAOYSA-N","C8H9F9O3S",356.012869128,"O=S(=O)(O)CCCCC(F)(F)C(F)(F)C(F)(F)C(F)(F)F"
"DTXSID20895293","CAS_RN: 58292-95-8","JWOJAGFUNODSPU-UHFFFAOYSA-N","C8F13I",469.88371486,"FC(F)(F)C(F)(F)C(F)(F)C(F)(F)C(F)(F)C(F)(F)C#CI"
"DTXSID60546555","CAS_RN: 89621-93-2","JWQJXBUCHIQJPP-UHFFFAOYSA-N","C7H8F7IO",367.950810416,"OCCC(I)CC(F)(F)C(F)(F)C(F)(F)F"
"DTXSID60881352","CAS_RN: 53281-25-7","JWSKHORSAVUYNT-UHFFFAOYSA-N","C9HCl5F12O2",543.822756312,"O=C(O)C(F)(F)C(F)(Cl)C(F)(F)C(F)(Cl)C(F)(F)C(F)(Cl)C(F)(F)C(F)(Cl)Cl"
"DTXSID20896563","CAS_RN: 28793-36-4","JWVXDTVHAVXNHK-UHFFFAOYSA-N","C8H5F11O3",358.00630444,"O=C(O)CCC(F)(F)C(F)(F)OC(F)(C(F)(F)F)C(F)(F)F"
"DTXSID50896516","CAS_RN: 145510-87-8","JWWKWKYBBAZYRD-UHFFFAOYSA-N","C12H7F17O4",538.007288444,"CCCOC(=O)C(F)(OC(F)(F)C(F)(OC(F)(F)C(F)(F)C(F)(F)F)C(F)(F)F)C(F)(F)F"
"",NA,"JWXQUWZCZDZDFW-UHFFFAOYSA-N","C15H2F28O2",745.960769464,"O=C(O)C(F)C(F)(F)C(F)(F)C(F)(F)C(F)(F)C(F)(F)C(F)(F)C(F)(F)C(F)(F)C(F)(F)C(F)(F)C(F)(F)C(F)(F)C(F)(F)F"
"",NA,"JXEACTCDFVAVPV-UHFFFAOYSA-N","C13H22F9N2O4S",473.115657164,"C[N+](C)(CCCNS(=O)(=O)C(F)(F)C(F)(F)C(F)(F)C(F)(F)F)CCC(O)CO"
"DTXSID10895227","CAS_RN: 133310-69-7","JXIKOKQJJJIZMC-UHFFFAOYSA-N","C20H33F9",444.243855036,"CCCCCCCCCCCCCCCCC(F)(F)C(F)(F)C(F)(F)C(F)(F)F"
"DTXSID00175368","CAS_RN: 21132-30-9","JXOIMJFRROBTTE-UHFFFAOYSA-N","C13H2F10N2O",392.000744884,"O=C(Nc1c(F)c(F)c(F)c(F)c1F)Nc1c(F)c(F)c(F)c(F)c1F"
"DTXSID80896529","CAS_RN: 107368-63-8","JXPUKRLBUAVXEM-UHFFFAOYSA-N","C15H13F17O4",580.054238636,"CC(OC(=O)C(F)(OC(F)(F)C(F)(OC(F)(F)C(F)(F)C(F)(F)F)C(F)(F)F)C(F)(F)F)C(C)(C)C"
"DTXSID70881065","CAS_RN: 93857-42-2","JXRICVNTWCQEIT-UHFFFAOYSA-N","C17H6F31O4P",893.950870122,"O=P(O)(O)OCCC(F)(F)C(F)(F)C(F)(F)C(F)(F)C(F)(F)C(F)(F)C(F)(F)C(F)(F)C(F)(F)C(F)(F)C(F)(F)C(F)(F)C(F)(C(F)(F)F)C(F)(F)F"
"DTXSID90896611","CAS_RN: 17526-97-5","JXVINEGBEPHVPO-UHFFFAOYSA-N","C8H5F9O2",304.01458338,"C=C(C)C(=O)OC(C(F)(F)F)(C(F)(F)F)C(F)(F)F"
"DTXSID40895290","CAS_RN: 541547-94-8","JYADHEPYZFNKON-UHFFFAOYSA-N","C13H6F21I",687.917890812,"FC(F)(F)C(F)(F)C(F)(F)C(F)(F)C(F)(F)C(F)(F)C(F)(F)C(F)(F)C(F)(F)C(F)(F)CCCI"
"DTXSID30895300","CAS_RN: 935476-95-2","JYJDYPJOQLXHAY-UHFFFAOYSA-N","C8H2F14",363.993295144,"FC(F)(F)C=CC(F)(F)C(F)(F)C(F)(F)C(F)(F)C(F)(F)F"
"DTXSID90893302","CAS_RN: 94403-04-0","JYMBVDSMIYOOKM-UHFFFAOYSA-N","C16H26F12O6Si2",598.107630252,"CO[Si](CCC(F)(F)C(F)(F)C(F)(F)C(F)(F)C(F)(F)C(F)(F)CC[Si](OC)(OC)OC)(OC)OC"
"DTXSID10895964","CAS_RN: 2802-65-5","JZAVLGVXYZAKEC-UHFFFAOYSA-N","C12H18F7NO2",341.122576356,"CCCCNC(CC(=O)OCC)C(F)(F)C(F)(F)C(F)(F)F"
"DTXSID70173775","CAS_RN: 1998-53-4","JZCZUPUWPJOIFG-UHFFFAOYSA-N","C6F10O2",293.97386144,"FC(F)=C(F)OC(F)(F)C(F)(F)OC(F)=C(F)F"
"DTXSID40338359","CAS_RN: 154717-36-9","JZEKVGIWHZEUSP-UHFFFAOYSA-N","C10H6F10O",332.025897012,"FC(F)(F)C(F)(F)C(F)(F)OC1(F)C2C=CC(C2)C1(F)F"
"DTXSID70165670","CAS_RN: 1546-95-8","JZHDEEOTEUVLHR-UHFFFAOYSA-N","C7H2F12O2",345.986317944,"O=C(O)C(F)(F)C(F)(F)C(F)(F)C(F)(F)C(F)(F)C(F)F"
"DTXSID90379292","CAS_RN: 54864-78-7","JZKFJUIBEKMWRF-UHFFFAOYSA-N","C12H7F7N2",312.049745764,"FC(F)(F)C(F)(F)C(F)(F)c1cc(-c2ccccc2)n[nH]1"
"DTXSID50540683","CAS_RN: 63967-43-1","JZLSJSIYEYSKCH-UHFFFAOYSA-N","C10H3F17O3",493.981073696,"FC(F)(F)C(F)(F)C(F)(F)C(F)(F)C(F)(F)C(F)(F)C(F)(F)C(F)(F)C1OCOO1"
"DTXSID30880115","CAS_RN: 355-44-2","JZNOXYXRJDVNOM-UHFFFAOYSA-N","C6F13I",445.88371486,"FC(F)(F)C(F)(F)C(F)(F)C(F)(F)C(F)(I)C(F)(F)F"
"DTXSID50188165","CAS_RN: 34598-33-9","JZRCRCFPVAXHHQ-UHFFFAOYSA-N","C11H5F17O2",492.00180914,"O=C(O)CCC(F)(F)C(F)(F)C(F)(F)C(F)(F)C(F)(F)C(F)(F)C(F)(F)C(F)(F)F"
"","CAS_RN: 163702-08-7","JZYGTCBELUZFGX-UHFFFAOYSA-N","C5H3F9O",250.004018696,"FC(F)OCC(F)(C(F)(F)F)C(F)(F)F"
"DTXSID00438405","CAS_RN: 62571-55-5","KAGVVOGIAJXMDE-UHFFFAOYSA-N","C8H4F13N3",389.019763988,"[N-]=[N+]=NCCC(F)(F)C(F)(F)C(F)(F)C(F)(F)C(F)(F)C(F)(F)F"
"","CAS_RN: 93128-61-1","ORNACRPNHJDDOQ-MLWJPKLSSA-N","C15H16F13NO5S",569.054160472,"O=C(O)C[C@H](NCC(O)CSCCC(F)(F)C(F)(F)C(F)(F)C(F)(F)C(F)(F)C(F)(F)F)C(=O)O"
"",NA,"KALNCJBKGRPPOH-UHFFFAOYSA-N","C10H4F14O6",485.978432928,"COC(=O)C(F)(F)C(F)(F)OC(F)(C(F)(F)F)C(F)(F)OC(F)(C(=O)O)C(F)(F)F"
"","CAS_RN: 773895-92-4","FMGOXRYKYRAOGN-UHFFFAOYSA-N","C16H36N",242.284775152,"CCCCCCCCCC[N+](CC)(CC)CC"
"DTXSID5059876","CAS_RN: 355-25-9","KAVGMUDTWQVPDF-UHFFFAOYSA-N","C4F10",237.9840322,"FC(F)(F)C(F)(F)C(F)(F)C(F)(F)F"
"DTXSID30895709","CAS_RN: 943767-44-0","KAWWGOMJWIPHRG-UHFFFAOYSA-N","C11H7F7O2",304.033427004,"O=Cc1ccc(OCC(F)(F)C(F)(F)C(F)(F)F)cc1"
"DTXSID90886557","CAS_RN: 63180-06-3","KAYHPSDEMCKVKU-KBUNVGBDSA-N","C14H15F7O2",348.09602726,"CC1(C)[C@@H]2CC[C@@]1(C)C(=O)C2=C(O)C(F)(F)C(F)(F)C(F)(F)F"
"DTXSID80750738","CAS_RN: 88951-14-8","KBFOWDPRJADBCX-UHFFFAOYSA-N","C12H13F9O2",360.077183636,"COC(=O)C1CCC(C(F)(F)C(F)(F)C(F)(F)C(F)(F)F)CC1"
"DTXSID00187143","CAS_RN: 335-65-9","KBHBUUBXEQUIMV-UHFFFAOYSA-N","C8HF17",419.980679772,"FC(F)C(F)(F)C(F)(F)C(F)(F)C(F)(F)C(F)(F)C(F)(F)C(F)(F)F"
"DTXSID10859667","CAS_RN: 85665-67-4","FGTDPZOJJFPWCB-UHFFFAOYSA-N","C14H16F17N2O2S",599.066103492,"C[N+](C)(C)CCCNS(=O)(=O)C(F)(F)C(F)(F)C(F)(F)C(F)(F)C(F)(F)C(F)(F)C(F)(F)C(F)(F)F"
"DTXSID10895686","CAS_RN: 82941-37-5","KBIQOBROPFYGIY-UHFFFAOYSA-N","C9H7F9O3",334.025148064,"CCOC(=O)CC(=O)C(F)(F)C(F)(F)C(F)(F)C(F)(F)F"
"DTXSID70896472","CAS_RN: 1561-50-8","KBVRCFVKEVGGSC-UHFFFAOYSA-N","C3ClF7O",219.95258984,"FC(F)(F)OC(F)(F)C(F)(F)Cl"
"","CAS_RN: 154375-43-6","KBXCBBOPXFWBOU-UHFFFAOYSA-N","C12H7F7O2",316.033427004,"O=C(O)C=C(c1ccccc1)C(F)(F)C(F)(F)C(F)(F)F"
"DTXSID30896433","CAS_RN: 1355554-90-3","KCAOHFXHRQVGFR-UHFFFAOYSA-N","C15H15F7O3S",408.06301288,"CCCS(=O)c1c(C(F)(C(F)(F)F)C(F)(F)F)ccc(C(=O)O)c1CC"
"DTXSID5060936","CAS_RN: 638-79-9","KCEJJSGJNCSQFI-UHFFFAOYSA-N","C5F11I",395.88690842,"FC(F)(F)C(F)(F)C(F)(F)C(F)(F)C(F)(F)I"
"DTXSID00189465","CAS_RN: 359-71-7","KCOKATNPCXDTEB-UHFFFAOYSA-N","C6F13N",332.98231586,"FC(F)(F)N1C(F)(F)C(F)(F)C(F)(F)C(F)(F)C1(F)F"
"DTXSID6051304","CAS_RN: 32582-75-5","KCRWTWGEXLKBSN-UHFFFAOYSA-N","C14H5F22O4P",685.95741611,"O=P(O)(OCC1(F)C(F)(F)C(F)(F)C(F)(F)C(F)(F)C1(F)F)OCC1(F)C(F)(F)C(F)(F)C(F)(F)C(F)(F)C1(F)F"
"DTXSID70895243","CAS_RN: 679-53-8","KCSGFPCJXJVTEG-UHFFFAOYSA-N","C6H6ClF7O",261.999540032,"FC(F)(F)C(F)(F)C(F)(F)COCCCl"
"",NA,"KCVPOLVQQSHCIX-UHFFFAOYSA-N","C10H10F10O2",352.05211176,"O=C(O)C(F)(F)CC(F)(F)CC(F)(F)CC(F)(F)CC(F)F"
"DTXSID30896190","CAS_RN: 180748-44-1","KCZXOUCOUNFADI-UHFFFAOYSA-N","C14H7F9N2O",390.041466824,"O=c1cc(C(F)(F)C(F)(F)C(F)(F)C(F)(F)F)nc(-c2ccccc2)[nH]1"
"DTXSID10895489","CAS_RN: 135984-68-8","KDGIOTBLYAPNRR-UHFFFAOYSA-N","C10H3F17O",461.991244456,"O=CCC(F)(F)C(F)(F)C(F)(F)C(F)(F)C(F)(F)C(F)(F)C(F)(F)C(F)(F)F"
"DTXSID8071358","CAS_RN: 68259-14-3","KDHCALLFPWZTPN-UHFFFAOYSA-N","C8H4F15NO2S",462.972322668,"CNS(=O)(=O)C(F)(F)C(F)(F)C(F)(F)C(F)(F)C(F)(F)C(F)(F)C(F)(F)F"
"DTXSID40892567","CAS_RN: 889944-77-8","KDHKNZMUAYFSHV-UHFFFAOYSA-N","C7H3F11O2",327.995739756,"O=C(O)CC(F)(F)C(F)(F)C(F)(F)C(F)(F)C(F)(F)F"
"DTXSID70895400","CAS_RN: 1257261-93-0","KDNAFMKMUXWOIX-UHFFFAOYSA-N","C20H24F17I",714.065128508,"CCCCCCCCCCC(I)CC(F)(F)C(F)(F)C(F)(F)C(F)(F)C(F)(F)C(F)(F)C(F)(F)C(F)(F)F"
"DTXSID00880420","CAS_RN: 41123-44-8","KDUYSMPJTYKVBA-UHFFFAOYSA-N","C15H8F20O2",600.020493896,"C=C(C)C(=O)OC(F)C(F)(F)C(F)(F)C(F)(F)C(F)(F)C(F)(F)C(F)(F)C(F)(F)C(F)(F)C(F)(F)CF"
"DTXSID00624967","CAS_RN: 138495-42-8","KECUJGHSJYUAKD-UHFFFAOYSA-N","C5H2F10",251.999682264,"FCC(F)(F)C(F)(F)C(F)(F)C(F)(F)F"
"DTXSID80880125","CAS_RN: 335-35-3","KEDSBJOHAWJRQU-UHFFFAOYSA-N","C8F16O",415.96936614,"FC(F)(F)C(F)(F)C(F)(F)C1(F)OC(F)(F)C(F)(F)C(F)(F)C1(F)F"
"DTXSID9061881","CAS_RN: 1682-31-1","KEHJVWWDDAAVHB-UHFFFAOYSA-N","C7H4F11I",423.918208548,"FC(F)(F)C(F)(F)C(F)(F)C(F)(F)C(F)(F)CCI"
"",NA,"KEIGBWNCTJAAPQ-UHFFFAOYSA-N","C14H2F26O2",695.963963024,"O=C(O)C(F)C(F)(F)C(F)(F)C(F)(F)C(F)(F)C(F)(F)C(F)(F)C(F)(F)C(F)(F)C(F)(F)C(F)(F)C(F)(F)C(F)(F)F"
"DTXSID40895513","CAS_RN: 2926-44-5","KEIKDEUYHLTTNF-UHFFFAOYSA-N","C8H9F7O2",270.049077068,"CCCC(=O)OCC(F)(F)C(F)(F)C(F)(F)F"
"DTXSID00895599","CAS_RN: 136772-44-6","KEJVZDCMLYTKNV-UHFFFAOYSA-N","C15H25F13O2Si3",568.09547649,"C[Si](C)(C)O[Si](C)(CCC(F)(F)C(F)(F)C(F)(F)C(F)(F)C(F)(F)C(F)(F)F)O[Si](C)(C)C"
"DTXSID7070507","CAS_RN: 67584-55-8","KEMCLRGAIUJRAN-UHFFFAOYSA-N","C10H10F9NO4S",411.01868278,"C=CC(=O)OCCN(C)S(=O)(=O)C(F)(F)C(F)(F)C(F)(F)C(F)(F)F"
"","CAS_RN: 63225-58-1","OFTBQTJOEGXRAL-UHFFFAOYSA-N","C12H5F21O4S",643.95732226,"O=S(=O)(O)OCCC(F)(F)C(F)(F)C(F)(F)C(F)(F)C(F)(F)C(F)(F)C(F)(F)C(F)(F)C(F)(F)C(F)(F)F"
"DTXSID40895730","CAS_RN: 384828-83-5","KFFIJCKFHFFBBZ-UHFFFAOYSA-N","C15H14F18O3",584.065552268,"OC(COCCC(F)(F)C(F)(F)C(F)(F)C(F)(F)F)COCCC(F)(F)C(F)(F)C(F)(F)C(F)(F)F"
"DTXSID80832341","CAS_RN: 87461-66-3","KFGDTOWBJNZWTA-UHFFFAOYSA-N","C11H9F7O",290.054162448,"COc1ccc(C)cc1C(F)(F)C(F)(F)C(F)(F)F"
"DTXSID70893502","CAS_RN: 393098-44-7","KFHDQTKUUBFHAY-UHFFFAOYSA-N","C48H12F87O4P",2335.908400634,"O=P(OCCC(F)(F)C(F)(F)C(F)(F)C(F)(F)C(F)(F)C(F)(F)C(F)(F)C(F)(F)C(F)(F)C(F)(F)C(F)(F)C(F)(F)C(F)(F)C(F)(F)F)(OCCC(F)(F)C(F)(F)C(F)(F)C(F)(F)C(F)(F)C(F)(F)C(F)(F)C(F)(F)C(F)(F)C(F)(F)C(F)(F)C(F)(F)C(F)(F)C(F)(F)F)OCCC(F)(F)C(F)(F)C(F)(F)C(F)(F)C(F)(F)C(F)(F)C(F)(F)C(F)(F)C(F)(F)C(F)(F)C(F)(F)C(F)(F)C(F)(F)C(F)(F)F"
"","CAS_RN: 308-38-3","WQFBZQWBHJSFSD-UHFFFAOYSA-N","C7H10F7N",241.07014686,"CCC(CN)C(F)(F)C(F)(F)C(F)(F)F"
"DTXSID30896519","CAS_RN: 145510-89-0","KFLCAJIXLFSISY-UHFFFAOYSA-N","C13H9F17O4",552.022938508,"CCCCOC(=O)C(F)(OC(F)(F)C(F)(OC(F)(F)C(F)(F)C(F)(F)F)C(F)(F)F)C(F)(F)F"
"DTXSID90558000","CAS_RN: 57678-02-1","FZTRDYSPWWJCOF-UHFFFAOYSA-N","C8H6F13O4P",443.979612162,"O=P(O)(O)OCCC(F)(F)C(F)(F)C(F)(F)C(F)(F)C(F)(F)C(F)(F)F"
"DTXSID60178870","CAS_RN: 24160-20-1","KFTQFKUTBYCXES-UHFFFAOYSA-N","C9H10F7NO2",297.0599761,"O=C(CCN1CC1)OCC(F)(F)C(F)(F)C(F)(F)F"
"DTXSID90893382","CAS_RN: 363158-84-3","KFWNKOPEGRJQGT-UHFFFAOYSA-N","C6H3F9O5S",357.955748176,"O=C(O)CC(F)(F)C(F)(F)OC(F)(F)C(F)(F)S(=O)(=O)F"
"DTXSID20880225","CAS_RN: 16083-87-7","KFXCWKVNSWWAAO-UHFFFAOYSA-N","C19H9F27O3",798.012056088,"C=CC(=O)OCC(O)CC(F)(F)C(F)(F)C(F)(F)C(F)(F)C(F)(F)C(F)(F)C(F)(F)C(F)(F)C(F)(F)C(F)(F)C(F)(C(F)(F)F)C(F)(F)F"
"","CAS_RN: 65530-69-0|65530-83-8","KGAUNOUXSXJJRZ-UHFFFAOYSA-N","C6H9F3O2S",202.027535188,"O=C(O)CCSCCC(F)(F)F"
"",NA,"KGHHSGOWWRCKMM-UHFFFAOYSA-N","C11H22F5N2O4S",373.122044284,"C[N+](C)(CCO)CCCN(CCO)S(=O)(=O)C(F)(F)C(F)(F)F"
"DTXSID10160684","CAS_RN: 13846-22-5","KGJWCQOEERZJMB-UHFFFAOYSA-N","C7F12O2",343.97066788,"FC(F)=C(F)OC(F)(F)C(F)(F)C(F)(F)OC(F)=C(F)F"
"DTXSID00880960","CAS_RN: 72779-04-5","KGMRHDNQVLRBQY-UHFFFAOYSA-N","C41H27F46N3O3S2",1547.075931844,"Cc1ccc(NC(=O)OC(CSCCC(F)(F)C(F)(F)C(F)(F)C(F)(F)C(F)(F)C(F)(F)C(F)(F)C(F)(F)C(F)(C(F)(F)F)C(F)(F)F)CSCCC(F)(F)C(F)(F)C(F)(F)C(F)(F)C(F)(F)C(F)(F)C(F)(F)C(F)(F)C(F)(C(F)(F)F)C(F)(F)F)cc1NC(=O)N1CC1C"
"","CAS_RN: 51588-53-5","LOSWPTILHZDHDR-UHFFFAOYSA-N","C12H6F17NO3",535.007622792,"CN(CC(=O)O)C(=O)C(F)(F)C(F)(F)C(F)(F)C(F)(F)C(F)(F)C(F)(F)C(F)(F)C(F)(F)F"
"",NA,"KGWKPNIKRCLBBN-UHFFFAOYSA-N","C22H34F13NO9S",735.174669528,"CCN(CCOCCOCCOCCOCCOCCOCCO)S(=O)(=O)C(F)(F)C(F)(F)C(F)(F)C(F)(F)C(F)(F)C(F)(F)F"
"DTXSID30880413","CAS_RN: 38565-52-5","KGYUZRBIQCDOCN-UHFFFAOYSA-N","C9H5F13O",376.01328164,"FC(F)(F)C(F)(F)C(F)(F)C(F)(F)C(F)(F)C(F)(F)CC1CO1"
"DTXSID50371494","CAS_RN: 336-15-2","KGZKBHYAEBRMAR-UHFFFAOYSA-N","C6ClF11",315.9512881,"FC1(F)C(F)(F)C(F)(F)C(F)(Cl)C(F)(F)C1(F)F"
"","CAS_RN: 75033-26-0","ATTCMMXGKYDVFZ-UHFFFAOYSA-N","C14H16F17N2O2S",599.066103492,"CC(C[N+](C)(C)C)NS(=O)(=O)C(F)(F)C(F)(F)C(F)(F)C(F)(F)C(F)(F)C(F)(F)C(F)(F)C(F)(F)F"
"DTXSID10770580","CAS_RN: 142030-27-1","KHEZQPBUHOLTCH-UHFFFAOYSA-N","C7H4Cl2F9N",342.957708468,"FC(F)(F)C(F)(F)C(F)(F)C(F)(F)CCN=C(Cl)Cl"
"DTXSID4070322","CAS_RN: 65510-55-6","KHGHLOYBMLYJPS-UHFFFAOYSA-N","C16H4F29I",873.889466508,"FC(F)(F)C(F)(F)C(F)(F)C(F)(F)C(F)(F)C(F)(F)C(F)(F)C(F)(F)C(F)(F)C(F)(F)C(F)(F)C(F)(F)C(F)(F)C(F)(F)CCI"
"DTXSID20873415","CAS_RN: 943913-15-3","KHLRYLUKBJEYFH-UHFFFAOYSA-N","C18H9F30O4P",889.975941998,"O=P(O)(OCCC(F)(F)C(F)(F)C(F)(F)C(F)(F)C(F)(F)C(F)(F)F)OCCC(F)(F)C(F)(F)C(F)(F)C(F)(F)C(F)(F)C(F)(F)C(F)(F)C(F)(F)F"
"",NA,"KHODLRGIHGQGFK-UHFFFAOYSA-N","C28H42F17NO11S",923.220711904,"CCN(CCOCCOCCOCCOCCOCCOCCOCCOCCO)S(=O)(=O)C(F)(F)C(F)(F)C(F)(F)C(F)(F)C(F)(F)C(F)(F)C(F)(F)C(F)(F)F"
"DTXSID0061826","CAS_RN: 1623-05-8","KHXKESCWFMPTFT-UHFFFAOYSA-N","C5F10O",265.97894682,"FC(F)=C(F)OC(F)(F)C(F)(F)C(F)(F)F"
"DTXSID90239569","CAS_RN: 93762-10-8","GWJVUODILLGCGD-UHFFFAOYSA-N","C4HF9O3S",299.950268872,"O=S(=O)(O)C(F)(F)C(F)(C(F)(F)F)C(F)(F)F"
"",NA,"KIJBUGHQNIOQLL-UHFFFAOYSA-N","C40H53F29O13",1292.302310136,"OCCOCCOCCOCCOCCOCCOCCOCCOCCOCCOCCOCCOCCC(F)(F)C(F)(F)C(F)(F)C(F)(F)C(F)(F)C(F)(F)C(F)(F)C(F)(F)C(F)(F)C(F)(F)C(F)(F)C(F)(F)C(F)(F)C(F)(F)F"
"","CAS_RN: 6884-92-0","OHMNIGKXMIWFCR-UHFFFAOYSA-N","C7H2F14O",367.988209764,"OC(C(F)(C(F)(F)F)C(F)(F)F)C(F)(C(F)(F)F)C(F)(F)F"
"DTXSID70896114","CAS_RN: 327630-34-2","KILCWELZTSEPSB-UHFFFAOYSA-N","C14H5F13S2",483.96250902,"FC(F)(F)C(F)(F)C(F)(F)C(F)(F)C(F)(F)C(F)(F)c1ccc(-c2cccs2)s1"
"DTXSID20433053","CAS_RN: 91543-34-9","KINYELQWZVVDLB-UHFFFAOYSA-N","C12F29P",725.92745501,"FC(F)(F)C(F)(F)C(F)(F)C(F)(F)P(F)(F)(C(F)(F)C(F)(F)C(F)(F)C(F)(F)F)C(F)(F)C(F)(F)C(F)(F)C(F)(F)F"
"DTXSID30896231","CAS_RN: 871210-22-9","KIONFYCZIQVYKJ-RQJHMYQMSA-N","C14H14F13NO2",475.081695548,"CC(C)[C@@H]1NC(=O)O[C@@H]1CCC(F)(F)C(F)(F)C(F)(F)C(F)(F)C(F)(F)C(F)(F)F"
"",NA,"KIRIUPWIMBVGOG-UHFFFAOYSA-N","C14HF27O3",729.949455832,"O=C(O)C(F)(F)C(F)(F)C(F)(F)C(F)(F)C(F)(F)C(F)(F)C(F)(F)C(F)(F)C(F)(F)C(F)(F)C(F)(F)C(F)(F)OC(F)(F)F"
"",NA,"KITFIULXZKOAJA-UHFFFAOYSA-N","C10HF19O4S",577.929215692,"O=C(C(F)(F)F)C(F)(F)C(F)(F)C(F)(F)C(F)(F)C(F)(F)C(F)(F)C(F)(F)C(F)(F)S(=O)(=O)O"
"DTXSID00895594","CAS_RN: 36390-03-1","KITTVGNDOMMVHM-UHFFFAOYSA-N","C9H7F9O4",350.020062684,"O=C(O)C(CCC(F)(F)C(F)(F)C(F)(F)C(F)(F)F)C(=O)O"
"DTXSID30895340","CAS_RN: 935477-07-9","KIUZUQZPXYDQBR-UHFFFAOYSA-N","C9H2F16",413.990101584,"FC(F)(F)C(F)(F)C(F)(F)C=CC(F)(F)C(F)(F)C(F)(F)C(F)(F)F"
"",NA,"KJEZYIAMIUWVSQ-UHFFFAOYSA-N","C8H8F8O2",288.039655256,"O=C(O)C(F)(F)CC(F)(F)CC(F)(F)CC(F)F"
"DTXSID90456411","CAS_RN: 153296-01-6","KJFUHDMIAMFMPU-UHFFFAOYSA-N","C10H7F13O2",406.023846324,"CCOC(=O)CC(F)(F)C(F)(F)C(F)(F)C(F)(F)C(F)(F)C(F)(F)F"
"DTXSID60380390","CAS_RN: 79963-95-4","KJGYBFLEIPDFNQ-UHFFFAOYSA-N","C6H2F12O3S",381.953303564,"O=S(=O)(OCC(F)(F)F)C(F)(F)C(F)(F)C(F)(F)C(F)(F)F"
"DTXSID00880248","CAS_RN: 30320-26-4","KJIGYKCIAQBHEL-UHFFFAOYSA-N","C9F18",449.97125796,"FC(F)(F)C(=C(C(F)(F)C(F)(F)F)C(F)(C(F)(F)F)C(F)(F)F)C(F)(F)F"
"DTXSID8031863","CAS_RN: 95682-67-0","UZUFPBIDKMEQEQ-UHFFFAOYSA-N","C9HF17O2",463.970509012,"O=C(O)C(F)(F)C(F)(F)C(F)(F)C(F)(F)C(F)(F)C(F)(F)C(F)(F)C(F)(F)F"
"DTXSID00786953","CAS_RN: 70609-44-8","NKHVPWOARFMIPG-UHFFFAOYSA-N","C12HF26O2P",701.929899622,"O=P(O)(C(F)(F)C(F)(F)C(F)(F)C(F)(F)C(F)(F)C(F)(F)F)C(F)(F)C(F)(F)C(F)(F)C(F)(F)C(F)(F)C(F)(F)F"
"DTXSID10379815","CAS_RN: 400626-82-6","KJWVJLNGXBWWIH-UHFFFAOYSA-N","C11F22O",565.95978546,"FC(F)(F)C(F)(F)C(F)(F)OC1(F)C(F)(F)C(F)(F)C(F)(F)C(F)(C(F)(F)C(F)(F)F)C1(F)F"
"","CAS_RN: 68298-11-3","FZCRAUGJBWCZQX-UHFFFAOYSA-O","C18H24F17N2O6S2",751.080433228,"C[N+](C)(CCO)CCCN(CCCS(=O)(=O)O)S(=O)(=O)C(F)(F)C(F)(F)C(F)(F)C(F)(F)C(F)(F)C(F)(F)C(F)(F)C(F)(F)F"
"DTXSID4070875","CAS_RN: 67939-61-1","KKCCHFWHAXJXIQ-UHFFFAOYSA-N","C15H16F13NO4S",553.059245852,"C=C(C)C(=O)OCCCCN(C)S(=O)(=O)C(F)(F)C(F)(F)C(F)(F)C(F)(F)C(F)(F)C(F)(F)F"
"DTXSID40863318","CAS_RN: 4089-58-1","KKFBQYPRBYZJNU-UHFFFAOYSA-N","C8F16O5S",511.92109562,"O=C(F)C(F)(OC(F)(F)C(F)(OC(F)(F)C(F)(F)S(=O)(=O)F)C(F)(F)F)C(F)(F)F"
"DTXSID10895464","CAS_RN: 181765-99-1","KKJPHRCNXGNPOP-UHFFFAOYSA-N","C18H4F34",865.977009608,"FC(F)(F)C(F)(F)C(F)(F)C(F)(F)C(F)(F)C(F)(F)C(F)(F)C(F)(F)CCC(F)(F)C(F)(F)C(F)(F)C(F)(F)C(F)(F)C(F)(F)C(F)(F)C(F)(F)F"
"DTXSID10892958","CAS_RN: 1513864-26-0","KKKSNOHNFSYZAP-UHFFFAOYSA-N","C14H13F19N2O3S",650.034349456,"C[N+](C)([O-])CCCNS(=O)(=O)C(F)(F)C(F)(F)C(F)(F)C(F)(F)C(F)(F)C(F)(F)C(F)(F)C(F)(F)C(F)(F)F"
"DTXSID00382171","CAS_RN: 90999-87-4","KKVIDVONCZYZLR-UHFFFAOYSA-N","C5H5F7O",214.02286232,"OCCC(F)(C(F)(F)F)C(F)(F)F"
"DTXSID50895680","CAS_RN: 96721-81-2","KKXHYYMDJMMUQM-UHFFFAOYSA-N","C8H3F9S",301.981175076,"FC(F)(F)C(F)(F)C(F)(F)C(F)(F)c1cccs1"
"DTXSID10382167","CAS_RN: 72848-57-8","KLAVPNKIYBZAOK-UHFFFAOYSA-N","C6ClF11O2",347.94111734,"O=C(Cl)C(F)(OC(F)(F)C(F)(F)C(F)(F)F)C(F)(F)F"
"DTXSID60896587","CAS_RN: 1882109-77-4","KLIYVROPYNNGCN-UHFFFAOYSA-N","C8HF15O2",413.973702572,"O=C(O)C(F)(C(F)(F)C(F)(F)C(F)(F)F)C(F)(F)C(F)(F)C(F)(F)F"
"DTXSID6067836","CAS_RN: 34362-49-7","KLOHTAIHCCMZIL-UHFFFAOYSA-N","C19H7F29O2",817.998297844,"C=CC(=O)OCCC(F)(F)C(F)(F)C(F)(F)C(F)(F)C(F)(F)C(F)(F)C(F)(F)C(F)(F)C(F)(F)C(F)(F)C(F)(F)C(F)(F)C(F)(F)C(F)(F)F"
"DTXSID4063660","CAS_RN: 4980-53-4","KLVRPMUTIRAYBC-UHFFFAOYSA-N","C20H9F29O2",832.013947908,"C=C(C)C(=O)OCCC(F)(F)C(F)(F)C(F)(F)C(F)(F)C(F)(F)C(F)(F)C(F)(F)C(F)(F)C(F)(F)C(F)(F)C(F)(F)C(F)(F)C(F)(F)C(F)(F)F"
"",NA,"KLXHHEWWHKVGFT-UHFFFAOYSA-N","C26H38F17NO10S",879.194497156,"CCN(CCOCCOCCOCCOCCOCCOCCOCCO)S(=O)(=O)C(F)(F)C(F)(F)C(F)(F)C(F)(F)C(F)(F)C(F)(F)C(F)(F)C(F)(F)F"
"",NA,"KLZRJIAEJUXBDM-UHFFFAOYSA-N","C9HF19O4S",565.929215692,"O=S(=O)(O)C(F)(F)C(F)(F)C(F)(F)C(F)(F)C(F)(F)C(F)(F)C(F)(F)OC(F)(F)C(F)(F)F"
"DTXSID20896568","CAS_RN: 1882109-58-1","KMHDVPWWYHOSMO-UHFFFAOYSA-N","C8HF15O2",413.973702572,"O=C(O)C(C(F)(F)C(F)(F)F)(C(F)(F)C(F)(F)F)C(F)(F)C(F)(F)F"
"DTXSID90895745","CAS_RN: 140369-64-8","KMIGYHDUVWFLSB-UHFFFAOYSA-N","C9H7F11O2",356.027039884,"FC(F)(F)C(F)(F)C(F)(F)C(F)(F)C(F)(F)COCC1CO1"
"DTXSID70895223","CAS_RN: 355-99-7","KMIMRUFRWCAQJQ-UHFFFAOYSA-N","C6H8F7N",227.054496796,"CCNCC(F)(F)C(F)(F)C(F)(F)F"
"DTXSID50524766","CAS_RN: 88021-90-3","KMRYZJJLWTVVHQ-UHFFFAOYSA-N","C8H7F7O2",268.033427004,"C=C(CC(F)(F)C(F)(F)C(F)(F)F)C(=O)OC"
"DTXSID30627108","CAS_RN: 92678-93-8","CETXMCMQEXPPLV-UHFFFAOYSA-N","C10H6F17O3P",527.978310422,"O=P(O)(O)CCC(F)(F)C(F)(F)C(F)(F)C(F)(F)C(F)(F)C(F)(F)C(F)(F)C(F)(F)F"
"","CAS_RN: 63225-56-9","BGJBRLCWYHDOSY-UHFFFAOYSA-N","C8H5F13O4S",443.9700965,"O=S(=O)(O)OCCC(F)(F)C(F)(F)C(F)(F)C(F)(F)C(F)(F)C(F)(F)F"
"DTXSID80880529","CAS_RN: 94200-51-8","NZFUNOLSROCOSD-UHFFFAOYSA-N","C16H8F27O5P",823.967821926,"O=P(O)(O)OCC(O)CC(F)(F)C(F)(F)C(F)(F)C(F)(F)C(F)(F)C(F)(F)C(F)(F)C(F)(F)C(F)(F)C(F)(F)C(F)(C(F)(F)F)C(F)(F)F"
"",NA,"KNRKEKXEZZRFKU-UHFFFAOYSA-N","C36H45F29O11",1204.24988064,"OCCOCCOCCOCCOCCOCCOCCOCCOCCOCCOCCC(F)(F)C(F)(F)C(F)(F)C(F)(F)C(F)(F)C(F)(F)C(F)(F)C(F)(F)C(F)(F)C(F)(F)C(F)(F)C(F)(F)C(F)(F)C(F)(F)F"
"DTXSID70896518","CAS_RN: 117837-58-8","KNRMWQUWWSKFFC-UHFFFAOYSA-N","C12H5F17O4",535.99163838,"C=CCOC(=O)C(F)(OC(F)(F)C(F)(OC(F)(F)C(F)(F)C(F)(F)F)C(F)(F)F)C(F)(F)F"
"DTXSID00567042","CAS_RN: 89608-32-2","KNRUGROEDBQKNT-UHFFFAOYSA-N","C8H12F7ISi",395.964122454,"C[Si](C)(C)C(I)CC(F)(F)C(F)(F)C(F)(F)F"
"","CAS_RN: 94313-84-5","KNRYNMVWXXLSPN-UHFFFAOYSA-N","C38H50F17N3O6S",999.31488706,"CCCCCCCCC=CCCCCCCCCOC(=O)Nc1cc(NC(=O)OCCN(C)S(=O)(=O)C(F)(F)C(F)(F)C(F)(F)C(F)(F)C(F)(F)C(F)(F)C(F)(F)C(F)(F)F)ccc1C"
"","CAS_RN: 1164461-08-8","KNTVPOWEBPJFKR-UHFFFAOYSA-N","C15H13F7N2O3",402.081439816,"COc1cccc(C(=O)NNC(C)=CC(=O)C(F)(F)C(F)(F)C(F)(F)F)c1"
"DTXSID40895452","CAS_RN: 42028-44-4","KNVPMALQUMQUQP-UHFFFAOYSA-N","C11H5F17O",476.00689452,"O=CCCC(F)(F)C(F)(F)C(F)(F)C(F)(F)C(F)(F)C(F)(F)C(F)(F)C(F)(F)F"
"DTXSID50895509","CAS_RN: 391894-95-4","KNZBXTXREIVSMC-UHFFFAOYSA-N","C26H12F42",1122.026835624,"FC(F)(F)C(F)(F)C(F)(F)C(F)(F)C(F)(F)C(F)(F)C(F)(F)C(F)(F)C(F)(F)C(F)(F)CCCCCCC(F)(F)C(F)(F)C(F)(F)C(F)(F)C(F)(F)C(F)(F)C(F)(F)C(F)(F)C(F)(F)C(F)(F)F"
"DTXSID80893356","CAS_RN: 154380-34-4","KOHZARWDVORSLE-UHFFFAOYSA-N","C13H18F11NO4Si",489.082945006,"CCO[Si](CCCNC(=O)C(F)(F)C(F)(F)C(F)(F)C(F)(F)C(F)(F)F)(OC)OC"
"DTXSID30478718","CAS_RN: 494798-73-1","KOLANEVLEDPTQG-UHFFFAOYSA-N","C18H11F17O2",582.048759332,"O=Cc1ccc(OCCCC(F)(F)C(F)(F)C(F)(F)C(F)(F)C(F)(F)C(F)(F)C(F)(F)C(F)(F)F)cc1"
"DTXSID10553693","CAS_RN: 65240-03-1","KOMNASVXVBACPE-UHFFFAOYSA-N","C10H5F7O3",306.01269156,"O=C(c1ccc(O)cc1O)C(F)(F)C(F)(F)C(F)(F)F"
"DTXSID10404732","CAS_RN: 326475-46-1","MTUBRWIMDWTZST-UHFFFAOYSA-N","C48H24F51P",1600.080126618,"FC(F)(F)C(F)(F)C(F)(F)C(F)(F)C(F)(F)C(F)(F)C(F)(F)C(F)(F)CCc1ccc(P(c2ccc(CCC(F)(F)C(F)(F)C(F)(F)C(F)(F)C(F)(F)C(F)(F)C(F)(F)C(F)(F)F)cc2)c2ccc(CCC(F)(F)C(F)(F)C(F)(F)C(F)(F)C(F)(F)C(F)(F)C(F)(F)C(F)(F)F)cc2)cc1"
"DTXSID80381965","CAS_RN: 216144-94-4","KOOXQXFAIXTUHZ-UHFFFAOYSA-N","C16H3F31O",799.968889536,"OCC(F)(F)C(F)(F)C(F)(F)C(F)(F)C(F)(F)C(F)(F)C(F)(F)C(F)(F)C(F)(F)C(F)(F)C(F)(F)C(F)(F)C(F)(F)C(F)(F)C(F)(F)F"
"DTXSID20893335","CAS_RN: 118914-93-5","KOQYZEXXQFIMRZ-UHFFFAOYSA-N","C14F26",661.95848372,"FC(F)(F)C(F)(F)C(F)(F)C(F)(F)C1(F)C(F)(F)C(F)(F)C(F)(F)C2(F)C(F)(F)C(F)(F)C(F)(F)C(F)(F)C12F"
"DTXSID70880457","CAS_RN: 53122-42-2","KOTYYFRBCSIWOF-UHFFFAOYSA-N","C37H27F38N3O3S2",1347.088706084,"Cc1ccc(NC(=O)OC(CSCCC(F)(F)C(F)(F)C(F)(F)C(F)(F)C(F)(F)C(F)(F)C(F)(C(F)(F)F)C(F)(F)F)CSCCC(F)(F)C(F)(F)C(F)(F)C(F)(F)C(F)(F)C(F)(F)C(F)(C(F)(F)F)C(F)(F)F)cc1NC(=O)N1CC1C"
"DTXSID20895692","CAS_RN: 223260-92-2","KOWLYEPMLCWOSK-UHFFFAOYSA-N","C6H3F9N2O2",306.005081316,"NC(=C[N+](=O)[O-])C(F)(F)C(F)(F)C(F)(F)C(F)(F)F"
"DTXSID50562865","CAS_RN: 15166-06-0","KPBOPOXIOBBZTR-UHFFFAOYSA-N","C8HF15O2",413.973702572,"O=C(O)C(F)(F)C(F)(F)C(F)(F)C(F)(F)C(F)(C(F)(F)F)C(F)(F)F"
"",NA,"KPEXJJSCKDVSIK-UHFFFAOYSA-N","C4HF13O3S2",407.915952752,"O=S(=O)(O)C(F)(F)C(F)(F)C(F)(F)C(F)(F)S(F)(F)(F)(F)F"
"DTXSID60897150","CAS_RN: 352538-84-2","KPGCEMIQTUXJTQ-UHFFFAOYSA-N","C45H75F13O12Si8",1278.32050694,"C[Si](C)(CCC(F)(F)C(F)(F)C(F)(F)C(F)(F)C(F)(F)C(F)(F)F)O[Si]1(C2CCCC2)O[Si]2(C3CCCC3)O[Si](O)(C3CCCC3)O[Si]3(C4CCCC4)O[Si](O)(C4CCCC4)O[Si](C4CCCC4)(O1)O[Si](C1CCCC1)(O3)O2"
"DTXSID00404882","CAS_RN: 377-66-2","KPTAUHCSUNOZRL-UHFFFAOYSA-N","C6H6F7NO2",257.028675972,"O=C(NCCO)C(F)(F)C(F)(F)C(F)(F)F"
"","CAS_RN: 1810-13-5","AJTIPWWYVBZBRI-UHFFFAOYSA-N","C4H5F4N",143.03581204,"FC1(F)CNCC1(F)F"
"DTXSID20241211","CAS_RN: 94237-17-9","KPVGLNAGKNDXKJ-UHFFFAOYSA-N","C11H13Cl2F13OSi2",533.967440316,"C[Si](C)(C)O[Si](Cl)(Cl)CCC(F)(F)C(F)(F)C(F)(F)C(F)(F)C(F)(F)C(F)(F)F"
"DTXSID30895587","CAS_RN: 784189-62-4","KPVZOQDUNQYHOB-UHFFFAOYSA-N","C27H12F42I2",1387.835781624,"FC(F)(F)C(F)(F)C(F)(F)C(F)(F)C(F)(F)C(F)(F)C(F)(F)C(F)(F)C(F)(F)C(F)(F)CC(I)CCCC(I)CC(F)(F)C(F)(F)C(F)(F)C(F)(F)C(F)(F)C(F)(F)C(F)(F)C(F)(F)C(F)(F)C(F)(F)F"
"",NA,"KPWCWLRLXJLHTE-UHFFFAOYSA-N","C8H8F11NO5S2",470.966824776,"O=S(=O)(O)CCCNS(=O)(=O)C(F)(F)C(F)(F)C(F)(F)C(F)(F)C(F)(F)F"
"DTXSID50880177","CAS_RN: 2127-74-4","KQAPHIQIAHGITH-UHFFFAOYSA-N","C2HF5O2S",183.961741372,"O=S(=O)(F)C(F)C(F)(F)F"
"DTXSID80379827","CAS_RN: 159623-34-4","KQMDGCKMRBEXNN-UHFFFAOYSA-N","C7BrF13O",425.89249358,"O=C(Br)C(F)(F)C(F)(F)C(F)(F)C(F)(F)C(F)(F)C(F)(F)F"
"DTXSID0059871","CAS_RN: 354-76-7","KQTOYEUYHXUEDB-UHFFFAOYSA-N","C3H2F5NO",163.005654784,"NC(=O)C(F)(F)C(F)(F)F"
"DTXSID60895419","CAS_RN: 935477-16-0","KQWUAJHKKHLDSO-UHFFFAOYSA-N","C10H2F18",463.986908024,"FC(F)(F)C(F)(F)C(F)(F)C=CC(F)(F)C(F)(F)C(F)(F)C(F)(F)C(F)(F)F"
"DTXSID30895360","CAS_RN: 37759-76-5","KRBNWYYINLFKND-UHFFFAOYSA-N","C6H3F7O2",240.002126876,"O=C(O)C=CC(F)(F)C(F)(F)C(F)(F)F"
"DTXSID30895360","CAS_RN: 356-03-6","KRBNWYYINLFKND-UHFFFAOYSA-N","C6H3F7O2",240.002126876,"O=C(O)C=CC(F)(F)C(F)(F)C(F)(F)F"
"DTXSID70893284","CAS_RN: 70900-35-5","KRFXHCMETSLMGI-UHFFFAOYSA-N","C28H30F15N3O8S",853.15140922,"C=C(C)C(=O)OCC(C)OC(=O)Nc1cc(NC(=O)OCCCCN(C)S(=O)(=O)C(F)(F)C(F)(F)C(F)(F)C(F)(F)C(F)(F)C(F)(F)C(F)(F)F)ccc1C"
"DTXSID4065949","CAS_RN: 15811-52-6","KRIKPLSQWRBSRS-UHFFFAOYSA-N","C13F26O",665.95339834,"O=C(F)C(F)(F)C(F)(F)C(F)(F)C(F)(F)C(F)(F)C(F)(F)C(F)(F)C(F)(F)C(F)(F)C(F)(C(F)(F)F)C(F)(F)F"
"DTXSID40896363","CAS_RN: 929211-36-9","KRNBLOPHIZILFL-UHFFFAOYSA-N","C9H3F7N2",272.018445636,"N#Cc1ccnc(C(F)(C(F)(F)F)C(F)(F)F)c1"
"DTXSID60896502","CAS_RN: 147224-17-7","KRPLOVIXXGDVMC-UHFFFAOYSA-N","C9H7F11O3",372.021954504,"CC(C)OC(=O)C(F)(OC(F)(F)C(F)(F)C(F)(F)F)C(F)(F)F"
"DTXSID20881353","CAS_RN: 39847-37-5","KRQOMVHYHHRBPT-UHFFFAOYSA-N","C5HF12NO4S2",430.915538152,"O=S(=O)(NS(=O)(=O)C(F)(F)C(F)(F)C(F)(F)C(F)(F)F)C(F)(F)F"
"DTXSID60730715","CAS_RN: 94196-26-6","KRTQFEXYGLHZDD-UHFFFAOYSA-N","C11H8F17NO5S2",620.957244096,"CCN(CS(=O)(=O)O)S(=O)(=O)C(F)(F)C(F)(F)C(F)(F)C(F)(F)C(F)(F)C(F)(F)C(F)(F)C(F)(F)F"
"DTXSID00896086","CAS_RN: 1270179-93-5","KRVYEQXJBYQTOX-UHFFFAOYSA-N","C10H10F13NO2S",455.02246642,"CCN(CC)S(=O)(=O)C(F)(F)C(F)(F)C(F)(F)C(F)(F)C(F)(F)C(F)(F)F"
"DTXSID90544569","CAS_RN: 88950-94-1","KRWJCFMNRWAMPB-UHFFFAOYSA-N","C10H5F7O2",290.01777694,"O=C(O)c1ccc(C(F)(F)C(F)(F)C(F)(F)F)cc1"
"DTXSID00895519","CAS_RN: 102061-82-5","TWIYDBQRYCWOAU-UHFFFAOYSA-N","C4HF9O2S",283.955354252,"O=S(O)C(F)(F)C(F)(F)C(F)(F)C(F)(F)F"
"DTXSID70895208","CAS_RN: 59665-23-5","KSQRGPQLCIXCCL-UHFFFAOYSA-N","C6H2BrF9",323.919616144,"C=C(Br)C(F)(F)C(F)(F)C(F)(F)C(F)(F)F"
"DTXSID8071726","CAS_RN: 68758-56-5","KSRNSIIMBGIEPL-UHFFFAOYSA-N","C23H12F33NO4S",1024.996010124,"C=CC(=O)OCCN(C)S(=O)(=O)CC(F)(F)C(F)(F)C(F)(F)C(F)(F)C(F)(F)C(F)(F)C(F)(F)C(F)(F)C(F)(F)C(F)(F)C(F)(F)C(F)(F)C(F)(F)C(F)(F)C(F)(F)C(F)(F)F"
"",NA,"KSTCMYVADSAATO-OWOJBTEDSA-N","C8HF15O3S",461.940688192,"O=S(=O)(O)C(F)(F)C(F)(F)C(F)(F)/C(F)=C(\F)C(F)(F)C(F)(F)C(F)(F)F"
"DTXSID20371305","CAS_RN: 51249-64-0","KSXRFZHNNOXBLE-UHFFFAOYSA-N","C8H2BrF13",423.913229024,"C=C(Br)C(F)(F)C(F)(F)C(F)(F)C(F)(F)C(F)(F)C(F)(F)F"
"DTXSID40543663","CAS_RN: 104939-25-5","KSZFPYHYSBXOPG-UHFFFAOYSA-N","C9H5F7O3",294.01269156,"COC(=O)c1ccc(C(F)(F)C(F)(F)C(F)(F)F)o1"
"","CAS_RN: 82765-76-2","KTCODRNGNIXYDE-UHFFFAOYSA-N","C5H2F11NO2S",348.963059724,"NS(=O)(=O)C(F)(F)C(F)(F)C(F)(F)C(F)(F)C(F)(F)F"
"DTXSID3044596","CAS_RN: 16090-14-5","KTCQQCLZUOZFEI-UHFFFAOYSA-N","C7F14O4S",445.92937456,"O=S(=O)(F)C(F)(F)C(F)(F)OC(F)(C(F)(F)F)C(F)(F)OC(F)=C(F)F"
"DTXSID10381993","CAS_RN: 24120-19-2","KTDHXHZTHVKJGC-UHFFFAOYSA-N","C20H10F26O4",808.01639252,"O=C(C=CC(=O)OCCC(F)(F)C(F)(F)C(F)(F)C(F)(F)C(F)(F)C(F)(F)F)OCCC(F)(F)C(F)(F)C(F)(F)C(F)(F)C(F)(F)C(F)(F)F"
"DTXSID10381993","CAS_RN: 55003-96-8","KTDHXHZTHVKJGC-UHFFFAOYSA-N","C20H10F26O4",808.01639252,"O=C(C=CC(=O)OCCC(F)(F)C(F)(F)C(F)(F)C(F)(F)C(F)(F)C(F)(F)F)OCCC(F)(F)C(F)(F)C(F)(F)C(F)(F)C(F)(F)C(F)(F)F"
"",NA,"KTDPKMBOTZPWIX-UHFFFAOYSA-N","C18H25F13O6",584.14435538,"OCCOCCOCCOCCOCCOCCC(F)(F)C(F)(F)C(F)(F)C(F)(F)C(F)(F)C(F)(F)F"
"DTXSID40880949","CAS_RN: 70259-85-7","UTWCWKUZICRKOA-UHFFFAOYSA-N","C4H2F8O3S",281.959690684,"O=S(=O)(O)C(F)(F)C(F)(F)C(F)(F)C(F)F"
"DTXSID60164839","CAS_RN: 15166-00-4","KTPONRIHDUNNPD-UHFFFAOYSA-N","C15H9F19O2",582.029915708,"C=C(C)C(=O)OCCC(F)(F)C(F)(F)C(F)(F)C(F)(F)C(F)(F)C(F)(F)C(F)(C(F)(F)F)C(F)(F)F"
"DTXSID60880143","CAS_RN: 661-95-0","KTULQNFKNLFOHL-UHFFFAOYSA-N","C3Br2F6",307.82709352,"FC(F)(F)C(F)(Br)C(F)(F)Br"
"DTXSID40895977","CAS_RN: 31181-32-5","KTWWOKUHHOQWQT-UHFFFAOYSA-N","C13H6F7NO",325.033761352,"O=Cc1nccc2c(C(F)(F)C(F)(F)C(F)(F)F)cccc12"
"DTXSID20880528","CAS_RN: 63295-27-2","KUDKLDDNJRWOJT-UHFFFAOYSA-N","C14H8F23O5P",723.974209046,"O=P(O)(O)OCC(O)CC(F)(F)C(F)(F)C(F)(F)C(F)(F)C(F)(F)C(F)(F)C(F)(F)C(F)(F)C(F)(C(F)(F)F)C(F)(F)F"
"DTXSID90896292","CAS_RN: 58671-32-2","KUGJPYIIQHQEJQ-UAKXSSHOSA-N","C15H11F13N2O6",562.040952932,"O=c1[nH]c(=O)n([C@@H]2O[C@H](CO)[C@@H](O)[C@H]2O)cc1C(F)(F)C(F)(F)C(F)(F)C(F)(F)C(F)(F)C(F)(F)F"
"DTXSID10880416","CAS_RN: 38565-54-7","KVLHRMQNRDJRKW-UHFFFAOYSA-N","C13H5F21O",576.0005074,"FC(F)(F)C(F)(F)C(F)(F)C(F)(F)C(F)(F)C(F)(F)C(F)(F)C(F)(F)C(F)(F)C(F)(F)CC1CO1"
"DTXSID00371287","CAS_RN: 128454-94-4","KVLSPRHWDKLGCE-UHFFFAOYSA-N","C8H2BrF13",423.913229024,"FC(F)(F)C(F)(F)C(F)(F)C(C=CBr)(C(F)(F)F)C(F)(F)F"
"DTXSID60896305","CAS_RN: 883882-12-0","KVLZYXPNBHIUMY-UHFFFAOYSA-N","C5F9I",357.89010198,"FC(I)=C(F)C(F)(C(F)(F)F)C(F)(F)F"
"DTXSID60896305","CAS_RN: 167026-90-6","KVLZYXPNBHIUMY-UHFFFAOYSA-N","C5F9I",357.89010198,"FC(I)=C(F)C(F)(C(F)(F)F)C(F)(F)F"
"DTXSID60896305","CAS_RN: 105774-97-8","KVLZYXPNBHIUMY-UHFFFAOYSA-N","C5F9I",357.89010198,"FC(I)=C(F)C(F)(C(F)(F)F)C(F)(F)F"
"",NA,"KVQPTMRJUGXQHT-UHFFFAOYSA-N","C3HF7O4S",265.948377052,"O=S(=O)(O)C(F)(F)C(F)(F)OC(F)(F)F"
"DTXSID3040148","CAS_RN: 67906-42-7","HYWZIAVPBSTISZ-UHFFFAOYSA-N","C10HF21O3S",599.931107512,"O=S(=O)(O)C(F)(F)C(F)(F)C(F)(F)C(F)(F)C(F)(F)C(F)(F)C(F)(F)C(F)(F)C(F)(F)C(F)(F)F"
"","CAS_RN: 68954-01-8","KVXVLCBFSKMBAR-UHFFFAOYSA-N","C28H33Cl3F6O11",764.099264236,"CCCC(F)(F)C(F)(F)C(F)(F)CCCOC(CCl)COC(=O)c1cc(C(=O)O)c(C(=O)OCC(O)CCl)cc1C(=O)OCC(O)CCl"
"DTXSID70613686","CAS_RN: 53104-06-6","KWBCPLOUPVMESF-UHFFFAOYSA-N","C9H4BrF7",323.938459768,"FC(F)(F)C(F)(F)C(F)(F)c1cccc(Br)c1"
"DTXSID60382354","CAS_RN: 146090-84-8","KWEUJTRPCBXYLS-UHFFFAOYSA-N","C18H19F21O3Si",710.076813618,"CCO[Si](CCC(F)(F)C(F)(F)C(F)(F)C(F)(F)C(F)(F)C(F)(F)C(F)(F)C(F)(F)C(F)(F)C(F)(F)F)(OCC)OCC"
"DTXSID10895323","CAS_RN: 641617-25-6","KWEXQPFKOSBNKY-UHFFFAOYSA-N","C12H3F22I",691.892818936,"FC(F)(F)C(F)(F)CC(I)C(F)(F)C(F)(F)C(F)(F)C(F)(F)C(F)(F)C(F)(F)C(F)(F)C(F)(F)F"
"","CAS_RN: 170778-67-3","ZYBIBESAGOMJGV-UHFFFAOYSA-O","C22H20F17N2O2",667.12533262,"C[N+](C)(C)CCCNC(=O)c1ccc(OC(=C(C(F)(C(F)(F)F)C(F)(F)F)C(F)(C(F)(F)F)C(F)(F)F)C(F)(F)F)cc1"
"DTXSID2065969","CAS_RN: 3658-62-6","WIXVASFEKZIRFM-UHFFFAOYSA-N","C9HF17O2",463.970509012,"O=C(O)C(F)(F)C(F)(F)C(F)(F)C(F)(F)C(F)(F)C(F)(C(F)(F)F)C(F)(F)F"
"DTXSID0060147","CAS_RN: 507-63-1","KWXGJTSJUKTDQU-UHFFFAOYSA-N","C8F17I",545.87732774,"FC(F)(F)C(F)(F)C(F)(F)C(F)(F)C(F)(F)C(F)(F)C(F)(F)C(F)(F)I"
"DTXSID80229474","CAS_RN: 94291-77-7","HWYXDLNPCZITLD-UHFFFAOYSA-N","C22H9F38O4P",1089.963167758,"O=P(O)(OCCC(F)(F)C(F)(F)C(F)(F)C(F)(F)C(F)(F)C(F)(F)C(F)(C(F)(F)F)C(F)(F)F)OCCC(F)(F)C(F)(F)C(F)(F)C(F)(F)C(F)(F)C(F)(F)C(F)(C(F)(F)F)C(F)(F)F"
"DTXSID60895994","CAS_RN: 313535-73-8","KXCGGDSYTXMIML-UHFFFAOYSA-N","C7H6F9NO2",307.025482412,"O=C(NCCO)C(F)(F)C(F)(F)C(F)(F)C(F)(F)F"
"DTXSID70730605","CAS_RN: 922523-99-7","KXJJEMYFZPHHRL-UHFFFAOYSA-N","C9H6F13I",487.930665052,"FC(F)(F)C(I)CC(CC(F)(C(F)(F)F)C(F)(F)F)C(F)(F)F"
"DTXSID30896059","CAS_RN: 100664-15-1","KXKGSRABVIHXEF-UHFFFAOYSA-N","C15H10F15O4P",570.00771873,"O=P(OCC(F)(F)F)(OCC(F)(F)F)OC(c1ccccc1)C(F)(F)C(F)(F)C(F)(F)C(F)(F)F"
"DTXSID30895446","CAS_RN: 93454-69-4","KXNZHYYOSMZKIM-UHFFFAOYSA-N","C20H16F25I",857.989754012,"CCCCCCC(I)CC(F)(F)C(F)(F)C(F)(F)C(F)(F)C(F)(F)C(F)(F)C(F)(F)C(F)(F)C(F)(F)C(F)(F)C(F)(F)C(F)(F)F"
"DTXSID10896759","CAS_RN: 904037-24-7","KXQOFJJFAGOINP-UHFFFAOYSA-N","C6H3F11O2",315.995739756,"OC(O)C(F)(F)C(F)(F)C(F)(F)C(F)(F)C(F)(F)F"
"DTXSID50238598","CAS_RN: 915-76-4","KXQUYHRRCVECPV-UHFFFAOYSA-N","C12F21N3",584.97568962,"FC(F)(F)C(F)(F)C(F)(F)c1nc(C(F)(F)C(F)(F)C(F)(F)F)nc(C(F)(F)C(F)(F)C(F)(F)F)n1"
"DTXSID60895570","CAS_RN: 54336-60-6","KXSPGFSJWMIFOC-UHFFFAOYSA-N","C9H7F13O2",394.023846324,"OCCOCC(F)(F)C(F)(F)C(F)(F)C(F)(F)C(F)(F)C(F)(F)F"
"","CAS_RN: 38832-94-9","PEWOESYEGLBLNR-UHFFFAOYSA-N","C14H15F7O2",348.09602726,"CC12CCC(C(C(=O)C(F)(F)C(F)(F)C(F)(F)F)C1=O)C2(C)C"
"DTXSID80897016","CAS_RN: 92737-03-6","KXUZRJPEPYHDCB-UHFFFAOYSA-N","C11H6ClF9O",359.996346472,"OC(CCl)(c1ccc(F)cc1F)C(F)(F)C(F)(F)C(F)(F)F"
"DTXSID00897013","CAS_RN: 1887067-55-1","KYIISKPQNCJEAU-UHFFFAOYSA-N","C18H12F27O4P",836.004207434,"O=P(OCCC(F)(F)C(F)(F)C(F)(F)C(F)(F)F)(OCCC(F)(F)C(F)(F)C(F)(F)C(F)(F)F)OCCC(F)(F)C(F)(F)C(F)(F)C(F)(F)F"
"DTXSID10895388","CAS_RN: 51249-65-1","KYXQAESZJQBCRU-UHFFFAOYSA-N","C10H2BrF17",523.906841904,"C=C(Br)C(F)(F)C(F)(F)C(F)(F)C(F)(F)C(F)(F)C(F)(F)C(F)(F)C(F)(F)F"
"DTXSID50276475","CAS_RN: 18323-96-1","GCTMXWUUEYFTEL-UHFFFAOYSA-N","C10H11F7O2",296.064727132,"CC(C)(C)C(O)=CC(=O)C(F)(F)C(F)(F)C(F)(F)F"
"DTXSID3031864","CAS_RN: 91036-71-4","YFSUTJLHUFNCNZ-UHFFFAOYSA-N","C8HF17O3S",499.937494632,"O=S(=O)(O)C(F)(F)C(F)(F)C(F)(F)C(F)(F)C(F)(F)C(F)(F)C(F)(F)C(F)(F)F"
"DTXSID60880426","CAS_RN: 39847-39-7","KZJUHXVCAHXJLR-UHFFFAOYSA-N","C8HF18NO4S2",580.905957472,"O=S(=O)(NS(=O)(=O)C(F)(F)C(F)(F)C(F)(F)C(F)(F)F)C(F)(F)C(F)(F)C(F)(F)C(F)(F)F"
"DTXSID20895935","CAS_RN: 93704-25-7","KZKAFTRHTVZIGR-UHFFFAOYSA-N","C17H21F15O6",606.109861692,"OCCOCCOCCOCCOCCOC(F)(F)C(F)(F)C(F)(F)C(F)(F)C(F)(F)C(F)(F)C(F)(F)F"
"DTXSID40379808","CAS_RN: 172155-07-6","KZUSAXRVIONPJU-UHFFFAOYSA-N","C10HF19O2",513.967315452,"O=C(O)C(F)(F)C(F)(C(F)(F)F)C(F)(F)C(F)(F)C(F)(F)C(F)(C(F)(F)F)C(F)(F)F"
"DTXSID90436415","CAS_RN: 464-14-2","KZWJWYFPLXRYIL-UHFFFAOYSA-N","C2H2F4O3S",181.966077804,"O=S(=O)(O)C(F)(F)C(F)F"
"","CAS_RN: 1003194-00-0","LAAXCIZXZCKWFF-UHFFFAOYSA-N","C9H4F15NO4S",506.962151908,"O=C(O)CNS(=O)(=O)C(F)(F)C(F)(F)C(F)(F)C(F)(F)C(F)(F)C(F)(F)C(F)(F)F"
"",NA,"LAETYYBCEXXABA-UHFFFAOYSA-O","C16H17F17NO2",578.098783524,"C[N+](C)(CCCCC(F)(F)C(F)(F)C(F)(F)C(F)(F)C(F)(F)C(F)(F)C(F)(F)C(F)(F)F)CC(=O)O"
"DTXSID00895438","CAS_RN: 63391-84-4","LAFIDLOOPJPAPN-UHFFFAOYSA-N","C8H7F9O",290.035318824,"C=COCCC(F)(F)C(F)(F)C(F)(F)C(F)(F)F"
"DTXSID3059971","CAS_RN: 422-85-5","LANNRYWUUQMNPF-UHFFFAOYSA-N","C3BrF7",247.90715964,"FC(F)(F)C(F)(F)C(F)(F)Br"
"DTXSID20730539","CAS_RN: 922524-02-5","LASSFECWGDYERA-UHFFFAOYSA-N","C9H3F16I",541.902399616,"FC(F)(F)C(I)CC(F)(F)C(F)(F)C(F)(F)C(F)(F)C(F)(F)C(F)(F)F"
"DTXSID30611522","CAS_RN: 559-92-2","LAXSGZOZXFTLFG-UHFFFAOYSA-N","C11H7F7O",288.038512384,"Cc1ccc(C(=O)C(F)(F)C(F)(F)C(F)(F)F)cc1"
"DTXSID8059920","CAS_RN: 60270-55-5","OYGQVDSRYXATEL-UHFFFAOYSA-N","C7HF15O3S",449.940688192,"O=S(=O)(O)C(F)(F)C(F)(F)C(F)(F)C(F)(F)C(F)(F)C(F)(F)C(F)(F)F"
"DTXSID10892594","CAS_RN: 1513864-19-1","LBARVAMNZJYCAW-UHFFFAOYSA-N","C16H19F17NO2S",612.086504588,"C[N+](C)(C)CC(O)CS(=O)CCC(F)(F)C(F)(F)C(F)(F)C(F)(F)C(F)(F)C(F)(F)C(F)(F)C(F)(F)F"
"",NA,"LBBDEVCVAXFCPU-UHFFFAOYSA-N","C38H65F13O16",1024.40650286,"OCCOCCOCCOCCOCCOCCOCCOCCOCCOCCOCCOCCOCCOCCOCCOCCC(F)(F)C(F)(F)C(F)(F)C(F)(F)C(F)(F)C(F)(F)F"
"DTXSID10895989","CAS_RN: 610778-27-3","LBMZHXLUTIBSLQ-UHFFFAOYSA-N","C11H6BrF9O",403.945830892,"COc1ccc(Br)cc1C(F)(F)C(F)(F)C(F)(F)C(F)(F)F"
"DTXSID30895603","CAS_RN: 1464148-71-7","LBOAVJIKQMPRPT-UHFFFAOYSA-N","C12H14F9I",455.999652428,"FC(F)(F)C(F)(F)C(F)(F)C(F)(F)CC(I)C1CCCCC1"
"",NA,"LBSPBWFYGOFCIQ-UHFFFAOYSA-O","C15H22F11N2O4S",535.112463604,"CCN(CCC[N+](C)(C)CCC(=O)O)S(=O)(=O)C(F)(F)C(F)(F)C(F)(F)C(F)(F)C(F)(F)F"
"DTXSID70895602","CAS_RN: 1151525-71-1","LBVDHZOJOFOXJM-UHFFFAOYSA-N","C28H31F25",842.202656492,"CCCCCCCCCCCCCCC=CC(F)(F)C(F)(F)C(F)(F)C(F)(F)C(F)(F)C(F)(F)C(F)(F)C(F)(F)C(F)(F)C(F)(F)C(F)(F)C(F)(F)F"
"","CAS_RN: 3658-57-9","LBWRYZYPHNSXRY-UHFFFAOYSA-N","C9HClF16O2",479.940958472,"O=C(O)C(F)(F)C(F)(F)C(F)(F)C(F)(F)C(F)(F)C(F)(C(F)(F)F)C(F)(F)Cl"
"DTXSID20858545","CAS_RN: 165325-62-2","LCACBPBFZQHXSG-UHFFFAOYSA-N","C24H12F39O4P",1135.985046074,"O=P(OCCC(F)(F)C(F)(F)C(F)(F)C(F)(F)C(F)(F)C(F)(F)F)(OCCC(F)(F)C(F)(F)C(F)(F)C(F)(F)C(F)(F)C(F)(F)F)OCCC(F)(F)C(F)(F)C(F)(F)C(F)(F)C(F)(F)C(F)(F)F"
"DTXSID20672905","CAS_RN: 25385-68-6","LCNPYINHENVWOH-UHFFFAOYSA-N","C6H10F4O3",206.05660706,"OCC(O)COCC(F)(F)C(F)F"
"DTXSID50896112","CAS_RN: 1417316-15-4","LCROMADRNFAIKT-RXMQYKEDSA-N","C9H13F9N2O2S",384.055402636,"CC(C)[C@H](N)CNS(=O)(=O)C(F)(F)C(F)(F)C(F)(F)C(F)(F)F"
"DTXSID30893386","CAS_RN: 369371-47-1","LCVLVWQPMRAJQW-UHFFFAOYSA-N","C6F12O3",347.9655825,"FC(F)=C(F)OC(F)(F)OC(F)(F)C(F)(F)OC(F)(F)F"
"DTXSID90895700","CAS_RN: 153910-97-5","LDDFFTABVBIVFM-UHFFFAOYSA-N","C11H7F9O",326.035318824,"COc1ccccc1C(F)(F)C(F)(F)C(F)(F)C(F)(F)F"
"DTXSID3067574","CAS_RN: 30769-91-6","LDEYRMSHMYWNMA-UHFFFAOYSA-N","C13H9F15OS",498.013459208,"C=C(C)C(=O)SCCC(F)(F)C(F)(F)C(F)(F)C(F)(F)C(F)(C(F)(F)F)C(F)(F)F"
"DTXSID50896435","CAS_RN: 97220-62-7","LDLRRXSIVVBDSG-UHFFFAOYSA-N","C17H5F17O5",611.986553,"O=C(O)c1cc(OC(=C(C(F)(C(F)(F)F)C(F)(F)F)C(F)(C(F)(F)F)C(F)(F)F)C(F)(F)F)cc(C(=O)O)c1"
"DTXSID40895270","CAS_RN: 155401-47-1","LDUXQPXCIDUCDA-UHFFFAOYSA-N","C17H22BrF13",552.069729664,"FC(F)(F)C(F)(F)C(F)(F)C(F)(F)C(F)(F)C(F)(F)CCCCCCCCCCCBr"
"","CAS_RN: 215094-37-4","LDVSGKIVBVZGFK-UKOYYRADSA-N","C27H37F7O2",526.268177964,"CC(CCCC(F)(C(F)(F)F)C(F)(F)F)[C@H]1CC[C@H]2[C@@H]3C(=O)C=C4C[C@@H](O)CC[C@]4(C)[C@H]3CC[C@]12C"
"DTXSID80896524","CAS_RN: 60308-67-0","LEBNQGASTHOFJF-UHFFFAOYSA-N","C9H2F17NO3",494.976322664,"NC(=O)C(F)(OC(F)(F)C(F)(OC(F)(F)C(F)(F)C(F)(F)F)C(F)(F)F)C(F)(F)F"
"DTXSID40380272","CAS_RN: 59665-24-6","LEHFCMSFGKMRKH-UHFFFAOYSA-N","C6H2Br3F9",481.756290344,"FC(F)(F)C(F)(F)C(F)(F)C(F)(F)C(Br)(Br)CBr"
"DTXSID5059878","CAS_RN: 355-50-0","LEILRZKFWLKYCT-UHFFFAOYSA-N","C16F33I",945.85177926,"FC(F)(F)C(F)(F)C(F)(F)C(F)(F)C(F)(F)C(F)(F)C(F)(F)C(F)(F)C(F)(F)C(F)(F)C(F)(F)C(F)(F)C(F)(F)C(F)(F)C(F)(F)C(F)(F)I"
"DTXSID5067394","CAS_RN: 28506-33-4","LELPCBUDRUDINH-UHFFFAOYSA-N","C15H9F19OS",598.007072088,"C=C(C)C(=O)SCCC(F)(F)C(F)(F)C(F)(F)C(F)(F)C(F)(F)C(F)(F)C(F)(C(F)(F)F)C(F)(F)F"
"DTXSID70897580","CAS_RN: 59493-71-9","LENDGRWTJNFJQE-UHFFFAOYSA-O","C22H22F17N2O2",669.140982684,"C[N+](C)(C)CCCNC(=O)c1ccc(OC(F)(F)C(F)(F)C(F)(F)C(F)(F)C(F)(F)C(F)(F)C(F)(F)CC(F)(F)F)cc1"
"DTXSID40896545","CAS_RN: 137506-19-5","LENQWYBQXKARDJ-UHFFFAOYSA-N","C11H6F17NO4",539.002537412,"O=C(NCCO)C(F)(OC(F)(F)C(F)(OC(F)(F)C(F)(F)C(F)(F)F)C(F)(F)F)C(F)(F)F"
"",NA,"LEPYLBONWYXBOI-UHFFFAOYSA-N","C12H18F11N2O3S",479.086248856,"C[N+](C)(CCO)CCCNS(=O)(=O)C(F)(F)C(F)(F)C(F)(F)C(F)(F)C(F)(F)F"
"DTXSID20896402","CAS_RN: 1419865-30-7","LERGYWUZPMSASV-UHFFFAOYSA-N","C11F12O",375.97575326,"O=C1c2c(F)c(F)c(F)c(F)c2C1(F)C(F)(C(F)(F)F)C(F)(F)F"
"DTXSID70560929","CAS_RN: 128032-23-5","LETXBCZWFVRELS-UHFFFAOYSA-N","C10H3F13S",401.974787956,"FC(F)(F)C(F)(F)C(F)(F)C(F)(F)C(F)(F)C(F)(F)c1ccsc1"
"DTXSID10896532","CAS_RN: 147224-19-9","LEVIEIRQHLCBDF-UHFFFAOYSA-N","C13H7F11O3",420.021954504,"O=C(OCc1ccccc1)C(F)(OC(F)(F)C(F)(F)C(F)(F)F)C(F)(F)F"
"DTXSID90896570","CAS_RN: 1882109-60-5","LEVVSRBRUBTUPV-UHFFFAOYSA-N","C8HF15O2",413.973702572,"O=C(O)C(F)(C(F)(F)C(F)(F)F)C(C(F)(F)F)(C(F)(F)F)C(F)(F)F"
"DTXSID1064083","CAS_RN: 6014-75-1","LFEGLDRNIDJMKB-UHFFFAOYSA-N","C18H9F25O2",732.020335028,"C=C(C)C(=O)OCCC(F)(F)C(F)(F)C(F)(F)C(F)(F)C(F)(F)C(F)(F)C(F)(F)C(F)(F)C(F)(F)C(F)(F)C(F)(F)C(F)(F)F"
"",NA,"LFJGBBBVTPKGLE-UHFFFAOYSA-N","C11HF21O",547.969207272,"OC(F)(F)C(F)(F)C(F)(F)C(F)(F)C(F)(F)C(F)(F)C(F)(F)C(F)(F)C(F)=C(F)C(F)(F)F"
"DTXSID70179772","CAS_RN: 25080-18-6","LFJNSTDXWXWXRL-UHFFFAOYSA-N","C9F19IO",611.8690488,"FC(F)(F)C(F)(OC(F)(F)C(F)(F)C(F)(F)C(F)(F)C(F)(F)C(F)(F)I)C(F)(F)F"
"",NA,"LFJTYWKMKDHSSW-UHFFFAOYSA-N","C4HF7O4S",277.948377052,"O=C(F)C(F)(F)C(F)(F)C(F)(F)S(=O)(=O)O"
"","CAS_RN: 68891-98-5","LFKPHGCGHJUPOU-UHFFFAOYSA-I","C16H28Cl4Cr2F13NO9S",900.8841447,NA
"DTXSID50504109","CAS_RN: 754-85-8","LFMZSQGESVNRLL-UHFFFAOYSA-N","C9H3F15O",411.994438016,"CC(=O)C(F)(F)C(F)(F)C(F)(F)C(F)(F)C(F)(F)C(F)(F)C(F)(F)F"
"DTXSID90895189","CAS_RN: 2707-72-4","LGAFWMLLIBBCRX-UHFFFAOYSA-N","C8H9F7",238.059247828,"CCCC=CC(F)(F)C(F)(F)C(F)(F)F"
"DTXSID70477447","CAS_RN: 87375-53-9","LGAZGMJSVLHBEF-UHFFFAOYSA-N","C8F16O",415.96936614,"FC(F)(F)C(F)(F)C(F)(F)C(F)(F)C(F)(F)C(F)(F)C1(F)OC1(F)F"
"DTXSID60188994","CAS_RN: 355-24-8","LGBGVSJBKFDYKH-UHFFFAOYSA-N","C4Cl2F8",269.92493112,"FC(F)(Cl)C(F)(F)C(F)(F)C(F)(F)Cl"
"DTXSID70896235","CAS_RN: 316826-59-2","LGEFNMHGQQWZJQ-UHFFFAOYSA-N","C12H11F9N2O4S2",482.001652812,"NS(=O)(=O)c1ccc(CCNS(=O)(=O)C(F)(F)C(F)(F)C(F)(F)C(F)(F)F)cc1"
"DTXSID80895931","CAS_RN: 117516-21-9","LGEGUXDEXZWMAL-UHFFFAOYSA-N","C10H5F13O3",420.00311088,"CCOC(=O)C(=O)C(F)(F)C(F)(F)C(F)(F)C(F)(F)C(F)(F)C(F)(F)F"
"",NA,"LGHFBKYMMQYVND-UHFFFAOYSA-O","C17H24F15N2O6S2",701.083626788,"C[N+](C)(CCO)CCCN(CCCS(=O)(=O)O)S(=O)(=O)C(F)(F)C(F)(F)C(F)(F)C(F)(F)C(F)(F)C(F)(F)C(F)(F)F"
"DTXSID00892442","CAS_RN: 165951-19-9","OIVQVBDAMYDDEM-UHFFFAOYSA-N","C9HF17O4",495.960338252,"O=C(O)C(F)(OC(F)(F)C(F)(OC(F)(F)C(F)(F)C(F)(F)F)C(F)(F)F)C(F)(F)F"
"","CAS_RN: 94133-90-1","LGLNTFXAUMMBJX-MRVPVSSYSA-N","C16H19F17N2O6S2",722.041308068,"CN(C)CCCN(C[C@@H](O)CS(=O)(=O)O)S(=O)(=O)C(F)(F)C(F)(F)C(F)(F)C(F)(F)C(F)(F)C(F)(F)C(F)(F)C(F)(F)F"
"DTXSID10867560","CAS_RN: 793624-88-1","LGLNTFXAUMMBJX-UHFFFAOYSA-N","C16H19F17N2O6S2",722.041308068,"CN(C)CCCN(CC(O)CS(=O)(=O)O)S(=O)(=O)C(F)(F)C(F)(F)C(F)(F)C(F)(F)C(F)(F)C(F)(F)C(F)(F)C(F)(F)F"
"DTXSID4060991","CAS_RN: 685-63-2","LGPPATCNSOSOQH-UHFFFAOYSA-N","C4F6",161.99041932,"FC(F)=C(F)C(F)=C(F)F"
"DTXSID60852340","CAS_RN: 58510-75-1","LGUFKWJTKTVTLU-UHFFFAOYSA-N","C12H7F9O3S",401.997219064,"O=C(CS(=O)(=O)C(F)(F)C(F)(F)C(F)(F)C(F)(F)F)c1ccccc1"
"DTXSID8052019","CAS_RN: 335-57-9","LGUZHRODIJCVOC-UHFFFAOYSA-N","C7F16",387.97445152,"FC(F)(F)C(F)(F)C(F)(F)C(F)(F)C(F)(F)C(F)(F)C(F)(F)F"
"",NA,"LHKVOTPYHHRKSY-UHFFFAOYSA-N","C24H38F13NO10S",779.200884276,"CCN(CCOCCOCCOCCOCCOCCOCCOCCO)S(=O)(=O)C(F)(F)C(F)(F)C(F)(F)C(F)(F)C(F)(F)C(F)(F)F"
"DTXSID00896364","CAS_RN: 134330-91-9","LHQQPWDNJJTKPI-UHFFFAOYSA-N","C9F16O",427.96936614,"O=C(C(F)=C(F)C(F)(C(F)(F)F)C(F)(F)F)C(F)(C(F)(F)F)C(F)(F)F"
"DTXSID00896364","CAS_RN: 235772-91-5","LHQQPWDNJJTKPI-UHFFFAOYSA-N","C9F16O",427.96936614,"O=C(C(F)=C(F)C(F)(C(F)(F)F)C(F)(F)F)C(F)(C(F)(F)F)C(F)(F)F"
"DTXSID00896364","CAS_RN: 134330-95-3","LHQQPWDNJJTKPI-UHFFFAOYSA-N","C9F16O",427.96936614,"O=C(C(F)=C(F)C(F)(C(F)(F)F)C(F)(F)F)C(F)(C(F)(F)F)C(F)(F)F"
"",NA,"LIDJEVBUWGYUHC-UHFFFAOYSA-O","C13H22F7N2O8S2",531.070580204,"C[N+](C)(CCCN(CC(=O)O)S(=O)(=O)C(F)(F)C(F)(F)C(F)(F)F)CC(O)CS(=O)(=O)O"
"","CAS_RN: 93894-56-5","LIDOVKZSCIIYGP-UHFFFAOYSA-N","C8H2F17NO2S",498.953479044,"NS(=O)(=O)C(F)(F)C(F)(F)C(F)(F)C(F)(F)C(F)(F)C(F)(C(F)(F)F)C(F)(F)F"
"",NA,"LINGYYNETDERQG-UHFFFAOYSA-N","C6HF13O4S",415.938796372,"O=S(=O)(O)C(F)(F)C(F)(F)C(F)(F)C(F)(F)OC(F)(F)C(F)(F)F"
"DTXSID20880563","CAS_RN: 66396-73-4","LIXQMBUPLJAAOE-UHFFFAOYSA-N","C7H6F8O",258.029090572,"C=COCC(F)(F)C(F)(F)C(F)(F)C(F)F"
"DTXSID50895463","CAS_RN: 145327-73-7","LJBIKALQNZIBRR-UHFFFAOYSA-N","C8H11F7S2",304.019039892,"CCSC(SCC)C(F)(F)C(F)(F)C(F)(F)F"
"",NA,"LJFRFDSGCOTYNZ-UHFFFAOYSA-N","C17HF33O3",879.939875152,"O=C(O)C(F)(F)C(F)(F)C(F)(F)C(F)(F)C(F)(F)C(F)(F)C(F)(F)C(F)(F)C(F)(F)C(F)(F)C(F)(F)C(F)(F)C(F)(F)C(F)(F)C(F)(F)OC(F)(F)F"
"","CAS_RN: 83706-95-0","LJGTZTYTTFGFAE-UHFFFAOYSA-N","C6H5F7O",226.02286232,"OCC=CC(F)(C(F)(F)F)C(F)(F)F"
"","CAS_RN: 83706-99-4","LJGTZTYTTFGFAE-UHFFFAOYSA-N","C6H5F7O",226.02286232,"OCC=CC(F)(C(F)(F)F)C(F)(F)F"
"",NA,"LJJSIOCEXBIIPP-UHFFFAOYSA-N","C11H17F7N2O4S",406.079725564,"CN(C)CCCN(CCC(=O)O)S(=O)(=O)C(F)(F)C(F)(F)C(F)(F)F"
"","CAS_RN: 167398-54-1","LJJUSVBJKZXMCP-UHFFFAOYSA-N","C9H6F15NO3S",492.982887352,"O=S(=O)(NCCO)C(F)(F)C(F)(F)C(F)(F)C(F)(F)C(F)(F)C(F)(F)C(F)(F)F"
"",NA,"LJOPBCYYNFOVFB-UHFFFAOYSA-N","C9H9F9O2S",352.017954508,"O=C(O)CCSCCC(F)(F)C(F)(F)C(F)(F)C(F)(F)F"
"DTXSID10896395","CAS_RN: 1355554-05-0","LJQYAZUPTSCPSX-UHFFFAOYSA-N","C14H13F7O2S",378.052448196,"Cc1c(C(=O)O)ccc(C(F)(C(F)(F)F)C(F)(F)F)c1SC(C)C"
"DTXSID20326739","CAS_RN: 69481-44-3","LJUFPWCKMGTCMC-UHFFFAOYSA-N","C11H5F7O2",302.01777694,"O=C(C(=O)C(F)(F)C(F)(F)C(F)(F)F)c1ccccc1"
"DTXSID90663108","CAS_RN: 32347-41-4","LJUULLNFNNTPAJ-UHFFFAOYSA-N","C10HF19O3",529.962230072,"O=C(O)C(F)(F)C(F)(F)C(F)(F)C(F)(F)C(F)(F)C(F)(F)OC(F)(C(F)(F)F)C(F)(F)F"
"",NA,"LKAALQCVMWYDMN-UHFFFAOYSA-O","C18H16F21N2O3",707.082559992,"C[N+](C)(CCCNC(=O)C(F)(F)C(F)(F)C(F)(F)C(F)(F)C(F)(F)C(F)(F)C(F)(F)C(F)(F)C(F)(F)C(F)(F)F)CC(=O)O"
"DTXSID00895397","CAS_RN: 40735-25-9","LKBRVJJAQWSEDF-UHFFFAOYSA-N","C15H12F18I2",787.874104344,"FC(F)(F)C(F)(F)C(F)(F)C(F)(F)CC(I)CCCC(I)CC(F)(F)C(F)(F)C(F)(F)C(F)(F)F"
"DTXSID30880231","CAS_RN: 20109-59-5","LKGSCUOIQGNNEK-UHFFFAOYSA-M","C7F13NaO2",385.95884038,"O=C([O][Na])C(F)(F)C(F)(F)C(F)(F)C(F)(F)C(F)(F)C(F)(F)F"
"DTXSID40897577","CAS_RN: 97331-50-5","LKKFNVRPVRAJCV-UHFFFAOYSA-N","C33H42F8N2O4",682.301683584,"CCC(C)(C)c1ccc(OCCCCCC(=O)Nc2ccc(NC(=O)C(F)(F)C(F)(F)C(F)C(F)(F)F)c(O)c2)c(C(C)(C)CC)c1"
"DTXSID0073900","CAS_RN: 377-36-6","LKLFXAVIFCLZQS-UHFFFAOYSA-N","C4H2F8",202.002875824,"FC(F)C(F)(F)C(F)(F)C(F)F"
"DTXSID70896371","CAS_RN: 1433216-34-2","LKNFUJGDOAXRHW-UHFFFAOYSA-N","C9H4F7N3",287.029344668,"FC(F)(F)C(F)(c1ccc2nn[nH]c2c1)C(F)(F)F"
"DTXSID40660107","CAS_RN: 3830-74-8","NYIFVLKUMGMTPW-UHFFFAOYSA-N","C42H26F64N3O6P3",1977.001251522,"FC(F)CCCCC(F)(F)COP1(OCC(F)(F)C(F)(F)C(F)(F)C(F)(F)C(F)(F)C(F)F)=NP(OCC(F)(F)C(F)(F)C(F)(F)C(F)(F)C(F)(F)C(F)F)(OCC(F)(F)C(F)(F)C(F)(F)C(F)(F)C(F)(F)C(F)F)=NP(OCC(F)(F)C(F)(F)C(F)(F)C(F)(F)C(F)(F)C(F)F)(OCC(F)(F)C(F)(F)C(F)(F)C(F)(F)C(F)(F)C(F)F)=N1"
"DTXSID40896525","CAS_RN: 129051-93-0","LLNVBLQWKUBBSO-UHFFFAOYSA-N","C13H8F10O2",386.036461696,"C=Cc1cccc(OC(F)(F)C(F)OC(F)(F)C(F)(F)C(F)(F)F)c1"
"DTXSID60897473","CAS_RN: 864149-62-2","LLSBOJTWEURFBT-PHDIDXHHSA-N","C22H12F30N2O2",906.041974224,"O=C(N[C@@H]1CCCC[C@H]1NC(=O)C(F)(F)C(F)(F)C(F)(F)C(F)(F)C(F)(F)C(F)(F)C(F)(F)F)C(F)(F)C(F)(F)C(F)(F)C(F)(F)C(F)(F)C(F)(F)C(F)(F)F"
"","CAS_RN: 867373-18-0","XFLDWYFMDWBMLB-UHFFFAOYSA-N","C13H16NS",218.100345512,"Cn1cc([S+]2CCCC2)c2ccccc21"
"DTXSID40895437","CAS_RN: 766529-12-8","LMHKETIJEOERBE-UHFFFAOYSA-N","C30H41F21",800.287293932,"CCCCCCCCCCCCCCCCCCCCC(F)(F)C(F)(F)C(F)(F)C(F)(F)C(F)(F)C(F)(F)C(F)(F)C(F)(F)C(F)(F)C(F)(F)F"
"DTXSID70895501","CAS_RN: 53638-12-3","LMJIUSRWSARGTG-UHFFFAOYSA-N","C18H3F34I",991.873657576,"FC(F)(F)C(F)(F)C(F)(F)C(F)(F)C(F)(F)C(F)(F)C(F)(F)C(F)(F)CC(I)C(F)(F)C(F)(F)C(F)(F)C(F)(F)C(F)(F)C(F)(F)C(F)(F)C(F)(F)F"
"DTXSID00896581","CAS_RN: 1882109-71-8","LMMJTWPCVVCSMX-UHFFFAOYSA-N","C8HF15O2",413.973702572,"O=C(O)C(F)(C(F)(F)F)C(C(F)(F)F)(C(F)(F)F)C(F)(F)C(F)(F)F"
"DTXSID50897487","CAS_RN: 148192-46-5","LMMKESTXRCLSNQ-UHFFFAOYSA-N","C29H25F7NO2P",583.15111321,"O=C(C(C(=O)C(F)(F)C(F)(F)C(F)(F)F)=P(c1ccccc1)(c1ccccc1)c1ccccc1)N1CCCCC1"
"DTXSID90371231","CAS_RN: 22528-67-2","LMULIUNHVQIBGA-UHFFFAOYSA-N","C6BrF13",397.89757896,"FC(F)(F)C(F)(F)C(F)(F)C(Br)(C(F)(F)F)C(F)(F)F"
"DTXSID3062027","CAS_RN: 1869-77-8","LMUUXHHNCDERBQ-UHFFFAOYSA-N","C14H12F17NO4S",613.021558604,"CCOC(=O)CN(CC)S(=O)(=O)C(F)(F)C(F)(F)C(F)(F)C(F)(F)C(F)(F)C(F)(F)C(F)(F)C(F)(F)F"
"DTXSID60485238","CAS_RN: 61324-29-6","LMVJJFCXLDHFRV-UHFFFAOYSA-N","C9H4F7NO3",307.007940528,"O=[N+]([O-])c1cc(C(F)(F)C(F)(F)C(F)(F)F)ccc1O"
"DTXSID10379310","CAS_RN: 54052-90-3","LMVLEDTVXAGBJV-UHFFFAOYSA-N","C7H6F6O2",236.027198752,"C=CC(=O)OCC(F)(F)C(F)C(F)(F)F"
"DTXSID70896174","CAS_RN: 852527-43-6","LNFNFGXVSPNQIW-UHFFFAOYSA-N","C11H8F9NO4",389.030961716,"O=C(CCC(F)(F)C(F)(F)C(F)(F)C(F)(F)F)ON1C(=O)CCC1=O"
"",NA,"LNLUFNCCCASEGP-UHFFFAOYSA-N","C12H18F11N2O4S",495.081163476,"C[N+](C)(CCO)CC(O)CNS(=O)(=O)C(F)(F)C(F)(F)C(F)(F)C(F)(F)C(F)(F)F"
"DTXSID50596968","CAS_RN: 58524-63-3","LNOYXGGMUPLGGX-UHFFFAOYSA-N","C9H7F7N2",276.049745764,"Nc1ccc(C(F)(C(F)(F)F)C(F)(F)F)c(N)c1"
"DTXSID30379973","CAS_RN: 129794-54-3","LNZANUNVXAAVRW-UHFFFAOYSA-N","C14H13F17O",520.069494776,"OCCCCCCC(F)(F)C(F)(F)C(F)(F)C(F)(F)C(F)(F)C(F)(F)C(F)(F)C(F)(F)F"
"DTXSID60184810","CAS_RN: 308-48-5","LOJJTTDNNWYSGX-UHFFFAOYSA-N","C8F18O",453.96617258,"FC(F)(F)C(F)(F)C(F)(F)C(F)(F)OC(F)(F)C(F)(F)C(F)(F)C(F)(F)F"
"DTXSID20895672","CAS_RN: 203201-14-3","LOPUACNVJXKLKA-UHFFFAOYSA-N","C12H5F17O2",504.00180914,"CC(=O)CC(=O)C(F)(F)C(F)(F)C(F)(F)C(F)(F)C(F)(F)C(F)(F)C(F)(F)C(F)(F)F"
"DTXSID0036926","CAS_RN: 335-27-3","LOQGSOTUHASIHI-UHFFFAOYSA-N","C8F16",399.97445152,"FC(F)(F)C1(F)C(F)(F)C(F)(F)C(F)(F)C(F)(C(F)(F)F)C1(F)F"
"DTXSID90896318","CAS_RN: 2396-22-7","LORVCBHYPNKHCQ-UHFFFAOYSA-N","C9H4BrF7",323.938459768,"FC(F)(F)C(F)(c1cccc(Br)c1)C(F)(F)F"
"DTXSID90379555","CAS_RN: 678-18-2","LPPFRPMJUNOKRS-UHFFFAOYSA-N","C6H3F9O",262.004018696,"CC(=O)C(F)(F)C(F)(F)C(F)(F)C(F)(F)F"
"DTXSID80468260","CAS_RN: 857637-92-4","LPSJVRKHQCWHPG-WDEREUQCSA-N","C18H14F13NO2",523.081695548,"O=C1N[C@@H](Cc2ccccc2)[C@@H](CCC(F)(F)C(F)(F)C(F)(F)C(F)(F)C(F)(F)C(F)(F)F)O1"
"DTXSID40895154","CAS_RN: 355-08-8","LQAPOTKKMIZDGP-UHFFFAOYSA-N","C5H3F7",196.012297636,"C=CC(F)(F)C(F)(F)C(F)(F)F"
"DTXSID00896127","CAS_RN: 117750-26-2","LQBBBOUZXWMQFY-UHFFFAOYSA-N","C32H30F17NO",767.20559432,"N#Cc1ccc(-c2ccc(OCCCCCCCCCCCC(F)(F)C(F)(F)C(F)(F)C(F)(F)C(F)(F)C(F)(F)C(F)(F)C(F)(F)F)cc2)cc1"
"DTXSID10895626","CAS_RN: 58544-13-1","LQERGGUGOIACQD-IWQZZHSRSA-N","C10H2F16O",441.985016204,"O=C/C=C(\F)C(F)(F)C(F)(F)C(F)(F)C(F)(F)C(F)(F)C(F)(F)C(F)(F)F"
"","CAS_RN: 647-43-8","LQFCGTRMRYTKLO-UHFFFAOYSA-N","C7H4F11NO4S",406.968539028,"O=C(O)CNS(=O)(=O)C(F)(F)C(F)(F)C(F)(F)C(F)(F)C(F)(F)F"
"DTXSID90896373","CAS_RN: 20017-54-3","LQGVLRSSQVWQGC-UHFFFAOYSA-N","C10F11N",342.98550942,"N#Cc1c(F)c(F)c(C(F)(C(F)(F)F)C(F)(F)F)c(F)c1F"
"","CAS_RN: 77758-89-5","PUNFPOQUHDQGLC-UHFFFAOYSA-N","C14H5F17I",622.9164529,"FC(F)(F)C(F)(F)C(F)(F)C(F)(F)C(F)(F)C(F)(F)C(F)(F)C(F)(F)[I+]c1ccccc1"
"DTXSID5073797","CAS_RN: 111189-67-4","LQYYVICTYPJDDJ-UHFFFAOYSA-N","C10H4BrF7N2O3",411.929351628,"O=C(Nc1ccc([N+](=O)[O-])cc1Br)C(F)(F)C(F)(F)C(F)(F)F"
"DTXSID10895949","CAS_RN: 171183-94-1","LQZYLEQZOOPJPB-UHFFFAOYSA-N","C14H4F16O",492.000666268,"O=C(c1ccc(C(F)(F)C(F)(F)C(F)(F)C(F)(F)C(F)(F)C(F)(F)F)cc1)C(F)(F)F"
"DTXSID30896175","CAS_RN: 541514-85-6","LRHQILIAPLRHNZ-UHFFFAOYSA-N","C15H5F18NO",557.00837174,"O=C(Nc1cccc(F)c1)C(F)(F)C(F)(F)C(F)(F)C(F)(F)C(F)(F)C(F)(F)C(F)(F)C(F)(F)F"
"DTXSID70275965","CAS_RN: 335-24-0","ICKAEAFPESRWOT-UHFFFAOYSA-N","C8HF15O3S",461.940688192,"O=S(=O)(O)C1(F)C(F)(F)C(F)(F)C(F)(C(F)(F)C(F)(F)F)C(F)(F)C1(F)F"
"DTXSID50379814","CAS_RN: 117205-07-9","RJGUAQKOHAABLK-UHFFFAOYSA-N","C4HF9O4S",315.945183492,"O=S(=O)(O)C(F)(F)C(F)(F)OC(F)(F)C(F)(F)F"
"DTXSID10830991","CAS_RN: 88021-94-7","LRMSPWCOOHABFD-UHFFFAOYSA-N","C8H7F7O2",268.033427004,"COC(=O)C(C)=CC(F)(F)C(F)(F)C(F)(F)F"
"DTXSID8059970","CAS_RN: 422-64-0","LRMSQVBRUNSOJL-UHFFFAOYSA-N","C3HF5O2",163.989670372,"O=C(O)C(F)(F)C(F)(F)F"
"DTXSID70897469","CAS_RN: 305849-27-8","LRTBLMPVLVRYHX-UHFFFAOYSA-N","C23H12F21NO2",733.053271244,"O=C(Nc1cccc2ccccc12)OCCC(F)(F)C(F)(F)C(F)(F)C(F)(F)C(F)(F)C(F)(F)C(F)(F)C(F)(F)C(F)(F)C(F)(F)F"
"DTXSID50472556","CAS_RN: 53826-12-3","LRWIIEJPCFNNCZ-UHFFFAOYSA-N","C8H3F13O2",377.992546196,"O=C(O)CC(F)(F)C(F)(F)C(F)(F)C(F)(F)C(F)(F)C(F)(F)F"
"DTXSID60550319","CAS_RN: 100646-00-2","LRXFRJILXQOPKW-UHFFFAOYSA-N","C8H5F13",348.01836702,"CCC(C(F)(F)F)(C(F)(F)F)C(F)(F)C(F)(F)C(F)(F)F"
"",NA,"LRXMWUGTUSKIRI-UHFFFAOYSA-O","C14H26F7N2O8S3",579.073951332,"C[N+](C)(CCCN(CCCS(=O)(=O)O)S(=O)(=O)C(F)(F)C(F)(F)C(F)(F)F)CCCS(=O)(=O)O"
"DTXSID90895503","CAS_RN: 121223-84-5","LSASNNWMPFETSE-UHFFFAOYSA-N","C8H7F7O4",300.023256244,"O=C(O)CC(CC(F)(F)C(F)(F)C(F)(F)F)C(=O)O"
"DTXSID90533615","CAS_RN: 92978-07-9","LSIARSWKMVWQLP-UHFFFAOYSA-N","C7F16O",403.96936614,"FC(F)(F)C(F)(F)OC(F)(C(F)(F)F)C(F)(F)C(F)(F)C(F)(F)F"
"",NA,"LSKXVJXKXSXRPS-UHFFFAOYSA-N","C12HClF24O4S",731.890084472,"O=S(=O)(O)C(F)(F)C(F)(F)OC(F)(F)C(F)(F)C(F)(F)C(F)(F)C(F)(F)C(F)(F)C(F)(F)C(F)(F)C(F)(F)C(F)(F)Cl"
"DTXSID6067331","CAS_RN: 1807944-82-6","VIONGDJUYAYOPU-UHFFFAOYSA-N","C8H5F13O3S",427.97518188,"O=S(=O)(O)CCC(F)(F)C(F)(F)C(F)(F)C(F)(F)C(F)(F)C(F)(F)F"
"DTXSID60895590","CAS_RN: 1980086-18-7","LSSMOSYTCGGJLI-UHFFFAOYSA-N","C26H10F42I2",1373.82013156,"FC(F)(F)C(F)(F)C(F)(F)C(F)(F)C(F)(F)C(F)(F)C(F)(F)C(F)(F)C(F)(F)C(F)(F)CC(I)CCC(I)CC(F)(F)C(F)(F)C(F)(F)C(F)(F)C(F)(F)C(F)(F)C(F)(F)C(F)(F)C(F)(F)C(F)(F)F"
"DTXSID00583621","CAS_RN: 6792-31-0","LSSVYTAUPWOSRM-UHFFFAOYSA-N","C9F18",449.97125796,"FC(=C(C(F)(F)F)C(F)(C(F)(F)F)C(F)(F)F)C(F)(C(F)(F)F)C(F)(F)F"
"DTXSID50896016","CAS_RN: 153339-13-0","LSTORYFJUHQATM-UHFFFAOYSA-N","C10H13F9N2O",348.088417016,"CN(C)CCCNC(=O)C(F)(F)C(F)(F)C(F)(F)C(F)(F)F"
"DTXSID80895597","CAS_RN: 1023972-12-4","LSUAQOJEEKKGRB-UHFFFAOYSA-N","C9H12F9NO",321.077517984,"CN(C)CC(O)CC(F)(F)C(F)(F)C(F)(F)C(F)(F)F"
"DTXSID20234926","CAS_RN: 85665-64-1","LTDRWTUOFBENPA-UHFFFAOYSA-N","C11H12F13NO3S",485.033031104,"CCCN(CCO)S(=O)(=O)C(F)(F)C(F)(F)C(F)(F)C(F)(F)C(F)(F)C(F)(F)F"
"DTXSID60895292","CAS_RN: 51035-20-2","LTJNLPWVUOGYDI-UHFFFAOYSA-N","C5H3F7O",212.007212256,"FC(F)(F)C(F)(F)C(F)(F)C1CO1"
"DTXSID40394031","CAS_RN: 1015420-87-7","REITYCXGQIGALX-UHFFFAOYSA-N","C8H12N",122.096974384,"CC[n+]1cccc(C)c1"
"",NA,"LTOQTEOVRRXGBX-UHFFFAOYSA-N","C3H2F6O3S",231.962884244,"O=S(=O)(O)C(F)(F)C(F)(F)C(F)F"
"",NA,"LTSHZCMCJHTCHC-UHFFFAOYSA-N","C28H33F25O8",972.177623516,"OCCOCCOCCOCCOCCOCCOCCOCCC(F)(F)C(F)(F)C(F)(F)C(F)(F)C(F)(F)C(F)(F)C(F)(F)C(F)(F)C(F)(F)C(F)(F)C(F)(F)C(F)(F)F"
"DTXSID40439436","CAS_RN: 30556-86-6","LTTQRUMYWWXCQA-UHFFFAOYSA-N","C8H6F13N",363.029266052,"NCCC(F)(F)C(F)(F)C(F)(F)C(F)(F)C(F)(F)C(F)(F)F"
"DTXSID00825593","CAS_RN: 7098-02-4","LTXPBIMCWINHOI-UHFFFAOYSA-N","C7H2F14O",367.988209764,"OC(F)(F)C(F)(F)C(F)(F)C(F)(F)C(F)(F)C(F)(F)C(F)F"
"DTXSID10896411","CAS_RN: 1355554-74-3","LUCAYPQGWNVYFO-UHFFFAOYSA-N","C16H17F7O2S",406.083748324,"CCc1c(C(=O)O)ccc(C(F)(C(F)(F)F)C(F)(F)F)c1SCC(C)C"
"DTXSID50276475","CAS_RN: 21600-78-2","GCTMXWUUEYFTEL-UHFFFAOYSA-N","C10H11F7O2",296.064727132,"CC(C)(C)C(O)=CC(=O)C(F)(F)C(F)(F)C(F)(F)F"
"DTXSID80896004","CAS_RN: 647-78-9","LULYEDKAPUSTAC-UHFFFAOYSA-N","C8H3F7N4",288.024593636,"N#Cc1cnc(C(F)(F)C(F)(F)C(F)(F)F)nc1N"
"DTXSID80895411","CAS_RN: 134052-01-0","LUTLJOIFXGWROU-UHFFFAOYSA-N","C17H23F13O",490.154132216,"OCCCCCCCCCCCC(F)(F)C(F)(F)C(F)(F)C(F)(F)C(F)(F)C(F)(F)F"
"DTXSID30896291","CAS_RN: 956790-67-3","LUUOUNOJFJEOFT-UHFFFAOYSA-N","C92H26F100N4S4",3213.944352832,"Fc1c(F)c(-c2c3nc(c(-c4c(F)c(F)c(SCCC(F)(F)C(F)(F)C(F)(F)C(F)(F)C(F)(F)C(F)(F)C(F)(F)C(F)(F)C(F)(F)C(F)(F)F)c(F)c4F)c4ccc([nH]4)c(-c4c(F)c(F)c(SCCC(F)(F)C(F)(F)C(F)(F)C(F)(F)C(F)(F)C(F)(F)C(F)(F)C(F)(F)C(F)(F)C(F)(F)F)c(F)c4F)c4nc(c(-c5c(F)c(F)c(SCCC(F)(F)C(F)(F)C(F)(F)C(F)(F)C(F)(F)C(F)(F)C(F)(F)C(F)(F)C(F)(F)C(F)(F)F)c(F)c5F)c5ccc2[nH]5)C=C4)C=C3)c(F)c(F)c1SCCC(F)(F)C(F)(F)C(F)(F)C(F)(F)C(F)(F)C(F)(F)C(F)(F)C(F)(F)C(F)(F)C(F)(F)F"
"DTXSID20861913","CAS_RN: 375-72-4","LUYQYZLEHLTPBH-UHFFFAOYSA-N","C4F10O2S",301.94593244,"O=S(=O)(F)C(F)(F)C(F)(F)C(F)(F)C(F)(F)F"
"DTXSID90868151","CAS_RN: 72629-94-8","LVDGGZAZAYHXEY-UHFFFAOYSA-N","C13HF25O2",663.957734772,"O=C(O)C(F)(F)C(F)(F)C(F)(F)C(F)(F)C(F)(F)C(F)(F)C(F)(F)C(F)(F)C(F)(F)C(F)(F)C(F)(F)C(F)(F)F"
"DTXSID00870523","CAS_RN: NOCAS_870523","LVFXLZRISXUAIL-UHFFFAOYSA-N","C4H4F6O",182.016634068,"OCC(F)(F)C(F)C(F)(F)F"
"","CAS_RN: 93776-12-6","LVPNCFLXSPIMDJ-UHFFFAOYSA-O","C23H24F25N2O3",851.138773128,"C[N+](C)(CCCNCC(O)CC(F)(F)C(F)(F)C(F)(F)C(F)(F)C(F)(F)C(F)(F)C(F)(F)C(F)(F)C(F)(F)C(F)(F)C(F)(F)C(F)(F)F)CCC(=O)O"
"DTXSID40896040","CAS_RN: 93131-73-8","LVSCDTZNQBYJIP-UHFFFAOYSA-N","C11H7F9O3S",389.997219064,"Cc1ccc(OS(=O)(=O)C(F)(F)C(F)(F)C(F)(F)C(F)(F)F)cc1"
"DTXSID5030030","CAS_RN: 29420-49-3","JGTNAGYHADQMCM-UHFFFAOYSA-N","C4HF9O3S",299.950268872,"O=S(=O)(O)C(F)(F)C(F)(F)C(F)(F)C(F)(F)F"
"",NA,"LVVKCQPZFSPSGL-UHFFFAOYSA-N","C10HF21O4S",615.926022132,"O=S(=O)(O)C(F)(F)C(F)(F)C(F)(F)C(F)(F)C(F)(F)C(F)(F)OC(F)(F)C(F)(C(F)(F)F)C(F)(F)F"
"DTXSID90895301","CAS_RN: 1644-06-0","LVVNOPVZNPTTLA-UHFFFAOYSA-N","C13H12F14I2",687.880491464,"FC(F)(F)C(F)(F)C(F)(F)CC(I)CCCC(I)CC(F)(F)C(F)(F)C(F)(F)F"
"DTXSID80889133","CAS_RN: 220075-01-4","LVYNMXGZSWLMOD-UHFFFAOYSA-N","C13H11F13O4",478.044975692,"COC(=O)C(CCC(F)(F)C(F)(F)C(F)(F)C(F)(F)C(F)(F)C(F)(F)F)C(=O)OC"
"DTXSID60897579","CAS_RN: 42566-65-4","LVZMACBMANBCFR-UHFFFAOYSA-N","C8F14O5",441.95221818,"O=C(OC(=O)C(F)(F)C(F)(F)OC(F)(F)F)C(F)(F)C(F)(F)OC(F)(F)F"
"DTXSID30599058","CAS_RN: 149790-22-7","LWAHZPPAFSQPGA-UHFFFAOYSA-N","C30H12F51O4P",1435.965884714,"O=P(OCCC(F)(F)C(F)(F)C(F)(F)C(F)(F)C(F)(F)C(F)(F)C(F)(F)C(F)(F)F)(OCCC(F)(F)C(F)(F)C(F)(F)C(F)(F)C(F)(F)C(F)(F)C(F)(F)C(F)(F)F)OCCC(F)(F)C(F)(F)C(F)(F)C(F)(F)C(F)(F)C(F)(F)C(F)(F)C(F)(F)F"
"DTXSID50382621","CAS_RN: 25600-66-2","LWCLGUDCFDTQBF-UHFFFAOYSA-N","C10H7F15O",428.025738144,"OCCCC(F)(F)C(F)(F)C(F)(F)C(F)(F)C(F)(F)C(F)(F)C(F)(F)F"
"DTXSID50276475","CAS_RN: 80289-21-0","GCTMXWUUEYFTEL-UHFFFAOYSA-N","C10H11F7O2",296.064727132,"CC(C)(C)C(O)=CC(=O)C(F)(F)C(F)(F)C(F)(F)F"
"DTXSID8031865","CAS_RN: 335-95-5","SNGREZUHAYWORS-UHFFFAOYSA-N","C8HF15O2",413.973702572,"O=C(O)C(F)(F)C(F)(F)C(F)(F)C(F)(F)C(F)(F)C(F)(F)C(F)(F)F"
"DTXSID30897561","CAS_RN: 51294-16-7","LWRNQOBXRHWPGE-UHFFFAOYSA-N","C11F20",511.9680644,"FC(F)(F)C1(F)C(F)(F)C(F)(F)C(F)(F)C2(F)C(F)(F)C(F)(F)C(F)(F)C(F)(F)C12F"
"DTXSID90870512","CAS_RN: NOCAS_870512","LXANZHXWGZWFAC-UHFFFAOYSA-N","C4Cl2F8",269.92493112,"FC(F)(F)C(F)(Cl)C(F)(Cl)C(F)(F)F"
"DTXSID10881165","CAS_RN: 94159-91-8","LXBFURBCWJWTTM-UHFFFAOYSA-N","C17H11F17O2",570.048759332,"OC(COc1ccccc1)CC(F)(F)C(F)(F)C(F)(F)C(F)(F)C(F)(F)C(F)(F)C(F)(F)C(F)(F)F"
"DTXSID90895629","CAS_RN: 443145-46-8","LXCDRWZGUKTECU-UHFFFAOYSA-N","C10H9F9O2",332.045883508,"C=CC(=O)OCCCC(F)(F)C(F)(F)C(F)(F)C(F)(F)F"
"",NA,"LXHRQQQITFNIOV-UHFFFAOYSA-N","C13HF25O",647.962820152,"OC(F)(F)C(F)(F)C(F)(F)C(F)(F)C(F)(F)C(F)(F)C(F)(F)C(F)(F)C(F)(F)C(F)(F)C(F)=C(F)C(F)(F)F"
"DTXSID50517633","CAS_RN: 86556-81-2","LXQALNRZYKVNKJ-UHFFFAOYSA-N","C6HCl2F9O3",361.915903232,"O=C(O)C(F)(F)C(F)(F)C(F)(F)OC(F)(Cl)C(F)(F)Cl"
"DTXSID70895960","CAS_RN: 912364-40-0","LXTWHOIAODISEK-UHFFFAOYSA-N","C8H5F9O3",320.009498,"O=C1OCC(CC(F)(F)C(F)(F)C(F)(F)C(F)(F)F)O1"
"DTXSID80880943","CAS_RN: 69804-19-9","LYIPDZSLYLDLCU-UHFFFAOYSA-N","C8F13NO2",388.9721451,"N#CC(F)(F)C(F)(F)OC(F)(C(F)(F)F)C(F)(F)OC(F)=C(F)F"
"DTXSID30896276","CAS_RN: 376382-61-5","LYIZXAZAVJKRNW-UHFFFAOYSA-N","C17H11F9O6",482.041192052,"COc1c2c(c(OC)c3occc13)OC(O)(C(F)(F)C(F)(F)C(F)(F)C(F)(F)F)CC2=O"
"DTXSID90277906","CAS_RN: 374-77-6","LYMIGLGNHPPIQP-UHFFFAOYSA-N","C8F16",399.97445152,"FC(F)(F)C1(F)C(F)(F)C(F)(F)C(F)(C(F)(F)F)C(F)(F)C1(F)F"
"DTXSID70896376","CAS_RN: 10271-36-0","LYVHRRLFROJYNC-UHFFFAOYSA-N","C9F15N3",434.9852703,"Fc1nc(C(F)(C(F)(F)F)C(F)(F)F)nc(C(F)(C(F)(F)F)C(F)(F)F)n1"
"DTXSID20895637","CAS_RN: 136022-86-1","LYZCGZWGQVKVSU-UHFFFAOYSA-N","C11H5F17O2",492.00180914,"CC(C(=O)O)C(F)(F)C(F)(F)C(F)(F)C(F)(F)C(F)(F)C(F)(F)C(F)(F)C(F)(F)F"
"DTXSID30895921","CAS_RN: 927670-12-0","LYZNUCXUQHMFTA-UHFFFAOYSA-N","C8HF17O3S",499.937494632,"O=S(=O)(O)C(F)(C(F)(F)F)C(F)(F)C(F)(F)C(F)(F)C(F)(F)C(F)(F)C(F)(F)F"
"",NA,"LZCFGHIYPLLDEX-UHFFFAOYSA-O","C14H24F9N2O7S2",567.088122088,"C[N+](C)(CCCN(CCO)S(=O)(=O)C(F)(F)C(F)(F)C(F)(F)C(F)(F)F)CC(O)CS(=O)(=O)O"
"DTXSID70895925","CAS_RN: 80790-98-3","LZEJFINVPVDRLW-UHFFFAOYSA-N","C11H9F7O2",306.049077068,"COc1ccc(OC)c(C(F)(F)C(F)(F)C(F)(F)F)c1"
"DTXSID30895385","CAS_RN: 167641-85-2","LZENXKBSJNMIKY-UHFFFAOYSA-N","C26H33F21",744.224693676,"CCCCCCCCCCCCCCCCC(F)(F)C(F)(F)C(F)(F)C(F)(F)C(F)(F)C(F)(F)C(F)(F)C(F)(F)C(F)(F)C(F)(F)F"
"DTXSID80379882","CAS_RN: 16083-79-7","LZKRGSPBGVICLV-UHFFFAOYSA-N","C12H11F11O3",412.053254632,"C=C(C)C(=O)OCC(O)CC(F)(F)C(F)(F)C(F)(C(F)(F)F)C(F)(F)F"
"DTXSID50896379","CAS_RN: 20017-56-5","LZSQJYLYIHNMKJ-UHFFFAOYSA-N","C10HF11O2",361.980089692,"O=C(O)c1c(F)c(F)c(C(F)(C(F)(F)F)C(F)(F)F)c(F)c1F"
"DTXSID60895999","CAS_RN: 135587-13-2","LZXRMBONGPXFCO-UHFFFAOYSA-N","C12H15F9INO3Si",546.97222185,"FC(F)(F)C(F)(F)C(F)(F)C(F)(F)CC(I)[Si]12OCCN(CCO1)CCO2"
"DTXSID60897211","CAS_RN: 1178899-18-7","MAUZJOYMXJCRIB-UHFFFAOYSA-N","C12H8F9NOS",385.018288856,"CC(=O)N=S(c1ccccc1)C(F)(F)C(F)(F)C(F)(F)C(F)(F)F"
"DTXSID00896384","CAS_RN: 1262665-49-5","MAVMQOJBPKOBEB-UHFFFAOYSA-N","C10H5BrF9NO",404.94107986,"Nc1c(Br)cc(C(F)(C(F)(F)F)C(F)(F)F)cc1OC(F)F"
"DTXSID60896486","CAS_RN: 267239-61-2","MAYCVDQHBUQQFH-UHFFFAOYSA-N","C5HF9O3",279.978197872,"O=C(O)C(F)(OC(F)(F)C(F)(F)F)C(F)(F)F"
"",NA,"MBBHBJHYNQAGNW-UHFFFAOYSA-N","C19H19F21N2OS",722.088276848,"CN(C)CCCNC(=O)CSCCC(F)(F)C(F)(F)C(F)(F)C(F)(F)C(F)(F)C(F)(F)C(F)(F)C(F)(F)C(F)(F)C(F)(F)F"
"DTXSID60880229","CAS_RN: 19190-61-5","MBDQOIDXSFHMFM-UHFFFAOYSA-N","C7H3F9O3",305.993847936,"COC(=O)C(F)(F)C(F)(F)C(F)(F)OC(F)=C(F)F"
"DTXSID50896450","CAS_RN: 1419865-32-9","MBYFCFZVSBVQKD-UHFFFAOYSA-N","C11HF11O3",389.975004312,"O=C1OC(O)(C(F)(C(F)(F)F)C(F)(F)F)c2c(F)c(F)c(F)c(F)c21"
"DTXSID90896550","CAS_RN: 82970-41-0","MBYGYAYBAZPQOT-UHFFFAOYSA-N","C13H8F11NO2",419.037938916,"O=C(NCc1ccccc1)C(F)(OC(F)(F)C(F)(F)C(F)(F)F)C(F)(F)F"
"DTXSID40526476","CAS_RN: 307-38-0","MCEDOKUQJYNLKR-UHFFFAOYSA-N","C10ClF19O",531.93342848,"O=C(Cl)C(F)(F)C(F)(F)C(F)(F)C(F)(F)C(F)(F)C(F)(F)C(F)(F)C(F)(F)C(F)(F)F"
"",NA,"MCEHNRJGXCTCKQ-UHFFFAOYSA-O","C15H22F9N2O6S",529.105486404,"C[N+](C)(CCCN(CCC(=O)O)S(=O)(=O)C(F)(F)C(F)(F)C(F)(F)C(F)(F)F)CCC(=O)O"
"",NA,"MCHLBDXHQKEQNO-OWOJBTEDSA-N","C12HF21O2",575.964121892,"O=C(O)C(F)(F)C(F)(F)C(F)(F)C(F)(F)C(F)(F)C(F)(F)C(F)(F)C(F)(F)/C(F)=C(\F)C(F)(F)F"
"DTXSID80896988","CAS_RN: 4192-05-6","MCKRJDYXIPRUNQ-UHFFFAOYSA-N","C7H8F7NO",255.049411416,"CC(C)OC(=N)C(F)(F)C(F)(F)C(F)(F)F"
"DTXSID0048004","CAS_RN: 251099-16-8","JGFDZZLUDWMUQH-UHFFFAOYSA-N","C22H48N",326.378675536,"CCCCCCCCCC[N+](C)(C)CCCCCCCCCC"
"","CAS_RN: 148240-89-5","MCMGVEGOCBOROX-UHFFFAOYSA-N","C21H20F26O8P2S2",1019.96596658,"O=P(O)(O)OCC(COP(=O)(O)O)(CSCCC(F)(F)C(F)(F)C(F)(F)C(F)(F)C(F)(F)C(F)(F)F)CSCCC(F)(F)C(F)(F)C(F)(F)C(F)(F)C(F)(F)C(F)(F)F"
"DTXSID80896084","CAS_RN: 147916-77-6","MCMWZMDUNMGXKJ-UHFFFAOYSA-N","C8H4F7N5",303.035492668,"Nc1nc(C(F)(F)C(F)(F)C(F)(F)F)nc2[nH]cnc12"
"",NA,"MCOWZVBRHLBAKI-UHFFFAOYSA-O","C16H20F17N2O5S2",707.05421848,"C[N+](C)(CCCNS(=O)(=O)C(F)(F)C(F)(F)C(F)(F)C(F)(F)C(F)(F)C(F)(F)C(F)(F)C(F)(F)F)CCCS(=O)(=O)O"
"DTXSID90896252","CAS_RN: 94413-32-8","MCQWLLPAXMDAIY-UHFFFAOYSA-N","C18H15F13O3S",558.0534322,"CC1C2CC(C1SCCC(F)(F)C(F)(F)C(F)(F)C(F)(F)C(F)(F)C(F)(F)F)C1C(=O)OC(=O)C21"
"DTXSID10896956","CAS_RN: 1424379-19-0","MCRGIZNXLJZDQW-UHFFFAOYSA-N","C8F15I",507.8805213,"FI(F)C#CC(F)(F)C(F)(F)C(F)(F)C(F)(F)C(F)(F)C(F)(F)F"
"DTXSID30881026","CAS_RN: 93776-09-1","MCTLLDFQQNTIQG-UHFFFAOYSA-N","C35H45F27O11",1154.2530742,"COCCOCCOCCOCCOCCOCCOCCOCCOCCOCC(O)CC(F)(F)C(F)(F)C(F)(F)C(F)(F)C(F)(F)C(F)(F)C(F)(F)C(F)(F)C(F)(F)C(F)(F)C(F)(C(F)(F)F)C(F)(F)F"
"DTXSID10893344","CAS_RN: 119107-97-0","MCVDPFNNIYSXKJ-UHFFFAOYSA-N","C14F26",661.95848372,"FC(F)(F)C(C(F)(F)F)(C(F)(F)F)C1(F)C(F)(F)C(F)(F)C2(F)C(F)(F)C(F)(F)C(F)(F)C(F)(F)C2(F)C1(F)F"
"DTXSID50895761","CAS_RN: 185230-63-1","MCVGSSHSKHYZGK-UHFFFAOYSA-N","C14H3F25O2",677.973384836,"COC(=O)C(F)(F)C(F)(F)C(F)(F)C(F)(F)C(F)(F)C(F)(F)C(F)(F)C(F)(F)C(F)(F)C(F)(F)C(F)(F)C(F)(F)F"
"DTXSID20206380","CAS_RN: 57678-05-4","MCYKSXMNSXNCIY-UHFFFAOYSA-N","C12H6F21O4P",643.966837922,"O=P(O)(O)OCCC(F)(F)C(F)(F)C(F)(F)C(F)(F)C(F)(F)C(F)(F)C(F)(F)C(F)(F)C(F)(F)C(F)(F)F"
"",NA,"MDGZRVCSTWUTMU-UHFFFAOYSA-N","C13H18F9NO6S2",519.043183276,"CC(C)(CS(=O)(=O)O)NC(=O)CCS(=O)(=O)CCC(F)(F)C(F)(F)C(F)(F)C(F)(F)F"
"DTXSID30541335","CAS_RN: 90715-84-7","MDXORTHIGOLQOD-UHFFFAOYSA-N","C7H5F7N2O2",282.02392494,"O=C1NCC(C(F)(F)C(F)(F)C(F)(F)F)C(=O)N1"
"DTXSID10895161","CAS_RN: 154381-51-8","MDZDBKLCYXUTQA-UHFFFAOYSA-N","C7H7F9",262.040404204,"CCCC(F)(F)C(F)(F)C(F)(F)C(F)(F)F"
"",NA,"MEBBBESWNUMHCH-UHFFFAOYSA-N","C44H69F21O17",1268.419943368,"OCCOCCOCCOCCOCCOCCOCCOCCOCCOCCOCCOCCOCCOCCOCCOCCOCCC(F)(F)C(F)(F)C(F)(F)C(F)(F)C(F)(F)C(F)(F)C(F)(F)C(F)(F)C(F)(F)C(F)(F)F"
"DTXSID40895917","CAS_RN: 14670-68-9","MEDOBAHFTUZUFE-UHFFFAOYSA-N","C11H5F9O2",340.01458338,"O=C(O)c1ccccc1C(F)(F)C(F)(F)C(F)(F)C(F)(F)F"
"DTXSID00896541","CAS_RN: 176702-74-2","MEEVEXZVBMARMB-UHFFFAOYSA-N","C13H10F17NO3",551.03892292,"CCN(CC)C(=O)C(F)(OC(F)(F)C(F)(OC(F)(F)C(F)(F)C(F)(F)F)C(F)(F)F)C(F)(F)F"
"DTXSID90448210","CAS_RN: 30320-28-6","MEJBVGIZGKKPCW-UHFFFAOYSA-N","C6HF13",319.987066892,"FC(F)(F)C(C(F)(F)F)C(F)(F)C(F)(F)C(F)(F)F"
"",NA,"MEMWBAFWGGFXDJ-UHFFFAOYSA-O","C15H22F11N2O7S2",615.069278464,"C[N+](C)(CCCN(CC(=O)O)S(=O)(=O)C(F)(F)C(F)(F)C(F)(F)C(F)(F)C(F)(F)F)CCCS(=O)(=O)O"
"DTXSID50185114","CAS_RN: 31185-68-9","MEQDZELXTCMMLF-UHFFFAOYSA-N","C10H11F7O3",312.059641752,"CCC12COC(C(F)(F)C(F)(F)C(F)(F)F)(OC1)OC2"
"DTXSID80896342","CAS_RN: 17480-16-9","MESQHETYOOSPOO-UHFFFAOYSA-N","C9F12",335.98083864,"Fc1c(F)c(F)c(C(F)(C(F)(F)F)C(F)(F)F)c(F)c1F"
"DTXSID10896471","CAS_RN: 2356-61-8","MEVYDFZGEHEVSM-UHFFFAOYSA-N","C3HF7O",185.991562192,"FC(F)C(F)(F)OC(F)(F)F"
"",NA,"MEXQEENXUFLERY-UHFFFAOYSA-O","C14H20F13N2O6S2",623.05552022,"C[N+](C)(CCCNS(=O)(=O)C(F)(F)C(F)(F)C(F)(F)C(F)(F)C(F)(F)C(F)(F)F)CC(O)CS(=O)(=O)O"
"DTXSID60880406","CAS_RN: 37486-69-4","MEXQRXXROOSHGK-UHFFFAOYSA-N","C17HF35O5",949.926510832,"FC(OC(F)(F)C(F)(OC(F)(F)C(F)(OC(F)(F)C(F)(OC(F)(F)C(F)(OC(F)(F)C(F)(F)C(F)(F)F)C(F)(F)F)C(F)(F)F)C(F)(F)F)C(F)(F)F)C(F)(F)F"
"DTXSID70292733","CAS_RN: 4078-29-9","MFBCEXYUNWQKLU-UHFFFAOYSA-N","C6H3F10NO",295.005495916,"N=C(OCC(F)(F)F)C(F)(F)C(F)(F)C(F)(F)F"
"DTXSID30379913","CAS_RN: 65726-35-4","MFHOUSVHHLOPGM-UHFFFAOYSA-N","C12H6F19IO",653.915998992,"OCC(I)CC(F)(F)C(F)(F)C(F)(F)C(F)(F)C(F)(F)C(F)(F)C(F)(C(F)(F)F)C(F)(F)F"
"DTXSID90896212","CAS_RN: 1384278-50-5","MFKMPVIPAQUUSU-UHFFFAOYSA-N","C11H5F7N2O2S",361.99599594,"O=C(OCC(F)(F)C(F)(F)C(F)(F)F)c1cccc2nnsc12"
"DTXSID40457832","CAS_RN: 852527-48-1","MFTQISGNRWTJNY-UHFFFAOYSA-N","C13H9F17INO",644.945741648,"O=C(CI)NCCCC(F)(F)C(F)(F)C(F)(F)C(F)(F)C(F)(F)C(F)(F)C(F)(F)C(F)(F)F"
"DTXSID90895260","CAS_RN: 1835251-22-3","MFZHQYSRBOWRKF-UHFFFAOYSA-N","C13H7F21",562.021242844,"CCCC(F)(F)C(F)(F)C(F)(F)C(F)(F)C(F)(F)C(F)(F)C(F)(F)C(F)(F)C(F)(F)C(F)(F)F"
"DTXSID50662975","CAS_RN: 2967-60-4","MGAFZAISKPGHKL-UHFFFAOYSA-N","C7H8F7I",351.955895796,"FC(F)(F)C(F)(F)C(F)(F)CCCCI"
"DTXSID20895516","CAS_RN: 10325-14-1","MGASSUZKIICAIW-UHFFFAOYSA-N","C8H10F7NO2",285.0599761,"NC(CCCC(F)(F)C(F)(F)C(F)(F)F)C(=O)O"
"DTXSID00896445","CAS_RN: 1355554-97-0","MGDNOIZUFPTLFP-UHFFFAOYSA-N","C16H17F7O3S",422.078662944,"CCCCS(=O)c1c(C(F)(C(F)(F)F)C(F)(F)F)ccc(C(=O)O)c1CC"
"DTXSID20379907","CAS_RN: 16083-62-8","MGICORPGWNJZPY-UHFFFAOYSA-N","C10H6F15IO",553.922386112,"OCC(I)CC(F)(F)C(F)(F)C(F)(F)C(F)(F)C(F)(C(F)(F)F)C(F)(F)F"
"DTXSID10896219","CAS_RN: 1440968-24-0","MGIMXTVIKFQOFZ-UHFFFAOYSA-N","C10H8F9NO3S",393.008118096,"O=C(NS(=O)(=O)C(F)(F)C(F)(F)C(F)(F)C(F)(F)F)C1C=CCC1"
"DTXSID90174941","CAS_RN: 20825-07-4","MGKBKOFWQWACLM-UHFFFAOYSA-N","C6H2F8O2",257.992705064,"O=C(CC(=O)C(F)(F)C(F)(F)F)C(F)(F)F"
"DTXSID10895262","CAS_RN: 99324-99-9","MGKUEUKJRIEPLH-UHFFFAOYSA-N","C12H8BrF17",553.953792096,"FC(F)(F)C(F)(F)C(F)(F)C(F)(F)C(F)(F)C(F)(F)C(F)(F)C(F)(F)CCCCBr"
"DTXSID80380039","CAS_RN: 374-76-5","MGOFOLPXKULBGG-UHFFFAOYSA-N","C9F18",449.97125796,"FC(F)(F)C1(F)C(F)(F)C(F)(C(F)(F)F)C(F)(F)C(F)(C(F)(F)F)C1(F)F"
"","CAS_RN: 80909-29-1","MGOWOXJUPIMVLG-UHFFFAOYSA-N","C15H15F19NO",586.08502528,"C[N+](C)(C)CC(O)CC(F)(F)C(F)(F)C(F)(F)C(F)(F)C(F)(F)C(F)(F)C(F)(C(F)(F)F)C(F)(F)F"
"","CAS_RN: 1612778-35-4","MGQRMTIVHOQHJI-DEOSSOPVSA-N","C11H5ClF9NOS",404.96366644,"O=[S@](N=Cc1ccc(Cl)cc1)C(F)(F)C(F)(F)C(F)(F)C(F)(F)F"
"DTXSID70895460","CAS_RN: 100508-28-9","MGVUWCOSZAVONX-UHFFFAOYSA-N","C11H2F20",513.983714464,"FC(F)(F)C(F)(F)C(F)(F)C(F)(F)C=CC(F)(F)C(F)(F)C(F)(F)C(F)(F)C(F)(F)F"
"DTXSID6072558","CAS_RN: 72276-07-4","MHATVVUCLRUMRB-UHFFFAOYSA-N","C22H14F29NO4S",939.018047308,"C=CC(=O)OCCN(C)S(=O)(=O)CCC(F)(F)C(F)(F)C(F)(F)C(F)(F)C(F)(F)C(F)(F)C(F)(F)C(F)(F)C(F)(F)C(F)(F)C(F)(F)C(F)(F)C(F)(F)C(F)(F)F"
"DTXSID30708825","CAS_RN: 93697-09-7","MHBROBOETRABQY-UHFFFAOYSA-N","C11H7F9",310.040404204,"Cc1ccccc1C(F)(F)C(F)(F)C(F)(F)C(F)(F)F"
"DTXSID50896071","CAS_RN: 23790-50-3","MHDMAFIFHRRKPR-UHFFFAOYSA-N","C18F33N3",884.95652826,"FC(F)(F)C(F)(F)C(F)(F)C(F)(F)C(F)(F)c1nc(C(F)(F)C(F)(F)C(F)(F)C(F)(F)C(F)(F)F)nc(C(F)(F)C(F)(F)C(F)(F)C(F)(F)C(F)(F)F)n1"
"DTXSID50896218","CAS_RN: 147916-78-7","MHGACOGUAGEXMU-UHFFFAOYSA-N","C10H6F7N5O",345.046057352,"CC(=O)Nc1ncnc2[nH]c(C(F)(F)C(F)(F)C(F)(F)F)nc12"
"",NA,"MHGNTUMFVTYUDG-UHFFFAOYSA-N","C10H13F11N2O3S",450.047123696,"C[N+](C)([O-])CCCNS(=O)(=O)C(F)(F)C(F)(F)C(F)(F)C(F)(F)C(F)(F)F"
"","CAS_RN: 70729-63-4","WOHXQLVTVQETQY-UHFFFAOYSA-N","C16H5F19O4S",653.96051582,"O=S(=O)(O)c1ccc(OC(=C(C(F)(F)F)C(C(F)(F)F)(C(F)(F)C(F)(F)F)C(F)(F)C(F)(F)F)C(F)(F)F)cc1"
"DTXSID5059797","CAS_RN: 307-63-1","MHIPPKXKESHCIO-UHFFFAOYSA-N","C14F29I",845.85816638,"FC(F)(F)C(F)(F)C(F)(F)C(F)(F)C(F)(F)C(F)(F)C(F)(F)C(F)(F)C(F)(F)C(F)(F)C(F)(F)C(F)(F)C(F)(F)C(F)(F)I"
"","CAS_RN: 57589-85-2","MHLSLBDGGOWEJB-UHFFFAOYSA-N","C22H6Cl4F17NO6S",874.839848372,"O=C(O)c1c(Cl)c(Cl)c(Cl)c(Cl)c1C(=O)Nc1cccc(OS(=O)(=O)C(F)(F)C(F)(F)C(F)(F)C(F)(F)C(F)(F)C(F)(F)C(F)(F)C(F)(F)F)c1"
"DTXSID60895510","CAS_RN: 1828-40-6","MHQSODYIEVVICX-UHFFFAOYSA-N","C12F24",599.96167728,"FC(F)=C(F)C(F)(F)C(F)(F)C(F)(F)C(F)(F)C(F)(F)C(F)(F)C(F)(F)C(F)(F)C(F)(F)C(F)(F)F"
"DTXSID50831220","CAS_RN: 87988-75-8","MHVUIICWGZEAKG-UHFFFAOYSA-N","C15H6F17NO3S",602.979693792,"O=C(NS(=O)(=O)C(F)(F)C(F)(F)C(F)(F)C(F)(F)C(F)(F)C(F)(F)C(F)(F)C(F)(F)F)c1ccccc1"
"",NA,"MHWKVXOZNXDWGM-UHFFFAOYSA-N","C8H13F7N2O2S",334.058596196,"CN(C)CCCNS(=O)(=O)C(F)(F)C(F)(F)C(F)(F)F"
"DTXSID60874027","CAS_RN: 576-16-9","MIABSAQIFYEDJP-UHFFFAOYSA-N","C10H6F17O4P",543.973225042,"O=P(O)(O)OCCC(F)(F)C(F)(F)C(F)(F)C(F)(F)C(F)(F)C(F)(F)C(F)(F)C(F)(F)F"
"",NA,"MIEGYRXZBANDQZ-UHFFFAOYSA-N","C8H2F14O4S",459.945024624,"O=S(=O)(O)C(F)(F)C(F)(F)OC(F)(F)C(F)(F)C(F)(F)C(F)(F)C=C(F)F"
"","CAS_RN: 89889-22-5","MIEYGLYKERILQG-UHFFFAOYSA-N","C10H5F15",410.01517346,"CC=CC(F)(F)C(F)(F)C(F)(F)C(F)(F)C(F)(F)C(F)(F)C(F)(F)F"
"DTXSID20892601","CAS_RN: 54207-62-4","MIFDZEKQTGZSQE-UHFFFAOYSA-N","C13H9F17O2S",552.005180268,"O=C(O)CCSCCC(F)(F)C(F)(F)C(F)(F)C(F)(F)C(F)(F)C(F)(F)C(F)(F)C(F)(F)F"
"",NA,"MIIJSWOFURFCFI-UHFFFAOYSA-O","C12H17F9NO2",378.111557764,"C[N+](C)(CCCCC(F)(F)C(F)(F)C(F)(F)C(F)(F)F)CC(=O)O"
"DTXSID6058057","CAS_RN: 337458-27-2","MIOBBYRMXGNORL-UHFFFAOYSA-N","C19H15F7N4O2",464.10832326,"CC(=O)N1C(=O)N(NCc2cccnc2)Cc2cc(C(F)(C(F)(F)F)C(F)(F)F)ccc21"
"DTXSID80896468","CAS_RN: 862133-14-0","MIPUSCPBEUAWLF-UHFFFAOYSA-N","C25H16F9N3O4",593.099709972,"Cc1cc(C(F)(C(F)(F)F)C(F)(F)F)cc(C)c1NC(=O)c1cccc(NC(=O)c2ccc(F)cc2[N+](=O)[O-])c1F"
"DTXSID90896156","CAS_RN: 237738-71-5","MITMTPJIARYTDP-UHFFFAOYSA-N","C19H15F13N2O",534.09767996,"O=C(CCCCCc1nc2ccccc2[nH]1)C(F)(F)C(F)(F)C(F)(F)C(F)(F)C(F)(F)C(F)(F)F"
"DTXSID20896528","CAS_RN: 129051-94-1","MIVANNXDZNEYJP-UHFFFAOYSA-N","C13H8F10O2",386.036461696,"C=Cc1ccccc1OC(F)(F)C(F)OC(F)(F)C(F)(F)C(F)(F)F"
"DTXSID50897068","CAS_RN: 254889-10-6","MIWIUSUEFHOJJL-UHFFFAOYSA-N","C11H6F13N2O2S",476.994240292,"O=S(=O)(N[n+]1ccccc1)C(F)(F)C(F)(F)C(F)(F)C(F)(F)C(F)(F)C(F)(F)F"
"DTXSID80896382","CAS_RN: 1433216-51-3","MIWXGZCQDQYIBN-UHFFFAOYSA-N","C10H5F7N2O",302.02901032,"O=c1[nH]c2ccc(C(F)(C(F)(F)F)C(F)(F)F)cc2[nH]1"
"DTXSID60700296","CAS_RN: 156323-66-9","MIZYXWOLOKZZFU-UHFFFAOYSA-N","C12H8Cl2F18Si",591.948490106,"FC(F)(F)CCC(F)(F)C(F)(F)C(F)(F)[Si](Cl)(Cl)C(F)(F)C(F)(F)C(F)(F)CCC(F)(F)F"
"DTXSID5071888","CAS_RN: 68957-31-3","MJELJHFNXRAPHF-UHFFFAOYSA-N","C9H8F11NO4S",434.999839156,"CCN(CC(=O)O)S(=O)(=O)C(F)(F)C(F)(F)C(F)(F)C(F)(F)C(F)(F)F"
"DTXSID80240982","CAS_RN: 93857-47-7","QIZXNATWTHMMHR-UHFFFAOYSA-N","C16H6F29O4P",843.954063682,"O=P(O)(O)OCCC(F)(F)C(F)(F)C(F)(F)C(F)(F)C(F)(F)C(F)(F)C(F)(F)C(F)(F)C(F)(F)C(F)(F)C(F)(F)C(F)(F)C(F)(F)C(F)(F)F"
"DTXSID20895955","CAS_RN: 120219-44-5","MJKJTIXPWVPDKF-UHFFFAOYSA-N","C14H22F7NO",353.158961864,"CCCCCCCCCCNC(=O)C(F)(F)C(F)(F)C(F)(F)F"
"DTXSID40379363","CAS_RN: 186043-52-7","MJLMFELZHDEELW-UHFFFAOYSA-N","C48H12F90N3O6P3",2528.850184794,"FC(F)(F)C(F)(F)C(F)(F)C(F)(F)C(F)(F)C(F)(F)C(F)(F)COP1(OCC(F)(F)C(F)(F)C(F)(F)C(F)(F)C(F)(F)C(F)(F)C(F)(F)F)=NP(OCC(F)(F)C(F)(F)C(F)(F)C(F)(F)C(F)(F)C(F)(F)C(F)(F)F)(OCC(F)(F)C(F)(F)C(F)(F)C(F)(F)C(F)(F)C(F)(F)C(F)(F)F)=NP(OCC(F)(F)C(F)(F)C(F)(F)C(F)(F)C(F)(F)C(F)(F)C(F)(F)F)(OCC(F)(F)C(F)(F)C(F)(F)C(F)(F)C(F)(F)C(F)(F)C(F)(F)F)=N1"
"",NA,"MJLPBBJRGAKZKE-UHFFFAOYSA-O","C14H17F13NO2",478.105170644,"C[N+](C)(CCCCC(F)(F)C(F)(F)C(F)(F)C(F)(F)C(F)(F)C(F)(F)F)CC(=O)O"
"DTXSID90896696","CAS_RN: 61726-44-1","MJRRAUCJAYEEOS-UHFFFAOYSA-N","C10H10F13O3P",456.01599767,"COP(=O)(CCC(F)(F)C(F)(F)C(F)(F)C(F)(F)C(F)(F)C(F)(F)F)OC"
"",NA,"MKABTQXTRQQXEW-UHFFFAOYSA-O","C14H28F5N2O8S2",511.120723956,"C[N+](C)(CCC(CO)N(CCCS(=O)(=O)O)S(=O)(=O)C(F)(F)C(F)(F)F)CC(O)CO"
"DTXSID20895253","CAS_RN: 81664-99-5","MKCLKYVGKLMDNW-UHFFFAOYSA-N","C10H7F7",260.043597764,"FC(F)(F)C(F)(F)C(F)(F)Cc1ccccc1"
"DTXSID40896065","CAS_RN: 425-20-7","MKGSIZTXMDXSMT-UHFFFAOYSA-N","C8H8F7NO2",283.044326036,"O=C(N1CCOCC1)C(F)(F)C(F)(F)C(F)(F)F"
"DTXSID50371479","CAS_RN: 16486-97-8","MKLCOZPKBKKNKG-UHFFFAOYSA-N","C6ClF12I",461.85416432,"FC(F)(Cl)C(F)(F)C(F)(F)C(F)(F)C(F)(F)C(F)(F)I"
"","CAS_RN: 94159-89-4","MKLVTMHFPWJJQW-UHFFFAOYSA-N","C15H12F19NO3",615.051379424,"CN(CC(=O)O)CC(O)CC(F)(F)C(F)(F)C(F)(F)C(F)(F)C(F)(F)C(F)(F)C(F)(C(F)(F)F)C(F)(F)F"
"DTXSID10896097","CAS_RN: 70501-47-2","MKTHGMLBIHQPEW-UHFFFAOYSA-N","C6H3F7N4O",280.019508256,"O=C(Nc1ncn[nH]1)C(F)(F)C(F)(F)C(F)(F)F"
"",NA,"MKTILPAUTHOCHR-UHFFFAOYSA-N","C26H25F29O6",984.1188069,"OCCOCCOCCOCCOCCOCCC(F)(F)C(F)(F)C(F)(F)C(F)(F)C(F)(F)C(F)(F)C(F)(F)C(F)(F)C(F)(F)C(F)(F)C(F)(F)C(F)(F)C(F)(F)C(F)(F)F"
"DTXSID70611905","CAS_RN: 154478-86-1","MKVVMPBOVPRQNY-UHFFFAOYSA-N","C10H9F13",376.049667148,"CCCCC(F)(F)C(F)(F)C(F)(F)C(F)(F)C(F)(F)C(F)(F)F"
"DTXSID70896391","CAS_RN: 1355554-62-9","MKXUBDUGXDCTII-UHFFFAOYSA-N","C13H11F7O2S",364.036798132,"CCc1c(C(=O)O)ccc(C(F)(C(F)(F)F)C(F)(F)F)c1SC"
"DTXSID10859667","CAS_RN: 1652-63-7","FGTDPZOJJFPWCB-UHFFFAOYSA-N","C14H16F17N2O2S",599.066103492,"C[N+](C)(C)CCCNS(=O)(=O)C(F)(F)C(F)(F)C(F)(F)C(F)(F)C(F)(F)C(F)(F)C(F)(F)C(F)(F)F"
"DTXSID90895982","CAS_RN: 70862-62-3","MLJAMLDEJNIELD-UHFFFAOYSA-N","C12H6F8O2",334.024005192,"O=C(CC(=O)C(F)(F)C(F)(F)C(F)(F)F)c1ccc(F)cc1"
"DTXSID60896542","CAS_RN: 312943-34-3","MLKBOEILAZUIPH-UHFFFAOYSA-N","C15H5F17O4",571.99163838,"O=C(Oc1ccccc1)C(F)(OC(F)(F)C(F)(OC(F)(F)C(F)(F)C(F)(F)F)C(F)(F)F)C(F)(F)F"
"DTXSID20892585","CAS_RN: 1513864-07-7","MLRBWXVBYIXMHE-UHFFFAOYSA-N","C21H18F25NO4S2",887.027805556,"CC(C)(CS(=O)(=O)O)NC(=O)CCSCCC(F)(F)C(F)(F)C(F)(F)C(F)(F)C(F)(F)C(F)(F)C(F)(F)C(F)(F)C(F)(F)C(F)(F)C(F)(F)C(F)(F)F"
"DTXSID40144396","CAS_RN: 101947-16-4","MLXDKRSDUJLNAB-UHFFFAOYSA-N","C16H19F17O3Si",610.083200738,"CCO[Si](CCC(F)(F)C(F)(F)C(F)(F)C(F)(F)C(F)(F)C(F)(F)C(F)(F)C(F)(F)F)(OCC)OCC"
"DTXSID90895447","CAS_RN: 677324-22-0","MMAZMULOSQZKJE-UHFFFAOYSA-N","C25H25F27",838.15251274,"CCCCCCCCCCCCC(F)(F)C(F)(F)C(F)(F)C(F)(F)C(F)(F)C(F)(F)C(F)(F)C(F)(F)C(F)(F)C(F)(F)C(F)(F)C(F)(F)C(F)(F)F"
"DTXSID90895548","CAS_RN: 133391-64-7","MMBORSWNOGXQSF-UHFFFAOYSA-N","C7H3F7N2",248.018445636,"FC(F)(F)C(F)(F)C(F)(F)c1ncccn1"
"DTXSID80895395","CAS_RN: 959462-53-4","MMCIGPKUQANRMI-UHFFFAOYSA-N","C18H12F26",722.052384104,"FC(F)(F)C(F)(F)C(F)(F)C(F)(F)C(F)(F)C(F)(F)CCCCCCC(F)(F)C(F)(F)C(F)(F)C(F)(F)C(F)(F)C(F)(F)F"
"DTXSID60296260","CAS_RN: 7079-86-9","MMHHDSOESNPFFR-UHFFFAOYSA-N","C7H6F7NO4",301.018505212,"O=C(O)CC(C[N+](=O)[O-])C(F)(F)C(F)(F)C(F)(F)F"
"DTXSID30895683","CAS_RN: 139226-05-4","MMHLDEGBUZDZPA-UHFFFAOYSA-N","C12H8F10",342.046632456,"FC(F)(F)C(C#CC(F)(F)C(F)(F)C(F)(F)F)=C1CCCC1"
"DTXSID90509057","CAS_RN: 61894-06-2","MMQBZJXQJGQEHQ-UHFFFAOYSA-N","C9H11F5O3",262.062835312,"CC(C)(C)C(=O)CC(=O)C(F)(F)OC(F)(F)F"
"DTXSID70895344","CAS_RN: 25431-52-1","MMTLEFYJOUMOHF-UHFFFAOYSA-N","C19H24F15I",664.068322068,"CCCCCCCCCCC(I)CC(F)(F)C(F)(F)C(F)(F)C(F)(F)C(F)(F)C(F)(F)C(F)(F)F"
"DTXSID5061954","CAS_RN: 1765-48-6","MMYNPHSPRPZSSN-UHFFFAOYSA-N","C11H2F20O2",545.973543704,"O=C(O)C(F)(F)C(F)(F)C(F)(F)C(F)(F)C(F)(F)C(F)(F)C(F)(F)C(F)(F)C(F)(F)C(F)F"
"DTXSID60379704","CAS_RN: 98573-25-2","MMZXPRQMECEMRJ-UHFFFAOYSA-N","C10H9F9O3",348.040798128,"C=CC(=O)OCC(O)CC(F)(F)C(F)(F)C(F)(F)C(F)(F)F"
"DTXSID50760102","CAS_RN: 96573-73-8","MNBWQFQWDVQHGA-UHFFFAOYSA-N","C14H7F17N2O",542.028692584,"Nc1ccc(OC(F)(F)C(F)(F)C(F)(F)C(F)(F)C(F)(F)C(F)(F)C(F)(F)C(F)(F)F)c(N)c1"
"DTXSID8071356","CAS_RN: 68259-12-1","MNEXVZFQQPKDHC-UHFFFAOYSA-N","C9HF19O3S",549.934301072,"O=S(=O)(O)C(F)(F)C(F)(F)C(F)(F)C(F)(F)C(F)(F)C(F)(F)C(F)(F)C(F)(F)C(F)(F)F"
"DTXSID00895918","CAS_RN: 75668-28-9","MNNLGTKVUUOSTQ-UHFFFAOYSA-N","C10H14F7NO",297.096361608,"CCCCCCNC(=O)C(F)(F)C(F)(F)C(F)(F)F"
"DTXSID00583368","CAS_RN: 609816-23-1","MNOIHTZEQBURKA-UHFFFAOYSA-N","C17H12F17N",553.069829124,"NCc1ccc(CCC(F)(F)C(F)(F)C(F)(F)C(F)(F)C(F)(F)C(F)(F)C(F)(F)C(F)(F)F)cc1"
"","CAS_RN: 1612778-42-3","MNOQSFWFAAAFIK-UHFFFAOYSA-N","C8H6F9NO3S",366.992468032,"CCOC(=O)C=NS(=O)C(F)(F)C(F)(F)C(F)(F)C(F)(F)F"
"DTXSID10880178","CAS_RN: 2160-89-6","MNSWITGNWZSAMC-UHFFFAOYSA-N","C6H4F6O2",222.011548688,"C=CC(=O)OC(C(F)(F)F)C(F)(F)F"
"DTXSID8062600","CAS_RN: 3872-25-1","ACEKLXZRZOWKRY-UHFFFAOYSA-N","C5HF11O3S",349.947075312,"O=S(=O)(O)C(F)(F)C(F)(F)C(F)(F)C(F)(F)C(F)(F)F"
"","CAS_RN: 85284-15-7","VNGBANOXNNXMES-UHFFFAOYSA-N","C15H5F17O4S",603.96370938,"O=S(=O)(O)c1ccc(OC(F)(C(=C(F)C(F)(C(F)(F)F)C(F)(F)F)C(F)(F)F)C(F)(F)C(F)(F)F)cc1"
"DTXSID50895589","CAS_RN: 1980064-30-9","MOHPJJQBMZLKSR-UHFFFAOYSA-N","C28H14F42I2",1401.851431688,"FC(F)(F)C(F)(F)C(F)(F)C(F)(F)C(F)(F)C(F)(F)C(F)(F)C(F)(F)C(F)(F)C(F)(F)CC(I)CCCCC(I)CC(F)(F)C(F)(F)C(F)(F)C(F)(F)C(F)(F)C(F)(F)C(F)(F)C(F)(F)C(F)(F)C(F)(F)F"
"",NA,"MOHRJUUZWQXUHK-UHFFFAOYSA-N","C7HClF14O3S",465.911137652,"O=S(=O)(O)C(F)(Cl)C(F)(F)C(F)(F)C(F)(F)C(F)(F)C(F)(F)C(F)(F)F"
"",NA,"MOLOFTDDZKJMNR-OWOJBTEDSA-N","C14HF25O2",675.957734772,"O=C(O)C(F)(F)C(F)(F)C(F)(F)C(F)(F)C(F)(F)C(F)(F)C(F)(F)C(F)(F)C(F)(F)C(F)(F)/C(F)=C(\F)C(F)(F)F"
"DTXSID20895753","CAS_RN: 19108-38-4","MOMGZHIBLGUISR-UHFFFAOYSA-N","C10F14",385.97764508,"Fc1c(F)c(F)c(C(F)(F)C(F)(F)C(F)(F)C(F)(F)F)c(F)c1F"
"DTXSID30896438","CAS_RN: 1355554-46-9","MOMULFNXMSGBHM-UHFFFAOYSA-N","C14H13F7O4S",410.042277436,"CCCS(=O)(=O)c1c(C(F)(C(F)(F)F)C(F)(F)F)ccc(C(=O)O)c1C"
"",NA,"MONIJQFNNNDUEZ-UHFFFAOYSA-O","C12H18F7N2O6S",451.077379836,"C[N+](C)(CCCN(CC(=O)O)S(=O)(=O)C(F)(F)C(F)(F)C(F)(F)F)CC(=O)O"
"DTXSID90181998","CAS_RN: 27607-36-9","MOUDFVMYURTYQA-UHFFFAOYSA-N","C14H14F17NO2",551.075308428,"OCCN(CCO)CCC(F)(F)C(F)(F)C(F)(F)C(F)(F)C(F)(F)C(F)(F)C(F)(F)C(F)(F)F"
"DTXSID50895428","CAS_RN: 1980054-34-9","MOUKMEQUQYGSIA-UHFFFAOYSA-N","C27H33F23",794.221500116,"CCCCCCCCCCCCCCCCC(F)(F)C(F)(F)C(F)(F)C(F)(F)C(F)(F)C(F)(F)C(F)(F)C(F)(F)C(F)(F)C(F)(F)C(F)(F)F"
"",NA,"MPAJVPJYAATCNW-UHFFFAOYSA-N","C5HF11O4S",365.941989932,"O=S(=O)(O)C(F)(F)C(F)(F)C(F)(F)C(F)(F)OC(F)(F)F"
"DTXSID00380056","CAS_RN: 307-46-0","MPAMAEMOVKLPRB-UHFFFAOYSA-N","C11H3F21O",549.984857336,"OCC(F)(F)C(F)(F)C(F)(F)C(F)(F)C(F)(F)C(F)(F)C(F)(F)C(F)(F)C(F)(F)C(F)(F)F"
"DTXSID10379274","CAS_RN: 4316-00-1","MPDWEHWICQEPCD-UHFFFAOYSA-N","C9H10F7I",377.97154586,"FC(F)(F)C(F)(C1CCCCC1I)C(F)(F)F"
"DTXSID9074721","CAS_RN: 594-91-2","MPEFSWGYIJNMCW-UHFFFAOYSA-N","C5F12",287.98083864,"FC(F)(F)C(F)(F)C(F)(C(F)(F)F)C(F)(F)F"
"DTXSID80505826","CAS_RN: 55009-88-6","MPHNQMXBZMOYGA-UHFFFAOYSA-N","C10HF17",443.980679772,"C#CC(F)(F)C(F)(F)C(F)(F)C(F)(F)C(F)(F)C(F)(F)C(F)(F)C(F)(F)F"
"","CAS_RN: 38850-52-1","PHLQZHXBMDKUNG-UHFFFAOYSA-O","C14H18F13N2O4S",557.077969916,"C[N+](C)(C)CCCN(CC(=O)O)S(=O)(=O)C(F)(F)C(F)(F)C(F)(F)C(F)(F)C(F)(F)C(F)(F)F"
"DTXSID60169147","CAS_RN: 1717-50-6","MPOCEMBRPHOCMK-UHFFFAOYSA-N","C2F4S2",163.93775488,"FC1(F)SC(F)(F)S1"
"DTXSID90881385","CAS_RN: 137338-41-1","MPOGCORGEBKYLP-UHFFFAOYSA-N","C32H49F17",756.356281308,"CCCCCCCCCCCCCCCCCCCCCCCCC(F)(F)C(F)(F)C(F)(F)C(F)(F)C(F)(F)C(F)(F)C(F)(F)C(F)(F)F"
"DTXSID20191242","CAS_RN: 378-03-0","MPQDGDVBZJSJIA-UHFFFAOYSA-N","C6HF11O3",329.975004312,"O=C(O)C(F)(F)C(F)(F)OC(F)(F)C(F)(F)C(F)(F)F"
"DTXSID00379925","CAS_RN: 52447-23-1","MPWXHQITWLFMQM-UHFFFAOYSA-N","C9ClF17O",481.93662204,"O=C(Cl)C(F)(F)C(F)(F)C(F)(F)C(F)(F)C(F)(F)C(F)(F)C(F)(F)C(F)(F)F"
"DTXSID30235085","CAS_RN: 858-46-8","MQBPAXAOMVELQG-UHFFFAOYSA-N","C9F15N3",434.9852703,"FC(F)(F)C(F)(F)c1nc(C(F)(F)C(F)(F)F)nc(C(F)(F)C(F)(F)F)n1"
"DTXSID40526456","CAS_RN: 87050-96-2","MQDFWVHNHDFZGQ-UHFFFAOYSA-N","C4H2F7NO2",228.997375844,"O=C(NO)C(F)(F)C(F)(F)C(F)(F)F"
"","CAS_RN: 29811-19-6","QHMPIVAEBDCRKE-UHFFFAOYSA-N","C14H8F12O5S",515.990082996,"O=C(OCC(F)(F)C(F)(F)C(F)(F)C(F)(F)C(F)(F)C(F)F)c1ccccc1S(=O)(=O)O"
"",NA,"MQQKTQILFYQAKB-UHFFFAOYSA-N","C19H30F11NO8S",641.15164834,"CCN(CCOCCOCCOCCOCCOCCO)S(=O)(=O)C(F)(F)C(F)(F)C(F)(F)C(F)(F)C(F)(F)F"
"DTXSID7073488","CAS_RN: 36880-07-6","MQUNHCVXSGLKTJ-UHFFFAOYSA-N","C13H11F17OS",538.025915712,"OCCCSCCC(F)(F)C(F)(F)C(F)(F)C(F)(F)C(F)(F)C(F)(F)C(F)(F)C(F)(F)F"
"",NA,"MQXOQXJTHNLHTF-UHFFFAOYSA-N","C5HF11O4S",365.941989932,"O=S(=O)(O)C(F)(F)OC(F)(F)C(F)(C(F)(F)F)C(F)(F)F"
"DTXSID40381087","CAS_RN: 330562-43-1","MRBIEXKSTURAOV-UHFFFAOYSA-N","C5H3F9O3",281.993847936,"OCC(F)(F)OC(F)(F)C(F)(F)OC(F)(F)F"
"","CAS_RN: 94200-53-0","NHRSTIMJUAZKIG-UHFFFAOYSA-N","C20H8F35O5P",1023.955047686,"O=P(O)(O)OCC(O)CC(F)(F)C(F)(F)C(F)(F)C(F)(F)C(F)(F)C(F)(F)C(F)(F)C(F)(F)C(F)(F)C(F)(F)C(F)(F)C(F)(F)C(F)(F)C(F)(F)C(F)(C(F)(F)F)C(F)(F)F"
"",NA,"MRKCUDDUFCQILC-UHFFFAOYSA-O","C15H22F13N2O5S2",621.076255664,"CN(CCC[N+](C)(C)CCCS(=O)(=O)O)S(=O)(=O)C(F)(F)C(F)(F)C(F)(F)C(F)(F)C(F)(F)C(F)(F)F"
"",NA,"MRLPVROGOQAYDW-UHFFFAOYSA-N","C11HF21O3",579.959036512,"O=C(O)C(F)(F)C(F)(F)C(F)(F)C(F)(F)C(F)(F)C(F)(F)C(F)(F)C(F)(F)C(F)(F)OC(F)(F)F"
"DTXSID00895195","CAS_RN: 53626-95-2","MRPSASLEFZGUCD-UHFFFAOYSA-N","C8H6F11I",437.933858612,"FC(F)(CCI)CC(F)(F)C(F)(F)C(F)(F)C(F)(F)F"
"DTXSID4059881","CAS_RN: 356-24-1","MRPUVAKBXDBGJQ-UHFFFAOYSA-N","C5H3F7O2",228.002126876,"COC(=O)C(F)(F)C(F)(F)C(F)(F)F"
"DTXSID50562865","CAS_RN: 15715-47-6","KPBOPOXIOBBZTR-UHFFFAOYSA-N","C8HF15O2",413.973702572,"O=C(O)C(F)(F)C(F)(F)C(F)(F)C(F)(F)C(F)(C(F)(F)F)C(F)(F)F"
"",NA,"MRVNAVPFCDGBMW-UHFFFAOYSA-O","C15H20F11N2O6S",565.08664278,"C[N+](C)(CCCN(CCC(=O)O)S(=O)(=O)C(F)(F)C(F)(F)C(F)(F)C(F)(F)C(F)(F)F)CC(=O)O"
"DTXSID70881065","CAS_RN: 93857-52-4","JXRICVNTWCQEIT-UHFFFAOYSA-N","C17H6F31O4P",893.950870122,"O=P(O)(O)OCCC(F)(F)C(F)(F)C(F)(F)C(F)(F)C(F)(F)C(F)(F)C(F)(F)C(F)(F)C(F)(F)C(F)(F)C(F)(F)C(F)(F)C(F)(C(F)(F)F)C(F)(F)F"
"DTXSID3059977","CAS_RN: 424-40-8","MSDPXVBLFJODJO-UHFFFAOYSA-N","C9H10F6O4",296.04832812,"CCOC(=O)C(F)(F)C(F)(F)C(F)(F)C(=O)OCC"
"",NA,"MSDRTNSYKMRDIE-UHFFFAOYSA-O","C14H22F9N2O8S2",581.067386644,"C[N+](C)(CCCN(CC(=O)O)S(=O)(=O)C(F)(F)C(F)(F)C(F)(F)C(F)(F)F)CC(O)CS(=O)(=O)O"
"",NA,"MSJUPIYQOIUUBT-OWOJBTEDSA-N","C10HF17O2",475.970509012,"O=C(O)C(F)(F)C(F)(F)C(F)(F)C(F)(F)C(F)(F)/C(F)=C(\F)C(F)(F)C(F)(F)F"
"DTXSID9065443","CAS_RN: 13417-01-1","MSJXTBMNRCTIDR-UHFFFAOYSA-N","C13H13F17N2O2S",584.042628396,"CN(C)CCCNS(=O)(=O)C(F)(F)C(F)(F)C(F)(F)C(F)(F)C(F)(F)C(F)(F)C(F)(F)C(F)(F)F"
"DTXSID50895721","CAS_RN: 142706-74-9","MSKXUCZYFWBJQG-UHFFFAOYSA-N","C10H8F7NO",291.049411416,"Nc1ccc(OCC(F)(F)C(F)(F)C(F)(F)F)cc1"
"DTXSID20895571","CAS_RN: 136905-37-8","MSMPYUBTQHQODZ-UHFFFAOYSA-N","C9H9F9O2",320.045883508,"CCOC(=O)CCC(F)(F)C(F)(F)C(F)(F)C(F)(F)F"
"DTXSID60379284","CAS_RN: 26537-88-2","MSOLHCPBFWYOSH-UHFFFAOYSA-N","C6H3F11O2",315.995739756,"OCC(F)(OC(F)(F)C(F)(F)C(F)(F)F)C(F)(F)F"
"","CAS_RN: 67939-95-1","VFXIIEQKSPWYPX-UHFFFAOYSA-N","C10H16F9N2O2S",399.078877732,"C[N+](C)(C)CCCNS(=O)(=O)C(F)(F)C(F)(F)C(F)(F)C(F)(F)F"
"",NA,"MSWCXVZOAMQIMJ-UHFFFAOYSA-N","C14H18F15N2O3S",579.079861736,"C[N+](C)(CCO)CCCNS(=O)(=O)C(F)(F)C(F)(F)C(F)(F)C(F)(F)C(F)(F)C(F)(F)C(F)(F)F"
"DTXSID3059923","CAS_RN: 376-18-1","MSXVQELLSMPBFD-UHFFFAOYSA-N","C9H4F16O",432.000666268,"OCC(F)(F)C(F)(F)C(F)(F)C(F)(F)C(F)(F)C(F)(F)C(F)(F)C(F)F"
"DTXSID40186211","CAS_RN: 32477-35-3","MSYHGYDAVLDKCE-UHFFFAOYSA-N","C7H3F7N2O",264.013360256,"O=C(n1ccnc1)C(F)(F)C(F)(F)C(F)(F)F"
"",NA,"MTMYAROGGYJRPW-UHFFFAOYSA-N","C46H69F25O17",1368.413556248,"OCCOCCOCCOCCOCCOCCOCCOCCOCCOCCOCCOCCOCCOCCOCCOCCOCCC(F)(F)C(F)(F)C(F)(F)C(F)(F)C(F)(F)C(F)(F)C(F)(F)C(F)(F)C(F)(F)C(F)(F)C(F)(F)C(F)(F)F"
"DTXSID80895653","CAS_RN: 82396-51-8","MTNQRVPPULDKMX-UHFFFAOYSA-N","C15H7F17",510.027629964,"Cc1ccc(C(F)(F)C(F)(F)C(F)(F)C(F)(F)C(F)(F)C(F)(F)C(F)(F)C(F)(F)F)cc1"
"DTXSID90895588","CAS_RN: 1365808-09-8","MTSOMQACIQLZKS-UHFFFAOYSA-N","C6H2F10O2",295.989511504,"O=C(OCC(F)(F)C(F)(F)C(F)(F)F)C(F)(F)F"
"","CAS_RN: 93776-14-8","IYAILADQVOJMHN-UHFFFAOYSA-O","C19H24F17N2O3",651.151547368,"C[N+](C)(CCCNCC(O)CC(F)(F)C(F)(F)C(F)(F)C(F)(F)C(F)(F)C(F)(F)C(F)(F)C(F)(F)F)CCC(=O)O"
"DTXSID10404732","CAS_RN: 325459-92-5","MTUBRWIMDWTZST-UHFFFAOYSA-N","C48H24F51P",1600.080126618,"FC(F)(F)C(F)(F)C(F)(F)C(F)(F)C(F)(F)C(F)(F)C(F)(F)C(F)(F)CCc1ccc(P(c2ccc(CCC(F)(F)C(F)(F)C(F)(F)C(F)(F)C(F)(F)C(F)(F)C(F)(F)C(F)(F)F)cc2)c2ccc(CCC(F)(F)C(F)(F)C(F)(F)C(F)(F)C(F)(F)C(F)(F)C(F)(F)C(F)(F)F)cc2)cc1"
"DTXSID30895486","CAS_RN: 109799-66-8","MTUYJNFDNUPNFQ-UHFFFAOYSA-N","C6H5F7O2",242.01777694,"FC(F)(F)C(F)(F)C(F)(F)C1OCCO1"
"DTXSID0065931","CAS_RN: 15742-62-8","MTWYDIQAJFAPGH-UHFFFAOYSA-N","C9F18O",465.96617258,"O=C(F)C(F)(F)C(F)(F)C(F)(F)C(F)(F)C(F)(F)C(F)(C(F)(F)F)C(F)(F)F"
"","CAS_RN: 93776-17-1","AKQAVWIRXVCNOB-UHFFFAOYSA-N","C18H19F21NO3",696.102961088,"C[N+](CCO)(CCO)CC(O)CC(F)(F)C(F)(F)C(F)(F)C(F)(F)C(F)(F)C(F)(F)C(F)(F)C(F)(F)C(F)(F)C(F)(F)F"
"DTXSID10880219","CAS_RN: 15364-19-9","MUCVGEGAZDOIDJ-UHFFFAOYSA-N","C19H21F17O",588.132095032,"OCCCCCCCCCC=CC(F)(F)C(F)(F)C(F)(F)C(F)(F)C(F)(F)C(F)(F)C(F)(F)C(F)(F)F"
"","CAS_RN: 171184-15-9","MUFIWHPMPKICTJ-UHFFFAOYSA-O","C14H15F15NO2",514.08632702,"C[N+](C)(CCCC(F)(F)C(F)(F)C(F)(F)C(F)(F)C(F)(F)C(F)(F)C(F)(F)F)CC(=O)O"
"",NA,"MUFIWHPMPKICTJ-UHFFFAOYSA-O","C14H15F15NO2",514.08632702,"C[N+](C)(CCCC(F)(F)C(F)(F)C(F)(F)C(F)(F)C(F)(F)C(F)(F)C(F)(F)F)CC(=O)O"
"DTXSID30172360","CAS_RN: 93776-21-7","FHENBBPEACDTCF-UHFFFAOYSA-N","C24H9F42O4P",1189.956780638,"O=P(O)(OCCC(F)(F)C(F)(F)C(F)(F)C(F)(F)C(F)(F)C(F)(F)C(F)(F)C(F)(F)C(F)(F)C(F)(F)F)OCCC(F)(F)C(F)(F)C(F)(F)C(F)(F)C(F)(F)C(F)(F)C(F)(F)C(F)(F)C(F)(F)C(F)(F)F"
"",NA,"MUJWZOXWZZALDQ-UHFFFAOYSA-N","C34H41F29O10",1160.223665892,"OCCOCCOCCOCCOCCOCCOCCOCCOCCOCCC(F)(F)C(F)(F)C(F)(F)C(F)(F)C(F)(F)C(F)(F)C(F)(F)C(F)(F)C(F)(F)C(F)(F)C(F)(F)C(F)(F)C(F)(F)C(F)(F)F"
"DTXSID60880986","CAS_RN: 81126-57-0","MULWMWPAUVOGLW-UHFFFAOYSA-N","C5ClF9O4S",361.90621114,"O=C(F)C(F)(OC(F)(F)C(F)(F)S(=O)(=O)F)C(F)(F)Cl"
"DTXSID3045011","CAS_RN: 111873-33-7","DZLFLBLQUQXARW-UHFFFAOYSA-N","C16H36N",242.284775152,"CCCC[N+](CCCC)(CCCC)CCCC"
"DTXSID30896716","CAS_RN: 92681-65-7","MUVDADSEPBGINH-UHFFFAOYSA-N","C9H2F17NO2",478.981408044,"NC(=O)OC(F)(C(F)(F)F)C(F)(F)C(F)(F)C(F)(F)C(F)(F)C(F)(F)C(F)(F)F"
"DTXSID80336758","CAS_RN: 189237-57-8","MVIFGNOCDBZRPJ-UHFFFAOYSA-N","C9H9F7O3",298.043991688,"CCOC(=O)C(C(C)=O)C(F)(F)C(F)(F)C(F)(F)F"
"DTXSID20896548","CAS_RN: 60799-27-1","MVLBMYHONBYWAB-UHFFFAOYSA-N","C15BrF23O2",727.8714404,"Fc1c(F)c(C(F)(F)C(F)(OC(F)(F)C(F)(OC(F)(F)C(F)(F)C(F)(F)F)C(F)(F)F)C(F)(F)F)c(F)c(F)c1Br"
"DTXSID60785169","CAS_RN: 49676-71-3","MVOSMHMFUFQGRI-UHFFFAOYSA-N","C10H6F15I",537.927471492,"FC(F)(CCI)CC(F)(F)C(F)(F)C(F)(F)C(F)(F)C(F)(F)C(F)(F)F"
"DTXSID6070512","CAS_RN: 67584-61-6","MVZJFKDUUZOQFM-UHFFFAOYSA-N","C13H12F13NO4S",525.027945724,"C=C(C)C(=O)OCCN(C)S(=O)(=O)C(F)(F)C(F)(F)C(F)(F)C(F)(F)C(F)(F)C(F)(F)F"
"DTXSID10880239","CAS_RN: 26030-46-6","MWFKCAONPRJVKK-UHFFFAOYSA-N","C9H3F4NO3",249.004905836,"O=C=Nc1ccc2c(c1)C(F)(F)OC(F)(F)O2"
"DTXSID20880144","CAS_RN: 663-35-4","MWGSZQXKIYWSFS-UHFFFAOYSA-N","C7H7F5O3",234.031535184,"CCOC(=O)CC(=O)C(F)(F)C(F)(F)F"
"DTXSID30896034","CAS_RN: 56663-38-8","MWKPDUBQHYIABV-UHFFFAOYSA-N","C10H12F7NO",295.080711544,"O=C(NC1CCCCC1)C(F)(F)C(F)(F)C(F)(F)F"
"","CAS_RN: 68957-57-3","CFFXMGKYQIYDHJ-UHFFFAOYSA-N","C11H16F11N2O2S",449.075684172,"C[N+](C)(C)CCCNS(=O)(=O)C(F)(F)C(F)(F)C(F)(F)C(F)(F)C(F)(F)F"
"",NA,"MWQDKRVHHQTYRO-UHFFFAOYSA-N","C42H57F29O14",1336.328524884,"OCCOCCOCCOCCOCCOCCOCCOCCOCCOCCOCCOCCOCCOCCC(F)(F)C(F)(F)C(F)(F)C(F)(F)C(F)(F)C(F)(F)C(F)(F)C(F)(F)C(F)(F)C(F)(F)C(F)(F)C(F)(F)C(F)(F)C(F)(F)F"
"DTXSID50896096","CAS_RN: 626201-15-8","MWRLGFXVCBBSFO-UHFFFAOYSA-N","C11H4F9NO3S",400.976817968,"N#Cc1ccc(OS(=O)(=O)C(F)(F)C(F)(F)C(F)(F)C(F)(F)F)cc1"
"DTXSID00896465","CAS_RN: 862134-26-7","MWWUKIVQAYLTRT-UHFFFAOYSA-N","C26H18F10N2O2",580.120860016,"Cc1cc(C(F)(C(F)(F)F)C(F)(F)F)cc(C)c1NC(=O)c1cccc(N(C)C(=O)c2ccc(F)cc2F)c1F"
"DTXSID70896053","CAS_RN: 117374-38-6","MWYMNQGTKJSXRY-UHFFFAOYSA-N","C16H7F17O2",554.017459204,"O=C(OCc1ccccc1)C(F)(F)C(F)(F)C(F)(F)C(F)(F)C(F)(F)C(F)(F)C(F)(F)C(F)(F)F"
"DTXSID00895377","CAS_RN: 1661005-79-3","MWYPGZOEGJJCBI-UHFFFAOYSA-N","C6H3F11O",300.000825136,"FC(F)OCC(F)(F)C(F)(F)C(F)(F)C(F)(F)F"
"DTXSID00346051","CAS_RN: 157430-71-2","MWZCKSUNMWRVIG-UHFFFAOYSA-N","C5H2F7I",321.908945604,"FC(F)(F)C(F)(F)C(F)(F)C=CI"
"DTXSID00346051","CAS_RN: 376-97-6","MWZCKSUNMWRVIG-UHFFFAOYSA-N","C5H2F7I",321.908945604,"FC(F)(F)C(F)(F)C(F)(F)C=CI"
"DTXSID40896005","CAS_RN: 31430-72-5","MXDLFIUWYJPRPF-UHFFFAOYSA-N","C14H9F14O3P",522.006575858,"O=P(OCC(F)(F)C(F)(F)C(F)(F)F)(OCC(F)(F)C(F)(F)C(F)(F)F)c1ccccc1"
"",NA,"MXPRINKCJCMRKD-UHFFFAOYSA-N","C12H19F9NOS",396.104364208,"C[N+](C)(C)CC(O)CSCCC(F)(F)C(F)(F)C(F)(F)C(F)(F)F"
"",NA,"MXUUQVSLPWLSPB-UHFFFAOYSA-O","C11H20F7N2O6S2",473.0651009,"C[N+](C)(CCCNS(=O)(=O)C(F)(F)C(F)(F)C(F)(F)F)CC(O)CS(=O)(=O)O"
"DTXSID7068556","CAS_RN: 73772-33-5","INDOGKYZYLAGEM-UHFFFAOYSA-N","C11H13F13N2O2S",484.049015516,"CN(C)CCCNS(=O)(=O)C(F)(F)C(F)(F)C(F)(F)C(F)(F)C(F)(F)C(F)(F)F"
"DTXSID90895205","CAS_RN: 1287702-48-0","MXWAWYKEMQNBBF-UHFFFAOYSA-N","C11H11F13",390.065317212,"CCCCCC(F)(F)C(F)(F)C(F)(F)C(F)(F)C(F)(F)C(F)(F)F"
"","CAS_RN: 68568-54-7","MXZQWVAPKMXMBF-UHFFFAOYSA-N","C18H6Cl4F9NO6S",674.852622612,"O=C(O)c1c(Cl)c(Cl)c(Cl)c(Cl)c1C(=O)Nc1cccc(OS(=O)(=O)C(F)(F)C(F)(F)C(F)(F)C(F)(F)F)c1"
"DTXSID60895318","CAS_RN: 13050-20-9","MYGNZRIQAZMQDD-UHFFFAOYSA-N","C4H2ClF7N2",245.979473284,"N=C(NCl)C(F)(F)C(F)(F)C(F)(F)F"
"DTXSID6073075","CAS_RN: 118337-09-0","MYMKXVFDVQUQLG-UHFFFAOYSA-N","C30H44FO2P",486.306295498,"CC1c2cc(C(C)(C)C)cc(C(C)(C)C)c2OP(F)Oc2c1cc(C(C)(C)C)cc2C(C)(C)C"
"",NA,"MYOALHJBESBBPK-UHFFFAOYSA-N","C10H18F7N2O2S",363.097721356,"CN(CCC[N+](C)(C)C)S(=O)(=O)C(F)(F)C(F)(F)C(F)(F)F"
"","CAS_RN: 113933-98-5","MYTOORQJRVEUKE-UHFFFAOYSA-O","C18H18F19N2O3",671.101403616,"C[N+](C)(CCCNC(=O)C(F)(F)C(F)(F)C(F)(F)C(F)(F)C(F)(F)C(F)(F)C(F)(F)C(F)(F)C(F)(F)F)CCC(=O)O"
"DTXSID5072773","CAS_RN: 73772-34-6","MYUNUXCBXAGDOB-UHFFFAOYSA-N","C17H25F13N2O5S",616.12765976,"CN(C)CCCN(CCOCCOCCO)S(=O)(=O)C(F)(F)C(F)(F)C(F)(F)C(F)(F)C(F)(F)C(F)(F)F"
"DTXSID90895962","CAS_RN: 168920-97-6","MYWBHGPUNSBHHA-UHFFFAOYSA-N","C13H7F9O2",366.030233444,"O=C(CC(=O)C(F)(F)C(F)(F)C(F)(F)C(F)(F)F)c1ccccc1"
"DTXSID00627413","CAS_RN: 96250-52-1","MYWZAYNXSFHVGM-UHFFFAOYSA-N","C13H6F18O2",536.008037392,"C=C(F)C(=O)OCCC(F)(F)C(F)(F)C(F)(F)C(F)(F)C(F)(F)C(F)(F)C(F)(F)C(F)(F)F"
"DTXSID20896265","CAS_RN: 2212-77-3","MYYIQTVLQVKKEC-UHFFFAOYSA-N","C24H4Cl4F30O4",1065.838465928,"O=C(OCC(F)(F)C(F)(F)C(F)(F)C(F)(F)C(F)(F)C(F)(F)C(F)(F)F)c1c(Cl)c(Cl)c(Cl)c(Cl)c1C(=O)OCC(F)(F)C(F)(F)C(F)(F)C(F)(F)C(F)(F)C(F)(F)C(F)(F)F"
"DTXSID90880136","CAS_RN: 375-63-3","MYZMPPUVPXNBEL-UHFFFAOYSA-N","C4HCl3F8Si",333.878535362,"FC(F)C(F)(F)C(F)(F)C(F)(F)[Si](Cl)(Cl)Cl"
"DTXSID70892616","CAS_RN: 574715-86-9","MYZWFVHLWUGKHG-UHFFFAOYSA-N","C10HClF18O2",529.937764912,"O=C(O)C(F)(F)C(F)(F)C(F)(F)C(F)(F)C(F)(F)C(F)(F)C(F)(F)C(F)(F)C(F)(F)Cl"
"DTXSID50612617","CAS_RN: 2070-78-2","MZEWTRVTJJVHCA-UHFFFAOYSA-N","C8H2F16",401.990101584,"FCC(F)(F)C(F)(F)C(F)(F)C(F)(F)C(F)(F)C(F)(F)C(F)(F)F"
"DTXSID10293289","CAS_RN: 4314-49-2","MZLYKMPRNWAFSI-UHFFFAOYSA-N","C5HF7N2O2",253.992624812,"O=c1nc(C(F)(F)C(F)(F)C(F)(F)F)[nH]o1"
"","CAS_RN: 326475-44-9","LFOIJJCVEAHCEW-UHFFFAOYSA-N","C42H14F49P",1480.005069858,"FC(F)(F)C(F)(F)C(F)(F)C(F)(F)CC(F)(F)C(F)(F)C(F)(F)c1ccc(P(c2ccc(C(F)(F)C(F)(F)C(F)(F)C(F)(F)C(F)(F)C(F)(F)C(F)(F)C(F)(F)F)cc2)c2ccc(C(F)(F)C(F)(F)C(F)(F)C(F)(F)C(F)(F)C(F)(F)C(F)(F)C(F)(F)F)cc2)cc1"
"DTXSID90550923","CAS_RN: 115479-06-6","MZZDFAKNMZPUCE-UHFFFAOYSA-N","C10H9F7O4",326.038906308,"CCOC(=O)C(C(C)=O)C(=O)C(F)(F)C(F)(F)C(F)(F)F"
"DTXSID70895682","CAS_RN: 1392881-17-2","MZZMFOVBQGDNTB-UHFFFAOYSA-N","C10H11F7O2S",328.036798132,"CCSC(=O)C(CC(C)=O)C(F)(F)C(F)(F)C(F)(F)F"
"DTXSID70896533","CAS_RN: 1005033-64-6","NAACZQXGLFTQLX-UHFFFAOYSA-N","C19H3F35O7",1007.931990136,"COC(=O)C(F)(OC(F)(F)C(F)(OC(F)(F)C(F)(OC(F)(F)C(F)(OC(F)(F)C(F)(OC(F)(F)C(F)(F)C(F)(F)F)C(F)(F)F)C(F)(F)F)C(F)(F)F)C(F)(F)F)C(F)(F)F"
"DTXSID50896556","CAS_RN: 176702-75-3","NAAVGJAQOMZPSW-UHFFFAOYSA-N","C14H10F17NO3",563.03892292,"O=C(N1CCCCC1)C(F)(OC(F)(F)C(F)(OC(F)(F)C(F)(F)C(F)(F)F)C(F)(F)F)C(F)(F)F"
"DTXSID40896000","CAS_RN: 515163-04-9","NAAZVBWIBHEFHC-UHFFFAOYSA-N","C13H9F7O3",346.043991688,"COc1ccc(C(=O)CC(=O)C(F)(F)C(F)(F)C(F)(F)F)cc1"
"DTXSID70896396","CAS_RN: 1355554-66-3","NAHRLDLWXIFVMJ-UHFFFAOYSA-N","C14H13F7O2S",378.052448196,"CCSc1c(C(F)(C(F)(F)F)C(F)(F)F)ccc(C(=O)O)c1CC"
"","CAS_RN: 70755-50-9|93644-65-6","NAIPGGGRAGKHJB-UHFFFAOYSA-N","C7HF15O5S",481.930517432,"O=S(=O)(O)C(F)(F)C(F)(F)OC(F)(C(F)(F)F)C(F)(F)OC(F)(F)C(F)(F)F"
"DTXSID50896177","CAS_RN: 560092-29-7","NALAEANMNNNTHF-UHFFFAOYSA-N","C12H11F13N2O",446.066379832,"CN1CCN(C(=O)C(F)(F)C(F)(F)C(F)(F)C(F)(F)C(F)(F)C(F)(F)F)CC1"
"",NA,"NANWJVSAIKDAJZ-UHFFFAOYSA-N","C26H37F17O9",816.216612504,"OCCOCCOCCOCCOCCOCCOCCOCCOCCC(F)(F)C(F)(F)C(F)(F)C(F)(F)C(F)(F)C(F)(F)C(F)(F)C(F)(F)F"
"",NA,"NAUFVZVWCKCVPL-OWOJBTEDSA-N","C7HF11O3",341.975004312,"O=C(O)C(F)(F)OC(F)(F)C(F)(F)/C(F)=C(\F)C(F)(F)F"
"DTXSID20382153","CAS_RN: 62038-08-8","NBBJALWGNSZLRP-UHFFFAOYSA-N","C7F13N",344.98231586,"N#CC(F)(F)C(F)(F)C(F)(F)C(F)(F)C(F)(F)C(F)(F)F"
"DTXSID80880387","CAS_RN: 33496-48-9","NBEDTLDKOMPAQK-UHFFFAOYSA-N","C16F30O3",809.93684046,"O=C(OC(=O)C(F)(F)C(F)(F)C(F)(F)C(F)(F)C(F)(F)C(F)(F)C(F)(F)F)C(F)(F)C(F)(F)C(F)(F)C(F)(F)C(F)(F)C(F)(F)C(F)(F)F"
"DTXSID3071351","CAS_RN: 68259-06-3","NBFKXQZHVNHRSB-UHFFFAOYSA-N","C9F20O2S",551.92996464,"O=S(=O)(F)C(F)(F)C(F)(F)C(F)(F)C(F)(F)C(F)(F)C(F)(F)C(F)(F)C(F)(F)C(F)(F)F"
"DTXSID80462864","CAS_RN: 109603-73-8","NBGPKUJGJLFFFP-UHFFFAOYSA-N","C12H16F9I",458.015302492,"CCCCCCC(I)CC(F)(F)C(F)(F)C(F)(F)C(F)(F)F"
"DTXSID70334445","CAS_RN: 354-96-1","NBQYGIPVNCVJJP-UHFFFAOYSA-N","C6F14",337.97764508,"FC(F)(F)C(F)(C(F)(F)F)C(F)(C(F)(F)F)C(F)(F)F"
"DTXSID8058796","CAS_RN: 76-37-9","NBUKAOOFKZFCGD-UHFFFAOYSA-N","C3H4F4O",132.019827628,"OCC(F)(F)C(F)F"
"DTXSID80895916","CAS_RN: 129590-24-5","NBWPDELDSTZRMV-UHFFFAOYSA-N","C11H7F7O3",320.028341624,"O=C(O)c1ccc(OCC(F)(F)C(F)(F)C(F)(F)F)cc1"
"DTXSID10896537","CAS_RN: 928655-42-9","NCAHMWXMGORZAL-UHFFFAOYSA-N","C17H14F23NO3",717.060642368,"CCCNCCCC(F)(OC(F)(F)C(F)(OC(F)(F)C(F)(OC(F)(F)C(F)(F)C(F)(F)F)C(F)(F)F)C(F)(F)F)C(F)(F)F"
"DTXSID50276475","CAS_RN: 36885-31-1","GCTMXWUUEYFTEL-UHFFFAOYSA-N","C10H11F7O2",296.064727132,"CC(C)(C)C(O)=CC(=O)C(F)(F)C(F)(F)C(F)(F)F"
"DTXSID10561152","CAS_RN: 26649-23-0","NCZCIONFCQOOAM-UHFFFAOYSA-N","C7H4F9N",273.020003108,"N#CCCC(F)(F)C(F)(F)C(F)(F)C(F)(F)F"
"DTXSID7067328","CAS_RN: 27619-89-2","NDBZVZPOTNLWLU-UHFFFAOYSA-N","C8H4ClF13O2S",445.941294908,"O=S(=O)(Cl)CCC(F)(F)C(F)(F)C(F)(F)C(F)(F)C(F)(F)C(F)(F)F"
"DTXSID00895751","CAS_RN: 336-30-1","NDFMNNOBKSRVCH-UHFFFAOYSA-N","C12H18F7NO",325.127661736,"CC(C)CN(CC(C)C)C(=O)C(F)(F)C(F)(F)C(F)(F)F"
"DTXSID40377687","CAS_RN: 39187-41-2","NDRNDAZKCQFBST-UHFFFAOYSA-N","C6H3F9O4",309.988762556,"COC(=O)C(F)(F)OC(F)(F)C(F)(F)OC(F)(F)F"
"",NA,"NEGIBKCHKDYAIW-UHFFFAOYSA-N","C32H41F25O10",1060.230053012,"OCCOCCOCCOCCOCCOCCOCCOCCOCCOCCC(F)(F)C(F)(F)C(F)(F)C(F)(F)C(F)(F)C(F)(F)C(F)(F)C(F)(F)C(F)(F)C(F)(F)C(F)(F)C(F)(F)F"
"DTXSID90895644","CAS_RN: 922168-41-0","NEHOYPPKUMDNIR-UHFFFAOYSA-N","C7HF13O2",363.976896132,"O=C(OC(C(F)(F)F)C(F)(F)F)C(F)(F)C(F)(F)C(F)(F)F"
"DTXSID30618238","CAS_RN: 89245-13-6","NEIFNBMQYNENQZ-UHFFFAOYSA-N","C8H9F7N2O",282.060310448,"O=C(N1CCNCC1)C(F)(F)C(F)(F)C(F)(F)F"
"DTXSID20896508","CAS_RN: 183873-55-4","NEIGUPRBJAEGKO-UHFFFAOYSA-N","C11H11F11O3",400.053254632,"CCCCCOC(=O)C(F)(OC(F)(F)C(F)(F)C(F)(F)F)C(F)(F)F"
"DTXSID20158476","CAS_RN: 134051-91-5","NENILPRVDJSLAG-UHFFFAOYSA-N","C25H38F13N2O4P",708.236161186,"O=P(OCCCCCCCCCCCC(F)(F)C(F)(F)C(F)(F)C(F)(F)C(F)(F)C(F)(F)F)(N1CCOCC1)N1CCOCC1"
"DTXSID20895172","CAS_RN: 23885-16-7","NEOGUXPCNJGTPD-UHFFFAOYSA-N","C11H16F7I",408.018496052,"CCCCCCC(I)CC(F)(F)C(F)(F)C(F)(F)F"
"",NA,"NEZVSQDIQCIHOO-UHFFFAOYSA-N","C13H18F13N2O4S",545.077969916,"C[N+](C)(CCO)CC(O)CNS(=O)(=O)C(F)(F)C(F)(F)C(F)(F)C(F)(F)C(F)(F)C(F)(F)F"
"",NA,"NFAWEQJNMWPTMC-UHFFFAOYSA-N","C6HF7O2",237.986476812,"O=C(O)C(F)(F)C(F)=C(F)C(F)=C(F)F"
"DTXSID90881027","CAS_RN: 93776-10-4","NFDIWGSYOGEYNO-UHFFFAOYSA-N","C43H45F23O11",1174.25946132,"CC(=O)CCC(=O)CCC(=O)CCC(=O)CCC(=O)CCC(=O)CCC(=O)CCC(=O)CCC(=O)CCC(=O)CC(O)CC(F)(F)C(F)(F)C(F)(F)C(F)(F)C(F)(F)C(F)(F)C(F)(F)C(F)(F)C(F)(C(F)(F)F)C(F)(F)F"
"DTXSID00895933","CAS_RN: 141822-33-5","NFDMREXGTSXTER-UHFFFAOYSA-N","C14H10F13N",439.06056618,"CN(C)c1ccc(C(F)(F)C(F)(F)C(F)(F)C(F)(F)C(F)(F)C(F)(F)F)cc1"
"DTXSID00698325","CAS_RN: 350716-42-6","NFEFLNJWJYPWIZ-UHFFFAOYSA-N","C22H15F17N2O3",678.08112208,"CC(C)(CCC(F)(F)C(F)(F)C(F)(F)C(F)(F)C(F)(F)C(F)(F)C(F)(F)C(F)(F)F)OC(=O)ON=C(C#N)c1ccccc1"
"DTXSID60904575","CAS_RN: 68136-88-9","VFIFNBRMFPEUOK-UHFFFAOYSA-N","C8HF17O4S",515.932409252,"O=S(=O)(O)C(F)(F)C(F)(F)OC(F)(F)C(F)(F)C(F)(F)C(F)(F)C(F)(F)C(F)(F)F"
"DTXSID70379255","CAS_RN: 6401-01-0","NFLLLSBGBGDVEO-UHFFFAOYSA-N","C5H2F10O3S",331.956497124,"O=S(=O)(OCC(F)(F)C(F)(F)C(F)(F)F)C(F)(F)F"
"",NA,"NFMZAQRWTUWWTQ-UHFFFAOYSA-N","C7HF13O",347.981981512,"OC(F)(F)C(F)(F)C(F)(F)C(F)(F)C(F)=C(F)C(F)(F)F"
"",NA,"NFSFEPNLUWBEDN-UHFFFAOYSA-N","C11H18F5NO4S2",387.059741156,"CC(C)(CS(=O)(=O)O)NC(=O)CCSCCC(F)(F)C(F)(F)F"
"",NA,"NGEDIHQFESSIKU-UHFFFAOYSA-N","C11H18F9N2O3S",429.089442416,"C[N+](C)(CCO)CCCNS(=O)(=O)C(F)(F)C(F)(F)C(F)(F)C(F)(F)F"
"DTXSID00610941","CAS_RN: 262617-19-6","NGEYGRCDNBGSKG-UHFFFAOYSA-N","C12H8F10O",358.041547076,"FC(F)(F)C(F)(F)C(F)(F)OC1(F)C2C3C=CC(C3)C2C1(F)F"
"","CAS_RN: 59493-84-4","BHEOTZBFSQGAAB-UHFFFAOYSA-N","C12H5F11O4S",453.97329006,"O=S(=O)(O)c1ccc(OC(F)=C(F)C(F)(F)C(F)(F)C(F)(F)C(F)(F)F)cc1"
"DTXSID10379719","CAS_RN: 336-06-1","NGSYNEZFBAPQFK-UHFFFAOYSA-N","C6Cl2F8O2",325.91476036,"O=C(Cl)C(F)(F)C(F)(F)C(F)(F)C(F)(F)C(=O)Cl"
"DTXSID90896535","CAS_RN: 78755-31-4","NGWMIKDDFJVFGQ-UHFFFAOYSA-N","C12H5F11O3",406.00630444,"O=C(Oc1ccccc1)C(F)(OC(F)(F)C(F)(F)C(F)(F)F)C(F)(F)F"
"",NA,"NGXUCWBHJUZJMK-UHFFFAOYSA-N","C11H5F17O3",507.99672376,"O=C(O)COCC(F)(F)C(F)(F)C(F)(F)C(F)(F)C(F)(F)C(F)(F)C(F)(F)C(F)(F)F"
"DTXSID60188999","CAS_RN: 355-74-8","NHEKBXPLFJSSBZ-UHFFFAOYSA-N","C6H6F8O2",262.024005192,"OCC(F)(F)C(F)(F)C(F)(F)C(F)(F)CO"
"DTXSID4059883","CAS_RN: 356-45-6","NHJFHUKLZMQIHN-UHFFFAOYSA-N","C6F10O4",325.96369068,"O=C(OOC(=O)C(F)(F)C(F)(F)F)C(F)(F)C(F)(F)F"
"","CAS_RN: 94200-53-0","NHRSTIMJUAZKIG-UHFFFAOYSA-N","C20H8F35O5P",1023.955047686,"O=P(O)(O)OCC(O)CC(F)(F)C(F)(F)C(F)(F)C(F)(F)C(F)(F)C(F)(F)C(F)(F)C(F)(F)C(F)(F)C(F)(F)C(F)(F)C(F)(F)C(F)(F)C(F)(F)C(F)(C(F)(F)F)C(F)(F)F"
"DTXSID2025185","CAS_RN: 165951-17-7","WEHWNAOGRSTTBQ-UHFFFAOYSA-N","C6H15N",101.12044948,"CCCNCCC"
"DTXSID70347030","CAS_RN: 113116-18-0","NICYPDXBQUERJQ-UHFFFAOYSA-N","C9H2F14O2",407.983124384,"O=C(CC(=O)C(F)(F)C(F)(F)C(F)(F)F)C(F)(F)C(F)(F)C(F)(F)F"
"DTXSID30709115","CAS_RN: 35709-14-9","NIJFGUAYRFPTBD-UHFFFAOYSA-N","C8H2F14",363.993295144,"FC(F)(F)C(F)(F)C(F)(F)C=CC(F)(F)C(F)(F)C(F)(F)F"
"DTXSID30709115","CAS_RN: 3910-82-5","NIJFGUAYRFPTBD-UHFFFAOYSA-N","C8H2F14",363.993295144,"FC(F)(F)C(F)(F)C(F)(F)C=CC(F)(F)C(F)(F)C(F)(F)F"
"DTXSID701019144","CAS_RN: 93894-67-8","NIKYAXWJPSOKTP-UHFFFAOYSA-N","C8HF17O3S",499.937494632,"O=S(=O)(O)C(F)(F)C(F)(F)C(F)(F)C(F)(F)C(F)(F)C(F)(C(F)(F)F)C(F)(F)F"
"",NA,"NINMTDZMBDJKGM-UHFFFAOYSA-O","C15H22F11N2O8S2",631.064193084,"C[N+](C)(CCCN(CC(=O)O)S(=O)(=O)C(F)(F)C(F)(F)C(F)(F)C(F)(F)C(F)(F)F)CC(O)CS(=O)(=O)O"
"DTXSID60896022","CAS_RN: 217474-47-0","NIOKERYKVFUYRO-UHFFFAOYSA-N","C12H11F8NO",337.071289732,"CCOC(F)(c1ccccc1N)C(F)(F)C(F)(F)C(F)(F)F"
"","CAS_RN: 68541-01-5","ZDHIRPVPPDUQGP-UHFFFAOYSA-N","C21H6Cl4F15NO6S",824.843041932,"O=C(O)c1c(Cl)c(Cl)c(Cl)c(Cl)c1C(=O)Nc1cccc(OS(=O)(=O)C(F)(F)C(F)(F)C(F)(F)C(F)(F)C(F)(F)C(F)(F)C(F)(F)F)c1"
"DTXSID90895684","CAS_RN: 1816282-96-8","NIQMVKARLYHXNN-UHFFFAOYSA-N","C8H3BrF7N",324.933708736,"FC(F)(F)C(F)(F)C(F)(F)c1ccc(Br)cn1"
"DTXSID00369826","CAS_RN: 307-37-9","NIRPXSQCRWXHNZ-UHFFFAOYSA-N","C10H3F19O",499.988050896,"OCC(F)(F)C(F)(F)C(F)(F)C(F)(F)C(F)(F)C(F)(F)C(F)(F)C(F)(F)C(F)(F)F"
"DTXSID80476365","CAS_RN: 2396-21-6","NIVQJMYIRBMXQV-UHFFFAOYSA-N","C10H5F7O2",290.01777694,"O=C(O)c1ccc(C(F)(C(F)(F)F)C(F)(F)F)cc1"
"DTXSID50896051","CAS_RN: 736-62-9","NIXAZLSKEGYCPS-UHFFFAOYSA-N","C11H7F7N2O",316.044660384,"O=C(NN=Cc1ccccc1)C(F)(F)C(F)(F)C(F)(F)F"
"","CAS_RN: 5074-71-5","NIXDKPKOZYHAIG-UHFFFAOYSA-N","C18H5F10O3P",489.98166285,"Fc1c(F)c(F)c(OP(Oc2ccccc2)Oc2c(F)c(F)c(F)c(F)c2F)c(F)c1F"
"DTXSID40895735","CAS_RN: 922168-38-5","NIYMBGWRZNLLKB-UHFFFAOYSA-N","C8F16O2",431.96428076,"O=C(OC(C(F)(F)F)(C(F)(F)F)C(F)(F)F)C(F)(F)C(F)(F)C(F)(F)F"
"DTXSID50896591","CAS_RN: 1882109-81-0","NIYNIRHIBYCSLY-UHFFFAOYSA-N","C8HF15O2",413.973702572,"O=C(O)C(F)(F)C(F)(C(F)(F)F)C(F)(C(F)(F)F)C(F)(F)C(F)(F)F"
"DTXSID3046613","CAS_RN: 678-26-2","NJCBUSHGCBERSK-UHFFFAOYSA-N","C5F12",287.98083864,"FC(F)(F)C(F)(F)C(F)(F)C(F)(F)C(F)(F)F"
"",NA,"NJFRZAVEQXEECB-UHFFFAOYSA-O","C13H26F5N2O10S3",561.066974132,"C[N+](C)(CCCN(CC(O)CS(=O)(=O)O)S(=O)(=O)C(F)(F)C(F)(F)F)CC(O)CS(=O)(=O)O"
"DTXSID10896592","CAS_RN: 35605-76-6","NJLCWERAEIXEIB-UHFFFAOYSA-N","C8HF15O2",413.973702572,"O=C(O)C(F)(C(F)(F)C(F)(F)F)C(F)(F)C(F)(F)C(F)(F)C(F)(F)F"
"DTXSID40893554","CAS_RN: 170004-70-3","NJPNWBVASFWZAK-UHFFFAOYSA-N","C22H13F34O6P",1049.990684246,"O=P(O)(OCC(O)CC(F)(F)C(F)(F)C(F)(F)C(F)(F)C(F)(F)C(F)(F)C(F)(F)C(F)(F)F)OCC(O)CC(F)(F)C(F)(F)C(F)(F)C(F)(F)C(F)(F)C(F)(F)C(F)(F)C(F)(F)F"
"DTXSID80880185","CAS_RN: 2501-01-1","NJTNZAQULGOGAB-UHFFFAOYSA-N","C10F22O2",569.95470008,"FC(F)(F)C(F)(F)C(F)(F)OC(F)(C(F)(F)F)C(F)(OC(F)(F)C(F)(F)C(F)(F)F)C(F)(F)F"
"DTXSID10896310","CAS_RN: 2396-25-0","NJXBUSGNXYPYDN-UHFFFAOYSA-N","C9H4F8",264.018525888,"Fc1ccc(C(F)(C(F)(F)F)C(F)(F)F)cc1"
"DTXSID20335700","CAS_RN: 424-18-0","NJXMLQHJFDKLKL-UHFFFAOYSA-N","C7H3F11O2",327.995739756,"COC(=O)C(F)(F)C(F)(F)C(F)(F)C(F)(F)C(F)(F)F"
"DTXSID7074616","CAS_RN: 21652-58-4","NKAMGQZDVMQEJL-UHFFFAOYSA-N","C10H3F17",445.996329836,"C=CC(F)(F)C(F)(F)C(F)(F)C(F)(F)C(F)(F)C(F)(F)C(F)(F)C(F)(F)F"
"",NA,"NKBJZWLANCTRAP-UHFFFAOYSA-O","C13H20F9N2O4S",471.1000071,"C[N+](C)(C)CCCN(CCC(=O)O)S(=O)(=O)C(F)(F)C(F)(F)C(F)(F)C(F)(F)F"
"DTXSID50896617","CAS_RN: 64080-43-9","NKCGXGYJCHOICG-UHFFFAOYSA-N","C5F8O",227.98214038,"FC(F)=C(F)OC(F)(F)C(F)=C(F)F"
"DTXSID40896161","CAS_RN: 60839-98-7","NKCOPEDKDHSSGH-UHFFFAOYSA-N","C10HF12NO",378.986652292,"O=C(Nc1c(F)c(F)c(F)c(F)c1F)C(F)(F)C(F)(F)C(F)(F)F"
"",NA,"NKGDYCLBCLNLHS-UHFFFAOYSA-N","C30H33F29O8",1072.171236396,"OCCOCCOCCOCCOCCOCCOCCOCCC(F)(F)C(F)(F)C(F)(F)C(F)(F)C(F)(F)C(F)(F)C(F)(F)C(F)(F)C(F)(F)C(F)(F)C(F)(F)C(F)(F)C(F)(F)C(F)(F)F"
"DTXSID00786953","CAS_RN: 40143-77-9","NKHVPWOARFMIPG-UHFFFAOYSA-N","C12HF26O2P",701.929899622,"O=P(O)(C(F)(F)C(F)(F)C(F)(F)C(F)(F)C(F)(F)C(F)(F)F)C(F)(F)C(F)(F)C(F)(F)C(F)(F)C(F)(F)C(F)(F)F"
"",NA,"NKJIPFATBYXESQ-UHFFFAOYSA-N","C10HF19O4S",577.929215692,"O=C(F)C(F)(F)C(F)(F)C(F)(F)C(F)(F)C(F)(F)C(F)(F)C(F)(F)C(F)(F)C(F)(F)S(=O)(=O)O"
"DTXSID60895176","CAS_RN: 1190430-22-8","NKYOHYCHDHBHKM-UHFFFAOYSA-N","C11H15F9",318.10300446,"CCCCCCCC(F)(F)C(F)(F)C(F)(F)C(F)(F)F"
"DTXSID50617268","CAS_RN: 679-46-9","NLAGAXIWWHZGCK-UHFFFAOYSA-N","C5H3F7O2",228.002126876,"O=C(O)CC(F)(F)C(F)(F)C(F)(F)F"
"DTXSID10191135","CAS_RN: 377-00-4","NLGMQMZUOBUPCW-UHFFFAOYSA-N","C5H2F7NO",225.002461224,"O=C=NCC(F)(F)C(F)(F)C(F)(F)F"
"","CAS_RN: 110086-60-7","PQAOATBZHSOOHQ-UHFFFAOYSA-N","C12H27O3P",250.169781354,"CCCCCCO[PH](=O)OCCCCCC"
"DTXSID50896334","CAS_RN: 390410-82-9","NLUBBCMDGCPSRF-UHFFFAOYSA-N","C15H13F19O",570.066301216,"OCCCCCCC(F)(F)C(F)(F)C(F)(F)C(F)(F)C(F)(F)C(F)(F)C(F)(C(F)(F)F)C(F)(F)F"
"",NA,"NMBLBFBSECLQNE-UHFFFAOYSA-N","C24H29F21O7",828.157795888,"OCCOCCOCCOCCOCCOCCOCCC(F)(F)C(F)(F)C(F)(F)C(F)(F)C(F)(F)C(F)(F)C(F)(F)C(F)(F)C(F)(F)C(F)(F)F"
"DTXSID40337443","CAS_RN: 29819-73-6","NMPABPRKIBGSGW-UHFFFAOYSA-N","C6H7F7O",228.038512384,"OCCCC(F)(C(F)(F)F)C(F)(F)F"
"DTXSID50896273","CAS_RN: 299198-90-6","NMSMFTYYEWHMJX-UHFFFAOYSA-N","C13H5F9N2OS",407.99788776,"O=C(Nc1nc(-c2ccc(F)c(F)c2)cs1)C(F)(F)C(F)(F)C(F)(F)F"
"DTXSID60896289","CAS_RN: 545359-89-5","NMUOCMHRTRQPTH-UHFFFAOYSA-N","C16H12F7N3O3",427.076688784,"CCOC(=O)c1cnn(-c2ccccc2)c1NC(=O)C(F)(F)C(F)(F)C(F)(F)F"
"DTXSID6067331","CAS_RN: 59587-39-2","VIONGDJUYAYOPU-UHFFFAOYSA-N","C8H5F13O3S",427.97518188,"O=S(=O)(O)CCC(F)(F)C(F)(F)C(F)(F)C(F)(F)C(F)(F)C(F)(F)F"
"DTXSID70896412","CAS_RN: 1355554-79-8","NMXPNPXHWNDRTQ-UHFFFAOYSA-N","C16H17F7O2S",406.083748324,"CCc1c(C(=O)O)ccc(C(F)(C(F)(F)F)C(F)(F)F)c1SC(C)CC"
"DTXSID30895289","CAS_RN: 89109-68-2","NMZHRKYJNDJFQW-UHFFFAOYSA-N","C14H5F25",647.99920566,"CCC(F)(F)C(F)(F)C(F)(F)C(F)(F)C(F)(F)C(F)(F)C(F)(F)C(F)(F)C(F)(F)C(F)(F)C(F)(F)C(F)(F)F"
"DTXSID30628059","CAS_RN: 67118-49-4","NNBQJBPSZUKMBM-UHFFFAOYSA-N","C11F22O3",597.9496147,"O=C(C(F)(OC(F)(F)C(F)(F)C(F)(F)F)C(F)(F)F)C(F)(OC(F)(F)C(F)(F)C(F)(F)F)C(F)(F)F"
"DTXSID10895707","CAS_RN: 216389-85-4","NNGYYMQQINPHJN-UHFFFAOYSA-N","C12H9F13O2",432.039496388,"C=CC(=O)OCCCC(F)(F)C(F)(F)C(F)(F)C(F)(F)C(F)(F)C(F)(F)F"
"DTXSID10663105","CAS_RN: 16005-49-5","NNJIYASXBPPIGU-UHFFFAOYSA-N","C5BrF11O",363.89568714,"FC(F)(F)C(F)(OC(F)(F)C(F)(F)Br)C(F)(F)F"
"",NA,"NNJJATPQUWCCTC-UHFFFAOYSA-N","C8HF15O4S",477.935602812,"O=C(F)C(F)(F)C(F)(F)C(F)(F)C(F)(F)C(F)(F)C(F)(F)C(F)(F)S(=O)(=O)O"
"DTXSID4075245","CAS_RN: 423-31-4","NNMVWNQEVYZFRC-UHFFFAOYSA-N","C4HClF8",235.963903472,"FC(F)C(F)(F)C(F)(F)C(F)(F)Cl"
"DTXSID60881019","CAS_RN: 93776-02-4","NNSKOCZMIOWJNF-UHFFFAOYSA-N","C28H24F34O5",1086.108083348,"CC(COCC(O)CC(F)(F)C(F)(F)C(F)(F)C(F)(F)C(F)(F)C(F)(F)C(F)(F)C(F)(F)F)OC(C)COCC(O)CC(F)(F)C(F)(F)C(F)(F)C(F)(F)C(F)(F)C(F)(F)C(F)(F)C(F)(F)F"
"","CAS_RN: 51249-66-2","NNVSZWKJFYBJPR-UHFFFAOYSA-N","C12H2F22",563.980520904,"FC(F)(F)C(F)(F)C(F)(F)C(F)(F)C=CC(F)(F)C(F)(F)C(F)(F)C(F)(F)C(F)(F)C(F)(F)F"
"DTXSID30772920","CAS_RN: 195047-10-0","NNVYAYVEHCWCAR-UHFFFAOYSA-N","C8H5F11O",326.0164752,"O=CCCC(F)(F)C(F)(F)C(F)(F)C(F)(F)C(F)(F)F"
"DTXSID20880442","CAS_RN: 50285-19-3","NNZABWQPYXLJGH-UHFFFAOYSA-N","C9F20",487.9680644,"FC(F)(F)C(F)(F)C(C(F)(F)F)(C(F)(F)C(F)(F)F)C(F)(C(F)(F)F)C(F)(F)F"
"DTXSID70896437","CAS_RN: 1355554-30-1","NOCFTMQAASCYOT-UHFFFAOYSA-N","C15H15F7O3S",408.06301288,"CCCCS(=O)c1c(C(F)(C(F)(F)F)C(F)(F)F)ccc(C(=O)O)c1C"
"DTXSID00880243","CAS_RN: 26738-51-2","NOCLWIPRQIWFMR-UHFFFAOYSA-N","C14HF29O4",783.941176892,"FC(OC(F)(F)C(F)(OC(F)(F)C(F)(OC(F)(F)C(F)(OC(F)(F)C(F)(F)C(F)(F)F)C(F)(F)F)C(F)(F)F)C(F)(F)F)C(F)(F)F"
"DTXSID30897506","CAS_RN: 1401422-22-7","NOGHXMRZDNHCTE-INEHKVIGSA-N","C53H55F17N7O7P",1255.36291347,"COc1ccc(C(OC[C@H]2OC(n3cnc4c(=O)[nH]c(NC(=O)C(C)C)nc43)C[C@@H]2OP(OCCC#N)N(C(C)C)C(C)C)(c2ccccc2)c2ccc(CCC(F)(F)C(F)(F)C(F)(F)C(F)(F)C(F)(F)C(F)(F)C(F)(F)C(F)(F)F)cc2)cc1"
"","CAS_RN: 210491-04-6","NOHLLTHGANBXNS-UHFFFAOYSA-N","C14H11F17",502.058930092,"CCCCC=CC(F)(F)C(F)(F)C(F)(F)C(F)(F)C(F)(F)C(F)(F)C(F)(F)C(F)(F)F"
"","CAS_RN: 36525-64-1","NONRDSNPLHJJPO-UHFFFAOYSA-N","C4H2F10N2O2",299.995659504,"ON(C(F)(F)F)C(F)(F)C(F)(F)N(O)C(F)(F)F"
"DTXSID7074909","CAS_RN: 375-03-1","NOPJRYAFUXTDLX-UHFFFAOYSA-N","C4H3F7O",200.007212256,"COC(F)(F)C(F)(F)C(F)(F)F"
"DTXSID80285777","CAS_RN: 559-99-9","NOQZTHSTUPFMOL-UHFFFAOYSA-N","C10H9F7O2",294.049077068,"CC(C)=CC(=O)CC(=O)C(F)(F)C(F)(F)C(F)(F)F"
"DTXSID50509058","CAS_RN: 80284-42-0","NOSIICKOBIURRM-UHFFFAOYSA-N","C11H13F7O2",310.080377196,"CCC(CC)C(=O)CC(=O)C(F)(F)C(F)(F)C(F)(F)F"
"DTXSID80896180","CAS_RN: 1131890-97-5","NPAMPMCSCRUCAB-UHFFFAOYSA-N","C11H6ClF9O4S",439.953161332,"COc1ccc(OS(=O)(=O)C(F)(F)C(F)(F)C(F)(F)C(F)(F)F)c(Cl)c1"
"DTXSID20896745","CAS_RN: 150225-65-3","NPGWPCYQBUMSNZ-UHFFFAOYSA-N","C19H11F17N2O3",638.049821952,"CC(=O)Nc1cc(NC(C)=O)cc(OC(=C(C(F)(C(F)(F)F)C(F)(F)F)C(F)(C(F)(F)F)C(F)(F)F)C(F)(F)F)c1"
"DTXSID40896429","CAS_RN: 1355554-32-3","NPKUTOKUMQVOQM-UHFFFAOYSA-N","C15H15F7O3S",408.06301288,"Cc1c(C(=O)O)ccc(C(F)(C(F)(F)F)C(F)(F)F)c1S(=O)CC(C)C"
"DTXSID20371103","CAS_RN: 120674-92-2","NPLOLZJLEABUQT-UHFFFAOYSA-N","C12F26Hg",839.92912672,"FC(F)(F)C(F)(F)C(F)(F)[C]([Hg][C](C(F)(F)F)(C(F)(F)F)C(F)(F)C(F)(F)C(F)(F)F)(C(F)(F)F)C(F)(F)F"
"DTXSID90471144","CAS_RN: 185689-57-0","NPOAVCPGPRUNOX-UHFFFAOYSA-N","C7H5F11O",314.0164752,"OCCC(F)(F)C(F)(F)C(F)(F)C(F)(F)C(F)(F)F"
"","CAS_RN: 68891-97-4","NPOZUVCXDLDFAO-UHFFFAOYSA-H","C17H28Cl4Cr2F15NO9S",950.8809511,NA
"DTXSID00860964","CAS_RN: 73772-32-4","PICDOBBGSXEWGK-UHFFFAOYSA-N","C14H19F13N2O6S2",622.047695188,"CN(C)CCCN(CC(O)CS(=O)(=O)O)S(=O)(=O)C(F)(F)C(F)(F)C(F)(F)C(F)(F)C(F)(F)C(F)(F)F"
"DTXSID00895337","CAS_RN: 1221157-07-8","NPQMDAVNEUDJNS-UHFFFAOYSA-N","C10H16F9NSi",349.090830022,"CN(C)[Si](C)(C)CCC(F)(F)C(F)(F)C(F)(F)C(F)(F)F"
"DTXSID30700460","CAS_RN: 178094-69-4","NPRHMPPFGZNNJX-UHFFFAOYSA-N","C13H13F17N2O3S",600.037543016,"C[N+](C)([O-])CCCNS(=O)(=O)C(F)(F)C(F)(F)C(F)(F)C(F)(F)C(F)(F)C(F)(F)C(F)(F)C(F)(F)F"
"DTXSID00883370","CAS_RN: 356-26-3","NPUHUJNJOILQJC-UHFFFAOYSA-N","C6H7F7O2",244.033427004,"CCOC(O)C(F)(F)C(F)(F)C(F)(F)F"
"","CAS_RN: 496805-64-2","USVVTMVTMWPCOI-UHFFFAOYSA-N","C7HF13O4",395.966725372,"O=C(O)C(F)(OC(F)(F)C(F)(F)C(F)(F)OC(F)(F)F)C(F)(F)F"
"DTXSID00534794","CAS_RN: 92914-86-8","NQDRASINBDLRQZ-UHFFFAOYSA-N","C11H3F17N2",486.002477836,"FC(F)(F)C(F)(F)C(F)(F)C(F)(F)C(F)(F)C(F)(F)C(F)(F)C(F)(F)c1cn[nH]c1"
"DTXSID90881143","CAS_RN: 94158-70-0","NQLRFTJXTHUSEC-UHFFFAOYSA-N","C13H8F21O5P",673.977402606,"O=P(O)(O)OCC(O)CC(F)(F)C(F)(F)C(F)(F)C(F)(F)C(F)(F)C(F)(F)C(F)(F)C(F)(F)C(F)(F)C(F)(F)F"
"DTXSID70379715","CAS_RN: 355-84-0","NQPVZXRGQCXFLN-UHFFFAOYSA-N","C8H5F9O2",304.01458338,"CC(=O)CC(=O)C(F)(F)C(F)(F)C(F)(F)C(F)(F)F"
"DTXSID40896020","CAS_RN: 19108-37-3","NQVADSQEXHQDON-UHFFFAOYSA-N","C10F12O",363.97575326,"O=C(c1c(F)c(F)c(F)c(F)c1F)C(F)(F)C(F)(F)C(F)(F)F"
"DTXSID90243368","CAS_RN: 98008-06-1","NQYWBGDKCPOMGL-LSVBPWPTSA-N","C32H47F5O4S",622.311522084,"C[C@]12CC[C@@H]3c4ccc(O)cc4C[C@@H](CCCCCCCCCS(=O)(=O)CCCC(F)(F)C(F)(F)F)[C@H]3[C@@H]1CC[C@@H]2O"
"DTXSID20896048","CAS_RN: 58301-28-3","NRAFXYRAMCXRGD-UHFFFAOYSA-N","C9H6F13NO2",407.019095292,"O=C(NCCO)C(F)(F)C(F)(F)C(F)(F)C(F)(F)C(F)(F)C(F)(F)F"
"",NA,"NRCMYBSHCHHFPE-UHFFFAOYSA-N","C8HF17O4S",515.932409252,"O=S(=O)(O)C(F)(F)C(F)(F)C(F)(F)C(F)(F)C(F)(F)C(F)(F)C(F)(F)OC(F)(F)F"
"DTXSID20896442","CAS_RN: 1355555-13-3","NRFZIUTWAUXCMQ-UHFFFAOYSA-N","C15H15F7O4S",424.0579275,"CCCS(=O)(=O)c1c(C(F)(C(F)(F)F)C(F)(F)F)ccc(C(=O)O)c1CC"
"",NA,"NRRNRSNNVISAKP-UHFFFAOYSA-N","C20H21F21O5",740.105366392,"OCCOCCOCCOCCOCCC(F)(F)C(F)(F)C(F)(F)C(F)(F)C(F)(F)C(F)(F)C(F)(F)C(F)(F)C(F)(F)C(F)(F)F"
"DTXSID70348047","CAS_RN: 99324-96-6","NRVDKMYDLZBFEH-UHFFFAOYSA-N","C5H4F7I",323.924595668,"FC(F)(F)C(F)(CCI)C(F)(F)F"
"DTXSID20896503","CAS_RN: 84123-65-9","NRZXKIZZNBTMRQ-UHFFFAOYSA-N","C9H5F11O3",370.00630444,"C=CCOC(=O)C(F)(OC(F)(F)C(F)(F)C(F)(F)F)C(F)(F)F"
"DTXSID20195169","CAS_RN: 4236-15-1","NSAFUDAPGVUPIP-UHFFFAOYSA-N","C13H12F17NO3S",585.026643984,"CCCN(CCO)S(=O)(=O)C(F)(F)C(F)(F)C(F)(F)C(F)(F)C(F)(F)C(F)(F)C(F)(F)C(F)(F)F"
"DTXSID80379908","CAS_RN: 24564-77-0","NSHDLZDDSBGOKN-UHFFFAOYSA-N","C10H5F15O",426.01008808,"FC(F)(F)C(F)(C(F)(F)F)C(F)(F)C(F)(F)C(F)(F)C(F)(F)CC1CO1"
"DTXSID90895321","CAS_RN: 871311-23-8","NSIPJGPFVCQTLA-UHFFFAOYSA-N","C21H27F17",602.184130604,"CCCCCCCCCCCCCC(F)(F)C(F)(F)C(F)(F)C(F)(F)C(F)(F)C(F)(F)C(F)(F)C(F)(F)F"
"DTXSID50369896","CAS_RN: 754-96-1","NSKCTPBWPZPFHW-UHFFFAOYSA-N","C10H6F16O2",462.011230952,"OCC(F)(F)C(F)(F)C(F)(F)C(F)(F)C(F)(F)C(F)(F)C(F)(F)C(F)(F)CO"
"","CAS_RN: 68608-13-9","NSMGTPZGZBMGJW-UHFFFAOYSA-N","C25H28F18N4O8S2",918.106113816,"CCN(CCOC(=O)Nc1cc(NC(O)OCCN(CC)S(=O)(=O)C(F)(F)C(F)(F)C(F)(F)C(F)(F)F)ccc1C)S(=O)(=O)C(F)(F)C(F)(F)C(F)(F)C(F)(F)F"
"DTXSID70377690","CAS_RN: 23069-32-1","NSSMHXVPVQADLY-UHFFFAOYSA-N","C14H7F19O2",568.014265644,"C=C(C)C(=O)OCC(F)(F)C(F)(F)C(F)(F)C(F)(F)C(F)(F)C(F)(F)C(F)(F)C(F)(F)C(F)(F)F"
"",NA,"NSYTYFNRSUUNMQ-UHFFFAOYSA-N","C12HF25O4S",715.919635012,"O=S(=O)(O)C(F)(F)C(F)(F)C(F)(F)C(F)(F)C(F)(F)C(F)(F)C(F)(F)C(F)(F)OC(F)(F)C(F)(C(F)(F)F)C(F)(F)F"
"DTXSID00895650","CAS_RN: 20084-49-5","NTCFPSIOLPOKNV-UHFFFAOYSA-N","C10H5F15O",426.01008808,"FC(F)(F)C(F)(F)C(F)(F)C(F)(F)C(F)(F)C(F)(F)C(F)(F)CC1CO1"
"DTXSID40896727","CAS_RN: 174778-60-0","NTJIDKAVRFKSDV-UHFFFAOYSA-N","C11H10BF7N2O3",362.06727012,"NCC(=O)Nc1cc(B(O)O)ccc1C(F)(F)C(F)(F)C(F)(F)F"
"DTXSID80371528","CAS_RN: 67437-97-2","NTLNMNNHUJOUOM-UHFFFAOYSA-N","C6ClF13",353.94809454,"FC(F)(F)C(F)(F)C(F)(F)C(Cl)(C(F)(F)F)C(F)(F)F"
"DTXSID60895555","CAS_RN: 879881-65-9","NTTVPRMNUJGUJM-UHFFFAOYSA-N","C13H19F13N2Si",478.110991998,"CN(C)[Si](C)(CCC(F)(F)C(F)(F)C(F)(F)C(F)(F)C(F)(F)C(F)(F)F)N(C)C"
"DTXSID60896709","CAS_RN: 90183-56-5","NUHXZXDKWWVPIK-UHFFFAOYSA-N","C16H18F17O3P",612.072210806,"CC(C)OP(=O)(CCC(F)(F)C(F)(F)C(F)(F)C(F)(F)C(F)(F)C(F)(F)C(F)(F)C(F)(F)F)OC(C)C"
"DTXSID70880235","CAS_RN: 25291-12-7","NUNKCHDMLFIONG-UHFFFAOYSA-N","C10H6F15I",537.927471492,"CC(I)CC(F)(F)C(F)(F)C(F)(F)C(F)(F)C(F)(F)C(F)(F)C(F)(F)F"
"DTXSID10823025","CAS_RN: 74338-55-9","NUPKTKVGELCXPF-UHFFFAOYSA-N","C9H4F12",340.012138768,"C=CC=C(F)C(F)(F)C(F)(F)C(F)(F)C(F)(F)C(F)(F)F"
"DTXSID90366248","CAS_RN: 312-66-3","NVBRUIASHQWABC-UHFFFAOYSA-N","C11H9F7O3S",354.016062688,"Cc1ccc(S(=O)(=O)OCC(F)(F)C(F)(F)C(F)(F)F)cc1"
"DTXSID00881114","CAS_RN: 94291-78-8","PIWWVQNNYGQYGW-UHFFFAOYSA-N","C26H9F46O4P",1289.950393518,"O=P(O)(OCCC(F)(F)C(F)(F)C(F)(F)C(F)(F)C(F)(F)C(F)(F)C(F)(F)C(F)(F)C(F)(C(F)(F)F)C(F)(F)F)OCCC(F)(F)C(F)(F)C(F)(F)C(F)(F)C(F)(F)C(F)(F)C(F)(F)C(F)(F)C(F)(C(F)(F)F)C(F)(F)F"
"DTXSID20896609","CAS_RN: 58979-41-2","NVGFEPAMFSXOAC-UHFFFAOYSA-N","C29HF59O9",1613.867846592,"FC(OC(F)(F)C(F)(OC(F)(F)C(F)(OC(F)(F)C(F)(OC(F)(F)C(F)(OC(F)(F)C(F)(OC(F)(F)C(F)(OC(F)(F)C(F)(OC(F)(F)C(F)(OC(F)(F)C(F)(F)C(F)(F)F)C(F)(F)F)C(F)(F)F)C(F)(F)F)C(F)(F)F)C(F)(F)F)C(F)(F)F)C(F)(F)F)C(F)(F)F)C(F)(F)F"
"DTXSID80896165","CAS_RN: 38506-76-2","NVGMZQYQNNPDAJ-UHFFFAOYSA-N","C19H11Cl2F17O2",663.986464692,"CC(=O)Oc1ccc(Cl)cc1CC(Cl)CC(F)(F)C(F)(F)C(F)(F)C(F)(F)C(F)(F)C(F)(F)C(F)(F)C(F)(F)F"
"DTXSID00895392","CAS_RN: 129838-40-0","NVHAUPRAVYZZAV-UHFFFAOYSA-N","C18H16F21I",757.996141132,"CCCCCCC(I)CC(F)(F)C(F)(F)C(F)(F)C(F)(F)C(F)(F)C(F)(F)C(F)(F)C(F)(F)C(F)(F)C(F)(F)F"
"",NA,"NVHCKHWFJQHMND-UHFFFAOYSA-N","C32H49F17O12",948.295256748,"OCCOCCOCCOCCOCCOCCOCCOCCOCCOCCOCCOCCC(F)(F)C(F)(F)C(F)(F)C(F)(F)C(F)(F)C(F)(F)C(F)(F)C(F)(F)F"
"DTXSID10884373","CAS_RN: 7345-49-5","NVLMRLQANVCTOG-UHFFFAOYSA-N","C6F8O4",287.96688424,"O=C1OC(C(=O)F)(C(F)(F)F)OC1(F)C(F)(F)F"
"DTXSID30896559","CAS_RN: 105936-30-9","NVOHYTMPHXLVPF-UHFFFAOYSA-N","C12H4F11N3O6",494.992445268,"O=C(Nc1ccc([N+](=O)[O-])cc1[N+](=O)[O-])C(F)(OC(F)(F)C(F)(F)C(F)(F)F)C(F)(F)F"
"DTXSID80382053","CAS_RN: 335-50-2","NVPYUCSZZRWYML-UHFFFAOYSA-N","C6H2F11I",409.902558484,"FC(F)(F)C(F)(F)C(F)(F)C(F)(F)C(F)(F)CI"
"DTXSID90896499","CAS_RN: 147224-16-6","NVVKOWCWRZULDC-UHFFFAOYSA-N","C9H7F11O3",372.021954504,"CCCOC(=O)C(F)(OC(F)(F)C(F)(F)C(F)(F)F)C(F)(F)F"
"DTXSID2047565","CAS_RN: 2043-57-4","NVVZEKTVIXIUKW-UHFFFAOYSA-N","C8H4F13I",473.915014988,"FC(F)(F)C(F)(F)C(F)(F)C(F)(F)C(F)(F)C(F)(F)CCI"
"",NA,"NVZMMWHJJAVPIM-UHFFFAOYSA-N","C17H26F11NO7S",597.125433592,"CCN(CCOCCOCCOCCOCCO)S(=O)(=O)C(F)(F)C(F)(F)C(F)(F)C(F)(F)C(F)(F)F"
"","CAS_RN: 36393-27-8","DCPYXGMLIRLWSP-GQALSZNTSA-N","C10H11F7O2",296.064727132,"[2H]C([2H])([2H])C(C(=O)C=C(O)C(F)(F)C(F)(F)C(F)(F)F)(C([2H])([2H])[2H])C([2H])([2H])[2H]"
"DTXSID60896380","CAS_RN: 1353009-40-1","NWCPLKBTZWJILQ-UHFFFAOYSA-N","C10H16F7NO3S",363.073911912,"O=S(=O)(CCCNCCO)CCC(F)(C(F)(F)F)C(F)(F)F"
"DTXSID80379822","CAS_RN: 78225-99-7","NWDZSYHMBYNCRO-UHFFFAOYSA-N","C14F26O3",709.94322758,"O=C(OC(=O)C(F)(F)C(F)(F)C(F)(F)C(F)(F)C(F)(F)C(F)(F)F)C(F)(F)C(F)(F)C(F)(F)C(F)(F)C(F)(F)C(F)(F)F"
"","CAS_RN: 167289-73-8","NWOCJBANVRNAJO-UHFFFAOYSA-N","C28H37F17O2",728.252210164,"CCCCCCCCC=CCCCCCCCC(=O)OCCC(F)(F)C(F)(F)C(F)(F)C(F)(F)C(F)(F)C(F)(F)C(F)(F)C(F)(F)F"
"DTXSID40896080","CAS_RN: 88435-34-1","NWRFHCJHNATFMI-UHFFFAOYSA-N","C8H8F7NO3",299.039240656,"CCOC(=O)CNC(=O)C(F)(F)C(F)(F)C(F)(F)F"
"DTXSID80895451","CAS_RN: 1270180-04-5","NWVPZIXSRLLVAM-UHFFFAOYSA-N","C15H3F27",695.980362036,"C=CC(F)(F)C(F)(F)C(F)(F)C(F)(F)C(F)(F)C(F)(F)C(F)(F)C(F)(F)C(F)(F)C(F)(F)C(F)(F)C(F)(F)C(F)(F)F"
"DTXSID00893292","CAS_RN: 71076-47-6","NXGSATACKGXTHF-UHFFFAOYSA-N","C10F22",537.96487084,"FC(F)(F)C(C(F)(F)F)(C(F)(F)F)C(F)(F)C(F)(F)C(C(F)(F)F)(C(F)(F)F)C(F)(F)F"
"DTXSID50880531","CAS_RN: 94200-52-9","PPWMMKOULSCBKB-UHFFFAOYSA-N","C18H8F31O5P",923.961434806,"O=P(O)(O)OCC(O)CC(F)(F)C(F)(F)C(F)(F)C(F)(F)C(F)(F)C(F)(F)C(F)(F)C(F)(F)C(F)(F)C(F)(F)C(F)(F)C(F)(F)C(F)(C(F)(F)F)C(F)(F)F"
"",NA,"NXUVKNKDXJQOLG-UHFFFAOYSA-N","C14HClF28O4S",831.883697352,"O=S(=O)(O)C(F)(F)C(F)(F)OC(F)(F)C(F)(F)C(F)(F)C(F)(F)C(F)(F)C(F)(F)C(F)(F)C(F)(F)C(F)(F)C(F)(F)C(F)(F)C(F)(F)Cl"
"DTXSID80880221","CAS_RN: 15453-10-8","NYAGRQZHLFYEOA-UHFFFAOYSA-N","C6F10O",277.97894682,"FC(F)=C(F)C(F)(F)C(F)(F)C1(F)OC1(F)F"
"","CAS_RN: 94159-78-1","YDVCRJOMTRQIDI-UHFFFAOYSA-N","C17H19F19NO3",646.106154648,"C[N+](CCO)(CCO)CC(O)CC(F)(F)C(F)(F)C(F)(F)C(F)(F)C(F)(F)C(F)(F)C(F)(C(F)(F)F)C(F)(F)F"
"DTXSID9070375","CAS_RN: 66008-67-1","NYDXNYWTPDRONX-UHFFFAOYSA-N","C19H12F25NO4S",825.008784364,"C=CC(=O)OCCN(C)S(=O)(=O)CC(F)(F)C(F)(F)C(F)(F)C(F)(F)C(F)(F)C(F)(F)C(F)(F)C(F)(F)C(F)(F)C(F)(F)C(F)(F)C(F)(F)F"
"DTXSID40660107","CAS_RN: 3830-74-8","NYIFVLKUMGMTPW-UHFFFAOYSA-N","C42H26F64N3O6P3",1977.001251522,"FC(F)CCCCC(F)(F)COP1(OCC(F)(F)C(F)(F)C(F)(F)C(F)(F)C(F)(F)C(F)F)=NP(OCC(F)(F)C(F)(F)C(F)(F)C(F)(F)C(F)(F)C(F)F)(OCC(F)(F)C(F)(F)C(F)(F)C(F)(F)C(F)(F)C(F)F)=NP(OCC(F)(F)C(F)(F)C(F)(F)C(F)(F)C(F)(F)C(F)F)(OCC(F)(F)C(F)(F)C(F)(F)C(F)(F)C(F)(F)C(F)F)=N1"
"DTXSID00896485","CAS_RN: 722470-55-5","NYLOQLXZAVKZQM-UHFFFAOYSA-N","C13H10BrF5N2O3",415.97949538,"CC1=NN(C(=O)c2ccc(Br)cc2)C(O)(C(F)(F)OC(F)(F)F)C1"
"DTXSID80895996","CAS_RN: 81769-55-3","NYLVUEIJJQQDBW-UHFFFAOYSA-N","C10H3F15N2",436.005671396,"FC(F)(F)C(F)(F)C(F)(F)C(F)(F)C(F)(F)C(F)(F)C(F)(F)c1cnc[nH]1"
"","CAS_RN: 56773-56-9","NMGQYKVFWNZFGI-UHFFFAOYSA-N","C14H32N",214.253475024,"CCCCC[N+](CCC)(CCC)CCC"
"DTXSID60896340","CAS_RN: 2396-20-5","NYZRLIGFNVBZPE-UHFFFAOYSA-N","C10H5F7O2",290.01777694,"O=C(O)c1cccc(C(F)(C(F)(F)F)C(F)(F)F)c1"
"","CAS_RN: 68608-14-0","NZFJKENHQWURBX-UHFFFAOYSA-N","C31H30F18N4O8S2",992.12176388,"CCN(CCOC(=O)Nc1ccc(Cc2ccc(NC(=O)OCCN(CC)S(=O)(=O)C(F)(F)C(F)(F)C(F)(F)C(F)(F)F)cc2)cc1)S(=O)(=O)C(F)(F)C(F)(F)C(F)(F)C(F)(F)F"
"DTXSID80880529","CAS_RN: 63295-28-3","NZFUNOLSROCOSD-UHFFFAOYSA-N","C16H8F27O5P",823.967821926,"O=P(O)(O)OCC(O)CC(F)(F)C(F)(F)C(F)(F)C(F)(F)C(F)(F)C(F)(F)C(F)(F)C(F)(F)C(F)(F)C(F)(F)C(F)(C(F)(F)F)C(F)(F)F"
"DTXSID70895622","CAS_RN: 70168-24-0","NZQRKNKAYBTPRP-UHFFFAOYSA-N","C7H6F7NO",253.033761352,"CC(=O)C=C(N)C(F)(F)C(F)(F)C(F)(F)F"
"DTXSID40880969","CAS_RN: 74256-15-8","NZSKSDOUVOVFHC-UHFFFAOYSA-N","C19H9F27O2",782.017141468,"C=C(C)C(=O)OCCC(F)(F)C(F)(F)C(F)(F)C(F)(F)C(F)(F)C(F)(F)C(F)(F)C(F)(F)C(F)(F)C(F)(F)C(F)(C(F)(F)F)C(F)(F)F"
"DTXSID00896965","CAS_RN: 41006-41-1","NZTIKPWWXCHFQI-UHFFFAOYSA-N","C4ClF9OS",301.92146728,"O=S(Cl)C(F)(F)C(F)(F)C(F)(F)C(F)(F)F"
"DTXSID5073165","CAS_RN: 354-65-4","NZXVPCQHQVWOFD-UHFFFAOYSA-N","C2F4I2",353.80255888,"FC(F)(I)C(F)(F)I"
"DTXSID80895198","CAS_RN: 2263-70-9","DXAXUZKHVAYWHE-UHFFFAOYSA-N","C7H10F7N",241.07014686,"CCC(N)CC(F)(F)C(F)(F)C(F)(F)F"
"DTXSID10896032","CAS_RN: 1574401-92-5","OAIGYRUBDFKAAL-UHFFFAOYSA-N","C11H8F7NO2",319.044326036,"CCOC(=O)c1ccc(C(F)(F)C(F)(F)C(F)(F)F)nc1"
"DTXSID10897004","CAS_RN: 322392-46-1","OAJRTQKSHFARBK-UHFFFAOYSA-N","C12H12F7NO",319.080711544,"NC(Cc1ccccc1)C(O)C(F)(F)C(F)(F)C(F)(F)F"
"DTXSID50895645","CAS_RN: 119285-89-1","OARRIBKBFYYUPS-UHFFFAOYSA-N","C9H5F13O",376.01328164,"FC(F)(F)C(F)(F)C(F)(F)C(CC1CO1)(C(F)(F)F)C(F)(F)F"
"",NA,"OATHMZPJOUPNIN-UHFFFAOYSA-N","C21H30F15NO8S",741.14526122,"CCN(CCOCCOCCOCCOCCOCCO)S(=O)(=O)C(F)(F)C(F)(F)C(F)(F)C(F)(F)C(F)(F)C(F)(F)C(F)(F)F"
"DTXSID50276475","CAS_RN: 172424-98-5","GCTMXWUUEYFTEL-UHFFFAOYSA-N","C10H11F7O2",296.064727132,"CC(C)(C)C(O)=CC(=O)C(F)(F)C(F)(F)C(F)(F)F"
"DTXSID00184314","CAS_RN: 3021-63-4","OBAVAMUHCSFDSY-UHFFFAOYSA-N","C10F22",537.96487084,"FC(F)(F)C(F)(C(F)(F)F)C(F)(F)C(F)(F)C(F)(F)C(F)(F)C(F)(C(F)(F)F)C(F)(F)F"
"",NA,"OBBBWCLLTYQFFZ-UHFFFAOYSA-N","C3HClF6O3S",265.923911892,"O=S(=O)(O)C(F)(Cl)C(F)(F)C(F)(F)F"
"DTXSID80617574","CAS_RN: 62375-54-6","OBGZODCYKSYLOI-UHFFFAOYSA-N","C9F20",487.9680644,"FC(F)(F)C(C(F)(F)F)(C(F)(F)F)C(F)(F)C(C(F)(F)F)(C(F)(F)F)C(F)(F)F"
"",NA,"OBMDVYGWFYCEQS-UHFFFAOYSA-N","C13H4F20O3",587.984108388,"O=C(O)COC(F)(F)C(F)(F)C(F)(F)C(F)(F)C(F)(F)C(F)(F)C(F)(F)C(F)(F)C(F)=CC(F)(F)F"
"",NA,"OBNMRCHHPLBKRY-UHFFFAOYSA-N","C7HF19O3S2",557.906372072,"O=S(=O)(O)C(F)(F)C(F)(F)C(F)(F)C(F)(F)C(F)(F)C(F)(F)C(F)(F)S(F)(F)(F)(F)F"
"DTXSID80880605","CAS_RN: 68298-75-9","OBPWLOPGKWGMTO-UHFFFAOYSA-N","C25H28F11N3O8S",739.142146276,"C=C(C)C(=O)OCC(C)OC(=O)Nc1cc(NC(=O)OCCN(CC)S(=O)(=O)C(F)(F)C(F)(F)C(F)(F)C(F)(F)C(F)(F)F)ccc1C"
"DTXSID50659229","CAS_RN: 1193010-01-3","OBQBCHMEIBSHBO-UHFFFAOYSA-N","C11H11F13O",406.060231832,"CCCOCCC(F)(F)C(F)(F)C(F)(F)C(F)(F)C(F)(F)C(F)(F)F"
"DTXSID90896272","CAS_RN: 296886-61-8","OBSMCEMJAVGBFT-UHFFFAOYSA-N","C12H10F7N5O",373.07735748,"FC(F)(F)C(F)(F)C(F)(F)c1nnc2ccc(N3CCOCC3)nn12"
"DTXSID30239942","CAS_RN: 93962-52-8","OCCOAYPOGQDEOQ-UHFFFAOYSA-N","C12F26S2",701.90262572,"FC(F)(F)C(F)(F)C(F)(F)C(F)(F)C(F)(F)C(F)(F)SSC(F)(F)C(F)(F)C(F)(F)C(F)(F)C(F)(F)C(F)(F)F"
"",NA,"OCDFFBCZZNVINH-OWOJBTEDSA-N","C12HF21O2",575.964121892,"O=C(O)C(F)(F)C(F)(F)C(F)(F)C(F)(F)C(F)(F)/C(F)=C(\F)C(F)(F)C(F)(F)C(F)(F)C(F)(F)F"
"DTXSID00892962","CAS_RN: 1513863-78-9","OCNPDUCQWGCJRQ-UHFFFAOYSA-N","C16H13F21N2O",648.069255656,"CN(C)CCCNC(=O)C(F)(F)C(F)(F)C(F)(F)C(F)(F)C(F)(F)C(F)(F)C(F)(F)C(F)(F)C(F)(F)C(F)(F)F"
"DTXSID00895579","CAS_RN: 135131-53-2","OCVCPUQNCRNBAZ-UHFFFAOYSA-N","C17H21F13O",488.138482152,"OCCCCCCCCCC=CC(F)(F)C(F)(F)C(F)(F)C(F)(F)C(F)(F)C(F)(F)F"
"DTXSID00895579","CAS_RN: 117543-54-1","OCVCPUQNCRNBAZ-UHFFFAOYSA-N","C17H21F13O",488.138482152,"OCCCCCCCCCC=CC(F)(F)C(F)(F)C(F)(F)C(F)(F)C(F)(F)C(F)(F)F"
"DTXSID20896008","CAS_RN: 1608112-33-9","OCWLROAYBFHECC-UHFFFAOYSA-N","C12H6F9N",335.035653172,"FC(F)(F)C(F)(F)C(F)(F)C(F)(F)c1c[nH]c2ccccc12"
"DTXSID30450630","CAS_RN: 114262-65-6","ODAJPMXNUNVRLV-UHFFFAOYSA-N","C10H6F9N",311.035653172,"Nc1ccc(C(F)(F)C(F)(F)C(F)(F)C(F)(F)F)cc1"
"","CAS_RN: 34788-82-4","PEWOESYEGLBLNR-UHFFFAOYSA-N","C14H15F7O2",348.09602726,"CC12CCC(C(C(=O)C(F)(F)C(F)(F)C(F)(F)F)C1=O)C2(C)C"
"DTXSID90896171","CAS_RN: 150333-62-3","ODCGSXFIHQYHBY-UHFFFAOYSA-N","C11H5F9N2O3",384.015646,"O=C(Nc1ccc([N+](=O)[O-])cc1)C(F)(F)C(F)(F)C(F)(F)C(F)(F)F"
"DTXSID50896076","CAS_RN: 1463426-93-8","ODFUDDIRPDIWPT-UHFFFAOYSA-N","C10H5F9O4S",391.97648362,"O=S(=O)(Oc1ccc(O)cc1)C(F)(F)C(F)(F)C(F)(F)C(F)(F)F"
"DTXSID10241205","CAS_RN: 94237-07-7","ODHLIRVOARWQJW-UHFFFAOYSA-N","C17H31F13O3Si4",642.114267832,"C[Si](C)(C)O[Si](CCC(F)(F)C(F)(F)C(F)(F)C(F)(F)C(F)(F)C(F)(F)F)(O[Si](C)(C)C)O[Si](C)(C)C"
"DTXSID30880514","CAS_RN: 61097-79-8","ODICQQXTKDJYND-UHFFFAOYSA-N","C8F14O3",409.96238894,"FC(F)=C(F)OC1(F)OC(F)(C(F)(F)F)C(F)(F)OC1(F)C(F)(F)F"
"",NA,"ODMRBANYFAUUFW-UHFFFAOYSA-N","C40H66F17NO17S",1187.378000392,"CCN(CCOCCOCCOCCOCCOCCOCCOCCOCCOCCOCCOCCOCCOCCOCCO)S(=O)(=O)C(F)(F)C(F)(F)C(F)(F)C(F)(F)C(F)(F)C(F)(F)C(F)(F)C(F)(F)F"
"DTXSID60895671","CAS_RN: 169477-62-7","ODWOZMSHTDFDFA-UHFFFAOYSA-N","C9F20O",503.96297902,"FC(F)(F)C(F)(F)C(F)(F)C(F)(F)C(F)(F)OC(F)(F)C(F)(C(F)(F)F)C(F)(F)F"
"DTXSID20895415","CAS_RN: 86563-87-3","OEBKCCWRUFDDOM-UHFFFAOYSA-N","C10H2F18",463.986908024,"FC(F)(F)C(F)(F)C=CC(F)(F)C(F)(F)C(F)(F)C(F)(F)C(F)(F)C(F)(F)F"
"","CAS_RN: 68555-66-8","PCGFFOXXPIGVKC-UHFFFAOYSA-N","C7HF15O2S",433.945773572,"O=S(O)C(F)(F)C(F)(F)C(F)(F)C(F)(F)C(F)(F)C(F)(F)C(F)(F)F"
"DTXSID70893047","CAS_RN: 1513864-08-8","OETXJTOSJNJQGJ-UHFFFAOYSA-N","C23H18F29NO4S2",987.021418436,"CC(C)(CS(=O)(=O)O)NC(=O)CCSCCC(F)(F)C(F)(F)C(F)(F)C(F)(F)C(F)(F)C(F)(F)C(F)(F)C(F)(F)C(F)(F)C(F)(F)C(F)(F)C(F)(F)C(F)(F)C(F)(F)F"
"","CAS_RN: 191528-99-1","OEUDULXFLZPWCL-UHFFFAOYSA-N","C9H3F17O2",465.986159076,"OC(O)C(F)(F)C(F)(F)C(F)(F)C(F)(F)C(F)(F)C(F)(F)C(F)(F)C(F)(F)F"
"DTXSID2070500","CAS_RN: 67584-48-9","OEYYQKXFSDVKJI-UHFFFAOYSA-N","C9H6F13NO2S",438.991166292,"C=CCNS(=O)(=O)C(F)(F)C(F)(F)C(F)(F)C(F)(F)C(F)(F)C(F)(F)F"
"DTXSID90896616","CAS_RN: 64346-90-3","OFGMYVUFKMFVRX-UHFFFAOYSA-N","C9H7F13N2O4S",485.991894564,"NCCNS(=O)(=O)C(F)(F)C(F)(F)OC(F)(C(F)(F)F)C(F)(F)OC(F)=C(F)F"
"DTXSID40572135","CAS_RN: 15498-45-0","OFHKMSIZNZJZKM-UHFFFAOYSA-N","C11H3F17O2",489.986159076,"C=CC(=O)OC(F)(F)C(F)(F)C(F)(F)C(F)(F)C(F)(F)C(F)(F)C(F)(F)C(F)(F)F"
"","CAS_RN: 67659-33-0","OFHYKJHONPWSJU-UHFFFAOYSA-N","C14H3F25O",661.978470216,"O=CCC(F)(F)C(F)(F)C(F)(F)C(F)(F)C(F)(F)C(F)(F)C(F)(F)C(F)(F)C(F)(F)C(F)(F)C(F)(F)C(F)(F)F"
"","CAS_RN: 1262446-14-9|63225-58-1","OFTBQTJOEGXRAL-UHFFFAOYSA-N","C12H5F21O4S",643.95732226,"O=S(=O)(O)OCCC(F)(F)C(F)(F)C(F)(F)C(F)(F)C(F)(F)C(F)(F)C(F)(F)C(F)(F)C(F)(F)C(F)(F)F"
"DTXSID60896461","CAS_RN: 862133-16-2","OFVAYTVRJIBOPT-UHFFFAOYSA-N","C25H16ClF9N2O2",582.075659412,"Cc1cc(C(F)(C(F)(F)F)C(F)(F)F)cc(C)c1NC(=O)c1cccc(NC(=O)c2ccc(Cl)cc2F)c1F"
"DTXSID50880152","CAS_RN: 765-63-9","OFWDLJKVZZRPOX-UHFFFAOYSA-N","C3H2F4O",130.004177564,"FC1(F)COC1(F)F"
"DTXSID30289321","CAS_RN: 1515-05-5","OFXVRTCUSIFORW-UHFFFAOYSA-N","C4H3F7N2O",228.013360256,"NNC(=O)C(F)(F)C(F)(F)C(F)(F)F"
"","CAS_RN: 934166-50-4","OGBKVDKHMNTXID-UHFFFAOYSA-N","C20H2F34O4",951.941018024,"O=C(C=CC(=O)OC(F)(F)C(F)(F)C(F)(F)C(F)(F)C(F)(F)C(F)(F)C(F)(F)C(F)(F)F)OC(F)(F)C(F)(F)C(F)(F)C(F)(F)C(F)(F)C(F)(F)C(F)(F)C(F)(F)F"
"","CAS_RN: 234096-30-1","OGBKVDKHMNTXID-UHFFFAOYSA-N","C20H2F34O4",951.941018024,"O=C(C=CC(=O)OC(F)(F)C(F)(F)C(F)(F)C(F)(F)C(F)(F)C(F)(F)C(F)(F)C(F)(F)F)OC(F)(F)C(F)(F)C(F)(F)C(F)(F)C(F)(F)C(F)(F)C(F)(F)C(F)(F)F"
"DTXSID40881113","CAS_RN: 93776-23-9","UWTYLCUAYINOEF-UHFFFAOYSA-N","C36H9F66O4P",1789.918457918,"O=P(O)(OCCC(F)(F)C(F)(F)C(F)(F)C(F)(F)C(F)(F)C(F)(F)C(F)(F)C(F)(F)C(F)(F)C(F)(F)C(F)(F)C(F)(F)C(F)(F)C(F)(F)C(F)(F)C(F)(F)F)OCCC(F)(F)C(F)(F)C(F)(F)C(F)(F)C(F)(F)C(F)(F)C(F)(F)C(F)(F)C(F)(F)C(F)(F)C(F)(F)C(F)(F)C(F)(F)C(F)(F)C(F)(F)C(F)(F)F"
"DTXSID70895723","CAS_RN: 26764-41-0","OGNPKTMXAFCAFU-UHFFFAOYSA-N","C12H2F20O2",557.973543704,"O=C(O)C=C(F)C(F)(F)C(F)(F)C(F)(F)C(F)(F)C(F)(F)C(F)(F)C(F)(F)C(F)(F)C(F)(F)F"
"DTXSID70895723","CAS_RN: 70887-94-4","OGNPKTMXAFCAFU-UHFFFAOYSA-N","C12H2F20O2",557.973543704,"O=C(O)C=C(F)C(F)(F)C(F)(F)C(F)(F)C(F)(F)C(F)(F)C(F)(F)C(F)(F)C(F)(F)C(F)(F)F"
"",NA,"OGSIMMYBSZDLSX-UHFFFAOYSA-N","C5H2F10O5S",363.946326364,"O=S(=O)(O)C(F)(F)C(F)(F)OC(F)(C(O)(F)F)C(F)(F)F"
"DTXSID60197405","CAS_RN: 48076-44-4","OGTUUPXNYCOCKQ-UHFFFAOYSA-N","C11H7F13O2",418.023846324,"C=C(C)C(=O)OCC(F)(F)C(F)(F)C(F)(F)C(F)(F)C(F)(F)C(F)(F)F"
"DTXSID90896353","CAS_RN: 134330-88-4","OGUAMXMVIRXTMU-UHFFFAOYSA-N","C8F14O",377.9725597,"O=C(C(F)=C(F)C(F)(C(F)(F)F)C(F)(F)F)C(F)(F)C(F)(F)F"
"DTXSID90896353","CAS_RN: 143582-62-1","OGUAMXMVIRXTMU-UHFFFAOYSA-N","C8F14O",377.9725597,"O=C(C(F)=C(F)C(F)(C(F)(F)F)C(F)(F)F)C(F)(F)C(F)(F)F"
"DTXSID90896353","CAS_RN: 134330-92-0","OGUAMXMVIRXTMU-UHFFFAOYSA-N","C8F14O",377.9725597,"O=C(C(F)=C(F)C(F)(C(F)(F)F)C(F)(F)F)C(F)(F)C(F)(F)F"
"","CAS_RN: 78740-39-3","KVSHXKNTOUTVCF-UHFFFAOYSA-N","C8HF17O2",451.970509012,"OC(C(F)(F)F)(C(F)(F)F)C(F)(F)C(F)(F)OC(F)(C(F)(F)F)C(F)(F)F"
"DTXSID00880940","CAS_RN: 69087-46-3","OHNPEJVXZTXULX-UHFFFAOYSA-N","C8HF13O4",407.966725372,"O=C(O)C(F)(F)C(F)(F)OC(F)(C(F)(F)F)C(F)(F)OC(F)=C(F)F"
"DTXSID20379982","CAS_RN: 230295-05-3","OHNVFWYDJQNNQO-UHFFFAOYSA-N","C13H5F17O4",547.99163838,"C=C(CC(=O)OC(F)(F)C(F)(F)C(F)(F)C(F)(F)C(F)(F)C(F)(F)C(F)(F)C(F)(F)F)C(=O)O"
"DTXSID80784073","CAS_RN: 306976-22-7","OHPLOIJMWHYFKT-UHFFFAOYSA-N","C9H5F9N2O2",344.02073138,"O=C=NC(CCC(F)(F)C(F)(F)C(F)(F)C(F)(F)F)N=C=O"
"DTXSID3031864","CAS_RN: 70225-14-8","YFSUTJLHUFNCNZ-UHFFFAOYSA-N","C8HF17O3S",499.937494632,"O=S(=O)(O)C(F)(F)C(F)(F)C(F)(F)C(F)(F)C(F)(F)C(F)(F)C(F)(F)C(F)(F)F"
"DTXSID60896103","CAS_RN: 883500-11-6","OHRRWZZYRZXFNZ-UHFFFAOYSA-N","C14H9F13O3S",504.006482008,"Cc1ccc(S(=O)(=O)OCC(F)(F)C(F)(F)C(F)(F)C(F)(F)C(F)(F)C(F)(F)F)cc1"
"DTXSID80880423","CAS_RN: 48077-95-8","OHZQKIHETAGXCE-UHFFFAOYSA-N","C16H14F17NO4S",639.037208668,"C=CC(=O)OCCN(C)S(=O)(=O)CCC(F)(F)C(F)(F)C(F)(F)C(F)(F)C(F)(F)C(F)(F)C(F)(F)C(F)(F)F"
"DTXSID50893343","CAS_RN: 119141-87-6","OHZUHWZEGWCNQX-UHFFFAOYSA-N","C14F26",661.95848372,"FC(F)(F)C(F)(C(F)(F)F)C(F)(F)C1(F)C(F)(F)C(F)(F)C2(F)C(F)(F)C(F)(F)C(F)(F)C(F)(F)C2(F)C1(F)F"
"",NA,"OIDYQZMTSBTBBP-UHFFFAOYSA-N","C13HClF24O2",679.928184232,"O=C(O)C(F)(F)C(F)(F)C(F)(F)C(F)(F)C(F)(F)C(F)(F)C(F)(F)C(F)(F)C(F)(F)C(F)(F)C(F)(F)C(F)(F)Cl"
"DTXSID50896612","CAS_RN: 4798-39-4","OIGSRLUDJHIAPI-UHFFFAOYSA-N","C11H14F6O4",324.079628248,"FC(F)(COCC1CO1)C(F)(F)C(F)(F)COCC1CO1"
"DTXSID90371317","CAS_RN: 234443-22-2","OIIFPRVLJLLMOZ-UHFFFAOYSA-N","C5H5BrF4O2",251.94090438,"O=C(O)CCC(F)(F)C(F)(F)Br"
"DTXSID2070506","CAS_RN: 67940-02-7","RFJQYRXZGNILIY-UHFFFAOYSA-N","C12H13F15N2O2S",534.045821956,"CN(C)CCCNS(=O)(=O)C(F)(F)C(F)(F)C(F)(F)C(F)(F)C(F)(F)C(F)(F)C(F)(F)F"
"DTXSID00892442","CAS_RN: 13252-14-7","OIVQVBDAMYDDEM-UHFFFAOYSA-N","C9HF17O4",495.960338252,"O=C(O)C(F)(OC(F)(F)C(F)(OC(F)(F)C(F)(F)C(F)(F)F)C(F)(F)F)C(F)(F)F"
"DTXSID50895923","CAS_RN: 168632-11-9","OJCJXJDRDHYJSH-UHFFFAOYSA-N","C7H2F14O3S",431.950110004,"O=S(=O)(OCC(F)(F)C(F)(F)C(F)(F)C(F)(F)C(F)(F)F)C(F)(F)F"
"DTXSID30895183","CAS_RN: 355-98-6","OJGIFDMSTFVZSM-UHFFFAOYSA-N","C7H7F7",224.043597764,"CCC=CC(F)(F)C(F)(F)C(F)(F)F"
"DTXSID60895232","CAS_RN: 133310-70-0","OJIAEXACITVMDV-UHFFFAOYSA-N","C22H37F9",472.275155164,"CCCCCCCCCCCCCCCCCCC(F)(F)C(F)(F)C(F)(F)C(F)(F)F"
"DTXSID20570533","CAS_RN: 172287-15-9","OJIWQOOBUZRMCG-UHFFFAOYSA-N","C8H7F9O2",306.030233444,"CCOC(=O)CC(F)(F)C(F)(F)C(F)(F)C(F)(F)F"
"DTXSID1070800","CAS_RN: 67905-19-5","OJMBMWRMTMHMSZ-UHFFFAOYSA-N","C16HF31O2",813.948154092,"O=C(O)C(F)(F)C(F)(F)C(F)(F)C(F)(F)C(F)(F)C(F)(F)C(F)(F)C(F)(F)C(F)(F)C(F)(F)C(F)(F)C(F)(F)C(F)(F)C(F)(F)C(F)(F)F"
"",NA,"OJTPRDWFYBFBBB-UHFFFAOYSA-O","C12H18F9N2O4S",457.084357036,"C[N+](C)(CCCNS(=O)(=O)C(F)(F)C(F)(F)C(F)(F)C(F)(F)F)CCC(=O)O"
"",NA,"OJVQPNOEIBXLJJ-UHFFFAOYSA-O","C13H18F11N2O4S",507.081163476,"C[N+](C)(CCCNS(=O)(=O)C(F)(F)C(F)(F)C(F)(F)C(F)(F)C(F)(F)F)CCC(=O)O"
"DTXSID70895248","CAS_RN: 355-30-6","OKBXLDZUHBWJBK-UHFFFAOYSA-N","C5H3F9O2",265.998933316,"OC(O)C(F)(F)C(F)(F)C(F)(F)C(F)(F)F"
"DTXSID60895631","CAS_RN: 136909-80-3","OKIJUKHROTUCQA-UHFFFAOYSA-N","C8H7F7O2",268.033427004,"C=C(CC(F)(F)C(F)(F)C(F)(F)F)OC(C)=O"
"DTXSID4073120","CAS_RN: 163702-07-6","OKIYQFLILPKULA-UHFFFAOYSA-N","C5H3F9O",250.004018696,"COC(F)(F)C(F)(F)C(F)(F)C(F)(F)F"
"",NA,"OKJADBQCVYOGPD-UHFFFAOYSA-O","C12H20F9N2O5S2",507.06699272,"C[N+](C)(CCCNS(=O)(=O)C(F)(F)C(F)(F)C(F)(F)C(F)(F)F)CCCS(=O)(=O)O"
"","CAS_RN: 61798-68-3","OKKXTBAGCBQRJU-UHFFFAOYSA-N","C15H9F17N",526.046354028,"FC(F)(F)C(F)(F)C(F)(F)C(F)(F)C(F)(F)C(F)(F)C(F)(F)C(F)(F)CC[n+]1ccccc1"
"","CAS_RN: 34455-29-3","OKOCIUJVPQKDLL-UHFFFAOYSA-O","C15H20F13N2O4S",571.09361998,"C[N+](C)(CCCNS(=O)(=O)CCC(F)(F)C(F)(F)C(F)(F)C(F)(F)C(F)(F)C(F)(F)F)CC(=O)O"
"",NA,"OKOCIUJVPQKDLL-UHFFFAOYSA-O","C15H20F13N2O4S",571.09361998,"C[N+](C)(CCCNS(=O)(=O)CCC(F)(F)C(F)(F)C(F)(F)C(F)(F)C(F)(F)C(F)(F)F)CC(=O)O"
"",NA,"OKPYXGVIHNSECZ-UHFFFAOYSA-N","C28H29F29O7",1028.145021648,"OCCOCCOCCOCCOCCOCCOCCC(F)(F)C(F)(F)C(F)(F)C(F)(F)C(F)(F)C(F)(F)C(F)(F)C(F)(F)C(F)(F)C(F)(F)C(F)(F)C(F)(F)C(F)(F)C(F)(F)F"
"DTXSID10631440","CAS_RN: 59665-25-7","OKURPQGPBHMFLE-UHFFFAOYSA-N","C8H2Br3F13",581.749903224,"FC(F)(F)C(F)(F)C(F)(F)C(F)(F)C(F)(F)C(F)(F)C(Br)(Br)CBr"
"DTXSID10880471","CAS_RN: 54009-79-9","OKXFOOHGEWKLIY-UHFFFAOYSA-N","C20H5F35O",925.97815248,"FC(F)(F)C(F)(C(F)(F)F)C(F)(F)C(F)(F)C(F)(F)C(F)(F)C(F)(F)C(F)(F)C(F)(F)C(F)(F)C(F)(F)C(F)(F)C(F)(F)C(F)(F)C(F)(F)C(F)(F)CC1CO1"
"DTXSID20561002","CAS_RN: 63967-40-8","OLALBODTPKELPY-UHFFFAOYSA-N","C9HF17O",447.975594392,"O=CC(F)(F)C(F)(F)C(F)(F)C(F)(F)C(F)(F)C(F)(F)C(F)(F)C(F)(F)F"
"","CAS_RN: 34455-35-1","OLIPKLFYFITKBO-UHFFFAOYSA-O","C19H20F21N2O4S",771.08084574,"C[N+](C)(CCCNS(=O)(=O)CCC(F)(F)C(F)(F)C(F)(F)C(F)(F)C(F)(F)C(F)(F)C(F)(F)C(F)(F)C(F)(F)C(F)(F)F)CC(=O)O"
"",NA,"OLIPKLFYFITKBO-UHFFFAOYSA-O","C19H20F21N2O4S",771.08084574,"C[N+](C)(CCCNS(=O)(=O)CCC(F)(F)C(F)(F)C(F)(F)C(F)(F)C(F)(F)C(F)(F)C(F)(F)C(F)(F)C(F)(F)C(F)(F)F)CC(=O)O"
"DTXSID70896432","CAS_RN: 1355554-34-5","OLNXGOQWYCILBL-UHFFFAOYSA-N","C15H15F7O3S",408.06301288,"CCC(C)S(=O)c1c(C(F)(C(F)(F)F)C(F)(F)F)ccc(C(=O)O)c1C"
"DTXSID00895554","CAS_RN: 558-95-2","OLVCKTXXONYSKV-UHFFFAOYSA-N","C9F18O",465.96617258,"O=C(F)C(F)(F)C(F)(F)C(F)(F)C(F)(F)C(F)(F)C(F)(F)C(F)(F)C(F)(F)F"
"DTXSID20372190","CAS_RN: 648-42-0","OLXJWIOOAUUDHX-UHFFFAOYSA-N","C7H7F7O",240.038512384,"C=CCOCC(F)(F)C(F)(F)C(F)(F)F"
"DTXSID10895429","CAS_RN: 1980786-99-9","OLZXZQQEKJLLNV-UHFFFAOYSA-N","C15H17F13",444.112267404,"CCCCCCCC=CC(F)(F)C(F)(F)C(F)(F)C(F)(F)C(F)(F)C(F)(F)F"
"DTXSID80590878","CAS_RN: 754-79-0","OMBYOPNOROKVEG-UHFFFAOYSA-N","C6HF11O",297.985175072,"O=CC(F)(F)C(F)(F)C(F)(F)C(F)(F)C(F)(F)F"
"DTXSID90881168","CAS_RN: 94200-47-2","CTRZOOKWLBIDKA-UHFFFAOYSA-N","C15H8F25O5P",773.971015486,"O=P(O)(O)OCC(O)CC(F)(F)C(F)(F)C(F)(F)C(F)(F)C(F)(F)C(F)(F)C(F)(F)C(F)(F)C(F)(F)C(F)(F)C(F)(F)C(F)(F)F"
"DTXSID10880996","CAS_RN: 84100-12-9","OMUNRUKWZBLGRN-UHFFFAOYSA-N","C8H5F9",272.02475414,"C=CCC(=C(F)C(F)(F)C(F)(F)F)C(F)(F)F"
"",NA,"OMZKAGKELPONGJ-UHFFFAOYSA-N","C8HF15O3S",461.940688192,"O=S(=O)(O)C(F)(F)C(F)(F)C(F)(F)C(F)(F)C(F)(F)C(F)=C(F)C(F)(F)F"
"DTXSID30895527","CAS_RN: 118642-84-5","ONGKSGMSSKZXAC-UHFFFAOYSA-N","C22H27F17",614.184130604,"CCCCCCCCCCCCC=CC(F)(F)C(F)(F)C(F)(F)C(F)(F)C(F)(F)C(F)(F)C(F)(F)C(F)(F)F"
"","CAS_RN: 92340-26-6","JGCPFJWTHOITQY-UHFFFAOYSA-N","C16H14F17NO6S",671.027037908,"CCN(CCOC(=O)CCC(=O)O)S(=O)(=O)C(F)(F)C(F)(F)C(F)(F)C(F)(F)C(F)(F)C(F)(F)C(F)(F)C(F)(F)F"
"DTXSID20880462","CAS_RN: 63295-18-1","SGZKPGFLGSWOJX-UHFFFAOYSA-N","C12H8F19O5P",623.980596166,"O=P(O)(O)OCC(O)CC(F)(F)C(F)(F)C(F)(F)C(F)(F)C(F)(F)C(F)(F)C(F)(C(F)(F)F)C(F)(F)F"
"DTXSID7075341","CAS_RN: 434-90-2","ONUFSRWQCKNVSL-UHFFFAOYSA-N","C12F10",333.9840322,"Fc1c(F)c(F)c(-c2c(F)c(F)c(F)c(F)c2F)c(F)c1F"
"DTXSID80584838","CAS_RN: 649561-66-0","ONXVYKQEANDRAX-UHFFFAOYSA-N","C29H19F17O",706.116444968,"OC(c1ccccc1)(c1ccccc1)c1ccc(CCC(F)(F)C(F)(F)C(F)(F)C(F)(F)C(F)(F)C(F)(F)C(F)(F)C(F)(F)F)cc1"
"DTXSID50528481","CAS_RN: 69127-72-6","OOARTWBHOTYAKZ-UHFFFAOYSA-N","C12H5F13S",427.99043802,"FC(F)(F)C(F)(F)C(F)(F)C(F)(F)C(F)(F)C(F)(F)Sc1ccccc1"
"DTXSID00896622","CAS_RN: 133921-38-7","OOIOCQXPBHHQGB-UHFFFAOYSA-N","C19HF37O2",963.938573412,"O=C(O)C(F)(F)C(F)(F)C(F)(F)C(F)(F)C(F)(F)C(F)(F)C(F)(F)C(F)(F)C(F)(F)C(F)(F)C(F)(F)C(F)(F)C(F)(F)C(F)(F)C(F)(F)C(F)(F)C(F)(F)C(F)(F)F"
"DTXSID90895462","CAS_RN: 100603-63-2","OOXRHOFSTJOWRM-UHFFFAOYSA-N","C11H2F20",513.983714464,"FC(F)(F)C(F)(F)C(F)(F)C=CC(F)(F)C(F)(F)C(F)(F)C(F)(F)C(F)(F)C(F)(F)F"
"DTXSID50895221","CAS_RN: 1835249-87-0","OOYUDVCBUIKSAP-UHFFFAOYSA-N","C13H15F13",418.09661734,"CCCCCCCC(F)(F)C(F)(F)C(F)(F)C(F)(F)C(F)(F)C(F)(F)F"
"DTXSID00379288","CAS_RN: 7589-43-7","OPDPCHBOZHWKOZ-NTSWFWBYSA-N","C9H10F7I",377.97154586,"FC(F)(F)C(F)(F)C(F)(F)[C@H]1CCCC[C@H]1I"
"DTXSID10662951","CAS_RN: 7589-44-8","OPDPCHBOZHWKOZ-PHDIDXHHSA-N","C9H10F7I",377.97154586,"FC(F)(F)C(F)(F)C(F)(F)[C@@H]1CCCC[C@H]1I"
"DTXSID40379287","CAS_RN: 2728-75-8","OPDPCHBOZHWKOZ-UHFFFAOYSA-N","C9H10F7I",377.97154586,"FC(F)(F)C(F)(F)C(F)(F)C1CCCCC1I"
"DTXSID90892330","CAS_RN: 62880-93-7","DKVATWZCDNHYCW-UHFFFAOYSA-N","C15H18F13NO4S2",587.046966916,"CC(C)(CS(=O)(=O)O)NC(=O)CCSCCC(F)(F)C(F)(F)C(F)(F)C(F)(F)C(F)(F)C(F)(F)F"
"DTXSID50880233","CAS_RN: 24394-25-0","OPYCVFHSYCUOGR-UHFFFAOYSA-N","C7F15I",495.8805213,"FC(F)(F)C(F)(F)C(F)(F)C(F)(F)C(F)(F)C(F)(I)C(F)(F)F"
"DTXSID50881169","CAS_RN: 94200-43-8","OPYLRJAHXRPJLM-UHFFFAOYSA-N","C17H8F29O5P",873.964628366,"O=P(O)(O)OCC(O)CC(F)(F)C(F)(F)C(F)(F)C(F)(F)C(F)(F)C(F)(F)C(F)(F)C(F)(F)C(F)(F)C(F)(F)C(F)(F)C(F)(F)C(F)(F)C(F)(F)F"
"DTXSID60567023","CAS_RN: 139613-90-4","OQIGJIYYJLAXJO-UHFFFAOYSA-N","C12H6F13N",411.029266052,"Nc1ccc(C(F)(F)C(F)(F)C(F)(F)C(F)(F)C(F)(F)C(F)(F)F)cc1"
"DTXSID30896271","CAS_RN: 860454-18-8","OQPNDTLZZNMIPO-UHFFFAOYSA-N","C15H8F7NO3",383.039240656,"O=C(Nc1ccc(C(F)(F)C(F)(F)C(F)(F)F)oc1=O)c1ccccc1"
"DTXSID8031863","CAS_RN: 4149-60-4","UZUFPBIDKMEQEQ-UHFFFAOYSA-N","C9HF17O2",463.970509012,"O=C(O)C(F)(F)C(F)(F)C(F)(F)C(F)(F)C(F)(F)C(F)(F)C(F)(F)C(F)(F)F"
"",NA,"ORBWMSWREXEFCD-UHFFFAOYSA-N","C6HF11O4S",377.941989932,"O=C(C(F)(F)F)C(F)(F)C(F)(F)C(F)(F)C(F)(F)S(=O)(=O)O"
"DTXSID90404578","CAS_RN: 755-48-6","OREPMMRTKSCBPA-UHFFFAOYSA-N","C9H12F7I",379.987195924,"CCCCC(I)CC(F)(F)C(F)(F)C(F)(F)F"
"DTXSID90895604","CAS_RN: 114221-75-9","ORKJDGJQRJIXIG-UHFFFAOYSA-N","C30H10F50I2",1573.80735732,"FC(F)(F)C(F)(F)C(F)(F)C(F)(F)C(F)(F)C(F)(F)C(F)(F)C(F)(F)C(F)(F)C(F)(F)C(F)(F)C(F)(F)CC(I)CCC(I)CC(F)(F)C(F)(F)C(F)(F)C(F)(F)C(F)(F)C(F)(F)C(F)(F)C(F)(F)C(F)(F)C(F)(F)C(F)(F)C(F)(F)F"
"DTXSID20896164","CAS_RN: 1335496-60-0","ORKNYFGKPMRLBL-UHFFFAOYSA-N","C27H37F13O3Si2",712.207364964,"CC(C)(C)[Si](C)(C)OCc1cc(CO[Si](C)(C)C(C)(C)C)cc(C(=O)C(F)(F)C(F)(F)C(F)(F)C(F)(F)C(F)(F)C(F)(F)F)c1"
"DTXSID20189326","CAS_RN: 358-21-4","ORNGPPZBMMHKPM-UHFFFAOYSA-N","C4F10O",253.97894682,"FC(F)(F)C(F)(F)OC(F)(F)C(F)(F)F"
"DTXSID60144196","CAS_RN: 194999-82-1","OZLBDYMWFAHSOQ-UHFFFAOYSA-N","C12H10I",280.98272332,"c1ccc([I+]c2ccccc2)cc1"
"DTXSID30292734","CAS_RN: 4314-29-8","ORSKKCUOGCUQSI-UHFFFAOYSA-N","C6H5ClF7NO",274.994789,"O=C(NCCCl)C(F)(F)C(F)(F)C(F)(F)F"
"DTXSID70300645","CAS_RN: 2712-85-8","OSBXTOJUJNHUFN-UHFFFAOYSA-N","C10H5F7N4",314.0402437,"FC(F)(F)C(F)(F)C(F)(F)c1nnnn1-c1ccccc1"
"DTXSID90881143","CAS_RN: 94200-46-1","NQLRFTJXTHUSEC-UHFFFAOYSA-N","C13H8F21O5P",673.977402606,"O=P(O)(O)OCC(O)CC(F)(F)C(F)(F)C(F)(F)C(F)(F)C(F)(F)C(F)(F)C(F)(F)C(F)(F)C(F)(F)C(F)(F)F"
"DTXSID50896697","CAS_RN: 85963-79-7","OSCIIPAIQXGYEP-UHFFFAOYSA-N","C4HF9O4S",315.945183492,"O=S(=O)(OO)C(F)(F)C(F)(F)C(F)(F)C(F)(F)F"
"DTXSID10335698","CAS_RN: 13038-26-1","OSDPSOBLGQUCQX-UHFFFAOYSA-N","C6H3F9O2",277.998933316,"COC(=O)C(F)(F)C(F)(F)C(F)(F)C(F)(F)F"
"DTXSID5062760","CAS_RN: 2991-51-7","CKRXVVGETMYFIO-UHFFFAOYSA-N","C12H8F17NO4S",584.990258476,"CCN(CC(=O)O)S(=O)(=O)C(F)(F)C(F)(F)C(F)(F)C(F)(F)C(F)(F)C(F)(F)C(F)(F)C(F)(F)F"
"DTXSID9070828","CAS_RN: 67906-40-5","OSMPUFUJALYWAR-UHFFFAOYSA-N","C14H16F11NO4S",503.062439412,"C=C(C)C(=O)OCCCCN(C)S(=O)(=O)C(F)(F)C(F)(F)C(F)(F)C(F)(F)C(F)(F)F"
"DTXSID00896263","CAS_RN: 1428370-26-6","OSNHQRSDSSUDCW-UHFFFAOYSA-N","C12H7ClF9NO4S",466.964060364,"CC(=O)Nc1ccc(OS(=O)(=O)C(F)(F)C(F)(F)C(F)(F)C(F)(F)F)cc1Cl"
"DTXSID70896730","CAS_RN: 118826-52-1","OSQAPZGHDQYVKC-AWEZNQCLSA-N","C26H21F15O2",650.130203212,"CC[C@H](C)Cc1ccc(-c2ccc(C(=O)OCC(F)(F)C(F)(F)C(F)(F)C(F)(F)C(F)(F)C(F)(F)C(F)(F)F)cc2)cc1"
"DTXSID80896105","CAS_RN: 36839-95-9","OSWRWZGVKCULJE-UHFFFAOYSA-N","C10H9F9O3S",380.012869128,"O=S(=O)(OC1=CCCCC1)C(F)(F)C(F)(F)C(F)(F)C(F)(F)F"
"DTXSID20396477","CAS_RN: 6401-02-1","OSWSZHMBICDPQH-UHFFFAOYSA-N","C4H3F7O3S",263.969112496,"O=S(=O)(OCC(F)(F)C(F)F)C(F)(F)F"
"DTXSID40880540","CAS_RN: 64018-24-2","OSYDIIQLLFZQKP-UHFFFAOYSA-N","C6H2ClF9O",295.965046344,"O=C(Cl)CC(F)(F)C(F)(F)C(F)(F)C(F)(F)F"
"DTXSID10534164","CAS_RN: 92746-93-5","OSZDQCXIGLZJLU-UHFFFAOYSA-N","C11H5F17O3",507.99672376,"O=C(OCCO)C(F)(F)C(F)(F)C(F)(F)C(F)(F)C(F)(F)C(F)(F)C(F)(F)C(F)(F)F"
"DTXSID00485237","CAS_RN: 61324-28-5","OTFLZXXBEWPSKG-UHFFFAOYSA-N","C9H5F7O",262.02286232,"Oc1ccc(C(F)(F)C(F)(F)C(F)(F)F)cc1"
"",NA,"OTGTXEZRTXPANW-UHFFFAOYSA-N","C15HF29O",747.956433032,"OC(F)(F)C(F)(F)C(F)(F)C(F)(F)C(F)(F)C(F)(F)C(F)(F)C(F)(F)C(F)(F)C(F)(F)C(F)(F)C(F)(F)C(F)=C(F)C(F)(F)F"
"DTXSID70881085",NA,"OTPHSARACINGEX-UHFFFAOYSA-N","C8HF15O4S",477.935602812,"O=C(C(F)(F)F)C(F)(F)C(F)(F)C(F)(F)C(F)(F)C(F)(F)C(F)(F)S(=O)(=O)O"
"DTXSID10285765","CAS_RN: 425-21-8","OTTCSFSJPPWLBV-UHFFFAOYSA-N","C7H9F7O",242.054162448,"CCCC(O)C(F)(F)C(F)(F)C(F)(F)F"
"DTXSID50306049","CAS_RN: 24962-65-0","OTZYGTLBGUNRBX-UHFFFAOYSA-N","C15H9F15O3S",554.003288448,"Cc1ccc(S(=O)(=O)OCC(F)(F)C(F)(F)C(F)(F)C(F)(F)C(F)(F)C(F)(F)C(F)(F)F)cc1"
"DTXSID40895432","CAS_RN: 93454-73-0","OUASUHCMZXPMCH-UHFFFAOYSA-N","C26H29F25",816.187006428,"CCCCCCCCCCCCCCC(F)(F)C(F)(F)C(F)(F)C(F)(F)C(F)(F)C(F)(F)C(F)(F)C(F)(F)C(F)(F)C(F)(F)C(F)(F)C(F)(F)F"
"DTXSID00446247","CAS_RN: 64739-16-8","OUDRUNXDQLDNNJ-UHFFFAOYSA-N","C7H3F13O2",365.992546196,"OC(O)C(F)(F)C(F)(F)C(F)(F)C(F)(F)C(F)(F)C(F)(F)F"
"DTXSID2063050","CAS_RN: 3486-08-6","OUFXTVSYOAPUKM-UHFFFAOYSA-N","C7F15I",495.8805213,"FC(F)(F)C(F)(C(F)(F)F)C(F)(F)C(F)(F)C(F)(F)C(F)(F)I"
"DTXSID40895391","CAS_RN: 2070-60-2","OUGVLAVHRNOQEV-UHFFFAOYSA-N","C7H7F7O2",256.033427004,"COC(=O)CCC(F)(F)C(F)(F)C(F)(F)F"
"DTXSID30233046","CAS_RN: 84145-17-5","OUJAXDQRZMGUOM-UHFFFAOYSA-N","C8H5F9O2",304.01458338,"C=CCOC(=O)C(F)(F)C(F)(F)C(F)(F)C(F)(F)F"
"DTXSID8073475","CAS_RN: 33831-83-3","OUJSWWHXKJQNMJ-UHFFFAOYSA-N","C4H3F4I",253.921560976,"C=CC(F)(F)C(F)(F)I"
"DTXSID20209134","CAS_RN: 6037-91-8","OURRZLCUWZZPKV-UHFFFAOYSA-N","C4F7IO",323.88821016,"FC(F)=C(F)OC(F)(F)C(F)(F)I"
"DTXSID10402617","CAS_RN: 61881-15-0","OUULXEWNDSSVGI-UHFFFAOYSA-N","C11H10F13NO",419.0554808,"CCN(CC)C(=O)C(F)(F)C(F)(F)C(F)(F)C(F)(F)C(F)(F)C(F)(F)F"
"DTXSID80631134","CAS_RN: 246234-80-0","OUVSPPNCAAZLIA-UHFFFAOYSA-N","C19H25F17O3Si",652.13015093,"CC(C)O[Si](CCC(F)(F)C(F)(F)C(F)(F)C(F)(F)C(F)(F)C(F)(F)C(F)(F)C(F)(F)F)(OC(C)C)OC(C)C"
"DTXSID10190840","CAS_RN: 2794-75-4","WBGBQSRNXPVFDB-UHFFFAOYSA-N","C4H4F7N",199.023196668,"NCC(F)(F)C(F)(F)C(F)(F)F"
"DTXSID8044969","CAS_RN: 63863-43-4","OVAULROCPRKKJF-UHFFFAOYSA-N","C9H3F13O4",421.982375436,"COC(=O)C(F)(F)C(F)(F)OC(F)(C(F)(F)F)C(F)(F)OC(F)=C(F)F"
"DTXSID40381269","CAS_RN: 83310-97-8","OVBNEUIFHDEQHD-UHFFFAOYSA-N","C7H7F9O",278.035318824,"OCCCC(F)(F)C(F)(F)C(F)(F)C(F)(F)F"
"","CAS_RN: 64264-44-4","OVGBXUQXXOWUAN-UHFFFAOYSA-N","C13H13F17NO6PS",664.992974506,"CCC(CCOP(=O)(O)O)NS(=O)(=O)C(F)(F)C(F)(F)C(F)(F)C(F)(F)C(F)(F)C(F)(F)C(F)(F)C(F)(F)F"
"",NA,"OVGNQBJVXCUERN-HNQUOIGGSA-N","C9H2F16O3S",493.946916444,"O=S(=O)(O)C(F)(F)C(F)(F)C(F)(F)C(F)(F)C(F)(F)C(F)/C(F)=C(\F)C(F)(F)F"
"DTXSID30896170","CAS_RN: 96146-10-0","OVKVVQHYQFDCIJ-UHFFFAOYSA-N","C12H7F7N2O",328.044660384,"O=C1CC(C(F)(F)C(F)(F)C(F)(F)F)=Nc2ccccc2N1"
"DTXSID1070220","CAS_RN: 65104-66-7","OWAQRMVKMUUGIA-UHFFFAOYSA-N","C24H9F37O2",1032.001173668,"C=C(C)C(=O)OCCC(F)(F)C(F)(F)C(F)(F)C(F)(F)C(F)(F)C(F)(F)C(F)(F)C(F)(F)C(F)(F)C(F)(F)C(F)(F)C(F)(F)C(F)(F)C(F)(F)C(F)(F)C(F)(F)C(F)(F)C(F)(F)F"
"","CAS_RN: 68957-58-4","OWBYGXNKMFLAMD-UHFFFAOYSA-N","C12H16F13N2O2S",499.072490612,"C[N+](C)(C)CCCNS(=O)(=O)C(F)(F)C(F)(F)C(F)(F)C(F)(F)C(F)(F)C(F)(F)F"
"DTXSID90880232","CAS_RN: 21615-47-4","OWCNWICUDXNCTI-UHFFFAOYSA-N","C6H2F11N1O2",328.9909885,NA
"DTXSID10379931","CAS_RN: 558-96-3","OWIAIPIQXHPUHV-UHFFFAOYSA-N","C9BrF19",547.88799828,"FC(F)(F)C(F)(F)C(F)(F)C(F)(F)C(F)(F)C(F)(F)C(F)(F)C(F)(F)C(F)(F)Br"
"DTXSID00896425","CAS_RN: 1355554-39-0","OWMOEIOYKZKBPX-UHFFFAOYSA-N","C15H15F7O3S",408.06301288,"Cc1c(C(=O)O)ccc(C(F)(C(F)(F)F)C(F)(F)F)c1S(=O)C(C)(C)C"
"DTXSID3071727","CAS_RN: 68758-57-6","OWNXTVBJQHTUHT-UHFFFAOYSA-N","C14H4ClF25O2S",745.922133548,"O=S(=O)(Cl)CCC(F)(F)C(F)(F)C(F)(F)C(F)(F)C(F)(F)C(F)(F)C(F)(F)C(F)(F)C(F)(F)C(F)(F)C(F)(F)C(F)(F)F"
"DTXSID80892506","CAS_RN: 73606-19-6","GGOUUEMCWBTDMT-UHFFFAOYSA-N","C8HClF16O4S",531.902858712,"O=S(=O)(O)C(F)(F)C(F)(F)OC(F)(F)C(F)(F)C(F)(F)C(F)(F)C(F)(F)C(F)(F)Cl"
"DTXSID30848038","CAS_RN: 90292-31-2","OWTPDHDNFWAJET-UHFFFAOYSA-N","C9H9F8NO2",315.050554288,"CC(C)(CC=C(F)C(F)(F)C(F)(F)C(F)(F)F)[N+](=O)[O-]"
"",NA,"OWXHAGXZCNXPEN-UHFFFAOYSA-N","C12H2F22O2",595.970350144,"O=C(O)C(F)C(F)(F)C(F)(F)C(F)(F)C(F)(F)C(F)(F)C(F)(F)C(F)(F)C(F)(F)C(F)(F)C(F)(F)F"
"DTXSID80896266","CAS_RN: 113584-36-4","OWZFIVLIZBBEEO-UHFFFAOYSA-N","C18H19F17N2O3S",666.084493208,"CCCCCC(=O)N1CCN(S(=O)(=O)C(F)(F)C(F)(F)C(F)(F)C(F)(F)C(F)(F)C(F)(F)C(F)(F)C(F)(F)F)CC1"
"DTXSID80895698","CAS_RN: 1816283-32-5","OXAXXFLQMZHILP-UHFFFAOYSA-N","C8H3ClF7N",280.984224316,"FC(F)(F)C(F)(F)C(F)(F)c1cc(Cl)ccn1"
"DTXSID00896223","CAS_RN: 748785-00-4","OXEFQYACCKRTBE-UHFFFAOYSA-N","C22H14F7NO",441.096361608,"O=C(Nc1ccc(C(F)(F)C(F)(F)C(F)(F)F)cc1-c1ccccc1)c1ccccc1"
"",NA,"OXERQBBCHXVBLK-UHFFFAOYSA-N","C7HF13O3S",411.943881752,"O=S(=O)(O)C1(F)C(F)(F)C(F)(F)C(F)(F)C(F)(F)C1(F)C(F)(F)F"
"DTXSID30340244","CAS_RN: 424-16-8","OXJVZWUUXGCJLH-UHFFFAOYSA-N","C14H10F12O3S",486.01590382,"Cc1ccc(S(=O)(=O)OCC(F)(F)C(F)(F)C(F)(F)C(F)(F)C(F)(F)C(F)F)cc1"
"DTXSID60436109","CAS_RN: 423-02-9","OXQHQHZMHCGTFY-UHFFFAOYSA-N","C9F18",449.97125796,"FC(F)(F)C(F)(C(F)(F)F)C1(F)C(F)(F)C(F)(F)C(F)(F)C(F)(F)C1(F)F"
"","CAS_RN: 95215-99-9","OXYTULQNNXZBJK-UHFFFAOYSA-N","C16F30N9P",918.95352423,"[N-]=[N+]=NP1(N=[N+]=[N-])=NC(C(F)(F)C(F)(F)C(F)(F)C(F)(F)C(F)(F)C(F)(F)C(F)(F)F)=NC(C(F)(F)C(F)(F)C(F)(F)C(F)(F)C(F)(F)C(F)(F)C(F)(F)F)=N1"
"DTXSID8059920","CAS_RN: 375-92-8","OYGQVDSRYXATEL-UHFFFAOYSA-N","C7HF15O3S",449.940688192,"O=S(=O)(O)C(F)(F)C(F)(F)C(F)(F)C(F)(F)C(F)(F)C(F)(F)C(F)(F)F"
"DTXSID80895673","CAS_RN: 261503-82-6","OYJDIUNBPLCGDV-UHFFFAOYSA-N","C11H2F18O2",507.976737264,"O=C(CC(=O)C(F)(F)C(F)(F)C(F)(F)C(F)(F)F)C(F)(F)C(F)(F)C(F)(F)C(F)(F)F"
"DTXSID40896141","CAS_RN: 149652-30-2","OYNKCDZLXSAORO-UHFFFAOYSA-N","C12H4F14O2S",477.970845448,"O=S(=O)(c1ccc(F)cc1)C(F)(F)C(F)(F)C(F)(F)C(F)(F)C(F)(F)C(F)(F)F"
"",NA,"OYVKWISFZJKPGB-UHFFFAOYSA-N","C14H22F11N2O5S",539.107378224,"C[N+](C)(CCC(CO)NS(=O)(=O)C(F)(F)C(F)(F)C(F)(F)C(F)(F)C(F)(F)F)CC(O)CO"
"DTXSID20896467","CAS_RN: 862134-29-0","OYWNCANTEISSJB-UHFFFAOYSA-N","C26H18ClF9N2O2",596.091309476,"Cc1cc(C(F)(C(F)(F)F)C(F)(F)F)cc(C)c1NC(=O)c1cccc(N(C)C(=O)c2ccc(F)cc2Cl)c1F"
"DTXSID00672862","CAS_RN: 521069-01-2","OYYHZXTWPXQWOH-UHFFFAOYSA-N","C21H23ClF26O2Si3",920.027920966,"C[Si](C)(CCC(F)(F)C(F)(F)C(F)(F)C(F)(F)C(F)(F)C(F)(F)F)O[Si](C)(Cl)O[Si](C)(C)CCC(F)(F)C(F)(F)C(F)(F)C(F)(F)C(F)(F)C(F)(F)F"
"DTXSID10720484","CAS_RN: 88951-27-3","OYZREMJZZYHBTI-UHFFFAOYSA-N","C13H11F13O2",446.055146452,"O=C(O)C1CCC(C(F)(F)C(F)(F)C(F)(F)C(F)(F)C(F)(F)C(F)(F)F)CC1"
"",NA,"OZDOVAUURBRYOC-UHFFFAOYSA-O","C16H28F9N2O8S2",611.114336836,"C[N+](C)(CCC(CO)N(CCCS(=O)(=O)O)S(=O)(=O)C(F)(F)C(F)(F)C(F)(F)C(F)(F)F)CC(O)CO"
"DTXSID40379782","CAS_RN: 40677-94-9","OZGWOALFBHODRB-UHFFFAOYSA-N","C10H5F11O2",366.01138982,"C=CC(=O)OCC1(F)C(F)(F)C(F)(F)C(F)(F)C(F)(F)C1(F)F"
"DTXSID30380044","CAS_RN: 232267-34-4","OZJOKWZATUYTID-UHFFFAOYSA-N","C9H3F17O",449.991244456,"OCC(F)(F)C(F)(C(F)(F)F)C(F)(F)C(C(F)(F)F)(C(F)(F)F)C(F)(F)F"
"DTXSID70280271","CAS_RN: 356-66-1","OZLLKPBJUXSZOV-UHFFFAOYSA-N","C7H8F7NO2",271.044326036,"CCC(CC(F)(F)C(F)(F)C(F)(F)F)[N+](=O)[O-]"
"DTXSID10896375","CAS_RN: 103697-21-8","OZQNQQRUDNMYNL-UHFFFAOYSA-N","C9F18O",465.96617258,"FC(F)(F)C(F)(F)C1(C(F)(C(F)(F)F)C(F)(F)F)OC1(C(F)(F)F)C(F)(F)F"
"DTXSID50895206","CAS_RN: 378-98-3","OZYMPEDHLCZKFH-UHFFFAOYSA-N","C9H5F7",246.0279477,"FC(F)(F)C(F)(F)C(F)(F)c1ccccc1"
"","CAS_RN: 148240-87-3","OZZUTUAAZBZUQA-UHFFFAOYSA-N","C17H20F18O8P2S2",819.97874082,"O=P(O)(O)OCC(COP(=O)(O)O)(CSCCC(F)(F)C(F)(F)C(F)(F)C(F)(F)F)CSCCC(F)(F)C(F)(F)C(F)(F)C(F)(F)F"
"DTXSID20454425","CAS_RN: 2398-75-6","PACASBRIKDMTSP-UHFFFAOYSA-N","C10H5F9",296.02475414,"FC(F)(F)C(F)(F)C(F)(F)C(F)(F)c1ccccc1"
"DTXSID20296261","CAS_RN: 355-91-9","PAESHGHUQXDFGZ-UHFFFAOYSA-N","C6H5F7N2O4",302.01375418,"O=[N+]([O-])CC(C[N+](=O)[O-])C(F)(F)C(F)(F)C(F)(F)F"
"DTXSID80229474","CAS_RN: 93776-24-0","HWYXDLNPCZITLD-UHFFFAOYSA-N","C22H9F38O4P",1089.963167758,"O=P(O)(OCCC(F)(F)C(F)(F)C(F)(F)C(F)(F)C(F)(F)C(F)(F)C(F)(C(F)(F)F)C(F)(F)F)OCCC(F)(F)C(F)(F)C(F)(F)C(F)(F)C(F)(F)C(F)(F)C(F)(C(F)(F)F)C(F)(F)F"
"",NA,"PAMGXWGHWKJAJQ-UHFFFAOYSA-N","C46H73F21O18",1312.446158116,"OCCOCCOCCOCCOCCOCCOCCOCCOCCOCCOCCOCCOCCOCCOCCOCCOCCOCCC(F)(F)C(F)(F)C(F)(F)C(F)(F)C(F)(F)C(F)(F)C(F)(F)C(F)(F)C(F)(F)C(F)(F)F"
"DTXSID9071890","CAS_RN: 68957-33-5","PAOHBPWWJXVFBM-UHFFFAOYSA-N","C8H8F9NO4S",385.003032716,"CCN(CC(=O)O)S(=O)(=O)C(F)(F)C(F)(F)C(F)(F)C(F)(F)F"
"DTXSID90896257","CAS_RN: 914391-37-0","PARYPNCCAOUHML-QFIPXVFZSA-N","C39H31F34NOSi",1203.163200622,"CC[Si](CC)(CC)OC(c1ccc(C(F)(F)C(F)(F)C(F)(F)C(F)(F)C(F)(F)C(F)(F)C(F)(F)C(F)(F)F)cc1)(c1ccc(C(F)(F)C(F)(F)C(F)(F)C(F)(F)C(F)(F)C(F)(F)C(F)(F)C(F)(F)F)cc1)[C@@H]1CCCN1"
"DTXSID00896501","CAS_RN: 243128-40-7","PBCSXNBWNQQSMF-UHFFFAOYSA-N","C8H5F11O3",358.00630444,"O=C(O)CCC(F)(OC(F)(F)C(F)(F)C(F)(F)F)C(F)(F)F"
"DTXSID90895422","CAS_RN: 52717-05-2","PBFFYNBAOSKDGF-UHFFFAOYSA-N","C13H11F15",452.062123652,"CCCCC=CC(F)(F)C(F)(F)C(F)(F)C(F)(F)C(F)(F)C(F)(F)C(F)(F)F"
"","CAS_RN: 73353-25-0","PBKXSFWADDDQNY-UHFFFAOYSA-O","C20H24F19N2O3",701.148353808,"C[N+](C)(CCCNCC(O)CC(F)(F)C(F)(F)C(F)(F)C(F)(F)C(F)(F)C(F)(F)C(F)(C(F)(F)F)C(F)(F)F)CCC(=O)O"
"DTXSID30896493","CAS_RN: 1152098-94-6","PBLGNKKXAAPOHI-UHFFFAOYSA-N","C7H3F11O",312.000825136,"C=CC(F)(F)C(F)(F)OC(F)(F)C(F)(F)C(F)(F)F"
"DTXSID50895948","CAS_RN: 94817-79-5","PBRMQLWBNAZWRE-UHFFFAOYSA-N","C15H14F19NO",585.077200248,"CCC(C)NCC(O)C(F)(F)C(F)(F)C(F)(F)C(F)(F)C(F)(F)C(F)(F)C(F)(F)C(F)(F)C(F)(F)F"
"DTXSID70880139","CAS_RN: 376-87-4","PBWHQPOHADDEFU-UHFFFAOYSA-N","C5F10",249.9840322,"FC(F)=C(F)C(F)(F)C(F)(F)C(F)(F)F"
"DTXSID20379806","CAS_RN: 118694-32-9","PCEMNVWCINQDOH-UHFFFAOYSA-N","C14F30",737.9520966,"FC(F)(F)C(F)(C(F)(F)F)C(F)(F)C(F)(F)C(F)(F)C(F)(F)C(F)(F)C(F)(F)C(F)(F)C(F)(F)C(F)(C(F)(F)F)C(F)(F)F"
"","CAS_RN: 68555-66-8","PCGFFOXXPIGVKC-UHFFFAOYSA-N","C7HF15O2S",433.945773572,"O=S(O)C(F)(F)C(F)(F)C(F)(F)C(F)(F)C(F)(F)C(F)(F)C(F)(F)F"
"DTXSID30382149","CAS_RN: 25065-50-3","PCGUNVYNJIFBQT-UHFFFAOYSA-N","C7H4F12O",332.007053388,"OCC(F)(C(F)C(F)(C(F)(F)F)C(F)(F)F)C(F)(F)F"
"","CAS_RN: 24120-18-1","PCINQRFLHHIVBS-UHFFFAOYSA-N","C20H6F30O4",879.978705272,"O=C(C=CC(=O)OCC(F)(F)C(F)(F)C(F)(F)C(F)(F)C(F)(F)C(F)(F)C(F)(F)F)OCC(F)(F)C(F)(F)C(F)(F)C(F)(F)C(F)(F)C(F)(F)C(F)(F)F"
"DTXSID3031860","CAS_RN: 335-76-2","PCIUEQPBYFRTEM-UHFFFAOYSA-N","C10HF19O2",513.967315452,"O=C(O)C(F)(F)C(F)(F)C(F)(F)C(F)(F)C(F)(F)C(F)(F)C(F)(F)C(F)(F)C(F)(F)F"
"",NA,"PCJKVWPGABCQGW-UHFFFAOYSA-N","C8H6F11NO4S",420.984189092,"CN(CC(=O)O)S(=O)(=O)C(F)(F)C(F)(F)C(F)(F)C(F)(F)C(F)(F)F"
"DTXSID20896220","CAS_RN: 1610931-28-6","PCLWKPYPGDOCHW-UHFFFAOYSA-N","C11HF13N2",407.993214892,"Fc1c(F)c(F)c2c(C(F)(F)C(F)(F)C(F)(F)C(F)(F)F)n[nH]c2c1F"
"DTXSID50880950","CAS_RN: 71302-72-2","PCNHGPSESDZSRB-UHFFFAOYSA-N","C8HF15O",397.978787952,"FC(F)(F)C(C1OC(F)(F)C(F)(F)C1(F)F)(C(F)(F)F)C(F)(F)F"
"DTXSID70371572","CAS_RN: 102780-88-1","PCOHEQOCJXXENZ-UHFFFAOYSA-N","C6F13I",445.88371486,"FC(F)(F)C(F)(F)C(F)(F)C(I)(C(F)(F)F)C(F)(F)F"
"DTXSID80585047","CAS_RN: 892155-69-0","PCXONXLXJULKDJ-UHFFFAOYSA-N","C18H13F17O2",584.064409396,"OCc1ccc(OCCCC(F)(F)C(F)(F)C(F)(F)C(F)(F)C(F)(F)C(F)(F)C(F)(F)C(F)(F)F)cc1"
"DTXSID60892367","CAS_RN: 377-76-4","PCZBVJHXWDEHIZ-UHFFFAOYSA-N","C5HF9O3",279.978197872,"O=C(O)C(F)(F)C(F)(F)OC(F)(F)C(F)(F)F"
"DTXSID70532883","CAS_RN: 88326-80-1","PDCLKAKNADZBRL-UHFFFAOYSA-N","C6HF10NO3",324.979675092,"O=C(ONC(=O)C(F)(F)C(F)(F)C(F)(F)F)C(F)(F)F"
"DTXSID20170895","CAS_RN: 1800-91-5","PDFSXHZXNZCKNF-UHFFFAOYSA-N","C10H6F12",354.027788832,"C=CC(F)(F)C(F)(F)C(F)(F)C(F)(F)C(F)(F)C(F)(F)C=C"
"DTXSID90380005","CAS_RN: 307-08-4","PDFYOLXVKFUEPM-UHFFFAOYSA-N","C13F22",573.96487084,"FC1(F)C(F)(F)C(F)(F)C2(F)C(F)(C1(F)F)C(F)(F)C1(F)C(F)(F)C(F)(F)C(F)(F)C(F)(F)C12F"
"DTXSID50897028","CAS_RN: 283172-09-8","PDIASJVTCFSDDH-UHFFFAOYSA-N","C9H5F7N2O",290.02901032,"O=C(Nc1ccccn1)C(F)(F)C(F)(F)C(F)(F)F"
"",NA,"PDOLHYOCFHGCQZ-UHFFFAOYSA-N","C9HF17O4S",527.932409252,"O=C(C(F)(F)F)C(F)(F)C(F)(F)C(F)(F)C(F)(F)C(F)(F)C(F)(F)C(F)(F)S(=O)(=O)O"
"",NA,"PDQFNVCLLWEJNN-UHFFFAOYSA-N","C4H6F4O4S",225.992292552,"CC(F)(F)CC(F)(F)OS(=O)(=O)O"
"DTXSID9067514","CAS_RN: 29809-35-6","PDUYKNDSQRUXSC-UHFFFAOYSA-N","C18F37I",1045.84539214,"FC(F)(F)C(F)(F)C(F)(F)C(F)(F)C(F)(F)C(F)(F)C(F)(F)C(F)(F)C(F)(F)C(F)(F)C(F)(F)C(F)(F)C(F)(F)C(F)(F)C(F)(F)C(F)(F)C(F)(F)C(F)(F)I"
"","CAS_RN: 155286-99-0","PZXUKOGPDQNUJP-UHFFFAOYSA-N","C26H32F17N5O12S",961.149672204,"O=C(O)CNCCN(CCN(CCN(CCN(CC(=O)O)S(=O)(=O)C(F)(F)C(F)(F)C(F)(F)C(F)(F)C(F)(F)C(F)(F)C(F)(F)C(F)(F)F)CC(=O)O)CC(=O)O)CC(=O)O"
"",NA,"PEORYHIJPVLYKF-UHFFFAOYSA-N","C13H8F19NO4S",634.987064916,"CCN(CC(=O)O)S(=O)(=O)C(F)(F)C(F)(F)C(F)(F)C(F)(F)C(F)(F)C(F)(F)C(F)(F)C(F)(F)C(F)(F)F"
"DTXSID10895181","CAS_RN: 38436-18-9","PEPWIAVLPDLJMQ-UHFFFAOYSA-N","C8H8BrF9",353.966566336,"FC(F)(F)C(F)(F)C(F)(F)C(F)(F)CCCCBr"
"DTXSID50895201","CAS_RN: 106873-68-1","PEUFNQDFGAXIBO-UHFFFAOYSA-N","C16H25F9",388.18125478,"CCCCCCCCCCCCC(F)(F)C(F)(F)C(F)(F)C(F)(F)F"
"DTXSID20178912","CAS_RN: 24216-05-5","PEVCFUGKAIGEMQ-UHFFFAOYSA-N","C22H5ClF30N2O4S",997.91795192,"O=C(Nc1ccc(S(=O)(=O)Cl)cc1NC(=O)C(F)(F)C(F)(F)C(F)(F)C(F)(F)C(F)(F)C(F)(F)C(F)(F)F)C(F)(F)C(F)(F)C(F)(F)C(F)(F)C(F)(F)C(F)(F)C(F)(F)F"
"DTXSID50583510","CAS_RN: 115224-00-5","PEWOESYEGLBLNR-NSMOOJLNSA-N","C14H15F7O2",348.09602726,"CC1(C)[C@H]2CC[C@]1(C)C(=O)C2C(=O)C(F)(F)C(F)(F)C(F)(F)F"
"DTXSID80880448","CAS_RN: 51800-99-8","PEWOESYEGLBLNR-XGLFCGLISA-N","C14H15F7O2",348.09602726,"CC1(C)[C@@H]2CC[C@@]1(C)C(=O)C2C(=O)C(F)(F)C(F)(F)C(F)(F)F"
"",NA,"PEXNVGDCMMCTGM-UHFFFAOYSA-N","C13HF25O4S",727.919635012,"O=C(F)C(F)(F)C(F)(F)C(F)(F)C(F)(F)C(F)(F)C(F)(F)C(F)(F)C(F)(F)C(F)(F)C(F)(F)C(F)(F)C(F)(F)S(=O)(=O)O"
"",NA,"PEZFQVKGXTXLFT-UHFFFAOYSA-N","C32H50F17NO13S",1011.2731414,"CCN(CCOCCOCCOCCOCCOCCOCCOCCOCCOCCOCCO)S(=O)(=O)C(F)(F)C(F)(F)C(F)(F)C(F)(F)C(F)(F)C(F)(F)C(F)(F)C(F)(F)F"
"DTXSID30893548","CAS_RN: 691358-66-4","PEZXXNHCOCQAKU-UHFFFAOYSA-N","C24H10F21NO3S",791.0046068,"O=S(=O)(ON=C(c1ccc2c(c1)Cc1ccccc1-2)C(F)(F)C(F)(F)C(F)(F)C(F)(F)C(F)(F)C(F)F)C(F)(F)C(F)(F)C(F)(F)C(F)(F)F"
"DTXSID50536985","CAS_RN: 95906-13-1","PFAQTZDSOYJCLX-UHFFFAOYSA-N","C6HF10N3O3",352.985823092,"[N-]=[N+]=NC(F)(F)C(F)(OC(F)(F)C(F)(F)C(F)(F)F)C(=O)O"
"DTXSID00895534","CAS_RN: 100550-10-5","PFAVUDZZGGYFMU-UHFFFAOYSA-N","C34H20F50",1378.07666164,"FC(F)(F)C(F)(F)C(F)(F)C(F)(F)C(F)(F)C(F)(F)C(F)(F)C(F)(F)C(F)(F)C(F)(F)C(F)(F)C(F)(F)CCCCCCCCCCC(F)(F)C(F)(F)C(F)(F)C(F)(F)C(F)(F)C(F)(F)C(F)(F)C(F)(F)C(F)(F)C(F)(F)C(F)(F)C(F)(F)F"
"DTXSID10897029","CAS_RN: 123665-83-8","PFBTUZNXHWKDNA-UHFFFAOYSA-N","C14H14F14N2O2",508.083172768,"O=C(NCCCCCCNC(=O)C(F)(F)C(F)(F)C(F)(F)F)C(F)(F)C(F)(F)C(F)(F)F"
"",NA,"PFCMFULNKHLQDY-UHFFFAOYSA-N","C42H65F21O16",1224.39372862,"OCCOCCOCCOCCOCCOCCOCCOCCOCCOCCOCCOCCOCCOCCOCCOCCC(F)(F)C(F)(F)C(F)(F)C(F)(F)C(F)(F)C(F)(F)C(F)(F)C(F)(F)C(F)(F)C(F)(F)F"
"DTXSID501015827","CAS_RN: 510774-77-3","JNYDOQOWNTURLR-UHFFFAOYSA-N","C7HF13O4",395.966725372,"O=C(O)C(F)(OC(F)(F)C(F)(OC(F)(F)F)C(F)(F)F)C(F)(F)F"
"DTXSID80382593","CAS_RN: 30670-30-5","PFINVJYJNJHTFY-UHFFFAOYSA-N","C10H6F17N",463.022878932,"NCCC(F)(F)C(F)(F)C(F)(F)C(F)(F)C(F)(F)C(F)(F)C(F)(F)C(F)(F)F"
"DTXSID70405563","CAS_RN: 61578-74-3","PFQQFKZQVVSAND-UHFFFAOYSA-N","C11H16F7NO",311.112011672,"CCCCCC(C)NC(=O)C(F)(F)C(F)(F)C(F)(F)F"
"DTXSID90895220","CAS_RN: 1092379-04-8","PFSBRGRDTLSALE-UHFFFAOYSA-N","C8H11F7OSe",335.986333812,"CCCC[Se]C(O)C(F)(F)C(F)(F)C(F)(F)F"
"DTXSID70195598","CAS_RN: 42977-21-9","PFSDZNASIFXROJ-UHFFFAOYSA-N","C20H8F34S2",957.952451736,"FC(F)(F)C(F)(F)C(F)(F)C(F)(F)C(F)(F)C(F)(F)C(F)(F)C(F)(F)CCSSCCC(F)(F)C(F)(F)C(F)(F)C(F)(F)C(F)(F)C(F)(F)C(F)(F)C(F)(F)F"
"DTXSID90460396","CAS_RN: 852527-45-8","PFSIGNUPTCQGSG-UHFFFAOYSA-N","C15H8F17NO4",589.018187476,"O=C(CCC(F)(F)C(F)(F)C(F)(F)C(F)(F)C(F)(F)C(F)(F)C(F)(F)C(F)(F)F)ON1C(=O)CCC1=O"
"DTXSID90605583","CAS_RN: 25080-24-4","PFUMSKSNQXXFNY-UHFFFAOYSA-N","C9H4F15IO",539.906736048,"FC(F)(F)C(F)(OC(F)(F)C(F)(F)C(F)(F)C(F)(F)CCI)C(F)(F)F"
"DTXSID40895992","CAS_RN: 347361-45-9","PFZDTHHLJUIBOD-UHFFFAOYSA-N","C10H7F9O2",330.030233444,"O=C1CCCC1C(=O)C(F)(F)C(F)(F)C(F)(F)C(F)(F)F"
"DTXSID40895932","CAS_RN: 423-88-1","PGADVLUJBVHESU-UHFFFAOYSA-N","C12H3F19O2",539.982965516,"C=COC(=O)C(F)(F)C(F)(F)C(F)(F)C(F)(F)C(F)(F)C(F)(F)C(F)(F)C(F)(F)C(F)(F)F"
"DTXSID10880118","CAS_RN: 335-14-8","PGEGLCABYUJXKS-UHFFFAOYSA-N","C7F16",387.97445152,"FC(F)(F)C(F)(F)C(F)(C(F)(F)F)C(F)(C(F)(F)F)C(F)(F)F"
"DTXSID10892574","CAS_RN: 53517-98-9","VJAUUPGCVZMKLX-UHFFFAOYSA-O","C14H16F15N2O",513.102311432,"C[N+](C)(C)CCCNC(=O)C(F)(F)C(F)(F)C(F)(F)C(F)(F)C(F)(F)C(F)(F)C(F)(F)F"
"DTXSID6029177","CAS_RN: 428-59-1","PGFXOWRDDHCDTE-UHFFFAOYSA-N","C3F6O",165.98533394,"FC(F)(F)C1(F)OC1(F)F"
"DTXSID0047583","CAS_RN: 423-39-2","PGRFXXCKHGIFSV-UHFFFAOYSA-N","C4F9I",345.89010198,"FC(F)(F)C(F)(F)C(F)(F)C(F)(F)I"
"DTXSID00895372","CAS_RN: 176979-17-2","PGTZMAVZAHEJCS-UHFFFAOYSA-N","C18H20F17I",686.03382838,"CCCCCCCCC(I)CC(F)(F)C(F)(F)C(F)(F)C(F)(F)C(F)(F)C(F)(F)C(F)(F)C(F)(F)F"
"DTXSID40380797","CAS_RN: 147492-57-7","PGUFRYZQAPBGDW-UHFFFAOYSA-N","C7H3F13O4",397.982375436,"OCC(F)(F)OC(F)(F)C(F)(F)OC(F)(F)C(F)(F)OC(F)(F)F"
"DTXSID70883584","CAS_RN: 802-93-7","PGUIOHNOYADLMU-UHFFFAOYSA-N","C12H6F12O2",410.017618072,"OC(c1cccc(C(O)(C(F)(F)F)C(F)(F)F)c1)(C(F)(F)F)C(F)(F)F"
"DTXSID90535038","CAS_RN: 81190-31-0","PGVKLEHFIFBSQI-UHFFFAOYSA-N","C7H3F9O",274.004018696,"OCC#CC(F)(F)C(F)(F)C(F)(F)C(F)(F)F"
"","CAS_RN: 67584-42-3","UAJLPCWWBKHFTD-UHFFFAOYSA-N","C8HF15O3S",461.940688192,"O=S(=O)(O)C1(F)C(F)(F)C(F)(F)C(F)(F)C(F)(F)C1(F)C(F)(F)C(F)(F)F"
"DTXSID2061729","CAS_RN: 1492-87-1","PGYDZCBTWHHAQX-UHFFFAOYSA-N","C12H14F9NO4S",439.049982908,"C=CC(=O)OCCCCN(C)S(=O)(=O)C(F)(F)C(F)(F)C(F)(F)C(F)(F)F"
"","CAS_RN: 38850-52-1","PHLQZHXBMDKUNG-UHFFFAOYSA-O","C14H18F13N2O4S",557.077969916,"C[N+](C)(C)CCCN(CC(=O)O)S(=O)(=O)C(F)(F)C(F)(F)C(F)(F)C(F)(F)C(F)(F)C(F)(F)F"
"DTXSID00895958","CAS_RN: 1469980-27-5","PHNKFQLUMVJFOV-UHFFFAOYSA-N","C7H3F9O3",305.993847936,"O=C1OCC(C(F)(F)C(F)(F)C(F)(F)C(F)(F)F)O1"
"DTXSID60896426","CAS_RN: 1355554-25-4","PHRLHSJILRHISJ-UHFFFAOYSA-N","C14H13F7O3S",394.047362816,"CCCS(=O)c1c(C(F)(C(F)(F)F)C(F)(F)F)ccc(C(=O)O)c1C"
"DTXSID50432039","CAS_RN: 103015-84-5","PIANCHDAVNRLDV-UHFFFAOYSA-N","C9H5Cl2F6NO",326.96523846,"Nc1cc(Cl)c(OC(F)(F)C(F)C(F)(F)F)cc1Cl"
"DTXSID00860964","CAS_RN: 73772-32-4","PICDOBBGSXEWGK-UHFFFAOYSA-N","C14H19F13N2O6S2",622.047695188,"CN(C)CCCN(CC(O)CS(=O)(=O)O)S(=O)(=O)C(F)(F)C(F)(F)C(F)(F)C(F)(F)C(F)(F)C(F)(F)F"
"DTXSID20896386","CAS_RN: 610778-18-2","PIDMBACJRPFEPM-UHFFFAOYSA-N","C16H10BrF15O",581.96755034,"Oc1ccc(Br)cc1CCCC(F)(F)C(F)(F)C(F)(F)C(F)(F)C(F)(C(F)(F)F)C(F)(F)F"
"DTXSID70880553","CAS_RN: 66008-69-3","PIINPBJRTIJQBX-UHFFFAOYSA-N","C15H12F17NO4S",625.021558604,"C=CC(=O)OCCN(C)S(=O)(=O)CC(F)(F)C(F)(F)C(F)(F)C(F)(F)C(F)(F)C(F)(F)C(F)(F)C(F)(F)F"
"DTXSID20895995","CAS_RN: 1463530-19-9","PINWBOMNCWQGMS-UHFFFAOYSA-N","C12H5F11N2",386.02770858,"N#Cc1ccc(N)cc1C(F)(F)C(F)(F)C(F)(F)C(F)(F)C(F)(F)F"
"DTXSID00895998","CAS_RN: 1608112-36-2","PIOPUHSIOSKTAD-UHFFFAOYSA-N","C12H5F9O",336.01966876,"FC(F)(F)C(F)(F)C(F)(F)C(F)(F)c1cc2ccccc2o1"
"DTXSID50229163","CAS_RN: 78560-45-9","PISDRBMXQBSCIP-UHFFFAOYSA-N","C8H4Cl3F13Si",479.894026558,"FC(F)(F)C(F)(F)C(F)(F)C(F)(F)C(F)(F)C(F)(F)CC[Si](Cl)(Cl)Cl"
"",NA,"PITHXNPHTSFHSW-UHFFFAOYSA-N","C14H14F17NO4S",615.037208668,"CCN(CCOCCO)S(=O)(=O)C(F)(F)C(F)(F)C(F)(F)C(F)(F)C(F)(F)C(F)(F)C(F)(F)C(F)(F)F"
"DTXSID00881114","CAS_RN: 93857-55-7","PIWWVQNNYGQYGW-UHFFFAOYSA-N","C26H9F46O4P",1289.950393518,"O=P(O)(OCCC(F)(F)C(F)(F)C(F)(F)C(F)(F)C(F)(F)C(F)(F)C(F)(F)C(F)(F)C(F)(C(F)(F)F)C(F)(F)F)OCCC(F)(F)C(F)(F)C(F)(F)C(F)(F)C(F)(F)C(F)(F)C(F)(F)C(F)(F)C(F)(C(F)(F)F)C(F)(F)F"
"DTXSID40896146","CAS_RN: 121806-68-6","PIYDRDJYWQFHPU-UHFFFAOYSA-N","C10H4Cl2F7NO",356.955816648,"O=C(Nc1cccc(Cl)c1Cl)C(F)(F)C(F)(F)C(F)(F)F"
"DTXSID60896047","CAS_RN: 15959-98-5","PJAXFZHTZFOPJE-UHFFFAOYSA-N","C8H5F7N2O3",310.01883956,"CCOC(=O)C(=[N+]=[N-])C(=O)C(F)(F)C(F)(F)C(F)(F)F"
"DTXSID60881115","CAS_RN: 94231-56-8","ICJWISPFZMNUHE-UHFFFAOYSA-N","C30H9F54O4P",1489.937619278,"O=P(O)(OCCC(F)(F)C(F)(F)C(F)(F)C(F)(F)C(F)(F)C(F)(F)C(F)(F)C(F)(F)C(F)(F)C(F)(F)C(F)(C(F)(F)F)C(F)(F)F)OCCC(F)(F)C(F)(F)C(F)(F)C(F)(F)C(F)(F)C(F)(F)C(F)(F)C(F)(F)C(F)(F)C(F)(F)C(F)(C(F)(F)F)C(F)(F)F"
"DTXSID5059793","CAS_RN: 307-30-2","PJDOLCGOTSNFJM-UHFFFAOYSA-N","C8H3F15O",399.994438016,"OCC(F)(F)C(F)(F)C(F)(F)C(F)(F)C(F)(F)C(F)(F)C(F)(F)F"
"DTXSID90194306","CAS_RN: 41358-63-8","PJFLHAJVWSCWMB-UHFFFAOYSA-N","C15H17F15N2O3",558.099965704,"O=C(NCCCN(CCO)CCO)C(F)(F)C(F)(F)C(F)(F)C(F)(F)C(F)(F)C(F)(F)C(F)(F)F"
"DTXSID90895760","CAS_RN: 124389-29-3","PJIMUKRRXVIXOA-UHFFFAOYSA-N","C18H4F26",713.989783848,"FC(F)(F)C(F)(F)C(F)(F)C(F)(F)C(F)(F)C(F)(F)c1cccc(C(F)(F)C(F)(F)C(F)(F)C(F)(F)C(F)(F)C(F)(F)F)c1"
"DTXSID70527451","CAS_RN: 89807-99-8","PJKIPGCITXQLEX-UHFFFAOYSA-N","C8H4F13IO",489.909929608,"OC(CI)C(F)(F)C(F)(F)C(F)(F)C(F)(F)C(F)(F)C(F)(F)F"
"",NA,"PJKLKBPCLORBPF-UHFFFAOYSA-O","C10H16F7N2O4S",393.071900532,"C[N+](C)(CCCNS(=O)(=O)C(F)(F)C(F)(F)C(F)(F)F)CC(=O)O"
"DTXSID40474908","CAS_RN: 193197-68-1","PJQMFFDXUGYQTO-UHFFFAOYSA-N","C36H12F39P",1216.005387594,"FC(F)(F)C(F)(F)C(F)(F)C(F)(F)C(F)(F)C(F)(F)c1ccc(P(c2ccc(C(F)(F)C(F)(F)C(F)(F)C(F)(F)C(F)(F)C(F)(F)F)cc2)c2ccc(C(F)(F)C(F)(F)C(F)(F)C(F)(F)C(F)(F)C(F)(F)F)cc2)cc1"
"DTXSID20880129","CAS_RN: 355-28-2","PJRIQFXPYMVWOU-UHFFFAOYSA-N","C5H3F9O",250.004018696,"OCC(F)(F)C(F)(F)C(F)(F)C(F)(F)F"
"DTXSID60379789","CAS_RN: 865-85-0","PJXYUQMFTNTTLI-UHFFFAOYSA-N","C12H2F20O4",589.963372944,"O=C(O)C(F)(F)C(F)(F)C(F)(F)C(F)(F)C(F)(F)C(F)(F)C(F)(F)C(F)(F)C(F)(F)C(F)(F)C(=O)O"
"DTXSID80379261","CAS_RN: 375-13-3","PJYLUIOQPJDGIG-UHFFFAOYSA-N","C4BrF7O",275.90207426,"O=C(Br)C(F)(F)C(F)(F)C(F)(F)F"
"DTXSID80895294","CAS_RN: 83706-96-1","PJZRJKWUZCHGGW-UHFFFAOYSA-N","C7H5F9O",276.01966876,"OCC=CC(F)(F)C(F)(F)C(F)(F)C(F)(F)F"
"DTXSID80895294","CAS_RN: 72016-05-8","PJZRJKWUZCHGGW-UHFFFAOYSA-N","C7H5F9O",276.01966876,"OCC=CC(F)(F)C(F)(F)C(F)(F)C(F)(F)F"
"DTXSID00895978","CAS_RN: 1401315-53-4","PKFAUAHQDYFZIK-UHFFFAOYSA-N","C12H7F17O4",538.007288444,"CCOC(=O)C(O)(O)C(F)(F)C(F)(F)C(F)(F)C(F)(F)C(F)(F)C(F)(F)C(F)(F)C(F)(F)F"
"DTXSID50844613","CAS_RN: 919005-48-4","PKHUZBFCHBFDSN-UHFFFAOYSA-N","C7H5F9O3",308.009498,"O=C(O)CCOC(F)(F)C(F)(F)C(F)(F)C(F)(F)F"
"","CAS_RN: 4314-37-8","PKJHWGYUOCAZRL-UHFFFAOYSA-N","C4H3F7N2O",228.013360256,"N=C(NO)C(F)(F)C(F)(F)C(F)(F)F"
"DTXSID70400078","CAS_RN: 3834-42-2","PKLASFRWKXWKII-UHFFFAOYSA-N","C6H9F7Si",242.036174358,"C[Si](C)(C)C(F)(F)C(F)(F)C(F)(F)F"
"DTXSID6062599","CAS_RN: 336-23-2","CXZGQIAOTKWCDB-UHFFFAOYSA-N","C5HF9O2",263.983283252,"O=C(O)C(F)(F)C(F)(F)C(F)(F)C(F)(F)F"
"DTXSID50880172","CAS_RN: 1799-55-9","PKPKRTXQJZSNCQ-UHFFFAOYSA-N","C12H7F15O2",468.020652764,"C=CC(=O)OCCC(F)(F)C(F)(F)C(F)(F)C(F)(F)C(F)(F)C(F)(F)C(F)(F)F"
"DTXSID40895376","CAS_RN: 1270180-02-3","PKTJTELNIOJBQE-UHFFFAOYSA-N","C13H3F23",595.986749156,"C=CC(F)(F)C(F)(F)C(F)(F)C(F)(F)C(F)(F)C(F)(F)C(F)(F)C(F)(F)C(F)(F)C(F)(F)C(F)(F)F"
"DTXSID80881117","CAS_RN: 93894-55-4","PKXOFTHSSGMAGM-UHFFFAOYSA-N","C8H2F16O5S2",545.908816684,"O=S(=O)(OS(=O)(=O)C(F)(F)C(F)(F)C(F)(F)C(F)F)C(F)(F)C(F)(F)C(F)(F)C(F)F"
"DTXSID7027831","CAS_RN: 24448-09-7","PLGACQRCZCVKGK-UHFFFAOYSA-N","C11H8F17NO3S",556.995343856,"CN(CCO)S(=O)(=O)C(F)(F)C(F)(F)C(F)(F)C(F)(F)C(F)(F)C(F)(F)C(F)(F)C(F)(F)F"
"",NA,"PLIUODCUGQMJPC-UHFFFAOYSA-N","C12H22F7N2O4S",423.118850724,"C[N+](C)(CCO)CCCN(CCO)S(=O)(=O)C(F)(F)C(F)(F)C(F)(F)F"
"DTXSID10895661","CAS_RN: 129560-95-8","PLQJITIKAMFDGJ-UHFFFAOYSA-N","C10H7F7O2",292.033427004,"Oc1ccc(OCC(F)(F)C(F)(F)C(F)(F)F)cc1"
"DTXSID10896355","CAS_RN: 1770825-71-2","PLSVLVAJUFTDOY-UHFFFAOYSA-N","C10H7BrF7N",352.965008864,"Cc1cc(C(F)(C(F)(F)F)C(F)(F)F)cc(Br)c1N"
"DTXSID40881350","CAS_RN: 958445-44-8","AFDRCEOKCOUICI-UHFFFAOYSA-N","C7H2F12O4",377.976147184,"O=C(O)C(F)(F)C(F)OC(F)(F)C(F)(F)C(F)(F)OC(F)(F)F"
"DTXSID80895239","CAS_RN: 135984-67-7","PLXBWBKXCKSJRL-UHFFFAOYSA-N","C6H3F9O",262.004018696,"O=CCC(F)(F)C(F)(F)C(F)(F)C(F)(F)F"
"DTXSID50696538","CAS_RN: 957206-65-4","PLXJZTAXKGDVFR-UHFFFAOYSA-N","C16H13F13O2",484.070796516,"OCc1ccc(OCCCC(F)(F)C(F)(F)C(F)(F)C(F)(F)C(F)(F)C(F)(F)F)cc1"
"DTXSID8059978","CAS_RN: 424-64-6","PLXOUIVCSUBZIX-UHFFFAOYSA-N","C7H5F7O2",254.01777694,"C=CC(=O)OCC(F)(F)C(F)(F)C(F)(F)F"
"DTXSID10895267","CAS_RN: 66563-68-6","PLYVHXBRPARTON-UHFFFAOYSA-N","C12HF25",619.967905532,"FC(F)C(F)(F)C(F)(F)C(F)(F)C(F)(F)C(F)(F)C(F)(F)C(F)(F)C(F)(F)C(F)(F)C(F)(F)C(F)(F)F"
"DTXSID90880954","CAS_RN: 71726-31-3","PLZIKMVNRWVJKM-UHFFFAOYSA-N","C11H6F16O",458.016316332,"C=COCC(F)(F)C(F)(F)C(F)(F)C(F)(F)C(F)(F)C(F)(F)C(F)(F)C(F)F"
"DTXSID70379891","CAS_RN: 40678-31-7","PMGMHQUGBLUBQV-UHFFFAOYSA-N","C11H4F19I",623.905434308,"FC(F)(F)C(F)(C(F)(F)F)C(F)(F)C(F)(F)C(F)(F)C(F)(F)C(F)(F)C(F)(F)CCI"
"",NA,"PMMJGCIRIFSZLP-UHFFFAOYSA-N","C10H4F14O3",437.993689068,"O=C(O)COC(F)(F)C(F)(F)C(F)(F)C(F)(F)C(F)(F)C(F)=CC(F)(F)F"
"DTXSID40896464","CAS_RN: 862130-91-4","PMNBKZXXUDKPHG-UHFFFAOYSA-N","C25H17ClF7N3O4",591.079581244,"Cc1cc(C(F)(C(F)(F)F)C(F)(F)F)cc(C)c1NC(=O)c1cccc(NC(=O)c2ccc(Cl)cc2[N+](=O)[O-])c1"
"DTXSID10895666","CAS_RN: 252237-39-1","PMWXDQPVJHEZJK-UHFFFAOYSA-N","C12H6F21O3P",627.971923302,"O=P(O)(O)CCC(F)(F)C(F)(F)C(F)(F)C(F)(F)C(F)(F)C(F)(F)C(F)(F)C(F)(F)C(F)(F)C(F)(F)F"
"DTXSID40896207","CAS_RN: 41131-07-1","PMXQNJWJEZRAQI-UHFFFAOYSA-N","C13H8F7NOS",359.021482416,"CN1C(=CC(=O)C(F)(F)C(F)(F)C(F)(F)F)Sc2ccccc21"
"DTXSID4071394","CAS_RN: 68298-89-5","PNBLAQHWLKUKEU-UHFFFAOYSA-N","C12H12F15NO3S",535.029837544,"CN(CCCCO)S(=O)(=O)C(F)(F)C(F)(F)C(F)(F)C(F)(F)C(F)(F)C(F)(F)C(F)(F)F"
"DTXSID30895668","CAS_RN: 70473-76-6","PNDQTLWFMTZBFC-UHFFFAOYSA-N","C6H6F7NO",241.033761352,"CCNC(=O)C(F)(F)C(F)(F)C(F)(F)F"
"",NA,"PNELWSDCUOTNRN-UHFFFAOYSA-N","C8H7F9O2S",338.002304444,"O=C(O)CSCCC(F)(F)C(F)(F)C(F)(F)C(F)(F)F"
"",NA,"PNGHFDKTDSVOEV-UHFFFAOYSA-N","C7H8F9NO5S2",420.970018336,"O=S(=O)(O)CCCNS(=O)(=O)C(F)(F)C(F)(F)C(F)(F)C(F)(F)F"
"DTXSID7045023","CAS_RN: 124472-66-8","HJHUXWBTVVFLQI-UHFFFAOYSA-N","C13H30N",200.23782496,"CCCC[N+](C)(CCCC)CCCC"
"",NA,"PNXDKJJICWAFME-UHFFFAOYSA-N","C17H2F32O2",845.954382344,"O=C(O)C(F)C(F)(F)C(F)(F)C(F)(F)C(F)(F)C(F)(F)C(F)(F)C(F)(F)C(F)(F)C(F)(F)C(F)(F)C(F)(F)C(F)(F)C(F)(F)C(F)(F)C(F)(F)F"
"DTXSID70896270","CAS_RN: 307531-76-6","PNXSDOXXIOPXPY-UHFFFAOYSA-N","C13H8F9NO5S",460.997947336,"O=C1C2C3C=CC(C3)C2C(=O)N1OS(=O)(=O)C(F)(F)C(F)(F)C(F)(F)C(F)(F)F"
"DTXSID00895731","CAS_RN: 28439-77-2","POBMIGAYJSMHRI-UHFFFAOYSA-N","C13H8F7N",311.054496796,"Cc1nccc2c(C(F)(F)C(F)(F)C(F)(F)F)cccc12"
"DTXSID40825830","CAS_RN: 700874-87-9","PODVJTKDNVRRMS-UHFFFAOYSA-N","C4F8O2",231.977055,"FC(F)=C(F)OC(F)(F)OC(F)(F)F"
"DTXSID1021164","CAS_RN: 375-04-2","GLUUGHFHXGJENI-UHFFFAOYSA-N","C4H10N2",86.08439832,"C1CNCCN1"
"DTXSID30880418","CAS_RN: 39187-47-8","POFXNOHVAKKASZ-UHFFFAOYSA-N","C13H3F23O5",675.961322256,"COC(=O)C(F)(OC(F)(F)C(F)(OC(F)(F)C(F)(OC(F)(F)C(F)(F)C(F)(F)F)C(F)(F)F)C(F)(F)F)C(F)(F)F"
"DTXSID60896466","CAS_RN: 862134-30-3","POIXCGICONBWJT-UHFFFAOYSA-N","C26H18ClF9N2O2",596.091309476,"Cc1cc(C(F)(C(F)(F)F)C(F)(F)F)cc(C)c1NC(=O)c1cccc(N(C)C(=O)c2ccc(Cl)cc2F)c1F"
"DTXSID60896729","CAS_RN: 120219-50-3","POJOTJRIJQZXPG-UHFFFAOYSA-N","C12H8F14N2O2",478.036222576,"O=C(N1CCN(C(=O)C(F)(F)C(F)(F)C(F)(F)F)CC1)C(F)(F)C(F)(F)C(F)(F)F"
"DTXSID50896197","CAS_RN: 240121-57-7","POKRZDJIXMSAAM-UHFFFAOYSA-N","C23H17F13N2O",584.113330024,"O=C(CCCCCc1nc2cc3ccccc3cc2[nH]1)C(F)(F)C(F)(F)C(F)(F)C(F)(F)C(F)(F)C(F)(F)F"
"DTXSID30896317","CAS_RN: 922524-01-4","POLHUHLCNCEPRS-UHFFFAOYSA-N","C9H2F17I",559.892977804,"FC(F)(F)C(I)C(F)(F)C(C(F)(F)F)C(F)(F)C(F)(C(F)(F)F)C(F)(F)F"
"",NA,"POQDCIZTLNSNHW-HNQUOIGGSA-N","C7H2F12O3S",393.953303564,"O=S(=O)(O)C(F)(F)C(F)(F)C(F)(F)C(F)/C(F)=C(\F)C(F)(F)F"
"DTXSID80881152","CAS_RN: 94159-81-6","PPEQDXFGRTWOEV-UHFFFAOYSA-N","C16H19F17N2O",578.122592968,"CN(C)CCCNCC(O)CC(F)(F)C(F)(F)C(F)(F)C(F)(F)C(F)(F)C(F)(F)C(F)(F)C(F)(F)F"
"DTXSID20756890","CAS_RN: 90999-86-3","PPGVHBFAAPSLEH-UHFFFAOYSA-N","C7H7F7O",240.038512384,"C=COCCC(F)(C(F)(F)F)C(F)(F)F"
"DTXSID60558532","CAS_RN: 94718-24-8","PPIFMJXJHBIWAY-UHFFFAOYSA-N","C9F19N",482.97273518,"FC(F)(F)C(F)(F)C(F)(F)C(F)(F)C(F)(F)N1C(F)(F)C(F)(F)C(F)(F)C1(F)F"
"DTXSID90880510","CAS_RN: 59536-15-1","PPJLYJGIFDYVNT-UHFFFAOYSA-N","C15H4ClF17O3S",621.929822408,"O=S(=O)(Cl)c1ccc(OC(F)=C(F)C(F)(F)C(F)(F)C(F)(F)C(F)(F)C(F)(F)C(F)(F)C(F)(F)F)cc1"
"DTXSID30180102","CAS_RN: 25444-35-3","PPKJGFABEANLHW-UHFFFAOYSA-N","C13H4ClF15O2S",543.938101348,"O=S(=O)(Cl)c1ccc(C(F)(F)C(F)(F)C(F)(F)C(F)(F)C(F)(F)C(F)(F)C(F)(F)F)cc1"
"DTXSID50381073","CAS_RN: 137780-69-9","PPSAKBBLKCJDCR-UHFFFAOYSA-N","C8HF15O4",445.963531812,"O=C(O)C(F)(F)OC(F)(F)C(F)(F)OC(F)(F)C(F)(F)C(F)(F)C(F)(F)F"
"DTXSID60895434","CAS_RN: 188298-09-1","PPUCLCTVTJYXOM-UHFFFAOYSA-N","C9H9F9O",304.050968888,"C=CCOCCC(F)(F)C(F)(F)C(F)(F)C(F)(F)F"
"DTXSID50880531","CAS_RN: 63295-29-4","PPWMMKOULSCBKB-UHFFFAOYSA-N","C18H8F31O5P",923.961434806,"O=P(O)(O)OCC(O)CC(F)(F)C(F)(F)C(F)(F)C(F)(F)C(F)(F)C(F)(F)C(F)(F)C(F)(F)C(F)(F)C(F)(F)C(F)(F)C(F)(F)C(F)(C(F)(F)F)C(F)(F)F"
"DTXSID30382063","CAS_RN: 151772-58-6","PPWRLPJIHGWGFH-UHFFFAOYSA-N","C5HF9O4",295.973112492,"O=C(O)C(F)(F)OC(F)(F)C(F)(F)OC(F)(F)F"
"DTXSID8068250","CAS_RN: 40723-80-6","PPXVPFPTMXFUDE-UHFFFAOYSA-N","C4H4F5I",273.927789228,"FC(F)(F)C(F)(F)CCI"
"DTXSID10895929","CAS_RN: 54640-64-1","PQEMXLVPFPSANM-UHFFFAOYSA-N","C11H3F17O2",489.986159076,"C=COC(=O)C(F)(F)C(F)(F)C(F)(F)C(F)(F)C(F)(F)C(F)(F)C(F)(F)C(F)(F)F"
"",NA,"PQERBXWZEAWIKC-UHFFFAOYSA-N","C10H13F9N2O4S",428.045231876,"CN(C)CCC(NS(=O)(=O)C(F)(F)C(F)(F)C(F)(F)C(F)(F)F)C(=O)O"
"DTXSID50895246","CAS_RN: 1835250-47-9","PQJWUGAPAMCURJ-UHFFFAOYSA-N","C13H11F17",490.058930092,"CCCCCC(F)(F)C(F)(F)C(F)(F)C(F)(F)C(F)(F)C(F)(F)C(F)(F)C(F)(F)F"
"DTXSID20880962","CAS_RN: 72828-80-9","PQKROKRLQONMBH-UHFFFAOYSA-N","C13H18F8O2",358.117905576,"CCCCC(=O)OCC(F)(F)C(F)(F)C(F)(F)C(F)(F)CCC"
"DTXSID7059933","CAS_RN: 382-28-5","PQMAKJUXOOVROI-UHFFFAOYSA-N","C5F11NO",298.98042404,"FC(F)(F)N1C(F)(F)C(F)(F)OC(F)(F)C1(F)F"
"DTXSID10896496","CAS_RN: 119511-16-9","PQMAXQVNXSOWGI-UHFFFAOYSA-N","C9H7F11O2",356.027039884,"C=CCOCC(F)(OC(F)(F)C(F)(F)C(F)(F)F)C(F)(F)F"
"DTXSID10881024","CAS_RN: 93776-07-9","PQQMYDRGSSPSSH-UHFFFAOYSA-N","C32H45F21O11",1004.26265488,"COCCOCCOCCOCCOCCOCCOCCOCCOCCOCC(O)CC(F)(F)C(F)(F)C(F)(F)C(F)(F)C(F)(F)C(F)(F)C(F)(F)C(F)(F)C(F)(F)C(F)(F)F"
"","CAS_RN: 71608-61-2","PQSVAZSOMXXRKK-UHFFFAOYSA-N","C24H25F26NO2S2",917.09115476,"CC(CCN(CCO)CCO)(SCCC(F)(F)C(F)(F)C(F)(F)C(F)(F)C(F)(F)C(F)(F)F)SCCC(F)(F)C(F)(F)C(F)(F)C(F)(F)C(F)(F)C(F)(F)F"
"","CAS_RN: 91998-13-9","PQUGBEJJPGIGIH-UHFFFAOYSA-N","C15H5F19O4S",641.96051582,"O=S(=O)(O)c1ccc(OC(F)(F)C(F)(F)C(F)(F)C(F)(F)C(F)(F)C(F)(F)C(F)(F)C(F)(F)C(F)(F)F)cc1"
"DTXSID50276475","CAS_RN: 17978-76-6","GCTMXWUUEYFTEL-UHFFFAOYSA-N","C10H11F7O2",296.064727132,"CC(C)(C)C(O)=CC(=O)C(F)(F)C(F)(F)C(F)(F)F"
"DTXSID60892589","CAS_RN: 1383438-90-1","PRJMXPHFBREQEJ-UHFFFAOYSA-N","C21H21F21N2O3S",780.093756152,"CN(C)CCCNC(=O)CC(SCCC(F)(F)C(F)(F)C(F)(F)C(F)(F)C(F)(F)C(F)(F)C(F)(F)C(F)(F)C(F)(F)C(F)(F)F)C(=O)O"
"","CAS_RN: 113584-52-4","MJGJLNYXMOJFCY-UHFFFAOYSA-N","C28H42F17N2O2S",793.269554324,"CCCCCCCC[N+]1(CCCCCCCC)CCN(S(=O)(=O)C(F)(F)C(F)(F)C(F)(F)C(F)(F)C(F)(F)C(F)(F)C(F)(F)C(F)(F)F)CC1"
"",NA,"PRLIBGCRDRLDIL-UHFFFAOYSA-N","C9H9F9O4S",384.007783748,"O=C(O)CCS(=O)(=O)CCC(F)(F)C(F)(F)C(F)(F)C(F)(F)F"
"",NA,"PROSKKGJMJHHFL-UHFFFAOYSA-N","C6HF11O4S",377.941989932,"O=C(F)C(F)(F)C(F)(F)C(F)(F)C(F)(F)C(F)(F)S(=O)(=O)O"
"DTXSID00880980","CAS_RN: 78971-81-0","PSLCNUISXILWOY-UHFFFAOYSA-N","C9H6F12O",358.022703452,"C=COCC(F)(F)C(F)(F)C(F)(F)C(F)(F)C(F)(F)C(F)F"
"DTXSID3070884","CAS_RN: 67939-90-6","PSNGOBTXZSFMLP-UHFFFAOYSA-N","C9H11F11NO6PS",500.986905122,"CCN(CCOP(=O)(O)O)S(=O)(=O)C(F)(F)C(F)(F)C(F)(F)C(F)(F)C(F)(F)F"
"DTXSID4059966","CAS_RN: 422-05-9","PSQZJKGXDGNDFP-UHFFFAOYSA-N","C3H3F5O",150.010405816,"OCC(F)(F)C(F)(F)F"
"DTXSID10873888","CAS_RN: 1652-81-9","PSVOCRUYXNEMNE-UHFFFAOYSA-N","C3Cl3F5",235.89857414,"FC(F)(Cl)C(F)(F)C(F)(Cl)Cl"
"DTXSID70881000","CAS_RN: 84808-63-9","PSVVJGAGHXHJDI-UHFFFAOYSA-N","C10F22",537.96487084,"FC(F)(F)C(F)(C(F)(F)F)C(F)(F)C(F)(C(F)(F)F)C(F)(F)C(F)(C(F)(F)F)C(F)(F)F"
"",NA,"PTFLVXXNVSLTOC-UHFFFAOYSA-N","C8HF21O3S2",607.903178512,"O=S(=O)(O)C(F)(F)C(F)(F)C(F)(F)C(F)(F)C(F)(F)C(F)(F)C(F)(F)C(F)(F)S(F)(F)(F)(F)F"
"",NA,"PTGZEKUJAJUKNV-UHFFFAOYSA-N","C6HF13O4S",415.938796372,"O=S(=O)(O)C(F)(F)C(F)(F)OC(F)(F)C(F)(C(F)(F)F)C(F)(F)F"
"DTXSID50276475","CAS_RN: 17631-68-4","GCTMXWUUEYFTEL-UHFFFAOYSA-N","C10H11F7O2",296.064727132,"CC(C)(C)C(O)=CC(=O)C(F)(F)C(F)(F)C(F)(F)F"
"DTXSID70897565","CAS_RN: 83003-52-5","PTQKCGQHJQSDEQ-UHFFFAOYSA-N","C33H42F8N2O4",682.301683584,"CCCCC(Oc1ccc(C(C)(C)CC)cc1C(C)(C)CC)C(=O)Nc1ccc(NC(=O)C(F)(F)C(F)(F)C(F)C(F)(F)F)c(O)c1"
"DTXSID20895915","CAS_RN: 123524-58-3","PTWQEKZPSMBKGD-UHFFFAOYSA-N","C14H9F13",424.049667148,"Cc1ccc(C)c(C(F)(F)C(F)(F)C(F)(F)C(F)(F)C(F)(F)C(F)(F)F)c1"
"DTXSID20896083","CAS_RN: 34111-24-5","PUJWRMJJJYQDFD-UHFFFAOYSA-N","C21H26F17NO",631.174294192,"CCCCCCCCCCCCNC(=O)C(F)(F)C(F)(F)C(F)(F)C(F)(F)C(F)(F)C(F)(F)C(F)(F)C(F)(F)F"
"DTXSID70896492","CAS_RN: 73320-57-7","PUKKRYWSWBRAIN-UHFFFAOYSA-N","C6H4F10O2",298.005161568,"OCC(F)(F)C(F)OC(F)(F)C(F)(F)C(F)(F)F"
"DTXSID90895427","CAS_RN: 1835255-18-9","PUQDQKFGPNVJDT-UHFFFAOYSA-N","C22H20F26",778.11498436,"FC(F)(F)C(F)(F)C(F)(F)C(F)(F)C(F)(F)C(F)(F)CCCCCCCCCCC(F)(F)C(F)(F)C(F)(F)C(F)(F)C(F)(F)C(F)(F)F"
"DTXSID1071953","CAS_RN: 69013-34-9","PUQQCLQURHMROM-UHFFFAOYSA-N","C19H13F19NO7PS",790.984695566,"CN(CCOP(=O)(O)O)S(=O)(=O)c1ccc(OC(=C(C(F)(F)F)C(C(F)(F)F)(C(F)(F)C(F)(F)F)C(F)(F)C(F)(F)F)C(F)(F)F)cc1"
"DTXSID40895477","CAS_RN: 1429188-77-1","PUTFFSRJABOVAD-UHFFFAOYSA-N","C10H5F13",372.01836702,"C=CC=CC(C(F)(F)F)(C(F)(F)F)C(F)(F)C(F)(F)C(F)(F)F"
"","CAS_RN: 1228693-32-0","WOIZNFPXGQGZKB-UHFFFAOYSA-N","C11H8F17NO",493.033443616,"NOCCCC(F)(F)C(F)(F)C(F)(F)C(F)(F)C(F)(F)C(F)(F)C(F)(F)C(F)(F)F"
"DTXSID00184995","CAS_RN: 3102-79-2","PVBMWIXRKLGXPI-UHFFFAOYSA-N","C11H7Cl2F17Si",559.942261854,"C[Si](Cl)(Cl)CCC(F)(F)C(F)(F)C(F)(F)C(F)(F)C(F)(F)C(F)(F)C(F)(F)C(F)(F)F"
"DTXSID00895453","CAS_RN: 89109-72-8","PVFJLWHOPPXJMD-UHFFFAOYSA-N","C32H41F25",900.280906812,"CCCCCCCCCCCCCCCCCCCCC(F)(F)C(F)(F)C(F)(F)C(F)(F)C(F)(F)C(F)(F)C(F)(F)C(F)(F)C(F)(F)C(F)(F)C(F)(F)C(F)(F)F"
"DTXSID20896407","CAS_RN: 20017-51-0","PVICYOGEJBAIKN-UHFFFAOYSA-N","C12F17NO2",512.96575798,"O=[N+]([O-])c1c(F)c(F)c(C(F)(C(F)(F)F)C(F)(F)F)c(F)c1C(F)(C(F)(F)F)C(F)(F)F"
"DTXSID80880968","CAS_RN: 74256-14-7","PVMWMBHAEVDBQR-UHFFFAOYSA-N","C17H9F23O2",682.023528588,"C=C(C)C(=O)OCCC(F)(F)C(F)(F)C(F)(F)C(F)(F)C(F)(F)C(F)(F)C(F)(F)C(F)(F)C(F)(C(F)(F)F)C(F)(F)F"
"DTXSID6071908","CAS_RN: 67584-62-7","IOQHTIQMCISFKB-UHFFFAOYSA-N","C11H8F15NO4S",534.993452036,"CCN(CC(=O)O)S(=O)(=O)C(F)(F)C(F)(F)C(F)(F)C(F)(F)C(F)(F)C(F)(F)C(F)(F)F"
"DTXSID30896074","CAS_RN: 499975-92-7","PVOHTVUHQALSJJ-UHFFFAOYSA-N","C9H11F7N2O",296.075960512,"CN1CCN(C(=O)C(F)(F)C(F)(F)C(F)(F)F)CC1"
"DTXSID30896418","CAS_RN: 138781-42-7","PVSQZURXSZUUNT-UHFFFAOYSA-N","C15H7F17N2O",554.028692584,"Nc1cc(N)cc(OC(=C(C(F)(C(F)(F)F)C(F)(F)F)C(F)(C(F)(F)F)C(F)(F)F)C(F)(F)F)c1"
"DTXSID00895251","CAS_RN: 109574-81-4","PVUKLHKMFFSKDP-UHFFFAOYSA-N","C8H8F9IO",417.947616856,"OCCC(I)CC(F)(F)C(F)(F)C(F)(F)C(F)(F)F"
"","CAS_RN: 871210-22-9","PVWBDQDATFFARD-UHFFFAOYSA-N","C19H26F13NO2",547.175595932,"CCCCN(CCCC)CCC(=O)OCCC(F)(F)C(F)(F)C(F)(F)C(F)(F)C(F)(F)C(F)(F)F"
"DTXSID70431246","CAS_RN: 2396-17-0","PWDDQCRAKBGDTI-UHFFFAOYSA-N","C9H6F7N",261.038846732,"Nc1ccc(C(F)(C(F)(F)F)C(F)(F)F)cc1"
"DTXSID70881343","CAS_RN: 147545-41-3","PWEZPHZIDUAWJD-UHFFFAOYSA-N","C7H9F9NO6PS",436.974448618,"CN(CCOP(=O)(O)O)S(=O)(=O)C(F)(F)C(F)(F)C(F)(F)C(F)(F)F"
"DTXSID10191039","CAS_RN: 376-77-2","PWMJXZJISGDARB-UHFFFAOYSA-N","C5F10",249.9840322,"FC1(F)C(F)(F)C(F)(F)C(F)(F)C1(F)F"
"DTXSID60895575","CAS_RN: 1354703-21-1","PWMNZECJWQPLCK-UHFFFAOYSA-N","C7H3F7N2",248.018445636,"FC(F)(F)C(F)(F)C(F)(F)c1cncnc1"
"DTXSID5034357","CAS_RN: 103055-07-8","PWPJGUXAGUPAHP-UHFFFAOYSA-N","C17H8Cl2F8N2O3",509.978423236,"O=C(NC(=O)c1c(F)cccc1F)Nc1cc(Cl)c(OC(F)(F)C(F)C(F)(F)F)cc1Cl"
"",NA,"PWVLXPIXLNCHIN-UHFFFAOYSA-N","C40H65F17O16",1124.40011574,"OCCOCCOCCOCCOCCOCCOCCOCCOCCOCCOCCOCCOCCOCCOCCOCCC(F)(F)C(F)(F)C(F)(F)C(F)(F)C(F)(F)C(F)(F)C(F)(F)C(F)(F)F"
"DTXSID50896394","CAS_RN: 1248393-88-5","PWZKIFNXOSTNPU-UHFFFAOYSA-N","C10H4F7NO2",303.013025908,"O=c1[nH]c2ccc(C(F)(C(F)(F)F)C(F)(F)F)cc2o1"
"DTXSID00896006","CAS_RN: 114810-52-5","PXAIBOJBLYQOTQ-UHFFFAOYSA-N","C10H5F13O3",420.00311088,"O=C1OCC(CC(F)(F)C(F)(F)C(F)(F)C(F)(F)C(F)(F)C(F)(F)F)O1"
"DTXSID70896275","CAS_RN: 922421-40-7","PXIPJQUDARNNQU-UHFFFAOYSA-N","C18H17F7N2O2",426.117825324,"CC(C)(C)c1ccc(-c2cc(C(=O)NCC(F)(F)C(F)(F)C(F)(F)F)no2)cc1"
"DTXSID70759053","CAS_RN: 94345-13-8","PXMKFOKNMZOHJP-UHFFFAOYSA-N","C12H15F9O2",362.0928337,"CCCCCOC(=O)CCC(F)(F)C(F)(F)C(F)(F)C(F)(F)F"
"DTXSID20375106","CAS_RN: 55621-21-1","PXMYQUXWTLQKLL-UHFFFAOYSA-N","C6H2F8O6",321.972363544,"O=C(O)C(F)(F)OC(F)(F)C(F)(F)OC(F)(F)C(=O)O"
"DTXSID10896431","CAS_RN: 1355555-15-5","PXNMPRLSQFHPTD-UHFFFAOYSA-N","C15H15F7O4S",424.0579275,"CCc1c(C(=O)O)ccc(C(F)(C(F)(F)F)C(F)(F)F)c1S(=O)(=O)C(C)C"
"DTXSID60896209","CAS_RN: 288161-40-0","PXRFFHCMLAVCDR-UHFFFAOYSA-N","C19H11F13N2O",530.066379832,"O=C(Nc1ccccc1)Nc1ccccc1C(F)(F)C(F)(F)C(F)(F)C(F)(F)C(F)(F)C(F)(F)F"
"DTXSID7058177","CAS_RN: 756-09-2","PXRROZVNOOEPPZ-UHFFFAOYSA-N","C3H2F4O2",145.999092184,"O=C(O)C(F)(F)C(F)F"
"DTXSID3031862","CAS_RN: 307-24-4","PXUULQAPEKKVAH-UHFFFAOYSA-N","C6HF11O2",313.980089692,"O=C(O)C(F)(F)C(F)(F)C(F)(F)C(F)(F)C(F)(F)F"
"DTXSID30895163","CAS_RN: 577773-57-0","PXVLLIXMQNNYBT-UHFFFAOYSA-N","C5H3Cl2F7",265.950002996,"FC(F)(F)C(F)(F)C(F)(F)C(Cl)CCl"
"DTXSID30895224","CAS_RN: 51249-62-8","PXYDGESYUICOAX-UHFFFAOYSA-N","C8H3Br2F13",503.839391156,"FC(F)(F)C(F)(F)C(F)(F)C(F)(F)C(F)(F)C(F)(F)C(Br)CBr"
"DTXSID40881017","CAS_RN: 93776-00-2","PXYNEDUJSONOLW-UHFFFAOYSA-N","C36H24F50O5",1486.082534868,"CC(COCC(O)CC(F)(F)C(F)(F)C(F)(F)C(F)(F)C(F)(F)C(F)(F)C(F)(F)C(F)(F)C(F)(F)C(F)(F)C(F)(F)C(F)(F)F)OC(C)COCC(O)CC(F)(F)C(F)(F)C(F)(F)C(F)(F)C(F)(F)C(F)(F)C(F)(F)C(F)(F)C(F)(F)C(F)(F)C(F)(F)C(F)(F)F"
"","CAS_RN: 73353-25-0","PBKXSFWADDDQNY-UHFFFAOYSA-O","C20H24F19N2O3",701.148353808,"C[N+](C)(CCCNCC(O)CC(F)(F)C(F)(F)C(F)(F)C(F)(F)C(F)(F)C(F)(F)C(F)(C(F)(F)F)C(F)(F)F)CCC(=O)O"
"DTXSID40881355","CAS_RN: 51619-73-9","PYEYQMPFVPJZMR-UHFFFAOYSA-N","C11H12F13NO3S",485.033031104,"CN(CCO)S(=O)(=O)CCC(F)(F)C(F)(F)C(F)(F)C(F)(F)C(F)(F)C(F)(F)F"
"DTXSID10895282","CAS_RN: 1835252-00-0","PYHMZNIOZVWFDK-UHFFFAOYSA-N","C16H16F18",550.096458472,"FC(F)(F)C(F)(F)C(F)(F)C(F)(F)CCCCCCCCC(F)(F)C(F)(F)C(F)(F)C(F)(F)F"
"DTXSID50896152","CAS_RN: 1463426-91-6","PYKVOGIGEBVLSI-UHFFFAOYSA-N","C12H10F9NO3S",419.02376816,"CN(C)c1ccc(OS(=O)(=O)C(F)(F)C(F)(F)C(F)(F)C(F)(F)F)cc1"
"DTXSID40895194","CAS_RN: 1287702-46-8","PYNBFLPZZOMIKE-UHFFFAOYSA-N","C10H11F11",340.068510772,"CCCCCC(F)(F)C(F)(F)C(F)(F)C(F)(F)C(F)(F)F"
"DTXSID10895368","CAS_RN: 25385-72-2","PYNBSVWCXUUDTG-UHFFFAOYSA-N","C7H9F7O3",274.043991688,"OCC(O)COCC(F)(F)C(F)(F)C(F)(F)F"
"DTXSID50379859","CAS_RN: 161981-35-7","PYOIUKBYPXQLLT-UHFFFAOYSA-N","C12H13F13O",420.075881896,"OCCCCCCC(F)(F)C(F)(F)C(F)(F)C(F)(F)C(F)(F)C(F)(F)F"
"DTXSID50631767","CAS_RN: 56376-19-3","PYRWFCOUAZNFQC-UHFFFAOYSA-N","C7H7F7NO4P",333.000091874,"COP(=O)(OC)OC(C#N)C(F)(F)C(F)(F)C(F)(F)F"
"DTXSID50880192","CAS_RN: 3330-14-1","PYSYKOPZHYNYSZ-UHFFFAOYSA-N","C8HF17O2",451.970509012,"FC(OC(F)(F)C(F)(OC(F)(F)C(F)(F)C(F)(F)F)C(F)(F)F)C(F)(F)F"
"DTXSID60897493","CAS_RN: 207671-78-1","PYVIQEVVGYYAJJ-UHFFFAOYSA-N","C6ClF9O",293.94939628,"O=C(Cl)C(F)=C(F)C(F)(C(F)(F)F)C(F)(F)F"
"DTXSID70895445","CAS_RN: 53713-87-4","PYZYVYJSLXQWJG-UHFFFAOYSA-N","C16H3F30I",891.880044696,"FC(F)(F)C(F)(F)C(F)(F)C(F)(F)C(F)(F)C(F)(F)CC(I)C(F)(F)C(F)(F)C(F)(F)C(F)(F)C(F)(F)C(F)(F)C(F)(F)C(F)(F)F"
"DTXSID20895990","CAS_RN: 1608112-39-5","PZDHVRNTCYBOHX-UHFFFAOYSA-N","C12H5F9S",351.99682514,"FC(F)(F)C(F)(F)C(F)(F)C(F)(F)c1csc2ccccc12"
"DTXSID70895420","CAS_RN: 176979-18-3","PZEUYQKZNADPEH-UHFFFAOYSA-N","C22H28F17I",742.096428636,"CCCCCCCCCCCCC(I)CC(F)(F)C(F)(F)C(F)(F)C(F)(F)C(F)(F)C(F)(F)C(F)(F)C(F)(F)F"
"DTXSID40896126","CAS_RN: 714975-29-8","PZMFLPZXSPNZAW-UHFFFAOYSA-N","C6H4F7N3O",267.024259288,"CNc1nnc(C(F)(F)C(F)(F)C(F)(F)F)o1"
"","CAS_RN: 146304-61-2","PZNFGRVUCIGGHF-UHFFFAOYSA-N","C14H8F13N3O",481.045978736,"N=C(NOC(=N)C(F)(F)C(F)(F)C(F)(F)C(F)(F)C(F)(F)C(F)(F)F)c1ccccc1"
"",NA,"PZPSGOXUBJAOCW-UHFFFAOYSA-O","C15H22F13N2O6S2",637.071170284,"C[N+](CCO)(CCCNS(=O)(=O)C(F)(F)C(F)(F)C(F)(F)C(F)(F)C(F)(F)C(F)(F)F)CCCS(=O)(=O)O"
"DTXSID40896505","CAS_RN: 340034-67-5","QADFBNKJQJPIGV-UHFFFAOYSA-N","C9H7F11O4",388.016869124,"COCCOC(=O)C(F)(OC(F)(F)C(F)(F)C(F)(F)F)C(F)(F)F"
"DTXSID8061000","CAS_RN: 690-27-7","QAERDLQYXMEHEB-UHFFFAOYSA-N","C3HF5",131.999841132,"FC(F)=CC(F)(F)F"
"DTXSID10232971","CAS_RN: 84100-13-0","QAFBNSWDAGQWLF-UHFFFAOYSA-N","C7H3F11",296.005910516,"C=CC(F)(F)C(F)(F)C(F)(F)C(F)(F)C(F)(F)F"
"DTXSID60554473","CAS_RN: 118777-97-2","QAIOQFZLAKMXNK-UHFFFAOYSA-N","C11H9F9",312.056054268,"FC(F)(F)C(F)(F)C(F)(F)C(F)(F)C1CC2C=CC1C2"
"DTXSID10896552","CAS_RN: 1233312-87-2","QAIUGEQQBSAKLV-UHFFFAOYSA-N","C22H8F30O7",953.979099196,"OCc1cc(OC(F)(F)C(F)OC(F)(F)C(F)(F)C(F)(F)F)c(OC(F)(F)C(F)OC(F)(F)C(F)(F)C(F)(F)F)c(OC(F)(F)C(F)OC(F)(F)C(F)(F)C(F)(F)F)c1"
"DTXSID90438757","CAS_RN: 128032-22-4","QALDKDRKOUMDGV-UHFFFAOYSA-N","C10H3F13S",401.974787956,"FC(F)(F)C(F)(F)C(F)(F)C(F)(F)C(F)(F)C(F)(F)c1cccs1"
"DTXSID8063204","CAS_RN: 67969-69-1","JRSUJBJSUYPODE-UHFFFAOYSA-N","C12H11F17NO6PS",650.977324442,"CCN(CCOP(=O)(O)O)S(=O)(=O)C(F)(F)C(F)(F)C(F)(F)C(F)(F)C(F)(F)C(F)(F)C(F)(F)C(F)(F)F"
"","CAS_RN: 98151-22-5","SMYCZXRGAHDQNG-UHFFFAOYSA-N","C16H10F20O7S",725.98278806,"O=C(CC(C(=O)OCC(F)(F)C(F)(F)C(F)(F)C(F)(F)C(F)F)S(=O)(=O)O)OCC(F)(F)C(F)(F)C(F)(F)C(F)(F)C(F)F"
"",NA,"QAWYEUBJWPLQHI-UHFFFAOYSA-N","C34H57F13O14",936.354073364,"OCCOCCOCCOCCOCCOCCOCCOCCOCCOCCOCCOCCOCCOCCC(F)(F)C(F)(F)C(F)(F)C(F)(F)C(F)(F)C(F)(F)F"
"DTXSID30759756","CAS_RN: 95842-03-8","QAXJXTAKJWPVPT-UHFFFAOYSA-N","C7F16O2",419.96428076,"FC(F)(F)C(F)(F)OC(F)(F)C(F)(OC(F)(F)C(F)(F)F)C(F)(F)F"
"DTXSID40881138","CAS_RN: 94158-66-4","QAXVXGRPJJMLJF-UHFFFAOYSA-N","C15H5F25O",675.99412028,"FC(F)(F)C(F)(F)C(F)(F)C(F)(F)C(F)(F)C(F)(F)C(F)(F)C(F)(F)C(F)(F)C(F)(F)C(F)(F)C(F)(F)CC1CO1"
"DTXSID20379422","CAS_RN: 131771-31-8","QBAODHXWEYFWJU-UHFFFAOYSA-N","C14H10F17IO",643.95049268,"FC(F)(F)C(F)(F)C(F)(F)C(F)(F)C(F)(F)C(F)(F)C(F)(F)C(F)(F)CC1COCC1CI"
"DTXSID3068170","CAS_RN: 39239-77-5","QBBJBWKVSJWYQK-UHFFFAOYSA-N","C14H5F25O",663.99412028,"OCCC(F)(F)C(F)(F)C(F)(F)C(F)(F)C(F)(F)C(F)(F)C(F)(F)C(F)(F)C(F)(F)C(F)(F)C(F)(F)C(F)(F)F"
"DTXSID5030030","CAS_RN: 60453-92-1","JGTNAGYHADQMCM-UHFFFAOYSA-N","C4HF9O3S",299.950268872,"O=S(=O)(O)C(F)(F)C(F)(F)C(F)(F)C(F)(F)F"
"DTXSID30895986","CAS_RN: 314053-71-9","QBUQLOZQYAJDBN-UHFFFAOYSA-N","C10H4F17NO",477.002143488,"CNC(=O)C(F)(F)C(F)(F)C(F)(F)C(F)(F)C(F)(F)C(F)(F)C(F)(F)C(F)(F)F"
"","CAS_RN: 41674-07-1","QBVWYKMPGYDYCB-UHFFFAOYSA-N","C14H5F17O4S",591.96370938,"O=S(=O)(O)c1ccccc1OC(F)(F)C(F)(F)C(F)(F)C(F)(F)C(F)(F)C(F)(F)C(F)(F)C(F)(F)F"
"",NA,"QCCXYHHEWZOHKF-UHFFFAOYSA-O","C15H24F11N2O6S2",601.090013908,"C[N+](C)(CCO)CCCN(CCCS(=O)(=O)O)S(=O)(=O)C(F)(F)C(F)(F)C(F)(F)C(F)(F)C(F)(F)F"
"DTXSID80543001","CAS_RN: 500776-69-2","BELPOXSOCHBAEX-UHFFFAOYSA-N","C16HF34O2P",901.917125382,"O=P(O)(C(F)(F)C(F)(F)C(F)(F)C(F)(F)C(F)(F)C(F)(F)C(F)(F)C(F)(F)F)C(F)(F)C(F)(F)C(F)(F)C(F)(F)C(F)(F)C(F)(F)C(F)(F)C(F)(F)F"
"DTXSID30895365","CAS_RN: 146983-96-2","QCMDKROLEDJSMF-UHFFFAOYSA-N","C15H4F27I",823.892660068,"FC(F)(F)C(F)(F)C(F)(F)C(F)(F)C(F)(F)C(F)(F)C(F)(F)C(F)(F)C(F)(F)C(F)(F)C(F)(F)C(F)(F)C(F)(F)CCI"
"DTXSID70896194","CAS_RN: 325989-96-6","QCSAVEZBIBPLJM-UHFFFAOYSA-N","C16H5F20NO",607.00517818,"O=C(Nc1cccc(C(F)(F)F)c1)C(F)(F)C(F)(F)C(F)(F)C(F)(F)C(F)(F)C(F)(F)C(F)(F)C(F)(F)F"
"DTXSID20179883","CAS_RN: 1189052-95-6","DEXIXSRZQUFPIK-UHFFFAOYSA-N","C8H6F13O3P",427.984697542,"O=P(O)(O)CCC(F)(F)C(F)(F)C(F)(F)C(F)(F)C(F)(F)C(F)(F)F"
"DTXSID20556918","CAS_RN: 120903-40-4","QCWQPRUOTXVNSB-UHFFFAOYSA-N","C8F13NO",372.97723048,"N#CC(F)(F)C(F)(F)C(F)(F)C(F)(F)C(F)(F)OC(F)=C(F)F"
"DTXSID70895405","CAS_RN: 129838-41-1","QDCHVWHUMIKQMU-UHFFFAOYSA-N","C19H18F21I",772.011791196,"CCCCCCCC(I)CC(F)(F)C(F)(F)C(F)(F)C(F)(F)C(F)(F)C(F)(F)C(F)(F)C(F)(F)C(F)(F)C(F)(F)F"
"DTXSID30382104","CAS_RN: 865-79-2","QDGYPYFSHOUVLE-UHFFFAOYSA-N","C9HClF16O2",479.940958472,"O=C(O)C(F)(F)C(F)(F)C(F)(F)C(F)(F)C(F)(F)C(F)(F)C(F)(F)C(F)(F)Cl"
"DTXSID20880402","CAS_RN: 34761-47-2","QDHLRGOEEBWEIB-UHFFFAOYSA-N","C15F30O5",829.9266697,"O=C(F)C(F)(OC(F)(F)C(F)(OC(F)(F)C(F)(OC(F)(F)C(F)(OC(F)(F)C(F)(F)C(F)(F)F)C(F)(F)F)C(F)(F)F)C(F)(F)F)C(F)(F)F"
"DTXSID40197408","CAS_RN: 48077-86-7","QDIWIWGKFGVURE-UHFFFAOYSA-N","C15H7F21O2",618.011072084,"C=C(C)C(=O)OCC(F)(F)C(F)(F)C(F)(F)C(F)(F)C(F)(F)C(F)(F)C(F)(F)C(F)(F)C(F)(F)C(F)(F)F"
"DTXSID8059976","CAS_RN: 423-86-9","QDPPBTYBIPLUFD-UHFFFAOYSA-N","C11H6F17NO2S",538.984779172,"C=CCNS(=O)(=O)C(F)(F)C(F)(F)C(F)(F)C(F)(F)C(F)(F)C(F)(F)C(F)(F)C(F)(F)F"
"DTXSID80460183","CAS_RN: 78491-70-0","QDUKVMNUAQTMQW-UHFFFAOYSA-N","C2H2F5NO2S",198.972640404,"NS(=O)(=O)C(F)(F)C(F)(F)F"
"DTXSID60895217","CAS_RN: 50428-19-8","QDWBWHGTTUZIIT-UHFFFAOYSA-N","C5H3F9O",250.004018696,"FC(F)OCC(F)(F)C(F)(F)C(F)(F)F"
"DTXSID10895383","CAS_RN: 90499-31-3","QELQLGDYULEYAR-UHFFFAOYSA-N","C20H17F25",732.093106044,"CCCCCCCCC(F)(F)C(F)(F)C(F)(F)C(F)(F)C(F)(F)C(F)(F)C(F)(F)C(F)(F)C(F)(F)C(F)(F)C(F)(F)C(F)(F)F"
"DTXSID10896077","CAS_RN: 1610931-27-5","QENSCMVCZIDXKK-UHFFFAOYSA-N","C11F14O",413.9725597,"O=C(c1c(F)c(F)c(F)c(F)c1F)C(F)(F)C(F)(F)C(F)(F)C(F)(F)F"
"DTXSID70631188","CAS_RN: 96513-97-2","FVFNWXWHNHZNFS-UHFFFAOYSA-N","C7HF13O3",379.971810752,"O=C(O)C(F)(OC(F)(F)C(F)(F)C(F)(F)C(F)(F)F)C(F)(F)F"
"DTXSID30893306","CAS_RN: 97388-28-8","QFJAMRYVVQLUKC-UHFFFAOYSA-N","C11H5F9N2",336.03090214,"FC1(F)C(F)(F)C(F)(F)C(F)(N=Nc2ccccc2)C1(F)F"
"DTXSID10859667","CAS_RN: 73149-44-7","FGTDPZOJJFPWCB-UHFFFAOYSA-N","C14H16F17N2O2S",599.066103492,"C[N+](C)(C)CCCNS(=O)(=O)C(F)(F)C(F)(F)C(F)(F)C(F)(F)C(F)(F)C(F)(F)C(F)(F)C(F)(F)F"
"DTXSID20191242","CAS_RN: 79630-80-1","MPQDGDVBZJSJIA-UHFFFAOYSA-N","C6HF11O3",329.975004312,"O=C(O)C(F)(F)C(F)(F)OC(F)(F)C(F)(F)C(F)(F)F"
"DTXSID5061954","CAS_RN: 307-71-1","MMYNPHSPRPZSSN-UHFFFAOYSA-N","C11H2F20O2",545.973543704,"O=C(O)C(F)(F)C(F)(F)C(F)(F)C(F)(F)C(F)(F)C(F)(F)C(F)(F)C(F)(F)C(F)(F)C(F)F"
"","CAS_RN: 198283-43-1","QFVRNIYYIPHRNY-UHFFFAOYSA-N","C10H7F17Si",478.004556494,"C[SiH](C)C(F)(F)C(F)(F)C(F)(F)C(F)(F)C(F)(F)C(F)(F)C(F)(F)C(F)(F)F"
"DTXSID90896515","CAS_RN: 76145-88-5","QGEWHUSMIVYAOX-UHFFFAOYSA-N","C11H5F17O4",523.99163838,"CCOC(=O)C(F)(OC(F)(F)C(F)(OC(F)(F)C(F)(F)C(F)(F)F)C(F)(F)F)C(F)(F)F"
"DTXSID80895370","CAS_RN: 57325-43-6","QGHZNZSVANDDGP-UHFFFAOYSA-N","C23H32F15I",720.130922324,"CCCCCCCCCCCCCCC(I)CC(F)(F)C(F)(F)C(F)(F)C(F)(F)C(F)(F)C(F)(F)C(F)(F)F"
"DTXSID00880223","CAS_RN: 15577-26-1","QGIJZPXLSMRDCW-UHFFFAOYSA-N","C14H7F19O2",568.014265644,"C=CC(=O)OCCC(F)(F)C(F)(F)C(F)(F)C(F)(F)C(F)(F)C(F)(F)C(F)(C(F)(F)F)C(F)(F)F"
"","CAS_RN: 857285-80-4","FLVJCWKJUGNAFO-UHFFFAOYSA-N","C24H25O3S",393.15244066,"CC(C)(C)OC(=O)COc1ccc([S+](c2ccccc2)c2ccccc2)cc1"
"DTXSID6062599","CAS_RN: 68259-11-0","CXZGQIAOTKWCDB-UHFFFAOYSA-N","C5HF9O2",263.983283252,"O=C(O)C(F)(F)C(F)(F)C(F)(F)C(F)(F)F"
"DTXSID20896826","CAS_RN: 1980044-62-9","QGKNMQUBVNOYTQ-UHFFFAOYSA-N","C32H14F50I2",1601.838657448,"FC(F)(F)C(F)(F)C(F)(F)C(F)(F)C(F)(F)C(F)(F)C(F)(F)C(F)(F)C(F)(F)C(F)(F)C(F)(F)C(F)(F)CC(I)CCCCC(I)CC(F)(F)C(F)(F)C(F)(F)C(F)(F)C(F)(F)C(F)(F)C(F)(F)C(F)(F)C(F)(F)C(F)(F)C(F)(F)C(F)(F)F"
"DTXSID60880961","CAS_RN: 72779-05-6","QGLDRYPRFCXNCR-UHFFFAOYSA-N","C33H27F30N3O3S2",1147.101480324,"Cc1ccc(NC(=O)OC(CSCCC(F)(F)C(F)(F)C(F)(F)C(F)(F)C(F)(C(F)(F)F)C(F)(F)F)CSCCC(F)(F)C(F)(F)C(F)(F)C(F)(F)C(F)(C(F)(F)F)C(F)(F)F)cc1NC(=O)N1CC1C"
"DTXSID20399867","CAS_RN: 62315-22-4","HNVMERIRLUAKLX-UHFFFAOYSA-N","C16H9F9N2O2",432.052031508,"O=C(Nc1ccc(OC(F)(F)C(F)(F)C(F)(F)C(F)(F)F)cc1)c1cccnc1"
"","CAS_RN: 271794-15-1","QGTOYUMAYUVGTO-UHFFFAOYSA-N","C15H5F17O4S",603.96370938,"O=S(=O)(O)c1ccc(OC(=C(C(F)(C(F)(F)F)C(F)(F)F)C(F)(C(F)(F)F)C(F)(F)F)C(F)(F)F)cc1"
"DTXSID40457130","CAS_RN: 852527-40-3","QGVHMBIQPGFCFW-UHFFFAOYSA-N","C15H8F17NO2",557.028358236,"O=C1C=CC(=O)N1CCCC(F)(F)C(F)(F)C(F)(F)C(F)(F)C(F)(F)C(F)(F)C(F)(F)C(F)(F)F"
"DTXSID40379267","CAS_RN: 356-30-9","QHBCZMRCKGKVSR-UHFFFAOYSA-N","C7H5F7O2",254.01777694,"CC(=O)CC(=O)C(F)(F)C(F)(F)C(F)(F)F"
"","CAS_RN: 63367-17-9","QTXLSXWELZRYSI-UHFFFAOYSA-N","C22H10F32O7S",1025.9636267,"O=C(CC(C(=O)OCC(F)(F)C(F)(F)C(F)(F)C(F)(F)C(F)(F)C(F)(F)C(F)(F)C(F)F)S(=O)(=O)O)OCC(F)(F)C(F)(F)C(F)(F)C(F)(F)C(F)(F)C(F)(F)C(F)(F)C(F)F"
"DTXSID2062747","CAS_RN: 30381-98-7","BZZAKKWGRKFWJJ-UHFFFAOYSA-N","C24H19F34N2O8PS2",1203.977753678,"CCN(CCOP(=O)(O)OCCN(CC)S(=O)(=O)C(F)(F)C(F)(F)C(F)(F)C(F)(F)C(F)(F)C(F)(F)C(F)(F)C(F)(F)F)S(=O)(=O)C(F)(F)C(F)(F)C(F)(F)C(F)(F)C(F)(F)C(F)(F)C(F)(F)C(F)(F)F"
"DTXSID20881353","CAS_RN: 176719-69-0","KRQOMVHYHHRBPT-UHFFFAOYSA-N","C5HF12NO4S2",430.915538152,"O=S(=O)(NS(=O)(=O)C(F)(F)C(F)(F)C(F)(F)C(F)(F)F)C(F)(F)F"
"DTXSID40379702","CAS_RN: 89807-87-4","QHHCBVYZWRKFLZ-UHFFFAOYSA-N","C6H3F9O",262.004018696,"FC(F)(F)C(F)(F)C(F)(F)C(F)(F)C1CO1"
"DTXSID60881054","CAS_RN: 93776-19-3","QHIGFJQLSNDTTI-UHFFFAOYSA-N","C38H9F70O4P",1889.912070798,"O=P(O)(OCCC(F)(F)C(F)(F)C(F)(F)C(F)(F)C(F)(F)C(F)(F)C(F)(F)C(F)(F)C(F)(F)C(F)(F)C(F)(F)C(F)(F)C(F)(F)C(F)(F)C(F)(C(F)(F)F)C(F)(F)F)OCCC(F)(F)C(F)(F)C(F)(F)C(F)(F)C(F)(F)C(F)(F)C(F)(F)C(F)(F)C(F)(F)C(F)(F)C(F)(F)C(F)(F)C(F)(F)C(F)(F)C(F)(C(F)(F)F)C(F)(F)F"
"","CAS_RN: 67584-58-1","QHNLSCKDDZDPTI-UHFFFAOYSA-N","C13H16F15N2O2S",549.069297052,"C[N+](C)(C)CCCNS(=O)(=O)C(F)(F)C(F)(F)C(F)(F)C(F)(F)C(F)(F)C(F)(F)C(F)(F)F"
"DTXSID7060332","CAS_RN: 559-94-4","QHOQGOZSTQAYRH-UHFFFAOYSA-N","C10H5F7O2S",321.98984794,"O=C(CC(=O)C(F)(F)C(F)(F)C(F)(F)F)c1cccs1"
"DTXSID90381976","CAS_RN: 138472-76-1","QHOQQFYKDKRESO-UHFFFAOYSA-N","C18H21F17",560.137180412,"CCCCCCCCCCC(F)(F)C(F)(F)C(F)(F)C(F)(F)C(F)(F)C(F)(F)C(F)(F)C(F)(F)F"
"DTXSID20379563","CAS_RN: 203303-00-8","QHUMNQRKSPEXJP-UHFFFAOYSA-N","C16H3F29O2",777.966997716,"COC(=O)C(F)(F)C(F)(F)C(F)(F)C(F)(F)C(F)(F)C(F)(F)C(F)(F)C(F)(F)C(F)(F)C(F)(F)C(F)(F)C(F)(F)C(F)(F)C(F)(F)F"
"DTXSID00896182","CAS_RN: 344282-15-1","QHWBQYJWYBHGBR-UHFFFAOYSA-N","C15H5F18NO",557.00837174,"O=C(Nc1ccccc1F)C(F)(F)C(F)(F)C(F)(F)C(F)(F)C(F)(F)C(F)(F)C(F)(F)C(F)(F)F"
"DTXSID80895310","CAS_RN: 93454-70-7","QHWFBGRTHMNLGS-UHFFFAOYSA-N","C18H17F21",632.099493164,"CCCCCCCCC(F)(F)C(F)(F)C(F)(F)C(F)(F)C(F)(F)C(F)(F)C(F)(F)C(F)(F)C(F)(F)C(F)(F)F"
"DTXSID00234762","CAS_RN: 85567-23-3","QHWIJHPTWWGUOY-UHFFFAOYSA-N","C6H10F4O2",190.06169244,"CCOCCOC(F)(F)C(F)F"
"","CAS_RN: 125768-41-4","QIFGLIMWWRGHJJ-UHFFFAOYSA-N","C30H37F21O2",828.245823044,"CCCCCCCCC=CCCCCCCCC(=O)OCCC(F)(F)C(F)(F)C(F)(F)C(F)(F)C(F)(F)C(F)(F)C(F)(F)C(F)(F)C(F)(F)C(F)(F)F"
"DTXSID50896354","CAS_RN: 273735-78-7","QIRDSKZNAOJVIT-UHFFFAOYSA-N","C11H8F7N",287.054496796,"FC(F)(F)C(F)(c1ccc2c(c1)CCN2)C(F)(F)F"
"DTXSID5059874","CAS_RN: 355-02-2","QIROQPWSJUXOJC-UHFFFAOYSA-N","C7F14",349.97764508,"FC(F)(F)C1(F)C(F)(F)C(F)(F)C(F)(F)C(F)(F)C1(F)F"
"DTXSID00895655","CAS_RN: 7365-36-8","QIUJCCVBRUUHMI-UHFFFAOYSA-N","C18H29F7O2",410.205577708,"CCCCCCCCCCCCCCOC(=O)C(F)(F)C(F)(F)C(F)(F)F"
"DTXSID90881022","CAS_RN: 93776-05-7","QIWKDYIRAPMRPM-UHFFFAOYSA-N","C30H24F38O5",1186.101696228,"CC(COCC(O)CC(F)(F)C(F)(F)C(F)(F)C(F)(F)C(F)(F)C(F)(F)C(F)(C(F)(F)F)C(F)(F)F)OC(C)COCC(O)CC(F)(F)C(F)(F)C(F)(F)C(F)(F)C(F)(F)C(F)(F)C(F)(C(F)(F)F)C(F)(F)F"
"DTXSID60880426","CAS_RN: 119229-99-1","KZJUHXVCAHXJLR-UHFFFAOYSA-N","C8HF18NO4S2",580.905957472,"O=S(=O)(NS(=O)(=O)C(F)(F)C(F)(F)C(F)(F)C(F)(F)F)C(F)(F)C(F)(F)C(F)(F)C(F)(F)F"
"DTXSID10896734","CAS_RN: 355822-08-1","QIXJBQLHXCUZTC-UHFFFAOYSA-N","C19H14F9NO2",459.088082668,"O=c1cc(C(F)(F)C(F)(F)C(F)(F)C(F)(F)F)c2cc3c4c(c2o1)CCCN4CCC3"
"DTXSID70336429","CAS_RN: 335-60-4","QIYBNKVPACGQCB-UHFFFAOYSA-N","C8HF15O",397.978787952,"O=CC(F)(F)C(F)(F)C(F)(F)C(F)(F)C(F)(F)C(F)(F)C(F)(F)F"
"DTXSID80240982","CAS_RN: 94200-54-1","QIZXNATWTHMMHR-UHFFFAOYSA-N","C16H6F29O4P",843.954063682,"O=P(O)(O)OCCC(F)(F)C(F)(F)C(F)(F)C(F)(F)C(F)(F)C(F)(F)C(F)(F)C(F)(F)C(F)(F)C(F)(F)C(F)(F)C(F)(F)C(F)(F)C(F)(F)F"
"DTXSID80184039","CAS_RN: 2993-85-3","QJEJDNMGOWJONG-UHFFFAOYSA-N","C10H6F12O2",386.017618072,"C=CC(=O)OCC(F)(F)C(F)(F)C(F)(F)C(F)(F)C(F)(F)C(F)F"
"DTXSID60369822","CAS_RN: 307-79-9","QJFHNYDPNSFJMR-UHFFFAOYSA-N","C11H3F19O2",527.982965516,"COC(=O)C(F)(F)C(F)(F)C(F)(F)C(F)(F)C(F)(F)C(F)(F)C(F)(F)C(F)(F)C(F)(F)F"
"DTXSID00896723","CAS_RN: 267648-90-8","QJNFXQRNAOKHEU-UHFFFAOYSA-N","C19H11F9S",442.043775332,"FC(F)(F)C(F)(F)C(F)(F)C(F)(F)C1SC2c3ccccc3C1c1ccccc12"
"DTXSID20379861","CAS_RN: 86994-47-0","QJNMSQFOKUQZBA-UHFFFAOYSA-N","C13H11F13O3",462.050061072,"C=C(C)C(=O)OCC(O)CC(F)(F)C(F)(F)C(F)(F)C(F)(F)C(F)(F)C(F)(F)F"
"DTXSID70896674","CAS_RN: 24929-99-5","QJNOXYMMNNVXPF-UHFFFAOYSA-N","C7H9F7O2Si",286.026003598,"C[Si](C)(C)OC(=O)C(F)(F)C(F)(F)C(F)(F)F"
"DTXSID60895393","CAS_RN: 250738-44-4","QJOIRFSOXHTWKX-UHFFFAOYSA-N","C27H35F21",758.24034374,"CCCCCCCCCCCCCCCCCC(F)(F)C(F)(F)C(F)(F)C(F)(F)C(F)(F)C(F)(F)C(F)(F)C(F)(F)C(F)(F)C(F)(F)F"
"DTXSID6062048","CAS_RN: 1893-52-3","QJRQXQMZXHXNPA-UHFFFAOYSA-N","C13H12F13NO4S",525.027945724,"C=CC(=O)OCCN(CC)S(=O)(=O)C(F)(F)C(F)(F)C(F)(F)C(F)(F)C(F)(F)C(F)(F)F"
"","CAS_RN: 81190-38-7","QJSROAIHGCCBIH-UHFFFAOYSA-O","C16H24F13N2O7S2",667.081734968,"C[N+](C)(CCO)CCCN(CC(O)CS(=O)(=O)O)S(=O)(=O)C(F)(F)C(F)(F)C(F)(F)C(F)(F)C(F)(F)C(F)(F)F"
"",NA,"QJSROAIHGCCBIH-UHFFFAOYSA-O","C16H24F13N2O7S2",667.081734968,"C[N+](C)(CCO)CCCN(CC(O)CS(=O)(=O)O)S(=O)(=O)C(F)(F)C(F)(F)C(F)(F)C(F)(F)C(F)(F)C(F)(F)F"
"DTXSID20881338","CAS_RN: 132182-92-4","QKAGYSDHEJITFV-UHFFFAOYSA-N","C7H3F13O",349.997631576,"COC(F)(C(F)(F)C(F)(F)F)C(F)(C(F)(F)F)C(F)(F)F"
"DTXSID3062601","CAS_RN: 2712-83-6","QKCBNLQPCASALS-UHFFFAOYSA-N","C10H5F7N2O4",350.01375418,"O=C(Nc1ccc([N+](=O)[O-])cc1O)C(F)(F)C(F)(F)C(F)(F)F"
"DTXSID1047029","CAS_RN: 306-91-2","QKENRHXGDUPTEM-UHFFFAOYSA-N","C14F24",623.96167728,"FC1(F)C(F)(F)C(F)(F)C2(F)C(F)(C1(F)F)C(F)(F)C(F)(F)C1(F)C(F)(F)C(F)(F)C(F)(F)C(F)(F)C12F"
"DTXSID40190398","CAS_RN: 36913-91-4","QKIHLPFZYGFMDK-UHFFFAOYSA-N","C8F18O5S2",581.88997306,"O=S(=O)(OS(=O)(=O)C(F)(F)C(F)(F)C(F)(F)C(F)(F)F)C(F)(F)C(F)(F)C(F)(F)C(F)(F)F"
"DTXSID40896227","CAS_RN: 853929-03-0","QKLWGHXFCGPZDZ-UHFFFAOYSA-N","C19H14F17NO5",659.060052288,"COc1cc(CO)c([N+](=O)[O-])cc1OCCCC(F)(F)C(F)(F)C(F)(F)C(F)(F)C(F)(F)C(F)(F)C(F)(F)C(F)(F)F"
"DTXSID80895991","CAS_RN: 304458-19-3","QKMXWPBMDRVWTQ-UHFFFAOYSA-N","C11H8F7NO",303.049411416,"O=C(NCC(F)(F)C(F)(F)C(F)(F)F)c1ccccc1"
"DTXSID50895968","CAS_RN: 120253-76-1","QKUCBJOOBNTYEJ-UHFFFAOYSA-N","C15H24F7NO",367.174611928,"CCCCCCCCCCCNC(=O)C(F)(F)C(F)(F)C(F)(F)F"
"DTXSID10375110","CAS_RN: 2264-03-1","QKYNDPROJKKCEU-UHFFFAOYSA-N","C15F32",787.94890304,"FC(F)(F)C(F)(F)C(F)(F)C(F)(F)C(F)(F)C(F)(F)C(F)(F)C(F)(F)C(F)(F)C(F)(F)C(F)(F)C(F)(F)C(F)(F)C(F)(F)C(F)(F)F"
"",NA,"QLATUWPAROLWFJ-UHFFFAOYSA-N","C36H57F17O14",1036.347686244,"OCCOCCOCCOCCOCCOCCOCCOCCOCCOCCOCCOCCOCCOCCC(F)(F)C(F)(F)C(F)(F)C(F)(F)C(F)(F)C(F)(F)C(F)(F)C(F)(F)F"
"DTXSID301009315",NA,"QLIGAMYUVOZLHQ-UHFFFAOYSA-O","C16H22F11N2O6S",579.102292844,"C[N+](C)(CCCN(CCC(=O)O)S(=O)(=O)C(F)(F)C(F)(F)C(F)(F)C(F)(F)C(F)(F)F)CCC(=O)O"
"DTXSID80880241","CAS_RN: 26650-10-2","QLKXZNKNUBWTFP-UHFFFAOYSA-N","C11H4F17NS",504.979299868,"N#CSCCC(F)(F)C(F)(F)C(F)(F)C(F)(F)C(F)(F)C(F)(F)C(F)(F)C(F)(F)F"
"DTXSID3038939","CAS_RN: 76752-82-4","RRRXPPIDPYTNJG-UHFFFAOYSA-N","C8H2F17NO2S",498.953479044,"NS(=O)(=O)C(F)(F)C(F)(F)C(F)(F)C(F)(F)C(F)(F)C(F)(F)C(F)(F)C(F)(F)F"
"DTXSID50895640","CAS_RN: 54326-26-0","QLOLJBGOVYZWBA-UHFFFAOYSA-N","C9F12",335.98083864,"Fc1c(F)c(F)c(C(F)(F)C(F)(F)C(F)(F)F)c(F)c1F"
"DTXSID80401197","CAS_RN: 336-34-5","QLPINEFCFXPUSF-UHFFFAOYSA-N","C6H3ClF6O",239.977661716,"COC1=C(Cl)C(F)(F)C(F)(F)C1(F)F"
"DTXSID10750741","CAS_RN: 88951-17-1","QMBKVVQPTHZMIX-UHFFFAOYSA-N","C15H13F15O2",510.067602956,"COC(=O)C1CCC(C(F)(F)C(F)(F)C(F)(F)C(F)(F)C(F)(F)C(F)(F)C(F)(F)F)CC1"
"DTXSID40895230","CAS_RN: 182130-12-7","QMHWVMOTZAJPCO-UHFFFAOYSA-N","C12H9F17",476.043280028,"CCCCC(F)(F)C(F)(F)C(F)(F)C(F)(F)C(F)(F)C(F)(F)C(F)(F)C(F)(F)F"
"DTXSID9052056","CAS_RN: 382-10-5","QMIWYOZFFSLIAK-UHFFFAOYSA-N","C4H2F6",164.006069384,"C=C(C(F)(F)F)C(F)(F)F"
"DTXSID5059795","CAS_RN: 307-51-7","QMNUYVWNQITPHA-UHFFFAOYSA-N","C10F22O2S",601.92677108,"O=S(=O)(F)C(F)(F)C(F)(F)C(F)(F)C(F)(F)C(F)(F)C(F)(F)C(F)(F)C(F)(F)C(F)(F)C(F)(F)F"
"DTXSID80895714","CAS_RN: 110960-47-9","QMOSTVKGCPGLHZ-UHFFFAOYSA-N","C12H7F7O",300.038512384,"O=C(C=CC(F)(F)C(F)(F)C(F)(F)F)c1ccccc1"
"DTXSID20471970","CAS_RN: 60023-26-9","QMPHOSZUUXOKIV-UHFFFAOYSA-N","C11H9F13O2",420.039496388,"CCOC(=O)CCC(F)(F)C(F)(F)C(F)(F)C(F)(F)C(F)(F)C(F)(F)F"
"","CAS_RN: 1003193-99-4","QMSAJIZZWDYZCW-UHFFFAOYSA-N","C8H4F13NO4S",456.965345468,"O=C(O)CNS(=O)(=O)C(F)(F)C(F)(F)C(F)(F)C(F)(F)C(F)(F)C(F)(F)F"
"DTXSID10624392","CAS_RN: 2355-31-9","QNDHIRFIMVNHBN-UHFFFAOYSA-N","C11H6F17NO4S",570.974608412,"CN(CC(=O)O)S(=O)(=O)C(F)(F)C(F)(F)C(F)(F)C(F)(F)C(F)(F)C(F)(F)C(F)(F)C(F)(F)F"
"DTXSID80895693","CAS_RN: 1608112-37-3","QNHWEZZPPUDLOF-UHFFFAOYSA-N","C13H7F9",334.040404204,"FC(F)(F)C(F)(F)C(F)(F)C(F)(F)C1=Cc2ccccc2C1"
"DTXSID00192353","CAS_RN: 149724-40-3","ALVYVCQIFHTIRD-UHFFFAOYSA-N","C10H5F17O3S",527.96879476,"O=S(=O)(O)CCC(F)(F)C(F)(F)C(F)(F)C(F)(F)C(F)(F)C(F)(F)C(F)(F)C(F)(F)F"
"DTXSID70366226","CAS_RN: 355-81-7","QNNUQHBPTQVSFD-UHFFFAOYSA-N","C5H3F8NO",245.008689476,"NC(=O)C(F)(F)C(F)(F)C(F)(F)C(F)F"
"",NA,"QOAVDLOXFVXQNR-UHFFFAOYSA-N","C13H3F21O4",621.969601196,"O=C(O)C(F)C(F)(F)C(F)(F)C(F)(F)C(F)(F)C(F)(F)C(F)(F)C(F)(F)C(F)(F)C(F)(F)C(F)(F)C(=O)O"
"",NA,"QOFIMJXOYVYACI-UHFFFAOYSA-N","C24H25F25O6",884.12519402,"OCCOCCOCCOCCOCCOCCC(F)(F)C(F)(F)C(F)(F)C(F)(F)C(F)(F)C(F)(F)C(F)(F)C(F)(F)C(F)(F)C(F)(F)C(F)(F)C(F)(F)F"
"DTXSID10240839","CAS_RN: 94158-63-1","QOFPQLOFSZXYPY-UHFFFAOYSA-N","C22H7F35O2",967.988717164,"C=CC(=O)OCCC(F)(F)C(F)(F)C(F)(F)C(F)(F)C(F)(F)C(F)(F)C(F)(F)C(F)(F)C(F)(F)C(F)(F)C(F)(F)C(F)(F)C(F)(F)C(F)(F)C(F)(C(F)(F)F)C(F)(F)F"
"DTXSID60895914","CAS_RN: 150625-20-0","QOIKFYLOUXBJNG-UHFFFAOYSA-N","C15H11F17O2",546.048759332,"C=C(C)C(=O)OCCCC(F)(F)C(F)(F)C(F)(F)C(F)(F)C(F)(F)C(F)(F)C(F)(F)C(F)(F)F"
"DTXSID0060985","CAS_RN: 678-77-3","QOLALWJWCONGMG-UHFFFAOYSA-N","C5Cl2F6O2",275.91795392,"O=C(Cl)C(F)(F)C(F)(F)C(F)(F)C(=O)Cl"
"",NA,"QOMQGOOFVHQXKY-UHFFFAOYSA-N","C7HF13O3S",411.943881752,"O=S(=O)(O)C(F)(F)C(F)(F)C(F)(F)C(F)(F)C(F)=C(F)C(F)(F)F"
"DTXSID60896224","CAS_RN: 1161941-02-1","QONUGHHHTUJULH-UHFFFAOYSA-N","C14H8F9NO4S",457.003032716,"COc1ccc2nccc(OS(=O)(=O)C(F)(F)C(F)(F)C(F)(F)C(F)(F)F)c2c1"
"DTXSID00379248","CAS_RN: 129991-14-6","QOUXPUNWZRSOCX-UHFFFAOYSA-N","C9H5F13O2",392.00819626,"O=C(O)CCC(C(F)(F)F)(C(F)(F)F)C(F)(F)C(F)(F)C(F)(F)F"
"","CAS_RN: 476304-39-9","XYEXGVGXNGEOFY-UHFFFAOYSA-N","C14H11F17O2S",566.020830332,"CC(CSCCC(F)(F)C(F)(F)C(F)(F)C(F)(F)C(F)(F)C(F)(F)C(F)(F)C(F)(F)F)C(=O)O"
"DTXSID80597206","CAS_RN: 914637-05-1","QOYNEVFKTZVANM-UHFFFAOYSA-N","C7H5F11O",314.0164752,"CC(O)C(F)(F)C(F)(F)C(F)(F)C(F)(F)C(F)(F)F"
"DTXSID60381084","CAS_RN: 55621-18-6","QPFPCCRSQCFOIH-UHFFFAOYSA-N","C8H2F12O7",437.960891044,"O=C(O)C(F)(F)OC(F)(F)C(F)(F)OC(F)(F)C(F)(F)OC(F)(F)C(=O)O"
"DTXSID40896424","CAS_RN: 1355554-94-7","QPHRSUKAALEXCT-UHFFFAOYSA-N","C15H15F7O3S",408.06301288,"CCc1c(C(=O)O)ccc(C(F)(C(F)(F)F)C(F)(F)F)c1S(=O)C(C)C"
"DTXSID80895537","CAS_RN: 100550-09-2","QPOZZZHPGZIDCY-UHFFFAOYSA-N","C32H16F50",1350.045361512,"FC(F)(F)C(F)(F)C(F)(F)C(F)(F)C(F)(F)C(F)(F)C(F)(F)C(F)(F)C(F)(F)C(F)(F)C(F)(F)C(F)(F)CCCCCCCCC(F)(F)C(F)(F)C(F)(F)C(F)(F)C(F)(F)C(F)(F)C(F)(F)C(F)(F)C(F)(F)C(F)(F)C(F)(F)C(F)(F)F"
"DTXSID60709981","CAS_RN: 67103-04-2","QPPMZWQUDCDFTM-UHFFFAOYSA-N","C11H5F17",460.0119799,"CC=CC(F)(F)C(F)(F)C(F)(F)C(F)(F)C(F)(F)C(F)(F)C(F)(F)C(F)(F)F"
"DTXSID00375104","CAS_RN: 335-83-1","QPVJROJBHCURKR-UHFFFAOYSA-N","C13H5F19O2",553.99861558,"C=CC(=O)OCC(F)(F)C(F)(F)C(F)(F)C(F)(F)C(F)(F)C(F)(F)C(F)(F)C(F)(F)C(F)(F)F"
"DTXSID40631438","CAS_RN: 61282-89-1","QQGCRHKFDHSORV-UHFFFAOYSA-N","C8H9F7O",254.054162448,"CCC(=O)C(C)C(F)(F)C(F)(F)C(F)(F)F"
"DTXSID4051372","CAS_RN: 32582-74-4","QQIDKFGJPVLPAY-UHFFFAOYSA-N","C7H4F11O4P",391.967155658,"O=P(O)(O)OCC1(F)C(F)(F)C(F)(F)C(F)(F)C(F)(F)C1(F)F"
"DTXSID60231732","CAS_RN: 82422-25-1","QQIQOXWHMJDAHF-UHFFFAOYSA-N","C18H12F7NO2S",439.047697164,"O=C(SCc1ccccc1)c1ccccc1NC(=O)C(F)(F)C(F)(F)C(F)(F)F"
"","CAS_RN: 94159-76-9","HFZRVDZNGWOKSR-UHFFFAOYSA-N","C21H19F27NO3",846.093380408,"C[N+](CCO)(CCO)CC(O)CC(F)(F)C(F)(F)C(F)(F)C(F)(F)C(F)(F)C(F)(F)C(F)(F)C(F)(F)C(F)(F)C(F)(F)C(F)(C(F)(F)F)C(F)(F)F"
"DTXSID00896561","CAS_RN: 16031-04-2","QQZFVLFYMUODCG-UHFFFAOYSA-N","C5ClF10IO",427.8522725,"FC(F)(F)C(F)(OC(F)(F)C(F)(Cl)I)C(F)(F)F"
"DTXSID00895271","CAS_RN: 172701-28-9","QRCWNXLGRHSPPF-UHFFFAOYSA-N","C12H16F9IO",474.010217112,"OCCCCCCC(I)CC(F)(F)C(F)(F)C(F)(F)C(F)(F)F"
"DTXSID10880193","CAS_RN: 3330-16-3","QRLOKTBZZPZAMX-UHFFFAOYSA-N","C11HF23O3",617.955842952,"FC(OC(F)(F)C(F)(OC(F)(F)C(F)(OC(F)(F)C(F)(F)C(F)(F)F)C(F)(F)F)C(F)(F)F)C(F)(F)F"
"DTXSID20896326","CAS_RN: 2396-15-8","QRMLHTWYKDXVNL-UHFFFAOYSA-N","C9H6F7N",261.038846732,"Nc1ccccc1C(F)(C(F)(F)F)C(F)(F)F"
"DTXSID70869964","CAS_RN: NOCAS_869964","QROUUECTKRZFHF-UHFFFAOYSA-N","C5H7F5O",178.041705944,"OCCCC(F)(F)C(F)(F)F"
"DTXSID70379997","CAS_RN: 55756-24-6","QRRGZVPIVBHZCM-UHFFFAOYSA-N","C8HF13",343.987066892,"C#CC(F)(F)C(F)(F)C(F)(F)C(F)(F)C(F)(F)C(F)(F)F"
"DTXSID20239572","CAS_RN: 93762-12-0","QSEWDLHUEPHPCY-UHFFFAOYSA-N","C8H10F9NO4S",387.01868278,"O=S(=O)(N(CCO)CCO)C(F)(F)C(F)(C(F)(F)F)C(F)(F)F"
"DTXSID20577986","CAS_RN: 140834-64-6","QSFHSDZDCSCCGQ-UHFFFAOYSA-N","C8H7F9O",290.035318824,"CC(=O)CCC(F)(F)C(F)(F)C(F)(F)C(F)(F)F"
"DTXSID10895722","CAS_RN: 119534-79-1","QSHAXUHMVBEXQL-UHFFFAOYSA-N","C12H6F13N",411.029266052,"Nc1cccc(C(F)(F)C(F)(F)C(F)(F)C(F)(F)C(F)(F)C(F)(F)F)c1"
"DTXSID20758056","CAS_RN: 92610-11-2","QSMWTZRYLVVETD-UHFFFAOYSA-N","C12H12F12",384.074739024,"CCCCCC=C(F)C(F)(F)C(F)(F)C(F)(F)C(F)(F)C(F)(F)F"
"",NA,"QSYMQOTXNVSRCF-UHFFFAOYSA-O","C17H20F19N2O6S2",773.04593954,"C[N+](C)(CCCNS(=O)(=O)C(F)(F)C(F)(F)C(F)(F)C(F)(F)C(F)(F)C(F)(F)C(F)(F)C(F)(F)C(F)(F)F)CC(O)CS(=O)(=O)O"
"","CAS_RN: 59493-70-8","ORLRRCQUSAQRKZ-UHFFFAOYSA-N","C21H20F17N2O3S",703.09231824,"C[N+](C)(C)CCCNS(=O)(=O)c1ccc(OC(F)=C(F)C(F)(F)C(F)(F)C(F)(F)C(F)(F)C(F)(F)C(F)(F)C(F)(F)F)cc1"
"DTXSID7065968","CAS_RN: 15899-29-3","QTDMKZFMFHHSLJ-UHFFFAOYSA-N","C7HF13O2",363.976896132,"O=C(O)C(F)(F)C(F)(F)C(F)(F)C(F)(C(F)(F)F)C(F)(F)F"
"DTXSID30896458","CAS_RN: 862133-36-6","QTMIWUZXJQMUTP-UHFFFAOYSA-N","C25H17F9N2O2",548.114631764,"Cc1cc(C(F)(C(F)(F)F)C(F)(F)F)cc(C)c1NC(=O)c1c(F)ccc(NC(=O)c2ccccc2)c1F"
"DTXSID60896567","CAS_RN: 1812247-20-3","QTNXQUUMDZPDRJ-UHFFFAOYSA-N","C8HF15O2",413.973702572,"O=C(O)C(F)(F)C(C(F)(F)F)(C(F)(F)F)C(F)(F)C(F)(F)C(F)(F)F"
"DTXSID80896387","CAS_RN: 103634-36-2","QTYGPRCHPTTYIL-UHFFFAOYSA-N","C11F14",397.97764508,"Fc1c(F)c(F)c2c(c1F)C(F)(F)C2(F)C(F)(C(F)(F)F)C(F)(F)F"
"DTXSID40896085","CAS_RN: 1069085-51-3","QTZAKXBSUHSCJY-UHFFFAOYSA-N","C13H11F7N2",328.081045892,"FC(F)(F)C(F)(F)C(F)(F)C1=NCCN1Cc1ccccc1"
"DTXSID00451977","CAS_RN: 17352-09-9","QUAJSEUQBPUVAU-UHFFFAOYSA-N","C9H2F18O3S",531.943722884,"O=S(=O)(OCC(F)(F)C(F)(F)C(F)(F)C(F)(F)C(F)(F)C(F)(F)C(F)(F)F)C(F)(F)F"
"DTXSID30895507","CAS_RN: 38550-46-8","QUGHSSKHWRLWSL-UHFFFAOYSA-N","C13H6F21IO",703.912805432,"OCC(I)CC(F)(F)C(F)(F)C(F)(F)C(F)(F)C(F)(F)C(F)(F)C(F)(F)C(F)(F)C(F)(F)C(F)(F)F"
"DTXSID5067348","CAS_RN: 27905-45-9","QUKRIOLKOHUUBM-UHFFFAOYSA-N","C13H7F17O2",518.017459204,"C=CC(=O)OCCC(F)(F)C(F)(F)C(F)(F)C(F)(F)C(F)(F)C(F)(F)C(F)(F)C(F)(F)F"
"DTXSID00239858","CAS_RN: 93894-54-3","QUQDQNCPLSSGOU-UHFFFAOYSA-N","C8H11F8NO4S",369.028104592,"O=S(=O)(N(CCO)CCO)C(F)(F)C(F)(F)C(F)(F)C(F)F"
"","CAS_RN: 1244062-15-4","QUYYHUUEEGLAJK-FOCLMDBBSA-N","C22H31F13",542.221817852,"CCCCCCCCCCCCCC/C=C/C(F)(F)C(F)(F)C(F)(F)C(F)(F)C(F)(F)C(F)(F)F"
"DTXSID40895518","CAS_RN: 1244062-15-4","QUYYHUUEEGLAJK-UHFFFAOYSA-N","C22H31F13",542.221817852,"CCCCCCCCCCCCCCC=CC(F)(F)C(F)(F)C(F)(F)C(F)(F)C(F)(F)C(F)(F)F"
"DTXSID40432922",NA,"QVAUOEHPYOFAQA-UHFFFAOYSA-N","C10H8F7N",275.054496796,"Cc1cc(C(F)(C(F)(F)F)C(F)(F)F)ccc1N"
"DTXSID30663107","CAS_RN: 29952-92-9","QVENIMCKJBZDAX-UHFFFAOYSA-N","C9H2F17NO2",478.981408044,"NC(=O)C(F)(F)C(F)(F)C(F)(F)C(F)(F)C(F)(F)OC(F)(C(F)(F)F)C(F)(F)F"
"DTXSID60896002","CAS_RN: 187039-77-6","QVGVUEVPLRVFEE-UHFFFAOYSA-N","C12H2F24O3S",681.934142204,"O=S(=O)(OCC(F)(F)C(F)(F)C(F)(F)C(F)(F)C(F)(F)C(F)(F)C(F)(F)F)C(F)(F)C(F)(F)C(F)(F)C(F)(F)F"
"DTXSID2073229","CAS_RN: 697-11-0","QVHWOZCZUNPZPW-UHFFFAOYSA-N","C4F6",161.99041932,"FC1=C(F)C(F)(F)C1(F)F"
"",NA,"QVLDZGBSRSYNFI-UHFFFAOYSA-N","C18H19F21NOS",696.085202848,"C[N+](C)(C)CC(O)CSCCC(F)(F)C(F)(F)C(F)(F)C(F)(F)C(F)(F)C(F)(F)C(F)(F)C(F)(F)C(F)(F)C(F)(F)F"
"DTXSID60897034","CAS_RN: 119403-53-1","QVRJRHUMFTVYEN-UHFFFAOYSA-N","C12H6F18N2O2",552.014185392,"O=C(NCCNC(=O)C(F)(F)C(F)(F)C(F)(F)C(F)(F)F)C(F)(F)C(F)(F)C(F)(F)C(F)(F)F"
"DTXSID90880156","CAS_RN: 2043-52-9","QVTHRDRXTVTNEK-UHFFFAOYSA-N","C9H4F15I",523.911821428,"FC(F)(F)C(F)(F)C(F)(F)C(F)(F)C(F)(F)C(F)(F)C(F)(F)CCI"
"",NA,"QWCSJPDFPIQWOG-UHFFFAOYSA-N","C15H22F13N2O4S",573.109270044,"C[N+](C)(CCO)CCCN(CCO)S(=O)(=O)C(F)(F)C(F)(F)C(F)(F)C(F)(F)C(F)(F)C(F)(F)F"
"DTXSID80445177","CAS_RN: 80705-13-1","QWHCZVLZUPZGSI-UHFFFAOYSA-N","C7H5F9O2",292.01458338,"O=C(O)CCC(F)(F)C(F)(F)C(F)(F)C(F)(F)F"
"DTXSID40276525","CAS_RN: 68156-07-0","MNVKTKIHXLQSLM-UHFFFAOYSA-N","C7HF13O3S",411.943881752,"O=S(=O)(O)C1(C(F)(F)F)C(F)(F)C(F)(F)C(F)(F)C(F)(F)C1(F)F"
"DTXSID30893381","CAS_RN: 348144-85-4","QWIXWKRIOHNTCX-UHFFFAOYSA-N","C31H45F17N2O4S",864.28285866,"CCCCCCCCCCCCCCCCCCN1C(=O)OCC1CN(C)S(=O)(=O)C(F)(F)C(F)(F)C(F)(F)C(F)(F)C(F)(F)C(F)(F)C(F)(F)C(F)(F)F"
"","CAS_RN: 240129-40-2","QWJXJQBUJMOZHY-KSDHXVCOSA-N","C27H39F7O2",528.283828028,"CC(CCCC(F)(C(F)(F)F)C(F)(F)F)[C@H]1CC[C@H]2[C@@H]3[C@H](O)C=C4C[C@@H](O)CC[C@]4(C)[C@H]3CC[C@]12C"
"","CAS_RN: 240129-40-2|240129-42-4","QWJXJQBUJMOZHY-KSDHXVCOSA-N","C27H39F7O2",528.283828028,"CC(CCCC(F)(C(F)(F)F)C(F)(F)F)[C@H]1CC[C@H]2[C@@H]3[C@H](O)C=C4C[C@@H](O)CC[C@]4(C)[C@H]3CC[C@]12C"
"","CAS_RN: 240129-42-4","QWJXJQBUJMOZHY-ZEJDSZMGSA-N","C27H39F7O2",528.283828028,"CC(CCCC(F)(C(F)(F)F)C(F)(F)F)[C@H]1CC[C@H]2[C@@H]3[C@@H](O)C=C4C[C@@H](O)CC[C@]4(C)[C@H]3CC[C@]12C"
"DTXSID50191038","CAS_RN: 22715-45-3","VGFKXVSMDOKOJZ-UHFFFAOYSA-N","C5H2F8O2",245.992705064,"O=C(O)C(F)(F)C(F)(F)C(F)(F)C(F)F"
"",NA,"QWRKHDUHWTVYAZ-UHFFFAOYSA-N","C9HF19O5S",581.924130312,"O=S(=O)(O)C(F)(F)C(F)(F)C(F)(F)C(F)(F)C(F)(F)OC(F)(F)C(F)(F)OC(F)(F)C(F)(F)F"
"DTXSID80896605","CAS_RN: 132405-54-0","QWUFNQYGXMUGOZ-UHFFFAOYSA-N","C25H7F41O2",1117.979136484,"C=C(C)C(=O)OCC(F)(F)C(F)(F)C(F)(F)C(F)(F)C(F)(F)C(F)(F)C(F)(F)C(F)(F)C(F)(F)C(F)(F)C(F)(F)C(F)(F)C(F)(F)C(F)(F)C(F)(F)C(F)(F)C(F)(F)C(F)(F)C(F)(F)C(F)(F)F"
"","CAS_RN: 54950-05-9","QWVKRJSQHBDUKF-UHFFFAOYSA-N","C20H12F26O7S",889.988857444,"O=C(CC(C(=O)OCCC(F)(F)C(F)(F)C(F)(F)C(F)(F)C(F)(F)C(F)(F)F)S(=O)(=O)O)OCCC(F)(F)C(F)(F)C(F)(F)C(F)(F)C(F)(F)C(F)(F)F"
"",NA,"QWXDLYUKIWTNBJ-UHFFFAOYSA-N","C12H13F13N2O4S",528.038844756,"CN(C)CCC(NS(=O)(=O)C(F)(F)C(F)(F)C(F)(F)C(F)(F)C(F)(F)C(F)(F)F)C(=O)O"
"","CAS_RN: 39186-68-0","NDJKKOPEKQOQAS-UHFFFAOYSA-O","C18H22F15N2O5",631.128920104,"O=C(O)CC[N+](CCO)(CCO)CCCNC(=O)C(F)(F)C(F)(F)C(F)(F)C(F)(F)C(F)(F)C(F)(F)C(F)(F)F"
"DTXSID40765262","CAS_RN: 113659-13-5","QWZCZTUZNTVRGH-UHFFFAOYSA-N","C15H19F13",446.127917468,"CCCCCCCCCC(F)(F)C(F)(F)C(F)(F)C(F)(F)C(F)(F)C(F)(F)F"
"",NA,"QXAJUGIKMOXNDF-UHFFFAOYSA-O","C18H26F15N2O8S3",779.061177092,"C[N+](C)(CCCN(CCCS(=O)(=O)O)S(=O)(=O)C(F)(F)C(F)(F)C(F)(F)C(F)(F)C(F)(F)C(F)(F)C(F)(F)F)CCCS(=O)(=O)O"
"DTXSID00194615","CAS_RN: 4180-26-1","QXDKTLFTMZTCKT-UHFFFAOYSA-N","C12H6F16O2",486.011230952,"C=CC(=O)OCC(F)(F)C(F)(F)C(F)(F)C(F)(F)C(F)(F)C(F)(F)C(F)(F)C(F)F"
"","68298-81-7","QXDNTOUKCXKKHT-UHFFFAOYSA-N","C13H14F15NO4S",565.040402228,"CCN(CCOCCO)S(=O)(=O)C(F)(F)C(F)(F)C(F)(F)C(F)(F)C(F)(F)C(F)(F)C(F)(F)F"
"DTXSID80562292","CAS_RN: 89807-87-4","QXJCOPITNGTALI-UHFFFAOYSA-N","C4HF9O",235.988368632,"OC(F)(F)C(F)(F)C(F)(F)C(F)(F)F"
"DTXSID90501334","CAS_RN: 73041-05-1","QXKKNVWUTKFIPI-UHFFFAOYSA-N","C6F12O",315.97575326,"O=C(C(F)(F)F)C(F)(F)C(F)(C(F)(F)F)C(F)(F)F"
"DTXSID00895458","CAS_RN: 82416-71-5","QXLCIRIVPLDAGS-UHFFFAOYSA-N","C9F17N",444.97592874,"N#CC(F)(F)C(F)(F)C(F)(F)C(F)(F)C(F)(F)C(F)(F)C(F)(F)C(F)(F)F"
"DTXSID20895334","CAS_RN: 125635-85-0","QXMBAJLLUZGNPY-UHFFFAOYSA-N","C19H19F21",646.115143228,"CCCCCCCCCC(F)(F)C(F)(F)C(F)(F)C(F)(F)C(F)(F)C(F)(F)C(F)(F)C(F)(F)C(F)(F)C(F)(F)F"
"",NA,"QXMOBQYRAVVFBK-UHFFFAOYSA-N","C32H37F29O9",1116.197451144,"OCCOCCOCCOCCOCCOCCOCCOCCOCCC(F)(F)C(F)(F)C(F)(F)C(F)(F)C(F)(F)C(F)(F)C(F)(F)C(F)(F)C(F)(F)C(F)(F)C(F)(F)C(F)(F)C(F)(F)C(F)(F)F"
"DTXSID40896166","CAS_RN: 41605-60-1","QXNCMHKRMJEHRR-UHFFFAOYSA-N","C13H6F9NO3S",426.992468032,"O=S(=O)(Oc1cccc2cccnc12)C(F)(F)C(F)(F)C(F)(F)C(F)(F)F"
"",NA,"QXQNEIFHTSUFRH-UHFFFAOYSA-N","C6H6F7NO4S",320.990576212,"CN(CC(=O)O)S(=O)(=O)C(F)(F)C(F)(F)C(F)(F)F"
"",NA,"QXRYLKKFDKSCMD-UHFFFAOYSA-N","C8H2F16O3S",481.946916444,"O=S(=O)(O)C(F)(F)C(F)(F)C(F)(F)C(F)(F)C(F)(F)C(F)(F)C(F)C(F)(F)F"
"DTXSID20893310","CAS_RN: 103188-55-2","QXTVEUMPQVYRDN-UHFFFAOYSA-N","C12F26",637.95848372,"FC(F)(F)C(F)(C(F)(F)F)C(F)(F)C(F)(F)C(F)(F)C(F)(F)C(F)(F)C(F)(F)C(F)(C(F)(F)F)C(F)(F)F"
"DTXSID70503856","CAS_RN: 423-22-3","QYBMTFFVDWWCJB-UHFFFAOYSA-N","C7F14O",365.9725597,"FC(F)(F)C(F)(F)C(F)(F)C1(F)OC(F)(F)C(F)(F)C1(F)F"
"","CAS_RN: 123613-18-3","QYBUWJRMHQVYLH-BFWOVITNSA-N","C35H48F14O2",766.343075856,"CC(C)CCCC(C)[C@H]1CC[C@H]2[C@@H]3CC[C@H]4C[C@@H](OC(=O)C(F)C(F)(F)C(F)(F)C(F)(F)C(F)(F)C(F)(F)C(F)(F)F)CC[C@]4(C)[C@H]3CC[C@]12C"
"DTXSID00369821","CAS_RN: 678-45-5","QYCPVKMFWNBDPV-UHFFFAOYSA-N","C8H2F12O4",389.976147184,"O=C(O)C(F)(F)C(F)(F)C(F)(F)C(F)(F)C(F)(F)C(F)(F)C(=O)O"
"DTXSID60881377","CAS_RN: 133310-73-3","QYCYRXLTCUNSSB-UHFFFAOYSA-N","C26H37F17",672.262380924,"CCCCCCCCCCCCCCCCCCC(F)(F)C(F)(F)C(F)(F)C(F)(F)C(F)(F)C(F)(F)C(F)(F)C(F)(F)F"
"DTXSID80896160","CAS_RN: 1366341-52-7","QYFVACRNVSGUMV-VIFPVBQESA-N","C13H10F7NO",329.06506148,"FC(F)(F)C(F)(F)C(F)(F)C1=N[C@@H](Cc2ccccc2)CO1"
"DTXSID40896121","CAS_RN: 873838-37-0","QYJKOHQHCLZHIT-UHFFFAOYSA-N","C11H4F9NO3S",400.976817968,"N#Cc1ccccc1OS(=O)(=O)C(F)(F)C(F)(F)C(F)(F)C(F)(F)F"
"DTXSID90446276","CAS_RN: 89373-67-1","QYLZAPXXSYDKKB-UHFFFAOYSA-N","C11H4ClF17O",509.967922168,"O=C(Cl)CCC(F)(F)C(F)(F)C(F)(F)C(F)(F)C(F)(F)C(F)(F)C(F)(F)C(F)(F)F"
"DTXSID60865157","CAS_RN: 24520-19-2","QYMQYPBAGDZNMY-UHFFFAOYSA-N","C11F14O2",429.96747432,"FC(F)=C(F)OC(F)(F)C(F)(Oc1c(F)c(F)c(F)c(F)c1F)C(F)(F)F"
"DTXSID8070883","CAS_RN: 67939-89-3","QYPFYWKDTABJCJ-UHFFFAOYSA-N","C8H11F9NO6PS",450.990098682,"CCN(CCOP(=O)(O)O)S(=O)(=O)C(F)(F)C(F)(F)C(F)(F)C(F)(F)F"
"DTXSID10895984","CAS_RN: 886046-97-5","QYPSGGGCZLRESW-UHFFFAOYSA-N","C18H4F32O2",859.970032408,"O=C(OCCC(F)(F)C(F)(F)C(F)(F)C(F)(F)C(F)(F)C(F)(F)C(F)(F)C(F)(F)F)C(F)(F)C(F)(F)C(F)(F)C(F)(F)C(F)(F)C(F)(F)C(F)(F)F"
"DTXSID9052503","CAS_RN: 76-19-7","QYSGYZVSCZSLHT-UHFFFAOYSA-N","C3F8",187.98722576,"FC(F)(F)C(F)(F)C(F)(F)F"
"",NA,"QYWCHRWWCRENRI-UHFFFAOYSA-N","C9H4F12O3",387.996882628,"O=C(O)COC(F)(F)C(F)(F)C(F)(F)C(F)(F)C(F)=CC(F)(F)F"
"","CAS_RN: 68298-11-3","FZCRAUGJBWCZQX-UHFFFAOYSA-O","C18H24F17N2O6S2",751.080433228,"C[N+](C)(CCO)CCCN(CCCS(=O)(=O)O)S(=O)(=O)C(F)(F)C(F)(F)C(F)(F)C(F)(F)C(F)(F)C(F)(F)C(F)(F)C(F)(F)F"
"DTXSID00379703","CAS_RN: 181042-39-7","QZDCHCYMFXJOCS-UHFFFAOYSA-N","C10H13F9O",320.082269016,"OCCCCCCC(F)(F)C(F)(F)C(F)(F)C(F)(F)F"
"DTXSID00382070","CAS_RN: 423-46-1","QZFZPVVDBGXQTB-UHFFFAOYSA-N","C6H3F11O",300.000825136,"OCC(F)(F)C(F)(F)C(F)(F)C(F)(F)C(F)(F)F"
"DTXSID7040150","CAS_RN: 108427-53-8","QZHDEAJFRJCDMF-UHFFFAOYSA-N","C6HF13O3S",399.943881752,"O=S(=O)(O)C(F)(F)C(F)(F)C(F)(F)C(F)(F)C(F)(F)C(F)(F)F"
"DTXSID7040150","CAS_RN: 355-46-4","QZHDEAJFRJCDMF-UHFFFAOYSA-N","C6HF13O3S",399.943881752,"O=S(=O)(O)C(F)(F)C(F)(F)C(F)(F)C(F)(F)C(F)(F)C(F)(F)F"
"DTXSID90897087","CAS_RN: 1421133-00-7","QZQHCXTZPMSMEM-UHFFFAOYSA-N","C11H4BrF12NO3S2",568.862435728,"O=S(=O)(N=S(=O)(c1ccc(Br)cc1)C(F)(F)F)C(F)(F)C(F)(F)C(F)(F)C(F)(F)F"
"DTXSID60896608","CAS_RN: 203929-12-8","QZXYRRIBHBIXQN-UHFFFAOYSA-N","C6H3F8I",353.915173856,"C=CC(F)(F)C(F)(F)C(F)(F)C(F)(F)I"
"DTXSID00621512","CAS_RN: 156294-55-2","QZYAQRJJGPOBHO-UHFFFAOYSA-N","C9H11F7O2",284.064727132,"CC1(COCC(F)(F)C(F)(F)C(F)(F)F)COC1"
"DTXSID60880582","CAS_RN: 68155-54-4","RABDXRSZMMTNLB-UHFFFAOYSA-N","C14F28O",715.95020478,"FC(F)(F)C(F)(F)C(F)(F)C(F)(F)C(F)(F)C(F)(F)C(F)(F)C(F)(F)C(F)(F)C1(F)OC(F)(F)C(F)(F)C(F)(F)C1(F)F"
"DTXSID10327679","CAS_RN: 564-10-3","RAEAYTICAPHWJW-UHFFFAOYSA-N","C4H2F6O2",195.995898624,"O=C(O)C(C(F)(F)F)C(F)(F)F"
"","CAS_RN: 68891-96-3","RAEFMHKBYRJGSN-UHFFFAOYSA-H","C20H32Cl4Cr2F17NO9S",1028.909058,NA
"DTXSID50896430","CAS_RN: 1355555-05-3","RAEYMZSRWYHJQP-UHFFFAOYSA-N","C16H17F7O3S",422.078662944,"CCc1c(C(=O)O)ccc(C(F)(C(F)(F)F)C(F)(F)F)c1S(=O)C(C)(C)C"
"DTXSID20881136","CAS_RN: 94158-61-9","RAGJTPVWQPJXKH-UHFFFAOYSA-N","C19H23F17O4",638.132488956,"CCCCOCCOCCOCC(O)CC(F)(F)C(F)(F)C(F)(F)C(F)(F)C(F)(F)C(F)(F)C(F)(F)C(F)(F)F"
"DTXSID40895295","CAS_RN: 131851-20-2","RAQFLOSJQUOABH-UHFFFAOYSA-N","C16H23F9",386.165604716,"CCCCCCCCCCC=CC(F)(F)C(F)(F)C(F)(F)C(F)(F)F"
"DTXSID50226894","CAS_RN: 76-21-1","RARQGXBOCXOJPM-UHFFFAOYSA-N","C9H2F16O2",445.979930824,"O=C(O)C(F)(F)C(F)(F)C(F)(F)C(F)(F)C(F)(F)C(F)(F)C(F)(F)C(F)F"
"DTXSID50896551","CAS_RN: 176702-73-1","RARVKFBGGANBMS-UHFFFAOYSA-N","C10H8F11NO3",399.032853536,"O=C(N1CCOCC1)C(F)(OC(F)(F)C(F)(F)C(F)(F)F)C(F)(F)F"
"DTXSID60895414","CAS_RN: 250738-46-6","RAYVCZDHWHRTKY-UHFFFAOYSA-N","C29H39F21",786.271643868,"CCCCCCCCCCCCCCCCCCCC(F)(F)C(F)(F)C(F)(F)C(F)(F)C(F)(F)C(F)(F)C(F)(F)C(F)(F)C(F)(F)C(F)(F)F"
"",NA,"RBDJPHYLSZMXME-UHFFFAOYSA-O","C12H20F7N2O4S",421.10320066,"C[N+](C)(C)CCCN(CCC(=O)O)S(=O)(=O)C(F)(F)C(F)(F)C(F)(F)F"
"","CAS_RN: 68541-02-6","RBHRIWMPJOQTPX-UHFFFAOYSA-N","C19H6Cl4F11NO6S",724.849429052,"O=C(O)c1c(Cl)c(Cl)c(Cl)c(Cl)c1C(=O)Nc1cccc(OS(=O)(=O)C(F)(F)C(F)(F)C(F)(F)C(F)(F)C(F)(F)F)c1"
"DTXSID50895185","CAS_RN: 1313024-90-6","RBPHBIMHZSTIDT-REOHCLBHSA-N","C5H5F7O",214.02286232,"C[C@H](O)C(F)(F)C(F)(F)C(F)(F)F"
"DTXSID30880135","CAS_RN: 375-14-4","RBPHBIMHZSTIDT-UHFFFAOYSA-N","C5H5F7O",214.02286232,"CC(O)C(F)(F)C(F)(F)C(F)(F)F"
"DTXSID50897563","CAS_RN: 85571-83-1","RBPHBIMHZSTIDT-UWTATZPHSA-N","C5H5F7O",214.02286232,"C[C@@H](O)C(F)(F)C(F)(F)C(F)(F)F"
"",NA,"RBPHXVMHOXBREA-UHFFFAOYSA-N","C19H18F21NO5S2",803.029107296,"CC(C)(CS(=O)(=O)O)NC(=O)CCS(=O)CCC(F)(F)C(F)(F)C(F)(F)C(F)(F)C(F)(F)C(F)(F)C(F)(F)C(F)(F)C(F)(F)C(F)(F)F"
"","CAS_RN: 30295-51-3","NXDZHPUCXBLOJJ-UHFFFAOYSA-N","C13H14F17N3O4S",631.043356668,"CN(O)C(CCNS(=O)(=O)C(F)(F)C(F)(F)C(F)(F)C(F)(F)C(F)(F)C(F)(F)C(F)(F)C(F)(F)F)N(C)O"
"DTXSID20880189","CAS_RN: 2994-71-0","RBTROQHBNLSUTL-UHFFFAOYSA-N","C6F12",299.98083864,"FC(F)(F)C1(F)C(F)(F)C(F)(F)C1(F)C(F)(F)F"
"DTXSID40540213","CAS_RN: 87461-68-5","RBWJBCMATQGXGQ-UHFFFAOYSA-N","C12H9F7O4",350.038906308,"COc1ccc(OC)c(OC(=O)C(F)(F)C(F)(F)C(F)(F)F)c1"
"DTXSID90895528","CAS_RN: 175607-87-1","RBXFGBRZNHWPDH-UHFFFAOYSA-N","C7H7F7O2",256.033427004,"FC(F)(F)C(F)(F)C(F)(F)CC1OCCO1"
"DTXSID40896621","CAS_RN: 61098-00-8","RBZLEAJAUHBDRO-UHFFFAOYSA-N","C16F34O4",901.92536796,"FC(F)(F)C(F)(F)C(F)(F)OC(F)(C(F)(F)F)C(F)(F)OC(F)(C(F)(F)F)C(F)(OC(F)(F)C(F)(OC(F)(F)C(F)(F)C(F)(F)F)C(F)(F)F)C(F)(F)F"
"DTXSID90583372","CAS_RN: 892154-66-4","RCEZZFWALYXONB-UHFFFAOYSA-N","C13H11F9O",354.066618952,"OCc1ccc(CCC(F)(F)C(F)(F)C(F)(F)C(F)(F)F)cc1"
"DTXSID8059920","CAS_RN: 68259-07-4","OYGQVDSRYXATEL-UHFFFAOYSA-N","C7HF15O3S",449.940688192,"O=S(=O)(O)C(F)(F)C(F)(F)C(F)(F)C(F)(F)C(F)(F)C(F)(F)C(F)(F)F"
"DTXSID30896599","CAS_RN: 1144512-35-5","RCVKPKVLBNNSMW-UHFFFAOYSA-N","C8HF15O2",413.973702572,"O=C(O)C(F)(F)C(F)(C(F)(F)F)C(F)(F)C(F)(C(F)(F)F)C(F)(F)F"
"","CAS_RN: 1244062-16-5","RCYQBTCBMWWCTR-FOCLMDBBSA-N","C24H31F17",642.215430732,"CCCCCCCCCCCCCC/C=C/C(F)(F)C(F)(F)C(F)(F)C(F)(F)C(F)(F)C(F)(F)C(F)(F)C(F)(F)F"
"DTXSID20895551","CAS_RN: 1244062-16-5","RCYQBTCBMWWCTR-UHFFFAOYSA-N","C24H31F17",642.215430732,"CCCCCCCCCCCCCCC=CC(F)(F)C(F)(F)C(F)(F)C(F)(F)C(F)(F)C(F)(F)C(F)(F)C(F)(F)F"
"DTXSID40897097","CAS_RN: 143813-70-1","RDGJBZXVLOXHPC-UHFFFAOYSA-N","C8F17NO",448.97084336,"FC(F)(F)C(F)(F)C(F)(F)C(F)(F)N1OC1(F)C(F)(F)C(F)(F)C(F)(F)F"
"DTXSID40552018","CAS_RN: 92639-87-7","RDKTYTPOMDGHCP-UHFFFAOYSA-N","C5F12O4",351.96049712,"FC(F)(F)OC(OC(F)(F)F)(OC(F)(F)F)OC(F)(F)F"
"",NA,"RDTAYBUELAXHKP-UHFFFAOYSA-N","C21H34F11NO9S",685.177863088,"CCN(CCOCCOCCOCCOCCOCCOCCO)S(=O)(=O)C(F)(F)C(F)(F)C(F)(F)C(F)(F)C(F)(F)F"
"DTXSID90895184","CAS_RN: 503189-11-5","RDTOHVCWSKMGDV-UHFFFAOYSA-N","C7H4F12",316.012138768,"FC(F)(F)CCC(F)(F)C(F)(F)C(F)(F)C(F)(F)F"
"DTXSID60881332","CAS_RN: 106372-30-9","RDUGZRZKLLEFFJ-UHFFFAOYSA-N","C5Cl2F10O",335.91665218,"FC(F)(F)C(F)(F)C(F)(F)OC(F)(Cl)C(F)(F)Cl"
"DTXSID20892065","CAS_RN: 52700-35-3","REAKSGRGUVKNJO-UHFFFAOYSA-N","C8F18O2",469.9610872,"FC(F)(F)C(F)(F)OC(F)(F)C(F)(F)C(F)(F)OC(F)(F)C(F)(F)C(F)(F)F"
"DTXSID80895936","CAS_RN: 93393-77-2","REEZRLCBIOJNCB-UHFFFAOYSA-N","C10H8ClF13O2S",473.972595036,"O=S(=O)(CCCl)CCC(F)(F)C(F)(F)C(F)(F)C(F)(F)C(F)(F)C(F)(F)F"
"DTXSID30893366","CAS_RN: 210896-25-6","REMSMUILZZYKPD-UHFFFAOYSA-N","C14H17F13O",448.107182024,"CC(C)CC(C)OCCC(F)(F)C(F)(F)C(F)(F)C(F)(F)C(F)(F)C(F)(F)F"
"DTXSID70880412","CAS_RN: 38550-34-4","REPFTMOJFHVIBT-UHFFFAOYSA-N","C9H6F13I",487.930665052,"CC(I)CC(F)(F)C(F)(F)C(F)(F)C(F)(F)C(F)(F)C(F)(F)F"
"DTXSID20535647","CAS_RN: 40735-32-8","REVTURCVXSGZNE-UHFFFAOYSA-N","C10H12F9I",429.984002364,"CCCCC(I)CC(F)(F)C(F)(F)C(F)(F)C(F)(F)F"
"",NA,"RFAWKHMSOKDKBP-UHFFFAOYSA-O","C12H20F9N2O6S2",523.06190734,"C[N+](C)(CCCNS(=O)(=O)C(F)(F)C(F)(F)C(F)(F)C(F)(F)F)CC(O)CS(=O)(=O)O"
"DTXSID90895407","CAS_RN: 1835252-07-7","RFDSQPGWGBLAFI-UHFFFAOYSA-N","C20H20F22",678.12137148,"FC(F)(F)C(F)(F)C(F)(F)C(F)(F)C(F)(F)CCCCCCCCCCC(F)(F)C(F)(F)C(F)(F)C(F)(F)C(F)(F)F"
"",NA,"RFIXIVBTEIYSPF-UHFFFAOYSA-O","C16H15F19NO2",614.0799399,"C[N+](C)(CCCC(F)(F)C(F)(F)C(F)(F)C(F)(F)C(F)(F)C(F)(F)C(F)(F)C(F)(F)C(F)(F)F)CC(=O)O"
"DTXSID2070506","CAS_RN: 67584-54-7","RFJQYRXZGNILIY-UHFFFAOYSA-N","C12H13F15N2O2S",534.045821956,"CN(C)CCCNS(=O)(=O)C(F)(F)C(F)(F)C(F)(F)C(F)(F)C(F)(F)C(F)(F)C(F)(F)F"
"DTXSID00884887","CAS_RN: 17256-52-9","RFJVDJWCXSPUBY-UHFFFAOYSA-N","C5F8O2",243.977055,"FC(F)=C1OC(F)(F)C(F)(C(F)(F)F)O1"
"",NA,"RFPMTAFFMFIXAL-UHFFFAOYSA-N","C14H14F14O2",480.077024768,"O=C(O)C(F)(F)CC(F)(F)CC(F)(F)CC(F)(F)CC(F)(F)CC(F)(F)CC(F)F"
"DTXSID30896958","CAS_RN: 785-93-3","RFRUXTGWFVPKQB-UHFFFAOYSA-N","C10H7F7O",276.038512384,"OC(c1ccccc1)C(F)(F)C(F)(F)C(F)(F)F"
"DTXSID30896958","CAS_RN: 59153-45-6","RFRUXTGWFVPKQB-UHFFFAOYSA-N","C10H7F7O",276.038512384,"OC(c1ccccc1)C(F)(F)C(F)(F)C(F)(F)F"
"DTXSID50895382","CAS_RN: 31143-13-2","RGBFMLVTZCWFSL-UHFFFAOYSA-N","C8F16",399.97445152,"FC(=C(F)C(F)(F)C(F)(F)C(F)(F)C(F)(F)C(F)(F)F)C(F)(F)F"
"DTXSID50895382","CAS_RN: 65500-50-7","RGBFMLVTZCWFSL-UHFFFAOYSA-N","C8F16",399.97445152,"FC(=C(F)C(F)(F)C(F)(F)C(F)(F)C(F)(F)C(F)(F)F)C(F)(F)F"
"DTXSID90895947","CAS_RN: 93345-48-3","RGCCJICFTWQWSZ-UHFFFAOYSA-N","C12H7F17O2S",537.989530204,"C=CS(=O)(=O)CCC(F)(F)C(F)(F)C(F)(F)C(F)(F)C(F)(F)C(F)(F)C(F)(F)C(F)(F)F"
"",NA,"RGCDBPJRBNLCOC-UHFFFAOYSA-O","C15H20F15N2O6S2",673.05232666,"C[N+](C)(CCCNS(=O)(=O)C(F)(F)C(F)(F)C(F)(F)C(F)(F)C(F)(F)C(F)(F)C(F)(F)F)CC(O)CS(=O)(=O)O"
"DTXSID90892956","CAS_RN: 178094-71-8","AJHOIKIILYAOBA-UHFFFAOYSA-N","C11H13F13N2O3S",500.043930136,"C[N+](C)([O-])CCCNS(=O)(=O)C(F)(F)C(F)(F)C(F)(F)C(F)(F)C(F)(F)C(F)(F)F"
"DTXSID60792479","CAS_RN: 66406-80-2","RGKAEHDYNMLWRB-UHFFFAOYSA-N","C7H5F9O2S",323.98665438,"CC=CS(=O)(=O)C(F)(F)C(F)(F)C(F)(F)C(F)(F)F"
"DTXSID10896052","CAS_RN: 183997-46-8","RGOZNZUAXTXBNG-UHFFFAOYSA-N","C12H6F11NO3",421.017203472,"O=[N+]([O-])c1ccc(OCC(F)(F)C(F)(F)C(F)(F)C(F)(F)C(F)(F)F)cc1"
"DTXSID00895155","CAS_RN: 158118-01-5","RGRJUIGTKHAMBM-UHFFFAOYSA-N","C5H3F9",234.009104076,"CC(F)(F)C(F)(F)C(F)(F)C(F)(F)F"
"DTXSID10896597","CAS_RN: 1144512-18-4","RGXLMLZPWKONOH-UHFFFAOYSA-N","C8HF15O2",413.973702572,"O=C(O)C(F)(F)C(F)(F)C(F)(C(F)(F)F)C(F)(F)C(F)(F)C(F)(F)F"
"DTXSID60895757","CAS_RN: 41006-33-1","RHDCGRXGQIUPMP-UHFFFAOYSA-N","C8H12F9NOSSn",460.951783684,"C[N](S(=O)C(F)(F)C(F)(F)C(F)(F)C(F)(F)F)[Sn]([CH3])([CH3])[CH3]"
"DTXSID80401536","CAS_RN: 480438-48-0","RHEYHPACKVZWRD-UHFFFAOYSA-N","C18H19F9O12S",630.045351028,"CC(=O)OCC1OC(OC(C)=O)C(OS(=O)(=O)C(F)(F)C(F)(F)C(F)(F)C(F)(F)F)C(OC(C)=O)C1OC(C)=O"
"","CAS_RN: 68957-55-1","CFFXMGKYQIYDHJ-UHFFFAOYSA-N","C11H16F11N2O2S",449.075684172,"C[N+](C)(C)CCCNS(=O)(=O)C(F)(F)C(F)(F)C(F)(F)C(F)(F)C(F)(F)F"
"DTXSID40611518","CAS_RN: 13835-88-6","RHLDKBOSGKSXEL-UHFFFAOYSA-N","C11H5F9O2",340.01458338,"O=C(O)c1ccc(C(F)(F)C(F)(F)C(F)(F)C(F)(F)F)cc1"
"DTXSID80895759","CAS_RN: 893556-35-9","RHOYTZWDGJGCCO-UHFFFAOYSA-N","C7H2F14O3S",431.950110004,"O=S(=O)(OCC(F)(F)C(F)(F)F)C(F)(F)C(F)(F)C(F)(F)C(F)(F)F"
"DTXSID60896385","CAS_RN: 1262665-50-8","RHQBQSSQBXDLAT-UHFFFAOYSA-N","C10H5ClF9NO",360.99159544,"Nc1c(Cl)cc(C(F)(C(F)(F)F)C(F)(F)F)cc1OC(F)F"
"DTXSID10895449","CAS_RN: 1257261-91-8","RHVLWEBCYIGSTH-UHFFFAOYSA-N","C26H32F21I",870.121341644,"CCCCCCCCCCCCCCC(I)CC(F)(F)C(F)(F)C(F)(F)C(F)(F)C(F)(F)C(F)(F)C(F)(F)C(F)(F)C(F)(F)C(F)(F)F"
"DTXSID30869884","CAS_RN: 138495-42-8","RIQRGMUSBYGDBL-UHFFFAOYSA-N","C5H2F10",251.999682264,"FC(C(F)C(F)(F)C(F)(F)F)C(F)(F)F"
"DTXSID20153820","CAS_RN: 122998-72-5","RIRVFUKJSNBDFN-UHFFFAOYSA-N","C47HF95O15",2609.779850232,"OOOOOOOOOOOOOOOC(F)(F)C(F)(F)C(F)(F)C(F)(F)C(F)(F)C(F)(F)C(F)(F)C(F)(F)C(F)(F)C(F)(F)C(F)(F)C(F)(F)C(F)(F)C(F)(F)C(F)(F)C(F)(F)C(F)(F)C(F)(F)C(F)(F)C(F)(F)C(F)(F)C(F)(F)C(F)(F)C(F)(F)C(F)(F)C(F)(F)C(F)(F)C(F)(F)C(F)(F)C(F)(F)C(F)(F)C(F)(F)C(F)(F)C(F)(F)C(F)(F)C(F)(F)C(F)(F)C(F)(F)C(F)(F)C(F)(F)C(F)(F)C(F)(F)C(F)(F)C(F)(F)C(F)(F)C(F)(F)C(F)(F)F"
"","CAS_RN: 484023-69-0","NDVQVPHDRMVGQR-UHFFFAOYSA-N","C8H9F9O4S",372.007783748,"O=S(=O)(O)CCCCOC(F)(F)C(F)(F)C(F)(F)C(F)(F)F"
"DTXSID30880150","CAS_RN: 1644-11-7","RJBJXVAPYONTFE-UHFFFAOYSA-N","C8F16O2",431.96428076,"FC(F)=C(F)OC(F)(F)C(F)(OC(F)(F)C(F)(F)C(F)(F)F)C(F)(F)F"
"DTXSID8070881","CAS_RN: 67939-87-1","RJFPABCSTACHQG-UHFFFAOYSA-N","C18H19F22N2O8PS2",903.996915038,"CCN(CCOP(=O)(O)OCCN(CC)S(=O)(=O)C(F)(F)C(F)(F)C(F)(F)C(F)(F)C(F)(F)F)S(=O)(=O)C(F)(F)C(F)(F)C(F)(F)C(F)(F)C(F)(F)F"
"DTXSID60240985","CAS_RN: 94200-57-4","RJFPCNLXFAGIGO-UHFFFAOYSA-N","C15H6F27O4P",793.957257242,"O=P(O)(O)OCCC(F)(F)C(F)(F)C(F)(F)C(F)(F)C(F)(F)C(F)(F)C(F)(F)C(F)(F)C(F)(F)C(F)(F)C(F)(C(F)(F)F)C(F)(F)F"
"DTXSID50379814","CAS_RN: 113507-82-7","RJGUAQKOHAABLK-UHFFFAOYSA-N","C4HF9O4S",315.945183492,"O=S(=O)(O)C(F)(F)C(F)(F)OC(F)(F)C(F)(F)F"
"DTXSID20880240","CAS_RN: 26650-09-9","RJSWEHLKQSQEHW-UHFFFAOYSA-N","C9H4F13NS",404.985686988,"N#CSCCC(F)(F)C(F)(F)C(F)(F)C(F)(F)C(F)(F)C(F)(F)F"
"DTXSID00551769","CAS_RN: 110260-75-8","RJTDDBAPCSPXHO-UHFFFAOYSA-N","C10H7F13O2",406.023846324,"COC(=O)CCC(F)(F)C(F)(F)C(F)(F)C(F)(F)C(F)(F)C(F)(F)F"
"DTXSID70895566","CAS_RN: 907206-01-3","RJTGGFRPTUCUTK-UHFFFAOYSA-N","C26H35F17",670.24673086,"CCCCCCCCCCCCCCCCC=CC(F)(F)C(F)(F)C(F)(F)C(F)(F)C(F)(F)C(F)(F)C(F)(F)C(F)(F)F"
"DTXSID70880215","CAS_RN: 62037-80-3","CSEBNABAWMZWIF-UHFFFAOYSA-N","C6HF11O3",329.975004312,"O=C(O)C(F)(OC(F)(F)C(F)(F)C(F)(F)F)C(F)(F)F"
"DTXSID20195124","CAS_RN: 423-95-0","RJYUFWDUKZUCSP-UHFFFAOYSA-N","C9HClF16O",463.946043852,"O=C(Cl)C(F)(F)C(F)(F)C(F)(F)C(F)(F)C(F)(F)C(F)(F)C(F)(F)C(F)F"
"",NA,"RKCBASOCGZNLGO-UHFFFAOYSA-N","C11H13F11N2O",398.085223456,"CN(C)CCCNC(=O)C(F)(F)C(F)(F)C(F)(F)C(F)(F)C(F)(F)F"
"DTXSID5075232","CAS_RN: 355-68-0","RKIMETXDACNTIE-UHFFFAOYSA-N","C6F12",299.98083864,"FC1(F)C(F)(F)C(F)(F)C(F)(F)C(F)(F)C1(F)F"
"",NA,"RKLDUEMWNXOSPP-UHFFFAOYSA-N","C10HF22O2P",601.936286742,"O=P(O)(C(F)(F)C(F)(F)C(F)(F)C(F)(F)F)C(F)(F)C(F)(F)C(F)(F)C(F)(F)C(F)(F)C(F)(F)F"
"DTXSID10881140","CAS_RN: 94158-68-6","RKMNPJDKZVNTFV-UHFFFAOYSA-N","C19H5F33O",875.98134604,"FC(F)(F)C(F)(F)C(F)(F)C(F)(F)C(F)(F)C(F)(F)C(F)(F)C(F)(F)C(F)(F)C(F)(F)C(F)(F)C(F)(F)C(F)(F)C(F)(F)C(F)(F)C(F)(F)CC1CO1"
"DTXSID80896009","CAS_RN: 1453469-53-8","RKYATAJCHIWJFK-UHFFFAOYSA-N","C10H2F13IS",527.871435924,"FC(F)(F)C(F)(F)C(F)(F)C(F)(F)C(F)(F)C(F)(F)c1ccsc1I"
"",NA,"RKYVKYKFHBDWJZ-UHFFFAOYSA-O","C23H22F25N2O3",849.123123064,"CC(C)OC(=O)C[N+](C)(C)CCCNC(=O)C(F)(F)C(F)(F)C(F)(F)C(F)(F)C(F)(F)C(F)(F)C(F)(F)C(F)(F)C(F)(F)C(F)(F)C(F)(F)C(F)(F)F"
"","CAS_RN: 308-37-2","MNNHOKAMXOAGCN-UHFFFAOYSA-N","C7H10F7NO",257.06506148,"CCC(N)C(O)C(F)(F)C(F)(F)C(F)(F)F"
"",NA,"RLSOMCPWHPIDNS-UHFFFAOYSA-N","C7H6F11NO3S",392.989274472,"O=S(=O)(NCCO)C(F)(F)C(F)(F)C(F)(F)C(F)(F)C(F)(F)F"
"DTXSID30848033","CAS_RN: 90292-38-9","RLTXKMUREFPOAZ-UHFFFAOYSA-N","C7H6F8O",258.029090572,"COCC=C(F)C(F)(F)C(F)(F)C(F)(F)F"
"DTXSID60896320","CAS_RN: 1006627-74-2","RLTYZSOFMJFAHD-UHFFFAOYSA-N","C6H4F7IO",351.919510288,"OCC(I)=CC(F)(C(F)(F)F)C(F)(F)F"
"DTXSID60896320","CAS_RN: 261760-25-2","RLTYZSOFMJFAHD-UHFFFAOYSA-N","C6H4F7IO",351.919510288,"OCC(I)=CC(F)(C(F)(F)F)C(F)(F)F"
"DTXSID60896345","CAS_RN: 74405-85-9","RLXXVOHIWNLLHP-UHFFFAOYSA-N","C7H5F7O3",270.01269156,"CCOC(=O)C(=O)C(F)(C(F)(F)F)C(F)(F)F"
"","CAS_RN: 192212-66-1","RMDIHFFKXXTNGQ-UHFFFAOYSA-N","C27H17F39Sn",1201.972945824,"C=C[CH2][Sn]([CH2]CC(F)(F)C(F)(F)C(F)(F)C(F)(F)C(F)(F)C(F)(F)F)([CH2]CC(F)(F)C(F)(F)C(F)(F)C(F)(F)C(F)(F)C(F)(F)F)[CH2]CC(F)(F)C(F)(F)C(F)(F)C(F)(F)C(F)(F)C(F)(F)F"
"DTXSID00226440","CAS_RN: 755-25-9","RMHCWMIZBMGHKV-UHFFFAOYSA-N","C6F12",299.98083864,"FC(F)=C(F)C(F)(F)C(F)(F)C(F)(F)C(F)(F)F"
"",NA,"RMKCRAOZAOYBKQ-UHFFFAOYSA-O","C11H16F9N2O4S",443.068706972,"C[N+](C)(CCCNS(=O)(=O)C(F)(F)C(F)(F)C(F)(F)C(F)(F)F)CC(=O)O"
"DTXSID4074932","CAS_RN: 756-13-8","RMLFHPWPTXWZNJ-UHFFFAOYSA-N","C6F12O",315.97575326,"O=C(C(F)(F)C(F)(F)F)C(F)(C(F)(F)F)C(F)(F)F"
"DTXSID50895302","CAS_RN: 38550-36-6","RMLPULXLJZBQLW-UHFFFAOYSA-N","C13H6F21I",687.917890812,"CC(I)CC(F)(F)C(F)(F)C(F)(F)C(F)(F)C(F)(F)C(F)(F)C(F)(F)C(F)(F)C(F)(F)C(F)(F)F"
"DTXSID90895482","CAS_RN: 1228093-93-3","RMPCIELYPPBFNC-UHFFFAOYSA-N","C30H33F29",944.211919436,"CCCCCCCCCCCCCCCCC(F)(F)C(F)(F)C(F)(F)C(F)(F)C(F)(F)C(F)(F)C(F)(F)C(F)(F)C(F)(F)C(F)(F)C(F)(F)C(F)(F)C(F)(F)C(F)(F)F"
"","CAS_RN: 52166-82-2","OWBYGXNKMFLAMD-UHFFFAOYSA-N","C12H16F13N2O2S",499.072490612,"C[N+](C)(C)CCCNS(=O)(=O)C(F)(F)C(F)(F)C(F)(F)C(F)(F)C(F)(F)C(F)(F)F"
"DTXSID6071370","CAS_RN: 68298-08-8","RMTNCHPOOXNCQZ-UHFFFAOYSA-N","C12H8F11NO2S",439.010009916,"O=S(=O)(NCc1ccccc1)C(F)(F)C(F)(F)C(F)(F)C(F)(F)C(F)(F)F"
"DTXSID80889315","CAS_RN: 1646599-70-3","RNEZGUURLCNROK-UHFFFAOYSA-N","C7F12O",327.97575326,"O=C(F)C1(F)C(F)(F)C(F)(F)C(F)(C(F)(F)F)C1(F)F"
"DTXSID50470118","CAS_RN: 96305-13-4","RNFSBWUZJHUNCA-UHFFFAOYSA-N","C14H15F17O3Si",582.05190061,"CCO[Si](OCC)(OCC)C(F)(F)C(F)(F)C(F)(F)C(F)(F)C(F)(F)C(F)(F)C(F)(F)C(F)(F)F"
"DTXSID30241126","CAS_RN: 93857-43-3","VHQPVCVRRDZXSW-UHFFFAOYSA-N","C19H6F35O4P",993.944483002,"O=P(O)(O)OCCC(F)(F)C(F)(F)C(F)(F)C(F)(F)C(F)(F)C(F)(F)C(F)(F)C(F)(F)C(F)(F)C(F)(F)C(F)(F)C(F)(F)C(F)(F)C(F)(F)C(F)(C(F)(F)F)C(F)(F)F"
"","CAS_RN: 1244062-14-3","RNUFZQIMZNISDJ-FOCLMDBBSA-N","C32H31F33",1042.189882252,"CCCCCCCCCCCCCC/C=C/C(F)(F)C(F)(F)C(F)(F)C(F)(F)C(F)(F)C(F)(F)C(F)(F)C(F)(F)C(F)(F)C(F)(F)C(F)(F)C(F)(F)C(F)(F)C(F)(F)C(F)(F)C(F)(F)F"
"DTXSID60896269","CAS_RN: 346637-99-8","RNWIQELODLHLDL-UHFFFAOYSA-N","C19H16F7N3",419.123245052,"CC(C)(C)c1cc(C(F)(F)C(F)(F)C(F)(F)F)n2nc(-c3ccccc3)cc2n1"
"DTXSID80895299","CAS_RN: 57216-88-3","ROBJGVIBSNEVQR-UHFFFAOYSA-N","C13H4F23I",723.899047188,"FC(F)(F)C(F)(F)C(F)(F)C(F)(F)C(F)(F)C(F)(F)C(F)(F)C(F)(F)C(F)(F)C(F)(F)C(F)(F)CCI"
"DTXSID20896482","CAS_RN: 67710-48-9","RODHNODFUBONAV-UHFFFAOYSA-N","C4H2F7NO2",228.997375844,"NC(=O)C(F)(OC(F)(F)F)C(F)(F)F"
"DTXSID30520382","CAS_RN: 89965-72-0","ROHDSIATPNZYDZ-UHFFFAOYSA-N","C12H5F7O",298.02286232,"O=C(C#CC(F)(F)C(F)(F)C(F)(F)F)c1ccccc1"
"DTXSID20880942","CAS_RN: 69661-30-9","ROKBKBIVJKPRAG-UHFFFAOYSA-N","C10F20O",515.96297902,"FC(F)(F)C(F)(F)C1(C(F)(F)F)C(F)(C(F)(F)F)OC(F)(C(F)(F)F)C1(F)C(F)(F)F"
"","CAS_RN: 68140-21-6","ROKKEEDUUQVHFZ-UHFFFAOYSA-N","C10H7F15S",444.002894524,"FC(F)(F)C(F)(F)C(F)(F)C(F)(F)CC(F)(F)C(F)(F)C(F)(F)CCS"
"","CAS_RN: 93776-13-7","RONIKGBQXOKGOO-UHFFFAOYSA-O","C21H24F21N2O3",751.145160248,"C[N+](C)(CCCNCC(O)CC(F)(F)C(F)(F)C(F)(F)C(F)(F)C(F)(F)C(F)(F)C(F)(F)C(F)(F)C(F)(F)C(F)(F)F)CCC(=O)O"
"DTXSID50382141","CAS_RN: 755-40-8","ROTSWXZIBBJEPH-UHFFFAOYSA-N","C5H5F7O",214.02286232,"OCCC(F)(F)C(F)(F)C(F)(F)F"
"DTXSID40880489","CAS_RN: 57678-07-6","ROUGOWJCVFOXHO-UHFFFAOYSA-N","C14H6F25O4P",743.960450802,"O=P(O)(O)OCCC(F)(F)C(F)(F)C(F)(F)C(F)(F)C(F)(F)C(F)(F)C(F)(F)C(F)(F)C(F)(F)C(F)(F)C(F)(F)C(F)(F)F"
"DTXSID40188992","CAS_RN: 355-04-4","ROVMKEZVKFJNBD-UHFFFAOYSA-N","C6F14",337.97764508,"FC(F)(F)C(F)(F)C(F)(F)C(F)(C(F)(F)F)C(F)(F)F"
"DTXSID40895679","CAS_RN: 464-35-7","ROYKRYNSWXSKBV-UHFFFAOYSA-N","C8H3F11O2",339.995739756,"C=COC(=O)C(F)(F)C(F)(F)C(F)(F)C(F)(F)C(F)(F)F"
"DTXSID70895561","CAS_RN: 53638-14-5","RPCHUJWKTVLPOH-UHFFFAOYSA-N","C14H3F25",645.983555596,"FC(=CCC(F)(F)C(F)(F)C(F)(F)C(F)(F)F)C(F)(F)C(F)(F)C(F)(F)C(F)(F)C(F)(F)C(F)(F)C(F)(F)F"
"DTXSID40379904","CAS_RN: 16083-81-1","RPDBRTLKDYJCCE-UHFFFAOYSA-N","C14H11F15O3",512.046867512,"C=C(C)C(=O)OCC(O)CC(F)(F)C(F)(F)C(F)(F)C(F)(F)C(F)(C(F)(F)F)C(F)(F)F"
"DTXSID50895443","CAS_RN: 1274722-59-6","RPDYMBHOOYCGKA-UHFFFAOYSA-N","C10H6F13N",387.029266052,"CC(C#N)CC(F)(F)C(F)(F)C(F)(F)C(F)(F)C(F)(F)C(F)(F)F"
"DTXSID00896728","CAS_RN: 518358-34-4","RPEOQCBWVUKKRF-UHFFFAOYSA-N","C20H3F25NP",762.960391226,"Fc1c(F)c(F)c(P(NCC(F)(F)C(F)(F)C(F)(F)C(F)(F)C(F)(F)C(F)(F)C(F)(F)F)c2c(F)c(F)c(F)c(F)c2F)c(F)c1F"
"DTXSID40880484","CAS_RN: 55154-18-2","RPIANCZCOWLFSM-UHFFFAOYSA-N","C20HF41O6",1115.911844772,"FC(OC(F)(F)C(F)(OC(F)(F)C(F)(OC(F)(F)C(F)(OC(F)(F)C(F)(OC(F)(F)C(F)(OC(F)(F)C(F)(F)C(F)(F)F)C(F)(F)F)C(F)(F)F)C(F)(F)F)C(F)(F)F)C(F)(F)F)C(F)(F)F"
"DTXSID40880601","CAS_RN: 68298-73-7","RPJIZRHOCVMSSZ-UHFFFAOYSA-N","C27H28F15N3O8S",839.135759156,"C=C(C)C(=O)OCC(C)OC(=O)Nc1cc(NC(=O)OCCN(CC)S(=O)(=O)C(F)(F)C(F)(F)C(F)(F)C(F)(F)C(F)(F)C(F)(F)C(F)(F)F)ccc1C"
"DTXSID90896575","CAS_RN: 1882109-65-0","RPJPRDHJIVARDS-UHFFFAOYSA-N","C8HF15O2",413.973702572,"O=C(O)C(F)(C(F)(F)C(F)(F)F)C(F)(F)C(F)(C(F)(F)F)C(F)(F)F"
"DTXSID40895417","CAS_RN: 13105-46-9","RPPYLFHZJAFBAV-UHFFFAOYSA-N","C16H14F18I2",801.889754408,"FC(F)(F)C(F)(F)C(F)(F)C(F)(F)CC(I)CCCCC(I)CC(F)(F)C(F)(F)C(F)(F)C(F)(F)F"
"DTXSID80573540","CAS_RN: 346662-93-9","RPVHAQMBUQOLBM-UHFFFAOYSA-N","C5F10O2",281.97386144,"FC(F)=C(F)OC(F)(F)OC(F)(F)C(F)(F)F"
"DTXSID70896452","CAS_RN: 346575-66-4","RQHAMRNZYANQPH-UHFFFAOYSA-N","C18H9F7INO2",530.956624068,"Cc1cc(C(F)(C(F)(F)F)C(F)(F)F)ccc1N1C(=O)c2cccc(I)c2C1=O"
"DTXSID30896211","CAS_RN: 1440968-37-5","RQHMHZYWBYYODV-UHFFFAOYSA-N","C11H12F9NO3S",409.039418224,"O=C(NS(=O)(=O)C(F)(F)C(F)(F)C(F)(F)C(F)(F)F)C1CCCCC1"
"DTXSID80896120","CAS_RN: 550302-16-4","RQKFJVQTGLVHSH-UHFFFAOYSA-N","C11H8F7NO2",319.044326036,"COc1cccc(NC(=O)C(F)(F)C(F)(F)C(F)(F)F)c1"
"DTXSID60897478","CAS_RN: 1137678-56-8","RQKLFAUYYSRELR-UHFFFAOYSA-N","C16H16F7NO3S2",467.045982912,"COC(=O)C(C)(C(C)c1csc(C#N)c1)S(=O)CCC(F)(F)C(F)(F)C(F)(F)F"
"",NA,"RQLWDNRVJUKIHI-UHFFFAOYSA-N","C15H18F15NO5S",609.066616976,"CCN(CCOCCOCCO)S(=O)(=O)C(F)(F)C(F)(F)C(F)(F)C(F)(F)C(F)(F)C(F)(F)C(F)(F)F"
"DTXSID60895398","CAS_RN: 677324-30-0","RQMJRNGTYOKIPQ-UHFFFAOYSA-N","C21H19F25",746.108756108,"CCCCCCCCCC(F)(F)C(F)(F)C(F)(F)C(F)(F)C(F)(F)C(F)(F)C(F)(F)C(F)(F)C(F)(F)C(F)(F)C(F)(F)C(F)(F)F"
"",NA,"RQOPDGZXDCPYQP-UHFFFAOYSA-N","C18H18F18O2",608.101937776,"O=C(O)C(F)(F)CC(F)(F)CC(F)(F)CC(F)(F)CC(F)(F)CC(F)(F)CC(F)(F)CC(F)(F)CC(F)F"
"",NA,"RQUDEQDAMNFULP-UHFFFAOYSA-N","C32H45F21O11",1004.26265488,"OCCOCCOCCOCCOCCOCCOCCOCCOCCOCCOCCC(F)(F)C(F)(F)C(F)(F)C(F)(F)C(F)(F)C(F)(F)C(F)(F)C(F)(F)C(F)(F)C(F)(F)F"
"DTXSID40895275","CAS_RN: 269394-08-3","RQVWCCCEFXMBKB-UHFFFAOYSA-N","C9H11F9O",306.066618952,"CC(C)(O)CCC(F)(F)C(F)(F)C(F)(F)C(F)(F)F"
"DTXSID80896403","CAS_RN: 20017-48-5","RRBUNXWAKOHOQD-UHFFFAOYSA-N","C9H3F10NO",331.005495916,"COc1nc(F)c(F)c(C(F)(C(F)(F)F)C(F)(F)F)c1F"
"DTXSID80897475","CAS_RN: 1363391-48-3","RRBZUUUVOKHTLH-UHFFFAOYSA-N","C20H19F13N2O2",566.123894708,"OC(COCCC(F)(F)C(F)(F)C(F)(F)C(F)(F)C(F)(F)C(F)(F)F)CN1CCN=C1c1ccccc1"
"DTXSID40379924","CAS_RN: 77893-60-8","RRFHTSQSIQEIHY-UHFFFAOYSA-N","C9H5F13O",376.01328164,"CC(=O)CC(F)(F)C(F)(F)C(F)(F)C(F)(F)C(F)(F)C(F)(F)F"
"DTXSID00881356","CAS_RN: 53281-37-1","RRGASYCLEKMGFM-UHFFFAOYSA-N","C11HCl6F15O2",659.786818652,"O=C(O)C(F)(F)C(F)(Cl)C(F)(F)C(F)(Cl)C(F)(F)C(F)(Cl)C(F)(F)C(F)(Cl)C(F)(F)C(F)(Cl)Cl"
"DTXSID30896135","CAS_RN: 111216-49-0","RRKXDRWEKLMWMD-UHFFFAOYSA-N","C11H7ClF7NO",337.010439064,"Cc1ccc(NC(=O)C(F)(F)C(F)(F)C(F)(F)F)cc1Cl"
"",NA,"RROPBNJOTUKBHE-UHFFFAOYSA-O","C14H13F17NO2",550.067483396,"C[N+](C)(CCC(F)(F)C(F)(F)C(F)(F)C(F)(F)C(F)(F)C(F)(F)C(F)(F)C(F)(F)F)CC(=O)O"
"DTXSID20379886","CAS_RN: 31200-98-3","RRPJMPARBFYNMD-UHFFFAOYSA-N","C11H5F19O",514.00370096,"OCCC(F)(F)C(F)(F)C(F)(F)C(F)(F)C(F)(F)C(F)(F)C(F)(C(F)(F)F)C(F)(F)F"
"",NA,"RRRKUEQTSCNVJD-UHFFFAOYSA-N","C13H20F10O8P2S2",619.99151506,"O=P(O)(O)OCC(COP(=O)(O)O)(CSCCC(F)(F)C(F)(F)F)CSCCC(F)(F)C(F)(F)F"
"DTXSID3038939","CAS_RN: 754-91-6","RRRXPPIDPYTNJG-UHFFFAOYSA-N","C8H2F17NO2S",498.953479044,"NS(=O)(=O)C(F)(F)C(F)(F)C(F)(F)C(F)(F)C(F)(F)C(F)(F)C(F)(F)C(F)(F)F"
"DTXSID20767880","CAS_RN: 130192-28-8","RRVJDNIZJSRAIP-UHFFFAOYSA-N","C8H4F7NO2",279.013025908,"C=C(C#N)C(=O)OCC(F)(F)C(F)(F)C(F)(F)F"
"DTXSID30896332","CAS_RN: 1097631-01-0","RRZDHOAZQMLOTR-UHFFFAOYSA-N","C7H7F7OS",272.010583384,"CC(=O)SCCC(F)(C(F)(F)F)C(F)(F)F"
"DTXSID7040150","CAS_RN: 3871-99-6","QZHDEAJFRJCDMF-UHFFFAOYSA-N","C6HF13O3S",399.943881752,"O=S(=O)(O)C(F)(F)C(F)(F)C(F)(F)C(F)(F)C(F)(F)C(F)(F)F"
"DTXSID00896602","CAS_RN: 1812247-17-8","RSKSDKSQFDVCFE-UHFFFAOYSA-N","C8HF15O2",413.973702572,"O=C(O)C(C(F)(F)F)(C(F)(F)F)C(F)(F)C(F)(F)C(F)(F)C(F)(F)F"
"DTXSID20896144","CAS_RN: 110388-02-8","RSSYTIJSFBLSQT-UHFFFAOYSA-N","C12H10F15NO3",501.04211648,"O=C(NCCOCCO)C(F)(F)C(F)(F)C(F)(F)C(F)(F)C(F)(F)C(F)(F)C(F)(F)F"
"DTXSID20595367","CAS_RN: 88951-28-4","RSWLJPUDHSYLBQ-UHFFFAOYSA-N","C14H11F15O2",496.051952892,"O=C(O)C1CCC(C(F)(F)C(F)(F)C(F)(F)C(F)(F)C(F)(F)C(F)(F)C(F)(F)F)CC1"
"DTXSID40895755","CAS_RN: 129560-98-1","RSYKFXGHVDVTCH-UHFFFAOYSA-N","C12H9F9O2",356.045883508,"Oc1ccc(OCCC(F)(F)C(F)(F)C(F)(F)C(F)(F)F)cc1"
"DTXSID80887674","CAS_RN: 69804-18-8","RSZYMGFUGQKOOL-UHFFFAOYSA-N","C8H2F13NO3",406.982709784,"NC(=O)C(F)(F)C(F)(F)OC(F)(C(F)(F)F)C(F)(F)OC(F)=C(F)F"
"DTXSID10205721","CAS_RN: 57101-59-4","RTAZGRONMASOMW-UHFFFAOYSA-N","C30F57N3",1484.91820554,"FC(F)(F)C(F)(F)C(F)(F)C(F)(F)C(F)(F)C(F)(F)C(F)(F)C(F)(F)C(F)(F)c1nc(C(F)(F)C(F)(F)C(F)(F)C(F)(F)C(F)(F)C(F)(F)C(F)(F)C(F)(F)C(F)(F)F)nc(C(F)(F)C(F)(F)C(F)(F)C(F)(F)C(F)(F)C(F)(F)C(F)(F)C(F)(F)C(F)(F)F)n1"
"DTXSID20895399","CAS_RN: 677324-31-1","RTCMPAJWKUGKPP-UHFFFAOYSA-N","C23H23F25",774.140056236,"CCCCCCCCCCCC(F)(F)C(F)(F)C(F)(F)C(F)(F)C(F)(F)C(F)(F)C(F)(F)C(F)(F)C(F)(F)C(F)(F)C(F)(F)C(F)(F)F"
"DTXSID20459495","CAS_RN: 38436-17-8","RTGGFPLAKRCINA-UHFFFAOYSA-N","C6H5F9",248.02475414,"CCC(F)(F)C(F)(F)C(F)(F)C(F)(F)F"
"DTXSID70699223","CAS_RN: 58253-65-9","RTJMWSSYXGAREM-UHFFFAOYSA-N","C16H5F17O3",567.99672376,"O=C(O)c1ccc(OC(F)=C(F)C(F)(F)C(F)(F)C(F)(F)C(F)(F)C(F)(F)C(F)(F)C(F)(F)F)cc1"
"DTXSID80865199","CAS_RN: 25268-77-3","RTJZWOGSCLVJLD-UHFFFAOYSA-N","C14H10F17NO4S",611.00590854,"C=CC(=O)OCCN(C)S(=O)(=O)C(F)(F)C(F)(F)C(F)(F)C(F)(F)C(F)(F)C(F)(F)C(F)(F)C(F)(F)F"
"DTXSID30172360","CAS_RN: 57677-98-2","FHENBBPEACDTCF-UHFFFAOYSA-N","C24H9F42O4P",1189.956780638,"O=P(O)(OCCC(F)(F)C(F)(F)C(F)(F)C(F)(F)C(F)(F)C(F)(F)C(F)(F)C(F)(F)C(F)(F)C(F)(F)F)OCCC(F)(F)C(F)(F)C(F)(F)C(F)(F)C(F)(F)C(F)(F)C(F)(F)C(F)(F)C(F)(F)C(F)(F)F"
"DTXSID00395302","CAS_RN: 284472-92-0","RTNPUWLBWXIECX-UHFFFAOYSA-N","C42H12F51P",1515.986226234,"FC(F)(F)C(F)(F)C(F)(F)C(F)(F)C(F)(F)C(F)(F)C(F)(F)C(F)(F)c1ccc(P(c2ccc(C(F)(F)C(F)(F)C(F)(F)C(F)(F)C(F)(F)C(F)(F)C(F)(F)C(F)(F)F)cc2)c2ccc(C(F)(F)C(F)(F)C(F)(F)C(F)(F)C(F)(F)C(F)(F)C(F)(F)C(F)(F)F)cc2)cc1"
"DTXSID601019189","CAS_RN: 1158182-59-2","RTWBXVKDNXSYBW-UHFFFAOYSA-N","C14H9F22O4P",689.988716238,"O=P(O)(OCCC(F)(F)C(F)(F)C(F)(F)C(F)(F)F)OCCC(F)(F)C(F)(F)C(F)(F)C(F)(F)C(F)(F)C(F)(F)F"
"DTXSID80896286","CAS_RN: 1033630-69-1","RUBJGSLXONDMLG-RRKCRQDMSA-N","C12H11F7N2O5",396.055618992,"O=c1[nH]c(=O)n([C@H]2C[C@H](O)[C@@H](CO)O2)cc1C(F)(F)C(F)(F)C(F)(F)F"
"DTXSID30895628","CAS_RN: 153817-18-6","RUCXHAOMVXFEPD-UHFFFAOYSA-N","C9HF11",317.990260452,"Fc1cc(F)c(F)c(C(F)(F)C(F)(F)C(F)(F)F)c1F"
"DTXSID3059921","CAS_RN: 376-06-7","RUDINRUXCKIXAJ-UHFFFAOYSA-N","C14HF27O2",713.954541212,"O=C(O)C(F)(F)C(F)(F)C(F)(F)C(F)(F)C(F)(F)C(F)(F)C(F)(F)C(F)(F)C(F)(F)C(F)(F)C(F)(F)C(F)(F)C(F)(F)F"
"DTXSID5063235","CAS_RN: 3934-23-4","RUEKTOVLVIXOHT-UHFFFAOYSA-N","C12H7F15O2",468.020652764,"C=C(C)C(=O)OCC(F)(F)C(F)(F)C(F)(F)C(F)(F)C(F)(F)C(F)(F)C(F)(F)F"
"DTXSID80896069","CAS_RN: 73782-58-8","RUESXSNSDAABBG-UHFFFAOYSA-N","C15H8F15NO2",519.031551796,"O=C(O)c1ccc(NCC(F)(F)C(F)(F)C(F)(F)C(F)(F)C(F)(F)C(F)(F)C(F)(F)F)cc1"
"DTXSID9059917","CAS_RN: 375-62-2","RUFSXELMOQBMOF-UHFFFAOYSA-N","C5F10O",265.97894682,"O=C(F)C(F)(F)C(F)(F)C(F)(F)C(F)(F)F"
"DTXSID90895523","CAS_RN: 25264-81-7","RUGWGAKEPDIGRV-UHFFFAOYSA-N","C7H3F13N2",362.008864956,"N=C(N)C(F)(F)C(F)(F)C(F)(F)C(F)(F)C(F)(F)C(F)(F)F"
"","CAS_RN: 162682-16-8","RUIVGYDYVAXAHW-UHFFFAOYSA-N","C7H6F11NO2S",376.994359852,"CCNS(=O)(=O)C(F)(F)C(F)(F)C(F)(F)C(F)(F)C(F)(F)F"
"DTXSID20896381","CAS_RN: 80384-59-4","RUKXKUXHBRQYLK-UHFFFAOYSA-N","C7H3F7N2O2",280.008274876,"O=c1[nH]cc(C(F)(C(F)(F)F)C(F)(F)F)c(=O)[nH]1"
"","CAS_RN: 356056-16-1","RUODWQBAJXCKCP-UHFFFAOYSA-N","C18H19F21Si",662.092069758,"CC(C)[SiH](CCC(F)(F)C(F)(F)C(F)(F)C(F)(F)C(F)(F)C(F)(F)C(F)(F)C(F)(F)C(F)(F)C(F)(F)F)C(C)C"
"DTXSID90338647","CAS_RN: 79272-26-7","RUVAVKKRUIZRRS-UHFFFAOYSA-N","C8H3F13",346.002716956,"C=CC(C(F)(F)F)(C(F)(F)F)C(F)(F)C(F)(F)C(F)(F)F"
"DTXSID90895442","CAS_RN: 176979-19-4","RUVGQMKKVSGKLP-UHFFFAOYSA-N","C26H36F17I",798.159028892,"CCCCCCCCCCCCCCCCC(I)CC(F)(F)C(F)(F)C(F)(F)C(F)(F)C(F)(F)C(F)(F)C(F)(F)C(F)(F)F"
"DTXSID70759755","CAS_RN: 95842-02-7","RVFUYJVYFFEUCR-UHFFFAOYSA-N","C5F12O2",319.97066788,"FC(F)(F)OC(F)(F)C(F)(OC(F)(F)F)C(F)(F)F"
"",NA,"RVHQHGGGLCXAAC-UHFFFAOYSA-N","C40H61F21O15",1180.367513872,"OCCOCCOCCOCCOCCOCCOCCOCCOCCOCCOCCOCCOCCOCCOCCC(F)(F)C(F)(F)C(F)(F)C(F)(F)C(F)(F)C(F)(F)C(F)(F)C(F)(F)C(F)(F)C(F)(F)F"
"DTXSID90723993","CAS_RN: 39492-91-6","RVMKCACFKFAJPS-UHFFFAOYSA-N","C6HF11O6",377.959748172,"O=C(O)C(F)(F)OC(F)(F)OC(F)(F)OC(F)(F)OC(F)(F)F"
"",NA,"RVODMNZNWMCSJP-UHFFFAOYSA-N","C8H2F16O4S",497.941831064,"O=S(=O)(O)C(F)(F)C(F)(F)OC(F)(F)C(F)(F)C(F)(F)C(F)(F)C(F)(F)C(F)F"
"DTXSID80218808","CAS_RN: 6866-58-6","RVOKGYWHSLJNQR-UHFFFAOYSA-N","C10H4ClF7N2",319.995123348,"FC(F)(F)C(F)(F)C(F)(F)c1nc2ccc(Cl)cc2[nH]1"
"DTXSID90895265","CAS_RN: 1835255-38-3","RVPRLHLWDOJBHQ-UHFFFAOYSA-N","C12H4F22",565.996170968,"FC(F)(F)C(F)(F)C(F)(F)C(F)(F)C(F)(F)CCC(F)(F)C(F)(F)C(F)(F)C(F)(F)C(F)(F)F"
"",NA,"RVVWOEGMAPPRRS-UHFFFAOYSA-O","C17H28F11N2O8S2",661.111143276,"C[N+](C)(CCC(CO)N(CCCS(=O)(=O)O)S(=O)(=O)C(F)(F)C(F)(F)C(F)(F)C(F)(F)C(F)(F)F)CC(O)CO"
"DTXSID3031862","CAS_RN: 423-47-2","PXUULQAPEKKVAH-UHFFFAOYSA-N","C6HF11O2",313.980089692,"O=C(O)C(F)(F)C(F)(F)C(F)(F)C(F)(F)C(F)(F)F"
"DTXSID0027141","CAS_RN: 311-89-7","RVZRBWKZFJCCIB-UHFFFAOYSA-N","C12F27N",670.95996094,"FC(F)(F)C(F)(F)C(F)(F)C(F)(F)N(C(F)(F)C(F)(F)C(F)(F)C(F)(F)F)C(F)(F)C(F)(F)C(F)(F)C(F)(F)F"
"DTXSID20895677","CAS_RN: 37858-03-0","RWFSINLLADOLPV-UHFFFAOYSA-N","C10H7F13O2",406.023846324,"CC(=O)OCCC(F)(F)C(F)(F)C(F)(F)C(F)(F)C(F)(F)C(F)(F)F"
"DTXSID10379835","CAS_RN: 423-49-4","RWJCANHSJXNRDM-UHFFFAOYSA-N","C7H4F13N",349.013615988,"NCC(F)(F)C(F)(F)C(F)(F)C(F)(F)C(F)(F)C(F)(F)F"
"","CAS_RN: 31841-41-5","RWLNANRAXMBRET-UHFFFAOYSA-N","C15H17F17NO2",566.098783524,"C[N+](CCO)(CCO)CCC(F)(F)C(F)(F)C(F)(F)C(F)(F)C(F)(F)C(F)(F)C(F)(F)C(F)(F)F"
"DTXSID80896029","CAS_RN: 924894-11-1","RWORWXDIJRECQZ-UHFFFAOYSA-N","C16H2F32O3S",881.921367964,"O=S(=O)(OCC(F)(F)C(F)(F)C(F)(F)C(F)(F)C(F)(F)C(F)(F)C(F)(F)C(F)(F)C(F)(F)C(F)(F)C(F)(F)F)C(F)(F)C(F)(F)C(F)(F)C(F)(F)F"
"DTXSID10548701","CAS_RN: 32687-76-6","RWRPNOCBTYVGOR-UHFFFAOYSA-N","C14H2F24O4",689.956985824,"O=C(OOC(=O)C(F)(F)C(F)(F)C(F)(F)C(F)(F)C(F)(F)C(F)F)C(F)(F)C(F)(F)C(F)(F)C(F)(F)C(F)(F)C(F)F"
"DTXSID00371601","CAS_RN: 335-48-8","RWWUGYJWSVESJC-UHFFFAOYSA-N","C4Br2F8",357.82389996,"FC(F)(Br)C(F)(F)C(F)(F)C(F)(F)Br"
"DTXSID40896560","CAS_RN: 133384-08-4","RWWWNJUOBCWSJO-UHFFFAOYSA-N","C17H15F11N4O",500.10702152,"FC(F)(F)C(F)(OC(F)(F)C(F)(F)C(F)(F)F)C(N1CCCCC1)n1nnc2ccccc21"
"","CAS_RN: 89685-61-0","AKGRMFPMFPLGPZ-UHFFFAOYSA-N","C13H12F15NO4S",563.024752164,"CCN(CCCS(=O)(=O)O)C(=O)C(F)(F)C(F)(F)C(F)(F)C(F)(F)C(F)(F)C(F)(F)C(F)(F)F"
"DTXSID40895497","CAS_RN: 277332-95-3","RXRYHOSPFTYBRA-UHFFFAOYSA-N","C6H5F7O3",258.01269156,"COC(=O)OCC(F)(F)C(F)(F)C(F)(F)F"
"DTXSID10456372","CAS_RN: 58671-28-6","RXUXOXUTRBXSOE-UHFFFAOYSA-N","C8H3F9N2O2",330.005081316,"O=c1[nH]cc(C(F)(F)C(F)(F)C(F)(F)C(F)(F)F)c(=O)[nH]1"
"DTXSID90180087","CAS_RN: 25431-45-2","RXZWAMINHJDYKW-UHFFFAOYSA-N","C9H3F15",395.999523396,"C=CC(F)(F)C(F)(F)C(F)(F)C(F)(F)C(F)(F)C(F)(F)C(F)(F)F"
"DTXSID80895754","CAS_RN: 75668-27-8","RXZZJNFYVKKCJW-UHFFFAOYSA-N","C9H12F7NO",283.080711544,"CCCCCNC(=O)C(F)(F)C(F)(F)C(F)(F)F"
"DTXSID70851006","CAS_RN: 52450-55-2","RYMFLNQDHZXPER-UHFFFAOYSA-N","C10H13F7O",282.085462576,"CC1CCC(C(F)(C(F)(F)F)C(F)(F)F)C(O)C1"
"DTXSID80897152","CAS_RN: 204922-38-3","RYMJFSVRYUFPPM-UHFFFAOYSA-N","C30H26F34N2O2",1092.145137552,"O=C(NCCCCCCCCCCCCNC(=O)C(F)(F)C(F)(F)C(F)(F)C(F)(F)C(F)(F)C(F)(F)C(F)(F)C(F)(F)F)C(F)(F)C(F)(F)C(F)(F)C(F)(F)C(F)(F)C(F)(F)C(F)(F)C(F)(F)F"
"",NA,"RYOZFMRMUKKBCI-UHFFFAOYSA-N","C10HF19O3S",561.934301072,"O=S(=O)(O)C(F)(F)C(F)(F)C(F)(F)C(F)(F)C(F)(F)C(F)(F)C(F)(F)C(F)=C(F)C(F)(F)F"
"DTXSID70896134","CAS_RN: 70414-01-6","RYQZIXCMWPWVAD-UHFFFAOYSA-N","C14H10F11NO",417.05867436,"O=C(NCCc1ccccc1)C(F)(F)C(F)(F)C(F)(F)C(F)(F)C(F)(F)F"
"DTXSID00469991","CAS_RN: 75180-14-2","RYSDCNCCQRHRHH-UHFFFAOYSA-N","C7HF13",331.987066892,"FC=C(F)C(F)(F)C(F)(F)C(F)(F)C(F)(F)C(F)(F)F"
"DTXSID90894132","CAS_RN: 1911606-13-7","RZBHYDQKJKDSNP-UHFFFAOYSA-N","C15H18F13NO6S2",619.036796156,"CC(C)(CS(=O)(=O)O)NC(=O)CCS(=O)(=O)CCC(F)(F)C(F)(F)C(F)(F)C(F)(F)C(F)(F)C(F)(F)F"
"DTXSID3070888","CAS_RN: 67939-96-2","RZDRSPQHQWHCKI-UHFFFAOYSA-N","C14H12F15NO4S",575.024752164,"C=C(C)C(=O)OCCN(C)S(=O)(=O)C(F)(F)C(F)(F)C(F)(F)C(F)(F)C(F)(F)C(F)(F)C(F)(F)F"
"DTXSID10840171","CAS_RN: 813-06-9","RZGXSYUEDNRGNQ-UHFFFAOYSA-N","C7H5F7O2",254.01777694,"COC(=O)C=CC(F)(F)C(F)(F)C(F)(F)F"
"",NA,"RZGYAHZLGBLHKH-UHFFFAOYSA-N","C15H9F21O2S",651.998793148,"O=C(O)CCSCCC(F)(F)C(F)(F)C(F)(F)C(F)(F)C(F)(F)C(F)(F)C(F)(F)C(F)(F)C(F)(F)C(F)(F)F"
"DTXSID90895225","CAS_RN: 423-43-8","RZSGRGYAFDNPBL-UHFFFAOYSA-N","C7H9F7O",242.054162448,"CCC(C)(O)C(F)(F)C(F)(F)C(F)(F)F"
"DTXSID70895228","CAS_RN: 1464148-69-3","RZXNATDVPGMVHV-UHFFFAOYSA-N","C10H12F9I",429.984002364,"CC(C)(C)C(I)CC(F)(F)C(F)(F)C(F)(F)C(F)(F)F"
"DTXSID301015590",NA,"RZXRFBVDLRTOQW-UHFFFAOYSA-N","C11H2F18O4",539.966566504,"O=C(O)C(F)(F)C(F)(F)C(F)(F)C(F)(F)C(F)(F)C(F)(F)C(F)(F)C(F)(F)C(F)(F)C(=O)O"
"",NA,"RZXVVGDDDOAQKE-UHFFFAOYSA-N","C15H19F13N2OS",522.101051088,"CN(C)CCCNC(=O)CSCCC(F)(F)C(F)(F)C(F)(F)C(F)(F)C(F)(F)C(F)(F)F"
"DTXSID20893370","CAS_RN: 231630-88-9","RZZCMOKELUIWLJ-UHFFFAOYSA-N","C20HF35N2O",949.953000352,"O=C(n1nc(C(F)(F)C(F)(F)C(F)(F)C(F)(F)C(F)(F)C(F)(F)F)cc1C(F)(F)C(F)(F)C(F)(F)C(F)(F)C(F)(F)C(F)(F)F)C(F)(F)C(F)(F)C(F)(F)C(F)(F)F"
"DTXSID8031863","CAS_RN: 95682-66-9","UZUFPBIDKMEQEQ-UHFFFAOYSA-N","C9HF17O2",463.970509012,"O=C(O)C(F)(F)C(F)(F)C(F)(F)C(F)(F)C(F)(F)C(F)(F)C(F)(F)C(F)(F)F"
"",NA,"SAAUMNRGHWWJAY-UHFFFAOYSA-N","C12H22F7N2O5S",439.113765344,"C[N+](C)(CCC(CO)NS(=O)(=O)C(F)(F)C(F)(F)C(F)(F)F)CC(O)CO"
"DTXSID60896522","CAS_RN: 167631-99-4","SAETUWCYSIJUEM-UHFFFAOYSA-N","C21H3F41O7",1145.922409456,"OCC(F)(OC(F)(F)C(F)(OC(F)(F)C(F)(OC(F)(F)C(F)(OC(F)(F)C(F)(OC(F)(F)C(F)(OC(F)(F)C(F)(F)C(F)(F)F)C(F)(F)F)C(F)(F)F)C(F)(F)F)C(F)(F)F)C(F)(F)F)C(F)(F)F"
"DTXSID60379901","CAS_RN: 50836-66-3","SAIYGCOTLRCBJP-UHFFFAOYSA-N","C13H9F15O2",482.036302828,"C=C(C)C(=O)OCCC(F)(F)C(F)(F)C(F)(F)C(F)(F)C(F)(C(F)(F)F)C(F)(F)F"
"",NA,"SALFKFAUHVWLMP-UHFFFAOYSA-O","C13H16F13N2O4S",543.062319852,"C[N+](C)(CCCNS(=O)(=O)C(F)(F)C(F)(F)C(F)(F)C(F)(F)C(F)(F)C(F)(F)F)CC(=O)O"
"DTXSID30880175","CAS_RN: 3709-71-5","SAPOZTRFWJZUFT-UHFFFAOYSA-N","C6F12",299.98083864,"FC(=C(F)C(F)(C(F)(F)F)C(F)(F)F)C(F)(F)F"
"DTXSID30880175","CAS_RN: 2070-70-4","SAPOZTRFWJZUFT-UHFFFAOYSA-N","C6F12",299.98083864,"FC(=C(F)C(F)(C(F)(F)F)C(F)(F)F)C(F)(F)F"
"DTXSID30880175","CAS_RN: 3709-70-4","SAPOZTRFWJZUFT-UHFFFAOYSA-N","C6F12",299.98083864,"FC(=C(F)C(F)(C(F)(F)F)C(F)(F)F)C(F)(F)F"
"DTXSID20464266","CAS_RN: 852527-50-5","SAQMTNGZQLPXJU-UHFFFAOYSA-N","C11H9F13INO",544.952128768,"O=C(CI)NCCCC(F)(F)C(F)(F)C(F)(F)C(F)(F)C(F)(F)C(F)(F)F"
"DTXSID10616671","CAS_RN: 423-66-5","SARRNFIJRWNPDT-UHFFFAOYSA-N","C13HF27",669.964711972,"FC(F)C(F)(F)C(F)(F)C(F)(F)C(F)(F)C(F)(F)C(F)(F)C(F)(F)C(F)(F)C(F)(F)C(F)(F)C(F)(F)C(F)(F)F"
"DTXSID60895515","CAS_RN: 66325-97-1","SAUHTGPUGJWMNX-UHFFFAOYSA-N","C13F26",649.95848372,"FC(F)=C(F)C(F)(F)C(F)(F)C(F)(F)C(F)(F)C(F)(F)C(F)(F)C(F)(F)C(F)(F)C(F)(F)C(F)(F)C(F)(F)F"
"DTXSID70896159","CAS_RN: 94720-20-4","SBAPVEDSPQRHGC-UHFFFAOYSA-N","C8H4F7N3O2",307.019173908,"O=C(Nc1ccnc(=O)[nH]1)C(F)(F)C(F)(F)C(F)(F)F"
"",NA,"SBHNNEAUWILNGA-UHFFFAOYSA-N","C18H21F17O5",640.111753512,"OCCOCCOCCOCCOCCC(F)(F)C(F)(F)C(F)(F)C(F)(F)C(F)(F)C(F)(F)C(F)(F)C(F)(F)F"
"DTXSID20895738","CAS_RN: 307-96-0","SBMFZWPPSPRLTN-UHFFFAOYSA-N","C12H9F15O2",470.036302828,"CCCCOC(=O)C(F)(F)C(F)(F)C(F)(F)C(F)(F)C(F)(F)C(F)(F)C(F)(F)F"
"DTXSID90896459","CAS_RN: 862130-95-8","SBOIVFWHPYGVNV-UHFFFAOYSA-N","C25H16F10N2O2",566.105209952,"Cc1cc(C(F)(C(F)(F)F)C(F)(F)F)cc(C)c1NC(=O)c1cccc(NC(=O)c2c(F)ccc(F)c2F)c1"
"",NA,"SCBRLSKRVSUCKH-UHFFFAOYSA-N","C9H18F5N2O3S",329.095829536,"C[N+](C)(CCO)CCCNS(=O)(=O)C(F)(F)C(F)(F)F"
"DTXSID30896216","CAS_RN: 1338083-27-4","SCCANANFFIZWAW-UHFFFAOYSA-N","C16H14BF13O2S",528.059997948,"CC1(C)OB(c2ccc(C(F)(F)C(F)(F)C(F)(F)C(F)(F)C(F)(F)C(F)(F)F)s2)OC1(C)C"
"DTXSID30896079","CAS_RN: 75895-47-5","SCFGBURIURDZFF-UHFFFAOYSA-N","C14H5F15O3",505.99991732,"O=C(O)c1ccc(OC(F)(F)C(F)(F)C(F)(F)C(F)(F)C(F)(F)C(F)(F)C(F)(F)F)cc1"
"DTXSID10542188","CAS_RN: 58431-34-8","SCKQHGHUQPSXRW-UHFFFAOYSA-N","C12F27OP",703.92556319,"O=P(C(F)(F)C(F)(F)C(F)(F)C(F)(F)F)(C(F)(F)C(F)(F)C(F)(F)C(F)(F)F)C(F)(F)C(F)(F)C(F)(F)C(F)(F)F"
"DTXSID30144320","CAS_RN: 101896-22-4","SCLANBGRWSJHLY-UHFFFAOYSA-N","C26H18F38NO6P",1193.026496286,"O=P(OCCC(F)(F)C(F)(F)C(F)(F)C(F)(F)C(F)(F)C(F)(F)C(F)(F)C(F)(F)C(F)(F)F)(OCCC(F)(F)C(F)(F)C(F)(F)C(F)(F)C(F)(F)C(F)(F)C(F)(F)C(F)(F)C(F)(F)F)ON(CCO)CCO"
"DTXSID70895546","CAS_RN: 1516879-68-7","SCLPYRSSWDKFEM-UHFFFAOYSA-N","C9H7F11O",340.032125264,"C=CCOCC(F)(F)C(F)(F)C(F)(F)C(F)(F)C(F)(F)F"
"","CAS_RN: 1606997-39-0","SCPDNSNLDOXQFM-UHFFFAOYSA-N","C9H7F9O3S",365.997219064,"CCOC(=O)C=CS(=O)C(F)(F)C(F)(F)C(F)(F)C(F)(F)F"
"",NA,"SCWSSUIVHQCCSP-UHFFFAOYSA-N","C48H73F25O18",1412.439770996,"OCCOCCOCCOCCOCCOCCOCCOCCOCCOCCOCCOCCOCCOCCOCCOCCOCCOCCC(F)(F)C(F)(F)C(F)(F)C(F)(F)C(F)(F)C(F)(F)C(F)(F)C(F)(F)C(F)(F)C(F)(F)C(F)(F)C(F)(F)F"
"DTXSID60599940","CAS_RN: 93238-00-7","SCYPOZNDUGMAJH-UHFFFAOYSA-N","C16H4F19NO",586.998949928,"O=C=Nc1ccc(C(F)(F)C(F)(F)C(F)(F)C(F)(F)C(F)(F)C(F)(F)C(F)(F)C(F)(F)C(F)(F)F)cc1"
"DTXSID701019144","CAS_RN: 93894-70-3","NIKYAXWJPSOKTP-UHFFFAOYSA-N","C8HF17O3S",499.937494632,"O=S(=O)(O)C(F)(F)C(F)(F)C(F)(F)C(F)(F)C(F)(F)C(F)(C(F)(F)F)C(F)(F)F"
"DTXSID10896557","CAS_RN: 176702-76-4","SDCKSDMRHLPCBU-UHFFFAOYSA-N","C13H8F17NO4",565.018187476,"O=C(N1CCOCC1)C(F)(OC(F)(F)C(F)(OC(F)(F)C(F)(F)C(F)(F)F)C(F)(F)F)C(F)(F)F"
"",NA,"SDHHTNKPXBIUHM-UHFFFAOYSA-N","C7H2F14O3S",431.950110004,"O=S(=O)(O)C(F)(F)C(F)(F)C(F)(F)C(F)(F)C(F)(F)C(F)C(F)(F)F"
"DTXSID20895713","CAS_RN: 1036375-28-6","SDJUPHWJHCYGLN-UHFFFAOYSA-N","C6H3F11O3S",363.962725376,"O=S(=O)(OCC(F)F)C(F)(F)C(F)(F)C(F)(F)C(F)(F)F"
"DTXSID70896457","CAS_RN: 862133-29-7","SDKDALZHDBASEW-UHFFFAOYSA-N","C25H16F10N2O2",566.105209952,"Cc1cc(C(F)(C(F)(F)F)C(F)(F)F)cc(C)c1NC(=O)c1ccc(F)c(NC(=O)c2ccc(F)cc2F)c1"
"DTXSID00881018","CAS_RN: 93776-01-3","SDPBQXWNUJEWDU-UHFFFAOYSA-N","C32H24F42O5",1286.095309108,"CC(COCC(C)OCC(O)CC(F)(F)C(F)(F)C(F)(F)C(F)(F)C(F)(F)C(F)(F)C(F)(F)C(F)(F)C(F)(F)C(F)(F)F)OCC(O)CC(F)(F)C(F)(F)C(F)(F)C(F)(F)C(F)(F)C(F)(F)C(F)(F)C(F)(F)C(F)(F)C(F)(F)F"
"DTXSID80895335","CAS_RN: 54336-56-0","SDTPOMADHFFMFD-UHFFFAOYSA-N","C8H11F7O3",288.059641752,"OCCOCCOCC(F)(F)C(F)(F)C(F)(F)F"
"DTXSID20629515","CAS_RN: 99325-17-4","SDVKQEYHUIMFIB-UHFFFAOYSA-N","C8H4F13I",473.915014988,"FC(F)(I)CC(F)(F)CC(F)(F)C(F)(F)C(F)(F)C(F)(F)F"
"DTXSID8059920","CAS_RN: 70225-15-9","OYGQVDSRYXATEL-UHFFFAOYSA-N","C7HF15O3S",449.940688192,"O=S(=O)(O)C(F)(F)C(F)(F)C(F)(F)C(F)(F)C(F)(F)C(F)(F)C(F)(F)F"
"DTXSID20896285","CAS_RN: 1234571-87-9","SDZMKQKEKPKKLS-UHFFFAOYSA-N","C12H2F18N2O6S2",675.906685744,"O=c1c(NS(=O)(=O)C(F)(F)C(F)(F)C(F)(F)C(F)(F)F)c(NS(=O)(=O)C(F)(F)C(F)(F)C(F)(F)C(F)(F)F)c1=O"
"",NA,"SEGVHCXRUVNVCD-UHFFFAOYSA-N","C16H5F29O3S",827.9496334,"O=S(=O)(O)CCC(F)(F)C(F)(F)C(F)(F)C(F)(F)C(F)(F)C(F)(F)C(F)(F)C(F)(F)C(F)(F)C(F)(F)C(F)(F)C(F)(F)C(F)(F)C(F)(F)F"
"DTXSID40380757","CAS_RN: 563-09-7","SEKXXYCKRMKLQG-UHFFFAOYSA-N","C12H6F21O4P",643.966837922,"O=P(OCC(F)(F)C(F)(F)C(F)(F)F)(OCC(F)(F)C(F)(F)C(F)(F)F)OCC(F)(F)C(F)(F)C(F)(F)F"
"DTXSID10895545","CAS_RN: 460744-98-3","SELAZSIAMBJAMF-UHFFFAOYSA-N","C22H10F34I2",1173.8329058,"FC(F)(F)C(F)(F)C(F)(F)C(F)(F)C(F)(F)C(F)(F)C(F)(F)C(F)(F)CC(I)CCC(I)CC(F)(F)C(F)(F)C(F)(F)C(F)(F)C(F)(F)C(F)(F)C(F)(F)C(F)(F)F"
"DTXSID30412359","CAS_RN: 326475-45-0","VQWYSTZTOSMTTA-UHFFFAOYSA-N","C42H12F51P",1515.986226234,"FC(F)(F)C(F)(F)C(F)(F)C(F)(F)C(F)(F)C(F)(F)C(F)(F)C(F)(F)c1cccc(P(c2cccc(C(F)(F)C(F)(F)C(F)(F)C(F)(F)C(F)(F)C(F)(F)C(F)(F)C(F)(F)F)c2)c2cccc(C(F)(F)C(F)(F)C(F)(F)C(F)(F)C(F)(F)C(F)(F)C(F)(F)C(F)(F)F)c2)c1"
"DTXSID80895618","CAS_RN: 1980039-13-1","SEQYYJKDJLYILZ-UHFFFAOYSA-N","C36H22F50I2",1657.901257704,"FC(F)(F)C(F)(F)C(F)(F)C(F)(F)C(F)(F)C(F)(F)C(F)(F)C(F)(F)C(F)(F)C(F)(F)C(F)(F)C(F)(F)CC(I)CCCCCCCCC(I)CC(F)(F)C(F)(F)C(F)(F)C(F)(F)C(F)(F)C(F)(F)C(F)(F)C(F)(F)C(F)(F)C(F)(F)C(F)(F)C(F)(F)F"
"DTXSID50200997","CAS_RN: 52956-81-7","SFACOKSPHOGYDO-UHFFFAOYSA-N","C16H7F23O2",668.007878524,"C=CC(=O)OCCC(F)(F)C(F)(F)C(F)(F)C(F)(F)C(F)(F)C(F)(F)C(F)(F)C(F)(F)C(F)(C(F)(F)F)C(F)(F)F"
"DTXSID601009314",NA,"SFCBLTGKAPVNIN-UHFFFAOYSA-O","C17H22F13N2O6S",629.099099284,"C[N+](C)(CCCN(CCC(=O)O)S(=O)(=O)C(F)(F)C(F)(F)C(F)(F)C(F)(F)C(F)(F)C(F)(F)F)CCC(=O)O"
"DTXSID60895530","CAS_RN: 51249-67-3","SFEKJPRYZMFTFH-UHFFFAOYSA-N","C14H2F26",663.974133784,"FC(F)(F)C(F)(F)C(F)(F)C(F)(F)C(F)(F)C(F)(F)C=CC(F)(F)C(F)(F)C(F)(F)C(F)(F)C(F)(F)C(F)(F)F"
"DTXSID60895530","CAS_RN: 56523-43-4","SFEKJPRYZMFTFH-UHFFFAOYSA-N","C14H2F26",663.974133784,"FC(F)(F)C(F)(F)C(F)(F)C(F)(F)C(F)(F)C(F)(F)C=CC(F)(F)C(F)(F)C(F)(F)C(F)(F)C(F)(F)C(F)(F)F"
"DTXSID40692943","CAS_RN: 186599-46-2","SGBXYLYVROEUTD-UHFFFAOYSA-N","C12H22F9N3Si",407.143928214,"CN(C)[Si](N(C)C)(N(C)C)C(F)(F)C(F)(F)C(F)(F)CCC(F)(F)F"
"DTXSID1071903","CAS_RN: 68957-54-0","SGKAKWJMQQSXDU-UHFFFAOYSA-N","C13H12F15NO4S",563.024752164,"CCOC(=O)CN(CC)S(=O)(=O)C(F)(F)C(F)(F)C(F)(F)C(F)(F)C(F)(F)C(F)(F)C(F)(F)F"
"",NA,"SGLTWOYPCRYYKV-UHFFFAOYSA-N","C11H4F16O3",487.990495508,"O=C(O)COC(F)(F)C(F)(F)C(F)(F)C(F)(F)C(F)(F)C(F)(F)C(F)=CC(F)(F)F"
"",NA,"SGSISWCGFHJZFG-UHFFFAOYSA-N","C38H53F25O13",1192.308697256,"OCCOCCOCCOCCOCCOCCOCCOCCOCCOCCOCCOCCOCCC(F)(F)C(F)(F)C(F)(F)C(F)(F)C(F)(F)C(F)(F)C(F)(F)C(F)(F)C(F)(F)C(F)(F)C(F)(F)C(F)(F)F"
"DTXSID401015593",NA,"SGUMXOFIZUPKSF-UHFFFAOYSA-N","C7HF17O2S",471.942580012,"O=C(O)C(F)(F)C(F)(F)C(F)(F)C(F)(F)C(F)(F)C(F)(F)S(F)(F)(F)(F)F"
"DTXSID3026435","CAS_RN: 39432-81-0","RFCAUADVODFSLZ-UHFFFAOYSA-N","C2ClF5",153.96086878,"FC(F)(F)C(F)(F)Cl"
"DTXSID20880462","CAS_RN: 54009-73-3","SGZKPGFLGSWOJX-UHFFFAOYSA-N","C12H8F19O5P",623.980596166,"O=P(O)(O)OCC(O)CC(F)(F)C(F)(F)C(F)(F)C(F)(F)C(F)(F)C(F)(F)C(F)(C(F)(F)F)C(F)(F)F"
"DTXSID10896350","CAS_RN: 1816285-38-7","SHNGPLQIBLIMHR-UHFFFAOYSA-N","C8H3BrF7N",324.933708736,"FC(F)(F)C(F)(c1cncc(Br)c1)C(F)(F)F"
"DTXSID40896242","CAS_RN: 1799-52-6","SHNODLVFILNWJR-UHFFFAOYSA-N","C11H7F7N2O4",364.029404244,"COc1ccc(NC(=O)C(F)(F)C(F)(F)C(F)(F)F)c([N+](=O)[O-])c1"
"DTXSID70895263","CAS_RN: 931415-52-0","SHQQMHMRNKRZAY-UHFFFAOYSA-N","C17H19F17",546.121530348,"CCCCCCCCCC(F)(F)C(F)(F)C(F)(F)C(F)(F)C(F)(F)C(F)(F)C(F)(F)C(F)(F)F"
"DTXSID70379250","CAS_RN: 115347-68-7","SHTVHUOLQCOSDS-UHFFFAOYSA-N","C8H4F13I",473.915014988,"FC(F)(F)C(F)(F)C(F)(F)C(CCI)(C(F)(F)F)C(F)(F)F"
"DTXSID80375107","CAS_RN: 423-65-4","SHTZQFTXUMCALC-UHFFFAOYSA-N","C12H3F23O",599.981663776,"OCC(F)(F)C(F)(F)C(F)(F)C(F)(F)C(F)(F)C(F)(F)C(F)(F)C(F)(F)C(F)(F)C(F)(F)C(F)(F)F"
"DTXSID5062760","CAS_RN: 3871-50-9","CKRXVVGETMYFIO-UHFFFAOYSA-N","C12H8F17NO4S",584.990258476,"CCN(CC(=O)O)S(=O)(=O)C(F)(F)C(F)(F)C(F)(F)C(F)(F)C(F)(F)C(F)(F)C(F)(F)C(F)(F)F"
"DTXSID8047553","CAS_RN: 2058-94-8","SIDINRCMMRKXGQ-UHFFFAOYSA-N","C11HF21O2",563.964121892,"O=C(O)C(F)(F)C(F)(F)C(F)(F)C(F)(F)C(F)(F)C(F)(F)C(F)(F)C(F)(F)C(F)(F)C(F)(F)F"
"DTXSID70885381","CAS_RN: 27120-63-4","SIEUTGCQJFIIPL-UHFFFAOYSA-N","C26HF53O8",1447.882512652,"FC(OC(F)(F)C(F)(OC(F)(F)C(F)(OC(F)(F)C(F)(OC(F)(F)C(F)(OC(F)(F)C(F)(OC(F)(F)C(F)(OC(F)(F)C(F)(OC(F)(F)C(F)(F)C(F)(F)F)C(F)(F)F)C(F)(F)F)C(F)(F)F)C(F)(F)F)C(F)(F)F)C(F)(F)F)C(F)(F)F)C(F)(F)F"
"DTXSID10190946","CAS_RN: 907607-07-2","IQJZGNJYXIIMGP-UHFFFAOYSA-N","C4HF7O",197.991562192,"O=CC(F)(F)C(F)(F)C(F)(F)F"
"DTXSID5071888","CAS_RN: 68555-69-1","MJELJHFNXRAPHF-UHFFFAOYSA-N","C9H8F11NO4S",434.999839156,"CCN(CC(=O)O)S(=O)(=O)C(F)(F)C(F)(F)C(F)(F)C(F)(F)C(F)(F)F"
"DTXSID80895532","CAS_RN: 63967-42-0","SIGVLQANXAPTLB-UHFFFAOYSA-N","C11HF21O",547.969207272,"O=CC(F)(F)C(F)(F)C(F)(F)C(F)(F)C(F)(F)C(F)(F)C(F)(F)C(F)(F)C(F)(F)C(F)(F)F"
"DTXSID80158477","CAS_RN: 134051-92-6","SIGZHCRJKAFRED-UHFFFAOYSA-N","C27H38F17N2O4P",808.229774066,"O=P(OCCCCCCCCCCCC(F)(F)C(F)(F)C(F)(F)C(F)(F)C(F)(F)C(F)(F)C(F)(F)C(F)(F)F)(N1CCOCC1)N1CCOCC1"
"","CAS_RN: 70674-74-7","SIPZTYNQWUTWPT-UHFFFAOYSA-O","C17H16F19N2O3",657.085753552,"C[N+](C)(CCCNC(=O)C(F)(F)C(F)(F)C(F)(F)C(F)(F)C(F)(F)C(F)(F)C(F)(F)C(F)(F)C(F)(F)F)CC(=O)O"
"",NA,"SIPZTYNQWUTWPT-UHFFFAOYSA-O","C17H16F19N2O3",657.085753552,"C[N+](C)(CCCNC(=O)C(F)(F)C(F)(F)C(F)(F)C(F)(F)C(F)(F)C(F)(F)C(F)(F)C(F)(F)C(F)(F)F)CC(=O)O"
"DTXSID80544033","CAS_RN: 23790-49-0","SIRKRRJSXWDMMJ-UHFFFAOYSA-N","C6F11N",294.98550942,"N#CC(F)(F)C(F)(F)C(F)(F)C(F)(F)C(F)(F)F"
"",NA,"SIRPGQGHBBIKGZ-UHFFFAOYSA-N","C24H37F13O9",716.222999624,"OCCOCCOCCOCCOCCOCCOCCOCCOCCC(F)(F)C(F)(F)C(F)(F)C(F)(F)C(F)(F)C(F)(F)F"
"",NA,"SIUDYMSAXNLUCW-UHFFFAOYSA-N","C30H41F21O10",960.236440132,"OCCOCCOCCOCCOCCOCCOCCOCCOCCOCCC(F)(F)C(F)(F)C(F)(F)C(F)(F)C(F)(F)C(F)(F)C(F)(F)C(F)(F)C(F)(F)C(F)(F)F"
"DTXSID00681090","CAS_RN: 109134-39-6","SIUOAIYCRNJMLQ-UHFFFAOYSA-N","C8H13F7O3Si",318.052218346,"CO[Si](CCC(F)(F)C(F)(F)C(F)(F)F)(OC)OC"
"DTXSID00880147","CAS_RN: 813-45-6","SIVXJSMXRSOFRR-UHFFFAOYSA-N","C7F14O",365.9725597,"O=C(C(F)(F)C(F)(F)C(F)(F)F)C(F)(C(F)(F)F)C(F)(F)F"
"DTXSID70896139","CAS_RN: 85211-95-6","SIWFNBUDPFBKPU-UHFFFAOYSA-N","C6F12O3S",379.9376535,"O=S1(=O)OC(F)(F)C1(F)C(F)(F)C(F)(F)C(F)(F)C(F)(F)F"
"DTXSID5062760","CAS_RN: 2991-52-8","CKRXVVGETMYFIO-UHFFFAOYSA-N","C12H8F17NO4S",584.990258476,"CCN(CC(=O)O)S(=O)(=O)C(F)(F)C(F)(F)C(F)(F)C(F)(F)C(F)(F)C(F)(F)C(F)(F)C(F)(F)F"
"","CAS_RN: 178535-22-3","SJENKDGKIYUBGZ-UHFFFAOYSA-N","C31H29F17N4O6S",908.153635388,"CCC(C)=NOC(=O)Nc1ccc(Cc2ccc(NC(=O)OCCN(CC)S(=O)(=O)C(F)(F)C(F)(F)C(F)(F)C(F)(F)C(F)(F)C(F)(F)C(F)(F)C(F)(F)F)cc2)cc1"
"DTXSID20892348","CAS_RN: 39492-90-5","SJKDXZGLKADOQD-UHFFFAOYSA-N","C5HF9O5",311.968027112,"O=C(O)C(F)(F)OC(F)(F)OC(F)(F)OC(F)(F)F"
"DTXSID90896176","CAS_RN: 113584-32-0","SJOOJYBVDNVFLP-UHFFFAOYSA-N","C12H9F17N2O2S",568.011328268,"O=S(=O)(N1CCNCC1)C(F)(F)C(F)(F)C(F)(F)C(F)(F)C(F)(F)C(F)(F)C(F)(F)C(F)(F)F"
"",NA,"SJRJLDYBLRALMF-UHFFFAOYSA-O","C22H16F29N2O3",907.069785752,"C[N+](C)(CCCNC(=O)C(F)(F)C(F)(F)C(F)(F)C(F)(F)C(F)(F)C(F)(F)C(F)(F)C(F)(F)C(F)(F)C(F)(F)C(F)(F)C(F)(F)C(F)(F)C(F)(F)F)CC(=O)O"
"DTXSID00897477","CAS_RN: 120623-45-2","SKCZEAZINGMGHC-KOVVAJLHSA-N","C25H31F7O3Si",540.193068922,"C[C@]12CC[C@@H]3c4ccc(O[Si](C)(C)C)cc4CC[C@H]3[C@@H]1CC[C@@H]2OC(=O)C(F)(F)C(F)(F)C(F)(F)F"
"DTXSID0071334","CAS_RN: 68239-75-8","SKFXNBMYNHVVJU-UHFFFAOYSA-N","C15H20F15NO5SSi",639.05919357,"CCN(CCC[Si](OC)(OC)OC)S(=O)(=O)C(F)(F)C(F)(F)C(F)(F)C(F)(F)C(F)(F)C(F)(F)C(F)(F)F"
"","CAS_RN: 159381?10?9","SKGBGOQHXBAKKO-UHFFFAOYSA-N","C7H6F9NO4S",370.987382652,"CN(CC(=O)O)S(=O)(=O)C(F)(F)C(F)(F)C(F)(F)C(F)(F)F"
"DTXSID50897003","CAS_RN: 24429-61-6","SKKPQHYWKCNHNB-UHFFFAOYSA-N","C7H6F7NO",253.033761352,"C=CCNC(=O)C(F)(F)C(F)(F)C(F)(F)F"
"DTXSID90380989","CAS_RN: 10008-97-6","SKLLNTQHBPZMDI-UHFFFAOYSA-N","C9H6F4O3",238.025306932,"O=C(O)c1ccccc1OC(F)(F)C(F)F"
"","CAS_RN: 83038-83-9","SKPJMWZILNKFRM-UHFFFAOYSA-N","C11H17F9O2Si",380.085410294,"CCOC(OCC)[SiH2]CCC(F)(F)C(F)(F)C(F)(F)C(F)(F)F"
"","CAS_RN: 14149-41-8","SKQJYUPAFGVYKS-UHFFFAOYSA-N","C5H2F8",214.002875824,"FC=CC(F)(C(F)(F)F)C(F)(F)F"
"","CAS_RN: 14318-61-7","SKQJYUPAFGVYKS-UHFFFAOYSA-N","C5H2F8",214.002875824,"FC=CC(F)(C(F)(F)F)C(F)(F)F"
"DTXSID30379857","CAS_RN: 80793-17-5","SKRWRXWNQFQGRU-UHFFFAOYSA-N","C8H5F13",348.01836702,"CCC(F)(F)C(F)(F)C(F)(F)C(F)(F)C(F)(F)C(F)(F)F"
"","CAS_RN: 1612778-40-1","SKRZJWSQDLAOAY-DEOSSOPVSA-N","C11H5F10NOS",388.99321698,"O=[S@](N=Cc1ccccc1F)C(F)(F)C(F)(F)C(F)(F)C(F)(F)F"
"",NA,"SKWPYPIIXCBZHD-UHFFFAOYSA-N","C20H30F13NO8S",691.14845478,"CCN(CCOCCOCCOCCOCCOCCO)S(=O)(=O)C(F)(F)C(F)(F)C(F)(F)C(F)(F)C(F)(F)C(F)(F)F"
"",NA,"SLCJWMLFYWRTEQ-UHFFFAOYSA-O","C15H26F9N2O8S3",629.070757772,"C[N+](C)(CCCN(CCCS(=O)(=O)O)S(=O)(=O)C(F)(F)C(F)(F)C(F)(F)C(F)(F)F)CCCS(=O)(=O)O"
"DTXSID20896245","CAS_RN: 475630-76-3","SLFFYWPTBAEHFV-UHFFFAOYSA-N","C13H9F9O6S",463.997612988,"COC(=O)c1c(OC)cccc1OS(=O)(=O)C(F)(F)C(F)(F)C(F)(F)C(F)(F)F"
"",NA,"SLGIZWUGENNDSS-UHFFFAOYSA-N","C14H5F23O3",657.98714308,"O=C(O)COCC(F)(F)C(F)(F)C(F)(F)C(F)(F)C(F)(F)C(F)(F)C(F)(F)C(F)(F)C(F)(F)C(F)(F)C(F)(F)F"
"DTXSID00774092","CAS_RN: 189160-58-5","SLUCZPNDVUNDLK-UHFFFAOYSA-N","C10H16F7NO3",331.101840912,"OCCN(CCO)CC(O)CC(F)(F)C(F)(F)C(F)(F)F"
"DTXSID50880612","CAS_RN: 68318-34-3","SLYWOXPMQGKVAU-UHFFFAOYSA-N","C7F14O2S",413.93954532,"O=S(=O)(F)C1(F)C(F)(F)C(F)(F)C(F)(F)C(F)(F)C1(F)C(F)(F)F"
"DTXSID20377827","CAS_RN: 2358-22-7","SMJYTRJJHRJAED-UHFFFAOYSA-N","C7H2F13NO",362.992880544,"NC(=O)C(F)(F)C(F)(F)C(F)(F)C(F)(F)C(F)(F)C(F)(F)F"
"DTXSID90897249","CAS_RN: 1421133-01-8","SMPHWWVKYFLKNG-UHFFFAOYSA-N","C11H4BrF12NO3S2",568.862435728,"O=S(=O)(N=S(=O)(c1ccc(Br)cc1)C(F)(F)C(F)(F)C(F)(F)C(F)(F)F)C(F)(F)F"
"DTXSID80382073","CAS_RN: 150225-00-6","SMQMUBNEBGDJAY-UHFFFAOYSA-N","C13H9F17O2",520.033109268,"CC(=O)OCCCC(F)(F)C(F)(F)C(F)(F)C(F)(F)C(F)(F)C(F)(F)C(F)(F)C(F)(F)F"
"DTXSID40447874","CAS_RN: 134052-02-1","SMQWZVBJTNTJHH-UHFFFAOYSA-N","C11H11F13O",406.060231832,"OCCCCCC(F)(F)C(F)(F)C(F)(F)C(F)(F)C(F)(F)C(F)(F)F"
"DTXSID70892570","CAS_RN: 864071-09-0","SNGREZUHAYWORS-OUBTZVSYSA-N","C8HF15O2",413.973702572,"O=[13C](O)C(F)(F)C(F)(F)C(F)(F)C(F)(F)C(F)(F)C(F)(F)C(F)(F)F"
"DTXSID8031865","CAS_RN: 45285-51-6","SNGREZUHAYWORS-UHFFFAOYSA-N","C8HF15O2",413.973702572,"O=C(O)C(F)(F)C(F)(F)C(F)(F)C(F)(F)C(F)(F)C(F)(F)C(F)(F)F"
"DTXSID8031865","CAS_RN: 335-67-1","SNGREZUHAYWORS-UHFFFAOYSA-N","C8HF15O2",413.973702572,"O=C(O)C(F)(F)C(F)(F)C(F)(F)C(F)(F)C(F)(F)C(F)(F)C(F)(F)F"
"DTXSID80896968","CAS_RN: 864071-08-9","SNGREZUHAYWORS-ZDOIIHCHSA-N","C8HF15O2",413.973702572,"O=[13C](O)[13C](F)(F)C(F)(F)C(F)(F)C(F)(F)C(F)(F)C(F)(F)C(F)(F)F"
"DTXSID00897098","CAS_RN: 88434-83-7","SNKIMEDNKDQKAP-UUEFVBAFSA-N","C12H16F7NO5",387.091670152,"CCCCOC(O)[C@H](CC(=O)O)NC(=O)C(F)(F)C(F)(F)C(F)(F)F"
"DTXSID50731059","CAS_RN: 74359-14-1","SNTQAKVWVGWLDU-UHFFFAOYSA-N","C7H4ClF7O2",287.978804588,"C=C(Cl)C(=O)OCC(F)(F)C(F)(F)C(F)(F)F"
"DTXSID60895479","CAS_RN: 135462-71-4","SNWTZZYGEHPHCQ-UHFFFAOYSA-N","C6H6F9NO",279.030567792,"NCC(O)C(F)(F)C(F)(F)C(F)(F)C(F)(F)F"
"DTXSID40881158","CAS_RN: 94159-85-0","SONGXJCUEWDGMO-UHFFFAOYSA-N","C13H10F17NO",519.04909368,"OC(CN1CC1)CC(F)(F)C(F)(F)C(F)(F)C(F)(F)C(F)(F)C(F)(F)C(F)(F)C(F)(F)F"
"DTXSID60880466","CAS_RN: 54111-17-0","SOUQAPNRIRYTOB-UHFFFAOYSA-N","C14H18F4",262.134463456,"CC(C)(C)c1c(F)c(F)c(C(C)(C)C)c(F)c1F"
"DTXSID70895288","CAS_RN: 116177-54-9","SPEXSSXGHMMEEU-UHFFFAOYSA-N","C16H13F21",604.068193036,"CCCCCCC(F)(F)C(F)(F)C(F)(F)C(F)(F)C(F)(F)C(F)(F)C(F)(F)C(F)(F)C(F)(F)C(F)(F)F"
"DTXSID40896181","CAS_RN: 1637311-39-7","SPMIFTWZBPRYPL-UHFFFAOYSA-N","C29H43F13O2SSi2",758.231471536,"CC[Si](CC)(CC)Oc1ccc(CCCSCCC(F)(F)C(F)(F)C(F)(F)C(F)(F)C(F)(F)C(F)(F)F)cc1O[Si](CC)(CC)CC"
"DTXSID8047553","CAS_RN: 4234-23-5","SIDINRCMMRKXGQ-UHFFFAOYSA-N","C11HF21O2",563.964121892,"O=C(O)C(F)(F)C(F)(F)C(F)(F)C(F)(F)C(F)(F)C(F)(F)C(F)(F)C(F)(F)C(F)(F)C(F)(F)F"
"DTXSID3066215","CAS_RN: 17631-67-3","SQNZLBOJCWQLGQ-UHFFFAOYSA-N","C10H11F7O2",296.064727132,"CC(C)(C)C(=O)CC(=O)C(F)(F)C(F)(F)C(F)(F)F"
"DTXSID20896543","CAS_RN: 1268707-97-6","SPYFBCUYAPDEFD-UHFFFAOYSA-N","C13H6F10O6",448.000470112,"O=C(O)c1cc(OC(F)(F)C(F)OC(F)(F)C(F)(F)C(F)(F)F)cc(C(=O)O)c1"
"DTXSID30895724","CAS_RN: 29765-95-5","SQAFCSVGKMMETM-UHFFFAOYSA-N","C8H6F13NO2S",426.991166292,"NS(=O)(=O)CCC(F)(F)C(F)(F)C(F)(F)C(F)(F)C(F)(F)C(F)(F)F"
"DTXSID70895687","CAS_RN: 1422-65-7","SQBHHHGUOQBSBF-UHFFFAOYSA-N","C7H6F7NO",253.033761352,"C=CC(=O)NCC(F)(F)C(F)(F)C(F)(F)F"
"DTXSID5073119","CAS_RN: 163702-06-5","SQEGLLMNIBLLNQ-UHFFFAOYSA-N","C6H5F9O",264.01966876,"CCOC(F)(F)C(F)(C(F)(F)F)C(F)(F)F"
"DTXSID3066215","CAS_RN: 17587-22-3","SQNZLBOJCWQLGQ-UHFFFAOYSA-N","C10H11F7O2",296.064727132,"CC(C)(C)C(=O)CC(=O)C(F)(F)C(F)(F)C(F)(F)F"
"DTXSID10897468","CAS_RN: 25642-22-2","SQOWQAGMMNBLLE-UHFFFAOYSA-N","C13H11F7N2O4",392.060704372,"COC(=O)Nc1ccc(NC(=O)OC)c(C(F)(F)C(F)(F)C(F)(F)F)c1"
"DTXSID00379829","CAS_RN: 41405-35-0","SQQWEKUYKNKPOG-UHFFFAOYSA-N","C7HClF12O",363.952430972,"O=C(Cl)C(F)(F)C(F)(F)C(F)(F)C(F)(F)C(F)(F)C(F)F"
"DTXSID30895204","CAS_RN: 219557-62-7","SQRIVGLRVOASKE-UHFFFAOYSA-N","C9H11F9O",306.066618952,"OCCCCCC(F)(F)C(F)(F)C(F)(F)C(F)(F)F"
"DTXSID5030030","CAS_RN: 68259-10-9","JGTNAGYHADQMCM-UHFFFAOYSA-N","C4HF9O3S",299.950268872,"O=S(=O)(O)C(F)(F)C(F)(F)C(F)(F)C(F)(F)F"
"DTXSID6047026","CAS_RN: 277749-00-5","OSBSFAARYOCBHB-UHFFFAOYSA-N","C12H28N",186.222174896,"CCC[N+](CCC)(CCC)CCC"
"DTXSID90895649","CAS_RN: 1604816-68-3","SRBGSZZLJNLEIV-UHFFFAOYSA-N","C10H13F9O3S",384.044169256,"CCOS(=O)(=O)CCCCC(F)(F)C(F)(F)C(F)(F)C(F)(F)F"
"DTXSID50335975","CAS_RN: 335-70-6","SRDQTCUHAMDAMG-UHFFFAOYSA-N","C8F16I2",653.78339752,"FC(F)(I)C(F)(F)C(F)(F)C(F)(F)C(F)(F)C(F)(F)C(F)(F)C(F)(F)I"
"",NA,"SRLSHPKHTWDZSN-UHFFFAOYSA-N","C15H18F17N2O3S",629.076668176,"C[N+](C)(CCO)CCCNS(=O)(=O)C(F)(F)C(F)(F)C(F)(F)C(F)(F)C(F)(F)C(F)(F)C(F)(F)C(F)(F)F"
"DTXSID1067629","CAS_RN: 31506-32-8","SRMWNTGHXHOWBT-UHFFFAOYSA-N","C9H4F17NO2S",512.969129108,"CNS(=O)(=O)C(F)(F)C(F)(F)C(F)(F)C(F)(F)C(F)(F)C(F)(F)C(F)(F)C(F)(F)F"
"DTXSID40895578","CAS_RN: 648-43-1","SRPBEKWTJQBCPF-UHFFFAOYSA-N","C7H7F7O2",256.033427004,"FC(F)(F)C(F)(F)C(F)(F)COCC1CO1"
"DTXSID90896232","CAS_RN: 328016-16-6","SRUIZVSPDIHICU-UHFFFAOYSA-N","C16H12F13N3O",509.077278864,"CN(C)c1ccc(C=NNC(=O)C(F)(F)C(F)(F)C(F)(F)C(F)(F)C(F)(F)C(F)(F)F)cc1"
"DTXSID00895498","CAS_RN: 875628-33-4","SRUNWUZJMCJMBZ-UHFFFAOYSA-N","C7H7F9OS",310.007389824,"OCCCSC(F)(F)C(F)(F)C(F)(F)C(F)(F)F"
"",NA,"SRUUXDQSDCVXKD-UHFFFAOYSA-N","C38H62F17NO16S",1143.351785644,"CCN(CCOCCOCCOCCOCCOCCOCCOCCOCCOCCOCCOCCOCCOCCO)S(=O)(=O)C(F)(F)C(F)(F)C(F)(F)C(F)(F)C(F)(F)C(F)(F)C(F)(F)C(F)(F)F"
"DTXSID60193068","CAS_RN: 40002-62-8","SRYIDYXKUUXFNI-UHFFFAOYSA-N","C9H9F7O2",282.049077068,"CC(C)C(=O)CC(=O)C(F)(F)C(F)(F)C(F)(F)F"
"DTXSID5067849","CAS_RN: 34455-03-3","SSGYCIQAXNQIBC-UHFFFAOYSA-N","C10H10F13NO3S",471.01738104,"CCN(CCO)S(=O)(=O)C(F)(F)C(F)(F)C(F)(F)C(F)(F)C(F)(F)C(F)(F)F"
"DTXSID40895715","CAS_RN: 120219-46-7","SSLBWWFVNPTUPO-UHFFFAOYSA-N","C12H18F7NO",325.127661736,"CCCCN(CCCC)C(=O)C(F)(F)C(F)(F)C(F)(F)F"
"DTXSID10187139","CAS_RN: 95091-35-3","YJDMCDWHXOSSHI-UHFFFAOYSA-N","C4HF7O2",213.986476812,"O=C(O)C(F)(C(F)(F)F)C(F)(F)F"
"DTXSID10881367","CAS_RN: 54572-17-7","SSSVHFOLCNGWKK-OLQVQODUSA-N","C16F34O4",901.92536796,"FC(F)(F)C(F)(F)C(F)(F)OC(F)(F)[C@](F)(OC(F)(F)C(F)(F)C(F)(F)F)[C@](F)(OC(F)(F)C(F)(F)C(F)(F)F)C(F)(F)OC(F)(F)C(F)(F)C(F)(F)F"
"DTXSID60881317","CAS_RN: 54208-66-1","SSSVHFOLCNGWKK-UHFFFAOYSA-N","C16F34O4",901.92536796,"FC(F)(F)C(F)(F)C(F)(F)OC(F)(F)C(F)(OC(F)(F)C(F)(F)C(F)(F)F)C(F)(OC(F)(F)C(F)(F)C(F)(F)F)C(F)(F)OC(F)(F)C(F)(F)C(F)(F)F"
"DTXSID10193639","CAS_RN: 40630-61-3","SSTHBHCRNGPPAI-UHFFFAOYSA-N","C12H10F17NO4S",587.00590854,"O=S(=O)(N(CCO)CCO)C(F)(F)C(F)(F)C(F)(F)C(F)(F)C(F)(F)C(F)(F)C(F)(F)C(F)(F)F"
"DTXSID80381980","CAS_RN: 90499-30-2","SSVQUYHNTDJHGP-UHFFFAOYSA-N","C18H25F13",488.17486766,"CCCCCCCCCCCCC(F)(F)C(F)(F)C(F)(F)C(F)(F)C(F)(F)C(F)(F)F"
"DTXSID10896436","CAS_RN: 1355554-99-2","SSVYLSFHMOYLBO-UHFFFAOYSA-N","C16H17F7O3S",422.078662944,"CCc1c(C(=O)O)ccc(C(F)(C(F)(F)F)C(F)(F)F)c1S(=O)CC(C)C"
"DTXSID40895371","CAS_RN: 113659-16-8","STDVZKPRYDVFNA-UHFFFAOYSA-N","C24H31F19",680.212237172,"CCCCCCCCCCCCCCCC(F)(F)C(F)(F)C(F)(F)C(F)(F)C(F)(F)C(F)(F)C(F)(F)C(F)(F)C(F)(F)F"
"DTXSID40896222","CAS_RN: 505063-74-1","STKRDLVYJCQWDA-UHFFFAOYSA-N","C14H11F7N2O",356.075960512,"Cc1cc2c(cc1C)NC(=O)CC(C(F)(F)C(F)(F)C(F)(F)F)=N2"
"DTXSID00190950","CAS_RN: 375-82-6","STLNAVFVCIRZLL-UHFFFAOYSA-N","C7H3F13O",349.997631576,"OCC(F)(F)C(F)(F)C(F)(F)C(F)(F)C(F)(F)C(F)(F)F"
"DTXSID90892572","CAS_RN: 376-23-8","STMOMAISLIDGHH-UHFFFAOYSA-N","C13H13F15N2O",498.078836336,"CN(C)CCCNC(=O)C(F)(F)C(F)(F)C(F)(F)C(F)(F)C(F)(F)C(F)(F)C(F)(F)F"
"DTXSID3061211","CAS_RN: 847-51-8","STPOJASQXPXVMS-UHFFFAOYSA-N","C10H7F7N2O2",320.039575004,"Nc1ccc(NC(=O)C(F)(F)C(F)(F)C(F)(F)F)c(O)c1"
"","CAS_RN: 61798-69-4","STSGGDGRBYWSDX-UHFFFAOYSA-O","C16H22F13N2O4S",585.109270044,"C[N+](C)(CCCNS(=O)(=O)CCC(F)(F)C(F)(F)C(F)(F)C(F)(F)C(F)(F)C(F)(F)F)CCC(=O)O"
"","CAS_RN: 93777-12-9","STUDPFBKDMTGFQ-UHFFFAOYSA-O","C22H24F23N2O3",801.141966688,"C[N+](C)(CCCNCC(O)CC(F)(F)C(F)(F)C(F)(F)C(F)(F)C(F)(F)C(F)(F)C(F)(F)C(F)(F)C(F)(C(F)(F)F)C(F)(F)F)CCC(=O)O"
"DTXSID80896044","CAS_RN: 70414-03-8","SUAUDWRFVCXSIC-UHFFFAOYSA-N","C13H12F7NO",331.080711544,"CC(CNC(=O)C(F)(F)C(F)(F)C(F)(F)F)c1ccccc1"
"DTXSID00627110","CAS_RN: 36096-97-6","SUBCOGZKZCCKOV-UHFFFAOYSA-N","C15H23F9O",390.160519336,"OCCCCCCCCCCCC(F)(F)C(F)(F)C(F)(F)C(F)(F)F"
"DTXSID60895919","CAS_RN: 99089-22-2","SUHRXMXSRDLXIL-UHFFFAOYSA-N","C8H10F7NO",269.06506148,"CC(C)(C)NC(=O)C(F)(F)C(F)(F)C(F)(F)F"
"DTXSID80896488","CAS_RN: 117516-09-3","SUJXGMJJNALKPI-UHFFFAOYSA-N","C6H3F9O3",293.993847936,"COC(=O)C(F)(OC(F)(F)C(F)(F)F)C(F)(F)F"
"DTXSID60377826","CAS_RN: 355-27-1","SUNUNYBGDFIAME-UHFFFAOYSA-N","C5H4F9N",249.020003108,"NCC(F)(F)C(F)(F)C(F)(F)C(F)(F)F"
"DTXSID80329968","CAS_RN: 20583-66-8","SUORUQZBFOQDGX-UHFFFAOYSA-N","C7H2F10O2",307.989511504,"O=C(CC(=O)C(F)(F)C(F)(F)C(F)(F)F)C(F)(F)F"
"DTXSID10895308","CAS_RN: 863126-43-6","SUWPKSRVVDLYGW-UHFFFAOYSA-N","C23H35F13",558.25311798,"CCCCCCCCCCCCCCCCCC(F)(F)C(F)(F)C(F)(F)C(F)(F)C(F)(F)C(F)(F)F"
"DTXSID0059875","CAS_RN: 355-03-3","SUYQQGZHVVTMNY-UHFFFAOYSA-N","C6F12O2S",363.94273888,"O=S(=O)(F)C1(F)C(F)(F)C(F)(F)C(F)(F)C(F)(F)C1(F)F"
"DTXSID60895691","CAS_RN: 213681-67-5","SVEVXDYTPMSOIT-UHFFFAOYSA-N","C10H7F13OS",422.001002704,"CC(=O)SCCC(F)(F)C(F)(F)C(F)(F)C(F)(F)C(F)(F)C(F)(F)F"
"",NA,"SVIXXRLFZUTHLK-UHFFFAOYSA-N","C28H41F17O10",860.242827252,"OCCOCCOCCOCCOCCOCCOCCOCCOCCOCCC(F)(F)C(F)(F)C(F)(F)C(F)(F)C(F)(F)C(F)(F)C(F)(F)C(F)(F)F"
"DTXSID40880126","CAS_RN: 335-79-5","SVOCBPYVHOTFRV-UHFFFAOYSA-N","C15F31I",895.85497282,"FC(F)(F)C(F)(F)C(F)(F)C(F)(F)C(F)(F)C(F)(F)C(F)(F)C(F)(F)C(F)(F)C(F)(F)C(F)(F)C(F)(F)C(F)(F)C(F)(F)C(F)(F)I"
"DTXSID80310730","CAS_RN: 355-66-8","SVURUIRNGAQISR-UHFFFAOYSA-N","C6H4F8N2O2",288.014503128,"NC(=O)C(F)(F)C(F)(F)C(F)(F)C(F)(F)C(N)=O"
"DTXSID90896434","CAS_RN: 1355554-59-4","SVXFKLALCWALDG-UHFFFAOYSA-N","C15H15F7O4S",424.0579275,"Cc1c(C(=O)O)ccc(C(F)(C(F)(F)F)C(F)(F)F)c1S(=O)(=O)C(C)(C)C"
"DTXSID60896163","CAS_RN: 204130-95-0","SVXMNQVFCJCBTQ-UHFFFAOYSA-N","C13H7F9N2",362.046552204,"FC(F)(F)C(F)(F)C(F)(F)C(F)(F)c1cc(-c2ccccc2)[nH]n1"
"DTXSID00895635","CAS_RN: 378-08-5","SVXWRCWGDAYFHY-UHFFFAOYSA-N","C8H9F7O3",286.043991688,"CC(=O)OC(C)OCC(F)(F)C(F)(F)C(F)(F)F"
"",NA,"SVYFBQKZSGNGTM-UHFFFAOYSA-N","C11H3F17O4",521.975988316,"O=C(O)C(F)C(F)(F)C(F)(F)C(F)(F)C(F)(F)C(F)(F)C(F)(F)C(F)(F)C(F)(F)C(=O)O"
"DTXSID20335129","CAS_RN: 918-22-9","SWAPKQWKFYIOJS-UHFFFAOYSA-N","C6Br2F12",457.81751284,"FC(F)(Br)C(F)(F)C(F)(F)C(F)(F)C(F)(F)C(F)(F)Br"
"DTXSID40895316","CAS_RN: 1193009-98-1","SWCPWWJLVFIKKT-UHFFFAOYSA-N","C9H11F9O",306.066618952,"CCCOCCC(F)(F)C(F)(F)C(F)(F)C(F)(F)F"
"DTXSID50895943","CAS_RN: 123825-50-3","SWGJHJPLSVAHJS-UHFFFAOYSA-N","C11H6F7N",285.038846732,"FC(F)(F)C(F)(F)C(F)(F)c1cc2ccccc2[nH]1"
"",NA,"SWOGHCSMAYFEBO-UHFFFAOYSA-N","C30H49F13O12",848.301643868,"OCCOCCOCCOCCOCCOCCOCCOCCOCCOCCOCCOCCC(F)(F)C(F)(F)C(F)(F)C(F)(F)C(F)(F)C(F)(F)F"
"DTXSID80756058","CAS_RN: 89932-69-4","SWTPFYIUUFAQGT-UHFFFAOYSA-N","C16H8F17NO",553.033443616,"CNC(=O)c1ccc(C(F)(F)C(F)(F)C(F)(F)C(F)(F)C(F)(F)C(F)(F)C(F)(F)C(F)(F)F)cc1"
"DTXSID5067841","CAS_RN: 34395-24-9","SWTZSHBOMGAQKX-UHFFFAOYSA-N","C17H7F25O2",718.004684964,"C=CC(=O)OCCC(F)(F)C(F)(F)C(F)(F)C(F)(F)C(F)(F)C(F)(F)C(F)(F)C(F)(F)C(F)(F)C(F)(F)C(F)(F)C(F)(F)F"
"DTXSID40895311","CAS_RN: 57216-75-8","SWWADTZXHRGDPA-UHFFFAOYSA-N","C11H3F19",495.993136276,"C=CC(F)(F)C(F)(F)C(F)(F)C(F)(F)C(F)(F)C(F)(F)C(F)(F)C(F)(F)C(F)(F)F"
"DTXSID00896041","CAS_RN: 188034-84-6","SXHOQRUJCYWAHB-UHFFFAOYSA-N","C17H9F17O3",584.028023888,"O=C(O)c1ccc(OCCC(F)(F)C(F)(F)C(F)(F)C(F)(F)C(F)(F)C(F)(F)C(F)(F)C(F)(F)F)cc1"
"DTXSID90893367","CAS_RN: 200862-70-0","SXOYJUDQQHVGHW-UHFFFAOYSA-N","C30H15ClF14O6S",804.00543196,"O=C(CC(=O)C(F)(F)C(F)(F)C(F)(F)F)c1ccc(-c2ccc(S(=O)(=O)Cl)cc2-c2ccc(C(=O)CC(=O)C(F)(F)C(F)(F)C(F)(F)F)cc2)cc1"
"","CAS_RN: 615563-01-4","SXPDQFMOOOYJJG-QXHBPUJVSA-N","C35H45F9O4",700.3174139,"C[C@]12CC[C@@H]3c4ccc(O)cc4C[C@@H](CCCCCCCCC(CCCC(F)(F)C(F)(F)C(F)(F)C(F)(F)F)C(=O)O)[C@H]3[C@@H]1CCC2=O"
"DTXSID60895338","CAS_RN: 935477-01-3","SXSREXZPYXYIST-UHFFFAOYSA-N","C9H2F16",413.990101584,"FC(F)(F)C=CC(F)(F)C(F)(F)C(F)(F)C(F)(F)C(F)(F)C(F)(F)F"
"",NA,"SXYNRHMECFGTNT-UHFFFAOYSA-N","C7H4F8O3",288.003269748,"O=C(O)COC(F)(F)C(F)(F)C(F)=CC(F)(F)F"
"DTXSID20881171","CAS_RN: 94200-49-4","AGKXMXVIKUJGIA-UHFFFAOYSA-N","C19H8F33O5P",973.958241246,"O=P(O)(O)OCC(O)CC(F)(F)C(F)(F)C(F)(F)C(F)(F)C(F)(F)C(F)(F)C(F)(F)C(F)(F)C(F)(F)C(F)(F)C(F)(F)C(F)(F)C(F)(F)C(F)(F)C(F)(F)C(F)(F)F"
"DTXSID30694133","CAS_RN: 1620992-19-9","SYLBHDWIEFOPOP-UHFFFAOYSA-N","C4F8O",215.98214038,"FC(OC(F)(F)F)=C(F)C(F)(F)F"
"DTXSID30694133","CAS_RN: 1621181-80-3","SYLBHDWIEFOPOP-UHFFFAOYSA-N","C4F8O",215.98214038,"FC(OC(F)(F)F)=C(F)C(F)(F)F"
"DTXSID20895591","CAS_RN: 4314-42-5","SYNCJBMZJQYPLW-UHFFFAOYSA-N","C5H4F7NO",227.018111288,"CNC(=O)C(F)(F)C(F)(F)C(F)(F)F"
"DTXSID70880194","CAS_RN: 3492-23-7","SYUPSOPAIUOEGW-UHFFFAOYSA-N","C8H4F12N2O2",388.008116008,"NC(=O)C(F)(F)C(F)(F)C(F)(F)C(F)(F)C(F)(F)C(F)(F)C(N)=O"
"DTXSID10184724","CAS_RN: 307-33-5","SYVYTZLRTMPUCD-UHFFFAOYSA-N","C8ClF17",453.94170742,"FC(F)(F)C(F)(F)C(F)(F)C(F)(F)C(F)(F)C(F)(F)C(F)(F)C(F)(F)Cl"
"DTXSID00190839","CAS_RN: 374-97-0","SZBKCQKJQAYJJN-UHFFFAOYSA-N","C4H2ClF7",217.973325284,"FC(F)(F)C(F)(F)C(F)(F)CCl"
"DTXSID50893287","CAS_RN: 70900-36-6","SZKQXLQBQOMQBW-UHFFFAOYSA-N","C27H30F13N3O8S",803.15460278,"C=C(C)C(=O)OCC(C)OC(=O)Nc1cc(NC(=O)OCCCCN(C)S(=O)(=O)C(F)(F)C(F)(F)C(F)(F)C(F)(F)C(F)(F)C(F)(F)F)ccc1C"
"DTXSID70893320","CAS_RN: 110570-90-6","SZMJWFGNINGJGQ-UHFFFAOYSA-N","C16H14F17NO4S",639.037208668,"C=CC(=O)OCCNCCCS(=O)(=O)C(F)(F)C(F)(F)C(F)(F)C(F)(F)C(F)(F)C(F)(F)C(F)(F)C(F)(F)F"
"DTXSID00399941","CAS_RN: 42409-05-2","SZQVETPSXXBSDR-UHFFFAOYSA-N","C6H3F9O3S",325.965918936,"C=COS(=O)(=O)C(F)(F)C(F)(F)C(F)(F)C(F)(F)F"
"DTXSID70379992","CAS_RN: 2340-84-3","SZUDACTYWYPFLY-UHFFFAOYSA-N","C11H5F17O",476.00689452,"OCC=CC(F)(F)C(F)(F)C(F)(F)C(F)(F)C(F)(F)C(F)(F)C(F)(F)C(F)(F)F"
"",NA,"SZVCFALUFWYFMZ-UHFFFAOYSA-O","C12H16F11N2O4S",493.065513412,"C[N+](C)(CCCNS(=O)(=O)C(F)(F)C(F)(F)C(F)(F)C(F)(F)C(F)(F)F)CC(=O)O"
"DTXSID40892507","CAS_RN: 763051-92-9","SZVGIJOITCPDPM-UHFFFAOYSA-N","C10HClF20O4S",631.896471592,"O=S(=O)(O)C(F)(F)C(F)(F)OC(F)(F)C(F)(F)C(F)(F)C(F)(F)C(F)(F)C(F)(F)C(F)(F)C(F)(F)Cl"
"DTXSID70165670","CAS_RN: 2264-25-7","JZHDEEOTEUVLHR-UHFFFAOYSA-N","C7H2F12O2",345.986317944,"O=C(O)C(F)(F)C(F)(F)C(F)(F)C(F)(F)C(F)(F)C(F)F"
"DTXSID6071908","CAS_RN: 68555-71-5","IOQHTIQMCISFKB-UHFFFAOYSA-N","C11H8F15NO4S",534.993452036,"CCN(CC(=O)O)S(=O)(=O)C(F)(F)C(F)(F)C(F)(F)C(F)(F)C(F)(F)C(F)(F)C(F)(F)F"
"DTXSID20896447","CAS_RN: 1355555-21-3","TTYMXZBACADDNW-UHFFFAOYSA-N","C16H17F7O4S",438.073577564,"CCc1c(C(=O)O)ccc(C(F)(C(F)(F)F)C(F)(F)F)c1S(=O)(=O)CC(C)C"
"",NA,"TTYOXVQDDBIUHB-UHFFFAOYSA-N","C9HF19O4S",565.929215692,"O=S(=O)(O)C(F)(F)C(F)(F)C(F)(F)C(F)(F)C(F)(F)C(F)(F)C(F)(F)C(F)(F)OC(F)(F)F"
"",NA,"TUBYPRYDODWAGN-UHFFFAOYSA-O","C14H24F9N2O7S2",567.088122088,"C[N+](C)(CCO)CCCN(CC(O)CS(=O)(=O)O)S(=O)(=O)C(F)(F)C(F)(F)C(F)(F)C(F)(F)F"
"",NA,"TUGVKYMLZWZEBQ-UHFFFAOYSA-N","C28H37F21O9",916.210225384,"OCCOCCOCCOCCOCCOCCOCCOCCOCCC(F)(F)C(F)(F)C(F)(F)C(F)(F)C(F)(F)C(F)(F)C(F)(F)C(F)(F)C(F)(F)C(F)(F)F"
"DTXSID40896060","CAS_RN: 122590-97-0","TUKGKGYCBQOMNC-UHFFFAOYSA-N","C11H6F9NO",339.030567792,"O=C(Nc1ccccc1)C(F)(F)C(F)(F)C(F)(F)C(F)(F)F"
"DTXSID90647766","CAS_RN: 71363-70-7","TUKNJUVZUHUEOX-UHFFFAOYSA-N","C20H20F26OSi2",826.06375204,"C[Si](C)(CCC(F)(F)C(F)(F)C(F)(F)C(F)(F)C(F)(F)C(F)(F)F)O[Si](C)(C)CCC(F)(F)C(F)(F)C(F)(F)C(F)(F)C(F)(F)C(F)(F)F"
"","CAS_RN: 66008-72-8","TUOHUMKQNSQWKE-UHFFFAOYSA-O","C17H24F13N2O4S",599.124920108,"CN(CCC[N+](C)(C)CCC(=O)O)S(=O)(=O)CCC(F)(F)C(F)(F)C(F)(F)C(F)(F)C(F)(F)C(F)(F)F"
"",NA,"TUPHKPNNQLAGOA-UHFFFAOYSA-N","C20H11F27O2",796.032791532,"C=C(C)CC(=O)OCCC(F)(F)C(F)(F)C(F)(F)C(F)(F)C(F)(F)C(F)(F)C(F)(F)C(F)(F)C(F)(F)C(F)(F)C(F)(F)C(F)(F)C(F)(F)F"
"DTXSID80897253","CAS_RN: 467220-84-4","TUQKZNYBICDFSC-FCAWWPLPSA-N","C9H9F9O5",368.030627368,"OC[C@@H]1O[C@H](O)[C@](O)(C(F)(F)C(F)(F)C(F)(F)C(F)(F)F)[C@H]1O"
"",NA,"TURDKCIJKOTGAN-UHFFFAOYSA-N","C11H18F9N2O4S",445.084357036,"C[N+](C)(CCO)CC(O)CNS(=O)(=O)C(F)(F)C(F)(F)C(F)(F)C(F)(F)F"
"DTXSID90896136","CAS_RN: 872186-76-0","TUUJHDIWSQTICP-UHFFFAOYSA-N","C12H5F7N2O2",342.02392494,"[N-]=[N+]=C(C(=O)c1ccccc1)C(=O)C(F)(F)C(F)(F)C(F)(F)F"
"DTXSID50405743","CAS_RN: 19116-61-1","TVBHYYFJOKDTPF-UHFFFAOYSA-N","C9H15F7O4Si",348.06278303,"CO[Si](CCCOC(F)(C(F)(F)F)C(F)(F)F)(OC)OC"
"DTXSID40627472","CAS_RN: 72372-80-6","TVOMDPDLBZJPTG-UHFFFAOYSA-N","C7H7F9O",278.035318824,"CCCOC(F)(F)C(F)(F)C(F)(F)C(F)(F)F"
"DTXSID10895565","CAS_RN: 197963-86-3","TVUYDMUUUVSPGO-UHFFFAOYSA-N","C8H5F13O",364.01328164,"CC(F)(F)OCC(F)(F)C(F)(F)C(F)(F)C(F)(F)C(F)(F)F"
"DTXSID60893172","CAS_RN: 103229-89-6","TWDHAMRDYDLSPH-UHFFFAOYSA-N","C6HF9O2",275.983283252,"O=C(O)C(F)=C(F)C(F)(C(F)(F)F)C(F)(F)F"
"",NA,"TWHCHVHSCCYMJT-UHFFFAOYSA-N","C8H5F13O4S",443.9700965,"O=S(=O)(O)C(O)CC(F)(F)C(F)(F)C(F)(F)C(F)(F)C(F)(F)C(F)(F)F"
"DTXSID00895519","CAS_RN: 34642-43-8","TWIYDBQRYCWOAU-UHFFFAOYSA-N","C4HF9O2S",283.955354252,"O=S(O)C(F)(F)C(F)(F)C(F)(F)C(F)(F)F"
"DTXSID50895180","CAS_RN: 129846-67-9","TWLUKCCXOGLBOR-UHFFFAOYSA-N","C7H5F9",260.02475414,"C=CCC(F)(F)C(F)(F)C(F)(F)C(F)(F)F"
"DTXSID60335704","CAS_RN: 134638-94-1","TWMBCWLVFGAURH-UHFFFAOYSA-N","C10H7F13O2",406.023846324,"CCCOC(=O)C(F)(F)C(F)(F)C(F)(F)C(F)(F)C(F)(F)C(F)(F)F"
"DTXSID70379912","CAS_RN: 18017-20-4","TWQMZHBMFUUHQN-UHFFFAOYSA-N","C9H4F15I",523.911821428,"FC(F)(F)C(F)(C(F)(F)F)C(F)(F)C(F)(F)C(F)(F)C(F)(F)CCI"
"",NA,"TWRHWDHUEHAXHU-IWQZZHSRSA-N","C14H2F24O",641.972241964,"O=C/C=C(\F)C(F)(F)C(F)(F)C(F)(F)C(F)(F)C(F)(F)C(F)(F)C(F)(F)C(F)(F)C(F)(F)C(F)(F)C(F)(F)F"
"DTXSID30382003","CAS_RN: 21652-57-3","TWWJQNJBBMHHAO-UHFFFAOYSA-N","C10H4BrF17",525.922491968,"FC(F)(F)C(F)(F)C(F)(F)C(F)(F)C(F)(F)C(F)(F)C(F)(F)C(F)(F)CCBr"
"DTXSID10893364","CAS_RN: 190394-25-3","TWYKYBTVPCIVEN-UHFFFAOYSA-N","C17H14F6S2",396.044111768,"Cc1cc(C2=C(c3cc(C)sc3C)C(F)(F)C(F)(F)C2(F)F)c(C)s1"
"",NA,"TXCJDGOAAYKATG-UHFFFAOYSA-O","C13H24F7N2O6S2",501.096401028,"C[N+](C)(CCO)CCCN(CCCS(=O)(=O)O)S(=O)(=O)C(F)(F)C(F)(F)C(F)(F)F"
"DTXSID50895403","CAS_RN: 110927-73-6","TXEZRHDYRLWBDY-UHFFFAOYSA-N","C10H2ClF17",479.957357484,"C=C(Cl)C(F)(F)C(F)(F)C(F)(F)C(F)(F)C(F)(F)C(F)(F)C(F)(F)C(F)(F)F"
"DTXSID50448190","CAS_RN: 181059-73-4","TXGCMMCUEKXCAG-UHFFFAOYSA-N","C12H6F7N",297.038846732,"FC(F)(F)C(F)(F)C(F)(F)c1ccnc2ccccc12"
"DTXSID30891564","CAS_RN: 757124-72-4","TXGIGTRUEITPSC-UHFFFAOYSA-N","C6H5F9O3S",327.981569,"O=S(=O)(O)CCC(F)(F)C(F)(F)C(F)(F)C(F)(F)F"
"DTXSID70382047","CAS_RN: 883499-32-9","TXGIYYDHRSACPQ-UHFFFAOYSA-N","C8H2F16O3S",481.946916444,"O=S(=O)(OCC(F)(F)C(F)(F)C(F)(F)F)C(F)(F)C(F)(F)C(F)(F)C(F)(F)F"
"DTXSID60583708","CAS_RN: 215186-99-5","TXGLPKAFRITSKI-UHFFFAOYSA-N","C21H17F27Sn",901.992107184,"C=C[CH2][Sn]([CH2]CC(F)(F)C(F)(F)C(F)(F)C(F)(F)F)([CH2]CC(F)(F)C(F)(F)C(F)(F)C(F)(F)F)[CH2]CC(F)(F)C(F)(F)C(F)(F)C(F)(F)F"
"DTXSID70897525","CAS_RN: 28677-00-1","TXGPGHBYAPBDAG-UHFFFAOYSA-N","C6F12",299.98083864,"FC(F)(F)C1(C(F)(F)F)C(F)(F)C(F)(F)C1(F)F"
"DTXSID00382151","CAS_RN: 136049-37-1","TXHZECVJWFWGDH-UHFFFAOYSA-N","C7H9F9O4SSi",387.984710278,"C[Si](C)(C)OS(=O)(=O)C(F)(F)C(F)(F)OC(F)(F)C(F)(F)F"
"DTXSID20897090","CAS_RN: 1401422-19-2","TXKZBRQFTAORHN-PXGSZKCMSA-N","C56H55F17N5O8P",1279.35168009,"COc1ccc(C(OC[C@H]2O[C@@H](n3ccc(NC(=O)c4ccccc4)nc3=O)C[C@@H]2OP(OCCC#N)N(C(C)C)C(C)C)(c2ccc(CCC(F)(F)C(F)(F)C(F)(F)C(F)(F)C(F)(F)C(F)(F)C(F)(F)C(F)(F)F)cc2)c2ccc(OC)cc2)cc1"
"DTXSID40895472","CAS_RN: 104564-28-5","TXLLWUJNKSALQH-UHFFFAOYSA-N","C16H3F29",745.977168476,"C=CC(F)(F)C(F)(F)C(F)(F)C(F)(F)C(F)(F)C(F)(F)C(F)(F)C(F)(F)C(F)(F)C(F)(F)C(F)(F)C(F)(F)C(F)(F)C(F)(F)F"
"","CAS_RN: 37759-88-9","TXMPTAHATHTQKU-UHFFFAOYSA-N","C14HF29O",735.956433032,"OC(F)(F)C(F)(F)C(F)(F)C(F)(F)C(F)(F)C(F)(F)C(F)(F)C(F)(F)C(F)(F)C(F)(F)C(F)(F)C(F)(F)C(F)(F)C(F)(F)F"
"DTXSID30892935",NA,"TXNZTTQBKZRWQR-UHFFFAOYSA-N","C8HClF16O3S",515.907944092,"O=S(=O)(O)C(F)(F)C(F)(F)C(F)(F)C(F)(F)C(F)(F)C(F)(F)C(F)(F)C(F)(F)Cl"
"DTXSID60881150","CAS_RN: 94159-79-2","TXTCMAJARJFSCQ-UHFFFAOYSA-N","C20H19F25N2O",778.109818728,"CN(C)CCCNCC(O)CC(F)(F)C(F)(F)C(F)(F)C(F)(F)C(F)(F)C(F)(F)C(F)(F)C(F)(F)C(F)(F)C(F)(F)C(F)(F)C(F)(F)F"
"DTXSID10895560","CAS_RN: 17165-56-9","TXTPUXJYPUSDTQ-UHFFFAOYSA-N","C8H7F7O2",268.033427004,"C=CCC(=O)OCC(F)(F)C(F)(F)C(F)(F)F"
"DTXSID20774317","CAS_RN: 188838-46-2","TXUFJTGLMQILHR-UHFFFAOYSA-N","C10H12F7NO",295.080711544,"CC(C)(C)C(N)=CC(=O)C(F)(F)C(F)(F)C(F)(F)F"
"DTXSID20379361","CAS_RN: 16059-16-8","TYEUBAWEDRQJFN-UHFFFAOYSA-N","C30H18F48N3O6P3",1520.964199746,"FC(F)C(F)(F)C(F)(F)C(F)(F)COP1(OCC(F)(F)C(F)(F)C(F)(F)C(F)F)=NP(OCC(F)(F)C(F)(F)C(F)(F)C(F)F)(OCC(F)(F)C(F)(F)C(F)(F)C(F)F)=NP(OCC(F)(F)C(F)(F)C(F)(F)C(F)F)(OCC(F)(F)C(F)(F)C(F)(F)C(F)F)=N1"
"DTXSID00880541","CAS_RN: 64018-25-3","TYIZCYGZKIZQIH-UHFFFAOYSA-N","C8H4ClF13",381.979394668,"FC(F)(F)C(F)(F)C(F)(F)C(F)(F)C(F)(F)C(F)(F)CCCl"
"DTXSID40371105","CAS_RN: 56927-83-4","TYMGDYKDZSSLJM-UHFFFAOYSA-N","C26H22F26O4S2",956.054434904,"O=C(C=CC(=O)OCCCSCCC(F)(F)C(F)(F)C(F)(F)C(F)(F)C(F)(F)C(F)(F)F)OCCCSCCC(F)(F)C(F)(F)C(F)(F)C(F)(F)C(F)(F)C(F)(F)F"
"DTXSID8061979","CAS_RN: 1799-84-4","TYNRPOFACABVSI-UHFFFAOYSA-N","C10H9F9O2",332.045883508,"C=C(C)C(=O)OCCC(F)(F)C(F)(F)C(F)(F)C(F)(F)F"
"DTXSID90896398","CAS_RN: 1355554-03-8","TYRUJIWJMQTQAU-UHFFFAOYSA-N","C14H13F7O2S",378.052448196,"CCCSc1c(C(F)(C(F)(F)F)C(F)(F)F)ccc(C(=O)O)c1C"
"DTXSID40896520","CAS_RN: 330154-39-7","TYVNTBOMXDFSAY-UHFFFAOYSA-N","C13H9F17O4",552.022938508,"CCC(C)OC(=O)C(F)(OC(F)(F)C(F)(OC(F)(F)C(F)(F)C(F)(F)F)C(F)(F)F)C(F)(F)F"
"DTXSID00896985","CAS_RN: 3108-05-2","TYWLMXXVTNXETF-UHFFFAOYSA-N","C8H8F7IO2",395.945725036,"CC(=O)OCC(I)CC(F)(F)C(F)(F)C(F)(F)F"
"",NA,"TYXFDFHNVFUWGU-UHFFFAOYSA-O","C18H28F13N2O8S2",711.107949716,"C[N+](C)(CCC(CO)N(CCCS(=O)(=O)O)S(=O)(=O)C(F)(F)C(F)(F)C(F)(F)C(F)(F)C(F)(F)C(F)(F)F)CC(O)CO"
"",NA,"TYYJXXALPSRMOH-UHFFFAOYSA-N","C32H53F13O13",892.327858616,"OCCOCCOCCOCCOCCOCCOCCOCCOCCOCCOCCOCCOCCC(F)(F)C(F)(F)C(F)(F)C(F)(F)C(F)(F)C(F)(F)F"
"DTXSID10896370","CAS_RN: 1353009-38-7","TZCHQKSQEHQAMP-UHFFFAOYSA-N","C10H16F7NO2S",347.078997292,"CNCCCCS(=O)(=O)CCC(F)(C(F)(F)F)C(F)(F)F"
"",NA,"TZCNLEFTWVBTTI-UHFFFAOYSA-N","C15H3F25O4",721.963214076,"O=C(O)C(F)C(F)(F)C(F)(F)C(F)(F)C(F)(F)C(F)(F)C(F)(F)C(F)(F)C(F)(F)C(F)(F)C(F)(F)C(F)(F)C(F)(F)C(=O)O"
"DTXSID10895247","CAS_RN: 2266-43-5","TZDLXSQBIYOTMV-UHFFFAOYSA-N","C6H7F7O2",244.033427004,"OCCOCC(F)(F)C(F)(F)C(F)(F)F"
"","CAS_RN: 203201-05-2","TZDXLQYBVHDLNK-UHFFFAOYSA-N","C14H10F7N3O4",417.05595334,"CC(=CC(=O)C(F)(F)C(F)(F)C(F)(F)F)NNC(=O)c1ccc([N+](=O)[O-])cc1"
"DTXSID60880966","CAS_RN: 73019-20-2","TZGYROAPHGJQIG-UHFFFAOYSA-N","C33H26F34N4O6S2",1284.075086032,"CCCN(CCNC(=O)c1ccc(C)c(C(=O)NCCN(C)S(=O)(=O)C(F)(F)C(F)(F)C(F)(F)C(F)(F)C(F)(F)C(F)(F)C(F)(F)C(F)(F)F)c1)S(=O)(=O)C(F)(F)C(F)(F)C(F)(F)C(F)(F)C(F)(F)C(F)(F)C(F)(F)C(F)(F)F"
"DTXSID30880433","CAS_RN: 34455-22-6","TZIPMEZQXPAKPK-UHFFFAOYSA-N","C13H17F13N2O2S",512.080315644,"CN(C)CCCNS(=O)(=O)CCC(F)(F)C(F)(F)C(F)(F)C(F)(F)C(F)(F)C(F)(F)F"
"DTXSID80896569","CAS_RN: 1882109-59-2","TZIYPPGHIRPIHL-UHFFFAOYSA-N","C8HF15O2",413.973702572,"O=C(O)C(C(F)(F)F)(C(F)(F)C(F)(F)F)C(F)(C(F)(F)F)C(F)(F)F"
"DTXSID0072356","CAS_RN: 71463-81-5","TZKLRKQCIBXVQE-UHFFFAOYSA-N","C16H21F15NO5PS",655.063853702,"CCOP(=O)(CCCN(CC)S(=O)(=O)C(F)(F)C(F)(F)C(F)(F)C(F)(F)C(F)(F)C(F)(F)C(F)(F)F)OCC"
"DTXSID60880148","CAS_RN: 68188-12-5","TZNRRNKRZXHADL-UHFFFAOYSA-N","C5H4F7I",323.924595668,"FC(F)(F)C(F)(F)C(F)(F)CCI"
"DTXSID00880122","CAS_RN: 307-50-6","TZOCNIUPCRBERM-UHFFFAOYSA-N","C11F23I",695.86774706,"FC(F)(F)C(F)(F)C(F)(F)C(F)(F)C(F)(F)C(F)(F)C(F)(F)C(F)(F)C(F)(F)C(F)(F)C(F)(F)I"
"DTXSID60896401","CAS_RN: 1355554-12-9","TZRKRIPOSNUFSS-UHFFFAOYSA-N","C15H15F7O2S",392.06809826,"Cc1c(C(=O)O)ccc(C(F)(C(F)(F)F)C(F)(F)F)c1SCC(C)C"
"DTXSID30790740","CAS_RN: 678-93-3","UAAOSQWHVBRSMT-UHFFFAOYSA-N","C8H11F7O2",272.064727132,"OCCC(CCO)C(F)(F)C(F)(F)C(F)(F)F"
"DTXSID10437924","CAS_RN: 147274-18-8","UAEMJXPBHSWBQB-UHFFFAOYSA-N","C10H9F13O2",408.039496388,"OCC(O)CCC(F)(F)C(F)(F)C(F)(F)C(F)(F)C(F)(F)C(F)(F)F"
"DTXSID70895283","CAS_RN: 100646-05-7","UAEWLONMSWUOCA-UHFFFAOYSA-N","C7F14",349.97764508,"FC(=C(F)C(F)(F)C(F)(F)C(F)(F)F)C(F)(F)C(F)(F)F"
"DTXSID70895283","CAS_RN: 71039-88-8","UAEWLONMSWUOCA-UHFFFAOYSA-N","C7F14",349.97764508,"FC(=C(F)C(F)(F)C(F)(F)C(F)(F)F)C(F)(F)C(F)(F)F"
"DTXSID10191034","CAS_RN: 376-22-7","UAFOIVDGAVVKTE-UHFFFAOYSA-N","C9F18",449.97125796,"FC(F)=C(F)C(F)(F)C(F)(F)C(F)(F)C(F)(F)C(F)(F)C(F)(F)C(F)(F)F"
"DTXSID50895286","CAS_RN: 92835-74-0","UAKCXZYWOHJHOQ-UHFFFAOYSA-N","C14H12F17I",629.971228124,"CCCCC(I)CC(F)(F)C(F)(F)C(F)(F)C(F)(F)C(F)(F)C(F)(F)C(F)(F)C(F)(F)F"
"DTXSID70896119","CAS_RN: 93128-66-6","UAOPHMUQOMFCMQ-UHFFFAOYSA-N","C16H16F17NO3S",625.057944112,"CN(CC(=O)O)CC(O)CSCCC(F)(F)C(F)(F)C(F)(F)C(F)(F)C(F)(F)C(F)(F)C(F)(F)C(F)(F)F"
"DTXSID00832080","CAS_RN: 87613-26-1","UARYAHHBHPRGQL-UHFFFAOYSA-N","C8H8F7NO2",283.044326036,"CCOC(=O)C=C(N)C(F)(F)C(F)(F)C(F)(F)F"
"DTXSID3031864","CAS_RN: 29081-56-9","YFSUTJLHUFNCNZ-UHFFFAOYSA-N","C8HF17O3S",499.937494632,"O=S(=O)(O)C(F)(F)C(F)(F)C(F)(F)C(F)(F)C(F)(F)C(F)(F)C(F)(F)C(F)(F)F"
"DTXSID00895256","CAS_RN: 7618-17-9","UBEKWJSJCWEAHM-UHFFFAOYSA-N","C7H6F10O",296.025897012,"CC(O)C(F)(F)C(F)C(F)(F)C(F)(F)C(F)(F)F"
"DTXSID30773270","CAS_RN: 193008-44-5","UBFQJYVHHMWXJH-UHFFFAOYSA-N","C5H4F7NO2",243.013025908,"CN(O)C(=O)C(F)(F)C(F)(F)C(F)(F)F"
"DTXSID80897511","CAS_RN: 1132677-78-1","UBGPASCOGXQXLD-UHFFFAOYSA-N","C13H8F18O3",554.018602076,"O=C(OCCC(F)(F)C(F)(F)C(F)(F)C(F)(F)F)OCCC(F)(F)C(F)(F)C(F)(F)C(F)(F)F"
"DTXSID70241125","CAS_RN: 94231-58-0","UBJGZTCVIFHNPM-UHFFFAOYSA-N","C13H6F20O",558.009929212,"C=COCC(F)(F)C(F)(F)C(F)(F)C(F)(F)C(F)(F)C(F)(F)C(F)(F)C(F)(F)C(F)(F)C(F)F"
"DTXSID3059925","CAS_RN: 376-50-1","UBMQHNSEGKYMTP-UHFFFAOYSA-N","C10H10F8O4",346.04513456,"CCOC(=O)C(F)(F)C(F)(F)C(F)(F)C(F)(F)C(=O)OCC"
"DTXSID10896198","CAS_RN: 446043-85-2","UBMTYFFPSPVBSP-UHFFFAOYSA-N","C28H8F26S4",965.909367976,"FC(F)(F)C(F)(F)C(F)(F)C(F)(F)C(F)(F)C(F)(F)c1ccc(-c2ccc(-c3ccc(-c4ccc(C(F)(F)C(F)(F)C(F)(F)C(F)(F)C(F)(F)C(F)(F)F)s4)s3)s2)s1"
"",NA,"UBSZWJXDYPGIHZ-UHFFFAOYSA-O","C23H20F29N2O4S",971.0680715,"C[N+](C)(CCCNS(=O)(=O)CCC(F)(F)C(F)(F)C(F)(F)C(F)(F)C(F)(F)C(F)(F)C(F)(F)C(F)(F)C(F)(F)C(F)(F)C(F)(F)C(F)(F)C(F)(F)C(F)(F)F)CC(=O)O"
"DTXSID60184471","CAS_RN: 30389-25-4","UCHSAVGOZUCXHC-UHFFFAOYSA-N","C12H3F21",545.989942716,"C=CC(F)(F)C(F)(F)C(F)(F)C(F)(F)C(F)(F)C(F)(F)C(F)(F)C(F)(F)C(F)(F)C(F)(F)F"
"DTXSID20895511","CAS_RN: 66249-23-8","UCNNHLVACSTCPR-UHFFFAOYSA-N","C12H5F9",320.02475414,"FC(F)(F)C(F)(F)C(F)(F)C(F)(F)C#Cc1ccccc1"
"DTXSID30380766","CAS_RN: 307-93-7","UCRSPYLHWASUKR-UHFFFAOYSA-N","C10H3F15O2",439.989352636,"C=COC(=O)C(F)(F)C(F)(F)C(F)(F)C(F)(F)C(F)(F)C(F)(F)C(F)(F)F"
"DTXSID30881162","CAS_RN: 94159-88-3","UCXJEPZAXJRBAT-UHFFFAOYSA-N","C14H11F17O2",534.048759332,"CC1(C)OCC(CC(F)(F)C(F)(F)C(F)(F)C(F)(F)C(F)(F)C(F)(F)C(F)(F)C(F)(F)F)O1"
"DTXSID50895569","CAS_RN: 336-65-2","UCZXOGFHGJONAJ-UHFFFAOYSA-N","C10H13F7O2",298.080377196,"CCCCCCOC(=O)C(F)(F)C(F)(F)C(F)(F)F"
"DTXSID50597571","CAS_RN: 356-00-3","UDAAMHMYEJUEDJ-UHFFFAOYSA-N","C6H5F7O",226.02286232,"C=COCC(F)(F)C(F)(F)C(F)(F)F"
"DTXSID40896601","CAS_RN: 1192593-79-5","UDFRHYDOIIBODA-UHFFFAOYSA-N","C8HF15O2",413.973702572,"O=C(O)C(F)(F)C(F)(F)C(C(F)(F)F)(C(F)(F)F)C(F)(F)C(F)(F)F"
"DTXSID50371297","CAS_RN: 38436-14-5","UDFSAZKDTBRQDY-UHFFFAOYSA-N","C6H4BrF9",325.935266208,"FC(F)(F)C(F)(F)C(F)(F)C(F)(F)CCBr"
"DTXSID30895320","CAS_RN: 863126-44-7","UDLCDYBILHMVLL-UHFFFAOYSA-N","C25H39F13",586.284418108,"CCCCCCCCCCCCCCCCCCCC(F)(F)C(F)(F)C(F)(F)C(F)(F)C(F)(F)C(F)(F)F"
"DTXSID50896298","CAS_RN: 1840-17-1","UDLSJLBLIOSNHV-UHFFFAOYSA-N","C5HF9",231.993454012,"FC(F)=CC(F)(C(F)(F)F)C(F)(F)F"
"",NA,"UDMWVFHEBLOKGY-UHFFFAOYSA-O","C16H22F13N2O8S2",681.060999524,"C[N+](C)(CCCN(CC(=O)O)S(=O)(=O)C(F)(F)C(F)(F)C(F)(F)C(F)(F)C(F)(F)C(F)(F)F)CC(O)CS(=O)(=O)O"
"DTXSID50896495","CAS_RN: 243128-41-8","UDRGWQXICZMATL-UHFFFAOYSA-N","C8H7F11O2",344.027039884,"OCCCC(F)(OC(F)(F)C(F)(F)C(F)(F)F)C(F)(F)F"
"DTXSID80758653","CAS_RN: 93417-72-2","UDVMHSDMSOYXMC-UHFFFAOYSA-N","C7H3BrF12O",409.917565456,"OC(CBr)(C(F)(F)C(F)(F)F)C(F)(F)C(F)(F)C(F)(F)F"
"DTXSID8059974","CAS_RN: 423-62-1","UDWBMXSQHOHKOI-UHFFFAOYSA-N","C10F21I",645.87094062,"FC(F)(F)C(F)(F)C(F)(F)C(F)(F)C(F)(F)C(F)(F)C(F)(F)C(F)(F)C(F)(F)C(F)(F)I"
"","CAS_RN: 56689-47-5","GCTMXWUUEYFTEL-LSURFNHSSA-N","C10H11F7O2",296.064727132,"[2H]C(C(=O)C(F)(F)C(F)(F)C(F)(F)F)=C(O)C(C([2H])([2H])[2H])(C([2H])([2H])[2H])C([2H])([2H])[2H]"
"DTXSID4059916","CAS_RN: 2966-54-3","YPJUNDFVDDCYIH-UHFFFAOYSA-N","C4HF7O2",213.986476812,"O=C(O)C(F)(F)C(F)(F)C(F)(F)F"
"DTXSID30896554","CAS_RN: 70627-97-3","UEECKBUYHXWTDF-UHFFFAOYSA-N","C15F22O3",645.9496147,"O=C(c1c(F)c(F)c(F)c(F)c1F)C(F)(OC(F)(F)C(F)(OC(F)(F)C(F)(F)C(F)(F)F)C(F)(F)F)C(F)(F)F"
"DTXSID7074329","CAS_RN: 773-14-8","UEOZRAZSBQVQKG-UHFFFAOYSA-N","C4F8O",215.98214038,"FC1(F)OC(F)(F)C(F)(F)C1(F)F"
"DTXSID20880982","CAS_RN: 908020-52-0","HDLFODOGTBJVKF-UHFFFAOYSA-N","C6HF11O4",345.969918932,"O=C(O)C(F)(F)OC(F)(F)C(F)(F)OC(F)(F)C(F)(F)F"
"DTXSID60330471","CAS_RN: 40630-22-6","UEVZLRBJDKYWDS-UHFFFAOYSA-N","C5H3F9O2S",297.971004316,"CS(=O)(=O)C(F)(F)C(F)(F)C(F)(F)C(F)(F)F"
"",NA,"UEYLQBDKJLWZKD-OWOJBTEDSA-N","C11HF19O2",525.967315452,"O=C(O)C(F)(F)C(F)(F)C(F)(F)C(F)(F)C(F)(F)C(F)(F)C(F)(F)/C(F)=C(\F)C(F)(F)F"
"DTXSID60893374","CAS_RN: 261503-44-0","UEYXJPFQJDFMGD-UHFFFAOYSA-N","C8HF13",343.987066892,"C#CC(C(F)(F)F)(C(F)(F)F)C(F)(F)C(F)(F)C(F)(F)F"
"","CAS_RN: 425670-64-0","XNUYPROIFFCXAE-UHFFFAOYSA-N","C24H25S",345.1676968,"c1ccc([S+](c2ccccc2)c2ccc(C3CCCCC3)cc2)cc1"
"DTXSID10895222","CAS_RN: 425-22-9","UFFMDNJCTCOCIX-UHFFFAOYSA-N","C7H7F7O",240.038512384,"CCCC(=O)C(F)(F)C(F)(F)C(F)(F)F"
"DTXSID10861881","CAS_RN: NOCAS_861881","UFFSXJKVKBQEHC-UHFFFAOYSA-N","C8F14O3",409.96238894,"O=C(OC(=O)C(F)(F)C(F)(F)C(F)(F)F)C(F)(F)C(F)(F)C(F)(F)F"
"DTXSID10896153","CAS_RN: 121806-67-5","UFJLYZKVFUIJGQ-UHFFFAOYSA-N","C10H4Cl2F7NO",356.955816648,"O=C(Nc1cc(Cl)ccc1Cl)C(F)(F)C(F)(F)C(F)(F)F"
"",NA,"UFLUYVACICEHCZ-UHFFFAOYSA-O","C14H24F9N2O6S2",551.093207468,"C[N+](C)(CCO)CCCN(CCCS(=O)(=O)O)S(=O)(=O)C(F)(F)C(F)(F)C(F)(F)C(F)(F)F"
"DTXSID50846778","CAS_RN: 917920-92-4","UFNWGGMBQYWKGS-UHFFFAOYSA-N","C18H13F7N2O2",422.086525196,"O=C(NCC(F)(F)C(F)(F)C(F)(F)F)c1cccc(NC(=O)c2ccccc2)c1"
"DTXSID10379855","CAS_RN: 152128-75-1","UFXJXRIUXCGTRG-UHFFFAOYSA-N","C16H19F13",458.127917468,"CCCCCCCCC=CC(F)(F)C(F)(F)C(F)(F)C(F)(F)C(F)(F)C(F)(F)F"
"DTXSID10379855","CAS_RN: 120464-27-9","UFXJXRIUXCGTRG-UHFFFAOYSA-N","C16H19F13",458.127917468,"CCCCCCCCC=CC(F)(F)C(F)(F)C(F)(F)C(F)(F)C(F)(F)C(F)(F)F"
"DTXSID60367287","CAS_RN: 5141-88-8","UFXWGKWUEQVCSK-UHFFFAOYSA-N","C9H7F7N2",276.049745764,"Nc1cc(N)cc(C(F)(F)C(F)(F)C(F)(F)F)c1"
"DTXSID7040150","CAS_RN: 68259-08-5","QZHDEAJFRJCDMF-UHFFFAOYSA-N","C6HF13O3S",399.943881752,"O=S(=O)(O)C(F)(F)C(F)(F)C(F)(F)C(F)(F)C(F)(F)C(F)(F)F"
"DTXSID10694136","CAS_RN: 24010-46-6","UGHJWZHBCXGSAY-UHFFFAOYSA-N","C7F14",349.97764508,"FC(=C(F)C(F)(F)C(F)(F)C(F)(F)C(F)(F)F)C(F)(F)F"
"DTXSID10694136","CAS_RN: 1582-32-7","UGHJWZHBCXGSAY-UHFFFAOYSA-N","C7F14",349.97764508,"FC(=C(F)C(F)(F)C(F)(F)C(F)(F)C(F)(F)F)C(F)(F)F"
"","CAS_RN: 335-90-0","SIXGWDZLDUUIHP-UHFFFAOYSA-N","C14H16F15N2O",513.102311432,"C[N+](C)(C)CCCNC(F)(F)C(F)(F)C(F)(F)C(F)(F)C(F)(F)C(F)(F)C(F)(F)C(=O)F"
"DTXSID60195123","CAS_RN: 423-54-1","UGMUDSKJLAUMTC-UHFFFAOYSA-N","C8H2F15NO",412.989686984,"NC(=O)C(F)(F)C(F)(F)C(F)(F)C(F)(F)C(F)(F)C(F)(F)C(F)(F)F"
"",NA,"UGZSEVFDTINITD-UHFFFAOYSA-N","C6H8F5NO4S",285.009419836,"CCN(CC(=O)O)S(=O)(=O)C(F)(F)C(F)(F)F"
"DTXSID00437731","CAS_RN: 56347-79-6","UHASMEVRHWRZKF-UHFFFAOYSA-N","C12F22O6",657.93435856,"O=C(OOC(=O)C(F)(OC(F)(F)C(F)(F)C(F)(F)F)C(F)(F)F)C(F)(OC(F)(F)C(F)(F)C(F)(F)F)C(F)(F)F"
"DTXSID10896193","CAS_RN: 445258-02-6","UHBSTFSCOKJDGJ-UHFFFAOYSA-N","C15H9F13N2O",480.050729768,"Cc1ccc(C=NNC(=O)C(F)(F)C(F)(F)C(F)(F)C(F)(F)C(F)(F)C(F)(F)F)cc1"
"",NA,"UHCSCHGCOSOIRD-UHFFFAOYSA-O","C12H14F12NO2",432.083292328,"C[N+](C)(CCC(F)C(F)(F)C(F)(F)C(F)(F)C(F)(F)C(F)(F)F)CC(=O)O"
"DTXSID4062933","CAS_RN: 3248-61-1","UHFPYSDLCDSLDC-UHFFFAOYSA-N","C13F27I",795.86135994,"FC(F)(F)C(F)(C(F)(F)F)C(F)(F)C(F)(F)C(F)(F)C(F)(F)C(F)(F)C(F)(F)C(F)(F)C(F)(F)C(F)(F)C(F)(F)I"
"DTXSID40896348","CAS_RN: 51114-06-8","UHKOUSSBPLTBCB-UHFFFAOYSA-N","C11H7F7O2",304.033427004,"COC(=O)c1ccc(C(F)(C(F)(F)F)C(F)(F)F)cc1"
"DTXSID60895636","CAS_RN: 114221-76-0","UHNUYVNSKZRHTM-UHFFFAOYSA-N","C46H42F50I2",1798.057758344,"FC(F)(F)C(F)(F)C(F)(F)C(F)(F)C(F)(F)C(F)(F)C(F)(F)C(F)(F)C(F)(F)C(F)(F)C(F)(F)C(F)(F)CC(I)CCCCCCCCCCCCCCCCCCC(I)CC(F)(F)C(F)(F)C(F)(F)C(F)(F)C(F)(F)C(F)(F)C(F)(F)C(F)(F)C(F)(F)C(F)(F)C(F)(F)C(F)(F)F"
"DTXSID70896038","CAS_RN: 1606997-41-4","UHUPWLAKMLPWSV-UHFFFAOYSA-N","C12H7F9OS",370.007389824,"C=C(c1ccccc1)S(=O)C(F)(F)C(F)(F)C(F)(F)C(F)(F)F"
"DTXSID80895572","CAS_RN: 1334419-24-7","UHVIBVXXGUDLQH-UHFFFAOYSA-N","C11H7F13O",402.028931704,"C#CCOCCC(F)(F)C(F)(F)C(F)(F)C(F)(F)C(F)(F)C(F)(F)F"
"DTXSID40892966",NA,"UHZQIGSIOSKJND-UHFFFAOYSA-O","C14H20F9N2O6S",515.08983634,"C[N+](C)(CCCN(CCC(=O)O)S(=O)(=O)C(F)(F)C(F)(F)C(F)(F)C(F)(F)F)CC(=O)O"
"DTXSID10896451","CAS_RN: 862130-66-3","UIANMSRJAQSTDA-UHFFFAOYSA-N","C25H17F9N2O2",548.114631764,"Cc1cc(C(F)(C(F)(F)F)C(F)(F)F)cc(C)c1NC(=O)c1cccc(NC(=O)c2ccc(F)cc2F)c1"
"DTXSID90896030","CAS_RN: 73602-42-3","UIDMHGBETJKWEZ-UHFFFAOYSA-N","C13H10F17NO",519.04909368,"CCCCNC(=O)C(F)(F)C(F)(F)C(F)(F)C(F)(F)C(F)(F)C(F)(F)C(F)(F)C(F)(F)F"
"DTXSID40285778","CAS_RN: 37172-87-5","UIGUVAREBFMONS-UHFFFAOYSA-N","C10H9F7O2",294.049077068,"O=C1CCCCC1C(=O)C(F)(F)C(F)(F)C(F)(F)F"
"DTXSID3031862","CAS_RN: 2923-26-4","PXUULQAPEKKVAH-UHFFFAOYSA-N","C6HF11O2",313.980089692,"O=C(O)C(F)(F)C(F)(F)C(F)(F)C(F)(F)C(F)(F)F"
"DTXSID80895976","CAS_RN: 20897-65-8","UIVKNBKEEUUPPJ-UHFFFAOYSA-N","C9H4F7NO2",291.013025908,"O=C(O)c1ccnc(C(F)(F)C(F)(F)C(F)(F)F)c1"
"",NA,"UIXKOWGEOXTTPW-UHFFFAOYSA-N","C7HClF14O3S",465.911137652,"O=S(=O)(O)C(F)(F)C(F)(F)C(F)(F)C(F)(F)C(F)(F)C(F)(F)C(F)(F)Cl"
"DTXSID6071665","CAS_RN: 68555-76-0","UIZUTEDYGNRNSW-UHFFFAOYSA-N","C10H8F15NO3S",506.998537416,"CN(CCO)S(=O)(=O)C(F)(F)C(F)(F)C(F)(F)C(F)(F)C(F)(F)C(F)(F)C(F)(F)F"
"DTXSID70896078","CAS_RN: 106376-36-7","UJBGCMKVPMWSOM-UHFFFAOYSA-N","C10H5ClF7NO",322.994789,"O=C(Nc1cccc(Cl)c1)C(F)(F)C(F)(F)C(F)(F)F"
"DTXSID60896704","CAS_RN: 61726-45-2","UJGOERJAHVHANM-UHFFFAOYSA-N","C14H10F21O3P",656.00322343,"COP(=O)(CCC(F)(F)C(F)(F)C(F)(F)C(F)(F)C(F)(F)C(F)(F)C(F)(F)C(F)(F)C(F)(F)C(F)(F)F)OC"
"DTXSID20896205","CAS_RN: 23375-29-3","UJIJCTJJFCYMGG-UHFFFAOYSA-N","C10H4F11NO2S",410.978709788,"O=S(=O)(Nc1ccc(F)cc1F)C(F)(F)C(F)(F)C(F)(F)C(F)(F)F"
"","CAS_RN: 70900-34-4","UJJKZLHNWMZYJC-UHFFFAOYSA-N","C29H30F17N3O8S",903.14821566,"C=C(C)C(=O)OCC(C)OC(=O)Nc1cc(NC(=O)OCCCCN(C)S(=O)(=O)C(F)(F)C(F)(F)C(F)(F)C(F)(F)C(F)(F)C(F)(F)C(F)(F)C(F)(F)F)ccc1C"
"DTXSID60896507","CAS_RN: 340034-57-3","UJKLXHUBMDNJOB-UHFFFAOYSA-N","C10H9F11O3",386.037604568,"CCC(C)OC(=O)C(F)(OC(F)(F)C(F)(F)C(F)(F)F)C(F)(F)F"
"DTXSID30895582","CAS_RN: 114221-79-3","UJOWZAIRTQOZQR-UHFFFAOYSA-N","C46H44F50",1546.264462408,"FC(F)(F)C(F)(F)C(F)(F)C(F)(F)C(F)(F)C(F)(F)C(F)(F)C(F)(F)C(F)(F)C(F)(F)C(F)(F)C(F)(F)CCCCCCCCCCCCCCCCCCCCCCC(F)(F)C(F)(F)C(F)(F)C(F)(F)C(F)(F)C(F)(F)C(F)(F)C(F)(F)C(F)(F)C(F)(F)C(F)(F)C(F)(F)F"
"",NA,"UJPHLTJQINHILM-UHFFFAOYSA-N","C16HF31O",797.953239472,"OC(F)(F)C(F)(F)C(F)(F)C(F)(F)C(F)(F)C(F)(F)C(F)(F)C(F)(F)C(F)(F)C(F)(F)C(F)(F)C(F)(F)C(F)(F)C(F)=C(F)C(F)(F)F"
"DTXSID10896592","CAS_RN: 1195164-59-0","NJLCWERAEIXEIB-UHFFFAOYSA-N","C8HF15O2",413.973702572,"O=C(O)C(F)(C(F)(F)C(F)(F)F)C(F)(F)C(F)(F)C(F)(F)C(F)(F)F"
"DTXSID30895188","CAS_RN: 234433-63-7","UJXMIOVGPWESNH-UHFFFAOYSA-N","C13H19F9",346.134304588,"CCCCCCCCCC(F)(F)C(F)(F)C(F)(F)C(F)(F)F"
"DTXSID10895969","CAS_RN: 1463530-16-6","UKBIKHOGARYBLY-UHFFFAOYSA-N","C11H4F11NO2",391.006638788,"O=[N+]([O-])c1cccc(C(F)(F)C(F)(F)C(F)(F)C(F)(F)C(F)(F)F)c1"
"DTXSID10776885","CAS_RN: 154628-01-0","UKFBBTCWDMDAGL-UHFFFAOYSA-N","C24H37F13",572.268768044,"CCCCCCCCCCCCCCCCCCC(F)(F)C(F)(F)C(F)(F)C(F)(F)C(F)(F)C(F)(F)F"
"","CAS_RN: 94492-37-2","VXRFGLWDRGRAAM-UHFFFAOYSA-N","C13H17F13N2O3S",528.075230264,"CN(CCCNC(F)(F)C(F)(F)C(F)(F)C(F)(F)C(F)(F)C(F)(F)F)CCCS(=O)(=O)O"
"DTXSID70226230","CAS_RN: 7526-47-8","UKLAQVBZLGYWDP-UHFFFAOYSA-N","C18H24F7O2P",436.140214178,"CCCCP(=O)(CCCC)Oc1ccc(CC(F)(F)C(F)(F)C(F)(F)F)cc1"
"DTXSID3070886","CAS_RN: 67939-92-8","UKMBKFIROBWXCF-UHFFFAOYSA-N","C20H19F26N2O8PS2",1003.990527918,"CCN(CCOP(=O)(O)OCCN(CC)S(=O)(=O)C(F)(F)C(F)(F)C(F)(F)C(F)(F)C(F)(F)C(F)(F)F)S(=O)(=O)C(F)(F)C(F)(F)C(F)(F)C(F)(F)C(F)(F)C(F)(F)F"
"DTXSID2070342","CAS_RN: 65702-24-1","UKNLPYXLGGKLMW-UHFFFAOYSA-N","C11H4ClF19O2S",595.931714228,"O=S(=O)(Cl)CCC(F)(F)C(F)(F)C(F)(F)C(F)(F)C(F)(F)C(F)(F)C(F)(F)C(F)(F)C(F)(F)F"
"DTXSID60880224","CAS_RN: 16083-78-6","UKOJGDIRVHIDJM-UHFFFAOYSA-N","C21H9F31O3",898.005668968,"C=CC(=O)OCC(O)CC(F)(F)C(F)(F)C(F)(F)C(F)(F)C(F)(F)C(F)(F)C(F)(F)C(F)(F)C(F)(F)C(F)(F)C(F)(F)C(F)(F)C(F)(C(F)(F)F)C(F)(F)F"
"DTXSID701015592",NA,"UKSIVJMJWXWJRY-UHFFFAOYSA-N","C14H2F24O4",689.956985824,"O=C(O)C(F)(F)C(F)(F)C(F)(F)C(F)(F)C(F)(F)C(F)(F)C(F)(F)C(F)(F)C(F)(F)C(F)(F)C(F)(F)C(F)(F)C(=O)O"
"DTXSID60895257","CAS_RN: 182130-15-0","UKTBRZQVLVYOAA-UHFFFAOYSA-N","C15H15F17",518.09023022,"CCCCCCCC(F)(F)C(F)(F)C(F)(F)C(F)(F)C(F)(F)C(F)(F)C(F)(F)C(F)(F)F"
"DTXSID50881088",NA,"UKYURESKXPQWHO-UHFFFAOYSA-N","C6HClF12O3S",415.914331212,"O=S(=O)(O)C(F)(Cl)C(F)(F)C(F)(F)C(F)(F)C(F)(F)C(F)(F)F"
"DTXSID20285776","CAS_RN: 559-91-1","UKYZDGAVBNKBPQ-UHFFFAOYSA-N","C10H5F7O",274.02286232,"O=C(c1ccccc1)C(F)(F)C(F)(F)C(F)(F)F"
"DTXSID10183954","CAS_RN: 29819-80-5","ULEAHVRSLJRGPK-UHFFFAOYSA-N","C5H6F4O",158.035477692,"C=COCC(F)(F)C(F)F"
"DTXSID90896752","CAS_RN: 144862-40-8","ULJNEXUPBGJFCH-VLCYITPWSA-N","C14H11F11N2O7",528.039061112,"O=c1[nH]c(=O)n([C@@H]2O[C@H](CO)[C@@H](O)[C@H]2O)cc1C(F)(OC(F)(F)C(F)(F)C(F)(F)F)C(F)(F)F"
"DTXSID8070887","CAS_RN: 67939-97-3","YCAARETZDBIMDL-UHFFFAOYSA-N","C22H19F30N2O8PS2",1103.984140798,"CCN(CCOP(=O)(O)OCCN(CC)S(=O)(=O)C(F)(F)C(F)(F)C(F)(F)C(F)(F)C(F)(F)C(F)(F)C(F)(F)F)S(=O)(=O)C(F)(F)C(F)(F)C(F)(F)C(F)(F)C(F)(F)C(F)(F)C(F)(F)F"
"DTXSID50893303","CAS_RN: 96210-37-6","ULSMOZVJXVYNDX-UHFFFAOYSA-N","C17H5F17O5",611.986553,"O=C(O)c1cc(OC(F)=C(F)C(F)(F)C(F)(F)C(F)(F)C(F)(F)C(F)(F)C(F)(F)C(F)(F)F)cc(C(=O)O)c1"
"","CAS_RN: 86130-60-1","ULSWUGAAPQZIFJ-UHFFFAOYSA-N","C14H7F17O4",562.007288444,"O=C(O)C=CC(=O)OCCC(F)(F)C(F)(F)C(F)(F)C(F)(F)C(F)(F)C(F)(F)C(F)(F)C(F)(F)F"
"DTXSID10880476","CAS_RN: 54950-04-8","ULSWUGAAPQZIFJ-UPHRSURJSA-N","C14H7F17O4",562.007288444,"O=C(O)/C=C\C(=O)OCCC(F)(F)C(F)(F)C(F)(F)C(F)(F)C(F)(F)C(F)(F)C(F)(F)C(F)(F)F"
"DTXSID4071005","CAS_RN: 68025-62-7","ULTHBMBLJPAOJW-UHFFFAOYSA-N","C15F30O",765.94701122,"O=C(F)C(F)(F)C(F)(F)C(F)(F)C(F)(F)C(F)(F)C(F)(F)C(F)(F)C(F)(F)C(F)(F)C(F)(F)C(F)(F)C(F)(C(F)(F)F)C(F)(F)F"
"",NA,"ULWLMQBVISMWHM-UHFFFAOYSA-N","C46H65F29O16",1424.38095438,"OCCOCCOCCOCCOCCOCCOCCOCCOCCOCCOCCOCCOCCOCCOCCOCCC(F)(F)C(F)(F)C(F)(F)C(F)(F)C(F)(F)C(F)(F)C(F)(F)C(F)(F)C(F)(F)C(F)(F)C(F)(F)C(F)(F)C(F)(F)C(F)(F)F"
"",NA,"ULXXTBSQAWPGEP-UHFFFAOYSA-O","C16H22F13N2O7S2",665.066084904,"C[N+](C)(CCCN(CC(=O)O)S(=O)(=O)C(F)(F)C(F)(F)C(F)(F)C(F)(F)C(F)(F)C(F)(F)F)CCCS(=O)(=O)O"
"DTXSID3040148","CAS_RN: 2806-15-7","HYWZIAVPBSTISZ-UHFFFAOYSA-N","C10HF21O3S",599.931107512,"O=S(=O)(O)C(F)(F)C(F)(F)C(F)(F)C(F)(F)C(F)(F)C(F)(F)C(F)(F)C(F)(F)C(F)(F)C(F)(F)F"
"DTXSID30896514","CAS_RN: 26131-32-8","UMADKHFVSXRTGY-UHFFFAOYSA-N","C10H3F17O4",509.975988316,"COC(=O)C(F)(OC(F)(F)C(F)(OC(F)(F)C(F)(F)C(F)(F)F)C(F)(F)F)C(F)(F)F"
"DTXSID90292093","CAS_RN: 336-60-7","UMAGRURZHCBKFO-UHFFFAOYSA-N","C10H6F7NO",289.033761352,"O=C(Cc1ccccn1)C(F)(F)C(F)(F)C(F)(F)F"
"DTXSID70769814","CAS_RN: 140160-19-6","UMCBPDSMHKKJON-UHFFFAOYSA-N","C11H11F7NO",306.072886512,"Cc1cc(OCC(F)(F)C(F)(F)C(F)(F)F)cc[n+]1C"
"",NA,"UMKOAWQOMGVMKT-UHFFFAOYSA-N","C46H77F17O19",1256.478759984,"OCCOCCOCCOCCOCCOCCOCCOCCOCCOCCOCCOCCOCCOCCOCCOCCOCCOCCOCCC(F)(F)C(F)(F)C(F)(F)C(F)(F)C(F)(F)C(F)(F)C(F)(F)C(F)(F)F"
"","CAS_RN: 29031-19-4","UMLMPDSCOPWCHK-UHFFFAOYSA-N","C7HF13O4",395.966725372,"O=C(O)C(F)(F)C(F)(F)OC(F)(F)C(F)(F)C(F)(F)OC(F)(F)F"
"DTXSID80896408","CAS_RN: 1355554-19-6","UMLXVOGCYVWMHN-UHFFFAOYSA-N","C12H9F7O3S",366.016062688,"Cc1c(C(=O)O)ccc(C(F)(C(F)(F)F)C(F)(F)F)c1S(C)=O"
"DTXSID70379876","CAS_RN: 1514-90-5","UMPRKACBONFPEQ-UHFFFAOYSA-N","C5F11I",395.88690842,"FC(F)(F)C(F)(C(F)(F)F)C(F)(F)C(F)(F)I"
"DTXSID60379880","CAS_RN: 16083-76-4","UMWCHHTXFDYJDZ-UHFFFAOYSA-N","C11H9F11O3",398.037604568,"C=CC(=O)OCC(O)CC(F)(F)C(F)(F)C(F)(C(F)(F)F)C(F)(F)F"
"DTXSID50896091","CAS_RN: 123825-55-8","UNGNFRUVFWDOJY-UHFFFAOYSA-N","C9H6F7NO",277.033761352,"Cc1cc(C(F)(F)C(F)(F)C(F)(F)F)c(C=O)[nH]1"
"DTXSID8070885","CAS_RN: 67939-91-7","UNHYIZUGCWLZHI-UHFFFAOYSA-N","C16H19F18N2O8PS2",804.003302158,"CCN(CCOP(=O)(O)OCCN(CC)S(=O)(=O)C(F)(F)C(F)(F)C(F)(F)C(F)(F)F)S(=O)(=O)C(F)(F)C(F)(F)C(F)(F)C(F)(F)F"
"DTXSID90896530","CAS_RN: 87405-74-1","UNLIPKHWLXWFAN-UHFFFAOYSA-N","C13H2F22O4",639.960179384,"O=C(CC(=O)C(F)(OC(F)(F)C(F)(F)C(F)(F)F)C(F)(F)F)C(F)(OC(F)(F)C(F)(F)C(F)(F)F)C(F)(F)F"
"DTXSID50895322","CAS_RN: 57325-44-7","UNLQLBOSUFWFJC-UHFFFAOYSA-N","C23H33F15",594.234274356,"CCCCCCCCCCCCCCCCC(F)(F)C(F)(F)C(F)(F)C(F)(F)C(F)(F)C(F)(F)C(F)(F)F"
"DTXSID90895326","CAS_RN: 1835251-99-4","UNNUZQVXLSJZPN-UHFFFAOYSA-N","C18H20F18",578.1277586,"FC(F)(F)C(F)(F)C(F)(F)C(F)(F)CCCCCCCCCCC(F)(F)C(F)(F)C(F)(F)C(F)(F)F"
"DTXSID3070252","CAS_RN: 65150-93-8","UNWCENHMZWUSOR-UHFFFAOYSA-N","C21H7F33O2",917.991910724,"C=CC(=O)OCCC(F)(F)C(F)(F)C(F)(F)C(F)(F)C(F)(F)C(F)(F)C(F)(F)C(F)(F)C(F)(F)C(F)(F)C(F)(F)C(F)(F)C(F)(F)C(F)(F)C(F)(F)C(F)(F)F"
"","CAS_RN: 84201-60-5","UNXXMDJDQMKIJO-UHFFFAOYSA-N","C16H15F17",530.09023022,"CCCCCCC=CC(F)(F)C(F)(F)C(F)(F)C(F)(F)C(F)(F)C(F)(F)C(F)(F)C(F)(F)F"
"DTXSID70896154","CAS_RN: 1421688-36-9","UNYPRTCZVBILGW-UHFFFAOYSA-N","C15H20F13NO5Si",569.09031613,"CO[Si](CCCNC(=O)OCCC(F)(F)C(F)(F)C(F)(F)C(F)(F)C(F)(F)C(F)(F)F)(OC)OC"
"DTXSID70895304","CAS_RN: 207122-00-7","UOAVDNYZEXTDOI-UHFFFAOYSA-N","C16H20F13I",586.0402155,"CCCCCCCCC(I)CC(F)(F)C(F)(F)C(F)(F)C(F)(F)C(F)(F)C(F)(F)F"
"DTXSID60379289","CAS_RN: 82633-69-0","UOFISFKBSXJEHZ-UHFFFAOYSA-N","C7H4F7N3O2",295.019173908,"Cc1[nH]nc(C(F)(F)C(F)(F)C(F)(F)F)c1[N+](=O)[O-]"
"DTXSID80880362","CAS_RN: 16069-78-6","UOGSPTHZKVCIIH-UHFFFAOYSA-N","C7HCl4F9O2",427.858693972,"O=C(O)C(F)(F)C(F)(Cl)C(F)(F)C(F)(Cl)C(F)(F)C(F)(Cl)Cl"
"DTXSID60895712","CAS_RN: 451456-30-7","UOJGGAYAADUVAH-UHFFFAOYSA-N","C13H11F13O2",446.055146452,"C=CC(=O)OCCCCC(F)(F)C(F)(F)C(F)(F)C(F)(F)C(F)(F)C(F)(F)F"
"DTXSID50184809","CAS_RN: 308-26-9","UOKXSSAMUUASQX-UHFFFAOYSA-N","C8H5F9O2",304.01458338,"C=CC(=O)OCC(F)(F)C(F)(F)C(F)(F)C(F)(F)F"
"DTXSID40880186","CAS_RN: 2706-89-0","UOOGXJXDGDKHDT-UHFFFAOYSA-M","C5F9NaO2",285.9652275,"O=C([O][Na])C(F)(F)C(F)(F)C(F)(F)C(F)(F)F"
"DTXSID70892595","CAS_RN: 1383438-88-7","UOXQCULTEFPKHS-UHFFFAOYSA-N","C17H21F13N2O3S",580.106530392,"CN(C)CCCNC(=O)CC(SCCC(F)(F)C(F)(F)C(F)(F)C(F)(F)C(F)(F)C(F)(F)F)C(=O)O"
"DTXSID60512038","CAS_RN: 80791-12-4","UOZJBVUVOFTXGP-UHFFFAOYSA-N","C16H7F17O2",554.017459204,"COC(=O)c1ccc(C(F)(F)C(F)(F)C(F)(F)C(F)(F)C(F)(F)C(F)(F)C(F)(F)C(F)(F)F)cc1"
"DTXSID40758533","CAS_RN: 93238-01-8","UPIFAZUWDVJBEO-UHFFFAOYSA-N","C16H4F19N3O",615.005097928,"[N-]=[N+]=NC(=O)c1ccc(C(F)(F)C(F)(F)C(F)(F)C(F)(F)C(F)(F)C(F)(F)C(F)(F)C(F)(F)C(F)(F)F)cc1"
"DTXSID00880228","CAS_RN: 17425-25-1","UPMGUZUMWYWMKI-UHFFFAOYSA-N","C4H6F4O",146.035477692,"CC(O)C(F)(F)C(F)F"
"DTXSID70896255","CAS_RN: 906077-31-4","UPOGXAQYHYZJRF-IBGZPJMESA-N","C36H25F34NOSi",1161.11625043,"C[Si](C)(C)OC(c1ccc(C(F)(F)C(F)(F)C(F)(F)C(F)(F)C(F)(F)C(F)(F)C(F)(F)C(F)(F)F)cc1)(c1ccc(C(F)(F)C(F)(F)C(F)(F)C(F)(F)C(F)(F)C(F)(F)C(F)(F)C(F)(F)F)cc1)[C@@H]1CCCN1"
"DTXSID80465315","CAS_RN: 462996-04-9","UPXCRVHPPXSSDG-UHFFFAOYSA-N","C28H18F17P",708.087466946,"FC(F)(F)C(F)(F)C(F)(F)C(F)(F)C(F)(F)C(F)(F)C(F)(F)C(F)(F)CCc1ccc(P(c2ccccc2)c2ccccc2)cc1"
"DTXSID80510950","CAS_RN: 73606-15-2","UQBUBNOZWZCKIV-UHFFFAOYSA-N","C10ClF21O3S",633.89213516,"O=S(=O)(F)C(F)(F)C(F)(F)OC(F)(F)C(F)(F)C(F)(F)C(F)(F)C(F)(F)C(F)(F)C(F)(F)C(F)(F)Cl"
"DTXSID90561796","CAS_RN: 307-30-2","UQDUPHDELLQMOV-UHFFFAOYSA-N","C8HF17O",435.975594392,"OC(F)(F)C(F)(F)C(F)(F)C(F)(F)C(F)(F)C(F)(F)C(F)(F)C(F)(F)F"
"DTXSID20144319","CAS_RN: 101896-21-3","UQHBROJZQLWASU-UHFFFAOYSA-N","C19H24F19N2O8P",800.096688538,"O=P(OCCC(F)(F)C(F)(F)C(F)(F)C(F)(F)C(F)(F)C(F)(F)C(F)(F)C(F)(F)C(F)(F)F)(ON(CCO)CCO)ON(CCO)CCO"
"",NA,"UQSKZXLVALTWRV-UHFFFAOYSA-N","C4HF9O4S",315.945183492,"O=S(=O)(O)C(F)(F)C(F)(F)C(F)(F)OC(F)(F)F"
"DTXSID20701380","CAS_RN: 70910-41-7","UQUBSYBWYVTSRS-UHFFFAOYSA-N","C12H7F17O2",506.017459204,"CC(C)OC(=O)C(F)(F)C(F)(F)C(F)(F)C(F)(F)C(F)(F)C(F)(F)C(F)(F)C(F)(F)F"
"DTXSID40895997","CAS_RN: 90403-88-6","UQZCRDOKLCDJNE-UHFFFAOYSA-N","C13H10F17NO",519.04909368,"CCN(CC)C(=O)C(F)(F)C(F)(F)C(F)(F)C(F)(F)C(F)(F)C(F)(F)C(F)(F)C(F)(F)F"
"DTXSID20371921","CAS_RN: 158607-41-1","UQZFWRDNDBASDI-UHFFFAOYSA-N","C14H5F23O2",641.99222846,"CCOC(=O)C(F)(F)C(F)(F)C(F)(F)C(F)(F)C(F)(F)C(F)(F)C(F)(F)C(F)(F)C(F)(F)C(F)(F)C(F)(F)F"
"DTXSID20896260","CAS_RN: 304435-60-7","URBCHCXZUQVVLP-UHFFFAOYSA-N","C15H14F7N3O",385.102509608,"CC1(C)Cc2ccccc2C(NNC(=O)C(F)(F)C(F)(F)C(F)(F)F)=N1"
"",NA,"URGNYSYSQBGAJW-UHFFFAOYSA-N","C11H13F11N2O4S",478.042038316,"CN(C)CCC(NS(=O)(=O)C(F)(F)C(F)(F)C(F)(F)C(F)(F)C(F)(F)F)C(=O)O"
"DTXSID80371164","CAS_RN: 14548-74-4","URIUSGOUQUQAMG-UHFFFAOYSA-N","C9H3F17O3",481.981073696,"OCC(F)(OC(F)(F)C(F)(OC(F)(F)C(F)(F)C(F)(F)F)C(F)(F)F)C(F)(F)F"
"DTXSID20337446","CAS_RN: 34143-74-3","URJIJZCEKHSLHA-UHFFFAOYSA-N","C10H5F17S",479.9840509,"FC(F)(F)C(F)(F)C(F)(F)C(F)(F)C(F)(F)C(F)(F)C(F)(F)C(F)(F)CCS"
"","CAS_RN: 40365-28-4","URKPVRNLWSKUDD-UHFFFAOYSA-N","C9HF19O3S",549.934301072,"O=S(=O)(O)C(F)(F)C(F)(F)C(F)(F)C(F)(F)C(F)(F)C(F)(F)C(F)(C(F)(F)F)C(F)(F)F"
"DTXSID30896579","CAS_RN: 1882109-69-4","UROAJJYOWOISMM-UHFFFAOYSA-N","C8HF15O2",413.973702572,"O=C(O)C(C(F)(F)F)(C(F)(F)F)C(F)(C(F)(F)F)C(F)(F)C(F)(F)F"
"DTXSID70895965","CAS_RN: 25978-98-7","UROJGTAWXQQYQK-UHFFFAOYSA-N","C5H5F7N4O",270.03515832,"N=C(N)NNC(=O)C(F)(F)C(F)(F)C(F)(F)F"
"DTXSID10840257","CAS_RN: 808758-67-0","URQWBWDZOCEUFQ-UHFFFAOYSA-N","C24H41F9",500.306455292,"CCCCCCCCCCCCCCCCCCCCC(F)(F)C(F)(F)C(F)(F)C(F)(F)F"
"DTXSID70896573","CAS_RN: 1882109-63-8","URRHYEJOULCMJO-UHFFFAOYSA-N","C8HF15O2",413.973702572,"O=C(O)C(C(F)(F)F)(C(F)(F)C(F)(F)F)C(F)(F)C(F)(F)C(F)(F)F"
"DTXSID00895736","CAS_RN: 1606997-42-5","URUMHCVCHWMNCV-UHFFFAOYSA-N","C10H5F9S2",359.96889614,"FC(F)(F)C(F)(F)C(F)(F)C(F)(F)SSc1ccccc1"
"",NA,"URWFYYICOVFYIA-UHFFFAOYSA-N","C13H20F10O9P2S2",635.98642968,"O=S(CCC(F)(F)C(F)(F)F)CC(COP(=O)(O)O)(COP(=O)(O)O)CSCCC(F)(F)C(F)(F)F"
"",NA,"URXDZXVKSSRSJY-UHFFFAOYSA-N","C4HF7O3S",261.953462432,"O=S(=O)(O)C(F)(F)C(F)=C(F)C(F)(F)F"
"DTXSID70895364","CAS_RN: 200817-55-6","URXIWFCBPQLZEP-UHFFFAOYSA-N","C23H27F21",702.177743484,"CCCCCCCCCCCCCC(F)(F)C(F)(F)C(F)(F)C(F)(F)C(F)(F)C(F)(F)C(F)(F)C(F)(F)C(F)(F)C(F)(F)F"
"","CAS_RN: 70225-24-0","CFFXMGKYQIYDHJ-UHFFFAOYSA-N","C11H16F11N2O2S",449.075684172,"C[N+](C)(C)CCCNS(=O)(=O)C(F)(F)C(F)(F)C(F)(F)C(F)(F)C(F)(F)F"
"DTXSID70895985","CAS_RN: 1608112-40-8","URZHTROJGRZCJI-UHFFFAOYSA-N","C12H5F9S",351.99682514,"FC(F)(F)C(F)(F)C(F)(F)C(F)(F)c1cccc2ccsc12"
"DTXSID6060341","CAS_RN: 564-11-4","USAAEUHMVCSUQS-UHFFFAOYSA-N","C7F15N",382.9791223,"FC(F)(F)C(F)(F)N1C(F)(F)C(F)(F)C(F)(F)C(F)(F)C1(F)F"
"DTXSID50880137","CAS_RN: 375-81-5","USAIUDWRPJQRTG-UHFFFAOYSA-N","C5F12O2S",351.94273888,"O=S(=O)(F)C(F)(F)C(F)(F)C(F)(F)C(F)(F)C(F)(F)F"
"DTXSID00377688","CAS_RN: 169289-58-1","USFGKFMVGHXGNG-UHFFFAOYSA-N","C8H3F13O5",425.977290056,"COC(=O)C(F)(F)OC(F)(F)C(F)(F)OC(F)(F)C(F)(F)OC(F)(F)F"
"DTXSID30895926","CAS_RN: 118334-96-6","USGIGMPEVWTUKX-UHFFFAOYSA-N","C7HF15O3S",449.940688192,"O=S(=O)(OC(C(F)(F)F)C(F)(F)F)C(F)(F)C(F)(F)C(F)(F)C(F)(F)F"
"DTXSID20895177","CAS_RN: 106873-69-2","USNIVSXISHIFBJ-UHFFFAOYSA-N","C15H25F7",338.18444834,"CCCCCCCCCCCCC(F)(F)C(F)(F)C(F)(F)F"
"",NA,"USPJBAQMHWWHRR-UHFFFAOYSA-N","C10H5F15O3",457.99991732,"O=C(O)COCC(F)(F)C(F)(F)C(F)(F)C(F)(F)C(F)(F)C(F)(F)C(F)(F)F"
"DTXSID60881054","CAS_RN: 93776-31-9","QHIGFJQLSNDTTI-UHFFFAOYSA-N","C38H9F70O4P",1889.912070798,"O=P(O)(OCCC(F)(F)C(F)(F)C(F)(F)C(F)(F)C(F)(F)C(F)(F)C(F)(F)C(F)(F)C(F)(F)C(F)(F)C(F)(F)C(F)(F)C(F)(F)C(F)(F)C(F)(C(F)(F)F)C(F)(F)F)OCCC(F)(F)C(F)(F)C(F)(F)C(F)(F)C(F)(F)C(F)(F)C(F)(F)C(F)(F)C(F)(F)C(F)(F)C(F)(F)C(F)(F)C(F)(F)C(F)(F)C(F)(C(F)(F)F)C(F)(F)F"
"DTXSID9066673","CAS_RN: 21055-88-9","UTFFCBMSUHQFKN-UHFFFAOYSA-N","C33H26F34N4O8S2",1316.064915272,"CCN(CCOC(=O)Nc1ccc(C)c(NC(=O)OCCN(CC)S(=O)(=O)C(F)(F)C(F)(F)C(F)(F)C(F)(F)C(F)(F)C(F)(F)C(F)(F)C(F)(F)F)c1)S(=O)(=O)C(F)(F)C(F)(F)C(F)(F)C(F)(F)C(F)(F)C(F)(F)C(F)(F)C(F)(F)F"
"",NA,"UTGAGDCMDRUBTA-UHFFFAOYSA-N","C18HF38O2P",1001.910738262,"O=P(O)(C(F)(F)C(F)(F)C(F)(F)C(F)(F)C(F)(F)C(F)(F)C(F)(F)C(F)(F)F)C(F)(F)C(F)(F)C(F)(F)C(F)(F)C(F)(F)C(F)(F)C(F)(F)C(F)(F)C(F)(F)C(F)(F)F"
"DTXSID00895973","CAS_RN: 2284-51-7","UTGSQSVMPFAJMN-UHFFFAOYSA-N","C16H26F7NO",381.190261992,"CCCCCCCCCCCCNC(=O)C(F)(F)C(F)(F)C(F)(F)F"
"DTXSID30896256","CAS_RN: 117413-27-1","UTHJNVIGBQDMRN-UHFFFAOYSA-N","C27H41F17N2O8S",876.231217012,"CCN(CCCN(CCOCCOCCOC)CCOCCOCCOC)S(=O)(=O)C(F)(F)C(F)(F)C(F)(F)C(F)(F)C(F)(F)C(F)(F)C(F)(F)C(F)(F)F"
"DTXSID70895945","CAS_RN: 4314-33-4","UTKCLYLLDFWDFY-UHFFFAOYSA-N","C8H8F7NO3",299.039240656,"CCOC(=O)COC(=N)C(F)(F)C(F)(F)C(F)(F)F"
"DTXSID40880949","CAS_RN: 70259-86-8","UTWCWKUZICRKOA-UHFFFAOYSA-N","C4H2F8O3S",281.959690684,"O=S(=O)(O)C(F)(F)C(F)(F)C(F)(F)C(F)F"
"","CAS_RN: 97298-47-0","UTXCNWRJGAUTRJ-UHFFFAOYSA-E","C11H7Cl6Cr3F17NO6S",969.6069008,NA
"DTXSID3026485","CAS_RN: 79-38-9","UUAGAQFQZIEFAH-UHFFFAOYSA-N","C2ClF3",115.96406234,"FC(F)=C(F)Cl"
"DTXSID2072594","CAS_RN: 72785-08-1","UUBYZMXGONPVTR-UHFFFAOYSA-N","C16H19F17N2O5S2",706.046393448,"CN(C)CCCN(CCCS(=O)(=O)O)S(=O)(=O)C(F)(F)C(F)(F)C(F)(F)C(F)(F)C(F)(F)C(F)(F)C(F)(F)C(F)(F)F"
"DTXSID20371481","CAS_RN: 16486-98-9","UUDAHXKFALCGJQ-UHFFFAOYSA-N","C8ClF16I",561.8477772,"FC(F)(Cl)C(F)(F)C(F)(F)C(F)(F)C(F)(F)C(F)(F)C(F)(F)C(F)(F)I"
"",NA,"UUEANJVAKPUDGY-UHFFFAOYSA-O","C25H22F29N2O3S",981.088806944,"C[N+](C)(CCCNC(=O)CSCCC(F)(F)C(F)(F)C(F)(F)C(F)(F)C(F)(F)C(F)(F)C(F)(F)C(F)(F)C(F)(F)C(F)(F)C(F)(F)C(F)(F)C(F)(F)C(F)(F)F)CC(=O)O"
"DTXSID90895543","CAS_RN: 135548-22-0","UUPQLJUUKYLIEW-UHFFFAOYSA-N","C9H11F9O3",338.056448192,"OCC(O)COCCC(F)(F)C(F)(F)C(F)(F)C(F)(F)F"
"DTXSID20895319","CAS_RN: 131294-52-5","UURKBNXZEIUWQO-UHFFFAOYSA-N","C12H17F9O",348.113569144,"CCCCCCCC(O)C(F)(F)C(F)(F)C(F)(F)C(F)(F)F"
"","CAS_RN: 70225-20-6","QHNLSCKDDZDPTI-UHFFFAOYSA-N","C13H16F15N2O2S",549.069297052,"C[N+](C)(C)CCCNS(=O)(=O)C(F)(F)C(F)(F)C(F)(F)C(F)(F)C(F)(F)C(F)(F)C(F)(F)F"
"DTXSID50276475","CAS_RN: 124053-49-2","GCTMXWUUEYFTEL-UHFFFAOYSA-N","C10H11F7O2",296.064727132,"CC(C)(C)C(O)=CC(=O)C(F)(F)C(F)(F)C(F)(F)F"
"DTXSID00622963","CAS_RN: 31506-34-0","UUZCNLZINSJLSR-UHFFFAOYSA-N","C12H10F17NO2S",555.0160793,"CCCCNS(=O)(=O)C(F)(F)C(F)(F)C(F)(F)C(F)(F)C(F)(F)C(F)(F)C(F)(F)C(F)(F)F"
"DTXSID00881351","CAS_RN: 484024-67-1","ASJXVGSUYQIIBC-UHFFFAOYSA-N","C6H6F9NO3S",342.992468032,"O=S(=O)(NCCO)C(F)(F)C(F)(F)C(F)(F)C(F)(F)F"
"DTXSID10336766","CAS_RN: 111918-97-9","UVEQCEJZVJUIQQ-UHFFFAOYSA-N","C24H33F15O2",638.224103596,"CCCCCCCCCCCCCCCC(=O)OCC(F)(F)C(F)(F)C(F)(F)C(F)(F)C(F)(F)C(F)(F)C(F)(F)F"
"DTXSID50862736","CAS_RN: 1682-78-6","UVHZTXUBKSUXED-UHFFFAOYSA-N","C5F10O2",281.97386144,"O=C(F)C(F)(OC(F)(F)C(F)(F)F)C(F)(F)F"
"DTXSID10895585","CAS_RN: 261503-42-8","UVJKQOBSOWPCAF-UHFFFAOYSA-N","C9BrF17O",525.88610646,"O=C(Br)C(F)(F)C(F)(F)C(F)(F)C(F)(F)C(F)(F)C(F)(F)C(F)(F)C(F)(F)F"
"DTXSID40371286","CAS_RN: 128454-91-1","UVKBMPCVVMQGLN-UHFFFAOYSA-N","C8H4BrF13",425.928879088,"FC(F)(F)C(F)(F)C(F)(F)C(CCBr)(C(F)(F)F)C(F)(F)F"
"DTXSID60334479","CAS_RN: 375-96-2","UVWPNDVAQBNQBG-UHFFFAOYSA-N","C9F20",487.9680644,"FC(F)(F)C(F)(F)C(F)(F)C(F)(F)C(F)(F)C(F)(F)C(F)(F)C(F)(F)C(F)(F)F"
"DTXSID60895732","CAS_RN: 75668-26-7","UVZZELJWFBMUIW-UHFFFAOYSA-N","C8H10F7NO",269.06506148,"CCC(C)NC(=O)C(F)(F)C(F)(F)C(F)(F)F"
"DTXSID50896399","CAS_RN: 1355554-70-9","UWANKTMJFLSJKU-UHFFFAOYSA-N","C15H15F7O2S",392.06809826,"CCc1c(C(=O)O)ccc(C(F)(C(F)(F)F)C(F)(F)F)c1SC(C)C"
"DTXSID201015480","CAS_RN: 306-94-5","UWEYRJFJVCLAGH-UHFFFAOYSA-N","C10F18",461.97125796,"FC1(F)C(F)(F)C(F)(F)C2(F)C(F)(F)C(F)(F)C(F)(F)C(F)(F)C2(F)C1(F)F"
"DTXSID60895459","CAS_RN: 264229-79-0","UWHCDIVGZGOVSH-UHFFFAOYSA-N","C31H39F25",886.265256748,"CCCCCCCCCCCCCCCCCCCC(F)(F)C(F)(F)C(F)(F)C(F)(F)C(F)(F)C(F)(F)C(F)(F)C(F)(F)C(F)(F)C(F)(F)C(F)(F)C(F)(F)F"
"","CAS_RN: 1262446-13-8|63225-57-0","UWHCRBKABHKUTC-UHFFFAOYSA-N","C10H5F17O4S",543.96370938,"O=S(=O)(O)OCCC(F)(F)C(F)(F)C(F)(F)C(F)(F)C(F)(F)C(F)(F)C(F)(F)C(F)(F)F"
"DTXSID40896323","CAS_RN: 2396-16-9","UWHVLQHZORUMIA-UHFFFAOYSA-N","C9H6F7N",261.038846732,"Nc1cccc(C(F)(C(F)(F)F)C(F)(F)F)c1"
"DTXSID40881113","CAS_RN: 93857-54-6","UWTYLCUAYINOEF-UHFFFAOYSA-N","C36H9F66O4P",1789.918457918,"O=P(O)(OCCC(F)(F)C(F)(F)C(F)(F)C(F)(F)C(F)(F)C(F)(F)C(F)(F)C(F)(F)C(F)(F)C(F)(F)C(F)(F)C(F)(F)C(F)(F)C(F)(F)C(F)(F)C(F)(F)F)OCCC(F)(F)C(F)(F)C(F)(F)C(F)(F)C(F)(F)C(F)(F)C(F)(F)C(F)(F)C(F)(F)C(F)(F)C(F)(F)C(F)(F)C(F)(F)C(F)(F)C(F)(F)C(F)(F)F"
"DTXSID3040148","CAS_RN: 2806-16-8","HYWZIAVPBSTISZ-UHFFFAOYSA-N","C10HF21O3S",599.931107512,"O=S(=O)(O)C(F)(F)C(F)(F)C(F)(F)C(F)(F)C(F)(F)C(F)(F)C(F)(F)C(F)(F)C(F)(F)C(F)(F)F"
"DTXSID5071333","CAS_RN: 68239-74-7","UXBLTIRZNSMGNQ-UHFFFAOYSA-N","C11H12F13NO3S",485.033031104,"CN(CCCCO)S(=O)(=O)C(F)(F)C(F)(F)C(F)(F)C(F)(F)C(F)(F)C(F)(F)F"
"",NA,"UXCUDTASSLFSGD-UHFFFAOYSA-O","C22H14F32NO2",932.051356728,"C[N+](C)(CCC(F)C(F)(F)C(F)(F)C(F)(F)C(F)(F)C(F)(F)C(F)(F)C(F)(F)C(F)(F)C(F)(F)C(F)(F)C(F)(F)C(F)(F)C(F)(F)C(F)(F)C(F)(F)F)CC(=O)O"
"DTXSID40893337","CAS_RN: 118945-64-5","UXDVPDNPYSNUIP-UHFFFAOYSA-N","C14F26",661.95848372,"FC(F)(F)C(F)(F)C(F)(C(F)(F)F)C1(F)C(F)(F)C(F)(F)C(F)(F)C2(F)C(F)(F)C(F)(F)C(F)(F)C(F)(F)C21F"
"DTXSID9070323","CAS_RN: 65510-56-7","UXFIGGWFHDAMOO-UHFFFAOYSA-N","C11H4F19I",623.905434308,"FC(F)(F)C(F)(F)C(F)(F)C(F)(F)C(F)(F)C(F)(F)C(F)(F)C(F)(F)C(F)(F)CCI"
"DTXSID10895207","CAS_RN: 69125-80-0","UXOMJEKWJPXIKA-UHFFFAOYSA-N","C12H13F13",404.080967276,"CCCCCCC(F)(F)C(F)(F)C(F)(F)C(F)(F)C(F)(F)C(F)(F)F"
"DTXSID80330473","CAS_RN: 25628-11-9","UXPCZDYRRUONAJ-UHFFFAOYSA-N","C10H5F9O3S",375.981569,"O=S(=O)(Oc1ccccc1)C(F)(F)C(F)(F)C(F)(F)C(F)(F)F"
"DTXSID8040149","CAS_RN: 354-64-3","UXPOJVLZTPGWFX-UHFFFAOYSA-N","C2F5I",245.8964891,"FC(F)(F)C(F)(F)I"
"DTXSID10508547","CAS_RN: 1526-49-4","UXPOTXZXGAMKLV-UHFFFAOYSA-N","C6H5F7O2",242.01777694,"CCOC(=O)C(F)(C(F)(F)F)C(F)(F)F"
"DTXSID30342046","CAS_RN: 87461-67-4","UXRKKLGONWLJCQ-UHFFFAOYSA-N","C12H9F7O3",334.043991688,"COc1ccc(COC(=O)C(F)(F)C(F)(F)C(F)(F)F)cc1"
"DTXSID90895402","CAS_RN: 53638-13-4","UXTBTNPWSKVSDW-UHFFFAOYSA-N","C14H3F26I",791.886431816,"FC(F)(F)C(F)(F)C(F)(F)C(F)(F)CC(I)C(F)(F)C(F)(F)C(F)(F)C(F)(F)C(F)(F)C(F)(F)C(F)(F)C(F)(F)F"
"DTXSID90379878","CAS_RN: 86217-01-8","UXVXKXDSDYDRTQ-UHFFFAOYSA-N","C10H7F11O2",368.027039884,"C=CC(=O)OCCC(F)(F)C(F)(F)C(F)(C(F)(F)F)C(F)(F)F"
"",NA,"UXWLFCCFIPXSRE-UHFFFAOYSA-N","C30H46F17NO12S",967.246926652,"CCN(CCOCCOCCOCCOCCOCCOCCOCCOCCOCCO)S(=O)(=O)C(F)(F)C(F)(F)C(F)(F)C(F)(F)C(F)(F)C(F)(F)C(F)(F)C(F)(F)F"
"DTXSID10896673","CAS_RN: 185911-29-9","UXYQQIJQHQGVRW-UHFFFAOYSA-N","C8H7F13O3Si",425.995687474,"O[Si](O)(O)CCC(F)(F)C(F)(F)C(F)(F)C(F)(F)C(F)(F)C(F)(F)F"
"DTXSID80896241","CAS_RN: 119403-58-6","UXYZBNZRCWCUCV-UHFFFAOYSA-N","C11H9F9N2O2",372.052031508,"CCOC(=O)c1c(C)n[nH]c1C(F)(F)C(F)(F)C(F)(F)C(F)(F)F"
"","CAS_RN: 30295-56-8","NVYLHMDYIJBZAY-UHFFFAOYSA-N","C11H13F13N2O3S",500.043930136,"CCN(O)CCCNS(=O)(=O)C(F)(F)C(F)(F)C(F)(F)C(F)(F)C(F)(F)C(F)(F)F"
"DTXSID5075230","CAS_RN: 336-07-2","UYDBQWIWVMBDME-UHFFFAOYSA-N","C6H2F12",301.996488704,"FC(F)C(F)(F)C(F)(F)C(F)(F)C(F)(F)C(F)F"
"",NA,"UYDPCPOKJJTBNR-UHFFFAOYSA-N","C38H49F29O12",1248.276095388,"OCCOCCOCCOCCOCCOCCOCCOCCOCCOCCOCCOCCC(F)(F)C(F)(F)C(F)(F)C(F)(F)C(F)(F)C(F)(F)C(F)(F)C(F)(F)C(F)(F)C(F)(F)C(F)(F)C(F)(F)C(F)(F)C(F)(F)F"
"",NA,"UYENJBXPKVMORF-UHFFFAOYSA-N","C16H21F13O5",540.118140632,"OCCOCCOCCOCCOCCC(F)(F)C(F)(F)C(F)(F)C(F)(F)C(F)(F)C(F)(F)F"
"DTXSID60896406","CAS_RN: 1355554-07-2","UYFUBWJKEUQVTN-UHFFFAOYSA-N","C15H15F7O2S",392.06809826,"CCCCSc1c(C(F)(C(F)(F)F)C(F)(F)F)ccc(C(=O)O)c1C"
"DTXSID1071664","CAS_RN: 68555-75-9","UYIBZOUSVFOPJK-UHFFFAOYSA-N","C9H8F13NO3S",457.001730976,"CN(CCO)S(=O)(=O)C(F)(F)C(F)(F)C(F)(F)C(F)(F)C(F)(F)C(F)(F)F"
"DTXSID40896580","CAS_RN: 1882109-70-7","UYKWRMHTULSOPZ-UHFFFAOYSA-N","C8HF15O2",413.973702572,"O=C(O)C(C(F)(F)F)(C(F)(F)F)C(F)(F)C(F)(C(F)(F)F)C(F)(F)F"
"DTXSID70771619","CAS_RN: 143837-48-3","UYLGTFQVYFWRFU-UHFFFAOYSA-N","C7H7F7O",240.038512384,"FC(F)(F)C(F)(F)C(F)(F)C1CCOC1"
"DTXSID60896188","CAS_RN: 925457-51-8","UYRIJNJIDYTBCG-UHFFFAOYSA-N","C26H34F14N4",668.255992168,"CC(C)(C)C1=NCCCN=C(C(F)(F)C(F)(F)C(F)(F)F)CC(C(C)(C)C)=NCCCN=C(C(F)(F)C(F)(F)C(F)(F)F)C1"
"DTXSID6070221","CAS_RN: 65104-67-8","UYSGWTCETIRUHO-UHFFFAOYSA-N","C18H5F33O",863.98134604,"OCCC(F)(F)C(F)(F)C(F)(F)C(F)(F)C(F)(F)C(F)(F)C(F)(F)C(F)(F)C(F)(F)C(F)(F)C(F)(F)C(F)(F)C(F)(F)C(F)(F)C(F)(F)C(F)(F)F"
"","CAS_RN: 67846-66-6","UYUOZBNZXQYEJL-UHFFFAOYSA-N","C13H14F13NO5S2",575.010581408,"CCOC(=O)NCC(CCSS(=O)(=O)O)C(F)(F)C(F)(F)C(F)(F)C(F)(F)C(F)(F)C(F)(F)F"
"DTXSID40377824","CAS_RN: 907607-08-3","ILSWGKFIWBVLDG-UHFFFAOYSA-N","C5HF9O",247.988368632,"O=CC(F)(F)C(F)(F)C(F)(F)C(F)(F)F"
"DTXSID50896192","CAS_RN: 356795-59-0","UZHFMCLWCHAURR-UHFFFAOYSA-N","C7H4F7N3OS",310.996330288,"CC(=O)Nc1nnc(C(F)(F)C(F)(F)C(F)(F)F)s1"
"DTXSID80864521","CAS_RN: 14650-24-9","UZMOXNBUTMPDCX-UHFFFAOYSA-N","C15H12F17NO4S",625.021558604,"C=C(C)C(=O)OCCN(C)S(=O)(=O)C(F)(F)C(F)(F)C(F)(F)C(F)(F)C(F)(F)C(F)(F)C(F)(F)C(F)(F)F"
"DTXSID50858139","CAS_RN: 864551-34-8","UZMXIMHOMUBIEV-UQGZVRACSA-N","C16H13F17O7",640.038982496,"O=C(O)[C@H]1O[C@@H](OCCC(F)(F)C(F)(F)C(F)(F)C(F)(F)C(F)(F)C(F)(F)C(F)(F)C(F)(F)F)[C@H](O)[C@@H](O)[C@@H]1O"
"DTXSID50379899","CAS_RN: 50836-65-2","UZNPGWWLKHTVQQ-UHFFFAOYSA-N","C12H7F15O2",468.020652764,"C=CC(=O)OCCC(F)(F)C(F)(F)C(F)(F)C(F)(F)C(F)(C(F)(F)F)C(F)(F)F"
"DTXSID50895963","CAS_RN: 1310492-25-1","UZONEQFBIPIBNM-UHFFFAOYSA-N","C12H9F7O2",318.049077068,"CCOC(=O)c1ccccc1C(F)(F)C(F)(F)C(F)(F)F"
"DTXSID8031863","CAS_RN: 375-95-1","UZUFPBIDKMEQEQ-UHFFFAOYSA-N","C9HF17O2",463.970509012,"O=C(O)C(F)(F)C(F)(F)C(F)(F)C(F)(F)C(F)(F)C(F)(F)C(F)(F)C(F)(F)F"
"","CAS_RN: 51032-47-4","IOKDOGCZVWDSDA-UHFFFAOYSA-N","C15H8F17NO5S2",668.957244096,"O=S(=O)(O)c1ccccc1CNS(=O)(=O)C(F)(F)C(F)(F)C(F)(F)C(F)(F)C(F)(F)C(F)(F)C(F)(F)C(F)(F)F"
"DTXSID40896828","CAS_RN: 1980039-46-0","VABACYFDDRVUKV-UHFFFAOYSA-N","C32H24F42",1206.120736008,"FC(F)(F)C(F)(F)C(F)(F)C(F)(F)C(F)(F)C(F)(F)C(F)(F)C(F)(F)C(F)(F)C(F)(F)CCCCCCCCCCCCC(F)(F)C(F)(F)C(F)(F)C(F)(F)C(F)(F)C(F)(F)C(F)(F)C(F)(F)C(F)(F)C(F)(F)F"
"DTXSID20896200","CAS_RN: 165618-97-3","VABWMMCIAMBZFP-UHFFFAOYSA-N","C11H9F7N2O3S",382.022210688,"NS(=O)(=O)c1ccc(CNC(=O)C(F)(F)C(F)(F)C(F)(F)F)cc1"
"DTXSID60379269","CAS_RN: 679-02-7","VACKBPFJJWRSAO-UHFFFAOYSA-N","C6H7F7O",228.038512384,"OCCCC(F)(F)C(F)(F)C(F)(F)F"
"DTXSID40896287","CAS_RN: 359875-73-3","VADLDXMTZVOQGZ-UHFFFAOYSA-N","C25H20F18O7",774.09216094,"CCOC(=O)C1C(c2ccccc2)C(C(=O)OCC)C(O)(C(F)(F)C(F)(F)C(F)(F)C(F)(F)F)OC1(O)C(F)(F)C(F)(F)C(F)(F)C(F)(F)F"
"DTXSID10880234","CAS_RN: 24407-09-8","VAHMONSDBBIGFL-UHFFFAOYSA-N","C15H9F19O3",598.024830328,"C=CC(=O)OCC(O)CC(F)(F)C(F)(F)C(F)(F)C(F)(F)C(F)(F)C(F)(F)C(F)(C(F)(F)F)C(F)(F)F"
"","CAS_RN: 54912-87-7","VAKDPITXIDWRMQ-UHFFFAOYSA-N","C9H6F12O2",374.017618072,"OC(C=CCC(O)(C(F)(F)F)C(F)(F)F)(C(F)(F)F)C(F)(F)F"
"DTXSID80881112","CAS_RN: 93857-53-5","VAPDLYGIEFOUOV-UHFFFAOYSA-N","C32H9F58O4P",1589.931232158,"O=P(O)(OCCC(F)(F)C(F)(F)C(F)(F)C(F)(F)C(F)(F)C(F)(F)C(F)(F)C(F)(F)C(F)(F)C(F)(F)C(F)(F)C(F)(F)C(F)(F)C(F)(F)F)OCCC(F)(F)C(F)(F)C(F)(F)C(F)(F)C(F)(F)C(F)(F)C(F)(F)C(F)(F)C(F)(F)C(F)(F)C(F)(F)C(F)(F)C(F)(F)C(F)(F)F"
"DTXSID7040150","CAS_RN: 70225-16-0","QZHDEAJFRJCDMF-UHFFFAOYSA-N","C6HF13O3S",399.943881752,"O=S(=O)(O)C(F)(F)C(F)(F)C(F)(F)C(F)(F)C(F)(F)C(F)(F)F"
"DTXSID7040150","CAS_RN: 55120-77-9","QZHDEAJFRJCDMF-UHFFFAOYSA-N","C6HF13O3S",399.943881752,"O=S(=O)(O)C(F)(F)C(F)(F)C(F)(F)C(F)(F)C(F)(F)C(F)(F)F"
"DTXSID10896491","CAS_RN: 1482416-52-3","VAXWUAHPDZRLAP-UHFFFAOYSA-N","C16BrF33O5",977.84021646,"FC(F)(F)C(F)(F)OC(F)(F)C(F)(OC(F)(F)C(F)(OC(F)(F)C(F)(OC(F)(F)C(F)(OC(F)(F)C(F)(F)Br)C(F)(F)F)C(F)(F)F)C(F)(F)F)C(F)(F)F"
"",NA,"VAZOKPJSDFICQA-OWOJBTEDSA-N","C9HF15O2",425.973702572,"O=C(O)C(F)(F)C(F)(F)C(F)(F)C(F)(F)C(F)(F)/C(F)=C(\F)C(F)(F)F"
"",NA,"VAZOKPJSDFICQA-OWOJBTEDSA-N","C9HF15O2",425.973702572,"O=C(O)C(F)(F)C(F)(F)C(F)(F)C(F)(F)C(F)(F)/C(F)=C(\F)C(F)(F)F"
"DTXSID20896043","CAS_RN: 33496-54-7","VAZPBMQLECGKFX-UHFFFAOYSA-N","C14H12F17NO",533.064743744,"CCCCCNC(=O)C(F)(F)C(F)(F)C(F)(F)C(F)(F)C(F)(F)C(F)(F)C(F)(F)C(F)(F)F"
"DTXSID90895280","CAS_RN: 109856-51-1","VBBUVVVBWWTFOL-UHFFFAOYSA-N","C19H25F15",538.1716741,"CCCCCCCCCCCCC(F)(F)C(F)(F)C(F)(F)C(F)(F)C(F)(F)C(F)(F)C(F)(F)F"
"","CAS_RN: 65345-91-7","JWJFBKZNPONKIG-UHFFFAOYSA-N","C8H9F9O3S",356.012869128,"O=S(=O)(O)CCCCC(F)(F)C(F)(F)C(F)(F)C(F)(F)F"
"DTXSID9043778","CAS_RN: 684-16-2","VBZWSGALLODQNC-UHFFFAOYSA-N","C3F6O",165.98533394,"O=C(C(F)(F)F)C(F)(F)F"
"DTXSID40895654","CAS_RN: 1189052-97-8","VCDRIXYHTRFOBV-UHFFFAOYSA-N","C10H10F13O3P",456.01599767,"CCOP(=O)(O)CCC(F)(F)C(F)(F)C(F)(F)C(F)(F)C(F)(F)C(F)(F)F"
"DTXSID80238647","CAS_RN: 91615-22-4","VCEPSAITQNAZCU-UHFFFAOYSA-N","C20H7F31O2",867.995104284,"C=CC(=O)OCCC(F)(F)C(F)(F)C(F)(F)C(F)(F)C(F)(F)C(F)(F)C(F)(F)C(F)(F)C(F)(F)C(F)(F)C(F)(F)C(F)(F)C(F)(C(F)(F)F)C(F)(F)F"
"DTXSID30335837","CAS_RN: 86508-42-1","VCIVYCHKSHULON-UHFFFAOYSA-N","C11F24",587.96167728,"FC(F)(F)C(F)(F)C(F)(F)C(F)(F)C(F)(F)C(F)(F)C(F)(F)C(F)(F)C(F)(F)C(F)(F)C(F)(F)F"
"DTXSID70382168","CAS_RN: 114810-56-9","VCOYOPKEJYAJCN-UHFFFAOYSA-N","C6H6F7IO",353.935160352,"OCC(I)CC(F)(C(F)(F)F)C(F)(F)F"
"DTXSID70467469","CAS_RN: 324063-66-3","VCPJPAQHWCNPKF-UHFFFAOYSA-N","C16H8F26OSn",829.918193296,"[O]=[Sn]([CH2]CC(F)(F)C(F)(F)C(F)(F)C(F)(F)C(F)(F)C(F)(F)F)[CH2]CC(F)(F)C(F)(F)C(F)(F)C(F)(F)C(F)(F)C(F)(F)F"
"DTXSID70382067","CAS_RN: 141183-94-0","VDLOMMAXELCHDN-UHFFFAOYSA-N","C13H11F17O",506.053844712,"CC(C)(O)CCC(F)(F)C(F)(F)C(F)(F)C(F)(F)C(F)(F)C(F)(F)C(F)(F)C(F)(F)F"
"DTXSID90896277","CAS_RN: 216307-12-9","VDTOPNQPAFVQGL-UHFFFAOYSA-N","C13H8F9N3O3",425.042195096,"O=C1Nc2ccccc2NC(O)(C(F)(F)C(F)(F)C(F)(F)C(F)(F)F)C1=NO"
"DTXSID20881277","CAS_RN: 68758-55-4","VDZHRFMUCNLGTO-UHFFFAOYSA-N","C21H12F29NO4S",925.002397244,"C=CC(=O)OCCN(C)S(=O)(=O)CC(F)(F)C(F)(F)C(F)(F)C(F)(F)C(F)(F)C(F)(F)C(F)(F)C(F)(F)C(F)(F)C(F)(F)C(F)(F)C(F)(F)C(F)(F)C(F)(F)F"
"DTXSID00379980","CAS_RN: 242812-05-1","VEAHUEAEPJJBDN-UHFFFAOYSA-N","C12H11F13O2",434.055146452,"CC(C)C(=O)OCCC(F)(F)C(F)(F)C(F)(F)C(F)(F)C(F)(F)C(F)(F)F"
"DTXSID3045011","CAS_RN: 108427-52-7","DZLFLBLQUQXARW-UHFFFAOYSA-N","C16H36N",242.284775152,"CCCC[N+](CCCC)(CCCC)CCCC"
"DTXSID70895581","CAS_RN: 114221-78-2","VEGRVJJJOBLZDZ-UHFFFAOYSA-N","C44H40F50",1518.23316228,"FC(F)(F)C(F)(F)C(F)(F)C(F)(F)C(F)(F)C(F)(F)C(F)(F)C(F)(F)C(F)(F)C(F)(F)C(F)(F)C(F)(F)CCCCCCCCCCCCCCCCCCCCC(F)(F)C(F)(F)C(F)(F)C(F)(F)C(F)(F)C(F)(F)C(F)(F)C(F)(F)C(F)(F)C(F)(F)C(F)(F)C(F)(F)F"
"DTXSID70880957","CAS_RN: 72276-05-2","VFAOZLUVVQQCPB-UHFFFAOYSA-N","C18H14F21NO4S",739.030821548,"C=CC(=O)OCCN(C)S(=O)(=O)CCC(F)(F)C(F)(F)C(F)(F)C(F)(F)C(F)(F)C(F)(F)C(F)(F)C(F)(F)C(F)(F)C(F)(F)F"
"DTXSID60904575","CAS_RN: 754925-54-7","VFIFNBRMFPEUOK-UHFFFAOYSA-N","C8HF17O4S",515.932409252,"O=S(=O)(O)C(F)(F)C(F)(F)OC(F)(F)C(F)(F)C(F)(F)C(F)(F)C(F)(F)C(F)(F)F"
"DTXSID70863104","CAS_RN: 3107-18-4","VFOJXEHRTNGBDB-UHFFFAOYSA-N","C6HF11O3S",361.947075312,"O=S(=O)(O)C1(F)C(F)(F)C(F)(F)C(F)(F)C(F)(F)C1(F)F"
"","CAS_RN: 94042-95-2","BRLUCSNICFISSL-UHFFFAOYSA-N","C18H5F23O4S",753.9541287,"O=S(=O)(O)c1ccc(OC(F)=C(C(F)(C(F)(F)F)C(F)(F)C(F)(F)F)C(C(F)(F)F)(C(F)(F)C(F)(F)F)C(F)(F)C(F)(F)F)cc1"
"","CAS_RN: 53518-00-6","VFXIIEQKSPWYPX-UHFFFAOYSA-N","C10H16F9N2O2S",399.078877732,"C[N+](C)(C)CCCNS(=O)(=O)C(F)(F)C(F)(F)C(F)(F)C(F)(F)F"
"DTXSID50191038","CAS_RN: 376-72-7","VGFKXVSMDOKOJZ-UHFFFAOYSA-N","C5H2F8O2",245.992705064,"O=C(O)C(F)(F)C(F)(F)C(F)(F)C(F)F"
"DTXSID90895725","CAS_RN: 196932-95-3","VGHCHTBEJCZDFH-UHFFFAOYSA-N","C10H4F9NO2",341.009832348,"O=[N+]([O-])c1ccc(C(F)(F)C(F)(F)C(F)(F)C(F)(F)F)cc1"
"DTXSID6071667","CAS_RN: 68555-78-2","VGJZPFMDBNZBTG-UHFFFAOYSA-N","C10H13F11N2O2S",434.052209076,"CN(C)CCCNS(=O)(=O)C(F)(F)C(F)(F)C(F)(F)C(F)(F)C(F)(F)F"
"DTXSID50895342","CAS_RN: 66577-33-1","VGKYUGZSJHXAMS-UHFFFAOYSA-N","C14HF29",719.961518412,"FC(F)C(F)(F)C(F)(F)C(F)(F)C(F)(F)C(F)(F)C(F)(F)C(F)(F)C(F)(F)C(F)(F)C(F)(F)C(F)(F)C(F)(F)C(F)(F)F"
"DTXSID10801469","CAS_RN: 647-60-9","VGUUXTQDEISKCQ-UHFFFAOYSA-N","C12H7F9O",338.035318824,"Cc1ccc(C(=O)C(F)(F)C(F)(F)C(F)(F)C(F)(F)F)cc1"
"DTXSID70893385","CAS_RN: 369371-43-7","VHHPRADYROJREN-UHFFFAOYSA-N","C6Cl2F12O3",417.90328786,"FC(F)(F)OC(F)(F)C(F)(F)OC(F)(F)OC(F)(Cl)C(F)(F)Cl"
"DTXSID10224331","CAS_RN: 7383-71-3","VHJHZYSXJKREEE-UHFFFAOYSA-N","C6H6F4O2",186.030392312,"C=CC(=O)OCC(F)(F)C(F)F"
"DTXSID70381151","CAS_RN: 307-31-3","VHJKOLAKAFYZMC-UHFFFAOYSA-N","C8H3F15N2",412.005671396,"N=C(N)C(F)(F)C(F)(F)C(F)(F)C(F)(F)C(F)(F)C(F)(F)C(F)(F)F"
"DTXSID8031863","CAS_RN: 327176-80-7","UZUFPBIDKMEQEQ-UHFFFAOYSA-N","C9HF17O2",463.970509012,"O=C(O)C(F)(F)C(F)(F)C(F)(F)C(F)(F)C(F)(F)C(F)(F)C(F)(F)C(F)(F)F"
"DTXSID70896356","CAS_RN: 56041-73-7","VHOHHHNRRRZQQP-UHFFFAOYSA-N","C10H4ClF7O",307.983889968,"O=C(c1ccc(Cl)cc1)C(F)(C(F)(F)F)C(F)(F)F"
"DTXSID30241126","CAS_RN: 94231-59-1","VHQPVCVRRDZXSW-UHFFFAOYSA-N","C19H6F35O4P",993.944483002,"O=P(O)(O)OCCC(F)(F)C(F)(F)C(F)(F)C(F)(F)C(F)(F)C(F)(F)C(F)(F)C(F)(F)C(F)(F)C(F)(F)C(F)(F)C(F)(F)C(F)(F)C(F)(F)C(F)(C(F)(F)F)C(F)(F)F"
"DTXSID90659945","CAS_RN: 383177-55-7","VHTNJYGNFUMJTN-UHFFFAOYSA-N","C8H5F11O",326.0164752,"CCC(=O)C(F)(F)C(F)(F)C(F)(F)C(F)(F)C(F)(F)F"
"DTXSID3065586","CAS_RN: 13695-31-3","VIEHKBXCWMMOOU-UHFFFAOYSA-N","C8H7F7O2",268.033427004,"C=C(C)C(=O)OCC(F)(F)C(F)(F)C(F)(F)F"
"DTXSID2074376","CAS_RN: 78560-44-8","VIFIHLXNOOCGLJ-UHFFFAOYSA-N","C10H4Cl3F17Si",579.887639438,"FC(F)(F)C(F)(F)C(F)(F)C(F)(F)C(F)(F)C(F)(F)C(F)(F)C(F)(F)CC[Si](Cl)(Cl)Cl"
"DTXSID00338835","CAS_RN: 75743-06-5","VIFUJIXWSIVXKN-UHFFFAOYSA-N","C18H26F7NO5",469.169920472,"CC(C)CCOC(=O)CC(NC(=O)C(F)(F)C(F)(F)C(F)(F)F)C(=O)OCCC(C)C"
"","CAS_RN: 356056-14-9","VIGKXSZWCIUYJE-UHFFFAOYSA-N","C14H19F13Si",462.104843998,"CC(C)[SiH](CCC(F)(F)C(F)(F)C(F)(F)C(F)(F)C(F)(F)C(F)(F)F)C(C)C"
"DTXSID00892528","CAS_RN: 1333933-57-5","VIHJAWYQCFERKN-UHFFFAOYSA-N","C13H18F9NO4S2",487.053354036,"CC(C)(CS(=O)(=O)O)NC(=O)CCSCCC(F)(F)C(F)(F)C(F)(F)C(F)(F)F"
"DTXSID50276475","CAS_RN: 19186-73-3","GCTMXWUUEYFTEL-UHFFFAOYSA-N","C10H11F7O2",296.064727132,"CC(C)(C)C(O)=CC(=O)C(F)(F)C(F)(F)C(F)(F)F"
"DTXSID6067331","CAS_RN: 425670-75-3","VIONGDJUYAYOPU-UHFFFAOYSA-N","C8H5F13O3S",427.97518188,"O=S(=O)(O)CCC(F)(F)C(F)(F)C(F)(F)C(F)(F)C(F)(F)C(F)(F)F"
"DTXSID6067331","CAS_RN: 27619-97-2","VIONGDJUYAYOPU-UHFFFAOYSA-N","C8H5F13O3S",427.97518188,"O=S(=O)(O)CCC(F)(F)C(F)(F)C(F)(F)C(F)(F)C(F)(F)C(F)(F)F"
"DTXSID70895309","CAS_RN: 931415-53-1","VIPKARMAJZVVDC-UHFFFAOYSA-N","C19H23F17",574.152830476,"CCCCCCCCCCCC(F)(F)C(F)(F)C(F)(F)C(F)(F)C(F)(F)C(F)(F)C(F)(F)C(F)(F)F"
"DTXSID00620545","CAS_RN: 1550-50-1","VIRGYRZBWQFJGJ-UHFFFAOYSA-N","C4H7F4N",145.051462104,"CN(C)C(F)(F)C(F)F"
"DTXSID7066300","CAS_RN: 68052-68-6","FQAXLPZGSQABMD-UHFFFAOYSA-N","C15HF29O2",763.951347652,"O=C(O)C(F)(F)C(F)(F)C(F)(F)C(F)(F)C(F)(F)C(F)(F)C(F)(F)C(F)(F)C(F)(F)C(F)(F)C(F)(F)C(F)(C(F)(F)F)C(F)(F)F"
"DTXSID90379999","CAS_RN: 261503-74-6","VJPLPULMKIMOSI-UHFFFAOYSA-N","C15H2F26O2",707.963963024,"O=C(CC(=O)C(F)(F)C(F)(F)C(F)(F)C(F)(F)C(F)(F)C(F)(F)F)C(F)(F)C(F)(F)C(F)(F)C(F)(F)C(F)(F)C(F)(F)F"
"",NA,"VJTAHORTNLQDOE-UHFFFAOYSA-O","C15H24F11N2O7S2",617.084928528,"C[N+](C)(CCCN(CCO)S(=O)(=O)C(F)(F)C(F)(F)C(F)(F)C(F)(F)C(F)(F)F)CC(O)CS(=O)(=O)O"
"DTXSID5071888","CAS_RN: 67584-52-5","MJELJHFNXRAPHF-UHFFFAOYSA-N","C9H8F11NO4S",434.999839156,"CCN(CC(=O)O)S(=O)(=O)C(F)(F)C(F)(F)C(F)(F)C(F)(F)C(F)(F)F"
"DTXSID60895954","CAS_RN: 81769-51-9","VKBLMPJLEYTODL-UHFFFAOYSA-N","C13H3F21N2",585.996090716,"FC(F)(F)C(F)(F)C(F)(F)C(F)(F)C(F)(F)C(F)(F)C(F)(F)C(F)(F)C(F)(F)C(F)(F)c1ncc[nH]1"
"","CAS_RN: 123359-45-5","KAYHPSDEMCKVKU-UPONEAKYSA-N","C14H15F7O2",348.09602726,"CC1(C)[C@H]2CC[C@]1(C)C(=O)C2=C(O)C(F)(F)C(F)(F)C(F)(F)F"
"DTXSID30458858","CAS_RN: 189217-62-7","WOAGDWWRYOZHDS-UHFFFAOYSA-N","C3HF6NO4S2",292.925118832,"O=S1(=O)NS(=O)(=O)C(F)(F)C(F)(F)C1(F)F"
"DTXSID2067327","CAS_RN: 27619-88-1","VKUQIBIIJYOHSC-UHFFFAOYSA-N","C6H4ClF9O2S",345.947682028,"O=S(=O)(Cl)CCC(F)(F)C(F)(F)C(F)(F)C(F)(F)F"
"DTXSID10895641","CAS_RN: 1598-17-0","VLFHADDJTCJDHD-UHFFFAOYSA-N","C11H10F14O3",456.04063926,"OC(COCC(F)(F)C(F)(F)C(F)(F)F)COCC(F)(F)C(F)(F)C(F)(F)F"
"","CAS_RN: 1604816-75-2","JWJFBKZNPONKIG-UHFFFAOYSA-N","C8H9F9O3S",356.012869128,"O=S(=O)(O)CCCCC(F)(F)C(F)(F)C(F)(F)C(F)(F)F"
"DTXSID70343774","CAS_RN: 13230-87-0","VLLJJJGOUHIKJE-UHFFFAOYSA-N","C14H14F7NO3",377.086190848,"COc1ccc(CCNC(=O)C(F)(F)C(F)(F)C(F)(F)F)cc1OC"
"DTXSID90887327","CAS_RN: 68310-12-3","VLLYHFSAJNIONB-UHFFFAOYSA-N","C20HF39O2",1013.935379852,"O=C(O)C(F)(F)C(F)(F)C(F)(F)C(F)(F)C(F)(F)C(F)(F)C(F)(F)C(F)(F)C(F)(F)C(F)(F)C(F)(F)C(F)(F)C(F)(F)C(F)(F)C(F)(F)C(F)(F)C(F)(F)C(F)(F)C(F)(F)F"
"","CAS_RN: 85284-17-9","GZPQUHNWZFYJMK-UHFFFAOYSA-N","C12H5F11O4S",453.97329006,"O=S(=O)(O)c1ccc(OC(=C(C(F)(F)F)C(F)(F)F)C(F)(F)C(F)(F)F)cc1"
"DTXSID70233868","CAS_RN: 84808-64-0","VLTXBOGHSBHSAC-UHFFFAOYSA-N","C10F20",499.9680644,"FC(F)(F)C(C(F)(F)F)(C(F)(F)F)C1(F)C(F)(F)C(F)(F)C(F)(F)C(F)(F)C1(F)F"
"","CAS_RN: 179005-06-2","LNQCZDDWRKBIOU-UHFFFAOYSA-N","C9H14F9N2O3S",401.058142288,"C[N+](C)(O)CCCNS(=O)(=O)C(F)(F)C(F)(F)C(F)(F)C(F)(F)F"
"",NA,"VMDLDGNHALSQHL-UHFFFAOYSA-O","C12H22F7N2O5S2",471.085836344,"CN(CCC[N+](C)(C)CCCS(=O)(=O)O)S(=O)(=O)C(F)(F)C(F)(F)C(F)(F)F"
"DTXSID70617184","CAS_RN: 38471-83-9","VMDVHHXKJFTLTD-UHFFFAOYSA-N","C7H7F7O",240.038512384,"C=C(C)COC(F)(C(F)(F)F)C(F)(F)F"
"DTXSID90893403","CAS_RN: 510768-12-4","VMNRZBDGGQYZPX-UHFFFAOYSA-N","C15H7F13N2",462.040165084,"FC(F)(F)C(F)(F)C(F)(F)C(F)(F)C(F)(F)C(F)(F)c1cc(-c2ccccc2)[nH]n1"
"DTXSID90382069","CAS_RN: 82822-26-2","VMRLNPHYYNLINM-UHFFFAOYSA-N","C10H5F13O2",404.00819626,"CC(=O)CC(=O)C(F)(F)C(F)(F)C(F)(F)C(F)(F)C(F)(F)C(F)(F)F"
"DTXSID30204796","CAS_RN: 56236-41-0","VMVIOLQWKUPXMI-BYPYZUCNSA-N","C9H7ClF7NO2",329.005353684,"O=C(Cl)[C@@H]1CCCN1C(=O)C(F)(F)C(F)(F)C(F)(F)F"
"DTXSID70896578","CAS_RN: 1882109-68-3","VMZZQFPAUSWERK-UHFFFAOYSA-N","C8HF15O2",413.973702572,"O=C(O)C(F)(F)C(F)(C(F)(F)C(F)(F)F)C(F)(C(F)(F)F)C(F)(F)F"
"DTXSID20465531","CAS_RN: 56112-35-7","VNEGZSKUFZUCAV-UHFFFAOYSA-N","C10H5F7O",274.02286232,"O=C(c1ccccc1)C(F)(C(F)(F)F)C(F)(F)F"
"DTXSID60896986","CAS_RN: 1225375-54-1","VNEYERDGZVVTIT-UHFFFAOYSA-N","C8H6ClF11O2S",409.960138532,"O=S(=O)(Cl)CCC(F)(F)CC(F)(F)C(F)(F)C(F)(F)C(F)(F)F"
"DTXSID30895401","CAS_RN: 53638-11-2","VNKUHJSRWROOHW-UHFFFAOYSA-N","C14H3F26I",791.886431816,"FC(F)(F)C(F)(F)C(F)(F)C(F)(F)C(F)(F)C(F)(F)CC(I)C(F)(F)C(F)(F)C(F)(F)C(F)(F)C(F)(F)C(F)(F)F"
"","CAS_RN: 937038-66-9","JZYRYQMINVQXML-UHFFFAOYSA-N","C12BF28",686.96459556,"F[B-](F)(C(F)(F)C(F)(F)C(F)(F)C(F)(F)C(F)(F)C(F)(F)F)C(F)(F)C(F)(F)C(F)(F)C(F)(F)C(F)(F)C(F)(F)F"
"DTXSID30880216","CAS_RN: 13252-15-8","VOAMXAGBQIGIEI-UHFFFAOYSA-N","C18F36O6",995.91200364,"O=C(F)C(F)(OC(F)(F)C(F)(OC(F)(F)C(F)(OC(F)(F)C(F)(OC(F)(F)C(F)(OC(F)(F)C(F)(F)C(F)(F)F)C(F)(F)F)C(F)(F)F)C(F)(F)F)C(F)(F)F)C(F)(F)F"
"DTXSID50896157","CAS_RN: 327630-35-3","VOBUCWYYRVENGT-UHFFFAOYSA-N","C14H4BrF13S2",561.873021088,"FC(F)(F)C(F)(F)C(F)(F)C(F)(F)C(F)(F)C(F)(F)c1ccc(-c2ccc(Br)s2)s1"
"DTXSID7068689","CAS_RN: 51947-19-4","VOEFEIDNANPLSQ-UHFFFAOYSA-N","C16H4ClF19O3S",671.926628848,"O=S(=O)(Cl)c1ccc(OC(=C(C(F)(F)F)C(C(F)(F)F)(C(F)(F)C(F)(F)F)C(F)(F)C(F)(F)F)C(F)(F)F)cc1"
"DTXSID60893410","CAS_RN: 958445-54-0","VOKIUIIBMBYXNU-UHFFFAOYSA-N","C8H4F12O4",391.991797248,"COC(=O)C(F)(F)C(F)OC(F)(F)C(F)(F)C(F)(F)OC(F)(F)F"
"DTXSID9070870","CAS_RN: 67939-36-0","VOQYRTHXEXILMW-UHFFFAOYSA-N","C15H14F15NO4S",589.040402228,"C=C(C)C(=O)OCCN(CC)S(=O)(=O)C(F)(F)C(F)(F)C(F)(F)C(F)(F)C(F)(F)C(F)(F)C(F)(F)F"
"DTXSID70893289","CAS_RN: 70900-37-7","VORMEUUFGOJQNI-UHFFFAOYSA-N","C26H30F11N3O8S",753.15779634,"C=C(C)C(=O)OCC(C)OC(=O)Nc1cc(NC(=O)OCCCCN(C)S(=O)(=O)C(F)(F)C(F)(F)C(F)(F)C(F)(F)C(F)(F)F)ccc1C"
"DTXSID60895974","CAS_RN: 131545-71-6","VOSLQIFOYWLTEL-UHFFFAOYSA-N","C21H27F9O2",482.186734084,"Oc1cccc(CCCCCCCCCCCC(F)(F)C(F)(F)C(F)(F)C(F)(F)F)c1O"
"DTXSID40337468","CAS_RN: 679-87-8","VOUMUNAZCCDSHT-UHFFFAOYSA-N","C3H3F4I",241.921560976,"FC(F)C(F)(F)CI"
"DTXSID80880180","CAS_RN: 2355-57-9","VPEPXOMYWDUPOA-RMLUDKJBSA-N","C24H20F24O4",828.0978364,"CC1(C)[C@H](C(=O)OCC(F)(F)C(F)(F)C(F)(F)C(F)(F)C(F)(F)C(F)F)CC[C@]1(C)C(=O)OCC(F)(F)C(F)(F)C(F)(F)C(F)(F)C(F)(F)C(F)F"
"DTXSID9038840","CAS_RN: 17527-29-6","VPKQPPJQTZJZDB-UHFFFAOYSA-N","C11H7F13O2",418.023846324,"C=CC(=O)OCCC(F)(F)C(F)(F)C(F)(F)C(F)(F)C(F)(F)C(F)(F)F"
"DTXSID90896732","CAS_RN: 2192-60-1","VPKYJRGMBQKKDH-JEWRLFTDSA-N","C22H21F7O3",466.137892072,"C[C@]12CC[C@@H]3c4ccc(OC(=O)C(F)(F)C(F)(F)C(F)(F)F)cc4CC[C@H]3[C@@H]1CCC2=O"
"",NA,"VPLLSESAUGXCDS-HNQUOIGGSA-N","C5HF5O2",187.989670372,"O=C(O)/C(F)=C(\F)C(F)=C(F)F"
"DTXSID70895480","CAS_RN: 136022-91-8","VPNWMJAVJKPMOO-UHFFFAOYSA-N","C11H7F17O",478.022544584,"CC(CO)C(F)(F)C(F)(F)C(F)(F)C(F)(F)C(F)(F)C(F)(F)C(F)(F)C(F)(F)F"
"DTXSID9059919","CAS_RN: 375-88-2","VPQQZKWYZYVTMU-UHFFFAOYSA-N","C7BrF15",447.8943854,"FC(F)(F)C(F)(F)C(F)(F)C(F)(F)C(F)(F)C(F)(F)C(F)(F)Br"
"DTXSID70897545","CAS_RN: 340131-92-2","VPTHWNGRLDBEJL-UHFFFAOYSA-N","C13H4F17N3O3",572.998120728,"O=C(Nc1ncccn1)C(F)(OC(F)(F)C(F)(OC(F)(F)C(F)(F)C(F)(F)F)C(F)(F)F)C(F)(F)F"
"DTXSID90881128","CAS_RN: 93894-74-7","VPUBPEWSNIAMAS-UHFFFAOYSA-N","C38H50F17N3O6S",999.31488706,"CCCCCCCCC=CCCCCCCCCOC(=O)Nc1cc(NC(=O)OCCN(C)S(=O)(=O)C(F)(F)C(F)(F)C(F)(F)C(F)(F)C(F)(F)C(F)(C(F)(F)F)C(F)(F)F)ccc1C"
"DTXSID10896133","CAS_RN: 331716-84-8","VPYYGEWLNDRXQW-UHFFFAOYSA-N","C16H8F17NO2",569.028358236,"O=C(OCCC(F)(F)C(F)(F)C(F)(F)C(F)(F)C(F)(F)C(F)(F)C(F)(F)C(F)(F)F)c1cccnc1"
"DTXSID50895988","CAS_RN: 1427176-16-6","VQFOWJGPZJPHPF-UHFFFAOYSA-N","C7H8F9NO2S",341.013203476,"CCN(C)S(=O)(=O)C(F)(F)C(F)(F)C(F)(F)C(F)(F)F"
"DTXSID50315131","CAS_RN: 64773-40-6","VQHMMOSXFHZLPI-UHFFFAOYSA-N","C2ClF5O2S",217.92276902,"O=S(=O)(Cl)C(F)(F)C(F)(F)F"
"DTXSID40381668","CAS_RN: 13140-35-7","VQHXSBVNMOZRLC-UHFFFAOYSA-N","C6H2F11NO2",328.990988724,"NC(=O)C(F)(OC(F)(F)C(F)(F)C(F)(F)F)C(F)(F)F"
"DTXSID40895553","CAS_RN: 123445-18-1","VQIWEYGMCDFBSW-UHFFFAOYSA-N","C15H13F21O3Si",668.029863426,"CO[Si](CCC(F)(F)C(F)(F)C(F)(F)C(F)(F)C(F)(F)C(F)(F)C(F)(F)C(F)(F)C(F)(F)C(F)(F)F)(OC)OC"
"",NA,"VQJPRAWEZFJQJY-UHFFFAOYSA-N","C14H4F22O3",637.980914828,"O=C(O)COC(F)(F)C(F)(F)C(F)(F)C(F)(F)C(F)(F)C(F)(F)C(F)(F)C(F)(F)C(F)(F)C(F)=CC(F)(F)F"
"DTXSID90892916","CAS_RN: 66443-79-6","VQKMJXAMQVPHHB-UHFFFAOYSA-N","C5HClF8O2",279.953732712,"O=C(O)C(F)(F)C(F)(F)C(F)(F)C(F)(F)Cl"
"","CAS_RN: 220237-47-8","VQLCZXOPOODRDY-UHFFFAOYSA-N","C26H37F13O2",628.258597284,"CCCCCCCCC=CCCCCCCCC(=O)OCCC(F)(F)C(F)(F)C(F)(F)C(F)(F)C(F)(F)C(F)(F)F"
"",NA,"VQLVZRWGZRIQOG-UHFFFAOYSA-N","C6H3F11O3S",363.962725376,"O=S(=O)(O)CC(F)(F)C(F)(F)C(F)(F)C(F)(F)C(F)(F)F"
"DTXSID80388474","CAS_RN: 16557-94-1","FUSBVOVTUYPKLS-UHFFFAOYSA-N","C8HClF14O2",429.944152032,"O=C(O)C(F)(F)C(F)(F)C(F)(F)C(F)(F)C(F)(F)C(F)(F)C(F)(F)Cl"
"DTXSID10896158","CAS_RN: 1161917-33-4","VQOJLJBNCWMMCA-UHFFFAOYSA-N","C24H21F21O3S",788.087608152,"CCCCCCOc1ccc(S(=O)(=O)CCC(F)(F)C(F)(F)C(F)(F)C(F)(F)C(F)(F)C(F)(F)C(F)(F)C(F)(F)C(F)(F)C(F)(F)F)cc1"
"DTXSID60895737","CAS_RN: 146615-73-8","VQOPAPHAKJCJTK-UHFFFAOYSA-N","C10H9F7O4",326.038906308,"C=C(C)C(=O)OCCOC(=O)C(F)(F)C(F)(F)C(F)(F)F"
"DTXSID40895351","CAS_RN: 214358-54-0","VQQUFCBIFOJLEP-UHFFFAOYSA-N","C12H3Br2F21",703.826616916,"FC(F)(F)C(F)(F)C(F)(F)C(F)(F)C(F)(F)C(F)(F)C(F)(F)C(F)(F)C(F)(F)C(F)(F)C(Br)CBr"
"DTXSID80895956","CAS_RN: 129560-96-9","VQRKSWKQONXOSI-UHFFFAOYSA-N","C12H7F11O2",392.027039884,"Oc1ccc(OCC(F)(F)C(F)(F)C(F)(F)C(F)(F)C(F)(F)F)cc1"
"DTXSID80880246","CAS_RN: 29514-94-1","VQUGQIYAVYQSAB-UHFFFAOYSA-N","C4F8O3S",279.94404062,"O=S(=O)(F)C(F)(F)C(F)(F)OC(F)=C(F)F"
"DTXSID80564034","CAS_RN: 27744-59-8","VQUXEUQKVBTRLT-UHFFFAOYSA-N","C7F16O4S",483.926181,"O=S(=O)(F)C(F)(F)C(F)(F)OC(F)(C(F)(F)F)C(F)(F)OC(F)(F)C(F)(F)F"
"DTXSID30412359","CAS_RN: 325459-91-4","VQWYSTZTOSMTTA-UHFFFAOYSA-N","C42H12F51P",1515.986226234,"FC(F)(F)C(F)(F)C(F)(F)C(F)(F)C(F)(F)C(F)(F)C(F)(F)C(F)(F)c1cccc(P(c2cccc(C(F)(F)C(F)(F)C(F)(F)C(F)(F)C(F)(F)C(F)(F)C(F)(F)C(F)(F)F)c2)c2cccc(C(F)(F)C(F)(F)C(F)(F)C(F)(F)C(F)(F)C(F)(F)C(F)(F)C(F)(F)F)c2)c1"
"DTXSID20895531","CAS_RN: 176676-70-3","VQXBYKPWJNOTLT-UHFFFAOYSA-N","C15H5F27O",713.99092672,"OCCC(F)(F)C(F)(F)C(F)(F)C(F)(F)C(F)(F)C(F)(F)C(F)(F)C(F)(F)C(F)(F)C(F)(F)C(F)(F)C(F)(F)C(F)(F)F"
"DTXSID30784341","CAS_RN: 38565-61-6","VRCPRBGZFGTRGS-UHFFFAOYSA-N","C10H8F13I",501.946315116,"FC(F)(F)C(F)(F)C(F)(F)C(F)(F)C(F)(F)C(F)(F)CCCCI"
"","CAS_RN: 70887-88-6","VRDYFGAPTXONQX-UHFFFAOYSA-N","C8H4F12O2",360.001968008,"O=C(O)CC(F)C(F)(F)C(F)(F)C(F)(F)C(F)(F)C(F)(F)F"
"DTXSID50892598","CAS_RN: 727351-53-3","VRHKIYMPKNNKRY-UHFFFAOYSA-N","C16H19F17NOS",596.091589968,"C[N+](C)(C)CC(O)CSCCC(F)(F)C(F)(F)C(F)(F)C(F)(F)C(F)(F)C(F)(F)C(F)(F)C(F)(F)F"
"DTXSID10896234","CAS_RN: 853928-88-8","VRIWOBCDHBKITR-UHFFFAOYSA-N","C19H12F17NO5",657.044402224,"COc1cc(C=O)c([N+](=O)[O-])cc1OCCCC(F)(F)C(F)(F)C(F)(F)C(F)(F)C(F)(F)C(F)(F)C(F)(F)C(F)(F)F"
"DTXSID7061221","CAS_RN: 865-77-0","VRJGWRPPKVEMMR-UHFFFAOYSA-N","C9F19I",595.87413418,"FC(F)(F)C(F)(C(F)(F)F)C(F)(F)C(F)(F)C(F)(F)C(F)(F)C(F)(F)C(F)(F)I"
"",NA,"VRJWTMNIGCNXFO-UHFFFAOYSA-N","C10H5F17O4S",543.96370938,"O=S(=O)(O)C(O)CC(F)(F)C(F)(F)C(F)(F)C(F)(F)C(F)(F)C(F)(F)C(F)(F)C(F)(F)F"
"DTXSID40895255","CAS_RN: 168169-26-4","VRQXYADBEKKVLC-UHFFFAOYSA-N","C16H20F14",478.13414572,"FC(F)(F)C(F)(F)C(F)(F)CCCCCCCCCCC(F)(F)C(F)(F)C(F)(F)F"
"DTXSID60762975","CAS_RN: 109574-90-5","VRVUWOCHHTUQTI-UHFFFAOYSA-N","C12H6F9I",447.937052172,"FC(F)(F)C(F)(F)C(F)(F)C(F)(F)C=C(I)c1ccccc1"
"","CAS_RN: 131294-67-2","VSDPIAWMPOHVMW-UHFFFAOYSA-N","C10H11F9",302.071704332,"CCCCC=CC(F)(F)C(F)(F)C(F)(F)C(F)(F)F"
"DTXSID70896311","CAS_RN: 51114-10-4","VSGMOFFVOMMCGS-UHFFFAOYSA-N","C10H7F7",260.043597764,"Cc1ccccc1C(F)(C(F)(F)F)C(F)(F)F"
"","CAS_RN: 521069-00-1","VSLHCOZVHMYAKT-UHFFFAOYSA-N","C21H24F26O2Si3",886.066893318,"C[SiH](O[Si](C)(C)CCC(F)(F)C(F)(F)C(F)(F)C(F)(F)C(F)(F)C(F)(F)F)O[Si](C)(C)CCC(F)(F)C(F)(F)C(F)(F)C(F)(F)C(F)(F)C(F)(F)F"
"DTXSID00880965","CAS_RN: 73019-19-9","VSMLCKGSLXSQHO-UHFFFAOYSA-N","C46H60F17N3O4S",1073.40330814,"CCCCCCCCCCCCCCCCCCNC(=O)c1ccc(Cc2ccc(C(=O)NCCN(CCC)S(=O)(=O)C(F)(F)C(F)(F)C(F)(F)C(F)(F)C(F)(F)C(F)(F)C(F)(F)C(F)(F)F)cc2)cc1"
"DTXSID80896206","CAS_RN: 96146-12-2","VSNLGZJCMQXKOZ-UHFFFAOYSA-N","C13H7F9N2O",378.041466824,"O=C1CC(C(F)(F)C(F)(F)C(F)(F)C(F)(F)F)=Nc2ccccc2N1"
"DTXSID60892584","CAS_RN: 690947-60-5","VSQYJKSCQUHLGK-UHFFFAOYSA-N","C19H18F21NO4S2",787.034192676,"CC(C)(CS(=O)(=O)O)NC(=O)CCSCCC(F)(F)C(F)(F)C(F)(F)C(F)(F)C(F)(F)C(F)(F)C(F)(F)C(F)(F)C(F)(F)C(F)(F)F"
"",NA,"VTNWPFDYJFVEDI-UHFFFAOYSA-N","C8HF15O",397.978787952,"OC(F)(F)C(F)(F)C(F)(F)C(F)(F)C(F)(F)C(F)=C(F)C(F)(F)F"
"DTXSID00881058","CAS_RN: 93776-29-5","VTOKHKRGJLAVHV-UHFFFAOYSA-N","C34H9F62O4P",1689.924845038,"O=P(O)(OCCC(F)(F)C(F)(F)C(F)(F)C(F)(F)C(F)(F)C(F)(F)C(F)(F)C(F)(F)C(F)(F)C(F)(F)C(F)(F)C(F)(F)C(F)(C(F)(F)F)C(F)(F)F)OCCC(F)(F)C(F)(F)C(F)(F)C(F)(F)C(F)(F)C(F)(F)C(F)(F)C(F)(F)C(F)(F)C(F)(F)C(F)(F)C(F)(F)C(F)(C(F)(F)F)C(F)(F)F"
"",NA,"VTPGUYDGPUCAEA-UHFFFAOYSA-O","C14H18F11N2O6S",551.070992716,"C[N+](C)(CCCN(CC(=O)O)S(=O)(=O)C(F)(F)C(F)(F)C(F)(F)C(F)(F)C(F)(F)F)CC(=O)O"
"DTXSID40904750",NA,"VTRBUVRUSRRZHZ-UHFFFAOYSA-N","C8H2F14O7S",507.929768484,"O=C(O)C(F)(OC(F)(F)C(F)(OC(F)(F)C(F)(F)S(=O)(=O)O)C(F)(F)F)C(F)(F)F"
"DTXSID10897504","CAS_RN: 1401422-21-6","VTRKCHXDEIVAGQ-VSVFBYLCSA-N","C54H57F17N7O8P",1285.373478154,"COc1ccc(C(OC[C@H]2OC(n3cnc4c(=O)[nH]c(NC(=O)C(C)C)nc43)C[C@@H]2OP(OCCC#N)N(C(C)C)C(C)C)(c2ccc(CCC(F)(F)C(F)(F)C(F)(F)C(F)(F)C(F)(F)C(F)(F)C(F)(F)C(F)(F)F)cc2)c2ccc(OC)cc2)cc1"
"DTXSID00895574","CAS_RN: 1244062-18-7","VUFRWFCKWJGTIS-UHFFFAOYSA-N","C26H31F21",742.209043612,"CCCCCCCCCCCCCCC=CC(F)(F)C(F)(F)C(F)(F)C(F)(F)C(F)(F)C(F)(F)C(F)(F)C(F)(F)C(F)(F)C(F)(F)F"
"","CAS_RN: 68815-72-5","VUHHRZPEJYXHPO-UHFFFAOYSA-N","C20H6Cl4F13NO6S",774.846235492,"O=C(O)c1c(Cl)c(Cl)c(Cl)c(Cl)c1C(=O)Nc1cccc(OS(=O)(=O)C(F)(F)C(F)(F)C(F)(F)C(F)(F)C(F)(F)C(F)(F)F)c1"
"DTXSID20880422","CAS_RN: 47795-34-6","VUXJDZVQYBZCFC-UHFFFAOYSA-N","C14H5F23O",625.99731384,"FC(F)(F)C(F)(C(F)(F)F)C(F)(F)C(F)(F)C(F)(F)C(F)(F)C(F)(F)C(F)(F)C(F)(F)C(F)(F)CC1CO1"
"DTXSID10895702","CAS_RN: 377-67-3","VVMBYVDOZXJXRJ-UHFFFAOYSA-N","C8H10F7NO",269.06506148,"CCCCNC(=O)C(F)(F)C(F)(F)C(F)(F)F"
"DTXSID9072604","CAS_RN: 72804-49-0","VVMQLAKDFBLCHB-UHFFFAOYSA-N","C5F10",249.9840322,"FC(=C(F)C(F)(F)C(F)(F)F)C(F)(F)F"
"DTXSID60896204","CAS_RN: 312-19-6","VVSMORRIDUQEFJ-UHFFFAOYSA-N","C12H8F17NO3S",568.995343856,"O=S(=O)(N1CCOCC1)C(F)(F)C(F)(F)C(F)(F)C(F)(F)C(F)(F)C(F)(F)C(F)(F)C(F)(F)F"
"DTXSID00485237","CAS_RN: 61324-27-4","OTFLZXXBEWPSKG-UHFFFAOYSA-N","C9H5F7O",262.02286232,"Oc1ccc(C(F)(F)C(F)(F)C(F)(F)F)cc1"
"DTXSID901019190","CAS_RN: 135098-69-0","VWCCNJKABGONRR-UHFFFAOYSA-N","C12H9F18O4P",589.995103358,"O=P(O)(OCCC(F)(F)C(F)(F)C(F)(F)C(F)(F)F)OCCC(F)(F)C(F)(F)C(F)(F)C(F)(F)F"
"DTXSID50895327","CAS_RN: 1835255-25-8","VWDQEOUJCKTHTF-UHFFFAOYSA-N","C16H12F22",622.058771224,"FC(F)(F)C(F)(F)C(F)(F)C(F)(F)C(F)(F)CCCCCCC(F)(F)C(F)(F)C(F)(F)C(F)(F)C(F)(F)F"
"DTXSID9071890","CAS_RN: 68555-68-0","PAOHBPWWJXVFBM-UHFFFAOYSA-N","C8H8F9NO4S",385.003032716,"CCN(CC(=O)O)S(=O)(=O)C(F)(F)C(F)(F)C(F)(F)C(F)(F)F"
"",NA,"VWOZJJGGBQGKFY-UHFFFAOYSA-N","C5HF11O2S",333.952160692,"O=S(O)C(F)(F)C(F)(F)C(F)(F)C(F)(F)C(F)(F)F"
"DTXSID50895281","CAS_RN: 113999-55-6","VWTHYYFOIOPGBF-UHFFFAOYSA-N","C12H15F9",330.10300446,"CCCCCC=C(C)C(F)(F)C(F)(F)C(F)(F)C(F)(F)F"
"DTXSID90896075","CAS_RN: 1361253-41-9","VWTZJHIQIGBHCX-UHFFFAOYSA-N","C11H11F11O5S",464.015154872,"CCOC(=O)CCC(F)(F)COS(=O)(=O)C(F)(F)C(F)(F)C(F)(F)C(F)(F)F"
"",NA,"VXCNTHGDUBTQBX-UHFFFAOYSA-N","C20H26F17NO7S",747.115852912,"CCN(CCOCCOCCOCCOCCO)S(=O)(=O)C(F)(F)C(F)(F)C(F)(F)C(F)(F)C(F)(F)C(F)(F)C(F)(F)C(F)(F)F"
"DTXSID20896189","CAS_RN: 106790-26-5","VXIXTPSCZIRXQF-UHFFFAOYSA-N","C17H22F17NO5SSi",703.071650074,"CCO[Si](CCCNS(=O)(=O)C(F)(F)C(F)(F)C(F)(F)C(F)(F)C(F)(F)C(F)(F)C(F)(F)C(F)(F)F)(OCC)OCC"
"DTXSID00882020","CAS_RN: 141607-32-1","VXOHBWROOXTGPC-UHFFFAOYSA-N","C14H17F13N2O4S",556.070144884,"CN(C)CCCN(CCC(=O)O)S(=O)(=O)C(F)(F)C(F)(F)C(F)(F)C(F)(F)C(F)(F)C(F)(F)F"
"DTXSID1072559","CAS_RN: 72276-08-5","VYFGRTSCBLVROZ-UHFFFAOYSA-N","C24H14F33NO4S",1039.011660188,"C=CC(=O)OCCN(C)S(=O)(=O)CCC(F)(F)C(F)(F)C(F)(F)C(F)(F)C(F)(F)C(F)(F)C(F)(F)C(F)(F)C(F)(F)C(F)(F)C(F)(F)C(F)(F)C(F)(F)C(F)(F)C(F)(F)C(F)(F)F"
"DTXSID40240983","CAS_RN: 93857-48-8","WCIJLILUIZUGMK-UHFFFAOYSA-N","C18H6F33O4P",943.947676562,"O=P(O)(O)OCCC(F)(F)C(F)(F)C(F)(F)C(F)(F)C(F)(F)C(F)(F)C(F)(F)C(F)(F)C(F)(F)C(F)(F)C(F)(F)C(F)(F)C(F)(F)C(F)(F)C(F)(F)C(F)(F)F"
"",NA,"VYRVJLICNKBAHH-UHFFFAOYSA-N","C13H11F13O2",446.055146452,"C=C(C)CC(=O)OCCC(F)(F)C(F)(F)C(F)(F)C(F)(F)C(F)(F)C(F)(F)F"
"DTXSID10895186","CAS_RN: 1446355-42-5","VYXXEPNGYRIBCL-UHFFFAOYSA-N","C5H6F7N",213.038846732,"CC(N)C(F)(F)C(F)(F)C(F)(F)F"
"DTXSID70325611","CAS_RN: 559-37-5","VZEYKZFVOPCTLV-UHFFFAOYSA-N","C10H5F7N2",286.0340957,"FC(F)(F)C(F)(F)C(F)(F)c1nc2ccccc2[nH]1"
"",NA,"VZNMWWFYPBHICQ-UHFFFAOYSA-N","C5H6F7NO3S",292.995661592,"O=S(=O)(NCCO)C(F)(F)C(F)(F)C(F)(F)F"
"DTXSID80562853","CAS_RN: 2145-81-5","VZOWCSFBTSNJKX-UHFFFAOYSA-N","C9H9F7O2",282.049077068,"C=C(C)C(=O)OCCC(F)(F)C(F)(F)C(F)(F)F"
"","CAS_RN: 94088-80-9","RFFQBPUGVKNUHQ-UHFFFAOYSA-N","C14H20F13N2O2S",527.10379074,"C[N+](C)(C)CCCNS(=O)(=O)CCC(F)(F)C(F)(F)C(F)(F)C(F)(F)C(F)(F)C(F)(F)F"
"DTXSID40221959","CAS_RN: 71735-32-5","VZUSRIIEPFQBNE-UHFFFAOYSA-N","C6H3F5N2O",214.016553816,"O=C(n1ccnc1)C(F)(F)C(F)(F)F"
"","CAS_RN: 68541-02-6","RBHRIWMPJOQTPX-UHFFFAOYSA-N","C19H6Cl4F11NO6S",724.849429052,"O=C(O)c1c(Cl)c(Cl)c(Cl)c(Cl)c1C(=O)Nc1cccc(OS(=O)(=O)C(F)(F)C(F)(F)C(F)(F)C(F)(F)C(F)(F)F)c1"
"DTXSID10867560","CAS_RN: 94133-90-1","LGLNTFXAUMMBJX-UHFFFAOYSA-N","C16H19F17N2O6S2",722.041308068,"CN(C)CCCN(CC(O)CS(=O)(=O)O)S(=O)(=O)C(F)(F)C(F)(F)C(F)(F)C(F)(F)C(F)(F)C(F)(F)C(F)(F)C(F)(F)F"
"DTXSID30893346","CAS_RN: 120945-47-3","WAMDJIYFKLYZRR-UHFFFAOYSA-N","C14H15F18N2O8PS2",775.97200203,"CN(CCOP(=O)(O)OCCN(C)S(=O)(=O)C(F)(F)C(F)(F)C(F)(F)C(F)(F)F)S(=O)(=O)C(F)(F)C(F)(F)C(F)(F)C(F)(F)F"
"DTXSID70881368","CAS_RN: 63295-20-5","WAMJRQKSJMEKEM-UHFFFAOYSA-N","C24H13F38O6P",1149.984297126,"O=P(O)(OCC(O)CC(F)(F)C(F)(F)C(F)(F)C(F)(F)C(F)(F)C(F)(F)C(F)(C(F)(F)F)C(F)(F)F)OCC(O)CC(F)(F)C(F)(F)C(F)(F)C(F)(F)C(F)(F)C(F)(F)C(F)(C(F)(F)F)C(F)(F)F"
"DTXSID80813332","CAS_RN: 61881-12-7","WAPVYOONVRTQCI-UHFFFAOYSA-N","C10H6F7NS",305.010917732,"FC(F)(F)C(F)(F)C(F)(F)C(=S)Nc1ccccc1"
"DTXSID90880494","CAS_RN: 58943-98-9","WAVNXLRSYAMQNY-UHFFFAOYSA-N","C18H18F24N3O6P3",921.002522466,"FC(F)C(F)(F)COP1(OCC(F)(F)C(F)F)=NP(OCC(F)(F)C(F)F)(OCC(F)(F)C(F)F)=NP(OCC(F)(F)C(F)F)(OCC(F)(F)C(F)F)=N1"
"DTXSID60556851","CAS_RN: 52299-25-9","WAZIDHPTVNFDQG-UHFFFAOYSA-N","C8HF18O2P",501.942673862,"O=P(O)(C(F)(F)C(F)(F)C(F)(F)C(F)(F)F)C(F)(F)C(F)(F)C(F)(F)C(F)(F)F"
"DTXSID50892593","CAS_RN: 1513864-18-0","WBFVGXGYAJLRKX-UHFFFAOYSA-N","C14H19F13NO2S",512.092891708,"C[N+](C)(C)CC(O)CS(=O)CCC(F)(F)C(F)(F)C(F)(F)C(F)(F)C(F)(F)C(F)(F)F"
"DTXSID10190840","CAS_RN: 374-99-2","WBGBQSRNXPVFDB-UHFFFAOYSA-N","C4H4F7N",199.023196668,"NCC(F)(F)C(F)(F)C(F)(F)F"
"DTXSID20380250","CAS_RN: 226575-14-0","WBIQBVWPTRRHCM-UHFFFAOYSA-N","C5H3F7O",212.007212256,"C=CC(F)(OC(F)(F)F)C(F)(F)F"
"DTXSID00895913","CAS_RN: 158018-94-1","WBUMDKALJWQLNV-UHFFFAOYSA-N","C9H10F9NO",319.06186792,"CCN(CC)C(=O)C(F)(F)C(F)(F)C(F)(F)C(F)(F)F"
"DTXSID60374714","CAS_RN: 72301-80-5","WBXAHKZHOCTGLP-UHFFFAOYSA-N","C3HF7O",185.991562192,"OC(F)(F)C(F)(F)C(F)(F)F"
"DTXSID0059796","CAS_RN: 307-60-8","WBYCUETVRCXUPE-UHFFFAOYSA-N","C12F25I",745.8645535,"FC(F)(F)C(F)(F)C(F)(F)C(F)(F)C(F)(F)C(F)(F)C(F)(F)C(F)(F)C(F)(F)C(F)(F)C(F)(F)C(F)(F)I"
"",NA,"WBGHFTCUTXRJKP-OWOJBTEDSA-N","C8H2F14O4S",459.945024624,"O=S(=O)(O)C(F)(F)C(F)(F)OC(F)(F)C(F)(F)C(F)(F)/C(F)=C(\F)C(F)F"
"DTXSID40240983","CAS_RN: 94200-55-2","WCIJLILUIZUGMK-UHFFFAOYSA-N","C18H6F33O4P",943.947676562,"O=P(O)(O)OCCC(F)(F)C(F)(F)C(F)(F)C(F)(F)C(F)(F)C(F)(F)C(F)(F)C(F)(F)C(F)(F)C(F)(F)C(F)(F)C(F)(F)C(F)(F)C(F)(F)C(F)(F)C(F)(F)F"
"DTXSID40896469","CAS_RN: 862133-18-4","WCNBXBMCGOSLAT-UHFFFAOYSA-N","C25H16ClF8N3O4",609.070159432,"Cc1cc(C(F)(C(F)(F)F)C(F)(F)F)cc(C)c1NC(=O)c1cccc(NC(=O)c2ccc(Cl)cc2[N+](=O)[O-])c1F"
"","CAS_RN: 96146-02-0","WCNIPVACNGFZEZ-UHFFFAOYSA-N","C13H7F9N2O",378.041466824,"Oc1cc(C(F)(F)C(F)(F)C(F)(F)C(F)(F)F)nn1-c1ccccc1"
"DTXSID50226894","CAS_RN: 1868-86-6","RARQGXBOCXOJPM-UHFFFAOYSA-N","C9H2F16O2",445.979930824,"O=C(O)C(F)(F)C(F)(F)C(F)(F)C(F)(F)C(F)(F)C(F)(F)C(F)(F)C(F)F"
"",NA,"WCTTXJARBKPVRT-UHFFFAOYSA-N","C8H4F10O3",338.000076188,"O=C(O)COC(F)(F)C(F)(F)C(F)(F)C(F)=CC(F)(F)F"
"DTXSID00881139","CAS_RN: 94158-67-5","WCTXFFMYNHVNSS-UHFFFAOYSA-N","C17H5F29O",775.98773316,"FC(F)(F)C(F)(F)C(F)(F)C(F)(F)C(F)(F)C(F)(F)C(F)(F)C(F)(F)C(F)(F)C(F)(F)C(F)(F)C(F)(F)C(F)(F)C(F)(F)CC1CO1"
"DTXSID20700297","CAS_RN: 122179-35-5","WCXHKBNLYSFANT-UHFFFAOYSA-N","C16H20F18OSi2",626.07652628,"C[Si](C)(C)O[Si](C)(C(F)(F)C(F)(F)C(F)(F)CCC(F)(F)F)C(F)(F)C(F)(F)C(F)(F)CCC(F)(F)F"
"",NA,"WDCWBOTVVLGAOL-UHFFFAOYSA-N","C16H16F16O2",544.089481272,"O=C(O)C(F)(F)CC(F)(F)CC(F)(F)CC(F)(F)CC(F)(F)CC(F)(F)CC(F)(F)CC(F)F"
"DTXSID70896331","CAS_RN: 66566-87-8","WDCXBIMHVSLSCD-UHFFFAOYSA-N","C8H3F15O",399.994438016,"OC(C(F)(F)C(F)(F)C(F)(F)C(F)F)C(F)(C(F)(F)F)C(F)(F)F"
"DTXSID10896072","CAS_RN: 82633-48-5","WDDUCRITVXHQAD-UHFFFAOYSA-N","C7H4BrF7N2",327.944607768,"Cc1[nH]nc(C(F)(F)C(F)(F)C(F)(F)F)c1Br"
"DTXSID20381045","CAS_RN: 317817-24-6","WDIFKQOHZPTQIR-UHFFFAOYSA-N","C10H3F19O4",547.972794756,"OCC(F)(F)OC(F)(F)C(F)(F)OC(F)(F)C(F)(F)OC(F)(F)C(F)(F)C(F)(F)C(F)(F)F"
"DTXSID40896368","CAS_RN: 1207315-39-6","WDSUIXLBAVGUFE-UHFFFAOYSA-N","C10H4F10IN",454.922879328,"Nc1c(I)cc(C(F)(C(F)(F)F)C(F)(F)F)cc1C(F)(F)F"
"DTXSID60591520","CAS_RN: 130841-23-5","WDTRKHSHZIJORU-UHFFFAOYSA-N","C9H3Cl2F6NO3",356.939417636,"O=[N+]([O-])c1cc(Cl)c(OC(F)(F)C(F)C(F)(F)F)cc1Cl"
"DTXSID60346052","CAS_RN: 329698-26-2","WDWNMIBWWPZNJK-UHFFFAOYSA-N","C8H2F13I",471.899364924,"FC(F)(F)C(F)(F)C(F)(F)C(F)(F)C(F)(F)C(F)(F)C=CI"
"DTXSID60346052","CAS_RN: 150223-14-6","WDWNMIBWWPZNJK-UHFFFAOYSA-N","C8H2F13I",471.899364924,"FC(F)(F)C(F)(F)C(F)(F)C(F)(F)C(F)(F)C(F)(F)C=CI"
"DTXSID30277501","CAS_RN: 788-41-0","WDXFZSLMIIPQCF-UHFFFAOYSA-N","C6F12O",315.97575326,"FC1(F)OC(F)(F)C(F)(F)C(F)(F)C(F)(F)C1(F)F"
"DTXSID50469320","CAS_RN: 41997-13-1","WDZLGCSJJWEQJO-UHFFFAOYSA-N","C6H2F13NO2S",398.959866164,"NS(=O)(=O)C(F)(F)C(F)(F)C(F)(F)C(F)(F)C(F)(F)C(F)(F)F"
"",NA,"WEEMQFRPHLWROF-HNQUOIGGSA-N","C8H2F14O3S",443.950110004,"O=S(=O)(O)C(F)(F)C(F)(F)C(F)(F)C(F)(F)C(F)/C(F)=C(\F)C(F)(F)F"
"","CAS_RN: 68140-18-1","WEILNYJKAUGBAU-UHFFFAOYSA-N","C4H5F5S",180.00321226,"FC(F)(F)C(F)(F)CCS"
"DTXSID90185113","CAS_RN: 31185-67-8","WEIYHBVATQQFOK-UHFFFAOYSA-N","C9H9F7O3",298.043991688,"CC12COC(C(F)(F)C(F)(F)C(F)(F)F)(OC1)OC2"
"","CAS_RN: 59536-17-3","PQUGBEJJPGIGIH-UHFFFAOYSA-N","C15H5F19O4S",641.96051582,"O=S(=O)(O)c1ccc(OC(F)(F)C(F)(F)C(F)(F)C(F)(F)C(F)(F)C(F)(F)C(F)(F)C(F)(F)C(F)(F)F)cc1"
"DTXSID70881025","CAS_RN: 93776-08-0","WEOGRPHIYDSCLF-UHFFFAOYSA-N","C30H45F17O11",904.269042,"COCCOCCOCCOCCOCCOCCOCCOCCOCCOCC(O)CC(F)(F)C(F)(F)C(F)(F)C(F)(F)C(F)(F)C(F)(F)C(F)(F)C(F)(F)F"
"","CAS_RN: 1583-98-8","WEQNAYAFSPIONP-IJWZVTFUSA-N","C6F12",299.98083864,"FC(F)(F)[C@]1(F)C(F)(F)[C@@](F)(C(F)(F)F)C1(F)F"
"DTXSID8065379","CAS_RN: 13221-71-1","WEQNAYAFSPIONP-UHFFFAOYSA-N","C6F12",299.98083864,"FC(F)(F)C1(F)C(F)(F)C(F)(C(F)(F)F)C1(F)F"
"","CAS_RN: 1583-97-7","WEQNAYAFSPIONP-XIXRPRMCSA-N","C6F12",299.98083864,"FC(F)(F)[C@]1(F)C(F)(F)[C@](F)(C(F)(F)F)C1(F)F"
"DTXSID9059915","CAS_RN: 375-16-6","WFELVFKXQJYPSL-UHFFFAOYSA-N","C4ClF7O",231.95258984,"O=C(Cl)C(F)(F)C(F)(F)C(F)(F)F"
"DTXSID90896070","CAS_RN: 109296-89-1","WFLNHNOSXCKCKN-UHFFFAOYSA-N","C12H9F7O3",334.043991688,"COC(=O)c1c(OC)cccc1C(F)(F)C(F)(F)C(F)(F)F"
"",NA,"WFOSMMGIRUKKNG-UHFFFAOYSA-N","C19H11F25O2",746.035985092,"C=C(C)CC(=O)OCCC(F)(F)C(F)(F)C(F)(F)C(F)(F)C(F)(F)C(F)(F)C(F)(F)C(F)(F)C(F)(F)C(F)(F)C(F)(F)C(F)(F)F"
"DTXSID3031864","CAS_RN: 2795-39-3","YFSUTJLHUFNCNZ-UHFFFAOYSA-N","C8HF17O3S",499.937494632,"O=S(=O)(O)C(F)(F)C(F)(F)C(F)(F)C(F)(F)C(F)(F)C(F)(F)C(F)(F)C(F)(F)F"
"",NA,"WFSQHJBCZCWIAG-UHFFFAOYSA-N","C12HF23O4S",677.922828572,"O=C(F)C(F)(F)C(F)(F)C(F)(F)C(F)(F)C(F)(F)C(F)(F)C(F)(F)C(F)(F)C(F)(F)C(F)(F)C(F)(F)S(=O)(=O)O"
"DTXSID90697584","CAS_RN: 195324-88-0","WFVQHMKBXVRLTH-UHFFFAOYSA-N","C16H8BrF17",601.953792096,"FC(F)(F)CCC(F)(F)C(F)(F)C(F)(F)C(F)(F)C(F)(F)C(F)(F)C(F)(F)c1ccc(Br)cc1"
"DTXSID00895675","CAS_RN: 240497-36-3","WFZSJBMGELYANT-UHFFFAOYSA-N","C24H17F27Sn",937.992107184,"FC(F)(F)C(F)(F)C(F)(F)C(F)(F)C[CH2][Sn]([CH2]CC(F)(F)C(F)(F)C(F)(F)C(F)(F)F)([CH2]CC(F)(F)C(F)(F)C(F)(F)C(F)(F)F)[c]1ccccc1"
"DTXSID90896479","CAS_RN: 64028-06-4","WGAHPKOIQCXOMB-UHFFFAOYSA-N","C10F22O5",617.93944394,"FC(F)(F)OC(F)(F)C(F)(F)OC(F)(F)C(F)(F)OC(F)(F)C(F)(F)OC(F)(F)C(F)(F)OC(F)(F)F"
"DTXSID7070840","CAS_RN: 67906-73-4","WGAZHHCZKIWWFF-UHFFFAOYSA-N","C13H14F11NO4S",489.046789348,"C=C(C)C(=O)OCCN(CC)S(=O)(=O)C(F)(F)C(F)(F)C(F)(F)C(F)(F)C(F)(F)F"
"DTXSID90896095","CAS_RN: 113823-56-6","WGCSEECKLMOBLT-UHFFFAOYSA-N","C17H11F17O3S",618.015744952,"Cc1ccc(S(=O)(=O)OCCC(F)(F)C(F)(F)C(F)(F)C(F)(F)C(F)(F)C(F)(F)C(F)(F)C(F)(F)F)cc1"
"DTXSID80895178","CAS_RN: 1000509-29-4","WGFQLGIMKURNCU-UHFFFAOYSA-N","C5H6F7N",213.038846732,"NCCC(F)(F)C(F)(F)C(F)(F)F"
"","CAS_RN: 94133-91-2","KKJRHOQEQOYSBU-UHFFFAOYSA-O","C18H24F17N2O7S2",767.075347848,"C[N+](C)(CCO)CCCN(CC(O)CS(=O)(=O)O)S(=O)(=O)C(F)(F)C(F)(F)C(F)(F)C(F)(F)C(F)(F)C(F)(F)C(F)(F)C(F)(F)F"
"DTXSID80881334","CAS_RN: 106376-38-9","WGNKYUWDFZMCGQ-UHFFFAOYSA-N","C10H4Cl2F7NO",356.955816648,"O=C(Nc1cc(Cl)cc(Cl)c1)C(F)(F)C(F)(F)C(F)(F)F"
"DTXSID30896539","CAS_RN: 78755-41-6","WGQFBRBKBHEWSY-UHFFFAOYSA-N","C12H11F11O3",412.053254632,"O=C(OC1CCCCC1)C(F)(OC(F)(F)C(F)(F)C(F)(F)F)C(F)(F)F"
"",NA,"WGTGZLJXJVFIKO-UHFFFAOYSA-N","C24H34F17NO9S",835.168282408,"CCN(CCOCCOCCOCCOCCOCCOCCO)S(=O)(=O)C(F)(F)C(F)(F)C(F)(F)C(F)(F)C(F)(F)C(F)(F)C(F)(F)C(F)(F)F"
"",NA,"WGVDZTMWSOQBMD-UHFFFAOYSA-N","C19H26F15NO7S",697.119046472,"CCN(CCOCCOCCOCCOCCO)S(=O)(=O)C(F)(F)C(F)(F)C(F)(F)C(F)(F)C(F)(F)C(F)(F)C(F)(F)F"
"DTXSID20896346","CAS_RN: 81790-01-4","WHCXBYPPHAFLJW-UHFFFAOYSA-N","C6H3F7N2",236.018445636,"FC(F)(F)C(F)(c1cnc[nH]1)C(F)(F)F"
"","CAS_RN: 56773-42-3","WHGWPDXQKGUNHP-UHFFFAOYSA-N","C16H20F17NO3S",629.0892436,NA
"",NA,"WHTPRQKAIDNBSU-UHFFFAOYSA-N","C8HF15O3S",461.940688192,"O=S(=O)(O)C1(F)C(F)(F)C(F)(F)C(F)(F)C(F)(C(F)(F)C(F)(F)F)C1(F)F"
"DTXSID50896339","CAS_RN: 353272-55-6","WHUXAGOTPKHLPX-UHFFFAOYSA-N","C11H8BrF7",351.969759896,"Cc1cc(C(F)(C(F)(F)F)C(F)(F)F)cc(C)c1Br"
"DTXSID70850039","CAS_RN: 572911-07-0","WHWUDHFQFAKLSZ-UHFFFAOYSA-N","C9H9F9O2",320.045883508,"C=COCCOCC(F)(F)C(F)(F)C(F)(F)C(F)(F)F"
"DTXSID001019143","CAS_RN: 1577-22-6","WHZXTVOEGZRRJM-UPHRSURJSA-N","C10H2F16O2",457.979930824,"O=C(O)/C=C(\F)C(F)(F)C(F)(F)C(F)(F)C(F)(F)C(F)(F)C(F)(F)C(F)(F)F"
"DTXSID00896147","CAS_RN: 76848-59-4","WIAOFRAJPPTYEE-UHFFFAOYSA-N","C12H4ClF13O2S",493.941294908,"O=S(=O)(c1ccc(Cl)cc1)C(F)(F)C(F)(F)C(F)(F)C(F)(F)C(F)(F)C(F)(F)F"
"",NA,"WIBLOZAOMPRJJA-UHFFFAOYSA-N","C42H61F25O15",1280.361126752,"OCCOCCOCCOCCOCCOCCOCCOCCOCCOCCOCCOCCOCCOCCOCCC(F)(F)C(F)(F)C(F)(F)C(F)(F)C(F)(F)C(F)(F)C(F)(F)C(F)(F)C(F)(F)C(F)(F)C(F)(F)C(F)(F)F"
"",NA,"WIDPNIMIITUSNQ-UHFFFAOYSA-O","C14H22F9N2O7S2",565.072472024,"C[N+](C)(CCCN(CC(=O)O)S(=O)(=O)C(F)(F)C(F)(F)C(F)(F)C(F)(F)F)CCCS(=O)(=O)O"
"DTXSID00196230","CAS_RN: 4459-18-1","WIKBZUXHNPONPP-UHFFFAOYSA-N","C4F9I",345.89010198,"FC(F)(F)C(I)(C(F)(F)F)C(F)(F)F"
"DTXSID60896087","CAS_RN: 1262679-06-0","WIKFLLRFLVLBKC-UHFFFAOYSA-N","C13H9F9O2S",400.017954508,"CCOC(=O)c1ccc(SC(F)(F)C(F)(F)C(F)(F)C(F)(F)F)cc1"
"DTXSID80895658","CAS_RN: 377-58-2","WIPXBLARPSEZAV-UHFFFAOYSA-N","C8H10F7NO",269.06506148,"CCN(CC)C(=O)C(F)(F)C(F)(F)C(F)(F)F"
"DTXSID10895404","CAS_RN: 117948-74-0","WIQPYNBDVBQYTG-UHFFFAOYSA-N","C27H37F19",722.259187364,"CCCCCCCCCCCCCCCCCCC(F)(F)C(F)(F)C(F)(F)C(F)(F)C(F)(F)C(F)(F)C(F)(F)C(F)(F)C(F)(F)F"
"",NA,"WIQZMKFUBSSZSR-UHFFFAOYSA-N","C22H29F17O7",728.164183008,"OCCOCCOCCOCCOCCOCCOCCC(F)(F)C(F)(F)C(F)(F)C(F)(F)C(F)(F)C(F)(F)C(F)(F)C(F)(F)F"
"DTXSID5075236","CAS_RN: 376-84-1","WISUNKZXQSKYMR-UHFFFAOYSA-N","C8H6F8O2",286.024005192,"C=CC(=O)OCC(F)(F)C(F)(F)C(F)(F)C(F)F"
"DTXSID30535037","CAS_RN: 82721-68-4","WITWPGGAZCIZSI-UHFFFAOYSA-N","C9H7F9O",302.035318824,"CC(C)(O)C#CC(F)(F)C(F)(F)C(F)(F)C(F)(F)F"
"DTXSID30567035","CAS_RN: 141478-83-3","WIUSQJBYVPBFHT-UHFFFAOYSA-N","C9H7F7O2",280.033427004,"O=C1CCCC1C(=O)C(F)(F)C(F)(F)C(F)(F)F"
"DTXSID6071407","CAS_RN: 68310-02-1","WIUXGCKDKOYUAL-UHFFFAOYSA-N","C13H14F15NO3S",549.045487608,"CCCCN(CCO)S(=O)(=O)C(F)(F)C(F)(F)C(F)(F)C(F)(F)C(F)(F)C(F)(F)C(F)(F)F"
"DTXSID2065969","CAS_RN: 15899-31-7","WIXVASFEKZIRFM-UHFFFAOYSA-N","C9HF17O2",463.970509012,"O=C(O)C(F)(F)C(F)(F)C(F)(F)C(F)(F)C(F)(F)C(F)(C(F)(F)F)C(F)(F)F"
"",NA,"WJDDHHNKVYTKQH-UHFFFAOYSA-O","C13H24F7N2O7S2",517.091315648,"C[N+](C)(CCO)CCCN(CC(O)CS(=O)(=O)O)S(=O)(=O)C(F)(F)C(F)(F)C(F)(F)F"
"DTXSID80458500","CAS_RN: 357604-65-0","WJDLEZALBASYOV-UHFFFAOYSA-N","C7H7F9OS",310.007389824,"CS(=O)CCC(F)(F)C(F)(F)C(F)(F)C(F)(F)F"
"DTXSID20694203","CAS_RN: 502457-69-4","WJDQWIRUUMDSKH-UHFFFAOYSA-N","C8H8F6O",234.047934196,"CC(=CC(=O)CC(F)(F)F)CC(F)(F)F"
"",NA,"WJKBXFRRXIONGT-UHFFFAOYSA-N","C9H2F18O3S",531.943722884,"O=S(=O)(O)C(F)(F)C(F)(F)C(F)(F)C(F)(F)C(F)(F)C(F)(F)C(F)(F)C(F)C(F)(F)F"
"DTXSID60380239","CAS_RN: 2069-86-5","WJNHHTXAWAPICM-UHFFFAOYSA-N","C3H3F4NO",145.015076596,"NC(=O)C(F)(F)C(F)F"
"DTXSID20895298","CAS_RN: 2357-30-4","WJNIYEZAXUFEOA-UHFFFAOYSA-N","C12H10F14I2",673.8648414,"FC(F)(F)C(F)(F)C(F)(F)CC(I)CCC(I)CC(F)(F)C(F)(F)C(F)(F)F"
"DTXSID70896538","CAS_RN: 121368-60-3","WJNZMLAESFFIHG-UHFFFAOYSA-N","C23H5F41O8",1187.93297414,"CCOC(=O)C(F)(OC(F)(F)C(F)(OC(F)(F)C(F)(OC(F)(F)C(F)(OC(F)(F)C(F)(OC(F)(F)C(F)(OC(F)(F)C(F)(F)C(F)(F)F)C(F)(F)F)C(F)(F)F)C(F)(F)F)C(F)(F)F)C(F)(F)F)C(F)(F)F"
"DTXSID20895379","CAS_RN: 56734-81-7","WJSFZGPTEQNWCB-UHFFFAOYSA-N","C8H3F13O",361.997631576,"O=CCC(F)(F)C(F)(F)C(F)(F)C(F)(F)C(F)(F)C(F)(F)F"
"","CAS_RN: 68891-99-6","WJUBZYQXBFUNJD-UHFFFAOYSA-H","C15H28Cl4Cr2F11NO9S",850.8873383,NA
"",NA,"WJUOJXIVXMYOER-UHFFFAOYSA-N","C6H8F6O4S",290.004749056,"CC(F)(F)CC(F)(F)CC(F)(F)OS(=O)(=O)O"
"DTXSID2070924","CAS_RN: 67969-65-7","WKGHYGHEIVLMOZ-UHFFFAOYSA-N","C10H11F13NO6PS",550.983711562,"CCN(CCOP(=O)(O)O)S(=O)(=O)C(F)(F)C(F)(F)C(F)(F)C(F)(F)C(F)(F)C(F)(F)F"
"DTXSID30896110","CAS_RN: 101948-89-4","WKKFRUKEJSYAAA-UHFFFAOYSA-N","C12H10F7NO",317.06506148,"Cc1cccc(C)c1NC(=O)C(F)(F)C(F)(F)C(F)(F)F"
"DTXSID10584841","CAS_RN: 865758-47-0","WKTBNLMPYCYJER-UHFFFAOYSA-N","C31H23F17O3",766.137574336,"COc1ccc(C(O)(c2ccc(CCC(F)(F)C(F)(F)C(F)(F)C(F)(F)C(F)(F)C(F)(F)C(F)(F)C(F)(F)F)cc2)c2ccc(OC)cc2)cc1"
"DTXSID70896513","CAS_RN: 261760-03-6","WKZWQTGKGJHUHH-UHFFFAOYSA-N","C9H5F11O3",370.00630444,"CC(=O)CC(=O)C(F)(OC(F)(F)C(F)(F)C(F)(F)F)C(F)(F)F"
"",NA,"WLNBQAVMIDCSHA-UHFFFAOYSA-O","C19H16F23N2O3",757.079366432,"C[N+](C)(CCCNC(=O)C(F)(F)C(F)(F)C(F)(F)C(F)(F)C(F)(F)C(F)(F)C(F)(F)C(F)(F)C(F)(F)C(F)(F)C(F)(F)F)CC(=O)O"
"",NA,"WLNHDMHXIKVPSC-UHFFFAOYSA-N","C30H37F25O9",1016.203838264,"OCCOCCOCCOCCOCCOCCOCCOCCOCCC(F)(F)C(F)(F)C(F)(F)C(F)(F)C(F)(F)C(F)(F)C(F)(F)C(F)(F)C(F)(F)C(F)(F)C(F)(F)C(F)(F)F"
"DTXSID80896367","CAS_RN: 38392-11-9","WMENIYMCCRGYJQ-UHFFFAOYSA-N","C11H7F7O2",304.033427004,"O=C(OCc1ccccc1)C(F)(C(F)(F)F)C(F)(F)F"
"DTXSID10371495","CAS_RN: 1550-24-9","WMFYUMIVMKSLSX-UHFFFAOYSA-N","C7HClF12O2",379.947345592,"O=C(O)C(F)(F)C(F)(F)C(F)(F)C(F)(F)C(F)(F)C(F)(F)Cl"
"DTXSID50896132","CAS_RN: 386-84-5","WMHGSOYODMNMSD-UHFFFAOYSA-N","C16H22F7NO",377.158961864,"O=C(N(C1CCCCC1)C1CCCCC1)C(F)(F)C(F)(F)C(F)(F)F"
"DTXSID50896314","CAS_RN: 2396-23-8","WMHKRCCSOYETGK-UHFFFAOYSA-N","C9H4BrF7",323.938459768,"FC(F)(F)C(F)(c1ccc(Br)cc1)C(F)(F)F"
"DTXSID60765522","CAS_RN: 113934-18-2","WMIGMTHEMXUBFV-UHFFFAOYSA-N","C8H3F11N2",336.012058516,"FC(F)(F)C(F)(F)C(F)(F)C(F)(F)C(F)(F)c1cnc[nH]1"
"DTXSID2041915","CAS_RN: 76-16-4","WMIYKQLTONQJES-UHFFFAOYSA-N","C2F6",137.99041932,"FC(F)(F)C(F)(F)F"
"DTXSID1071907","CAS_RN: 68957-62-0","WMOMXEHEPXLIAV-UHFFFAOYSA-N","C9H6F15NO2S",476.987972732,"CCNS(=O)(=O)C(F)(F)C(F)(F)C(F)(F)C(F)(F)C(F)(F)C(F)(F)C(F)(F)F"
"DTXSID40382155","CAS_RN: 261503-40-6","WNIYZRDLOGYCIO-UHFFFAOYSA-N","C8H2F12O2",357.986317944,"O=C(CC(=O)C(F)(F)C(F)(F)C(F)(F)C(F)(F)F)C(F)(F)F"
"DTXSID8047553","CAS_RN: 60871-96-7","SIDINRCMMRKXGQ-UHFFFAOYSA-N","C11HF21O2",563.964121892,"O=C(O)C(F)(F)C(F)(F)C(F)(F)C(F)(F)C(F)(F)C(F)(F)C(F)(F)C(F)(F)C(F)(F)C(F)(F)F"
"DTXSID50895468","CAS_RN: 38550-45-7","WNOHMWCTVWXSJC-UHFFFAOYSA-N","C11H6F17IO",603.919192552,"OCC(I)CC(F)(F)C(F)(F)C(F)(F)C(F)(F)C(F)(F)C(F)(F)C(F)(F)C(F)(F)F"
"DTXSID10379911","CAS_RN: 88752-37-8","WNVNMSONKCMAPU-UHFFFAOYSA-N","C16H11F19O3",612.040480392,"C=C(C)C(=O)OCC(O)CC(F)(F)C(F)(F)C(F)(F)C(F)(F)C(F)(F)C(F)(F)C(F)(C(F)(F)F)C(F)(F)F"
"DTXSID30184726","CAS_RN: 307-59-5","WNZGTRLARPEMIG-UHFFFAOYSA-N","C12F26",637.95848372,"FC(F)(F)C(F)(F)C(F)(F)C(F)(F)C(F)(F)C(F)(F)C(F)(F)C(F)(F)C(F)(F)C(F)(F)C(F)(F)C(F)(F)F"
"DTXSID30458858","CAS_RN: 84246-29-7","WOAGDWWRYOZHDS-UHFFFAOYSA-N","C3HF6NO4S2",292.925118832,"O=S1(=O)NS(=O)(=O)C(F)(F)C(F)(F)C1(F)F"
"DTXSID10895328","CAS_RN: 755-02-2","WOBDSRMWHWAQFO-UHFFFAOYSA-N","C9H5F15O",414.01008808,"OCCC(F)(F)C(F)(F)C(F)(F)C(F)(F)C(F)(F)C(F)(F)C(F)(F)F"
"","CAS_RN: 52584-45-9","WOHXQLVTVQETQY-UHFFFAOYSA-N","C16H5F19O4S",653.96051582,"O=S(=O)(O)c1ccc(OC(=C(C(F)(F)F)C(C(F)(F)F)(C(F)(F)C(F)(F)F)C(F)(F)C(F)(F)F)C(F)(F)F)cc1"
"DTXSID30895648","CAS_RN: 243842-15-1","WOISXUMMZSMYSB-UHFFFAOYSA-N","C11H11F9O2",346.061533572,"C=C(C)C(=O)OCCCC(F)(F)C(F)(F)C(F)(F)C(F)(F)F"
"","CAS_RN: 82959-18-0","VWQYWWXQIYUVQP-UHFFFAOYSA-N","C9H5F7I",372.9324207,"FC(F)(F)C(F)([I+]c1ccccc1)C(F)(F)F"
"DTXSID8031865","CAS_RN: 2395-00-8","SNGREZUHAYWORS-UHFFFAOYSA-N","C8HF15O2",413.973702572,"O=C(O)C(F)(F)C(F)(F)C(F)(F)C(F)(F)C(F)(F)C(F)(F)C(F)(F)F"
"DTXSID10896476","CAS_RN: 681-08-3","WPJULLVPGWXWQS-UHFFFAOYSA-N","C5F12O",303.97575326,"FC(F)(F)OC(C(F)(F)F)(C(F)(F)F)C(F)(F)F"
"DTXSID50895544","CAS_RN: 222037-87-8","WQELDDKOSOQCBX-UHFFFAOYSA-N","C8BrF15O",475.88930002,"O=C(Br)C(F)(F)C(F)(F)C(F)(F)C(F)(F)C(F)(F)C(F)(F)C(F)(F)F"
"DTXSID40692928","CAS_RN: 148757-89-5","WQHQFCSCTUPZTN-UHFFFAOYSA-N","C28H46Br2F10S",762.152728872,"FC(F)(F)C(F)(F)CCC(CCCCCCCCCBr)SC(CCCCCCCCCBr)CCC(F)(F)C(F)(F)F"
"DTXSID20896149","CAS_RN: 868275-40-5","WQIUWPXBEHWYBX-MRVPVSSYSA-N","C13H10F7NO3",361.05489072,"O=C(O)[C@@H](Cc1ccccc1)NC(=O)C(F)(F)C(F)(F)C(F)(F)F"
"","CAS_RN: 80475-32-7","WQNQTJSLPDZSDK-UHFFFAOYSA-N","C13H17F13N2O3S",528.075230264,"CN(C)CCC[NH+]([O-])S(=O)(=O)CCC(F)(F)C(F)(F)C(F)(F)C(F)(F)C(F)(F)C(F)(F)F"
"DTXSID10896719","CAS_RN: 496032-46-3","WQPHWZFYAVBLJS-UHFFFAOYSA-N","C16H12F7O3P",416.041228414,"O=P(O)(OC(c1ccccc1)C(F)(F)C(F)(F)C(F)(F)F)c1ccccc1"
"",NA,"WQQKEMYYIRGCAX-UHFFFAOYSA-N","C20H25F17O6",684.13796826,"OCCOCCOCCOCCOCCOCCC(F)(F)C(F)(F)C(F)(F)C(F)(F)C(F)(F)C(F)(F)C(F)(F)C(F)(F)F"
"DTXSID10893349","CAS_RN: 144728-59-6","WQZTYCMAGDYRFR-UHFFFAOYSA-N","C4Cl2F8O3S",349.88174598,"O=S(=O)(F)C(F)(F)C(F)(F)OC(F)(Cl)C(F)(F)Cl"
"DTXSID10896294","CAS_RN: 182243-54-5","WRAHZJQESWMXQC-UHFFFAOYSA-N","C4H4F7N",199.023196668,"NCC(F)(C(F)(F)F)C(F)(F)F"
"",NA,"WRCGUAZSSNZDNP-UHFFFAOYSA-N","C9HF17O",447.975594392,"OC(F)(F)C(F)(F)C(F)(F)C(F)(F)C(F)(F)C(F)(F)C(F)=C(F)C(F)(F)F"
"DTXSID90897027","CAS_RN: 160845-44-3","WRCYUMJBOHRCEH-UHFFFAOYSA-N","C10H6F13NO3",435.014009912,"O=C(O)CCNC(=O)C(F)(F)C(F)(F)C(F)(F)C(F)(F)C(F)(F)C(F)(F)F"
"DTXSID70938821","CAS_RN: 1766-76-3","WRLLBTKDSCJOBL-UHFFFAOYSA-N","C13H2F10O",363.994596884,"OC(c1c(F)c(F)c(F)c(F)c1F)c1c(F)c(F)c(F)c(F)c1F"
"",NA,"WRMYGBSKQYTLAI-UHFFFAOYSA-N","C13H19F9N2OS",422.107438208,"CN(C)CCCNC(=O)CSCCC(F)(F)C(F)(F)C(F)(F)C(F)(F)F"
"DTXSID40895957","CAS_RN: 220369-95-9","WROKQQSASYUOAS-UHFFFAOYSA-N","C9H3F15O3",443.984267256,"COC(=O)C(F)(OC(F)(F)C(F)(F)C(F)(F)C(F)(F)C(F)(F)F)C(F)(F)F"
"DTXSID30895966","CAS_RN: 25979-02-6","WRONHTPBJGQDGJ-UHFFFAOYSA-N","C5H3F7N4",252.024593636,"Nc1nc(C(F)(F)C(F)(F)C(F)(F)F)n[nH]1"
"DTXSID30896039","CAS_RN: 90582-01-7","WRXHKYHBKGCSAA-UHFFFAOYSA-N","C13H12F7NO",331.080711544,"CC(Cc1ccccc1)NC(=O)C(F)(F)C(F)(F)C(F)(F)F"
"DTXSID20440585","CAS_RN: 133331-77-8","WRYIIOKOQSICTB-UHFFFAOYSA-N","C14H17F13",432.112267404,"CCCCCCCCC(F)(F)C(F)(F)C(F)(F)C(F)(F)C(F)(F)C(F)(F)F"
"DTXSID10379774","CAS_RN: 23453-64-7","WRYSWXOLGMKBKW-UHFFFAOYSA-N","C9H2F14O4",439.972953624,"O=C(O)C(F)(F)C(F)(F)C(F)(F)C(F)(F)C(F)(F)C(F)(F)C(F)(F)C(=O)O"
"DTXSID20625517","CAS_RN: 45291-33-6","WSEQBIVQCARAMW-UHFFFAOYSA-N","C9H3F15O2",427.989352636,"O=C(O)CC(F)(F)C(F)(F)C(F)(F)C(F)(F)C(F)(F)C(F)(F)C(F)(F)F"
"DTXSID10344962","CAS_RN: 126681-21-8","WSFZYWPCOFAVSE-UHFFFAOYSA-N","C8H2F13I",471.899364924,"FC(F)(F)C(F)(F)C(F)(F)C(C=CI)(C(F)(F)F)C(F)(F)F"
"","CAS_RN: 37759-79-8","WSGUVPFPADUHPU-UHFFFAOYSA-N","C8H7F7O2",268.033427004,"CCOC(=O)C=CC(F)(F)C(F)(F)C(F)(F)F"
"DTXSID20880149","CAS_RN: 1516-64-9","WSJULBMCKQTTIG-OWOJBTEDSA-N","C4F8",199.98722576,"F/C(=C(/F)C(F)(F)F)C(F)(F)F"
"DTXSID3059890","CAS_RN: 360-89-4","WSJULBMCKQTTIG-UHFFFAOYSA-N","C4F8",199.98722576,"FC(=C(F)C(F)(F)F)C(F)(F)F"
"DTXSID40896025","CAS_RN: 77970-73-1","WSLOVKUTYAQMOA-UHFFFAOYSA-N","C13H12F7NO",331.080711544,"O=C(NCCCc1ccccc1)C(F)(F)C(F)(F)C(F)(F)F"
"DTXSID20240840","CAS_RN: 94158-64-2","WSPGUHLVXPTGNB-UHFFFAOYSA-N","C21H9F31O2",882.010754348,"C=C(C)C(=O)OCCC(F)(F)C(F)(F)C(F)(F)C(F)(F)C(F)(F)C(F)(F)C(F)(F)C(F)(F)C(F)(F)C(F)(F)C(F)(F)C(F)(F)C(F)(C(F)(F)F)C(F)(F)F"
"DTXSID80896100","CAS_RN: 51814-65-4","WSXDNDBZYMSYLA-UHFFFAOYSA-N","C12H10F7NO",317.06506148,"CCc1ccccc1NC(=O)C(F)(F)C(F)(F)C(F)(F)F"
"DTXSID60191024","CAS_RN: 37589-57-4","WSXNCJNDCDTRSA-UHFFFAOYSA-N","C20F42",1037.93293524,"FC(F)(F)C(F)(F)C(F)(F)C(F)(F)C(F)(F)C(F)(F)C(F)(F)C(F)(F)C(F)(F)C(F)(F)C(F)(F)C(F)(F)C(F)(F)C(F)(F)C(F)(F)C(F)(F)C(F)(F)C(F)(F)C(F)(F)C(F)(F)F"
"DTXSID20880543","CAS_RN: 64264-44-4","WTBPTHWHWVYYJV-UHFFFAOYSA-N","C13H13F17NO6PS",664.992974506,"CCCN(CCOP(=O)(O)O)S(=O)(=O)C(F)(F)C(F)(F)C(F)(F)C(F)(F)C(F)(F)C(F)(F)C(F)(F)C(F)(F)F"
"DTXSID50190546","CAS_RN: 37043-12-2","WTEXGKUNHMKALI-UHFFFAOYSA-N","C17H22F15NO4Si",617.107858014,"CCO[Si](CCCNC(=O)C(F)(F)C(F)(F)C(F)(F)C(F)(F)C(F)(F)C(F)(F)C(F)(F)F)(OCC)OCC"
"DTXSID10896613","CAS_RN: 903523-21-7","WTMCNJASEWFOJJ-UHFFFAOYSA-N","C5HClF8O3",295.948647332,"O=C(O)C(F)(F)OC(F)(C(F)(F)F)C(F)(F)Cl"
"DTXSID90886254","CAS_RN: 58194-00-6","WTOHYTBQHVZYMH-UHFFFAOYSA-N","C7F14O3",397.96238894,"O=C(F)C(F)(OC(F)(F)C(F)(F)C(F)(F)OC(F)(F)F)C(F)(F)F"
"DTXSID40896747","CAS_RN: 903890-42-6","WTRLQPBTOQFOEJ-UHFFFAOYSA-N","C9H15F7O4Si",348.06278303,"CO[Si](CCCOC(F)(F)C(F)(F)C(F)(F)F)(OC)OC"
"","CAS_RN: 68318-36-5","HBCIQEOSBTUVDJ-UHFFFAOYSA-O","C16H18F17N2O4S",657.071582796,"C[N+](C)(C)CCCN(CC(=O)O)S(=O)(=O)C(F)(F)C(F)(F)C(F)(F)C(F)(F)C(F)(F)C(F)(F)C(F)(F)C(F)(F)F"
"DTXSID5046560","CAS_RN: 423-55-2","WTWWXOGTJWMJHI-UHFFFAOYSA-N","C8BrF17",497.89119184,"FC(F)(F)C(F)(F)C(F)(F)C(F)(F)C(F)(F)C(F)(F)C(F)(F)C(F)(F)Br"
"","CAS_RN: 137338-42-2","WUEFAVOYPVTDCM-UHFFFAOYSA-N","C32H33F33",1044.205532316,"CCCCCCCCCCCCCCCCC(F)(F)C(F)(F)C(F)(F)C(F)(F)C(F)(F)C(F)(F)C(F)(F)C(F)(F)C(F)(F)C(F)(F)C(F)(F)C(F)(F)C(F)(F)C(F)(F)C(F)(F)C(F)(F)F"
"DTXSID30880599","CAS_RN: 68298-72-6","WUGSPVXFVQZHFC-UHFFFAOYSA-N","C28H28F17N3O8S",889.132565596,"C=C(C)C(=O)OCC(C)OC(=O)Nc1cc(NC(=O)OCCN(CC)S(=O)(=O)C(F)(F)C(F)(F)C(F)(F)C(F)(F)C(F)(F)C(F)(F)C(F)(F)C(F)(F)F)ccc1C"
"DTXSID00880389","CAS_RN: 34451-28-0","WUHVTJLYXHSDMR-UHFFFAOYSA-N","C12H5F21S",579.97766378,"FC(F)(F)C(F)(F)C(F)(F)C(F)(F)C(F)(F)C(F)(F)C(F)(F)C(F)(F)C(F)(F)C(F)(F)CCS"
"DTXSID60379709","CAS_RN: 81190-28-5","WUKHWLIEBSRTRH-UHFFFAOYSA-N","C7H5F9O",276.01966876,"FC(F)(F)C(F)(F)C(F)(F)C(F)(F)CC1CO1"
"DTXSID00895190","CAS_RN: 136483-77-7","WUKSEPWXPNRVEU-UHFFFAOYSA-N","C6H3Cl2F9",315.946809436,"FC(F)(F)C(F)(F)C(F)(F)C(F)(F)C(Cl)CCl"
"",NA,"WUNJQIWWSVJSNK-UHFFFAOYSA-N","C5H2F10O3S",331.956497124,"O=S(=O)(O)C(F)(F)C(F)(F)C(F)(F)C(F)C(F)(F)F"
"","CAS_RN: 58621-72-0","WUOLIJJSAIZFOF-UHFFFAOYSA-N","C8F16",399.97445152,"FC(=C(C(F)(F)C(F)(F)F)C(F)(C(F)(F)F)C(F)(F)F)C(F)(F)F"
"","CAS_RN: 58621-71-9","WUOLIJJSAIZFOF-UHFFFAOYSA-N","C8F16",399.97445152,"FC(=C(C(F)(F)C(F)(F)F)C(F)(C(F)(F)F)C(F)(F)F)C(F)(F)F"
"DTXSID50896011","CAS_RN: 164792-01-2","WUSAKTXDNLIMLJ-UHFFFAOYSA-N","C12H9F7N2",314.065395828,"FC(F)(F)C(F)(F)C(F)(F)C(c1ccc[nH]1)c1ccc[nH]1"
"DTXSID40895598","CAS_RN: 80705-15-3","WUXJRZYSKWYAEV-UHFFFAOYSA-N","C8H7F9O2",306.030233444,"CC(=O)OCCC(F)(F)C(F)(F)C(F)(F)C(F)(F)F"
"DTXSID50895483","CAS_RN: 336-32-3","WUYMKOFAXHRRAD-UHFFFAOYSA-N","C8H7F7O4",300.023256244,"O=C(O)CC(CC(=O)O)C(F)(F)C(F)(F)C(F)(F)F"
"DTXSID80408727","CAS_RN: 62315-29-1","FHVZUCODTNXTFJ-UHFFFAOYSA-N","C16H9F9N2O2",432.052031508,"O=C(Nc1ccc(OC(F)(F)C(F)(F)C(F)(F)C(F)(F)F)cc1)c1ccncc1"
"DTXSID90380883","CAS_RN: 24120-17-0","WVGOKTYQAQEHBO-UHFFFAOYSA-N","C12H6F14O4",480.004253752,"O=C(C=CC(=O)OCC(F)(F)C(F)(F)C(F)(F)F)OCC(F)(F)C(F)(F)C(F)(F)F"
"","CAS_RN: 67584-58-1","QHNLSCKDDZDPTI-UHFFFAOYSA-N","C13H16F15N2O2S",549.069297052,"C[N+](C)(C)CCCNS(=O)(=O)C(F)(F)C(F)(F)C(F)(F)C(F)(F)C(F)(F)C(F)(F)C(F)(F)F"
"",NA,"WVSBUXQVQMSEID-UHFFFAOYSA-N","C13H18F9NO5S2",503.048268656,"CC(C)(CS(=O)(=O)O)NC(=O)CCS(=O)CCC(F)(F)C(F)(F)C(F)(F)C(F)(F)F"
"DTXSID50379910","CAS_RN: 20015-46-7","WVZPXINSJOBSTI-UHFFFAOYSA-N","C9H5F15O",414.01008808,"OCCC(F)(F)C(F)(F)C(F)(F)C(F)(F)C(F)(C(F)(F)F)C(F)(F)F"
"DTXSID40896282","CAS_RN: 253605-71-9","WWFIKWYKKMDAQB-UHFFFAOYSA-N","C19H6F9N3O9",590.996032752,"O=C(OCC(F)(F)C(F)(F)C(F)(F)C(F)(F)F)c1cc([N+](=O)[O-])cc2c1-c1c(cc([N+](=O)[O-])cc1[N+](=O)[O-])C2=O"
"",NA,"WWJLFXJBYQZNEB-UHFFFAOYSA-N","C27H35F15O12S",868.16097086,"CCC(COCC(F)(F)C(F)(F)F)OC(=O)CC(C(=O)OC(CC)COCC(F)(F)C(F)(F)F)C(C(=O)OC(CC)COCC(F)(F)C(F)(F)F)S(=O)(=O)O"
"DTXSID00884509","CAS_RN: 13140-24-4","WWLDXJJOBWJDPA-UHFFFAOYSA-N","C21F42O7",1161.89733758,"O=C(F)C(F)(OC(F)(F)C(F)(OC(F)(F)C(F)(OC(F)(F)C(F)(OC(F)(F)C(F)(OC(F)(F)C(F)(OC(F)(F)C(F)(F)C(F)(F)F)C(F)(F)F)C(F)(F)F)C(F)(F)F)C(F)(F)F)C(F)(F)F)C(F)(F)F"
"DTXSID20896588","CAS_RN: 1882109-78-5","WWMBSMIBXPWLPT-UHFFFAOYSA-N","C8HF15O2",413.973702572,"O=C(O)C(F)(F)C(F)(C(F)(F)C(F)(F)F)C(F)(F)C(F)(F)C(F)(F)F"
"DTXSID60234501","CAS_RN: 853-39-4","WWQLXRAKBJVNCC-UHFFFAOYSA-N","C13F10O",361.97894682,"O=C(c1c(F)c(F)c(F)c(F)c1F)c1c(F)c(F)c(F)c(F)c1F"
"",NA,"WWTRFJGFUSAQAQ-UHFFFAOYSA-N","C38H61F17O15",1080.373900992,"OCCOCCOCCOCCOCCOCCOCCOCCOCCOCCOCCOCCOCCOCCOCCC(F)(F)C(F)(F)C(F)(F)C(F)(F)C(F)(F)C(F)(F)C(F)(F)C(F)(F)F"
"",NA,"WWVKFEADLJWCEW-UHFFFAOYSA-N","C13H9F17O4S",583.995009508,"O=C(O)CCS(=O)(=O)CCC(F)(F)C(F)(F)C(F)(F)C(F)(F)C(F)(F)C(F)(F)C(F)(F)C(F)(F)F"
"DTXSID50276475","CAS_RN: 18323-97-2","GCTMXWUUEYFTEL-UHFFFAOYSA-N","C10H11F7O2",296.064727132,"CC(C)(C)C(O)=CC(=O)C(F)(F)C(F)(F)C(F)(F)F"
"DTXSID50895160","CAS_RN: 375-61-1","WXFBZGUXZMEPIR-UHFFFAOYSA-N","C5HF11",269.990260452,"FC(F)C(F)(F)C(F)(F)C(F)(F)C(F)(F)F"
"DTXSID10379294","CAS_RN: 107432-46-2","WXGLHUFWWLOFCN-UHFFFAOYSA-N","C5F11IO",411.88182304,"FC(F)(F)C(F)(I)OC(F)(F)C(F)(F)C(F)(F)F"
"DTXSID4059914","CAS_RN: 375-01-9","WXJFKAZDSQLPBX-UHFFFAOYSA-N","C4H3F7O",200.007212256,"OCC(F)(F)C(F)(F)C(F)(F)F"
"DTXSID7040150","CAS_RN: 82382-12-5","QZHDEAJFRJCDMF-UHFFFAOYSA-N","C6HF13O3S",399.943881752,"O=S(=O)(O)C(F)(F)C(F)(F)C(F)(F)C(F)(F)C(F)(F)C(F)(F)F"
"DTXSID90896050","CAS_RN: 1335014-68-0","WXTMTRJFJBQPJW-UHFFFAOYSA-N","C10H6F9NOS",359.002638792,"N=S(=O)(c1ccccc1)C(F)(F)C(F)(F)C(F)(F)C(F)(F)F"
"",NA,"WXVAPDQRFHNNTQ-UHFFFAOYSA-N","C14H22F11N2O4S",523.112463604,"C[N+](C)(CCCNS(=O)(=O)C(F)(F)C(F)(F)C(F)(F)C(F)(F)C(F)(F)F)CCC(O)CO"
"DTXSID90380025","CAS_RN: 15622-57-8","WYCXYEWKMLSDBQ-UHFFFAOYSA-N","C14H3F27O",699.975276656,"OCC(F)(F)C(F)(F)C(F)(F)C(F)(F)C(F)(F)C(F)(F)C(F)(F)C(F)(F)C(F)(F)C(F)(F)C(F)(F)C(F)(F)C(F)(F)F"
"DTXSID80895633","CAS_RN: 106877-28-5","WYDOVJUQQMYICO-UHFFFAOYSA-N","C10H6F9N",311.035653172,"Nc1ccccc1C(F)(F)C(F)(F)C(F)(F)C(F)(F)F"
"","CAS_RN: 38850-58-7","WYFODDRZFDBDDF-UHFFFAOYSA-O","C16H24F13N2O6S2",651.086820348,"C[N+](C)(CCO)CCCN(CCCS(=O)(=O)O)S(=O)(=O)C(F)(F)C(F)(F)C(F)(F)C(F)(F)C(F)(F)C(F)(F)F"
"",NA,"WYFODDRZFDBDDF-UHFFFAOYSA-O","C16H24F13N2O6S2",651.086820348,"C[N+](C)(CCO)CCCN(CCCS(=O)(=O)O)S(=O)(=O)C(F)(F)C(F)(F)C(F)(F)C(F)(F)C(F)(F)C(F)(F)F"
"DTXSID50896172","CAS_RN: 344282-18-4","WYHGHNIBXSPBLM-UHFFFAOYSA-N","C15H5F18NO",557.00837174,"O=C(Nc1ccc(F)cc1)C(F)(F)C(F)(F)C(F)(F)C(F)(F)C(F)(F)C(F)(F)C(F)(F)C(F)(F)F"
"DTXSID60896325","CAS_RN: 875306-42-6","WYIPEGIQFRQBAA-UHFFFAOYSA-N","C10H5F7O",274.02286232,"O=Cc1ccc(C(F)(C(F)(F)F)C(F)(F)F)cc1"
"DTXSID1067330","CAS_RN: 27619-91-6","WYMPCOCJUKZUBF-UHFFFAOYSA-N","C12H4ClF21O2S",645.928520668,"O=S(=O)(Cl)CCC(F)(F)C(F)(F)C(F)(F)C(F)(F)C(F)(F)C(F)(F)C(F)(F)C(F)(F)C(F)(F)C(F)(F)F"
"DTXSID00471973","CAS_RN: 52835-16-2","WYQHIAPIABYQRN-UHFFFAOYSA-N","C10H3F17O",461.991244456,"FC(F)(F)C(F)(F)C(F)(F)C(F)(F)C(F)(F)C(F)(F)C(F)(F)C(F)(F)C1CO1"
"DTXSID30895981","CAS_RN: 181044-06-4","WYTSCNURXYPSNP-UHFFFAOYSA-N","C8H7F7O4",300.023256244,"O=C1OCC(COCC(F)(F)C(F)(F)C(F)(F)F)O1"
"DTXSID10895762","CAS_RN: 99156-01-1","WYUJXBVCEHNYGY-UHFFFAOYSA-N","C12H7F17O2",506.017459204,"CCCOC(=O)C(F)(F)C(F)(F)C(F)(F)C(F)(F)C(F)(F)C(F)(F)C(F)(F)C(F)(F)F"
"DTXSID00507044","CAS_RN: 79851-20-0","WYVCRFJVDBZRMR-UHFFFAOYSA-N","C10H3Br2F7O",429.843886456,"O=C(c1cc(Br)cc(Br)c1)C(F)(F)C(F)(F)C(F)(F)F"
"DTXSID7071369","CAS_RN: 68298-07-7","WZKSJOOHUDPYFG-UHFFFAOYSA-N","C11H8F9NO2S",389.013203476,"O=S(=O)(NCc1ccccc1)C(F)(F)C(F)(F)C(F)(F)C(F)(F)F"
"DTXSID60895499","CAS_RN: 1127427-64-8","WZMYHHQUGKBPNU-UHFFFAOYSA-N","C22F46",1137.92654812,"FC(F)(F)C(F)(F)C(F)(F)C(F)(F)C(F)(F)C(F)(F)C(F)(F)C(F)(F)C(F)(F)C(F)(F)C(F)(F)C(F)(F)C(F)(F)C(F)(F)C(F)(F)C(F)(F)C(F)(F)C(F)(F)C(F)(F)C(F)(F)C(F)(F)C(F)(F)F"
"DTXSID40330474","CAS_RN: 42096-33-3","WZUNVFIAAJWKIF-UHFFFAOYSA-N","C11H7F9O3S",389.997219064,"Cc1ccccc1OS(=O)(=O)C(F)(F)C(F)(F)C(F)(F)C(F)(F)F"
"DTXSID50896415","CAS_RN: 65439-50-1","WZYJANZQIJZYAB-UHFFFAOYSA-N","C16H5F17O3",567.99672376,"O=C(O)c1ccc(OC(=C(C(F)(C(F)(F)F)C(F)(F)F)C(F)(C(F)(F)F)C(F)(F)F)C(F)(F)F)cc1"
"DTXSID10171538","CAS_RN: 1841-46-9","XAENZTGUQXVFPQ-UHFFFAOYSA-N","C13H8F16O2",500.026881016,"C=C(C)C(=O)OCC(F)(F)C(F)(F)C(F)(F)C(F)(F)C(F)(F)C(F)(F)C(F)(F)C(F)F"
"DTXSID50218052","CAS_RN: 678-78-4","XAKMJUAGVWKMOB-UHFFFAOYSA-N","C5F8O2",243.977055,"O=C(F)C(F)(F)C(F)(F)C(F)(F)C(=O)F"
"DTXSID10894957","CAS_RN: 662-35-1","XALFNZSGFNPWSM-UHFFFAOYSA-N","C4H2F8",202.002875824,"FCC(F)(F)C(F)(F)C(F)(F)F"
"DTXSID20895617","CAS_RN: 757-72-2","XARNYZYNECWSDC-UHFFFAOYSA-N","C12H6ClF21O3Si",659.943940882,"FC(F)(F)C(F)(F)C(F)(F)CO[Si](Cl)(OCC(F)(F)C(F)(F)C(F)(F)F)OCC(F)(F)C(F)(F)C(F)(F)F"
"DTXSID20896604","CAS_RN: 1812247-19-0","XATJWKOXFKNUBI-UHFFFAOYSA-N","C8HF15O2",413.973702572,"O=C(O)C(F)(C(F)(F)F)C(F)(F)C(F)(C(F)(F)F)C(F)(F)C(F)(F)F"
"DTXSID0059877","CAS_RN: 355-38-4","XATLHBQMSOZWBO-UHFFFAOYSA-N","C6F12O",315.97575326,"O=C(F)C(F)(F)C(F)(F)C(F)(F)C(F)(F)C(F)(F)F"
"DTXSID0071889","CAS_RN: 68555-70-4","ISFCQODURJEALJ-UHFFFAOYSA-N","C10H8F13NO4S",484.996645596,"CCN(CC(=O)O)S(=O)(=O)C(F)(F)C(F)(F)C(F)(F)C(F)(F)C(F)(F)C(F)(F)F"
"DTXSID40571648","CAS_RN: 149339-57-1","XAZKWGLYRRMFFE-UHFFFAOYSA-N","C11H9F13O2S",452.011567388,"O=C(O)CCSCCC(F)(F)C(F)(F)C(F)(F)C(F)(F)C(F)(F)C(F)(F)F"
"DTXSID90663082","CAS_RN: 885275-98-9","XBBIHHOYLHDMRA-UHFFFAOYSA-N","C4Br2F8O",373.81881458,"FC(F)(F)OC(F)(F)C(F)(Br)C(F)(F)Br"
"DTXSID20446284","CAS_RN: 201740-73-0","XBCIYHZQPNYTIF-UHFFFAOYSA-N","C24H12F39N3Sn",1202.943042664,"[N-]=[N+]=[N][Sn]([CH2]CC(F)(F)C(F)(F)C(F)(F)C(F)(F)C(F)(F)C(F)(F)F)([CH2]CC(F)(F)C(F)(F)C(F)(F)C(F)(F)C(F)(F)C(F)(F)F)[CH2]CC(F)(F)C(F)(F)C(F)(F)C(F)(F)C(F)(F)C(F)(F)F"
"DTXSID20895218","CAS_RN: 391199-64-7","XBCWZRARCMLNAN-UHFFFAOYSA-N","C6HF11",281.990260452,"FC=C(F)C(F)(F)C(F)(F)C(F)(F)C(F)(F)F"
"DTXSID20895218","CAS_RN: 66249-21-6","XBCWZRARCMLNAN-UHFFFAOYSA-N","C6HF11",281.990260452,"FC=C(F)C(F)(F)C(F)(F)C(F)(F)C(F)(F)F"
"DTXSID20895218","CAS_RN: 168332-72-7","XBCWZRARCMLNAN-UHFFFAOYSA-N","C6HF11",281.990260452,"FC=C(F)C(F)(F)C(F)(F)C(F)(F)C(F)(F)F"
"DTXSID60896027","CAS_RN: 135587-15-4","XBDVKTKILQXMOM-UHFFFAOYSA-N","C14H15F13INO3Si",646.96583473,"FC(F)(F)C(F)(F)C(F)(F)C(F)(F)C(F)(F)C(F)(F)CC(I)[Si]12OCCN(CCO1)CCO2"
"DTXSID10582322","CAS_RN: 917966-97-3","XBIGHPJVWBVBPS-UHFFFAOYSA-N","C8H9F9O2S",340.017954508,"O=S(CCO)CCC(F)(F)C(F)(F)C(F)(F)C(F)(F)F"
"DTXSID60583420","CAS_RN: 142010-50-2","XBIIIDIAZYSZBI-UHFFFAOYSA-N","C11H4F17NO",489.002143488,"O=C=NCCC(F)(F)C(F)(F)C(F)(F)C(F)(F)C(F)(F)C(F)(F)C(F)(F)C(F)(F)F"
"DTXSID30870531","CAS_RN: 423-41-6","XBWQFDNGNOOMDZ-UHFFFAOYSA-N","C3HF7O3S",249.953462432,"O=S(=O)(O)C(F)(F)C(F)(F)C(F)(F)F"
"DTXSID90880217","CAS_RN: 13285-40-0","XBWYIWRSPVIPCH-UHFFFAOYSA-N","C17H16F17NO4S",653.052858732,"C=C(C)C(=O)OCCN(CCC)S(=O)(=O)C(F)(F)C(F)(F)C(F)(F)C(F)(F)C(F)(F)C(F)(F)C(F)(F)C(F)(F)F"
"DTXSID20207771","CAS_RN: 59006-65-4","XBZLJCYNLZUIGP-UHFFFAOYSA-N","C9H7F9O2",318.030233444,"C=C(C)C(=O)OCC(F)(F)C(F)(F)C(F)(F)C(F)(F)F"
"DTXSID60897190","CAS_RN: 1383437-42-0","XBZUOIVOOVILBJ-UHFFFAOYSA-N","C54H12F102N3O18P3",3020.769998874,"FC(F)(F)C(F)(COP1(OCC(F)(OC(F)(F)C(F)(OC(F)(F)C(F)(F)C(F)(F)F)C(F)(F)F)C(F)(F)F)=NP(OCC(F)(OC(F)(F)C(F)(OC(F)(F)C(F)(F)C(F)(F)F)C(F)(F)F)C(F)(F)F)(OCC(F)(OC(F)(F)C(F)(OC(F)(F)C(F)(F)C(F)(F)F)C(F)(F)F)C(F)(F)F)=NP(OCC(F)(OC(F)(F)C(F)(OC(F)(F)C(F)(F)C(F)(F)F)C(F)(F)F)C(F)(F)F)(OCC(F)(OC(F)(F)C(F)(OC(F)(F)C(F)(F)C(F)(F)F)C(F)(F)F)C(F)(F)F)=N1)OC(F)(F)C(F)(OC(F)(F)C(F)(F)C(F)(F)F)C(F)(F)F"
"DTXSID40797028","CAS_RN: 60194-47-0","XCBBWRDLYSFQAA-UHFFFAOYSA-N","C13H8F17NO4S",596.990258476,"C=CC(=O)OCCNS(=O)(=O)C(F)(F)C(F)(F)C(F)(F)C(F)(F)C(F)(F)C(F)(F)C(F)(F)C(F)(F)F"
"DTXSID50461485","CAS_RN: 852527-41-4","XCBJTYHAGWXMIM-UHFFFAOYSA-N","C13H8F13NO2",457.034745356,"O=C1C=CC(=O)N1CCCC(F)(F)C(F)(F)C(F)(F)C(F)(F)C(F)(F)C(F)(F)F"
"DTXSID90895361","CAS_RN: 375-20-2","XCHUDVPHMNHSBK-UHFFFAOYSA-N","C4H2F7NS",228.979617604,"NC(=S)C(F)(F)C(F)(F)C(F)(F)F"
"DTXSID50895600","CAS_RN: 186599-47-3","XCHWSLCPPHNNRO-UHFFFAOYSA-N","C15H19F17N2Si",578.104604878,"CN(C)[Si](C)(CCC(F)(F)C(F)(F)C(F)(F)C(F)(F)C(F)(F)C(F)(F)C(F)(F)C(F)(F)F)N(C)C"
"DTXSID70763554","CAS_RN: 111632-55-4","XCKKKAIEPFRARY-UHFFFAOYSA-N","C8F14O4",425.95730356,"O=C(OOC(=O)C(F)(C(F)(F)F)C(F)(F)F)C(F)(C(F)(F)F)C(F)(F)F"
"DTXSID20880604","CAS_RN: 68298-74-8","XCLCXQRFYCAXDN-UHFFFAOYSA-N","C26H28F13N3O8S",789.138952716,"C=C(C)C(=O)OCC(C)OC(=O)Nc1cc(NC(=O)OCCN(CC)S(=O)(=O)C(F)(F)C(F)(F)C(F)(F)C(F)(F)C(F)(F)C(F)(F)F)ccc1C"
"DTXSID80379564","CAS_RN: 133609-46-8","XCSZRHBSQLYKOK-UHFFFAOYSA-N","C16H3F29O6",841.946656196,"COC(=O)C(F)(OC(F)(F)C(F)(OC(F)(F)C(F)(OC(F)(F)C(F)(OC(F)(F)C(F)(F)C(F)(F)F)C(F)(F)F)C(F)(F)F)C(F)(F)F)C(F)(F)F"
"DTXSID90897567","CAS_RN: 26208-02-6","XDCREYRIKFLHDN-UHFFFAOYSA-N","C5H4F7NO2",243.013025908,"NC(C(=O)O)C(F)(F)C(F)(F)C(F)(F)F"
"DTXSID40399506","CAS_RN: 206560-77-2","XDEOJAJPLXXYKA-UHFFFAOYSA-N","C14H4BrF17",573.922491968,"FC(F)(F)C(F)(F)C(F)(F)C(F)(F)C(F)(F)C(F)(F)C(F)(F)C(F)(F)c1ccc(Br)cc1"
"","CAS_RN: 175354-32-2","XDEOXVCAUPQFMU-UHFFFAOYSA-N","C24H13F39Sn",1161.941645696,"FC(F)(F)C(F)(F)C(F)(F)C(F)(F)C(F)(F)C(F)(F)C[CH2][SnH]([CH2]CC(F)(F)C(F)(F)C(F)(F)C(F)(F)C(F)(F)C(F)(F)F)[CH2]CC(F)(F)C(F)(F)C(F)(F)C(F)(F)C(F)(F)C(F)(F)F"
"DTXSID80895431","CAS_RN: 26649-26-3","XDVOHXVWJNEFGQ-UHFFFAOYSA-N","C11H4F17N",473.007228868,"N#CCCC(F)(F)C(F)(F)C(F)(F)C(F)(F)C(F)(F)C(F)(F)C(F)(F)C(F)(F)F"
"DTXSID60850649","CAS_RN: 54387-09-6","XEEKUPFDNJGSMT-UHFFFAOYSA-N","C14F22",585.96487084,"Fc1c(F)c(F)c(C(F)(F)C(F)(F)C(F)(F)C(F)(F)C(F)(F)C(F)(F)C(F)(F)C(F)(F)F)c(F)c1F"
"DTXSID40178671","CAS_RN: 2396-26-1","XEFRSBQTXVJYKZ-UHFFFAOYSA-N","C10H7F7",260.043597764,"Cc1ccc(C(F)(C(F)(F)F)C(F)(F)F)cc1"
"","CAS_RN: 484023-82-7","CDLXUGRZZRVDCN-UHFFFAOYSA-N","C9H12F9NO7S2",480.991147704,"O=S(=O)(O)CC(O)CN(CCO)S(=O)(=O)C(F)(F)C(F)(F)C(F)(F)C(F)(F)F"
"DTXSID60183949","CAS_RN: 29809-36-7","XEPZXQWMUFPPFO-UHFFFAOYSA-N","C22F45I",1245.8326179,"FC(F)(F)C(F)(F)C(F)(F)C(F)(F)C(F)(F)C(F)(F)C(F)(F)C(F)(F)C(F)(F)C(F)(F)C(F)(F)C(F)(F)C(F)(F)C(F)(F)C(F)(F)C(F)(F)C(F)(F)C(F)(F)C(F)(F)C(F)(F)C(F)(F)C(F)(F)I"
"DTXSID60880426","CAS_RN: 129135-87-1","KZJUHXVCAHXJLR-UHFFFAOYSA-N","C8HF18NO4S2",580.905957472,"O=S(=O)(NS(=O)(=O)C(F)(F)C(F)(F)C(F)(F)C(F)(F)F)C(F)(F)C(F)(F)C(F)(F)C(F)(F)F"
"DTXSID70870515","CAS_RN: NOCAS_870515","XETRHNFRKCNWAJ-UHFFFAOYSA-N","C6F10O3",309.96877606,"O=C(OC(=O)C(F)(F)C(F)(F)F)C(F)(F)C(F)(F)F"
"DTXSID30880493","CAS_RN: 58920-31-3","XEVYGIAXCSAAOA-UHFFFAOYSA-N","C16H14F17NO4S",639.037208668,"C=CC(=O)OCCCCN(C)S(=O)(=O)C(F)(F)C(F)(F)C(F)(F)C(F)(F)C(F)(F)C(F)(F)C(F)(F)C(F)(F)F"
"DTXSID60775146","CAS_RN: 184711-88-4","XEYDAHCGYONHCL-UHFFFAOYSA-N","C7H5F7O",238.02286232,"CC=CC(=O)C(F)(C(F)(F)F)C(F)(F)F"
"DTXSID40896702","CAS_RN: 61726-43-0","XEYTXSGNJOYNKO-UHFFFAOYSA-N","C12H10F17O3P",556.00961055,"COP(=O)(CCC(F)(F)C(F)(F)C(F)(F)C(F)(F)C(F)(F)C(F)(F)C(F)(F)C(F)(F)F)OC"
"DTXSID80784750","CAS_RN: 34648-00-5","XFHCDUPPKDNJDY-UHFFFAOYSA-N","C12H8F7NO",315.049411416,"O=C(C=CNc1ccccc1)C(F)(F)C(F)(F)C(F)(F)F"
"DTXSID50896374","CAS_RN: 851535-00-7","XFMXXCDEWNANAK-UHFFFAOYSA-N","C9F18O2",481.9610872,"O=C(C(F)(OC(F)(F)C(F)(F)C(F)(F)F)C(F)(F)F)C(F)(C(F)(F)F)C(F)(F)F"
"DTXSID60895939","CAS_RN: 1023815-51-1","XFNPSUTZEAJYGZ-UHFFFAOYSA-N","C7HCl2F7N2",315.940500932,"FC(F)(F)C(F)(F)C(F)(F)c1nc(Cl)cc(Cl)n1"
"",NA,"XGFZPBDEWPHUOH-UHFFFAOYSA-N","C16H11F19O2",596.045565772,"C=C(C)CC(=O)OCCC(F)(F)C(F)(F)C(F)(F)C(F)(F)C(F)(F)C(F)(F)C(F)(F)C(F)(F)C(F)(F)F"
"DTXSID60896108","CAS_RN: 118454-01-6","XGOMMFOXIOYADC-UHFFFAOYSA-N","C14H15F15N2O",512.0944864,"CN(C)CCCCNC(=O)C(F)(F)C(F)(F)C(F)(F)C(F)(F)C(F)(F)C(F)(F)C(F)(F)F"
"","CAS_RN: 95452-53-2","XGONTPLWCDFSPQ-UHFFFAOYSA-N","C12H7F9",322.040404204,"FC(F)(F)C(F)(F)C(F)(F)C(F)(F)C=Cc1ccccc1"
"DTXSID4070376","CAS_RN: 66008-68-2","XGSOKOQKZXARCB-UHFFFAOYSA-N","C17H12F21NO4S",725.015171484,"C=CC(=O)OCCN(C)S(=O)(=O)CC(F)(F)C(F)(F)C(F)(F)C(F)(F)C(F)(F)C(F)(F)C(F)(F)C(F)(F)C(F)(F)C(F)(F)F"
"DTXSID00382353","CAS_RN: 102488-50-6","XHHTUOVNMZYWFH-UHFFFAOYSA-N","C14H4Cl3F25Si",779.874865198,"FC(F)(F)C(F)(F)C(F)(F)C(F)(F)C(F)(F)C(F)(F)C(F)(F)C(F)(F)C(F)(F)C(F)(F)C(F)(F)C(F)(F)CC[Si](Cl)(Cl)Cl"
"DTXSID00881114","CAS_RN: 93776-25-1","PIWWVQNNYGQYGW-UHFFFAOYSA-N","C26H9F46O4P",1289.950393518,"O=P(O)(OCCC(F)(F)C(F)(F)C(F)(F)C(F)(F)C(F)(F)C(F)(F)C(F)(F)C(F)(F)C(F)(C(F)(F)F)C(F)(F)F)OCCC(F)(F)C(F)(F)C(F)(F)C(F)(F)C(F)(F)C(F)(F)C(F)(F)C(F)(F)C(F)(C(F)(F)F)C(F)(F)F"
"","CAS_RN: 94190-72-4","UPLJOTUOAUFMKP-UHFFFAOYSA-N","C24H19F9P",509.108066218,"FC(F)(F)C(F)(F)C(F)(F)C(F)(F)CC[P+](c1ccccc1)(c1ccccc1)c1ccccc1"
"DTXSID60620167","CAS_RN: 134380-80-6","XHQGNGKOLZXYPC-UHFFFAOYSA-N","C5H2F11N",285.001159484,"NC(F)(F)C(F)(F)C(F)(F)C(F)(F)C(F)(F)F"
"DTXSID30458858","CAS_RN: 588668-97-7","WOAGDWWRYOZHDS-UHFFFAOYSA-N","C3HF6NO4S2",292.925118832,"O=S1(=O)NS(=O)(=O)C(F)(F)C(F)(F)C1(F)F"
"","CAS_RN: 88951-23-9","XHYURWMFYFFMBL-IZLXSQMJSA-N","C10H11F7O2",296.064727132,"O=C(O)[C@H]1CC[C@H](C(F)(F)C(F)(F)C(F)(F)F)CC1"
"","CAS_RN: 88951-22-8","XHYURWMFYFFMBL-OLQVQODUSA-N","C10H11F7O2",296.064727132,"O=C(O)[C@H]1CC[C@@H](C(F)(F)C(F)(F)C(F)(F)F)CC1"
"DTXSID70896699","CAS_RN: 88951-29-5","XHYURWMFYFFMBL-UHFFFAOYSA-N","C10H11F7O2",296.064727132,"O=C(O)C1CCC(C(F)(F)C(F)(F)C(F)(F)F)CC1"
"DTXSID60895535","CAS_RN: 148043-94-1","XIDRMGWFRZGWJK-REOHCLBHSA-N","C6H6F7NO2",257.028675972,"N[C@@H](CC(F)(F)C(F)(F)C(F)(F)F)C(=O)O"
"DTXSID70895541","CAS_RN: 15960-01-7","XIDRMGWFRZGWJK-UHFFFAOYSA-N","C6H6F7NO2",257.028675972,"NC(CC(F)(F)C(F)(F)C(F)(F)F)C(=O)O"
"DTXSID20881318","CAS_RN: 28285-49-6","XIEKHWZMGUGSHG-UHFFFAOYSA-N","C12Cl6F16O4",721.76722608,"O=C(OOC(=O)C(F)(F)C(F)(Cl)C(F)(F)C(F)(Cl)C(F)(F)Cl)C(F)(F)C(F)(Cl)C(F)(F)C(F)(Cl)C(F)(F)Cl"
"","CAS_RN: 70755-50-9","NAIPGGGRAGKHJB-UHFFFAOYSA-N","C7HF15O5S",481.930517432,"O=S(=O)(O)C(F)(F)C(F)(F)OC(F)(C(F)(F)F)C(F)(F)OC(F)(F)C(F)(F)F"
"",NA,"XIIFQUNTUAQHKS-UHFFFAOYSA-N","C7H8F7NO4S",335.006226276,"CCN(CC(=O)O)S(=O)(=O)C(F)(F)C(F)(F)C(F)(F)F"
"DTXSID80204488","CAS_RN: 559-11-5","XJAVADKMAMZXPW-UHFFFAOYSA-N","C10H5F13O2",404.00819626,"C=CC(=O)OCC(F)(F)C(F)(F)C(F)(F)C(F)(F)C(F)(F)C(F)(F)F"
"DTXSID9065443","CAS_RN: 67939-88-2","MSJXTBMNRCTIDR-UHFFFAOYSA-N","C13H13F17N2O2S",584.042628396,"CN(C)CCCNS(=O)(=O)C(F)(F)C(F)(F)C(F)(F)C(F)(F)C(F)(F)C(F)(F)C(F)(F)C(F)(F)F"
"DTXSID40837332","CAS_RN: 825651-73-8","XJKXILISVXBXKJ-UHFFFAOYSA-N","C26H41F13",600.300068172,"CCCCCCCCCCCCCCCCCCCCC(F)(F)C(F)(F)C(F)(F)C(F)(F)C(F)(F)C(F)(F)F"
"DTXSID20896967","CAS_RN: 755-53-3","XJNAPTARYFQVEU-UHFFFAOYSA-N","C12H6BF21O3",608.007467072,"FC(F)(F)C(F)(F)C(F)(F)COB(OCC(F)(F)C(F)(F)C(F)(F)F)OCC(F)(F)C(F)(F)C(F)(F)F"
"DTXSID00380031","CAS_RN: 376-03-4","XJRHWVMSUNRDCA-UHFFFAOYSA-N","C13F28",687.95529016,"FC(F)(F)C(F)(F)C(F)(F)C(F)(F)C(F)(F)C(F)(F)C(F)(F)C(F)(F)C(F)(F)C(F)(F)C(F)(F)C(F)(F)C(F)(F)F"
"DTXSID20188995","CAS_RN: 355-37-3","XJSRKJAHJGCPGC-UHFFFAOYSA-N","C6HF13",319.987066892,"FC(F)C(F)(F)C(F)(F)C(F)(F)C(F)(F)C(F)(F)F"
"",NA,"XJWXHAVPVAKYGX-UHFFFAOYSA-O","C17H26F13N2O8S3",729.064370652,"C[N+](C)(CCCN(CCCS(=O)(=O)O)S(=O)(=O)C(F)(F)C(F)(F)C(F)(F)C(F)(F)C(F)(F)C(F)(F)F)CCCS(=O)(=O)O"
"DTXSID00188993","CAS_RN: 355-17-9","XJYXROGTQYHLTH-UHFFFAOYSA-N","C5H3F7O",212.007212256,"CC(=O)C(F)(F)C(F)(F)C(F)(F)F"
"DTXSID40895215","CAS_RN: 935553-89-2","XKABHVVVNXLIEE-UHFFFAOYSA-N","C8H3F14I",491.905593176,"FC(F)(F)C(F)(F)CC(I)C(F)(F)C(F)(F)C(F)(F)C(F)(F)F"
"DTXSID60371288","CAS_RN: 96916-53-9","XKBHBVFIWWDGQX-UHFFFAOYSA-N","C5H2BrF7",273.922809704,"C=C(Br)C(F)(F)C(F)(F)C(F)(F)F"
"DTXSID60892605","CAS_RN: 1513864-12-4","XKGMPVQXAFQLEK-UHFFFAOYSA-N","C17H18F17NO5S2",703.035494416,"CC(C)(CS(=O)(=O)O)NC(=O)CCS(=O)CCC(F)(F)C(F)(F)C(F)(F)C(F)(F)C(F)(F)C(F)(F)C(F)(F)C(F)(F)F"
"DTXSID50893565","CAS_RN: 178094-73-0","HQIKMYJOLJOSOX-UHFFFAOYSA-N","C9H13F9N2O3S",400.050317256,"C[N+](C)([O-])CCCNS(=O)(=O)C(F)(F)C(F)(F)C(F)(F)C(F)(F)F"
"DTXSID80896221","CAS_RN: 41605-57-6","XKJVCVNWVBTHFU-UHFFFAOYSA-N","C12H8F9NO4S",433.003032716,"CC(=O)Nc1ccc(OS(=O)(=O)C(F)(F)C(F)(F)C(F)(F)C(F)(F)F)cc1"
"DTXSID90896313","CAS_RN: 16500-37-1","XKMXDCKJYUSARR-UHFFFAOYSA-N","C6HF13O",335.981981512,"OC(C(F)(F)F)(C(F)(F)F)C(F)(C(F)(F)F)C(F)(F)F"
"DTXSID70631441","CAS_RN: 801-26-3","XKNYFWLDZZKNPB-UHFFFAOYSA-N","C8F16O",415.96936614,"FC(F)(F)C(F)(F)C(F)(F)C1(F)C(F)(F)OC(F)(F)C(F)(F)C1(F)F"
"","CAS_RN: 80010-37-3|80010-38-4","XKPFLKWPESVZJF-UHFFFAOYSA-N","C3H5F3O3S",177.99114968,"O=S(=O)(O)CCC(F)(F)F"
"",NA,"XKXAHJLACPVBNP-UHFFFAOYSA-N","C5HClF10O3S",365.917524772,"O=S(=O)(O)C(F)(Cl)C(F)(F)C(F)(F)C(F)(F)C(F)(F)F"
"DTXSID30382169","CAS_RN: 78693-85-3","XKYXNXAJMRFZSX-UHFFFAOYSA-N","C8H3F15O2",415.989352636,"OCC(F)(OC(F)(F)C(F)(F)C(F)(F)C(F)(F)C(F)(F)F)C(F)(F)F"
"DTXSID20880583","CAS_RN: 68156-00-3","XLCQIAITJZQFTE-UHFFFAOYSA-N","C8F16O2S",463.93635176,"O=S(=O)(F)C1(C(F)(F)F)C(F)(F)C(F)(F)C(F)(F)C(F)(F)C1(F)C(F)(F)F"
"DTXSID80895219","CAS_RN: 69125-82-2","XLCYITIKRMXGCZ-UHFFFAOYSA-N","C12H12F14",422.071545464,"FC(F)(F)C(F)(F)C(F)(F)CCCCCCC(F)(F)C(F)(F)C(F)(F)F"
"","CAS_RN: 68156-01-4","XLDBMBOTMFUENJ-UHFFFAOYSA-N","C8HF15O3S",461.940688192,"O=S(=O)(O)C1(C(F)(F)F)C(F)(F)C(F)(F)C(F)(F)C(F)(F)C1(F)C(F)(F)F"
"DTXSID60895333","CAS_RN: 67193-90-2","XLDCRDVOTVYYPR-UHFFFAOYSA-N","C12BrF25",697.8784176,"FC(F)(F)C(F)(F)C(F)(F)C(F)(F)C(F)(F)C(F)(F)C(F)(F)C(F)(F)C(F)(F)C(F)(F)C(F)(F)C(F)(F)Br"
"DTXSID20451116","CAS_RN: 556050-48-7","XLFQCGUSTBBBAK-UHFFFAOYSA-N","C20H14F13NO5",595.066439408,"O=C(OCc1ccc(CCC(F)(F)C(F)(F)C(F)(F)C(F)(F)C(F)(F)C(F)(F)F)cc1)ON1C(=O)CCC1=O"
"DTXSID2069361","CAS_RN: 59778-97-1","XLGBPNZHUPJRPB-UHFFFAOYSA-N","C22H9F33O2",932.007560788,"C=C(C)C(=O)OCCC(F)(F)C(F)(F)C(F)(F)C(F)(F)C(F)(F)C(F)(F)C(F)(F)C(F)(F)C(F)(F)C(F)(F)C(F)(F)C(F)(F)C(F)(F)C(F)(F)C(F)(F)C(F)(F)F"
"DTXSID4059918","CAS_RN: 375-84-8","XLIFBQWTSCGUEB-UHFFFAOYSA-N","C7F14O",365.9725597,"O=C(F)C(F)(F)C(F)(F)C(F)(F)C(F)(F)C(F)(F)C(F)(F)F"
"DTXSID00881159","CAS_RN: 94159-86-1","XLLVATUSJHKQQF-UHFFFAOYSA-N","C13H9F17O2",520.033109268,"C=COCC(O)CC(F)(F)C(F)(F)C(F)(F)C(F)(F)C(F)(F)C(F)(F)C(F)(F)C(F)(F)F"
"",NA,"XLMNLXGYCUVUJW-UHFFFAOYSA-N","C44H65F25O16",1324.3873415,"OCCOCCOCCOCCOCCOCCOCCOCCOCCOCCOCCOCCOCCOCCOCCOCCC(F)(F)C(F)(F)C(F)(F)C(F)(F)C(F)(F)C(F)(F)C(F)(F)C(F)(F)C(F)(F)C(F)(F)C(F)(F)C(F)(F)F"
"DTXSID70165670","CAS_RN: 376-34-1","JZHDEEOTEUVLHR-UHFFFAOYSA-N","C7H2F12O2",345.986317944,"O=C(O)C(F)(F)C(F)(F)C(F)(F)C(F)(F)C(F)(F)C(F)F"
"DTXSID50371095","CAS_RN: 238742-84-2","XLQJVLIZYYUBIL-UHFFFAOYSA-N","C28H18F34I2O4",1317.875164536,"O=C(CCCCC(=O)OCC(I)CC(F)(F)C(F)(F)C(F)(F)C(F)(F)C(F)(F)C(F)(F)C(F)(F)C(F)(F)F)OCC(I)CC(F)(F)C(F)(F)C(F)(F)C(F)(F)C(F)(F)C(F)(F)C(F)(F)C(F)(F)F"
"","CAS_RN: 1049731-87-4","XLRTYAMUIGRELS-UHFFFAOYSA-N","C11H3F21O2",565.979771956,"OC(O)C(F)(F)C(F)(F)C(F)(F)C(F)(F)C(F)(F)C(F)(F)C(F)(F)C(F)(F)C(F)(F)C(F)(F)F"
"DTXSID20893355","CAS_RN: 153273-33-7","XLTINEVRECWPSA-UHFFFAOYSA-N","C8F18",437.97125796,"FC(F)(F)C(F)(F)C(F)(F)C(F)(F)C(F)(C(F)(F)F)C(F)(F)C(F)(F)F"
"DTXSID40446988","CAS_RN: 104729-49-9","XLXYXEHVIIRCGY-UHFFFAOYSA-N","C4HF9O3S",299.950268872,"O=S(=O)(F)C(F)(F)C(F)(F)OC(F)(F)C(F)F"
"DTXSID70593893","CAS_RN: 361532-17-4","XMARUQLFZIUIRE-UHFFFAOYSA-N","C8H4F14",366.008945208,"FCCC(F)(F)C(F)(F)C(F)(F)C(F)(F)C(F)(F)C(F)(F)F"
"DTXSID80895153","CAS_RN: 678-98-8","XMEPUXUKDYDDDY-UHFFFAOYSA-N","C6H7F7",212.043597764,"CCCC(F)(F)C(F)(F)C(F)(F)F"
"DTXSID00380753","CAS_RN: 68734-62-3","XMIPIKYUVSCYKT-UHFFFAOYSA-N","C7H9F9O3SSi",371.989795658,"C[Si](C)(C)OS(=O)(=O)C(F)(F)C(F)(F)C(F)(F)C(F)(F)F"
"DTXSID00896081","CAS_RN: 132114-64-8","XMLQJCWVPGBECK-UHFFFAOYSA-N","C13H16F9NO4",421.093561972,"CCOC(=O)CNC(CC(=O)OCC)C(F)(F)C(F)(F)C(F)(F)C(F)(F)F"
"DTXSID90896333","CAS_RN: 2396-19-2","XMOIHXFHBPQEDL-UHFFFAOYSA-N","C11H10F7N",289.07014686,"CN(C)c1ccc(C(F)(C(F)(F)F)C(F)(F)F)cc1"
"DTXSID1071666","CAS_RN: 68555-77-1","XMRMVBVJGSKMEN-UHFFFAOYSA-N","C9H13F9N2O2S",384.055402636,"CN(C)CCCNS(=O)(=O)C(F)(F)C(F)(F)C(F)(F)C(F)(F)F"
"DTXSID00631272","CAS_RN: 53826-16-7","XNAOJNAVGJFVSG-UHFFFAOYSA-N","C8H2F15I",509.896171364,"FC(F)(I)CC(F)(F)C(F)(F)C(F)(F)C(F)(F)C(F)(F)C(F)(F)F"
"DTXSID80854881","CAS_RN: 922524-00-3","XNCBATRFONZBGA-UHFFFAOYSA-N","C6HF12I",427.893136672,"FC(F)(F)C(I)C(F)(F)C(F)(C(F)(F)F)C(F)(F)F"
"","CAS_RN: 97259-81-9","XNKYZUYJMBXTGL-UHFFFAOYSA-N","C15H10F17NO4",591.03383754,"O=C(O)C=CC(=O)NCC(O)CC(F)(F)C(F)(F)C(F)(F)C(F)(F)C(F)(F)C(F)(F)C(F)(F)C(F)(F)F"
"DTXSID50441560","CAS_RN: 132424-36-3","XNPUIKGMNMTLOL-UHFFFAOYSA-N","C8H7F9O2",306.030233444,"COC(=O)CCC(F)(F)C(F)(F)C(F)(F)C(F)(F)F"
"DTXSID5062760","CAS_RN: 3871-50-9","CKRXVVGETMYFIO-UHFFFAOYSA-N","C12H8F17NO4S",584.990258476,"CCN(CC(=O)O)S(=O)(=O)C(F)(F)C(F)(F)C(F)(F)C(F)(F)C(F)(F)C(F)(F)C(F)(F)C(F)(F)F"
"DTXSID80892607","CAS_RN: 34455-24-8","XNVZJXUQXYVJRM-UHFFFAOYSA-N","C17H17F21N2O2S",712.067541404,"CN(C)CCCNS(=O)(=O)CCC(F)(F)C(F)(F)C(F)(F)C(F)(F)C(F)(F)C(F)(F)C(F)(F)C(F)(F)C(F)(F)C(F)(F)F"
"DTXSID30895688","CAS_RN: 149068-60-0","XNXSDDUAQKULBW-UHFFFAOYSA-N","C13H6BrF13",487.944529152,"FC(F)(F)C(F)(F)C(F)(F)C(Cc1ccc(Br)cc1)(C(F)(F)F)C(F)(F)F"
"DTXSID3071301","CAS_RN: 68227-97-4","XOBAFFLCNWEIRZ-UHFFFAOYSA-N","C15H14F15NO4S",589.040402228,"C=CC(=O)OCCCCN(C)S(=O)(=O)C(F)(F)C(F)(F)C(F)(F)C(F)(F)C(F)(F)C(F)(F)C(F)(F)F"
"DTXSID80896307","CAS_RN: 773869-22-0","XOCKVJATRHEEPH-UHFFFAOYSA-N","C5H3F7O2",228.002126876,"O=C(O)CC(F)(C(F)(F)F)C(F)(F)F"
"DTXSID8059924","CAS_RN: 376-27-2","XOCNYZFAMHDXJK-UHFFFAOYSA-N","C9H3F15O2",427.989352636,"COC(=O)C(F)(F)C(F)(F)C(F)(F)C(F)(F)C(F)(F)C(F)(F)C(F)(F)F"
"DTXSID10599394","CAS_RN: 755-42-0","XODUVTJXUOOAKV-UHFFFAOYSA-N","C5H6F7N",213.038846732,"CNCC(F)(F)C(F)(F)C(F)(F)F"
"DTXSID20895273","CAS_RN: 250738-42-2","XOFRRGPGZOTKDI-UHFFFAOYSA-N","C15H11F21",590.052542972,"CCCCCC(F)(F)C(F)(F)C(F)(F)C(F)(F)C(F)(F)C(F)(F)C(F)(F)C(F)(F)C(F)(F)C(F)(F)F"
"",NA,"XOFYXVVRHPRCEZ-UHFFFAOYSA-N","C22H30F17NO8S",791.14206766,"CCN(CCOCCOCCOCCOCCOCCO)S(=O)(=O)C(F)(F)C(F)(F)C(F)(F)C(F)(F)C(F)(F)C(F)(F)C(F)(F)C(F)(F)F"
"",NA,"XOHFNSDEJRVXJY-UHFFFAOYSA-N","C24H21F29O5",940.092592152,"OCCOCCOCCOCCOCCC(F)(F)C(F)(F)C(F)(F)C(F)(F)C(F)(F)C(F)(F)C(F)(F)C(F)(F)C(F)(F)C(F)(F)C(F)(F)C(F)(F)C(F)(F)C(F)(F)F"
"",NA,"XOLPMAUNTYNKPF-UHFFFAOYSA-N","C15H2F26O4",739.953792264,"O=C(O)C(F)(F)C(F)(F)C(F)(F)C(F)(F)C(F)(F)C(F)(F)C(F)(F)C(F)(F)C(F)(F)C(F)(F)C(F)(F)C(F)(F)C(F)(F)C(=O)O"
"",NA,"XOMGGYGQOOROBR-UHFFFAOYSA-O","C15H26F9N2O10S3",661.060587012,"C[N+](C)(CCCN(CC(O)CS(=O)(=O)O)S(=O)(=O)C(F)(F)C(F)(F)C(F)(F)C(F)(F)F)CC(O)CS(=O)(=O)O"
"DTXSID20330472","CAS_RN: 29214-37-7","XONFSEOHZGSMJG-UHFFFAOYSA-N","C9H2F18O4S2",579.910708504,"O=S(=O)(CS(=O)(=O)C(F)(F)C(F)(F)C(F)(F)C(F)(F)F)C(F)(F)C(F)(F)C(F)(F)C(F)(F)F"
"DTXSID90895583","CAS_RN: 125162-63-2","XORTVLLLUZAIQK-UHFFFAOYSA-N","C8H8F9NO2",321.041132476,"NC(CCC(F)(F)C(F)(F)C(F)(F)C(F)(F)F)C(=O)O"
"DTXSID00896546","CAS_RN: 145510-90-3","XOVAMVVSIWHBQI-UHFFFAOYSA-N","C15H11F17O4",578.038588572,"O=C(OC1CCCCC1)C(F)(OC(F)(F)C(F)(OC(F)(F)C(F)(F)C(F)(F)F)C(F)(F)F)C(F)(F)F"
"DTXSID7059985","CAS_RN: 429-67-4","XOVNCWWRDSAYNE-UHFFFAOYSA-N","C16H28F12O4Si4",624.087304136,"C[Si]1(CCC(F)(F)F)O[Si](C)(CCC(F)(F)F)O[Si](C)(CCC(F)(F)F)O[Si](C)(CCC(F)(F)F)O1"
"DTXSID10711635","CAS_RN: 139060-76-7","XPEYWJSDSRRHBK-UHFFFAOYSA-N","C7H3F11",296.005910516,"C=CC(F)(F)C(F)(F)C(F)(C(F)(F)F)C(F)(F)F"
"DTXSID10896592","CAS_RN: 13058-06-5","NJLCWERAEIXEIB-UHFFFAOYSA-N","C8HF15O2",413.973702572,"O=C(O)C(F)(C(F)(F)C(F)(F)F)C(F)(F)C(F)(F)C(F)(F)C(F)(F)F"
"DTXSID00210900","CAS_RN: 6189-00-0","XPKCRLYGJRILBY-UHFFFAOYSA-N","C7HF15O",385.978787952,"OC(C(F)(F)C(F)(F)F)(C(F)(F)C(F)(F)F)C(F)(F)C(F)(F)F"
"","CAS_RN: 68900-97-0","XPVQXTIORCZKBJ-UHFFFAOYSA-I","C14H28Cl4Cr2F9NO9S",800.8905319,NA
"","CAS_RN: 313475-52-4","QZVUOOXCKWZIDW-UHFFFAOYSA-N","C15H16F13N2",471.110590372,"CCCC[n+]1ccn(CCC(F)(F)C(F)(F)C(F)(F)C(F)(F)C(F)(F)C(F)(F)F)c1"
"DTXSID80893290","CAS_RN: 70900-38-8","XQSZCZOJXPNZGJ-UHFFFAOYSA-N","C25H30F9N3O8S",703.1609899,"C=C(C)C(=O)OCC(C)OC(=O)Nc1cc(NC(=O)OCCCCN(C)S(=O)(=O)C(F)(F)C(F)(F)C(F)(F)C(F)(F)F)ccc1C"
"DTXSID80826669","CAS_RN: 86714-23-0","XQSZQLMIDYQHEP-UHFFFAOYSA-N","C9F20",487.9680644,"FC(F)(F)C(F)(F)C(F)(F)C(C(F)(F)F)(C(F)(F)F)C(F)(C(F)(F)F)C(F)(F)F"
"DTXSID20896583","CAS_RN: 1882109-73-0","XREGJQQQMQWWNN-UHFFFAOYSA-N","C8HF15O2",413.973702572,"O=C(O)C(F)(C(F)(F)F)C(F)(F)C(C(F)(F)F)(C(F)(F)F)C(F)(F)F"
"DTXSID20880169","CAS_RN: 1726-50-7","XRFUZLYVDISQAA-UHFFFAOYSA-N","C6H2F10O2",295.989511504,"O=C(O)C(F)(F)C(F)(F)C(F)(F)C(F)(F)C(F)F"
"","CAS_RN: 66008-72-8","TUOHUMKQNSQWKE-UHFFFAOYSA-O","C17H24F13N2O4S",599.124920108,"CN(CCC[N+](C)(C)CCC(=O)O)S(=O)(=O)CCC(F)(F)C(F)(F)C(F)(F)C(F)(F)C(F)(F)C(F)(F)F"
"DTXSID40893377","CAS_RN: 261778-38-5","XRMVBFQAGFWDAX-UHFFFAOYSA-N","C12HF19N2O",549.978548832,"O=C(n1nc(C(F)(F)C(F)(F)C(F)(F)C(F)(F)C(F)(F)C(F)(F)F)cc1C(F)(F)F)C(F)(F)F"
"DTXSID20896023","CAS_RN: 161123-65-5","XROHYIPGSYETHB-UHFFFAOYSA-N","C8H7F9O4S",369.992133684,"CCOC(=O)CS(=O)(=O)C(F)(F)C(F)(F)C(F)(F)C(F)(F)F"
"DTXSID80880145","CAS_RN: 678-65-9","XRSMAKAYKVRPSA-UHFFFAOYSA-N","C8H6F8",254.034175952,"C=CC(F)(F)C(F)(F)C(F)(F)C(F)(F)C=C"
"DTXSID30724661","CAS_RN: 163114-33-8","XSCXGBGLEZMUEH-UHFFFAOYSA-N","C15H7F17O",526.022544584,"OCc1ccc(C(F)(F)C(F)(F)C(F)(F)C(F)(F)C(F)(F)C(F)(F)C(F)(F)C(F)(F)F)cc1"
"DTXSID40896101","CAS_RN: 123528-68-7","XSJGLPXVMJDYCC-UHFFFAOYSA-N","C14H8F13N3",465.051064116,"N=C(NC(=N)C(F)(F)C(F)(F)C(F)(F)C(F)(F)C(F)(F)C(F)(F)F)c1ccccc1"
"DTXSID90880555","CAS_RN: 66137-74-4","XSLYISNQTJHKMP-UHFFFAOYSA-N","C4F9IO3S",425.84691684,"O=S(=O)(F)C(F)(F)C(F)(F)OC(F)(F)C(F)(F)I"
"DTXSID90895922","CAS_RN: 2398-76-7","XSVUTHPDIIPLTQ-UHFFFAOYSA-N","C10H4F9NO2",341.009832348,"O=[N+]([O-])c1cccc(C(F)(F)C(F)(F)C(F)(F)C(F)(F)F)c1"
"DTXSID50451109","CAS_RN: 27854-31-5","XTBXSCIWOVSSGB-UHFFFAOYSA-N","C10H3F17O2",477.986159076,"O=C(O)CC(F)(F)C(F)(F)C(F)(F)C(F)(F)C(F)(F)C(F)(F)C(F)(F)C(F)(F)F"
"DTXSID4070871","CAS_RN: 67939-42-8","XTDOBWSCKYKWCE-UHFFFAOYSA-N","C13H11Cl3F17NO2SSi",700.907388902,"CCN(CCC[Si](Cl)(Cl)Cl)S(=O)(=O)C(F)(F)C(F)(F)C(F)(F)C(F)(F)C(F)(F)C(F)(F)C(F)(F)C(F)(F)F"
"DTXSID50881028","CAS_RN: 93776-11-5","XTGCLCQOUPEKCR-UHFFFAOYSA-N","C31H45F19O11",954.26584844,"COCCOCCOCCOCCOCCOCCOCCOCCOCCOCC(O)CC(F)(F)C(F)(F)C(F)(F)C(F)(F)C(F)(F)C(F)(F)C(F)(C(F)(F)F)C(F)(F)F"
"DTXSID1061073","CAS_RN: 754-34-7","XTGYEAXBNRVNQU-UHFFFAOYSA-N","C3F7I",295.89329554,"FC(F)(F)C(F)(F)C(F)(F)I"
"DTXSID90896717","CAS_RN: 55776-72-2","XTMMQBINMKHYNZ-UHFFFAOYSA-N","C16H12F7O2P",400.046313794,"O=P(OCC(F)(F)C(F)(F)C(F)(F)F)(c1ccccc1)c1ccccc1"
"DTXSID90895967","CAS_RN: 70473-74-4","XTVQLRCYVUMCLK-UHFFFAOYSA-N","C7H8F7NO2",271.044326036,"COCCNC(=O)C(F)(F)C(F)(F)C(F)(F)F"
"DTXSID40895179","CAS_RN: 69125-79-7","XUFPCAMLAPZMPS-UHFFFAOYSA-N","C12H17F9",332.118654524,"CCCCCCCCC(F)(F)C(F)(F)C(F)(F)C(F)(F)F"
"DTXSID90880171","CAS_RN: 1759-63-3","XUMFLKOMBYRBCK-UHFFFAOYSA-N","C5ClF7",227.95767522,"FC1=C(Cl)C(F)(F)C(F)(F)C1(F)F"
"DTXSID80892602","CAS_RN: 54207-61-3","XUSAHPQPYNQVNZ-UHFFFAOYSA-N","C12H7F17O2S",537.989530204,"O=C(O)CSCCC(F)(F)C(F)(F)C(F)(F)C(F)(F)C(F)(F)C(F)(F)C(F)(F)C(F)(F)F"
"DTXSID70895203","CAS_RN: 1835251-92-7","XUTVDVSIZZRSSN-UHFFFAOYSA-N","C8H4F14",366.008945208,"FC(F)(F)C(F)(F)C(F)(F)CCC(F)(F)C(F)(F)C(F)(F)F"
"","CAS_RN: 1158182-61-6","XUXUDURMFGXHCP-UHFFFAOYSA-N","C26H9F46O4P",1289.950393518,"O=P(O)(OCCC(F)(F)C(F)(F)C(F)(F)C(F)(F)C(F)(F)C(F)(F)C(F)(F)C(F)(F)C(F)(F)C(F)(F)F)OCCC(F)(F)C(F)(F)C(F)(F)C(F)(F)C(F)(F)C(F)(F)C(F)(F)C(F)(F)C(F)(F)C(F)(F)C(F)(F)C(F)(F)F"
"DTXSID3031864","CAS_RN: 29457-72-5","YFSUTJLHUFNCNZ-UHFFFAOYSA-N","C8HF17O3S",499.937494632,"O=S(=O)(O)C(F)(F)C(F)(F)C(F)(F)C(F)(F)C(F)(F)C(F)(F)C(F)(F)C(F)(F)F"
"DTXSID90341232","CAS_RN: 51241-61-3","XVGDQPCIRYTQHC-UHFFFAOYSA-N","C12H10F7NO",317.06506148,"CC(NC(=O)C(F)(F)C(F)(F)C(F)(F)F)c1ccccc1"
"DTXSID6062123","CAS_RN: 2043-53-0","XVKJSLBVVRCOIT-UHFFFAOYSA-N","C10H4F17I",573.908627868,"FC(F)(F)C(F)(F)C(F)(F)C(F)(F)C(F)(F)C(F)(F)C(F)(F)C(F)(F)CCI"
"DTXSID10895343","CAS_RN: 871311-24-9","XVPKYBWEMFZZBF-UHFFFAOYSA-N","C23H31F17",630.215430732,"CCCCCCCCCCCCCCCC(F)(F)C(F)(F)C(F)(F)C(F)(F)C(F)(F)C(F)(F)C(F)(F)C(F)(F)F"
"DTXSID00240984","CAS_RN: 94200-56-3","XVPQHRLANPJWIF-UHFFFAOYSA-N","C13H6F23O4P",693.963644362,"O=P(O)(O)OCCC(F)(F)C(F)(F)C(F)(F)C(F)(F)C(F)(F)C(F)(F)C(F)(F)C(F)(F)C(F)(C(F)(F)F)C(F)(F)F"
"DTXSID20896104","CAS_RN: 1692915-43-7","XVRXVWFWFXRWSP-UHFFFAOYSA-N","C11H7F7N4",328.055893764,"Nc1ccc(-c2n[nH]c(C(F)(F)C(F)(F)C(F)(F)F)n2)cc1"
"DTXSID60382172","CAS_RN: 24690-53-7","XVWWKXCMZXAERD-UHFFFAOYSA-N","C5HF7",193.996647572,"C#CC(F)(C(F)(F)F)C(F)(F)F"
"DTXSID40591422","CAS_RN: 141977-66-4","XWMIXYNBVNTPFV-UHFFFAOYSA-N","C15H3F29O5",813.951741576,"OCC(F)(OC(F)(F)C(F)(OC(F)(F)C(F)(OC(F)(F)C(F)(OC(F)(F)C(F)(F)C(F)(F)F)C(F)(F)F)C(F)(F)F)C(F)(F)F)C(F)(F)F"
"DTXSID1070854","CAS_RN: 67939-98-4","FANHPMCIAHYLOD-UHFFFAOYSA-N","C11H11F15NO6PS",600.980518002,"CCN(CCOP(=O)(O)O)S(=O)(=O)C(F)(F)C(F)(F)C(F)(F)C(F)(F)C(F)(F)C(F)(F)C(F)(F)F"
"DTXSID60896042","CAS_RN: 129560-87-8","XWVRCUGVIBGBDR-UHFFFAOYSA-N","C15H7F15O3",520.015567384,"O=C(O)c1ccc(OCC(F)(F)C(F)(F)C(F)(F)C(F)(F)C(F)(F)C(F)(F)C(F)(F)F)cc1"
"DTXSID1068146","CAS_RN: 38850-60-1","XXEJCEXMBHWWLY-UHFFFAOYSA-N","C14H19F13N2O5S2",606.052780568,"CN(C)CCCN(CCCS(=O)(=O)O)S(=O)(=O)C(F)(F)C(F)(F)C(F)(F)C(F)(F)C(F)(F)C(F)(F)F"
"DTXSID20896341","CAS_RN: 273735-43-6","XXGNKVWIUWGEOH-UHFFFAOYSA-N","C11H10F7N",289.07014686,"Cc1cc(C(F)(C(F)(F)F)C(F)(F)F)cc(C)c1N"
"DTXSID30897187","CAS_RN: 470-73-5","XXIRTCLWEVPOML-UHFFFAOYSA-N","C24H12F42N3O6P3",1328.926830234,"FC(F)(F)C(F)(F)C(F)(F)COP1(OCC(F)(F)C(F)(F)C(F)(F)F)=NP(OCC(F)(F)C(F)(F)C(F)(F)F)(OCC(F)(F)C(F)(F)C(F)(F)F)=NP(OCC(F)(F)C(F)(F)C(F)(F)F)(OCC(F)(F)C(F)(F)C(F)(F)F)=N1"
"DTXSID40880404","CAS_RN: 37013-72-2","XXKFVYRCSDPCBZ-UHFFFAOYSA-N","C9H6F15O4P",493.976418602,"O=P(O)(O)OCCC(F)(F)C(F)(F)C(F)(F)C(F)(F)C(F)(F)C(F)(F)C(F)(F)F"
"","CAS_RN: 172916-27-7","XXMBMRDOCHFMET-UHFFFAOYSA-N","C31H46F17O10P",932.255714042,"CCCCCCCCCC(CCC(F)(F)C(F)(F)C(F)(F)C(F)(F)C(F)(F)C(F)(F)C(F)(F)C(F)(F)F)OCCCCCOP(=O)(O)OCC(O)C(O)C(O)C(O)C=O"
"DTXSID20897474","CAS_RN: 305848-92-4","XXSCNRBBJCKWNZ-UHFFFAOYSA-N","C22H16F30N2O2",910.073274352,"OC(NC1CCCCC1NC(O)C(F)(F)C(F)(F)C(F)(F)C(F)(F)C(F)(F)C(F)(F)C(F)(F)F)C(F)(F)C(F)(F)C(F)(F)C(F)(F)C(F)(F)C(F)(F)C(F)(F)F"
"DTXSID8059972","CAS_RN: 422-86-6","XXSZLFRJEKKBDJ-UHFFFAOYSA-N","C3ClF7",203.95767522,"FC(F)(F)C(F)(F)C(F)(F)Cl"
"DTXSID60896007","CAS_RN: 1270179-82-2","XXWVQQPYWSIJGT-UHFFFAOYSA-N","C8H6F13NO2S",426.991166292,"CN(C)S(=O)(=O)C(F)(F)C(F)(F)C(F)(F)C(F)(F)C(F)(F)C(F)(F)F"
"DTXSID30563299","CAS_RN: 126814-93-5","XYEQEZYFDSQCMY-UHFFFAOYSA-N","C11H11F13O3",438.050061072,"OCC(O)COCCC(F)(F)C(F)(F)C(F)(F)C(F)(F)C(F)(F)C(F)(F)F"
"DTXSID70381979","CAS_RN: 106873-67-0","XYGYVZPNAGJLRE-UHFFFAOYSA-N","C20H25F17",588.16848054,"CCCCCCCCCCCCC(F)(F)C(F)(F)C(F)(F)C(F)(F)C(F)(F)C(F)(F)C(F)(F)C(F)(F)F"
"DTXSID30897026","CAS_RN: 2008-06-2","XYLBYDIMNSLGEL-UHFFFAOYSA-N","C10H4F7NO",287.018111288,"FC(F)(F)C(F)(F)C(F)(F)c1nc2ccccc2o1"
"DTXSID30896337","CAS_RN: 194427-39-9","XYNROSMUVBVKIP-UHFFFAOYSA-N","C13H5F23O",613.99731384,"OCCC(F)(F)C(F)(F)C(F)(F)C(F)(F)C(F)(F)C(F)(F)C(F)(F)C(F)(F)C(F)(C(F)(F)F)C(F)(F)F"
"DTXSID50188029","CAS_RN: 34455-00-0","XYQNMGJZDSSVRP-UHFFFAOYSA-N","C8H10F9NO4S",387.01868278,"O=S(=O)(N(CCO)CCO)C(F)(F)C(F)(F)C(F)(F)C(F)(F)F"
"DTXSID201015597",NA,"XYRDZMSAYIMRTQ-UHFFFAOYSA-N","C7HClF14O4S",481.906052272,"O=S(=O)(O)C(F)(F)C(F)(F)OC(F)(F)C(F)(F)C(F)(F)C(F)(F)C(F)(F)Cl"
"DTXSID90896590","CAS_RN: 1882109-80-9","XYSKFGIOQNTGLA-UHFFFAOYSA-N","C8HF15O2",413.973702572,"O=C(O)C(F)(C(F)(F)F)C(F)(F)C(F)(F)C(F)(C(F)(F)F)C(F)(F)F"
"DTXSID30433024","CAS_RN: 142083-52-1","XYTVKPCMDPOOFB-UHFFFAOYSA-N","C10H4F18",466.002558088,"FC(F)(F)C(F)(F)C(F)(F)C(F)(F)CCC(F)(F)C(F)(F)C(F)(F)C(F)(F)F"
"DTXSID80896448","CAS_RN: 1355555-25-7","XZAVKYNSLWXFDI-UHFFFAOYSA-N","C16H17F7O4S",438.073577564,"CCc1c(C(=O)O)ccc(C(F)(C(F)(F)F)C(F)(F)F)c1S(=O)(=O)C(C)CC"
"DTXSID50896359","CAS_RN: 1463530-23-5","XZBAXDNRXUURQG-UHFFFAOYSA-N","C10H5F7N2",286.0340957,"N#Cc1ccc(N)cc1C(F)(C(F)(F)F)C(F)(F)F"
"DTXSID30896453","CAS_RN: 862130-87-8","XZFAVXHLIXQXBR-UHFFFAOYSA-N","C25H17ClF8N2O2",564.085081224,"Cc1cc(C(F)(C(F)(F)F)C(F)(F)F)cc(C)c1NC(=O)c1cccc(NC(=O)c2ccc(F)cc2Cl)c1"
"DTXSID10896138","CAS_RN: 121806-69-7","XZJKCRYZTLHEGA-UHFFFAOYSA-N","C10H4Cl2F7NO",356.955816648,"O=C(Nc1c(Cl)cccc1Cl)C(F)(F)C(F)(F)C(F)(F)F"
"DTXSID30396867","CAS_RN: 90177-96-1","XZJPYETUABEQFI-UHFFFAOYSA-N","C8H6F12O2",362.017618072,"OCC(F)(F)C(F)(F)C(F)(F)C(F)(F)C(F)(F)C(F)(F)CO"
"DTXSID10895505","CAS_RN: 773136-96-2","XZJVATYZWYQTRZ-UHFFFAOYSA-N","C7H7F7O2",256.033427004,"CCOC(=O)CC(F)(F)C(F)(F)C(F)(F)F"
"DTXSID40880489","CAS_RN: 93857-46-6","ROUGOWJCVFOXHO-UHFFFAOYSA-N","C14H6F25O4P",743.960450802,"O=P(O)(O)OCCC(F)(F)C(F)(F)C(F)(F)C(F)(F)C(F)(F)C(F)(F)C(F)(F)C(F)(F)C(F)(F)C(F)(F)C(F)(F)C(F)(F)F"
"","CAS_RN: 93644-65-6","NAIPGGGRAGKHJB-UHFFFAOYSA-N","C7HF15O5S",481.930517432,"O=S(=O)(O)C(F)(F)C(F)(F)OC(F)(C(F)(F)F)C(F)(F)OC(F)(F)C(F)(F)F"
"DTXSID30826513","CAS_RN: 871311-25-0","XZMHQGNALQAGNL-UHFFFAOYSA-N","C25H35F17",658.24673086,"CCCCCCCCCCCCCCCCCC(F)(F)C(F)(F)C(F)(F)C(F)(F)C(F)(F)C(F)(F)C(F)(F)C(F)(F)F"
"DTXSID5073292","CAS_RN: 2378-02-1","XZNOAVNRSFURIR-UHFFFAOYSA-N","C4HF9O",235.988368632,"OC(C(F)(F)F)(C(F)(F)F)C(F)(F)F"
"DTXSID00896187","CAS_RN: 57338-64-4","XZNQZBAZHBPEEQ-UHFFFAOYSA-N","C17H6F26N4O2",792.007559152,"Nc1nc(OCC(F)(F)C(F)(F)C(F)(F)C(F)(F)C(F)(F)C(F)(F)F)nc(OCC(F)(F)C(F)(F)C(F)(F)C(F)(F)C(F)(F)C(F)(F)F)n1"
"","CAS_RN: 71356-38-2","XZONSUWWBDTFJB-UHFFFAOYSA-O","C18H16F19N2O4",685.080668172,"O=C(O)C[N+]1(CCO)CCN(C(=O)C(F)(F)C(F)(F)C(F)(F)C(F)(F)C(F)(F)C(F)(F)C(F)(F)C(F)(F)C(F)(F)F)CC1"
"","CAS_RN: 40630-67-9","XZXOYKSOUAKSCR-UHFFFAOYSA-N","C8H7F11O2S",375.999110884,"CCCS(=O)(=O)C(F)(F)C(F)(F)C(F)(F)C(F)(F)C(F)(F)F"
"DTXSID40190838","CAS_RN: 374-60-7","XZZGMFAUFIVEGL-UHFFFAOYSA-N","C10F20",499.9680644,"FC(F)(F)C(F)(F)C(F)(F)C(F)(F)C1(F)C(F)(F)C(F)(F)C(F)(F)C(F)(F)C1(F)F"
"DTXSID40895694","CAS_RN: 63664-52-8","YAKVMKQFSVSQLD-UHFFFAOYSA-N","C8H10F7NO2",285.0599761,"CCOC(=O)C(N)CC(F)(F)C(F)(F)C(F)(F)F"
"DTXSID10896572","CAS_RN: 1882109-62-7","YAMSANNBBMRZIT-UHFFFAOYSA-N","C8HF15O2",413.973702572,"O=C(O)C(C(F)(F)F)(C(F)(F)F)C(C(F)(F)F)(C(F)(F)F)C(F)(F)F"
"DTXSID60560190","CAS_RN: 55427-50-4","YAQLJWSYXRXTDO-UHFFFAOYSA-N","C10H9F13O2",408.039496388,"OCCOCCC(F)(F)C(F)(F)C(F)(F)C(F)(F)C(F)(F)C(F)(F)F"
"",NA,"YBJQDBPPOQBFQK-UHFFFAOYSA-N","C11HF23O5S",681.917743192,"O=S(=O)(O)C(F)(F)C(F)(F)C(F)(F)C(F)(F)C(F)(F)C(F)(F)C(F)(F)OC(F)(F)C(F)(F)OC(F)(F)C(F)(F)F"
"DTXSID60858544","CAS_RN: 106554-16-9","YBJWUCHKFPHEOV-UHFFFAOYSA-N","C36H12F63O4P",1735.946723354,"O=P(OCCC(F)(F)C(F)(F)C(F)(F)C(F)(F)C(F)(F)C(F)(F)C(F)(F)C(F)(F)C(F)(F)C(F)(F)F)(OCCC(F)(F)C(F)(F)C(F)(F)C(F)(F)C(F)(F)C(F)(F)C(F)(F)C(F)(F)C(F)(F)C(F)(F)F)OCCC(F)(F)C(F)(F)C(F)(F)C(F)(F)C(F)(F)C(F)(F)C(F)(F)C(F)(F)C(F)(F)C(F)(F)F"
"DTXSID50501193","CAS_RN: 74061-32-8","MMWPBYJGIINSSX-UHFFFAOYSA-N","C12H5F13I",522.92284002,"FC(F)(F)C(F)(F)C(F)(F)C(F)(F)C(F)(F)C(F)(F)[I+]c1ccccc1"
"DTXSID90516569","CAS_RN: 86358-19-2","YBLYWKGTXUNAOC-UHFFFAOYSA-N","C7H5F9O",276.01966876,"CC(=O)CC(F)(F)C(F)(F)C(F)(F)C(F)(F)F"
"DTXSID7073193","CAS_RN: 559-40-0","YBMDPYAEZDJWNY-UHFFFAOYSA-N","C5F8",211.98722576,"FC1=C(F)C(F)(F)C(F)(F)C1(F)F"
"","CAS_RN: 70248-52-1","OWBYGXNKMFLAMD-UHFFFAOYSA-N","C12H16F13N2O2S",499.072490612,"C[N+](C)(C)CCCNS(=O)(=O)C(F)(F)C(F)(F)C(F)(F)C(F)(F)C(F)(F)C(F)(F)F"
"",NA,"YBSSUWWBMCSIPR-UHFFFAOYSA-N","C14H7F21O2S",637.983143084,"O=C(O)CSCCC(F)(F)C(F)(F)C(F)(F)C(F)(F)C(F)(F)C(F)(F)C(F)(F)C(F)(F)C(F)(F)C(F)(F)F"
"DTXSID8031863","CAS_RN: 77032-27-0","UZUFPBIDKMEQEQ-UHFFFAOYSA-N","C9HF17O2",463.970509012,"O=C(O)C(F)(F)C(F)(F)C(F)(F)C(F)(F)C(F)(F)C(F)(F)C(F)(F)C(F)(F)F"
"DTXSID00896440","CAS_RN: 1355554-54-9","YBVHCEZVUUHBRF-UHFFFAOYSA-N","C15H15F7O4S",424.0579275,"Cc1c(C(=O)O)ccc(C(F)(C(F)(F)F)C(F)(F)F)c1S(=O)(=O)CC(C)C"
"","CAS_RN: 25061-59-0","ZOPSQGIYHAQSLS-UHFFFAOYSA-N","C13H7F15N",462.033897524,"FC(F)(F)C(F)(F)C(F)(F)C(F)(F)C(F)(F)C(F)(F)C(F)(F)C[n+]1ccccc1"
"","CAS_RN: 77758-79-3","RKQPNRUABHNCIX-UHFFFAOYSA-N","C9H5F7I",372.9324207,"FC(F)(F)C(F)(F)C(F)(F)[I+]c1ccccc1"
"DTXSID80892066","CAS_RN: 60164-51-4","YBVRDNKKIWCSHJ-UHFFFAOYSA-N","C5F12O",303.97575326,"FC(F)(F)C(F)(F)OC(F)(F)C(F)(F)C(F)(F)F"
"DTXSID70431266","CAS_RN: 2708-03-4","YBYBMKRSCHZIFU-UHFFFAOYSA-N","C7H3F9O2",289.998933316,"C=CC(=O)OC(F)(F)C(F)(F)C(F)(F)C(F)(F)F"
"DTXSID8070887","CAS_RN: 67939-93-9","YCAARETZDBIMDL-UHFFFAOYSA-N","C22H19F30N2O8PS2",1103.984140798,"CCN(CCOP(=O)(O)OCCN(CC)S(=O)(=O)C(F)(F)C(F)(F)C(F)(F)C(F)(F)C(F)(F)C(F)(F)C(F)(F)F)S(=O)(=O)C(F)(F)C(F)(F)C(F)(F)C(F)(F)C(F)(F)C(F)(F)C(F)(F)F"
"DTXSID40204489","CAS_RN: 559-14-8","YCBPKOZNGFQMPB-UHFFFAOYSA-N","C8F16",399.97445152,"FC(F)=C(F)C(F)(F)C(F)(F)C(F)(F)C(F)(F)C(F)(F)C(F)(F)F"
"DTXSID70724665","CAS_RN: 163921-85-5","YCGOFOKTNYLRPC-UHFFFAOYSA-N","C10F28O2Si3",767.87589899,"FC(F)(F)C(F)(F)C(F)(F)C(F)(F)C(F)(F)C(F)(F)C(F)(F)C(F)(F)[Si](F)(O[Si](F)(F)O[Si](F)(F)F)C(F)(F)C(F)(F)F"
"","CAS_RN: 59665-28-0","YCJFSPFBPAMUCR-UHFFFAOYSA-N","C8HBr2F13",501.823741092,"FC(F)(F)C(F)(F)C(F)(F)C(F)(F)C(F)(F)C(F)(F)C(Br)=CBr"
"DTXSID8062600","CAS_RN: 70225-17-1","ACEKLXZRZOWKRY-UHFFFAOYSA-N","C5HF11O3S",349.947075312,"O=S(=O)(O)C(F)(F)C(F)(F)C(F)(F)C(F)(F)C(F)(F)F"
"DTXSID00634006","CAS_RN: 181214-75-5","YCXOPGWIXHEAFZ-UHFFFAOYSA-N","C7H5F11O",314.0164752,"CCOC(F)(F)C(F)(F)C(F)(F)C(F)(F)C(F)(F)F"
"","68298-80-6","YDFSXFDSBWMWLO-UHFFFAOYSA-N","C11H14F11NO4S",465.046789348,"CCN(CCOCCO)S(=O)(=O)C(F)(F)C(F)(F)C(F)(F)C(F)(F)C(F)(F)F"
"",NA,"YDGYYISTVLSCCC-UHFFFAOYSA-N","C12H14F13NO4S",515.043595788,"CCN(CCOCCO)S(=O)(=O)C(F)(F)C(F)(F)C(F)(F)C(F)(F)C(F)(F)C(F)(F)F"
"","CAS_RN: 113999-61-4","YDKKPMDGMXMFMV-UHFFFAOYSA-N","C18H19F17",558.121530348,"CCCCCCCCC=CC(F)(F)C(F)(F)C(F)(F)C(F)(F)C(F)(F)C(F)(F)C(F)(F)C(F)(F)F"
"DTXSID50896738","CAS_RN: 147916-81-2","YDSSWKLQGNLUCE-UUOKFMHZSA-N","C13H12F7N5O4",435.077751404,"Nc1ncnc2c1nc(C(F)(F)C(F)(F)C(F)(F)F)n2[C@@H]1O[C@H](CO)[C@@H](O)[C@H]1O"
"DTXSID20895490","CAS_RN: 1559-07-5","YDXXJZKOOOJVEE-UHFFFAOYSA-N","C8H9F7O2",270.049077068,"CCCCOC(=O)C(F)(F)C(F)(F)C(F)(F)F"
"","CAS_RN: 731858-15-4","YDZRIUKPHPDSAY-UHFFFAOYSA-N","C12H6F21O2P",611.977008682,"O=[PH](O)CCC(F)(F)C(F)(F)C(F)(F)C(F)(F)C(F)(F)C(F)(F)C(F)(F)C(F)(F)C(F)(F)C(F)(F)F"
"DTXSID60895358","CAS_RN: 117874-91-6","YEBKLAYIVJXMNI-UHFFFAOYSA-N","C9H4BrF7",323.938459768,"FC(F)(F)C(F)(F)C(F)(F)c1ccc(Br)cc1"
"DTXSID10896092","CAS_RN: 121806-65-3","YEIBSCGJNXTENL-UHFFFAOYSA-N","C10H5ClF7NO",322.994789,"O=C(Nc1ccccc1Cl)C(F)(F)C(F)(F)C(F)(F)F"
"DTXSID50276475","CAS_RN: 38926-19-1","GCTMXWUUEYFTEL-UHFFFAOYSA-N","C10H11F7O2",296.064727132,"CC(C)(C)C(O)=CC(=O)C(F)(F)C(F)(F)C(F)(F)F"
"DTXSID70896018","CAS_RN: 169213-94-9","YEMOXYUOUXISBX-UHFFFAOYSA-N","C11H9F13O2",420.039496388,"OC1OCCCC1C(F)(F)C(F)(F)C(F)(F)C(F)(F)C(F)(F)C(F)(F)F"
"DTXSID5065930","CAS_RN: 15720-98-6","YEONIHINJPEQCM-UHFFFAOYSA-N","C11F22O",565.95978546,"O=C(F)C(F)(F)C(F)(F)C(F)(F)C(F)(F)C(F)(F)C(F)(F)C(F)(F)C(F)(C(F)(F)F)C(F)(F)F"
"DTXSID1071668","CAS_RN: 68555-79-3","YEORWLLYWQFDEW-UHFFFAOYSA-N","C11H12F11NO4S",463.031139284,"CCOC(=O)CN(CC)S(=O)(=O)C(F)(F)C(F)(F)C(F)(F)C(F)(F)C(F)(F)F"
"",NA,"YFADGKQDVFHQHS-UHFFFAOYSA-N","C8HF11O2",337.980089692,"O=C(O)C(F)(F)C(F)(F)C(F)(F)C(F)=C(F)C(F)=C(F)F"
"DTXSID50896137","CAS_RN: 109373-81-1","YFAWEJJVFJXUJF-UHFFFAOYSA-N","C10H6F7N3O",317.039909352,"O=C(NN=Cc1ccncc1)C(F)(F)C(F)(F)C(F)(F)F"
"DTXSID50241204","CAS_RN: 94237-06-6","YFBVNTASMGOUJT-UHFFFAOYSA-N","C14H22ClF13O2Si3",588.040854074,"C[Si](C)(C)O[Si](Cl)(CCC(F)(F)C(F)(F)C(F)(F)C(F)(F)C(F)(F)C(F)(F)F)O[Si](C)(C)C"
"DTXSID50184723","CAS_RN: 5678-75-1","HZCZXRSVKNFILZ-UHFFFAOYSA-N","C8H4F15N",399.010422428,"NCC(F)(F)C(F)(F)C(F)(F)C(F)(F)C(F)(F)C(F)(F)C(F)(F)F"
"DTXSID80896125","CAS_RN: 98010-21-0","YFFAYDLVDYQFCZ-UHFFFAOYSA-N","C22H16F7O4P",508.067443162,"O=P(Oc1ccccc1)(Oc1ccccc1)OC(c1ccccc1)C(F)(F)C(F)(F)C(F)(F)F"
"DTXSID00881058","CAS_RN: 93776-27-3","VTOKHKRGJLAVHV-UHFFFAOYSA-N","C34H9F62O4P",1689.924845038,"O=P(O)(OCCC(F)(F)C(F)(F)C(F)(F)C(F)(F)C(F)(F)C(F)(F)C(F)(F)C(F)(F)C(F)(F)C(F)(F)C(F)(F)C(F)(F)C(F)(C(F)(F)F)C(F)(F)F)OCCC(F)(F)C(F)(F)C(F)(F)C(F)(F)C(F)(F)C(F)(F)C(F)(F)C(F)(F)C(F)(F)C(F)(F)C(F)(F)C(F)(F)C(F)(C(F)(F)F)C(F)(F)F"
"","CAS_RN: 1612778-41-2","YFLVIEFTGMOWIU-DEOSSOPVSA-N","C11H5F10NOS",388.99321698,"O=[S@](N=Cc1cccc(F)c1)C(F)(F)C(F)(F)C(F)(F)C(F)(F)F"
"","CAS_RN: 136022-83-8","YFSDHUFAFMHXNT-UHFFFAOYSA-N","C16H11F13N4O4",570.057271692,"CCC(C=NNc1ccc([N+](=O)[O-])cc1[N+](=O)[O-])C(F)(F)C(F)(F)C(F)(F)C(F)(F)C(F)(F)C(F)(F)F"
"DTXSID3031864","CAS_RN: 45298-90-6","YFSUTJLHUFNCNZ-UHFFFAOYSA-N","C8HF17O3S",499.937494632,"O=S(=O)(O)C(F)(F)C(F)(F)C(F)(F)C(F)(F)C(F)(F)C(F)(F)C(F)(F)C(F)(F)F"
"DTXSID3031864","CAS_RN: 1763-23-1","YFSUTJLHUFNCNZ-UHFFFAOYSA-N","C8HF17O3S",499.937494632,"O=S(=O)(O)C(F)(F)C(F)(F)C(F)(F)C(F)(F)C(F)(F)C(F)(F)C(F)(F)C(F)(F)F"
"DTXSID00895170","CAS_RN: 1190430-19-3","YGGBKWYCPRYWRI-UHFFFAOYSA-N","C10H13F9",304.087354396,"CCCCCCC(F)(F)C(F)(F)C(F)(F)C(F)(F)F"
"DTXSID50276475","CAS_RN: 18323-98-3","GCTMXWUUEYFTEL-UHFFFAOYSA-N","C10H11F7O2",296.064727132,"CC(C)(C)C(O)=CC(=O)C(F)(F)C(F)(F)C(F)(F)F"
"DTXSID90218051","CAS_RN: 57677-97-1","AFWOYEYXUDHGHF-UHFFFAOYSA-N","C20H9F34O4P",989.969554878,"O=P(O)(OCCC(F)(F)C(F)(F)C(F)(F)C(F)(F)C(F)(F)C(F)(F)C(F)(F)C(F)(F)F)OCCC(F)(F)C(F)(F)C(F)(F)C(F)(F)C(F)(F)C(F)(F)C(F)(F)C(F)(F)F"
"",NA,"YGKAWLSSJSOXNM-UHFFFAOYSA-N","C9H6F13NO4S",470.980995532,"CN(CC(=O)O)S(=O)(=O)C(F)(F)C(F)(F)C(F)(F)C(F)(F)C(F)(F)C(F)(F)F"
"DTXSID80896423","CAS_RN: 1355554-44-7","YGNLFPZAYHGIFN-UHFFFAOYSA-N","C13H11F7O4S",396.026627372,"CCS(=O)(=O)c1c(C(F)(C(F)(F)F)C(F)(F)F)ccc(C(=O)O)c1C"
"DTXSID70895425","CAS_RN: 1257261-92-9","YGVQFTMOXQBGJL-UHFFFAOYSA-N","C24H28F21I",842.090041516,"CCCCCCCCCCCCC(I)CC(F)(F)C(F)(F)C(F)(F)C(F)(F)C(F)(F)C(F)(F)C(F)(F)C(F)(F)C(F)(F)C(F)(F)F"
"DTXSID10379870","CAS_RN: 129257-23-4","YGVRSXJNRYYOAC-UHFFFAOYSA-N","C10H5F13N2",400.02451502,"Cc1cc(C(F)(F)C(F)(F)C(F)(F)C(F)(F)C(F)(F)C(F)(F)F)n[nH]1"
"DTXSID20896184","CAS_RN: 121806-70-0","YGYLNZMGQILRCE-UHFFFAOYSA-N","C10H3Cl3F7NO",390.916844296,"O=C(Nc1cc(Cl)c(Cl)cc1Cl)C(F)(F)C(F)(F)C(F)(F)F"
"",NA,"YHAONWZLTZOMKB-UHFFFAOYSA-N","C52H81F25O20",1500.492200492,"OCCOCCOCCOCCOCCOCCOCCOCCOCCOCCOCCOCCOCCOCCOCCOCCOCCOCCOCCOCCC(F)(F)C(F)(F)C(F)(F)C(F)(F)C(F)(F)C(F)(F)C(F)(F)C(F)(F)C(F)(F)C(F)(F)C(F)(F)C(F)(F)F"
"DTXSID00895216","CAS_RN: 29971-79-7","YHENNDIJPANXOC-UHFFFAOYSA-N","C7F16",387.97445152,"FC(F)(F)C(F)(F)C(F)(F)C(C(F)(F)F)(C(F)(F)F)C(F)(F)F"
"",NA,"YHGGSPPLYDWUQB-UHFFFAOYSA-N","C10HF21O5S",631.920936752,"O=S(=O)(O)C(F)(F)C(F)(F)C(F)(F)C(F)(F)C(F)(F)C(F)(F)OC(F)(F)C(F)(F)OC(F)(F)C(F)(F)F"
"DTXSID80598677","CAS_RN: 123068-23-5","YHGQGMLMMONWKC-UHFFFAOYSA-N","C10H5F9O",312.01966876,"Oc1ccc(C(F)(F)C(F)(F)C(F)(F)C(F)(F)F)cc1"
"DTXSID30880236","CAS_RN: 25628-08-4","YHJYQOPSLSJYOP-UHFFFAOYSA-N","C12H19F9NO3S",428.094193448,"CC[N+](CC)(CC)C(C)OS(=O)(=O)C(F)(F)C(F)(F)C(F)(F)C(F)(F)F"
"","CAS_RN: 68299-21-8","YHKMNNCWYKKKLZ-UHFFFAOYSA-N","C13H8F13NO5S2",568.963631216,"O=S(=O)(O)c1ccccc1CNS(=O)(=O)C(F)(F)C(F)(F)C(F)(F)C(F)(F)C(F)(F)C(F)(F)F"
"DTXSID40382115","CAS_RN: 127589-63-3","YHMRYDXPCZSESQ-UHFFFAOYSA-N","C4H3ClF4O2",193.975769896,"COC(=O)C(F)(F)C(F)(F)Cl"
"DTXSID00377825","CAS_RN: 308-28-1","YHNMNWOUFKIZLY-UHFFFAOYSA-N","C10F18O3",509.95600182,"O=C(OC(=O)C(F)(F)C(F)(F)C(F)(F)C(F)(F)F)C(F)(F)C(F)(F)C(F)(F)C(F)(F)F"
"DTXSID60599647","CAS_RN: 152076-35-2","YHNUMBKYLJWTIO-UHFFFAOYSA-N","C7H9F7",226.059247828,"CCCCC(F)(F)C(F)(F)C(F)(F)F"
"DTXSID30897046","CAS_RN: 882186-02-9","YHQLCCOIFRKRJC-UHFFFAOYSA-N","C20H14F17IO4",767.966536668,"CC(=O)OI(OC(C)=O)c1ccc(CCC(F)(F)C(F)(F)C(F)(F)C(F)(F)C(F)(F)C(F)(F)C(F)(F)C(F)(F)F)cc1"
"DTXSID90895200","CAS_RN: 204316-01-8","YHSOLWOJHMOEFX-UHFFFAOYSA-N","C7H9F9Si",292.032980798,"C[Si](C)(C)C(F)(F)C(F)(F)C(F)(F)C(F)(F)F"
"DTXSID20893299","CAS_RN: 87988-69-0","YINRKAIEOIJBGL-UHFFFAOYSA-N","C13H10F17NO4S",599.00590854,"CCN(CC(=O)OC)S(=O)(=O)C(F)(F)C(F)(F)C(F)(F)C(F)(F)C(F)(F)C(F)(F)C(F)(F)C(F)(F)F"
"DTXSID00895296","CAS_RN: 200817-54-5","YIQQEZHSYXXRHO-UHFFFAOYSA-N","C17H15F21",618.0838431,"CCCCCCCC(F)(F)C(F)(F)C(F)(F)C(F)(F)C(F)(F)C(F)(F)C(F)(F)C(F)(F)C(F)(F)C(F)(F)F"
"DTXSID30235262","CAS_RN: 85938-56-3","YIQVOMZDSOSAQY-UHFFFAOYSA-N","C11H9F15N2O",470.047536208,"NCCCNC(=O)C(F)(F)C(F)(F)C(F)(F)C(F)(F)C(F)(F)C(F)(F)C(F)(F)F"
"",NA,"YIXDWVZQHRVKRT-UHFFFAOYSA-O","C14H20F11N2O4S",521.09681354,"C[N+](C)(C)CCCN(CCC(=O)O)S(=O)(=O)C(F)(F)C(F)(F)C(F)(F)C(F)(F)C(F)(F)F"
"",NA,"YJCULLIVLPEEKZ-UHFFFAOYSA-N","C13H5F21O3",607.99033664,"O=C(O)COCC(F)(F)C(F)(F)C(F)(F)C(F)(F)C(F)(F)C(F)(F)C(F)(F)C(F)(F)C(F)(F)C(F)(F)F"
"DTXSID10187139","CAS_RN: 335-10-4","YJDMCDWHXOSSHI-UHFFFAOYSA-N","C4HF7O2",213.986476812,"O=C(O)C(F)(C(F)(F)F)C(F)(F)F"
"DTXSID4059831","CAS_RN: 335-97-7","YJJPIVVOMTXOQC-UHFFFAOYSA-N","C8H6F11NO2S",388.994359852,"C=CCNS(=O)(=O)C(F)(F)C(F)(F)C(F)(F)C(F)(F)C(F)(F)F"
"DTXSID70177132","CAS_RN: 2261-99-6","YJKHMSPWWGBKTN-UHFFFAOYSA-N","C11H8F12O2",400.033268136,"C=C(C)C(=O)OCC(F)(F)C(F)(F)C(F)(F)C(F)(F)C(F)(F)C(F)F"
"","CAS_RN: 74499-44-8","YJKRMSUXBRRLCZ-UHFFFAOYSA-N","C18H6F34NO4P",976.949153782,"O=P(NCCO)(OC(F)(F)C(F)(F)C(F)(F)C(F)(F)C(F)(F)C(F)(F)C(F)(F)C(F)(F)F)OC(F)(F)C(F)(F)C(F)(F)C(F)(F)C(F)(F)C(F)(F)C(F)(F)C(F)(F)F"
"DTXSID90896055","CAS_RN: 1036029-24-9","YJOBDVVNYPAREN-UHFFFAOYSA-N","C20H24F17N2O2P",678.130394378,"CC(C)N(C(C)C)P(OCCC#N)OCCCC(F)(F)C(F)(F)C(F)(F)C(F)(F)C(F)(F)C(F)(F)C(F)(F)C(F)(F)F"
"DTXSID90895285","CAS_RN: 84808-65-1","YJSIBKOUPOTQEG-UHFFFAOYSA-N","C8H2F14",363.993295144,"FC(F)(F)C(F)(F)C=CC(F)(F)C(F)(F)C(F)(F)C(F)(F)F"
"DTXSID50896319","CAS_RN: 51114-14-8","YJSZKBRBJZKRTE-UHFFFAOYSA-N","C13H7F7",296.043597764,"FC(F)(F)C(F)(c1ccc2ccccc2c1)C(F)(F)F"
"DTXSID40896262","CAS_RN: 75988-12-4","YJYBQFZUOVGCIU-UHFFFAOYSA-N","C17H16F9NO4S",501.065632972,"CCOC(=O)C(=Cc1ccc(N(C)C)cc1)S(=O)(=O)C(F)(F)C(F)(F)C(F)(F)C(F)(F)F"
"DTXSID701009317",NA,"YJYTVHLGCKPLQL-UHFFFAOYSA-O","C13H20F9N2O4S",471.1000071,"C[N+](C)(CCCNS(=O)(=O)CCC(F)(F)C(F)(F)C(F)(F)C(F)(F)F)CC(=O)O"
"DTXSID00526457","CAS_RN: 15435-88-8","YJYYFHCNTDFUQW-UHFFFAOYSA-N","C8H2F15NO2",428.984601604,"O=C(NO)C(F)(F)C(F)(F)C(F)(F)C(F)(F)C(F)(F)C(F)(F)C(F)(F)F"
"",NA,"YKEIGVKWOMTKSG-UHFFFAOYSA-N","C34H45F25O11",1104.25626776,"OCCOCCOCCOCCOCCOCCOCCOCCOCCOCCOCCC(F)(F)C(F)(F)C(F)(F)C(F)(F)C(F)(F)C(F)(F)C(F)(F)C(F)(F)C(F)(F)C(F)(F)C(F)(F)C(F)(F)F"
"","CAS_RN: 93776-16-0","LGBYZJHQZDMBKT-UHFFFAOYSA-N","C20H19F25NO3",796.096573968,"C[N+](CCO)(CCO)CC(O)CC(F)(F)C(F)(F)C(F)(F)C(F)(F)C(F)(F)C(F)(F)C(F)(F)C(F)(F)C(F)(F)C(F)(F)C(F)(F)C(F)(F)F"
"",NA,"YKFPTZQQQWHKIG-OWOJBTEDSA-N","C8HF13O3",391.971810752,"O=C(O)C(F)(F)OC(F)(F)C(F)(F)C(F)(F)/C(F)=C(\F)C(F)(F)F"
"DTXSID90504108","CAS_RN: 75824-01-0","YKIGIKLABXBCDX-UHFFFAOYSA-N","C9H5F11O2",354.01138982,"CC(=O)CC(=O)C(F)(F)C(F)(F)C(F)(F)C(F)(F)C(F)(F)F"
"DTXSID90896419","CAS_RN: 1355554-27-6","YKMRUYHMRZBFEE-UHFFFAOYSA-N","C14H13F7O3S",394.047362816,"Cc1c(C(=O)O)ccc(C(F)(C(F)(F)F)C(F)(F)F)c1S(=O)C(C)C"
"DTXSID20895359","CAS_RN: 125635-86-1","YKNQZBAXZDMIMH-UHFFFAOYSA-N","C21H23F21",674.146443356,"CCCCCCCCCCCC(F)(F)C(F)(F)C(F)(F)C(F)(F)C(F)(F)C(F)(F)C(F)(F)C(F)(F)C(F)(F)C(F)(F)F"
"",NA,"YKNXTHVJGQBLAC-UHFFFAOYSA-O","C11H20F7N2O5S2",457.07018628,"C[N+](C)(CCCNS(=O)(=O)C(F)(F)C(F)(F)C(F)(F)F)CCCS(=O)(=O)O"
"DTXSID10699808","CAS_RN: 1427-89-0","YKPDENKQKRPNPA-UHFFFAOYSA-N","C14H6F14O",456.019509892,"O=C(c1ccccc1)C(F)(F)C(F)(F)C(F)(F)C(F)(F)C(F)(F)C(F)(F)C(F)F"
"DTXSID30896236","CAS_RN: 1428569-19-0","YKRCJHNYACIIBC-UHFFFAOYSA-N","C11H11F7N2O2",336.070875132,"CCOC(=O)Cc1cc(C(F)(F)C(F)(F)C(F)(F)F)n(C)n1"
"",NA,"YKRJQSGAXINGGE-UHFFFAOYSA-O","C16H14F20NO2",632.070518088,"C[N+](C)(CCC(F)C(F)(F)C(F)(F)C(F)(F)C(F)(F)C(F)(F)C(F)(F)C(F)(F)C(F)(F)C(F)(F)F)CC(=O)O"
"",NA,"YKUMGPJJYWLQDX-UHFFFAOYSA-N","C11H18F9N2O2S",413.094527796,"CN(CCC[N+](C)(C)C)S(=O)(=O)C(F)(F)C(F)(F)C(F)(F)C(F)(F)F"
"DTXSID4059968","CAS_RN: 422-61-7","YLCLKCNTDGWDMD-UHFFFAOYSA-N","C3F6O",165.98533394,"O=C(F)C(F)(F)C(F)(F)F"
"","CAS_RN: 80284-51-1","YLJIJZLVEIFJJS-UHFFFAOYSA-N","C16H14F7N3O4",445.087253468,"CC(C)(C)C(=O)C(=NNc1ccc([N+](=O)[O-])cc1)C(=O)C(F)(F)C(F)(F)C(F)(F)F"
"DTXSID30896534","CAS_RN: 51445-02-4","YLJKMIXDTZLFEB-UHFFFAOYSA-N","C12H2F23NO4",660.961656604,"NC(=O)C(F)(OC(F)(F)C(F)(OC(F)(F)C(F)(OC(F)(F)C(F)(F)C(F)(F)F)C(F)(F)F)C(F)(F)F)C(F)(F)F"
"DTXSID90896414","CAS_RN: 1355554-84-5","YLKVZAFTIYTNFW-UHFFFAOYSA-N","C13H11F7O3S",380.031712752,"CCc1c(C(=O)O)ccc(C(F)(C(F)(F)F)C(F)(F)F)c1S(C)=O"
"DTXSID00895413","CAS_RN: 647-91-6","YLOUSLWKRLJSPV-UHFFFAOYSA-N","C8H4F14O",382.003859828,"FC(F)(F)C(F)(F)C(F)(F)COCC(F)(F)C(F)(F)C(F)(F)F"
"DTXSID70896417","CAS_RN: 1355554-41-4","YLRHMZZOLAUGTI-UHFFFAOYSA-N","C12H9F7O4S",382.010977308,"Cc1c(C(=O)O)ccc(C(F)(C(F)(F)F)C(F)(F)F)c1S(C)(=O)=O"
"DTXSID70897489","CAS_RN: 243139-60-8","YLTWQTPPDBTMJI-UHFFFAOYSA-N","C6H5F7O2",242.01777694,"FC(F)(F)OC(F)(CC1CO1)C(F)(F)F"
"DTXSID50474570","CAS_RN: 30423-63-3","YLXMZWSVIPOWNY-UHFFFAOYSA-N","C5H5F7",198.0279477,"CCC(F)(F)C(F)(F)C(F)(F)F"
"DTXSID401007893","CAS_RN: 87988-61-2","YMACLHHWYOVAOI-UHFFFAOYSA-N","C12H10F17NO2S",555.0160793,"CCN(CC)S(=O)(=O)C(F)(F)C(F)(F)C(F)(F)C(F)(F)C(F)(F)C(F)(F)C(F)(F)C(F)(F)F"
"DTXSID00591185","CAS_RN: 258341-99-0","LSSYNNOILRNWCJ-UHFFFAOYSA-N","C21H21S",305.136396672,"Cc1cc(C)c([S+](c2ccccc2)c2ccccc2)c(C)c1"
"",NA,"YMPFZDCUDSKEGU-UHFFFAOYSA-O","C21H22F21N2O3",749.129510184,"CC(C)OC(=O)C[N+](C)(C)CCCNC(=O)C(F)(F)C(F)(F)C(F)(F)C(F)(F)C(F)(F)C(F)(F)C(F)(F)C(F)(F)C(F)(F)C(F)(F)F"
"DTXSID90881340","CAS_RN: 133080-89-4","YMQHIOLQSRSEFT-UHFFFAOYSA-N","C8F18O",453.96617258,"FC(F)(F)C(F)(F)OC(F)(F)C(F)(F)C(F)(F)C(F)(F)C(F)(F)C(F)(F)F"
"",NA,"YMWSFPVNOMOHTB-UHFFFAOYSA-O","C14H18F13N2O4S",557.077969916,"C[N+](C)(CCCNS(=O)(=O)C(F)(F)C(F)(F)C(F)(F)C(F)(F)C(F)(F)C(F)(F)F)CCC(=O)O"
"DTXSID50881341","CAS_RN: 133881-46-6","YNBWNZPDOMGTFG-UHFFFAOYSA-N","C8F18O",453.96617258,"FC(F)(F)OC(F)(F)C(F)(F)C(F)(F)C(F)(F)C(F)(F)C(F)(F)C(F)(F)F"
"DTXSID20829831","CAS_RN: 88191-88-2","YNFDBEHTSFFTEH-UHFFFAOYSA-N","C7H3F7N2OS",295.985431256,"O=c1cc(C(F)(F)C(F)(F)C(F)(F)F)[nH]c(=S)[nH]1"
"",NA,"YNOFXSHQSDRKHC-UHFFFAOYSA-N","C20H13F29N2O",848.056481416,"CN(C)CCCNC(=O)C(F)(F)C(F)(F)C(F)(F)C(F)(F)C(F)(F)C(F)(F)C(F)(F)C(F)(F)C(F)(F)C(F)(F)C(F)(F)C(F)(F)C(F)(F)C(F)(F)F"
"DTXSID90205961","CAS_RN: 5736-49-2","YNRCTGFUNFLXMR-UHFFFAOYSA-N","C13HBrF10",425.910194332,"Fc1c(F)c(F)c(C(Br)c2c(F)c(F)c(F)c(F)c2F)c(F)c1F"
"","CAS_RN: 3825-26-1","YOALFLHFSFEMLP-UHFFFAOYSA-N","C8H2F15N1O2",428.9846013,NA
"DTXSID20895697","CAS_RN: 1444474-83-2","YOBKMDFEVAZUIO-UHFFFAOYSA-N","C12H13F9O3",376.072098256,"CCOC(=O)CC(=O)CCCC(F)(F)C(F)(F)C(F)(F)C(F)(F)F"
"DTXSID10597158",NA,"YOCXVTUVGZFVTK-UHFFFAOYSA-N","C4H2F6O2",195.995898624,"O=C(O)C(F)C(F)(F)C(F)(F)F"
"DTXSID20895536","CAS_RN: 82486-22-4","YODYACHGCKMUMD-UHFFFAOYSA-N","C12H7F17O",490.022544584,"CC(=O)CCC(F)(F)C(F)(F)C(F)(F)C(F)(F)C(F)(F)C(F)(F)C(F)(F)C(F)(F)F"
"DTXSID50206378","CAS_RN: 57678-00-9","BRIQAVTVXOWEGR-UHFFFAOYSA-N","C28H9F50O4P",1389.944006398,"O=P(O)(OCCC(F)(F)C(F)(F)C(F)(F)C(F)(F)C(F)(F)C(F)(F)C(F)(F)C(F)(F)C(F)(F)C(F)(F)C(F)(F)C(F)(F)F)OCCC(F)(F)C(F)(F)C(F)(F)C(F)(F)C(F)(F)C(F)(F)C(F)(F)C(F)(F)C(F)(F)C(F)(F)C(F)(F)C(F)(F)F"
"DTXSID20380674","CAS_RN: 88562-41-8","YOIHZDOLVJDWDY-UHFFFAOYSA-N","C5H3F7",196.012297636,"C=CC(F)(C(F)(F)F)C(F)(F)F"
"DTXSID10859667","CAS_RN: 68310-75-8","FGTDPZOJJFPWCB-UHFFFAOYSA-N","C14H16F17N2O2S",599.066103492,"C[N+](C)(C)CCCNS(=O)(=O)C(F)(F)C(F)(F)C(F)(F)C(F)(F)C(F)(F)C(F)(F)C(F)(F)C(F)(F)F"
"DTXSID10896274","CAS_RN: 376380-76-6","YOOBVPCHJTZLKY-UHFFFAOYSA-N","C16H11F7O6",432.044385612,"COc1c2c(c(OC)c3occc13)OC(O)(C(F)(F)C(F)(F)C(F)(F)F)CC2=O"
"DTXSID80897490","CAS_RN: 1184850-50-7","YOOCRETZGVJDBF-UHFFFAOYSA-N","C9H6BF7O2",290.034907372,"OB(O)c1ccc(C(F)(C(F)(F)F)C(F)(F)F)cc1"
"DTXSID60896547","CAS_RN: 178167-72-1","YOWKRWQKPXEGCO-UHFFFAOYSA-N","C13H10F17NO3",551.03892292,"CCCCNC(=O)C(F)(OC(F)(F)C(F)(OC(F)(F)C(F)(F)C(F)(F)F)C(F)(F)F)C(F)(F)F"
"DTXSID50184728","CAS_RN: 307-78-8","YPCSMEGZIYWAAZ-UHFFFAOYSA-N","C10H2F16O4",489.969760064,"O=C(O)C(F)(F)C(F)(F)C(F)(F)C(F)(F)C(F)(F)C(F)(F)C(F)(F)C(F)(F)C(=O)O"
"DTXSID20896129","CAS_RN: 57338-65-5","YPGCCGOAPJDVQF-UHFFFAOYSA-N","C10H6F13N5O",459.036476672,"Nc1nc(N)nc(OCC(F)(F)C(F)(F)C(F)(F)C(F)(F)C(F)(F)C(F)(F)F)n1"
"DTXSID4059916","CAS_RN: 375-22-4","YPJUNDFVDDCYIH-UHFFFAOYSA-N","C4HF7O2",213.986476812,"O=C(O)C(F)(F)C(F)(F)C(F)(F)F"
"DTXSID30454097","CAS_RN: 350608-55-8","YPQKUXRTMVAZPK-UHFFFAOYSA-N","C12H14F13O3P",484.047297798,"CCOP(=O)(CCC(F)(F)C(F)(F)C(F)(F)C(F)(F)C(F)(F)C(F)(F)F)OCC"
"DTXSID90895366","CAS_RN: 1193009-96-9","YPQSKOKWTZYTCR-UHFFFAOYSA-N","C11H15F9O",334.09791908,"CCCCCOCCC(F)(F)C(F)(F)C(F)(F)C(F)(F)F"
"DTXSID20897494","CAS_RN: 1402929-36-5","YQAPCAVWNDLIRB-UHFFFAOYSA-N","C12H5BF14O2",458.01590488,"OB(O)c1cc(C(F)(C(F)(F)F)C(F)(F)F)cc(C(F)(C(F)(F)F)C(F)(F)F)c1"
"DTXSID70896957","CAS_RN: 1424379-21-4","YQFCZNFNVSOIRK-UHFFFAOYSA-N","C8F17I",545.87732774,"FC(F)(F)C(F)(F)C(F)(F)C(F)(F)C(F)(F)C(F)(F)C#CI(F)(F)(F)F"
"DTXSID80896600","CAS_RN: 1144512-36-6","YQPBELLZGQBWJP-UHFFFAOYSA-N","C8HF15O2",413.973702572,"O=C(O)C(F)(F)C(F)(F)C(F)(C(F)(F)F)C(F)(C(F)(F)F)C(F)(F)F"
"","CAS_RN: 72494-14-5","YQTBVQGDWOBHRU-VWLOTQADSA-N","C33H42F8N2O4",682.301683584,"CCCC[C@H](Oc1ccc(C(C)(C)CC)cc1C(C)(C)CC)C(=O)Nc1ccc(NC(=O)C(F)(F)C(F)(F)C(F)(F)C(F)F)c(O)c1"
"DTXSID70895384","CAS_RN: 93454-72-9","YRBYBKZFEDWCDZ-UHFFFAOYSA-N","C22H21F25",760.124406172,"CCCCCCCCCCC(F)(F)C(F)(F)C(F)(F)C(F)(F)C(F)(F)C(F)(F)C(F)(F)C(F)(F)C(F)(F)C(F)(F)C(F)(F)C(F)(F)F"
"DTXSID80889254","CAS_RN: 957209-18-6","YRGYOFYTTFLPQM-UHFFFAOYSA-N","C11H3F19O2",527.982965516,"COC1(C(F)(C(F)(F)F)C(F)(F)F)OC(F)(C(F)(C(F)(F)F)C(F)(F)F)C(F)(F)C1(F)F"
"","CAS_RN: 52584-45-9","WOHXQLVTVQETQY-UHFFFAOYSA-N","C16H5F19O4S",653.96051582,"O=S(=O)(O)c1ccc(OC(=C(C(F)(F)F)C(C(F)(F)F)(C(F)(F)C(F)(F)F)C(F)(F)C(F)(F)F)C(F)(F)F)cc1"
"DTXSID60895313","CAS_RN: 1207481-10-4","YRKDAFCAUCOZTJ-UHFFFAOYSA-N","C10H15F7O2",300.09602726,"OCCCCCCOCC(F)(F)C(F)(F)C(F)(F)F"
"DTXSID3066215","CAS_RN: 143457-82-3","SQNZLBOJCWQLGQ-UHFFFAOYSA-N","C10H11F7O2",296.064727132,"CC(C)(C)C(=O)CC(=O)C(F)(F)C(F)(F)C(F)(F)F"
"","CAS_RN: 85665-66-3","UTEIOZHLEBASND-UHFFFAOYSA-N","C11H10F13NO4S",499.01229566,"CCCN(CC(=O)O)S(=O)(=O)C(F)(F)C(F)(F)C(F)(F)C(F)(F)C(F)(F)C(F)(F)F"
"DTXSID60896264","CAS_RN: 919489-99-9","YROHNOYMVCOFGS-UHFFFAOYSA-N","C15F20N2O",603.96912702,"Fc1c(F)c(F)c(-c2nc(C(F)(F)C(F)(F)C(F)(F)C(F)(F)C(F)(F)C(F)(F)C(F)(F)F)no2)c(F)c1F"
"DTXSID20895213","CAS_RN: 181997-60-4","YRVYJBQNWNWCQB-UHFFFAOYSA-N","C10H8BrF13",453.960179216,"FC(F)(F)C(F)(F)C(F)(F)C(F)(F)C(F)(F)C(F)(F)CCCCBr"
"DTXSID30896130","CAS_RN: 69492-70-2","YSCIJIDFVAKDBE-UHFFFAOYSA-N","C17H9F7N2",374.065395828,"FC(F)(F)C(F)(F)C(F)(F)c1nc2ccccc2nc1-c1ccccc1"
"DTXSID40897310","CAS_RN: 93683-27-3","YSEKHPGNLMTZDB-UHFFFAOYSA-N","C9F19",468.96966118,"FC(F)(F)C(F)(F)[C](C(F)(C(F)(F)F)C(F)(F)F)C(F)(C(F)(F)F)C(F)(F)F"
"DTXSID4059916","CAS_RN: 2218-54-4","YPJUNDFVDDCYIH-UHFFFAOYSA-N","C4HF7O2",213.986476812,"O=C(O)C(F)(F)C(F)(F)C(F)(F)F"
"DTXSID2044630","CAS_RN: 2641-34-1","YSIGVPOSKQLNTO-UHFFFAOYSA-N","C9F18O3",497.95600182,"O=C(F)C(F)(OC(F)(F)C(F)(OC(F)(F)C(F)(F)C(F)(F)F)C(F)(F)F)C(F)(F)F"
"DTXSID70348022","CAS_RN: 24716-84-5","YSIHFHRTEHLZRU-UHFFFAOYSA-N","C5H2F7I",321.908945604,"FC(F)(F)C(F)(C=CI)C(F)(F)F"
"DTXSID70348022","CAS_RN: 24716-85-6","YSIHFHRTEHLZRU-UHFFFAOYSA-N","C5H2F7I",321.908945604,"FC(F)(F)C(F)(C=CI)C(F)(F)F"
"DTXSID70895980","CAS_RN: 131545-70-5","YSINYTWRJZQLMC-UHFFFAOYSA-N","C17H15F13O2",498.08644658,"Oc1cccc(CCCCCC(F)(F)C(F)(F)C(F)(F)C(F)(F)C(F)(F)C(F)(F)F)c1O"
"DTXSID00895276","CAS_RN: 1244062-17-6","YSLCLCFQFQCLPG-UHFFFAOYSA-N","C14H9F21",576.036892908,"CCCCC(F)(F)C(F)(F)C(F)(F)C(F)(F)C(F)(F)C(F)(F)C(F)(F)C(F)(F)C(F)(F)C(F)(F)F"
"DTXSID00880187","CAS_RN: 2923-68-4","YSPJDMQUTGFRFK-UHFFFAOYSA-N","C8HCl4F11O2",477.855500412,"O=C(O)C(F)(F)C(F)(Cl)C(F)(F)C(F)(Cl)C(F)(F)C(F)(Cl)C(F)(F)Cl"
"DTXSID5059799","CAS_RN: 307-98-2","YSQGYEYXKXGAQA-UHFFFAOYSA-N","C11H5F15O2",454.0050027,"C=CC(=O)OCC(F)(F)C(F)(F)C(F)(F)C(F)(F)C(F)(F)C(F)(F)C(F)(F)F"
"DTXSID7065968","CAS_RN: 68015-84-9","QTDMKZFMFHHSLJ-UHFFFAOYSA-N","C7HF13O2",363.976896132,"O=C(O)C(F)(F)C(F)(F)C(F)(F)C(F)(C(F)(F)F)C(F)(F)F"
"DTXSID00896288","CAS_RN: 92589-42-9","YTOFLHPVWVZTSR-UHFFFAOYSA-N","C37H47ClF10N2O6",840.296297104,"CCCCCCCCCCCCCCCOc1cccc(OC(CC)C(=O)Nc2cc(O)c(NC(=O)C(F)(F)C(F)(F)C(F)(F)F)cc2OC(F)(F)C(F)Cl)c1"
"DTXSID60896123","CAS_RN: 304877-96-1","YTRLZMSTOMYNQS-UHFFFAOYSA-N","C13H5F9O2",364.01458338,"O=c1cc(C(F)(F)C(F)(F)C(F)(F)C(F)(F)F)oc2ccccc12"
"DTXSID70895506","CAS_RN: 959462-50-1","YTTJEDNFUNDSGW-UHFFFAOYSA-N","C18H10F26I2",973.84568004,"FC(F)(F)C(F)(F)C(F)(F)C(F)(F)C(F)(F)C(F)(F)CC(I)CCC(I)CC(F)(F)C(F)(F)C(F)(F)C(F)(F)C(F)(F)C(F)(F)F"
"DTXSID60896441","CAS_RN: 1355554-57-2","YTTVATTUNZLFSZ-UHFFFAOYSA-N","C15H15F7O4S",424.0579275,"CCC(C)S(=O)(=O)c1c(C(F)(C(F)(F)F)C(F)(F)F)ccc(C(=O)O)c1C"
"DTXSID8059928","CAS_RN: 377-38-8","YUDUFRYTKFGQCL-UHFFFAOYSA-N","C4H2F4O4",189.988921424,"O=C(O)C(F)(F)C(F)(F)C(=O)O"
"DTXSID00379561","CAS_RN: 16753-33-6","YUFOZPVITJRTPY-UHFFFAOYSA-N","C19H3F35O2",927.957417036,"COC(=O)C(F)(F)C(F)(F)C(F)(F)C(F)(F)C(F)(F)C(F)(F)C(F)(F)C(F)(F)C(F)(F)C(F)(F)C(F)(F)C(F)(F)C(F)(F)C(F)(F)C(F)(F)C(F)(F)C(F)(F)F"
"DTXSID30896150","CAS_RN: 121806-66-4","YUHXASFWTDOVGE-UHFFFAOYSA-N","C10H4Cl2F7NO",356.955816648,"O=C(Nc1ccc(Cl)cc1Cl)C(F)(F)C(F)(F)C(F)(F)F"
"DTXSID60895474","CAS_RN: 133299-41-9","YUKPQRHDYICGSY-UHFFFAOYSA-N","C20H8F34",894.008309736,"FC(F)(F)C(F)(F)C(F)(F)C(F)(F)C(F)(F)C(F)(F)C(F)(F)C(F)(F)CCCCC(F)(F)C(F)(F)C(F)(F)C(F)(F)C(F)(F)C(F)(F)C(F)(F)C(F)(F)F"
"DTXSID70880250","CAS_RN: 30320-27-5","YUWXSBNSEVVXFG-UHFFFAOYSA-N","C9F18",449.97125796,"FC(=C(C(F)(C(F)(F)F)C(F)(F)F)C(F)(C(F)(F)F)C(F)(F)F)C(F)(F)F"
"DTXSID0059794","CAS_RN: 307-34-6","YVBBRRALBYAZBM-UHFFFAOYSA-N","C8F18",437.97125796,"FC(F)(F)C(F)(F)C(F)(F)C(F)(F)C(F)(F)C(F)(F)C(F)(F)C(F)(F)F"
"","CAS_RN: 213181-78-3","YVCGTNUSJFOHIW-UHFFFAOYSA-N","C10H6F17NO2S",526.984779172,"CN(C)S(=O)(=O)C(F)(F)C(F)(F)C(F)(F)C(F)(F)C(F)(F)C(F)(F)C(F)(F)C(F)(F)F"
"DTXSID70896316","CAS_RN: 75462-58-7","YVFMXVCWQRNPID-UHFFFAOYSA-N","C10H6ClF7",294.004625412,"FC(F)(F)C(F)(c1ccc(CCl)cc1)C(F)(F)F"
"DTXSID80881112","CAS_RN: 93777-13-0","VAPDLYGIEFOUOV-UHFFFAOYSA-N","C32H9F58O4P",1589.931232158,"O=P(O)(OCCC(F)(F)C(F)(F)C(F)(F)C(F)(F)C(F)(F)C(F)(F)C(F)(F)C(F)(F)C(F)(F)C(F)(F)C(F)(F)C(F)(F)C(F)(F)C(F)(F)F)OCCC(F)(F)C(F)(F)C(F)(F)C(F)(F)C(F)(F)C(F)(F)C(F)(F)C(F)(F)C(F)(F)C(F)(F)C(F)(F)C(F)(F)C(F)(F)C(F)(F)F"
"DTXSID70384425","CAS_RN: 299937-37-4","YVJDNBITOVWWQY-UHFFFAOYSA-N","C5H2F7N3S",268.985765604,"Nc1nnc(C(F)(F)C(F)(F)C(F)(F)F)s1"
"DTXSID10880456","CAS_RN: 52956-82-8","YVLOLDWQUHHGGU-UHFFFAOYSA-N","C18H7F27O2",768.001491404,"C=CC(=O)OCCC(F)(F)C(F)(F)C(F)(F)C(F)(F)C(F)(F)C(F)(F)C(F)(F)C(F)(F)C(F)(F)C(F)(F)C(F)(C(F)(F)F)C(F)(F)F"
"DTXSID90544625","CAS_RN: 106693-00-9","YWOBOCYPEYNWHE-UHFFFAOYSA-N","C7H3F11O2",327.995739756,"COC(F)(F)C(=O)C(F)(F)C(F)(F)C(F)(F)C(F)(F)F"
"",NA,"YWOCCBKHEIFXBM-UHFFFAOYSA-N","C20H20F20O2",672.11439428,"O=C(O)C(F)(F)CC(F)(F)CC(F)(F)CC(F)(F)CC(F)(F)CC(F)(F)CC(F)(F)CC(F)(F)CC(F)(F)CC(F)F"
"DTXSID00895231","CAS_RN: 887111-61-7","YWSYXYXSEWRSMA-UHFFFAOYSA-N","C7H2F12",313.996488704,"FC(F)(F)C(F)(F)C=CC(F)(F)C(F)(F)C(F)(F)F"
"DTXSID50380763","CAS_RN: 230295-06-4","YWVKVBIQFSFMMV-UHFFFAOYSA-N","C17H9F15O2",530.036302828,"C=Cc1ccc(COC(=O)C(F)(F)C(F)(F)C(F)(F)C(F)(F)C(F)(F)C(F)(F)C(F)(F)F)cc1"
"",NA,"YXAFVGLROFTRER-UHFFFAOYSA-O","C21H20F25N2O4S",871.07445862,"C[N+](C)(CCCNS(=O)(=O)CCC(F)(F)C(F)(F)C(F)(F)C(F)(F)C(F)(F)C(F)(F)C(F)(F)C(F)(F)C(F)(F)C(F)(F)C(F)(F)C(F)(F)F)CC(=O)O"
"DTXSID60895212","CAS_RN: 272451-64-6","YXBZHGLURYLFOB-UHFFFAOYSA-N","C10H8F13I",501.946315116,"FC(F)(CCI)CC(F)(F)CC(F)(F)C(F)(F)C(F)(F)C(F)(F)F"
"DTXSID50520389","CAS_RN: 4943-06-0","YXCACLPYCBOASG-UHFFFAOYSA-N","C7F14O",365.9725597,"FC(F)(F)OC1(F)C(F)(F)C(F)(F)C(F)(F)C(F)(F)C1(F)F"
"","CAS_RN: 4089-61-6","DTFHLVSWHOFUFQ-UHFFFAOYSA-N","C8H3F14NO6S",506.945752896,"NS(=O)(=O)C(F)(F)C(F)(F)OC(F)(C(F)(F)F)C(F)(F)OC(F)(C(=O)O)C(F)(F)F"
"DTXSID80880165","CAS_RN: 1542-18-3","YXIILCMWJHESKN-UHFFFAOYSA-N","C4F9I",345.89010198,"FC(F)(F)C(F)(C(F)(F)F)C(F)(F)I"
"DTXSID20895930","CAS_RN: 84224-48-6","YXLCUSYNDAFUJJ-UHFFFAOYSA-N","C8H7F9O3S",353.997219064,"CC(C)=COS(=O)(=O)C(F)(F)C(F)(F)C(F)(F)C(F)(F)F"
"DTXSID10379254","CAS_RN: 1765-92-0","YXNWXQYDINSHJC-UHFFFAOYSA-N","C6H5F7O",226.02286232,"FC(F)(F)C(F)(F)C(F)(F)CC1CO1"
"DTXSID90896378","CAS_RN: 1771743-43-1","YXTGUYDNPREZFO-UHFFFAOYSA-N","C8H3ClF7NO",296.979138936,"O=c1[nH]cc(C(F)(C(F)(F)F)C(F)(F)F)cc1Cl"
"",NA,"YYBPOEUXKGUGDB-UHFFFAOYSA-N","C42H69F17O17",1168.426330488,"OCCOCCOCCOCCOCCOCCOCCOCCOCCOCCOCCOCCOCCOCCOCCOCCOCCC(F)(F)C(F)(F)C(F)(F)C(F)(F)C(F)(F)C(F)(F)C(F)(F)C(F)(F)F"
"DTXSID2060331","CAS_RN: 558-97-4","YYCFEDCTRHSPLB-UHFFFAOYSA-N","C9F19I",595.87413418,"FC(F)(F)C(F)(F)C(F)(F)C(F)(F)C(F)(F)C(F)(F)C(F)(F)C(F)(F)C(F)(F)I"
"",NA,"YYCPPFLRMDNGMC-UHFFFAOYSA-N","C11HF21O4S",627.926022132,"O=C(F)C(F)(F)C(F)(F)C(F)(F)C(F)(F)C(F)(F)C(F)(F)C(F)(F)C(F)(F)C(F)(F)C(F)(F)S(=O)(=O)O"
"DTXSID60467913","CAS_RN: 100645-99-6","YYCWIWYZXFOZFO-UHFFFAOYSA-N","C7H3F13",334.002716956,"CC(C(F)(F)F)(C(F)(F)F)C(F)(F)C(F)(F)C(F)(F)F"
"DTXSID40897012","CAS_RN: 159355-62-1","YYGDMWPVPDWMPY-UHFFFAOYSA-N","C8H6F7NO",265.033761352,"OC(c1ccc[nH]1)C(F)(F)C(F)(F)C(F)(F)F"
"DTXSID20873011","CAS_RN: 85187-17-3","CFCRODHVHXGTPC-UHFFFAOYSA-N","C12HF25O3S",699.924720392,"O=S(=O)(O)C(F)(F)C(F)(F)C(F)(F)C(F)(F)C(F)(F)C(F)(F)C(F)(F)C(F)(F)C(F)(F)C(F)(F)C(F)(F)C(F)(F)F"
"DTXSID10893384","CAS_RN: 369371-42-6","YYUAHFLVASYSIG-UHFFFAOYSA-N","C5Cl2F10O2",351.9115668,"FC(F)(OC(F)(F)C(F)(F)F)OC(F)(Cl)C(F)(F)Cl"
"DTXSID0041696","CAS_RN: 335-42-2","YYXWJNBPHDUWJP-UHFFFAOYSA-N","C4F8O",215.98214038,"O=C(F)C(F)(F)C(F)(F)C(F)(F)F"
"DTXSID90471942","CAS_RN: 63967-41-9","YYYONDXERNIFKX-UHFFFAOYSA-N","C7HF13O",347.981981512,"O=CC(F)(F)C(F)(F)C(F)(F)C(F)(F)C(F)(F)C(F)(F)F"
"DTXSID70896750","CAS_RN: 340036-47-7","YZDSELBNEDMUEC-UHFFFAOYSA-N","C13H9F17O4",552.022938508,"CC(C)COC(=O)C(F)(OC(F)(F)C(F)(OC(F)(F)C(F)(F)C(F)(F)F)C(F)(F)F)C(F)(F)F"
"DTXSID70885200","CAS_RN: 22304-57-0","YZGGYKGDCXXVHY-UHFFFAOYSA-N","C9F10O2",329.97386144,"O=C(F)C(F)(Oc1c(F)c(F)c(F)c(F)c1F)C(F)(F)F"
"DTXSID70895324","CAS_RN: 1180131-16-1","YZHBNWFCJSAYBH-QMMMGPOBSA-N","C12H17F9O",348.113569144,"CCCCCC[C@@H](CO)C(F)(F)C(F)(F)C(F)(F)C(F)(F)F"
"DTXSID10896259","CAS_RN: 113584-34-2","YZKLWOAXLICVPM-UHFFFAOYSA-N","C15H13F17N2O3S",624.037543016,"CCC(=O)N1CCN(S(=O)(=O)C(F)(F)C(F)(F)C(F)(F)C(F)(F)C(F)(F)C(F)(F)C(F)(F)C(F)(F)F)CC1"
"DTXSID5071331","CAS_RN: 68239-72-5","YZMJHIOSEWYVSR-UHFFFAOYSA-N","C10H12F11NO3S",435.036224664,"CN(CCCCO)S(=O)(=O)C(F)(F)C(F)(F)C(F)(F)C(F)(F)C(F)(F)F"
"DTXSID70881141","CAS_RN: 94158-69-7","ZAAFLQNFGSTNRW-UHFFFAOYSA-N","C11H8F17O5P",573.983789726,"O=P(O)(O)OCC(O)CC(F)(F)C(F)(F)C(F)(F)C(F)(F)C(F)(F)C(F)(F)C(F)(F)C(F)(F)F"
"",NA,"ZAGFGQKQIYHIHM-UHFFFAOYSA-N","C12H5F19O3",557.9935302,"O=C(O)COCC(F)(F)C(F)(F)C(F)(F)C(F)(F)C(F)(F)C(F)(F)C(F)(F)C(F)(F)C(F)(F)F"
"DTXSID6074914","CAS_RN: 425-38-7","ZAKJNULOUJTZMO-UHFFFAOYSA-N","C4F8O2",231.977055,"O=C(F)C(F)(F)C(F)(F)OC(F)(F)F"
"DTXSID00895236","CAS_RN: 1789721-11-4","ZANMBCLWKBTGQM-UHFFFAOYSA-N","C16H24F9I",514.077902748,"CCCCCCCCCCC(I)CC(F)(F)C(F)(F)C(F)(F)C(F)(F)F"
"DTXSID00895175","CAS_RN: 883543-64-4","ZATDVKHJLFLLDD-UHFFFAOYSA-N","C7H9F7O",242.054162448,"OCCCCC(F)(F)C(F)(F)C(F)(F)F"
"DTXSID60895297","CAS_RN: 1365808-20-3","ZAUXRLVUBYXUQJ-UHFFFAOYSA-N","C6H5F9O",264.01966876,"CC(F)(F)OCC(F)(F)C(F)(F)C(F)(F)F"
"DTXSID60896623","CAS_RN: 57475-95-3","ZAWWKRYRIHWWDN-UHFFFAOYSA-N","C17HF33O2",863.944960532,"O=C(O)C(F)(F)C(F)(F)C(F)(F)C(F)(F)C(F)(F)C(F)(F)C(F)(F)C(F)(F)C(F)(F)C(F)(F)C(F)(F)C(F)(F)C(F)(F)C(F)(F)C(F)(F)C(F)(F)F"
"DTXSID3059975","CAS_RN: 423-82-5","ZAZJGBCGMUKZEL-UHFFFAOYSA-N","C15H12F17NO4S",625.021558604,"C=CC(=O)OCCN(CC)S(=O)(=O)C(F)(F)C(F)(F)C(F)(F)C(F)(F)C(F)(F)C(F)(F)C(F)(F)C(F)(F)F"
"DTXSID5060984","CAS_RN: 677-93-0","ZBAGFGHCDOIBDJ-UHFFFAOYSA-N","C11F23I",695.86774706,"FC(F)(F)C(F)(C(F)(F)F)C(F)(F)C(F)(F)C(F)(F)C(F)(F)C(F)(F)C(F)(F)C(F)(F)C(F)(F)I"
"DTXSID90620170","CAS_RN: 356-08-1","ZBFYNWWMCBFWFV-UHFFFAOYSA-N","C8H5F14N",381.01984424,"FC(F)(F)C(F)(F)C(F)(F)CNCC(F)(F)C(F)(F)C(F)(F)F"
"DTXSID8067573","CAS_RN: 30769-88-1","ZBPHBMSKQBHWJR-UHFFFAOYSA-N","C17H9F23OS",698.000684968,"C=C(C)C(=O)SCCC(F)(F)C(F)(F)C(F)(F)C(F)(F)C(F)(F)C(F)(F)C(F)(F)C(F)(F)C(F)(C(F)(F)F)C(F)(F)F"
"","CAS_RN: 313475-50-2","LPLXWQSSQAKOTM-UHFFFAOYSA-N","C12H10F13N2",429.06364018,"C[n+]1ccn(CCC(F)(F)C(F)(F)C(F)(F)C(F)(F)C(F)(F)C(F)(F)F)c1"
"","CAS_RN: 3107-32-2","FCZBGYGUXDMITM-UHFFFAOYSA-N","C7H5F12O4P",411.97338391,"O=P(O)(O)OCC(F)(F)C(F)(F)C(F)(F)C(F)(F)C(F)(F)C(F)F"
"DTXSID30895168","CAS_RN: 188189-52-8","ZCCDIMCOMMCOLK-UHFFFAOYSA-N","C6H4F10",266.015332328,"FC(F)(F)CCC(F)(F)C(F)(F)C(F)(F)F"
"","CAS_RN: 61798-69-4","STSGGDGRBYWSDX-UHFFFAOYSA-O","C16H22F13N2O4S",585.109270044,"C[N+](C)(CCCNS(=O)(=O)CCC(F)(F)C(F)(F)C(F)(F)C(F)(F)C(F)(F)C(F)(F)F)CCC(=O)O"
"DTXSID60897251","CAS_RN: 97005-61-3","ZCIGXLUYTDHBRN-UHFFFAOYSA-N","C20H6F34N2O2",951.988636912,"O=C(NCCNC(=O)C(F)(F)C(F)(F)C(F)(F)C(F)(F)C(F)(F)C(F)(F)C(F)(F)C(F)(F)F)C(F)(F)C(F)(F)C(F)(F)C(F)(F)C(F)(F)C(F)(F)C(F)(F)C(F)(F)F"
"DTXSID2071368","CAS_RN: 68298-06-6","ZCIQIKYETQVARM-UHFFFAOYSA-N","C12H12F11NO4S",475.031139284,"C=CC(=O)OCCN(CC)S(=O)(=O)C(F)(F)C(F)(F)C(F)(F)C(F)(F)C(F)(F)F"
"DTXSID40881330","CAS_RN: 93830-92-3","ZCMKVKJEDNRBMG-UHFFFAOYSA-N","C6F12O",315.97575326,"O=C(C(F)(F)F)C(F)(C(F)(F)F)C(F)(F)C(F)(F)F"
"",NA,"ZCNOOAHITXLTCG-UHFFFAOYSA-N","C17H22F17N2O4S",673.102882924,"C[N+](C)(CCO)CCCN(CCO)S(=O)(=O)C(F)(F)C(F)(F)C(F)(F)C(F)(F)C(F)(F)C(F)(F)C(F)(F)C(F)(F)F"
"DTXSID90233047","CAS_RN: 84145-18-6","ZCOLNYMULWIGPK-UHFFFAOYSA-N","C5HF9O",247.988368632,"FC(F)=C(F)OC(F)(F)C(F)(F)C(F)F"
"DTXSID50880132","CAS_RN: 356-47-8","ZCPSRQQUNLMQMM-UHFFFAOYSA-N","C6F12O",315.97575326,"FC(F)(F)C1(F)OC(F)(F)C(F)(F)C(F)(F)C1(F)F"
"DTXSID30893407","CAS_RN: 825635-46-9","ZCRHOADSHVJCKU-UHFFFAOYSA-N","C18H14F9NO5",495.072826528,"O=C(OCc1ccc(CCC(F)(F)C(F)(F)C(F)(F)C(F)(F)F)cc1)ON1C(=O)CCC1=O"
"DTXSID80881238","CAS_RN: 74328-57-7","ZCSHSWXXDMBWOP-UHFFFAOYSA-N","C6H5F7O",226.02286232,"FC(F)(F)C(F)(CC1CO1)C(F)(F)F"
"",NA,"NPCGTGMONUSERM-UHFFFAOYSA-N","C15H21F13N2O6S2",636.063345252,"CN(C)CCC(CO)N(CCCS(=O)(=O)O)S(=O)(=O)C(F)(F)C(F)(F)C(F)(F)C(F)(F)C(F)(F)C(F)(F)F"
"",NA,"ZCYMFPCPWCXPPX-HNQUOIGGSA-N","C10H2F18O3S",543.943722884,"O=S(=O)(O)C(F)(F)C(F)(F)C(F)(F)C(F)(F)C(F)(F)C(F)(F)C(F)/C(F)=C(\F)C(F)(F)F"
"DTXSID50750740","CAS_RN: 88951-16-0","ZCZKRXXSTCAKRS-UHFFFAOYSA-N","C14H13F13O2",460.070796516,"COC(=O)C1CCC(C(F)(F)C(F)(F)C(F)(F)C(F)(F)C(F)(F)C(F)(F)F)CC1"
"","CAS_RN: 82199-07-3","ORDIGWFKXCZFTD-UHFFFAOYSA-N","C11H10F13NO5S2",546.97928128,"O=C(NCCSS(=O)(=O)O)OCCC(F)(F)C(F)(F)C(F)(F)C(F)(F)C(F)(F)C(F)(F)F"
"DTXSID5030030","CAS_RN: 507453-86-3","JGTNAGYHADQMCM-UHFFFAOYSA-N","C4HF9O3S",299.950268872,"O=S(=O)(O)C(F)(F)C(F)(F)C(F)(F)C(F)(F)F"
"DTXSID40897491","CAS_RN: 103229-77-2","ZDDYAQBRMKIGMY-UHFFFAOYSA-N","C6F10O",277.97894682,"O=C(F)C(F)=C(F)C(F)(C(F)(F)F)C(F)(F)F"
"DTXSID40897491","CAS_RN: 88022-48-4","ZDDYAQBRMKIGMY-UHFFFAOYSA-N","C6F10O",277.97894682,"O=C(F)C(F)=C(F)C(F)(C(F)(F)F)C(F)(F)F"
"DTXSID10892913","CAS_RN: 558-92-9","ZDHGZQAAGQRUQT-UHFFFAOYSA-N","C6HClF10O2",329.950539152,"O=C(O)C(F)(F)C(F)(F)C(F)(F)C(F)(F)C(F)(F)Cl"
"","CAS_RN: 68541-01-5","ZDHIRPVPPDUQGP-UHFFFAOYSA-N","C21H6Cl4F15NO6S",824.843041932,"O=C(O)c1c(Cl)c(Cl)c(Cl)c(Cl)c1C(=O)Nc1cccc(OS(=O)(=O)C(F)(F)C(F)(F)C(F)(F)C(F)(F)C(F)(F)C(F)(F)C(F)(F)F)c1"
"DTXSID2061147","CAS_RN: 812-94-2","ZDKQQLGFDAYLPC-UHFFFAOYSA-N","C9H12F9NO3S",385.039418224,"CN(CCCCO)S(=O)(=O)C(F)(F)C(F)(F)C(F)(F)C(F)(F)F"
"DTXSID00881058","CAS_RN: 93776-30-8","VTOKHKRGJLAVHV-UHFFFAOYSA-N","C34H9F62O4P",1689.924845038,"O=P(O)(OCCC(F)(F)C(F)(F)C(F)(F)C(F)(F)C(F)(F)C(F)(F)C(F)(F)C(F)(F)C(F)(F)C(F)(F)C(F)(F)C(F)(F)C(F)(C(F)(F)F)C(F)(F)F)OCCC(F)(F)C(F)(F)C(F)(F)C(F)(F)C(F)(F)C(F)(F)C(F)(F)C(F)(F)C(F)(F)C(F)(F)C(F)(F)C(F)(F)C(F)(C(F)(F)F)C(F)(F)F"
"DTXSID40766557","CAS_RN: 116356-70-8","ZDQKJWZLKLQXAO-UHFFFAOYSA-N","C7H4ClF9O2",325.975611028,"COC(=O)C(Cl)C(F)(F)C(F)(F)C(F)(F)C(F)(F)F"
"DTXSID30379418","CAS_RN: 53638-10-1","ZDRHSXVFEQIXGS-UHFFFAOYSA-N","C10H3F18I",591.899206056,"FC(F)(F)C(F)(F)C(F)(F)C(F)(F)CC(I)C(F)(F)C(F)(F)C(F)(F)C(F)(F)F"
"DTXSID4069422","CAS_RN: 60699-51-6","ZDUOTHMDVYXZBS-UHFFFAOYSA-N","C16H5F29O",763.98773316,"OCCC(F)(F)C(F)(F)C(F)(F)C(F)(F)C(F)(F)C(F)(F)C(F)(F)C(F)(F)C(F)(F)C(F)(F)C(F)(F)C(F)(F)C(F)(F)C(F)(F)F"
"DTXSID80197407","CAS_RN: 48077-33-4","ZDXYSIRXXGOEEA-UHFFFAOYSA-N","C13H7F17O2",518.017459204,"C=C(C)C(=O)OCC(F)(F)C(F)(F)C(F)(F)C(F)(F)C(F)(F)C(F)(F)C(F)(F)C(F)(F)F"
"DTXSID50561590","CAS_RN: 4004-51-7","ZDYYWMSLMLTXDM-UHFFFAOYSA-N","C16H9F26O4P",789.982329118,"O=P(O)(OCCC(F)(F)C(F)(F)C(F)(F)C(F)(F)C(F)(F)C(F)(F)F)OCCC(F)(F)C(F)(F)C(F)(F)C(F)(F)C(F)(F)C(F)(F)F"
"DTXSID10896113","CAS_RN: 42108-79-2","ZECNIRGDHSDXDI-UHFFFAOYSA-N","C11H11F9O3S",394.028519192,"O=S(=O)(OC1=CCCCCC1)C(F)(F)C(F)(F)C(F)(F)C(F)(F)F"
"DTXSID50296259","CAS_RN: 336-53-8","ZEEMDIXYCUOCAK-UHFFFAOYSA-N","C5H6F7NO",229.033761352,"NCC(O)C(F)(F)C(F)(F)C(F)(F)F"
"DTXSID1071371","CAS_RN: 68298-09-9","ZEIOJAPXFDPENM-UHFFFAOYSA-N","C13H8F13NO2S",489.006816356,"O=S(=O)(NCc1ccccc1)C(F)(F)C(F)(F)C(F)(F)C(F)(F)C(F)(F)C(F)(F)F"
"DTXSID80194350","CAS_RN: 41430-70-0","ZESCSNXJAROIJS-UHFFFAOYSA-N","C9H5F13O2",392.00819626,"CCOC(=O)C(F)(F)C(F)(F)C(F)(F)C(F)(F)C(F)(F)C(F)(F)F"
"",NA,"ZEUOMACHYBCMNJ-UHFFFAOYSA-N","C18H26F13NO7S",647.122240032,"CCN(CCOCCOCCOCCOCCO)S(=O)(=O)C(F)(F)C(F)(F)C(F)(F)C(F)(F)C(F)(F)C(F)(F)F"
"DTXSID20758692","CAS_RN: 93491-54-4","ZEVGQZNTYAKDNY-UHFFFAOYSA-N","C14H10F17NO2",547.0440083,"C=CC(=O)OCCN(C)C(F)(F)C(F)(F)C(F)(F)C(F)(F)C(F)(F)C(F)(F)C(F)(F)C(F)(F)F"
"DTXSID30897006","CAS_RN: 1228786-78-4","ZEVIVKGHJDBGBM-UHFFFAOYSA-N","C11H6BrF9O",403.945830892,"OC(c1ccc(Br)cc1)C(F)(F)C(F)(F)C(F)(F)C(F)(F)F"
"DTXSID00895559","CAS_RN: 80459-24-1","ZEYGPNNBXJHOQZ-UHFFFAOYSA-N","C15H6F25IO",803.906418312,"OCC(I)CC(F)(F)C(F)(F)C(F)(F)C(F)(F)C(F)(F)C(F)(F)C(F)(F)C(F)(F)C(F)(F)C(F)(F)C(F)(F)C(F)(F)F"
"DTXSID8074659","CAS_RN: 355-75-9","ZFFLXJVVPHACEG-UHFFFAOYSA-N","C6F10",261.9840322,"FC1=C(F)C(F)(F)C(F)(F)C(F)(F)C1(F)F"
"DTXSID30182964","CAS_RN: 28788-68-3","ZFHKTQUHJNUDNH-UHFFFAOYSA-N","C7H3F11O",312.000825136,"OCC1(F)C(F)(F)C(F)(F)C(F)(F)C(F)(F)C1(F)F"
"DTXSID60880421","CAS_RN: 41925-33-1","ZFJPGQQBBNLQOX-UHFFFAOYSA-N","C12H5F19O",526.00370096,"FC(F)(F)C(F)(C(F)(F)F)C(F)(F)C(F)(F)C(F)(F)C(F)(F)C(F)(F)C(F)(F)CC1CO1"
"DTXSID3024366","CAS_RN: 165951-18-8","ZMANZCXQSJIPKH-UHFFFAOYSA-N","C6H15N",101.12044948,"CCN(CC)CC"
"DTXSID30379791","CAS_RN: 147874-76-8","ZFNFUONJWJUELL-UHFFFAOYSA-N","C10H2F16O2",457.979930824,"O=C(CC(=O)C(F)(F)C(F)(F)C(F)(F)C(F)(F)C(F)(F)C(F)(F)F)C(F)(F)F"
"","CAS_RN: 132831","ZFUCUZACOHLUFM-UHFFFAOYSA-N","C14H14F17NO3S",599.042294048,"CCCCC(F)(C(F)(F)C(F)(F)C(F)(F)C(F)(F)C(F)(F)C(F)(F)C(F)(F)F)S(=O)(=O)N(F)CCO"
"DTXSID90888859","CAS_RN: 112820-37-8","ZFUIXYCDZABZDB-UHFFFAOYSA-N","C9F18O3",497.95600182,"O=C(F)C(F)(OC(F)(C(F)(F)F)C(F)(F)OC(F)(F)C(F)(F)C(F)(F)F)C(F)(F)F"
"DTXSID40382352","CAS_RN: 102488-49-3","ZFUVZJADECZZMS-UHFFFAOYSA-N","C12H4Cl3F21Si",679.881252318,"FC(F)(F)C(F)(F)C(F)(F)C(F)(F)C(F)(F)C(F)(F)C(F)(F)C(F)(F)C(F)(F)C(F)(F)CC[Si](Cl)(Cl)Cl"
"","CAS_RN: 124921-25-1","ZFYUUPVIDOJWAX-UHFFFAOYSA-N","C20H23F17",586.152830476,"CCCCCCCCCCC=CC(F)(F)C(F)(F)C(F)(F)C(F)(F)C(F)(F)C(F)(F)C(F)(F)C(F)(F)F"
"",NA,"ZFZXIMMYKHEGKN-UHFFFAOYSA-N","C6H4F6O3",238.006463308,"O=C(O)COC(F)(F)C(F)=CC(F)(F)F"
"DTXSID70893340","CAS_RN: 119131-05-4","ZGBMFNJIPSRTBS-UHFFFAOYSA-O","C17H18F17N2O3",621.104597176,"C[N+](C)(CCCN=C(O)C(F)(F)C(F)(F)C(F)(F)C(F)(F)C(F)(F)C(F)(F)C(F)(F)C(F)(F)F)CCC(=O)O"
"","CAS_RN: 80475-32-7","WQNQTJSLPDZSDK-UHFFFAOYSA-N","C13H17F13N2O3S",528.075230264,"CN(C)CCC[NH+]([O-])S(=O)(=O)CCC(F)(F)C(F)(F)C(F)(F)C(F)(F)C(F)(F)C(F)(F)F"
"DTXSID10881125","CAS_RN: 93894-71-4","ZGKQZNCLVBOAST-UHFFFAOYSA-N","C9H4F17NO2S",512.969129108,"CNS(=O)(=O)C(F)(F)C(F)(F)C(F)(F)C(F)(F)C(F)(F)C(F)(C(F)(F)F)C(F)(F)F"
"DTXSID4047672","CAS_RN: 272451-65-7","ZGNITFSDLCMLGI-UHFFFAOYSA-N","C23H22F7IN2O4S",682.023323724,"Cc1cc(C(F)(C(F)(F)F)C(F)(F)F)ccc1NC(=O)c1cccc(I)c1C(O)=NC(C)(C)CS(C)(=O)=O"
"DTXSID9071393","CAS_RN: 68298-60-2","ZGQOMXKQOOGSHP-UHFFFAOYSA-N","C16H16F15NO4S",603.056052292,"C=CC(=O)OCCN(CCCC)S(=O)(=O)C(F)(F)C(F)(F)C(F)(F)C(F)(F)C(F)(F)C(F)(F)C(F)(F)F"
"DTXSID40895558","CAS_RN: 159241-92-6","ZGUIRKVONJNPDU-UHFFFAOYSA-N","C12H7F9",322.040404204,"C=Cc1ccc(C(F)(F)C(F)(F)C(F)(F)C(F)(F)F)cc1"
"DTXSID10896416","CAS_RN: 1355554-21-0","ZGWWTUUDEMTZJF-UHFFFAOYSA-N","C13H11F7O3S",380.031712752,"CCS(=O)c1c(C(F)(C(F)(F)F)C(F)(F)F)ccc(C(=O)O)c1C"
"DTXSID80895375","CAS_RN: 677324-21-9","ZGZDVAOEZGHLSU-UHFFFAOYSA-N","C23H25F23",738.15889986,"CCCCCCCCCCCCC(F)(F)C(F)(F)C(F)(F)C(F)(F)C(F)(F)C(F)(F)C(F)(F)C(F)(F)C(F)(F)C(F)(F)C(F)(F)F"
"",NA,"ZHDHJCZQXGMTTE-UHFFFAOYSA-N","C52H77F29O19",1556.459598624,"OCCOCCOCCOCCOCCOCCOCCOCCOCCOCCOCCOCCOCCOCCOCCOCCOCCOCCOCCC(F)(F)C(F)(F)C(F)(F)C(F)(F)C(F)(F)C(F)(F)C(F)(F)C(F)(F)C(F)(F)C(F)(F)C(F)(F)C(F)(F)C(F)(F)C(F)(F)F"
"",NA,"ZHIXQINEHBMCSU-HNQUOIGGSA-N","C6H2F10O3S",343.956497124,"O=S(=O)(O)C(F)(F)C(F)(F)C(F)/C(F)=C(\F)C(F)(F)F"
"DTXSID90285748","CAS_RN: 374-41-4","ZHJANTJICQVKOI-UHFFFAOYSA-N","C4H3F5O",162.010405816,"CC(=O)C(F)(F)C(F)(F)F"
"DTXSID1074595","CAS_RN: 1547-26-8","ZHKVUSSHABANQG-UHFFFAOYSA-N","C5H3F7",196.012297636,"C=C(F)C(F)(F)C(F)(F)C(F)F"
"DTXSID80895350","CAS_RN: 160460-03-7","ZHLCQJIGPWWKTA-UHFFFAOYSA-N","C18H27F9",414.196904844,"CCCCCCCCCCCCC=CC(F)(F)C(F)(F)C(F)(F)C(F)(F)F"
"DTXSID20880220","CAS_RN: 15453-08-4","ZHOFEJCLMUIOIW-UHFFFAOYSA-N","C5F8O",227.98214038,"FC(F)=C(F)C(F)(F)C1(F)OC1(F)F"
"DTXSID60896148","CAS_RN: 322647-82-5","ZHQHSVFPOKMCMF-UHFFFAOYSA-N","C39H18F39P",1258.052337786,"FC(F)(F)C(F)(F)C(F)(F)C(Cc1ccc(P(c2ccc(CC(C(F)(F)F)(C(F)(F)F)C(F)(F)C(F)(F)C(F)(F)F)cc2)c2ccc(CC(C(F)(F)F)(C(F)(F)F)C(F)(F)C(F)(F)C(F)(F)F)cc2)cc1)(C(F)(F)F)C(F)(F)F"
"DTXSID00881376","CAS_RN: 137338-39-7","ZHXXMSNJEJNVHG-UHFFFAOYSA-N","C28H41F17",700.293681052,"CCCCCCCCCCCCCCCCCCCCC(F)(F)C(F)(F)C(F)(F)C(F)(F)C(F)(F)C(F)(F)C(F)(F)C(F)(F)F"
"",NA,"ZHYDCNCENVYPGO-UHFFFAOYSA-N","C18H13F25N2O",748.062868536,"CN(C)CCCNC(=O)C(F)(F)C(F)(F)C(F)(F)C(F)(F)C(F)(F)C(F)(F)C(F)(F)C(F)(F)C(F)(F)C(F)(F)C(F)(F)C(F)(F)F"
"DTXSID10896173","CAS_RN: 38506-72-8","ZHZVFKZCPDCNHG-UHFFFAOYSA-N","C19H11Cl2F17O2",663.986464692,"CC(=O)Oc1cc(Cl)ccc1CC(Cl)CC(F)(F)C(F)(F)C(F)(F)C(F)(F)C(F)(F)C(F)(F)C(F)(F)C(F)(F)F"
"DTXSID10625627","CAS_RN: 51502-43-3","ZIBMBDGKVCYGHR-UHFFFAOYSA-N","C7H3F11O3",343.990654376,"COC(=O)C(F)(F)C(F)(F)OC(F)(C(F)(F)F)C(F)(F)F"
"DTXSID80895158","CAS_RN: 755-89-5","ZICALAZJGGHDNX-UHFFFAOYSA-N","C9H13F7",254.090547956,"CCCCCCC(F)(F)C(F)(F)C(F)(F)F"
"DTXSID00896102","CAS_RN: 156465-44-0","ZIIYMRHOENVDHP-UHFFFAOYSA-N","C5F10O3S",329.94084706,"O=S1(=O)OC(F)(F)C1(F)C(F)(F)C(F)(F)C(F)(F)F"
"DTXSID0059829","CAS_RN: 335-66-0","ZILWJLIFAGWGLE-UHFFFAOYSA-N","C8F16O",415.96936614,"O=C(F)C(F)(F)C(F)(F)C(F)(F)C(F)(F)C(F)(F)C(F)(F)C(F)(F)F"
"","CAS_RN: 94158-20-0","ZISUJVTZTBMJQZ-UHFFFAOYSA-N","C20H28F13N3O3Si",633.169235146,"CCC(C)=NO[Si](CCC(F)(F)C(F)(F)C(F)(F)C(F)(F)C(F)(F)C(F)(F)F)(ON=C(C)CC)ON=C(C)CC"
"","CAS_RN: 87988-56-5","ZIUMOXWDLICQQC-UHFFFAOYSA-N","C8H6F13NO2S",426.991166292,"CCNS(=O)(=O)C(F)(F)C(F)(F)C(F)(F)C(F)(F)C(F)(F)C(F)(F)F"
"","CAS_RN: 93803-06-6","CPTUZUAAAMSTQW-UHFFFAOYSA-N","C16H20F17N2O2S",627.09740362,"CC[N+](C)(CC)CCCNS(=O)(=O)C(F)(F)C(F)(F)C(F)(F)C(F)(F)C(F)(F)C(F)(F)C(F)(F)C(F)(F)F"
"DTXSID60584836","CAS_RN: 932710-57-1","ZJELYAAWYLRRJI-UHFFFAOYSA-N","C31H17ClF26O2",950.050191184,"O=C(Cl)OCC1c2cc(CCC(F)(F)C(F)(F)C(F)(F)C(F)(F)C(F)(F)C(F)(F)F)ccc2-c2ccc(CCC(F)(F)C(F)(F)C(F)(F)C(F)(F)C(F)(F)C(F)(F)F)cc21"
"DTXSID90896015","CAS_RN: 81769-56-4","ZJGFRIPXEMYHFJ-UHFFFAOYSA-N","C11H3F17N2",486.002477836,"FC(F)(F)C(F)(F)C(F)(F)C(F)(F)C(F)(F)C(F)(F)C(F)(F)C(F)(F)c1cnc[nH]1"
"DTXSID6071372","CAS_RN: 68298-10-2","ZJIFWMOMOPJFRZ-UHFFFAOYSA-N","C14H8F15NO2S",539.003622796,"O=S(=O)(NCc1ccccc1)C(F)(F)C(F)(F)C(F)(F)C(F)(F)C(F)(F)C(F)(F)C(F)(F)F"
"DTXSID7046548","CAS_RN: 355-42-0","ZJIJAJXFLBMLCK-UHFFFAOYSA-N","C6F14",337.97764508,"FC(F)(F)C(F)(F)C(F)(F)C(F)(F)C(F)(F)C(F)(F)F"
"DTXSID10904262","CAS_RN: 68555-67-9","DFCYBFLXCKGZML-UHFFFAOYSA-N","C8HF17O2S",483.942580012,"O=S(O)C(F)(F)C(F)(F)C(F)(F)C(F)(F)C(F)(F)C(F)(F)C(F)(F)C(F)(F)F"
"DTXSID10895681","CAS_RN: 158148-63-1","ZJNFZKRETOIRSX-UHFFFAOYSA-N","C6H3F7N2",236.018445636,"FC(F)(F)C(F)(F)C(F)(F)c1cc[nH]n1"
"","CAS_RN: 70887-95-5","ZJROEBVHBRPCSG-UHFFFAOYSA-N","C14H4F24O2",659.982806648,"O=C(O)CC(F)C(F)(F)C(F)(F)C(F)(F)C(F)(F)C(F)(F)C(F)(F)C(F)(F)C(F)(F)C(F)(F)C(F)(F)C(F)(F)F"
"DTXSID60895196","CAS_RN: 40735-33-9","ZJRXNPPPEHEXIG-UHFFFAOYSA-N","C11H14F9I",443.999652428,"CCCCCC(I)CC(F)(F)C(F)(F)C(F)(F)C(F)(F)F"
"DTXSID70754563","CAS_RN: 89608-45-7","ZJUOJFUEUWDGJY-UHFFFAOYSA-N","C8H5F7O2",266.01777694,"O=C1OCCC1=CC(F)(F)C(F)(F)C(F)(F)F"
"DTXSID70896013","CAS_RN: 879081-10-4","ZJVFKZCWJMFHNU-UHFFFAOYSA-N","C11H7F9O2S",374.002304444,"O=S(=O)(Cc1ccccc1)C(F)(F)C(F)(F)C(F)(F)C(F)(F)F"
"","CAS_RN: 503534-33-6","BXXRCZOCBWPLBP-UHFFFAOYSA-N","C18H14F18O6S",700.022367128,"O=C(O)CSC(CC(=O)OCCC(F)(F)C(F)(F)C(F)(F)C(F)(F)F)C(=O)OCCC(F)(F)C(F)(F)C(F)(F)C(F)(F)F"
"DTXSID30896312","CAS_RN: 287101-12-6","ZJXHFKZMJPKCSL-UHFFFAOYSA-N","C6F12",299.98083864,"FC(F)=C(F)C(F)(F)C(F)(C(F)(F)F)C(F)(F)F"
"",NA,"ZKDHLDZZGVKZIS-UHFFFAOYSA-O","C16H20F17N2O6S2",723.0491331,"C[N+](C)(CCCNS(=O)(=O)C(F)(F)C(F)(F)C(F)(F)C(F)(F)C(F)(F)C(F)(F)C(F)(F)C(F)(F)F)CC(O)CS(=O)(=O)O"
"DTXSID30892551","CAS_RN: 1432486-92-4","ZKEIYWCCEFPJMU-UHFFFAOYSA-N","C16H17F17N2O4S",656.063757764,"CN(C)CCCN(CCC(=O)O)S(=O)(=O)C(F)(F)C(F)(F)C(F)(F)C(F)(F)C(F)(F)C(F)(F)C(F)(F)C(F)(F)F"
"DTXSID80380256","CAS_RN: 243139-62-0","ZKMKCYOZMOVHGJ-UHFFFAOYSA-N","C6H5F7O2",242.01777694,"O=C(O)CCC(F)(C(F)(F)F)C(F)(F)F"
"","CAS_RN: 94159-87-2","YRTGMXXBZFNZRR-UHFFFAOYSA-N","C14H12F17NO3",565.054572984,"CN(CC(=O)O)CC(O)CC(F)(F)C(F)(F)C(F)(F)C(F)(F)C(F)(F)C(F)(F)C(F)(F)C(F)(F)F"
"DTXSID60400587","CAS_RN: 13485-61-5","ZKWQYYCKXAKLPJ-UHFFFAOYSA-N","C5H2F9NO",262.999267664,"NC(=O)C(F)(F)C(F)(F)C(F)(F)C(F)(F)F"
"DTXSID40674305","CAS_RN: 133310-71-1","ZKYMFADZZFTYJH-UHFFFAOYSA-N","C22H33F13",544.237467916,"CCCCCCCCCCCCCCCCC(F)(F)C(F)(F)C(F)(F)C(F)(F)C(F)(F)C(F)(F)F"
"DTXSID60881312","CAS_RN: 61915-92-2","ZLBLHEUUSFNQAN-UHFFFAOYSA-N","C12H12F10O2",378.067761824,"C=C(C)C(=O)OCCC(F)(F)C(F)(F)C(F)(F)C(F)(F)C(C)(F)F"
"DTXSID70805307","CAS_RN: 62765-24-6","ZLEJZFMXNQLLHM-UHFFFAOYSA-N","C10H6F7N",273.038846732,"FC(F)(F)C(F)(F)C(F)(F)C=Nc1ccccc1"
"DTXSID30895729","CAS_RN: 139613-89-1","ZLFYREKELVEJOR-UHFFFAOYSA-N","C12H6F13N",411.029266052,"Nc1ccccc1C(F)(F)C(F)(F)C(F)(F)C(F)(F)C(F)(F)C(F)(F)F"
"DTXSID6061022","CAS_RN: 699-30-9","ZLVLNNCBGQYRAB-UHFFFAOYSA-N","C4F4O3",171.97835674,"O=C1OC(=O)C(F)(F)C1(F)F"
"","CAS_RN: 130114-31-7","ZLXHLIZSFKQSIT-UHFFFAOYSA-O","C14H16F13N2O3",507.095334232,"C[N+](C)(CCCNC(=O)C(F)(F)C(F)(F)C(F)(F)C(F)(F)C(F)(F)C(F)(F)F)CC(=O)O"
"",NA,"ZLXHLIZSFKQSIT-UHFFFAOYSA-O","C14H16F13N2O3",507.095334232,"C[N+](C)(CCCNC(=O)C(F)(F)C(F)(F)C(F)(F)C(F)(F)C(F)(F)C(F)(F)F)CC(=O)O"
"DTXSID40881012","CAS_RN: 85720-81-6","ZLYQMQIBEIPMSS-UHFFFAOYSA-N","C5Cl2F10O",335.91665218,"FC(F)(F)C(F)(OC(F)(Cl)C(F)(F)Cl)C(F)(F)F"
"DTXSID90583413","CAS_RN: 356055-76-0","ZLZILVFJEAYPNQ-UHFFFAOYSA-N","C15H11F13O",454.060231832,"OCc1ccc(CCC(F)(F)C(F)(F)C(F)(F)C(F)(F)C(F)(F)C(F)(F)F)cc1"
"DTXSID20340298","CAS_RN: 29723-32-8","ZMEUDXSOKSBVSN-UHFFFAOYSA-N","C12H10F7N",301.07014686,"FC(F)(F)C(F)(F)C(F)(F)C=NCCc1ccccc1"
"",NA,"ZMOPKVUAUJNFPC-UHFFFAOYSA-N","C12H3F19O4",571.972794756,"O=C(O)C(F)C(F)(F)C(F)(F)C(F)(F)C(F)(F)C(F)(F)C(F)(F)C(F)(F)C(F)(F)C(F)(F)C(=O)O"
"DTXSID00663114","CAS_RN: 942199-24-8","ZMOVGRSTRJMBKT-UHFFFAOYSA-N","C20F38O3",1009.92406622,"O=C(OC(=O)C(F)(F)C(F)(F)C(F)(F)C(F)(F)C(F)(F)C(F)(F)C(F)(F)C(F)(F)C(F)(F)F)C(F)(F)C(F)(F)C(F)(F)C(F)(F)C(F)(F)C(F)(F)C(F)(F)C(F)(F)C(F)(F)F"
"DTXSID20895475","CAS_RN: 100550-08-1","ZMQIJLTXHUSDCM-UHFFFAOYSA-N","C24H16F34",950.070909992,"FC(F)(F)C(F)(F)C(F)(F)C(F)(F)C(F)(F)C(F)(F)C(F)(F)C(F)(F)CCCCCCCCC(F)(F)C(F)(F)C(F)(F)C(F)(F)C(F)(F)C(F)(F)C(F)(F)C(F)(F)F"
"DTXSID7061017","CAS_RN: 697-18-7","ZMSRCMWBEGLBAI-UHFFFAOYSA-N","C2F4O3S",179.95042774,"O=S1(=O)OC(F)(F)C1(F)F"
"DTXSID20382158","CAS_RN: 16627-71-7","ZNBGTBKGFZMWKR-UHFFFAOYSA-N","C7H4F12O",332.007053388,"FC(F)C(F)(F)OCC(F)(F)C(F)(F)C(F)(F)C(F)F"
"DTXSID30382068","CAS_RN: 307-40-4","ZNCMYBRWOIPANY-UHFFFAOYSA-N","C10H2F19NO",512.983299864,"NC(=O)C(F)(F)C(F)(F)C(F)(F)C(F)(F)C(F)(F)C(F)(F)C(F)(F)C(F)(F)C(F)(F)F"
"DTXSID40880606","CAS_RN: 68298-76-0","ZNHAMOMCVOBRLM-UHFFFAOYSA-N","C24H28F9N3O8S",689.145339836,"C=C(C)C(=O)OCC(C)OC(=O)Nc1cc(NC(=O)OCCN(CC)S(=O)(=O)C(F)(F)C(F)(F)C(F)(F)C(F)(F)F)ccc1C"
"DTXSID90880131","CAS_RN: 355-93-1","ZNJXRXXJPIFFAO-UHFFFAOYSA-N","C9H8F8O2",300.039655256,"C=C(C)C(=O)OCC(F)(F)C(F)(F)C(F)(F)C(F)F"
"DTXSID90896217","CAS_RN: 1440968-23-9","ZNLVRZYKPKOZEM-UHFFFAOYSA-N","C11H12F9NO3S",409.039418224,"CC1(C(=O)NS(=O)(=O)C(F)(F)C(F)(F)C(F)(F)C(F)(F)F)CCCC1"
"DTXSID70896336","CAS_RN: 2396-14-7","ZNSFRNFHEGRVFR-UHFFFAOYSA-N","C9H4F7NO2",291.013025908,"O=[N+]([O-])c1ccc(C(F)(C(F)(F)F)C(F)(F)F)cc1"
"DTXSID90896555","CAS_RN: 178167-74-3","ZNSJFNNRKLUACB-UHFFFAOYSA-N","C15H6F17NO3",571.007622792,"O=C(Nc1ccccc1)C(F)(OC(F)(F)C(F)(OC(F)(F)C(F)(F)C(F)(F)F)C(F)(F)F)C(F)(F)F"
"DTXSID30896397","CAS_RN: 19547-30-9","ZNTJHWJPYWYUEW-UHFFFAOYSA-N","C13F18O",513.96617258,"O=C(c1c(F)c(F)c(C(F)(C(F)(F)F)C(F)(F)F)c(F)c1F)C(F)(C(F)(F)F)C(F)(F)F"
"DTXSID20896725","CAS_RN: 174778-59-7","ZOJXKNFPVLSDMX-UHFFFAOYSA-N","C11H10BF7N2O3",362.06727012,"NCC(=O)Nc1ccc(C(F)(F)C(F)(F)C(F)(F)F)c(B(O)O)c1"
"","CAS_RN: 68299-20-7","CWMSCQAANJAKQQ-UHFFFAOYSA-N","C12H8F11NO5S2",518.966824776,"O=S(=O)(O)c1ccccc1CNS(=O)(=O)C(F)(F)C(F)(F)C(F)(F)C(F)(F)C(F)(F)F"
"","CAS_RN: 116537-74-7","WQOPHOQWUOUNDF-UHFFFAOYSA-N","C11H8F13NO3",449.029659976,"CCN(CC(=O)O)C(=O)C(F)(F)C(F)(F)C(F)(F)C(F)(F)C(F)(F)C(F)(F)F"
"DTXSID40896585","CAS_RN: 1882109-75-2","ZOUAOKCYZHRSAC-UHFFFAOYSA-N","C8HF15O2",413.973702572,"O=C(O)C(F)(F)C(F)(C(F)(F)F)C(C(F)(F)F)(C(F)(F)F)C(F)(F)F"
"DTXSID20146378","CAS_RN: 1043-50-1","ZOUZMRQINDFFOK-UHFFFAOYSA-N","C12F10S",365.9561032,"Fc1c(F)c(F)c(Sc2c(F)c(F)c(F)c(F)c2F)c(F)c1F"
"",NA,"ZOWXKEVRDUWUNK-UHFFFAOYSA-N","C20HF42O2P",1101.904351142,"O=P(O)(C(F)(F)C(F)(F)C(F)(F)C(F)(F)C(F)(F)C(F)(F)C(F)(F)C(F)(F)C(F)(F)C(F)(F)F)C(F)(F)C(F)(F)C(F)(F)C(F)(F)C(F)(F)C(F)(F)C(F)(F)C(F)(F)C(F)(F)C(F)(F)F"
"DTXSID501015596",NA,"ZOWZCBIGIPOMRF-UHFFFAOYSA-N","C4H4F4O2",160.014742248,"O=C(O)C(F)(F)CC(F)F"
"",NA,"ZOZIPMFPEUHGBZ-UHFFFAOYSA-N","C19H17F25N2O2S",812.061154284,"CN(C)CCCNS(=O)(=O)CCC(F)(F)C(F)(F)C(F)(F)C(F)(F)C(F)(F)C(F)(F)C(F)(F)C(F)(F)C(F)(F)C(F)(F)C(F)(F)C(F)(F)F"
"DTXSID50895660","CAS_RN: 162083-76-3","ZOZQDJSXCZKCEN-UHFFFAOYSA-N","C12H4F13I",521.915014988,"FC(F)(F)C(F)(F)C(F)(F)C(F)(F)C(F)(F)C(F)(F)c1ccc(I)cc1"
"","CAS_RN: 93776-12-6","ZPJOKRFOGKCNBA-UHFFFAOYSA-N","C23H23F25N2O3",850.130948096,"CCN(CCCNCC(O)CC(F)(F)C(F)(F)C(F)(F)C(F)(F)C(F)(F)C(F)(F)C(F)(F)C(F)(F)C(F)(F)C(F)(F)C(F)(F)C(F)(F)F)CCC(=O)O"
"DTXSID50381038","CAS_RN: 152914-73-3","ZPLAXWXACBJHSW-UHFFFAOYSA-N","C8H3F15O3",431.984267256,"OCC(F)(F)OC(F)(F)C(F)(F)OC(F)(F)C(F)(F)C(F)(F)C(F)(F)F"
"DTXSID00895332","CAS_RN: 53749-64-7","ZPTLSCUEQZRKEY-UHFFFAOYSA-N","C14H4F26",665.989783848,"FC(F)(F)C(F)(F)C(F)(F)C(F)(F)C(F)(F)C(F)(F)CCC(F)(F)C(F)(F)C(F)(F)C(F)(F)C(F)(F)C(F)(F)F"
"DTXSID40880404","CAS_RN: 63439-39-4","XXKFVYRCSDPCBZ-UHFFFAOYSA-N","C9H6F15O4P",493.976418602,"O=P(O)(O)OCCC(F)(F)C(F)(F)C(F)(F)C(F)(F)C(F)(F)C(F)(F)C(F)(F)F"
"DTXSID30235040","CAS_RN: 85737-06-0","ZPYGRBTUNITHKJ-UHFFFAOYSA-N","C4BrF7O",275.90207426,"FC(F)=C(F)OC(F)(F)C(F)(F)Br"
"",NA,"ZQAKRMOTVWAFPL-UHFFFAOYSA-N","C12H4F18O3",537.987301948,"O=C(O)COC(F)(F)C(F)(F)C(F)(F)C(F)(F)C(F)(F)C(F)(F)C(F)(F)C(F)=CC(F)(F)F"
"",NA,"ZQCCUBIDGJANLR-UHFFFAOYSA-N","C7HF13O4S",427.938796372,"O=C(F)C(F)(F)C(F)(F)C(F)(F)C(F)(F)C(F)(F)C(F)(F)S(=O)(=O)O"
"DTXSID10896254","CAS_RN: 1451750-40-5","ZQIQNJHMQQDDOD-UHFFFAOYSA-N","C12H5Cl2F9O5S",501.9091036,"COC(=O)c1ccc(Cl)c(OS(=O)(=O)C(F)(F)C(F)(F)C(F)(F)C(F)(F)F)c1Cl"
"DTXSID00893338","CAS_RN: 118945-65-6","ZQMSTIVEUWHCPI-UHFFFAOYSA-N","C14F26",661.95848372,"FC(F)(F)C(F)(C(F)(F)F)C(F)(F)C1(F)C(F)(F)C(F)(F)C(F)(F)C2(F)C(F)(F)C(F)(F)C(F)(F)C(F)(F)C21F"
"DTXSID3031864","CAS_RN: 4021-47-0","YFSUTJLHUFNCNZ-UHFFFAOYSA-N","C8HF17O3S",499.937494632,"O=S(=O)(O)C(F)(F)C(F)(F)C(F)(F)C(F)(F)C(F)(F)C(F)(F)C(F)(F)C(F)(F)F"
"DTXSID701019144","CAS_RN: 93894-73-6","NIKYAXWJPSOKTP-UHFFFAOYSA-N","C8HF17O3S",499.937494632,"O=S(=O)(O)C(F)(F)C(F)(F)C(F)(F)C(F)(F)C(F)(F)C(F)(C(F)(F)F)C(F)(F)F"
"DTXSID20379700","CAS_RN: 375-17-7","ZQTIKDIHRRLSRV-UHFFFAOYSA-N","C4HF9",219.993454012,"FC(F)C(F)(F)C(F)(F)C(F)(F)F"
"DTXSID60895454","CAS_RN: 93454-75-2","ZQTOGMUPCQLFRE-UHFFFAOYSA-N","C30H37F25",872.249606684,"CCCCCCCCCCCCCCCCCCC(F)(F)C(F)(F)C(F)(F)C(F)(F)C(F)(F)C(F)(F)C(F)(F)C(F)(F)C(F)(F)C(F)(F)C(F)(F)C(F)(F)F"
"DTXSID10392660","CAS_RN: 83766-52-3","ZQTZVMUNYIDMJV-UHFFFAOYSA-N","C14H6F17N",511.022878932,"Nc1ccc(C(F)(F)C(F)(F)C(F)(F)C(F)(F)C(F)(F)C(F)(F)C(F)(F)C(F)(F)F)cc1"
"DTXSID50379718","CAS_RN: 20116-32-9","ZRDCDISSPANBPT-UHFFFAOYSA-N","C13H13F9O4",404.067012876,"CC1CC(C(=O)O)(C(=O)O)CC1CC(F)(F)C(F)(F)C(F)(F)C(F)(F)F"
"",NA,"ZRFZLMATEPZSPR-UHFFFAOYSA-O","C14H26F7N2O10S3",611.063780572,"C[N+](C)(CCCN(CC(O)CS(=O)(=O)O)S(=O)(=O)C(F)(F)C(F)(F)C(F)(F)F)CC(O)CS(=O)(=O)O"
"DTXSID50896117","CAS_RN: 4454-57-3","ZRHFULOSEUETLM-UHFFFAOYSA-N","C10H8F7N3O2S",367.022545036,"N=C(NNS(=O)(=O)c1ccccc1)C(F)(F)C(F)(F)C(F)(F)F"
"DTXSID60895979","CAS_RN: 144459-62-1","ZRKXYIFJBYTAAB-UHFFFAOYSA-N","C10H4F7NO3",319.007940528,"O=C(c1ccc([N+](=O)[O-])cc1)C(F)(F)C(F)(F)C(F)(F)F"
"","CAS_RN: 25935-14-2","OKKXTBAGCBQRJU-UHFFFAOYSA-N","C15H9F17N",526.046354028,"FC(F)(F)C(F)(F)C(F)(F)C(F)(F)C(F)(F)C(F)(F)C(F)(F)C(F)(F)CC[n+]1ccccc1"
"DTXSID00848040","CAS_RN: 90292-28-7","ZSBHSCZBWXUBAW-UHFFFAOYSA-N","C9H8F8",268.049826016,"CC(C)=CC=C(F)C(F)(F)C(F)(F)C(F)(F)F"
"DTXSID0067846","CAS_RN: 34449-89-3","ZSBOIPHQFKYRMG-UHFFFAOYSA-N","C8H10F9NO3S",371.02376816,"CCN(CCO)S(=O)(=O)C(F)(F)C(F)(F)C(F)(F)C(F)(F)F"
"DTXSID30802655","CAS_RN: 64299-47-4","ZSBRRCNOXMTUAA-UHFFFAOYSA-N","C11H7F7O2",304.033427004,"COC(=O)c1ccc(C(F)(F)C(F)(F)C(F)(F)F)cc1"
"DTXSID40456002","CAS_RN: 141478-89-9","ZSCSEYRTJFTOQR-UHFFFAOYSA-N","C13H9F13O2",444.039496388,"O=C1CCCCC1C(=O)C(F)(F)C(F)(F)C(F)(F)C(F)(F)C(F)(F)C(F)(F)F"
"DTXSID60701107","CAS_RN: 923569-78-2","ZSKDAYLWELBABO-UHFFFAOYSA-N","C12H8BrClF7NO",428.936601196,"COc1ccc(N=C(Cl)C(F)(F)C(F)(F)C(F)(F)F)c(CBr)c1"
"","CAS_RN: 85665-65-2","VVHKVNLGMCTIOS-UHFFFAOYSA-N","C15H17F17N2O5S2",692.030743384,"CN(CCCNS(=O)(=O)C(F)(F)C(F)(F)C(F)(F)C(F)(F)C(F)(F)C(F)(F)C(F)(F)C(F)(F)F)CCCS(=O)(=O)O"
"DTXSID80896024","CAS_RN: 145663-11-2","ZTESDHKSKFXMLG-UHFFFAOYSA-N","C7H3F7N2OS",295.985431256,"O=c1[nH]c(=S)[nH]cc1C(F)(F)C(F)(F)C(F)(F)F"
"",NA,"ZTMWZBVGFKTUKA-UHFFFAOYSA-N","C6HF11O3S",361.947075312,"O=S(=O)(O)C(F)(F)C(F)(F)C(F)(F)C(F)=C(F)C(F)(F)F"
"DTXSID60379441","CAS_RN: 16005-38-2","ZTRORDXSFFFPOW-UHFFFAOYSA-N","C5F11IO",411.88182304,"FC(F)(F)C(F)(OC(F)(F)C(F)(F)I)C(F)(F)F"
"DTXSID1066071","CAS_RN: 16517-11-6","ZTSDOGSKTICNPQ-UHFFFAOYSA-N","C18HF35O2",913.941766972,"O=C(O)C(F)(F)C(F)(F)C(F)(F)C(F)(F)C(F)(F)C(F)(F)C(F)(F)C(F)(F)C(F)(F)C(F)(F)C(F)(F)C(F)(F)C(F)(F)C(F)(F)C(F)(F)C(F)(F)C(F)(F)F"
"DTXSID70896735","CAS_RN: 146304-71-4","ZTSUPFXJRAWYNA-UHFFFAOYSA-N","C22H4F26N4O2",849.991909088,"FC(F)(F)C(F)(F)C(F)(F)C(F)(F)C(F)(F)C(F)(F)c1nc(-c2ccc(-c3noc(C(F)(F)C(F)(F)C(F)(F)C(F)(F)C(F)(F)C(F)(F)F)n3)cc2)no1"
"DTXSID60892524","CAS_RN: 34455-23-7","ZTTYKAVGBUSOLX-UHFFFAOYSA-N","C15H17F17N2O2S",612.073928524,"CN(C)CCCNS(=O)(=O)CCC(F)(F)C(F)(F)C(F)(F)C(F)(F)C(F)(F)C(F)(F)C(F)(F)C(F)(F)F"
"","CAS_RN: 350608-65-0","ZTVGSHHXGFOBPF-UHFFFAOYSA-N","C15H13F17",516.074580156,"CCCCCC=CC(F)(F)C(F)(F)C(F)(F)C(F)(F)C(F)(F)C(F)(F)C(F)(F)C(F)(F)F"
"DTXSID60591585","CAS_RN: 376-98-7","ZUBVOEGCTVLBQN-UHFFFAOYSA-N","C5H5F7O",214.02286232,"COCC(F)(F)C(F)(F)C(F)(F)F"
"","CAS_RN: 61798-68-3","OKKXTBAGCBQRJU-UHFFFAOYSA-N","C15H9F17N",526.046354028,"FC(F)(F)C(F)(F)C(F)(F)C(F)(F)C(F)(F)C(F)(F)C(F)(F)C(F)(F)CC[n+]1ccccc1"
"DTXSID60896360","CAS_RN: 1816284-43-1","ZUGSGANHTURLLH-UHFFFAOYSA-N","C8H3ClF7N",280.984224316,"FC(F)(F)C(F)(c1cccnc1Cl)C(F)(F)F"
"",NA,"ZUGYTJRCLYEXMN-UHFFFAOYSA-N","C8H3F15O4S",479.951252876,"O=S(=O)(O)C(F)(F)C(F)(F)OC(F)(F)C(F)(F)C(F)(F)C(F)(F)C(F)C(F)F"
"",NA,"ZUHZMUYSOWMRAJ-UHFFFAOYSA-N","C13H22F9N2O5S",489.110571784,"C[N+](C)(CCC(CO)NS(=O)(=O)C(F)(F)C(F)(F)C(F)(F)C(F)(F)F)CC(O)CO"
"DTXSID90880590","CAS_RN: 68156-06-9","ZUNLKLHLASQCRH-UHFFFAOYSA-N","C8F16O2S",463.93635176,"O=S(=O)(F)C1(F)C(F)(F)C(F)(F)C(F)(C(F)(F)C(F)(F)F)C(F)(F)C1(F)F"
"",NA,"ZUOUXWHDAWGKBG-UHFFFAOYSA-N","C8HF17O4S",515.932409252,"O=S(=O)(O)C(F)(F)C(F)(F)C(F)(F)C(F)(F)OC(F)(F)C(F)(C(F)(F)F)C(F)(F)F"
"DTXSID90750729","CAS_RN: 88951-00-2","ZUSDKSMEHFUOHV-UHFFFAOYSA-N","C12H7F9O2",354.030233444,"COC(=O)c1ccc(C(F)(F)C(F)(F)C(F)(F)C(F)(F)F)cc1"
"",NA,"ZUWYMTVJNOQSNG-UHFFFAOYSA-N","C36H53F21O13",1092.315084376,"OCCOCCOCCOCCOCCOCCOCCOCCOCCOCCOCCOCCOCCC(F)(F)C(F)(F)C(F)(F)C(F)(F)C(F)(F)C(F)(F)C(F)(F)C(F)(F)C(F)(F)C(F)(F)F"
"","CAS_RN: 186043-67-4","ZVDUXGKGHNHXGM-UHFFFAOYSA-N","C54H18F96N3O6P3",2720.887554306,"FC(F)C(F)(F)C(F)(F)C(F)(F)C(F)(F)C(F)(F)C(F)(F)C(F)(F)COP1(OCC(F)(F)C(F)(F)C(F)(F)C(F)(F)C(F)(F)C(F)(F)C(F)(F)C(F)F)=NP(OCC(F)(F)C(F)(F)C(F)(F)C(F)(F)C(F)(F)C(F)(F)C(F)(F)C(F)F)(OCC(F)(F)C(F)(F)C(F)(F)C(F)(F)C(F)(F)C(F)(F)C(F)(F)C(F)F)=NP(OCC(F)(F)C(F)(F)C(F)(F)C(F)(F)C(F)(F)C(F)(F)C(F)(F)C(F)F)(OCC(F)(F)C(F)(F)C(F)(F)C(F)(F)C(F)(F)C(F)(F)C(F)(F)C(F)F)=N1"
"","CAS_RN: 15742-62-8","ZVGZTNIMVYXKLD-UHFFFAOYSA-N","C9H2F18",451.986908024,"FCC(F)(F)C(F)(F)C(F)(F)C(F)(F)C(F)(F)C(F)(C(F)(F)F)C(F)(F)F"
"DTXSID10880133","CAS_RN: 357-26-6","ZVJOQYFQSQJDDX-UHFFFAOYSA-N","C4F8",199.98722576,"FC(F)=C(F)C(F)(F)C(F)(F)F"
"DTXSID10379810","CAS_RN: 232587-50-7","ZVOWIXGGKDLFPF-UHFFFAOYSA-N","C10H3F19O",499.988050896,"OCC(F)(F)C(F)(C(F)(F)F)C(F)(F)C(F)(F)C(F)(F)C(F)(C(F)(F)F)C(F)(F)F"
"DTXSID20895157","CAS_RN: 2708-54-5","ZVUIWLHHBDVANB-UHFFFAOYSA-N","C8H11F7",240.074897892,"CCCCCC(F)(F)C(F)(F)C(F)(F)F"
"DTXSID40402943","CAS_RN: 127256-73-9","ZVXAXABPTOPGDK-UHFFFAOYSA-N","C4H2F8O",217.997790444,"OC(C(F)(F)F)C(F)(F)C(F)(F)F"
"DTXSID4070829","CAS_RN: 67906-41-6","ZVXUTAWOTSBUQR-UHFFFAOYSA-N","C12H10F15NO2S",517.01927286,"C=CCN(CC)S(=O)(=O)C(F)(F)C(F)(F)C(F)(F)C(F)(F)C(F)(F)C(F)(F)C(F)(F)F"
"DTXSID2070217","CAS_RN: 65104-63-4","ZVYZCXJEWPRVAQ-UHFFFAOYSA-N","C20H4F37I",1073.876692268,"FC(F)(F)C(F)(F)C(F)(F)C(F)(F)C(F)(F)C(F)(F)C(F)(F)C(F)(F)C(F)(F)C(F)(F)C(F)(F)C(F)(F)C(F)(F)C(F)(F)C(F)(F)C(F)(F)C(F)(F)C(F)(F)CCI"
"DTXSID00896208","CAS_RN: 164796-44-5","ZVYZWOLDZMWXAQ-UHFFFAOYSA-N","C13H5F13N2O3",484.00925888,"O=C(Nc1ccc([N+](=O)[O-])cc1)C(F)(F)C(F)(F)C(F)(F)C(F)(F)C(F)(F)C(F)(F)F"
"DTXSID1037303","CAS_RN: 120885-29-2","ZWBAMYVPMDSJGQ-UHFFFAOYSA-N","C7HF13O2",363.976896132,"O=C(O)C(F)(F)C(F)(F)C(F)(F)C(F)(F)C(F)(F)C(F)(F)F"
"DTXSID1037303","CAS_RN: 375-85-9","ZWBAMYVPMDSJGQ-UHFFFAOYSA-N","C7HF13O2",363.976896132,"O=C(O)C(F)(F)C(F)(F)C(F)(F)C(F)(F)C(F)(F)C(F)(F)F"
"",NA,"ZWETYIWVUKHRIY-UHFFFAOYSA-N","C10HF19O3",529.962230072,"O=C(O)C(F)(F)C(F)(F)C(F)(F)C(F)(F)C(F)(F)C(F)(F)C(F)(F)C(F)(F)OC(F)(F)F"
"DTXSID20895495","CAS_RN: 425-68-3","ZWEZQJCJOMYJJZ-UHFFFAOYSA-N","C7H7F7O2",256.033427004,"CC(=O)OCCC(F)(F)C(F)(F)C(F)(F)F"
"DTXSID60895959","CAS_RN: 64790-29-0","ZWLUCJNJSFZMTB-UHFFFAOYSA-N","C9H13F7N2O",298.091610576,"CN(C)CCCNC(=O)C(F)(F)C(F)(F)C(F)(F)F"
"DTXSID50896975","CAS_RN: 1303994-31-1","ZWMSJJMEFTXAKG-MRXNPFEDSA-N","C4H2F9NOS",282.971338664,"N[S@](=O)C(F)(F)C(F)(F)C(F)(F)C(F)(F)F"
"","CAS_RN: 38850-58-7","WYFODDRZFDBDDF-UHFFFAOYSA-O","C16H24F13N2O6S2",651.086820348,"C[N+](C)(CCO)CCCN(CCCS(=O)(=O)O)S(=O)(=O)C(F)(F)C(F)(F)C(F)(F)C(F)(F)C(F)(F)C(F)(F)F"
"DTXSID20897015","CAS_RN: 308-13-4","ZWOIEMQQRPMRSE-UHFFFAOYSA-N","C12F22O3",609.9496147,"O=C(OC(=O)C(F)(F)C(F)(F)C(F)(F)C(F)(F)C(F)(F)F)C(F)(F)C(F)(F)C(F)(F)C(F)(F)C(F)(F)F"
"DTXSID30371331","CAS_RN: 234443-24-4","ZWRZDAJOBBXUHV-UHFFFAOYSA-N","C5H2BrF7",273.922809704,"C=C(Br)C(F)(C(F)(F)F)C(F)(F)F"
"","CAS_RN: 73609-36-6","ZWTVXVXHLIUGIF-UHFFFAOYSA-N","C9H7Cl2F13Si",459.948648974,"FC(F)(F)C(F)(F)C(F)(F)C(F)(F)C(F)(F)C(F)(F)CC[SiH2]C(Cl)Cl"
"DTXSID60896481","CAS_RN: 40573-09-9","ZWWNWGPNBZIACR-UHFFFAOYSA-N","C6F12O2",331.97066788,"FC(F)=C(F)OC(F)(F)C(F)(F)C(F)(F)OC(F)(F)F"
"",NA,"ZWZORHDEAVPZCQ-UHFFFAOYSA-O","C14H22F7N2O6S",479.108679964,"C[N+](C)(CCCN(CCC(=O)O)S(=O)(=O)C(F)(F)C(F)(F)C(F)(F)F)CCC(=O)O"
"DTXSID30591739","CAS_RN: 7057-81-0","ZXEIKCCCHZUUIC-UHFFFAOYSA-N","C6HF13O",335.981981512,"OC(F)(F)C(F)(F)C(F)(F)C(F)(F)C(F)(F)C(F)(F)F"
"DTXSID80407235","CAS_RN: 36554-97-9","ZXHJIRSEEIEAQG-UHFFFAOYSA-N","C17H2F30O2",807.957575904,"O=C(CC(=O)C(F)(F)C(F)(F)C(F)(F)C(F)(F)C(F)(F)C(F)(F)C(F)(F)F)C(F)(F)C(F)(F)C(F)(F)C(F)(F)C(F)(F)C(F)(F)C(F)(F)F"
"DTXSID10371374","CAS_RN: 674786-75-5","ZXPKQENNVJKVQL-UHFFFAOYSA-N","C20H17F17O6",676.075368004,"CCOC(=O)CC1(C(=O)OCC)CC(CC(F)(F)C(F)(F)C(F)(F)C(F)(F)C(F)(F)C(F)(F)C(F)(F)C(F)(F)F)OC1=O"
"","CAS_RN: 82765-77-3","ZYBNLNNCZHCXAC-UHFFFAOYSA-N","C7H2F15NO2S",448.956672604,"NS(=O)(=O)C(F)(F)C(F)(F)C(F)(F)C(F)(F)C(F)(F)C(F)(F)C(F)(F)F"
"DTXSID40896606","CAS_RN: 101061-05-6","ZYEKBRZVGPYUIW-UHFFFAOYSA-N","C9H5F11O2",354.01138982,"C=C(C)C(=O)OC(C(F)(F)F)(C(F)(F)F)C(F)(F)C(F)(F)F"
"DTXSID20895278","CAS_RN: 51249-63-9","ZYFLRTOFRKYGGJ-UHFFFAOYSA-N","C10H3Br2F17",603.833004036,"FC(F)(F)C(F)(F)C(F)(F)C(F)(F)C(F)(F)C(F)(F)C(F)(F)C(F)(F)C(Br)CBr"
"DTXSID50881366","CAS_RN: 54009-74-4","ZYHAJXYNHIBBEH-UHFFFAOYSA-N","C12H8F19O5P",623.980596166,"O=P(O)(O)OCC(O)CC(F)(F)C(F)(F)C(F)(F)C(F)(F)C(F)(F)C(F)(F)C(F)(F)C(F)(F)C(F)(F)F"
"DTXSID40896762","CAS_RN: 80793-20-0","ZYHWHNDIVSRFMS-UHFFFAOYSA-N","C9H5F13",360.01836702,"CC=CC(F)(F)C(F)(F)C(F)(F)C(F)(F)C(F)(F)C(F)(F)F"
"DTXSID40896762","CAS_RN: 63967-46-4","ZYHWHNDIVSRFMS-UHFFFAOYSA-N","C9H5F13",360.01836702,"CC=CC(F)(F)C(F)(F)C(F)(F)C(F)(F)C(F)(F)C(F)(F)F"
"DTXSID20895758","CAS_RN: 118334-94-4","ZYIBENCKBXFJSL-UHFFFAOYSA-N","C7H4F12O3S",395.968953628,"CC(OS(=O)(=O)C(F)(F)C(F)(F)C(F)(F)C(F)(F)F)C(F)(F)F"
"DTXSID10859667","CAS_RN: 70225-26-2","FGTDPZOJJFPWCB-UHFFFAOYSA-N","C14H16F17N2O2S",599.066103492,"C[N+](C)(C)CCCNS(=O)(=O)C(F)(F)C(F)(F)C(F)(F)C(F)(F)C(F)(F)C(F)(F)C(F)(F)C(F)(F)F"
"","CAS_RN: 54950-05-9","QWVKRJSQHBDUKF-UHFFFAOYSA-N","C20H12F26O7S",889.988857444,"O=C(CC(C(=O)OCCC(F)(F)C(F)(F)C(F)(F)C(F)(F)C(F)(F)C(F)(F)F)S(=O)(=O)O)OCCC(F)(F)C(F)(F)C(F)(F)C(F)(F)C(F)(F)C(F)(F)F"
"DTXSID10895525","CAS_RN: 150618-42-1","ZYTPQABOCYJUBI-UHFFFAOYSA-N","C6H6F7NO2",257.028675972,"NC(CC(=O)O)C(F)(F)C(F)(F)C(F)(F)F"
"",NA,"ZZQKNCHBPCJOSC-UHFFFAOYSA-N","C9H5F15O4S",493.96690294,"O=S(=O)(O)C(O)CC(F)(F)C(F)(F)C(F)(F)C(F)(F)C(F)(F)C(F)(F)C(F)(F)F"
"DTXSID20508972","CAS_RN: 67727-74-6","ZZUHWLUVQQXPAI-UHFFFAOYSA-N","C15H4BrF17O3",633.907235828,"O=C(c1ccc(Br)cc1)C(F)(OC(F)(F)C(F)(OC(F)(F)C(F)(F)C(F)(F)F)C(F)(F)F)C(F)(F)F"
"DTXSID30895704","CAS_RN: 57702-79-1","ZZWHWQWPKGQWJK-UHFFFAOYSA-N","C12H6F7N",297.038846732,"FC(F)(F)C(F)(F)C(F)(F)c1ccc2ccccc2n1"
"DTXSID10325413","CAS_RN: 86273-64-5","ZZYRMCDLVWNXGP-UHFFFAOYSA-N","C10H6F14N2O2",452.020572512,"O=C(NCCNC(=O)C(F)(F)C(F)(F)C(F)(F)F)C(F)(F)C(F)(F)C(F)(F)F"
"DTXSID8059920","CAS_RN: 60270-55-5","OYGQVDSRYXATEL-UHFFFAOYSA-N","C7HF15O3S",449.940688192,"O=S(=O)(O)C(F)(F)C(F)(F)C(F)(F)C(F)(F)C(F)(F)C(F)(F)C(F)(F)F"
"DTXSID60882627","CAS_RN: 1190931-27-1","CJAXBZSIMAURNW-UHFFFAOYSA-N","C6HF9O6",339.962941732,"O=C(O)C(F)(F)OC1(F)OC(F)(F)OC1(F)OC(F)(F)F"
"DTXSID70880215","CAS_RN: 62037-80-3","CSEBNABAWMZWIF-UHFFFAOYSA-N","C6HF11O3",329.975004312,"O=C(O)C(F)(OC(F)(F)C(F)(F)C(F)(F)F)C(F)(F)F"
"DTXSID3031864","CAS_RN: 29081-56-9","YFSUTJLHUFNCNZ-UHFFFAOYSA-N","C8HF17O3S",499.937494632,"O=S(=O)(O)C(F)(F)C(F)(F)C(F)(F)C(F)(F)C(F)(F)C(F)(F)C(F)(F)C(F)(F)F"
"","CAS_RN: 209482-18-8","OYFXOXMLWRRGIF-UHFFFAOYSA-N","C18H23OS",287.146961356,"CCCCOc1ccc([S]2CCCC2)c2ccccc12"
"DTXSID10880133","CAS_RN: 11070-66-9","ZVJOQYFQSQJDDX-UHFFFAOYSA-N","C4F8",199.98722576,"FC(F)=C(F)C(F)(F)C(F)(F)F"
"DTXSID2026949","CAS_RN: 25067-11-2","HCDGVLDPFQMKDK-UHFFFAOYSA-N","C3F6",149.99041932,"FC(F)=C(F)C(F)(F)F"
"DTXSID6021325","CAS_RN: 9002-84-0","BFKJFAAPBSQJPD-UHFFFAOYSA-N","C2F4",99.99361288,"FC(F)=C(F)F"
"DTXSID3026485","CAS_RN: 25038-89-5","UUAGAQFQZIEFAH-UHFFFAOYSA-N","C2ClF3",115.96406234,"FC(F)=C(F)Cl"
"DTXSID8040149","CAS_RN: 25398-32-7","UXPOJVLZTPGWFX-UHFFFAOYSA-N","C2F5I",245.8964891,"FC(F)(F)C(F)(F)I"
"DTXSID3044596","CAS_RN: 26654-97-7","KTCQQCLZUOZFEI-UHFFFAOYSA-N","C7F14O4S",445.92937456,"O=S(=O)(F)C(F)(F)C(F)(F)OC(F)(C(F)(F)F)C(F)(F)OC(F)=C(F)F"
"DTXSID3051599","CAS_RN: 26425-79-6","BLTXWCKMNMYXEA-UHFFFAOYSA-N","C3F6O",165.98533394,"FC(F)=C(F)OC(F)(F)F"
"DTXSID90872298","CAS_RN: 86508-42-1","BPHQIXJDBIHMLT-UHFFFAOYSA-N","C10F22",537.96487084,"FC(F)(F)C(F)(F)C(F)(F)C(F)(F)C(F)(F)C(F)(F)C(F)(F)C(F)(F)C(F)(F)C(F)(F)F"
"","CAS_RN: 220133-51-7","FWCDKSNCTYFKMM-UHFFFAOYSA-N","C8H11S",139.058146352,"C[S](C)c1ccccc1"
"",NA,"XWMVLKWAYLXSDM-UHFFFAOYSA-N","C17H2F32",813.964553104,"C=C(F)C(F)(F)C(F)(F)C(F)(F)C(F)(F)C(F)(F)C(F)(F)C(F)(F)C(F)(F)C(F)(F)C(F)(F)C(F)(F)C(F)(F)C(F)(F)C(F)(F)C(F)(F)F"
"",NA,"ORRADWOAITXXMO-UHFFFAOYSA-N","C15H2F28",713.970940224,"C=C(F)C(F)(F)C(F)(F)C(F)(F)C(F)(F)C(F)(F)C(F)(F)C(F)(F)C(F)(F)C(F)(F)C(F)(F)C(F)(F)C(F)(F)C(F)(F)F"
"",NA,"KJSXVPLIVYPGRD-UHFFFAOYSA-N","C13H2F24",613.977327344,"C=C(F)C(F)(F)C(F)(F)C(F)(F)C(F)(F)C(F)(F)C(F)(F)C(F)(F)C(F)(F)C(F)(F)C(F)(F)C(F)(F)F"
"",NA,"KJSXVPLIVYPGRD-UHFFFAOYSA-N","C13H2F24",613.977327344,"C=C(F)C(F)(F)C(F)(F)C(F)(F)C(F)(F)C(F)(F)C(F)(F)C(F)(F)C(F)(F)C(F)(F)C(F)(F)C(F)(F)F"
"",NA,"WYSIIRZUWIQJCG-UHFFFAOYSA-N","C9H2F16",413.990101584,"C=C(F)C(F)(F)C(F)(F)C(F)(F)C(F)(F)C(F)(F)C(F)(F)C(F)(F)F"
"",NA,"VWKYSLFPQDORIV-UHFFFAOYSA-N","C7H2F12",313.996488704,"C=C(F)C(F)(F)C(F)(F)C(F)(F)C(F)(F)C(F)(F)F"
"DTXSID2026949","CAS_RN: 68214-23-3","HCDGVLDPFQMKDK-UHFFFAOYSA-N","C3F6",149.99041932,"FC(F)=C(F)C(F)(F)F"
"DTXSID2026949","CAS_RN: 25101-47-7","HCDGVLDPFQMKDK-UHFFFAOYSA-N","C3F6",149.99041932,"FC(F)=C(F)C(F)(F)F"
"DTXSID2026949","CAS_RN: 25190-89-0","HCDGVLDPFQMKDK-UHFFFAOYSA-N","C3F6",149.99041932,"FC(F)=C(F)C(F)(F)F"
"DTXSID6021325","CAS_RN: 25684-76-8","BFKJFAAPBSQJPD-UHFFFAOYSA-N","C2F4",99.99361288,"FC(F)=C(F)F"
"DTXSID3051599","CAS_RN: 56357-87-0","BLTXWCKMNMYXEA-UHFFFAOYSA-N","C3F6O",165.98533394,"FC(F)=C(F)OC(F)(F)F"
"DTXSID00884887","CAS_RN: 80879-54-5","RFJVDJWCXSPUBY-UHFFFAOYSA-N","C5F8O2",243.977055,"FC(F)=C1OC(F)(F)C(F)(C(F)(F)F)O1"
"DTXSID6021325","CAS_RN: 25038-71-5","BFKJFAAPBSQJPD-UHFFFAOYSA-N","C2F4",99.99361288,"FC(F)=C(F)F"
"DTXSID9043778","CAS_RN: 51023-51-9","VBZWSGALLODQNC-UHFFFAOYSA-N","C3F6O",165.98533394,"O=C(C(F)(F)F)C(F)(F)F"
"DTXSID9052056","CAS_RN: 54302-04-4","QMIWYOZFFSLIAK-UHFFFAOYSA-N","C4H2F6",164.006069384,"C=C(C(F)(F)F)C(F)(F)F"
"DTXSID6047575","CAS_RN: 68258-85-5","GVEUEBXMTMZVSD-UHFFFAOYSA-N","C6H3F9",246.009104076,"C=CC(F)(F)C(F)(F)C(F)(F)C(F)(F)F"
"DTXSID90162186","CAS_RN: 74499-70-0","DTDFWYZVBJYVPL-UHFFFAOYSA-N","C5H6F4O",158.035477692,"C=CCOC(F)(F)C(F)F"
"DTXSID00880223","CAS_RN: 31214-91-2","QGIJZPXLSMRDCW-UHFFFAOYSA-N","C14H7F19O2",568.014265644,"C=CC(=O)OCCC(F)(F)C(F)(F)C(F)(F)C(F)(F)C(F)(F)C(F)(F)C(F)(C(F)(F)F)C(F)(F)F"
"DTXSID5067348","CAS_RN: 27905-45-9","QUKRIOLKOHUUBM-UHFFFAOYSA-N","C13H7F17O2",518.017459204,"C=CC(=O)OCCC(F)(F)C(F)(F)C(F)(F)C(F)(F)C(F)(F)C(F)(F)C(F)(F)C(F)(F)F"
"DTXSID4066389","CAS_RN: 74398-72-4","GVCWGFZDSIWLMO-UHFFFAOYSA-N","C4H3BrF4",205.935425076,"C=CC(F)(F)C(F)(F)Br"
"DTXSID6073493","CAS_RN: 37626-13-4","YSYRISKCBOPJRG-UHFFFAOYSA-N","C5F8O2",243.977055,"FC1=C(F)OC(C(F)(F)F)(C(F)(F)F)O1"
"DTXSID5063235","CAS_RN: 53515-73-4","RUEKTOVLVIXOHT-UHFFFAOYSA-N","C12H7F15O2",468.020652764,"C=C(C)C(=O)OCC(F)(F)C(F)(F)C(F)(F)C(F)(F)C(F)(F)C(F)(F)C(F)(F)F"
"DTXSID80880403","CAS_RN: 64376-86-9","DFVPUWGVOPDJTC-UHFFFAOYSA-N","C8H8F6O2",250.042848816,"C=C(C)C(=O)OCC(F)(F)C(F)C(F)(F)F"
"DTXSID3047558","CAS_RN: 2144-53-8","CDXFIRXEAJABAZ-UHFFFAOYSA-N","C12H9F13O2",432.039496388,"C=C(C)C(=O)OCCC(F)(F)C(F)(F)C(F)(F)C(F)(F)C(F)(F)C(F)(F)F"
"DTXSID90880979","CAS_RN: 85711-89-3","JNAIMEWMJYVGEW-UHFFFAOYSA-N","C10H5F17",448.0119799,"CCC(F)(F)C(F)(F)C(F)(F)C(F)(F)C(F)(F)C(F)(F)C(F)(F)C(F)(F)F"
"DTXSID30379857","CAS_RN: 80793-17-5","SKRWRXWNQFQGRU-UHFFFAOYSA-N","C8H5F13",348.01836702,"CCC(F)(F)C(F)(F)C(F)(F)C(F)(F)C(F)(F)C(F)(F)F"
"","CAS_RN: 214334-16-4","CKLFCQSAMZMOJN-UHFFFAOYSA-N","C53H91F11O7",1048.658915672,"CCCCCCCCCCC(CCCCCCCC)COC(=O)CC(O)(CC(=O)OCCC(F)(F)C(F)(F)C(F)(F)C(F)(F)C(F)(F)F)C(=O)OCC(CCCCCCCC)CCCCCCCCCC"
"DTXSID50880455","CAS_RN: 110494-69-4","DTIJQLFRKLLKHX-UHFFFAOYSA-N","C15H16F17NO4S",629.052858732,"CCCN(CCOCCO)S(=O)(=O)C(F)(F)C(F)(F)C(F)(F)C(F)(F)C(F)(F)C(F)(F)C(F)(F)C(F)(F)F"
"DTXSID50880455","CAS_RN: 52550-45-5","DTIJQLFRKLLKHX-UHFFFAOYSA-N","C15H16F17NO4S",629.052858732,"CCCN(CCOCCO)S(=O)(=O)C(F)(F)C(F)(F)C(F)(F)C(F)(F)C(F)(F)C(F)(F)C(F)(F)C(F)(F)F"
"","CAS_RN: 68298-81-7","QXDNTOUKCXKKHT-UHFFFAOYSA-N","C13H14F15NO4S",565.040402228,"CCN(CCOCCO)S(=O)(=O)C(F)(F)C(F)(F)C(F)(F)C(F)(F)C(F)(F)C(F)(F)C(F)(F)F"
"","CAS_RN: 68298-80-6","YDFSXFDSBWMWLO-UHFFFAOYSA-N","C11H14F11NO4S",465.046789348,"CCN(CCOCCO)S(=O)(=O)C(F)(F)C(F)(F)C(F)(F)C(F)(F)C(F)(F)F"
"","CAS_RN: 68958-61-2","KZSBXFKHBIBCNS-UHFFFAOYSA-N","C15H16F17NO4S",629.052858732,"CCN(CCOCCOC)S(=O)(=O)C(F)(F)C(F)(F)C(F)(F)C(F)(F)C(F)(F)C(F)(F)C(F)(F)C(F)(F)F"
"","CAS_RN: 68958-60-1","RVVJQACTZPRFBO-UHFFFAOYSA-N","C14H16F15NO4S",579.056052292,"CCN(CCOCCOC)S(=O)(=O)C(F)(F)C(F)(F)C(F)(F)C(F)(F)C(F)(F)C(F)(F)C(F)(F)F"
"DTXSID30880433","CAS_RN: 34455-22-6","TZIPMEZQXPAKPK-UHFFFAOYSA-N","C13H17F13N2O2S",512.080315644,"CN(C)CCCNS(=O)(=O)CCC(F)(F)C(F)(F)C(F)(F)C(F)(F)C(F)(F)C(F)(F)F"
"","CAS_RN: 129813-71-4","JAOBVHBUPGQEIG-UHFFFAOYSA-N","C7H8F7NO3S",319.011311656,"CN(CC1CO1)S(=O)(=O)C(F)(F)C(F)(F)C(F)(F)F"
"DTXSID7027831","CAS_RN: 24448-09-7","PLGACQRCZCVKGK-UHFFFAOYSA-N","C11H8F17NO3S",556.995343856,"CN(CCO)S(=O)(=O)C(F)(F)C(F)(F)C(F)(F)C(F)(F)C(F)(F)C(F)(F)C(F)(F)C(F)(F)F"
"DTXSID80865199","CAS_RN: 25268-77-3","RTJZWOGSCLVJLD-UHFFFAOYSA-N","C14H10F17NO4S",611.00590854,"C=CC(=O)OCCN(C)S(=O)(=O)C(F)(F)C(F)(F)C(F)(F)C(F)(F)C(F)(F)C(F)(F)C(F)(F)C(F)(F)F"
"DTXSID6021325","CAS_RN: 25971-78-2","BFKJFAAPBSQJPD-UHFFFAOYSA-N","C2F4",99.99361288,"FC(F)=C(F)F"
"",NA,"QRZPHFPMBXIPOR-UHFFFAOYSA-N","C10H11F13O3Si",454.026987602,"CO[Si](O)(CCC(F)(F)C(F)(F)C(F)(F)C(F)(F)C(F)(F)C(F)(F)F)OC"
"",NA,"YEYHTOYFIUTELV-UHFFFAOYSA-N","C9H9F13O3Si",440.011337538,"CO[Si](O)(O)CCC(F)(F)C(F)(F)C(F)(F)C(F)(F)C(F)(F)C(F)(F)F"
"","CAS_RN: 75330-20-0","QGMJXJOILLCMLY-UHFFFAOYSA-N","C5H3F9",234.009104076,"FC(F)C(F)C(F)C(F)(F)C(F)(F)F"
"","CAS_RN: 40464-54-8","ZQTIKDIHRRLSRV-UHFFFAOYSA-N","C4HF9",219.993454012,"FC(F)C(F)(F)C(F)(F)C(F)(F)F"
"DTXSID4074932","CAS_RN: 756-13-8","RMLFHPWPTXWZNJ-UHFFFAOYSA-N","C6F12O",315.97575326,"O=C(C(F)(F)C(F)(F)F)C(F)(C(F)(F)F)C(F)(F)F"
"DTXSID0059794","CAS_RN: 307-34-6","YVBBRRALBYAZBM-UHFFFAOYSA-N","C8F18",437.97125796,"FC(F)(F)C(F)(F)C(F)(F)C(F)(F)C(F)(F)C(F)(F)C(F)(F)C(F)(F)F"
"DTXSID5027140","CAS_RN: 307-35-7","BHFJBHMTEDLICO-UHFFFAOYSA-N","C8F18O2S",501.9331582,"O=S(=O)(F)C(F)(F)C(F)(F)C(F)(F)C(F)(F)C(F)(F)C(F)(F)C(F)(F)C(F)(F)F"
"DTXSID2047565","CAS_RN: 2043-57-4","NVVZEKTVIXIUKW-UHFFFAOYSA-N","C8H4F13I",473.915014988,"FC(F)(F)C(F)(F)C(F)(F)C(F)(F)C(F)(F)C(F)(F)CCI"
"DTXSID9038840","CAS_RN: 17527-29-6","VPKQPPJQTZJZDB-UHFFFAOYSA-N","C11H7F13O2",418.023846324,"C=CC(=O)OCCC(F)(F)C(F)(F)C(F)(F)C(F)(F)C(F)(F)C(F)(F)F"
"DTXSID7067328","CAS_RN: 27619-89-2","NDBZVZPOTNLWLU-UHFFFAOYSA-N","C8H4ClF13O2S",445.941294908,"O=S(=O)(Cl)CCC(F)(F)C(F)(F)C(F)(F)C(F)(F)C(F)(F)C(F)(F)F"
"DTXSID20861913","CAS_RN: 375-72-4","LUYQYZLEHLTPBH-UHFFFAOYSA-N","C4F10O2S",301.94593244,"O=S(=O)(F)C(F)(F)C(F)(F)C(F)(F)C(F)(F)F"
"DTXSID9059834","CAS_RN: 338-83-0","JAJLKEVKNDUJBG-UHFFFAOYSA-N","C9F21N",520.96954162,"FC(F)(F)C(F)(F)C(F)(F)N(C(F)(F)C(F)(F)C(F)(F)F)C(F)(F)C(F)(F)C(F)(F)F"
"DTXSID7059933","CAS_RN: 382-28-5","PQMAKJUXOOVROI-UHFFFAOYSA-N","C5F11NO",298.98042404,"FC(F)(F)N1C(F)(F)C(F)(F)OC(F)(F)C1(F)F"
"DTXSID20188995","CAS_RN: 355-37-3","XJSRKJAHJGCPGC-UHFFFAOYSA-N","C6HF13",319.987066892,"FC(F)C(F)(F)C(F)(F)C(F)(F)C(F)(F)C(F)(F)F"
"DTXSID40190838","CAS_RN: 374-60-7","XZZGMFAUFIVEGL-UHFFFAOYSA-N","C10F20",499.9680644,"FC(F)(F)C(F)(F)C(F)(F)C(F)(F)C1(F)C(F)(F)C(F)(F)C(F)(F)C(F)(F)C1(F)F"
"DTXSID5059874","CAS_RN: 355-02-2","QIROQPWSJUXOJC-UHFFFAOYSA-N","C7F14",349.97764508,"FC(F)(F)C1(F)C(F)(F)C(F)(F)C(F)(F)C(F)(F)C1(F)F"
"DTXSID7061982","CAS_RN: 1805-22-7","BCNXQFASJTYKDJ-UHFFFAOYSA-N","C6F12",299.98083864,"FC(F)(F)C1(F)C(F)(F)C(F)(F)C(F)(F)C1(F)F"
"DTXSID7059933","CAS_RN: 382-28-5","PQMAKJUXOOVROI-UHFFFAOYSA-N","C5F11NO",298.98042404,"FC(F)(F)N1C(F)(F)C(F)(F)OC(F)(F)C1(F)F"
"DTXSID10896673",NA,"UXYQQIJQHQGVRW-UHFFFAOYSA-N","C8H7F13O3Si",425.995687474,"O[Si](O)(O)CCC(F)(F)C(F)(F)C(F)(F)C(F)(F)C(F)(F)C(F)(F)F"
"DTXSID8031865","335-67-1","SNGREZUHAYWORS-UHFFFAOYSA-N","C8HF15O2",413.973702572,"O=C(O)C(F)(F)C(F)(F)C(F)(F)C(F)(F)C(F)(F)C(F)(F)C(F)(F)F"
"",NA,"NGSDHVWJKGDJKK-UHFFFAOYSA-N","C18H3F33O2",877.960610596,"O=C(O)CC(F)(F)C(F)(F)C(F)(F)C(F)(F)C(F)(F)C(F)(F)C(F)(F)C(F)(F)C(F)(F)C(F)(F)C(F)(F)C(F)(F)C(F)(F)C(F)(F)C(F)(F)C(F)(F)F"
"",NA,"IQKHSIMQZYNYHI-UHFFFAOYSA-N","C16H3F29O2",777.966997716,"O=C(O)CC(F)(F)C(F)(F)C(F)(F)C(F)(F)C(F)(F)C(F)(F)C(F)(F)C(F)(F)C(F)(F)C(F)(F)C(F)(F)C(F)(F)C(F)(F)C(F)(F)F"
"",NA,"DHZIKHSVLXMVQY-UHFFFAOYSA-N","C14H3F25O2",677.973384836,"O=C(O)CC(F)(F)C(F)(F)C(F)(F)C(F)(F)C(F)(F)C(F)(F)C(F)(F)C(F)(F)C(F)(F)C(F)(F)C(F)(F)C(F)(F)F"
"",NA,"DHZIKHSVLXMVQY-UHFFFAOYSA-N","C14H3F25O2",677.973384836,"O=C(O)CC(F)(F)C(F)(F)C(F)(F)C(F)(F)C(F)(F)C(F)(F)C(F)(F)C(F)(F)C(F)(F)C(F)(F)C(F)(F)C(F)(F)F"
"DTXSID50451109",NA,"XTBXSCIWOVSSGB-UHFFFAOYSA-N","C10H3F17O2",477.986159076,"O=C(O)CC(F)(F)C(F)(F)C(F)(F)C(F)(F)C(F)(F)C(F)(F)C(F)(F)C(F)(F)F"
"DTXSID50451109",NA,"XTBXSCIWOVSSGB-UHFFFAOYSA-N","C10H3F17O2",477.986159076,"O=C(O)CC(F)(F)C(F)(F)C(F)(F)C(F)(F)C(F)(F)C(F)(F)C(F)(F)C(F)(F)F"
"DTXSID50472556",NA,"LRWIIEJPCFNNCZ-UHFFFAOYSA-N","C8H3F13O2",377.992546196,"O=C(O)CC(F)(F)C(F)(F)C(F)(F)C(F)(F)C(F)(F)C(F)(F)F"
"",NA,"AEKAPQDENKBNCX-UHFFFAOYSA-N","C8H7F13O4Si",441.990602094,"OC(CC(F)(F)C(F)(F)C(F)(F)C(F)(F)C(F)(F)C(F)(F)F)[Si](O)(O)O"
"DTXSID6070221","CAS_RN: 65104-67-8","UYSGWTCETIRUHO-UHFFFAOYSA-N","C18H5F33O",863.98134604,"OCCC(F)(F)C(F)(F)C(F)(F)C(F)(F)C(F)(F)C(F)(F)C(F)(F)C(F)(F)C(F)(F)C(F)(F)C(F)(F)C(F)(F)C(F)(F)C(F)(F)C(F)(F)C(F)(F)F"
"DTXSID4069422","CAS_RN: 60699-51-6","ZDUOTHMDVYXZBS-UHFFFAOYSA-N","C16H5F29O",763.98773316,"OCCC(F)(F)C(F)(F)C(F)(F)C(F)(F)C(F)(F)C(F)(F)C(F)(F)C(F)(F)C(F)(F)C(F)(F)C(F)(F)C(F)(F)C(F)(F)C(F)(F)F"
"DTXSID3068170","CAS_RN: 39239-77-5","QBBJBWKVSJWYQK-UHFFFAOYSA-N","C14H5F25O",663.99412028,"OCCC(F)(F)C(F)(F)C(F)(F)C(F)(F)C(F)(F)C(F)(F)C(F)(F)C(F)(F)C(F)(F)C(F)(F)C(F)(F)C(F)(F)F"
"DTXSID3068170","CAS_RN: 39239-77-5","QBBJBWKVSJWYQK-UHFFFAOYSA-N","C14H5F25O",663.99412028,"OCCC(F)(F)C(F)(F)C(F)(F)C(F)(F)C(F)(F)C(F)(F)C(F)(F)C(F)(F)C(F)(F)C(F)(F)C(F)(F)C(F)(F)F"
"DTXSID2029905","CAS_RN: 865-86-1","FLXYIZWPNQYPIT-UHFFFAOYSA-N","C12H5F21O",564.0005074,"OCCC(F)(F)C(F)(F)C(F)(F)C(F)(F)C(F)(F)C(F)(F)C(F)(F)C(F)(F)C(F)(F)C(F)(F)F"
"DTXSID7029904","CAS_RN: 678-39-7","JJUBFBTUBACDHW-UHFFFAOYSA-N","C10H5F17O",464.00689452,"OCCC(F)(F)C(F)(F)C(F)(F)C(F)(F)C(F)(F)C(F)(F)C(F)(F)C(F)(F)F"
"DTXSID20896144","CAS_RN: 93480-00-3","RSSYTIJSFBLSQT-UHFFFAOYSA-N","C12H10F15NO3",501.04211648,"O=C(NCCOCCO)C(F)(F)C(F)(F)C(F)(F)C(F)(F)C(F)(F)C(F)(F)C(F)(F)F"
"DTXSID60556851","CAS_RN: 52299-25-9","WAZIDHPTVNFDQG-UHFFFAOYSA-N","C8HF18O2P",501.942673862,"O=P(O)(C(F)(F)C(F)(F)C(F)(F)C(F)(F)F)C(F)(F)C(F)(F)C(F)(F)C(F)(F)F"
"","CAS_RN: 146443-00-7","JNEGECSXOURYNI-UHFFFAOYSA-N","C10H4Cl3F17Si",579.887639438,"FC(F)(F)CCC(F)(F)C(F)(F)C(F)(F)C(F)(F)C(F)(F)C(F)(F)C(F)(F)[Si](Cl)(Cl)Cl"
"DTXSID30275668","CAS_RN: 722538-68-3","WLOQLWBIJZDHET-UHFFFAOYSA-N","C18H15S",263.08944648,"c1ccc([S+](c2ccccc2)c2ccccc2)cc1"
"DTXSID30275668","CAS_RN: 144317-44-2","WLOQLWBIJZDHET-UHFFFAOYSA-N","C18H15S",263.08944648,"c1ccc([S+](c2ccccc2)c2ccccc2)cc1"
"","CAS_RN: 231301-26-1","MTOQTIXWJHGJIQ-UHFFFAOYSA-N","C17H6F16N2O",558.022464332,"O=C(c1ccccc1)n1nc(C(F)(F)C(F)(F)C(F)(F)C(F)(F)C(F)(F)C(F)(F)F)cc1C(F)(F)F"
"DTXSID0027141","CAS_RN: 51142-49-5","RVZRBWKZFJCCIB-UHFFFAOYSA-N","C12F27N",670.95996094,"FC(F)(F)C(F)(F)C(F)(F)C(F)(F)N(C(F)(F)C(F)(F)C(F)(F)C(F)(F)F)C(F)(F)C(F)(F)C(F)(F)C(F)(F)F"
"","CAS_RN: 71500-44-2","URKPVRNLWSKUDD-UHFFFAOYSA-N","C9HF19O3S",549.934301072,"O=S(=O)(O)C(F)(F)C(F)(F)C(F)(F)C(F)(F)C(F)(F)C(F)(F)C(F)(C(F)(F)F)C(F)(F)F"
"","CAS_RN: 93951-33-8","BMKHDZBXXPDLFZ-UHFFFAOYSA-N","C23H22F19N2O3S",767.104774744,"CC(NS(=O)(=O)c1ccc(OC(=C(C(F)(F)F)C(C(F)(F)F)(C(F)(F)C(F)(F)F)C(F)(F)C(F)(F)F)C(F)(F)F)cc1)C(C)[N+](C)(C)C"
"DTXSID00166413","CAS_RN: 13429-24-8","FAEGGADNHFKDQX-UHFFFAOYSA-N","C6F12",299.98083864,"FC(=C(C(F)(F)F)C(F)(F)F)C(F)(F)C(F)(F)F"
"","CAS_RN: 66138-93-0","OAHLZPDNOHHVES-UHFFFAOYSA-N","C22H8F34O3",965.993053596,"FC(F)C(F)(F)C(F)(F)C(F)(F)C(F)(F)C(F)(F)C(F)(F)C(F)C(F)(F)OC=COC=COC(F)(F)C(F)C(F)(F)C(F)(F)C(F)(F)C(F)(F)C(F)(F)C(F)(F)C(F)F"
"","CAS_RN: 86960-56-7","GVJOJPKGBLJYRB-UHFFFAOYSA-N","C42H36Cl2F34N2O14S2",1572.044210672,"CCCN(CCOC(=O)c1cc(C(=O)OCC(O)CCl)c(C(=O)OCCN(CCC)S(=O)(=O)C(F)(F)C(F)(F)C(F)(F)C(F)(F)C(F)(F)C(F)(F)C(F)(F)C(F)(F)F)cc1C(=O)OCC(O)CCl)S(=O)(=O)C(F)(F)C(F)(F)C(F)(F)C(F)(F)C(F)(F)C(F)(F)C(F)(F)C(F)(F)F"
"","CAS_RN: 186406-49-5","WSJVFQUZEUKUIO-UHFFFAOYSA-N","C48H18F84N3O6P3",2420.906715666,"FC(F)C(F)(F)C(F)(F)C(F)(F)C(F)(F)C(F)(F)C(F)(F)CON1P(OCC(F)(F)C(F)(F)C(F)(F)C(F)(F)C(F)(F)C(F)(F)C(F)F)N(OCC(F)(F)C(F)(F)C(F)(F)C(F)(F)C(F)(F)C(F)(F)C(F)F)P(OCC(F)(F)C(F)(F)C(F)(F)C(F)(F)C(F)(F)C(F)(F)C(F)F)N(OCC(F)(F)C(F)(F)C(F)(F)C(F)(F)C(F)(F)C(F)(F)C(F)F)P1OCC(F)(F)C(F)(F)C(F)(F)C(F)(F)C(F)(F)C(F)(F)C(F)F"
"","CAS_RN: 106796-59-2","VSJYUOGOYPSILM-UHFFFAOYSA-N","C24H15F39N3O6P3",1274.95509567,"FC(F)C(F)(F)C(F)(F)C(F)(F)COP1(OCC(F)(F)C(F)(F)F)=NP(OCC(F)(F)C(F)(F)F)(OCC(F)(F)C(F)(F)C(F)(F)C(F)F)=NP(OCC(F)(F)C(F)(F)F)(OCC(F)(F)C(F)(F)C(F)(F)C(F)F)=N1"
"","CAS_RN: 220237-52-5","VYLWWDFWFFKPCT-KTKRTIGZSA-N","C32H37F25O2",928.239435924,"CCCCCCCC/C=C\CCCCCCCC(=O)OCCC(F)(F)C(F)(F)C(F)(F)C(F)(F)C(F)(F)C(F)(F)C(F)(F)C(F)(F)C(F)(F)C(F)(F)C(F)(F)C(F)(F)F"
"","CAS_RN: 548479-70-5","FCRWLNOWNDZUEN-UHFFFAOYSA-N","C14H6F14N2O2",500.020572512,"O=C(Nc1ccccc1NC(=O)C(F)(F)C(F)(F)C(F)(F)F)C(F)(F)C(F)(F)C(F)(F)F"
"","CAS_RN: 99908-28-8","DSKCPKOSLHYMBC-UHFFFAOYSA-N","C22H20F17N3O6S",777.0801361,"CCCN(CCOC(=O)Nc1ccc(C)c(NC(=O)O)c1)S(=O)(=O)C(F)(F)C(F)(F)C(F)(F)C(F)(F)C(F)(F)C(F)(F)C(F)(F)C(F)(F)F"
"","CAS_RN: 104267-74-5","FTIVHTWWUSVAQK-UHFFFAOYSA-N","C33H26F34N4O8S2",1316.064915272,"CCCN(CCOC(=O)Nc1ccc(C)c(NC(=O)OCCN(C)S(=O)(=O)C(F)(F)C(F)(F)C(F)(F)C(F)(F)C(F)(F)C(F)(F)C(F)(F)C(F)(F)F)c1)S(=O)(=O)C(F)(F)C(F)(F)C(F)(F)C(F)(F)C(F)(F)C(F)(F)C(F)(F)C(F)(F)F"
"","CAS_RN: 263756-45-2","FZFGCTKHRTVJPG-UHFFFAOYSA-N","C22H4F41I",1173.870305148,"FC(F)(F)C(F)(F)C(F)(F)C(F)(F)C(F)(F)C(F)(F)C(F)(F)C(F)(F)C(F)(F)C(F)(F)C(F)(F)C(F)(F)C(F)(F)C(F)(F)C(F)(F)C(F)(F)C(F)(F)C(F)(F)C(F)(F)C(F)(F)CCI"
"","CAS_RN: 959462-54-5","PKYNELLVMYUQCU-UHFFFAOYSA-N","C20H16F26",750.083684232,"FC(F)(F)C(F)(F)C(F)(F)C(F)(F)C(F)(F)C(F)(F)CCCCCCCCC(F)(F)C(F)(F)C(F)(F)C(F)(F)C(F)(F)C(F)(F)F"
"",NA,"FLJKZYHVWHYJFM-UHFFFAOYSA-N","C4HF9O4S",315.945183492,"O=S(=O)(O)OC(F)(F)C(F)(C(F)(F)F)C(F)(F)F"
"DTXSID6029177","CAS_RN: 25038-02-2","PGFXOWRDDHCDTE-UHFFFAOYSA-N","C3F6O",165.98533394,"FC(F)(F)C1(F)OC1(F)F"
"DTXSID50562865","CAS_RN: 61436-04-2","KPBOPOXIOBBZTR-UHFFFAOYSA-N","C8HF15O2",413.973702572,"O=C(O)C(F)(F)C(F)(F)C(F)(F)C(F)(F)C(F)(C(F)(F)F)C(F)(F)F"
"","CAS_RN: 186406-48-4","FCYXYXSADZPFRJ-UHFFFAOYSA-N","C36H18F60N3O6P3",1820.945038386,"FC(F)C(F)(F)C(F)(F)C(F)(F)C(F)(F)COP1(OCC(F)(F)C(F)(F)C(F)(F)C(F)(F)C(F)F)=NP(OCC(F)(F)C(F)(F)C(F)(F)C(F)(F)C(F)F)(OCC(F)(F)C(F)(F)C(F)(F)C(F)(F)C(F)F)=NP(OCC(F)(F)C(F)(F)C(F)(F)C(F)(F)C(F)F)(OCC(F)(F)C(F)(F)C(F)(F)C(F)(F)C(F)F)=N1"
"","CAS_RN: 80632-82-2","MORRHGXSKNTVCN-REOHCLBHSA-N","C10F22",537.96487084,"FC(F)(F)C(F)(F)C(C(F)(F)F)(C(F)(F)C(F)(F)F)[C@@](F)(C(F)(F)F)C(F)(F)C(F)(F)F"
"DTXSID5042326","CAS_RN: 185045-68-5","DJXNLVJQMJNEMN-UHFFFAOYSA-N","C5H3F9O",250.004018696,"COC(F)(F)C(F)(C(F)(F)F)C(F)(F)F"
"DTXSID4073120","CAS_RN: 219484-64-7","OKIYQFLILPKULA-UHFFFAOYSA-N","C5H3F9O",250.004018696,"COC(F)(F)C(F)(F)C(F)(F)C(F)(F)F"
"DTXSID40370537","CAS_RN: 213740-80-8","DNFSNYQTQMVTOK-UHFFFAOYSA-N","C20H26I",393.107923832,"CC(C)(C)c1ccc([I+]c2ccc(C(C)(C)C)cc2)cc1"
"","CAS_RN: 93894-57-6","LIDOVKZSCIIYGP-UHFFFAOYSA-N","C8H2F17NO2S",498.953479044,"NS(=O)(=O)C(F)(F)C(F)(F)C(F)(F)C(F)(F)C(F)(F)C(F)(C(F)(F)F)C(F)(F)F"
"DTXSID701019144","CAS_RN: 93894-68-9","NIKYAXWJPSOKTP-UHFFFAOYSA-N","C8HF17O3S",499.937494632,"O=S(=O)(O)C(F)(F)C(F)(F)C(F)(F)C(F)(F)C(F)(F)C(F)(C(F)(F)F)C(F)(F)F"
"","CAS_RN: 75032-95-0","HCRKCTGHZXNNJK-VKHMYHEASA-N","C13H8F17NO6S",628.980087716,"O=C(O)CC[C@H](NS(=O)(=O)C(F)(F)C(F)(F)C(F)(F)C(F)(F)C(F)(F)C(F)(F)C(F)(F)C(F)(F)F)C(=O)O"
"","CAS_RN: 84029-52-7","FALKUJHRPGKTOM-UHFFFAOYSA-N","C22H8F34O2",949.998138976,"FC(OCCCCOC(F)=C(F)C(F)(F)C(F)(F)C(F)(F)C(F)(F)C(F)(F)C(F)(F)C(F)(F)F)=C(F)C(F)(F)C(F)(F)C(F)(F)C(F)(F)C(F)(F)C(F)(F)C(F)(F)F"
"","CAS_RN: 84029-56-1","KEUDAXBHLYWSJP-UHFFFAOYSA-N","C23H10F34O2",964.01378904,"FC(OCCCCCOC(F)=C(F)C(F)(F)C(F)(F)C(F)(F)C(F)(F)C(F)(F)C(F)(F)C(F)(F)F)=C(F)C(F)(F)C(F)(F)C(F)(F)C(F)(F)C(F)(F)C(F)(F)C(F)(F)F"
"","CAS_RN: 84029-58-3","QHHPKLZCVQPGLS-UHFFFAOYSA-N","C24H12F34O2",978.029439104,"FC(OCCCCCCOC(F)=C(F)C(F)(F)C(F)(F)C(F)(F)C(F)(F)C(F)(F)C(F)(F)C(F)(F)F)=C(F)C(F)(F)C(F)(F)C(F)(F)C(F)(F)C(F)(F)C(F)(F)C(F)(F)F"
"","CAS_RN: 84029-60-7","JQAUPWZJRFGGGG-UHFFFAOYSA-N","C17H2F32O",829.959467724,"FC(OCC(F)(F)C(F)(F)C(F)(F)C(F)(F)C(F)(F)C(F)(F)C(F)(F)F)=C(F)C(F)(F)C(F)(F)C(F)(F)C(F)(F)C(F)(F)C(F)(F)C(F)(F)F"
"DTXSID80871634","CAS_RN: 27213-61-2","HBZVXKDQRIQMCW-UHFFFAOYSA-N","C7HF15",369.983873332,"FC(F)C(F)(F)C(F)(F)C(F)(F)C(F)(F)C(F)(F)C(F)(F)F"
"","CAS_RN: 332350-90-0","BTMIENSZKMNLRR-UHFFFAOYSA-N","C16H36OP",275.250377402,"CCCC[P+](CCCC)(CCCC)CC(C)OC"
"DTXSID30166441","CAS_RN: 332350-93-3","BNQRPLGZFADFGA-UHFFFAOYSA-N","C25H22P",353.145912334,"c1ccc(C[P+](c2ccccc2)(c2ccccc2)c2ccccc2)cc1"
"","CAS_RN: 80392-00-3","OHKWQFWPZIUEAF-UHFFFAOYSA-N","C8H19O2P",178.112266478,"CCP(OC(C)C)OC(C)C"
"","CAS_RN: 80392-01-4","WSKURJVKUYJGJB-UHFFFAOYSA-N","C10H23O2P",206.143566606,"CCCCOP(CC)OCCCC"
"","CAS_RN: 80391-99-7","YWJXHRUORDCBAC-UHFFFAOYSA-N","C8H19O2P",178.112266478,"CCCOP(CC)OCCC"
"","CAS_RN: 503431-63-8","AFMOUWTZELQOML-RGMNGODLSA-N","C15H12F17LiNO4S",632.0375621,NA
"DTXSID30870511","CAS_RN:354-88-1","GKNWQHIXXANPTN-UHFFFAOYSA-N","C2HF5O3S",199.956655992,"O=S(=O)(O)C(F)(F)C(F)(F)F"
"DTXSID20795840","CAS_RN:63295-25-0","CJBCFHAFRXBPBY-UHFFFAOYSA-N","C18H9F30O4P",889.975941998,"O=P(O)(OCCC(F)(F)C(F)(F)C(F)(F)C(F)(F)C(F)(F)C(F)(F)C(F)(F)F)OCCC(F)(F)C(F)(F)C(F)(F)C(F)(F)C(F)(F)C(F)(F)C(F)(F)F"
"DTXSID30558584","CAS_RN:1481-60-3","INDJJBXXADEZFT-UHFFFAOYSA-N","C6HF14O2P",401.949060982,"O=P(O)(C(F)(F)C(F)(F)C(F)(F)F)C(F)(F)C(F)(F)C(F)(F)F"
"DTXSID1034767","CAS_RN:61444-62-0","YUANPWFOQAEKNA-UHFFFAOYSA-N","C10H6F7N3O3",349.029738592,"Nc1c(NC(=O)C(F)(F)C(F)F)cc(C(F)(F)F)cc1[N+](=O)[O-]"
"DTXSID90984683","CAS_RN:662-28-2","YEMLBKSPDFVXEO-UHFFFAOYSA-N","C16F26",685.95848372,"FC1(F)C(F)(F)C(F)(F)C2(F)C(F)(C1(F)F)C1(F)C(F)(F)C(F)(F)C(F)(F)C3(F)C(F)(F)C(F)(F)C(F)(F)C2(F)C31F"
"DTXSID50631388","CAS_RN:21297-65-4","KGLNKLTXFWKSLA-UHFFFAOYSA-N","C3F6O2",181.98024856,"FC1(F)OC(F)(F)C(F)(F)O1"
"DTXSID70871466","CAS_RN:374-80-1","NLQOEOVORMKOIY-UHFFFAOYSA-N","C9F16",411.97445152,"FC1(F)C(F)(F)C(F)(F)C2(F)C(F)(F)C(F)(F)C(F)(F)C2(F)C1(F)F"
"DTXSID80437198","CAS_RN:377-41-3","KPEMHIJREABZQQ-UHFFFAOYSA-N","C4ClF7",215.95767522,"FC1(F)C(F)(F)C(F)(Cl)C1(F)F"
"DTXSID10870514","CAS_RN:356-18-3","LMHAGAHDHRQIMB-UHFFFAOYSA-N","C4Cl2F6",231.92812468,"FC1(F)C(F)(F)C(F)(Cl)C1(F)Cl"
"DTXSID5034773","CAS_RN:116714-46-6","NJPPVKZQTLUDBO-UHFFFAOYSA-N","C17H9ClF8N2O4",492.012310208,"O=C(NC(=O)c1c(F)cccc1F)Nc1ccc(OC(F)(F)C(F)OC(F)(F)F)c(Cl)c1"
"DTXSID40946332","CAS_RN:2356-62-9","UDKWMTKIRQSDHF-UHFFFAOYSA-N","C3HF7O",185.991562192,"FC(OC(F)(F)F)C(F)(F)F"
"DTXSID1024251","CAS_RN:354-33-6","GTLACDSXYULKMZ-UHFFFAOYSA-N","C2HF5",119.999841132,"FC(F)C(F)(F)F"
"DTXSID4075297","CAS_RN:2252-84-8","UKACHOXRXFQJFN-UHFFFAOYSA-N","C3HF7",169.996647572,"FC(F)C(F)(F)C(F)(F)F"
"DTXSID0073906","CAS_RN:422-55-9","AYAIRPGAABBRLY-UHFFFAOYSA-N","C3HClF6",185.967097032,"FC(F)C(F)(F)C(F)(F)Cl"
"DTXSID60371304","CAS_RN:355-36-2","POJDLLAQCVDMMK-UHFFFAOYSA-N","C6HBrF12",379.907000772,"FC(F)C(F)(F)C(F)(F)C(F)(F)C(F)(F)C(F)(F)Br"
"DTXSID60408341","CAS_RN:85342-62-7","LWHOMMCIJIJIGV-UHFFFAOYSA-N","C13H6F3NO5S",344.991877952,"O=C1c2cccc3cccc(c23)C(=O)N1OS(=O)(=O)C(F)(F)F"
"DTXSID40542616","CAS_RN:40891-99-4","YSGKVOMJRCQYMT-UHFFFAOYSA-N","C6F14O3",385.96238894,"FC(F)(F)OC(F)(F)C(F)(F)OC(F)(F)C(F)(F)OC(F)(F)F"
"DTXSID70914928","CAS_RN:95576-25-3","FUCPNELYUCUXTJ-UHFFFAOYSA-N","C6H4F10",266.015332328,"FC(F)(F)C(F)(F)CCC(F)(F)C(F)(F)F"
"DTXSID20187140","CAS_RN:335-21-7","SEEJHICDPXGSRQ-UHFFFAOYSA-N","C8F16",399.97445152,"FC(F)(F)C(F)(F)C1(F)C(F)(F)C(F)(F)C(F)(F)C(F)(F)C1(F)F"
"DTXSID90371650","CAS_RN:355-40-8","SNCGKZWVZZPGDQ-UHFFFAOYSA-N","C6Cl2F12",369.918544,"FC(F)(Cl)C(F)(F)C(F)(F)C(F)(F)C(F)(F)C(F)(F)Cl"
"DTXSID10334368","CAS_RN:307-26-6","DVAVTWDOWVBESE-UHFFFAOYSA-N","C6Cl5F9",417.82989238,"FC(F)(Cl)C(F)(Cl)C(F)(F)C(F)(Cl)C(F)(F)C(F)(Cl)Cl"
"DTXSID6042028","CAS_RN:507-55-1","UJIGKESMIPTWJH-UHFFFAOYSA-N","C3HCl2F5",201.937546492,"FC(Cl)C(F)(F)C(F)(F)Cl"
"DTXSID20871517","CAS_RN:22410-44-2","GCDWNCOAODIANN-UHFFFAOYSA-N","C3H3F5O",150.010405816,"COC(F)(F)C(F)(F)F"
"DTXSID60730992","CAS_RN:608299-03-2","OJSFFLCTIKRXOA-UHFFFAOYSA-N","C9H13F9OSi",336.059195546,"CO[Si](C)(C)CCC(F)(F)C(F)(F)C(F)(F)C(F)(F)F"
"DTXSID10868577","CAS_RN:958822-85-0","CUJCSBFFGKTHSK-UHFFFAOYSA-N","C13H17F13N2O3S",528.075230264,"CN(C)CCCN(O)S(=O)(=O)CCC(F)(F)C(F)(F)C(F)(F)C(F)(F)C(F)(F)C(F)(F)F"
"DTXSID50387373","CAS_RN:6145-05-7","GGMKNRLOOXZGNL-UHFFFAOYSA-N","C16H17F17",532.105880284,"CCCCCCCCC(F)(F)C(F)(F)C(F)(F)C(F)(F)C(F)(F)C(F)(F)C(F)(F)C(F)(F)F"
"DTXSID40240524","CAS_RN:94099-50-0","YVTUKCQAIFPUQE-UHFFFAOYSA-N","C6H9F5",176.062441388,"CCCCC(F)(F)C(F)(F)F"
"DTXSID101023737","CAS_RN:717825-76-8","GYGAJGKPDXOWIL-UHFFFAOYSA-N","C26H35F17O5Si",778.19823049,"C#CC(C)(O)CCO[Si](CCCC)(CCCC)CCCOCC(F)(OC(F)(F)C(F)(OC(F)(F)C(F)(F)C(F)(F)F)C(F)(F)F)C(F)(F)F"
"","CAS_RN:154381-43-8","KBOAVUSWPXRQBC-UHFFFAOYSA-N","C5H7F5",162.046791324,"CCCC(F)(F)C(F)(F)F"
"DTXSID10889222","CAS_RN:870778-34-0","TZMQCOROQZMJIS-UHFFFAOYSA-N","C8H6F12O",346.022703452,"CC(OC(F)(F)C(F)C(F)(F)F)C(F)(F)C(F)C(F)(F)F"
"DTXSID90869668","CAS_RN:121617-11-6","ARFGGIRJBPTBPP-UHFFFAOYSA-N","C15H10F7N3O2S2",461.0102661,"O=S(Cc1cc(OCC(F)(F)C(F)(F)C(F)(F)F)ccn1)c1nc2cscc2[nH]1"
"","CAS_RN:335-23-9","OIWXSBDFHALUCH-UHFFFAOYSA-N","C10F20",499.9680644,"FC(F)(F)C(F)(F)C1(F)C(F)(F)C(F)(F)C(F)(F)C(F)(C(F)(F)C(F)(F)F)C1(F)F"
"","CAS_RN:1513863-94-9","BPAWUUWJZZQNHZ-UHFFFAOYSA-O","C15H22F9N2O3S",481.120742544,"C[N+](C)(CCCNC(=O)CSCCC(F)(F)C(F)(F)C(F)(F)C(F)(F)F)CC(=O)O"
"","CAS_RN:1513863-96-1","HCQLOKCIMHNDSL-UHFFFAOYSA-O","C19H22F17N2O3S",681.107968304,"C[N+](C)(CCCNC(=O)CSCCC(F)(F)C(F)(F)C(F)(F)C(F)(F)C(F)(F)C(F)(F)C(F)(F)C(F)(F)F)CC(=O)O"
"","CAS_RN:1513863-97-2","GIDYUKADFJBSAU-UHFFFAOYSA-O","C21H22F21N2O3S",781.101581184,"C[N+](C)(CCCNC(=O)CSCCC(F)(F)C(F)(F)C(F)(F)C(F)(F)C(F)(F)C(F)(F)C(F)(F)C(F)(F)C(F)(F)C(F)(F)F)CC(=O)O"
"","CAS_RN:1513863-98-3","DNBDZGIEFBKSNQ-UHFFFAOYSA-O","C23H22F25N2O3S",881.095194064,"C[N+](C)(CCCNC(=O)CSCCC(F)(F)C(F)(F)C(F)(F)C(F)(F)C(F)(F)C(F)(F)C(F)(F)C(F)(F)C(F)(F)C(F)(F)C(F)(F)C(F)(F)F)CC(=O)O"
"","CAS_RN:77968-31-1","LKAALQCVMWYDMN-UHFFFAOYSA-O","C18H16F21N2O3",707.082559992,"C[N+](C)(CCCNC(=O)C(F)(F)C(F)(F)C(F)(F)C(F)(F)C(F)(F)C(F)(F)C(F)(F)C(F)(F)C(F)(F)C(F)(F)F)CC(=O)O"
"","CAS_RN:1513863-82-5","WLNBQAVMIDCSHA-UHFFFAOYSA-O","C19H16F23N2O3",757.079366432,"C[N+](C)(CCCNC(=O)C(F)(F)C(F)(F)C(F)(F)C(F)(F)C(F)(F)C(F)(F)C(F)(F)C(F)(F)C(F)(F)C(F)(F)C(F)(F)F)CC(=O)O"
"","CAS_RN:1513864-25-9","MCEHNRJGXCTCKQ-UHFFFAOYSA-O","C15H22F9N2O6S",529.105486404,"C[N+](C)(CCCN(CCC(=O)O)S(=O)(=O)C(F)(F)C(F)(F)C(F)(F)C(F)(F)F)CCC(=O)O"
"","CAS_RN:171184-14-8","AVOCDJCZFLQTCS-UHFFFAOYSA-O","C12H15F11NO2",414.09271414,"C[N+](C)(CCCC(F)(F)C(F)(F)C(F)(F)C(F)(F)C(F)(F)F)CC(=O)O"
"","CAS_RN:171184-16-0","RFIXIVBTEIYSPF-UHFFFAOYSA-O","C16H15F19NO2",614.0799399,"C[N+](C)(CCCC(F)(F)C(F)(F)C(F)(F)C(F)(F)C(F)(F)C(F)(F)C(F)(F)C(F)(F)C(F)(F)F)CC(=O)O"
"","CAS_RN:171184-17-1","HKFRVYTXFSKFKY-UHFFFAOYSA-O","C18H15F23NO2",714.07355278,"C[N+](C)(CCCC(F)(F)C(F)(F)C(F)(F)C(F)(F)C(F)(F)C(F)(F)C(F)(F)C(F)(F)C(F)(F)C(F)(F)C(F)(F)F)CC(=O)O"
"","CAS_RN:171184-02-4","UHCSCHGCOSOIRD-UHFFFAOYSA-O","C12H14F12NO2",432.083292328,"C[N+](C)(CCC(F)C(F)(F)C(F)(F)C(F)(F)C(F)(F)C(F)(F)F)CC(=O)O"
"","CAS_RN:171184-03-5","DYECIQLCZJYVHI-UHFFFAOYSA-O","C14H14F16NO2",532.076905208,"C[N+](C)(CCC(F)C(F)(F)C(F)(F)C(F)(F)C(F)(F)C(F)(F)C(F)(F)C(F)(F)F)CC(=O)O"
"","CAS_RN:171184-04-6","YKRJQSGAXINGGE-UHFFFAOYSA-O","C16H14F20NO2",632.070518088,"C[N+](C)(CCC(F)C(F)(F)C(F)(F)C(F)(F)C(F)(F)C(F)(F)C(F)(F)C(F)(F)C(F)(F)C(F)(F)F)CC(=O)O"
"DTXSID10892615","CAS_RN:171184-05-7","AIGDLYRKICIOLY-UHFFFAOYSA-O","C18H14F24NO2",732.064130968,"C[N+](C)(CCC(F)C(F)(F)C(F)(F)C(F)(F)C(F)(F)C(F)(F)C(F)(F)C(F)(F)C(F)(F)C(F)(F)C(F)(F)C(F)(F)F)CC(=O)O"
"DTXSID30892612","CAS_RN:1513864-17-9","QWJSEIPPFTYHTB-UHFFFAOYSA-N","C18H19F21NO2S",712.080117468,"C[N+](C)(C)CC(O)CS(=O)CCC(F)(F)C(F)(F)C(F)(F)C(F)(F)C(F)(F)C(F)(F)C(F)(F)C(F)(F)C(F)(F)C(F)(F)F"
"","CAS_RN:103321-11-5","YSRVDLQDMZJEDO-UHFFFAOYSA-N","C4HF10O2P",301.955448102,"O=P(O)(C(F)(F)C(F)(F)F)C(F)(F)C(F)(F)F"
"","CAS_RN:2690-05-3","DBXHDMQAEGSYPF-UHFFFAOYSA-N","C7F16",387.97445152,"FC(F)(F)C(F)(F)C(F)(C(F)(F)C(F)(F)F)C(F)(F)C(F)(F)F"
"DTXSID8071356","CAS_RN:474511-07-4","MNEXVZFQQPKDHC-UHFFFAOYSA-N","C9HF19O3S",549.934301072,"O=S(=O)(O)C(F)(F)C(F)(F)C(F)(F)C(F)(F)C(F)(F)C(F)(F)C(F)(F)C(F)(F)C(F)(F)F"
"DTXSID7073775","CAS_RN:107349-85-9","SAYBNFCGPRCAGY-UHFFFAOYSA-N","C13H4BrF11N2O3",523.922964508,"O=C(Nc1ccc([N+](=O)[O-])cc1Br)C1(F)C(F)(F)C(F)(F)C(F)(F)C(F)(F)C1(F)F"
"DTXSID00882020","CAS_RN:98900-70-0","VXOHBWROOXTGPC-UHFFFAOYSA-N","C14H17F13N2O4S",556.070144884,"CN(C)CCCN(CCC(=O)O)S(=O)(=O)C(F)(F)C(F)(F)C(F)(F)C(F)(F)C(F)(F)C(F)(F)F"
"DTXSID8031865","CAS_RN:17125-58-5","SNGREZUHAYWORS-UHFFFAOYSA-N","C8HF15O2",413.973702572,"O=C(O)C(F)(F)C(F)(F)C(F)(F)C(F)(F)C(F)(F)C(F)(F)C(F)(F)F"
"DTXSID40892507","CAS_RN:83329-89-9","SZVGIJOITCPDPM-UHFFFAOYSA-N","C10HClF20O4S",631.896471592,"O=S(=O)(O)C(F)(F)C(F)(F)OC(F)(F)C(F)(F)C(F)(F)C(F)(F)C(F)(F)C(F)(F)C(F)(F)C(F)(F)Cl"
"","CAS_RN:278598-45-1","YXAFVGLROFTRER-UHFFFAOYSA-O","C21H20F25N2O4S",871.07445862,"C[N+](C)(CCCNS(=O)(=O)CCC(F)(F)C(F)(F)C(F)(F)C(F)(F)C(F)(F)C(F)(F)C(F)(F)C(F)(F)C(F)(F)C(F)(F)C(F)(F)C(F)(F)F)CC(=O)O"
"DTXSID4022369","CAS_RN:129453-61-8","VWUXBMIQPBEWFH-WCCTWKNTSA-N","C32H47F5O3S",606.316607464,"C[C@]12CC[C@@H]3c4ccc(O)cc4C[C@@H](CCCCCCCCCS(=O)CCCC(F)(F)C(F)(F)F)[C@H]3[C@@H]1CC[C@@H]2O"
"DTXSID50892598","CAS_RN:71940-07-3","VRHKIYMPKNNKRY-UHFFFAOYSA-N","C16H19F17NOS",596.091589968,"C[N+](C)(C)CC(O)CSCCC(F)(F)C(F)(F)C(F)(F)C(F)(F)C(F)(F)C(F)(F)C(F)(F)C(F)(F)F"
