"ID","CAS","INCHIKEY","FORMULA","MONOISOTOPIC_MASS","SMILES"
1,NA,"UEYXJPFQJDFMGD-UHFFFAOYSA-N","C8HF13",343.987066892,"C#CC(C(F)(F)F)(C(F)(F)F)C(F)(F)C(F)(F)C(F)(F)F"
2,NA,"DEENCVDXCNHHAM-UHFFFAOYSA-N","C20H9F34O2P",957.979725638,"O=P(O)(CCC(F)(F)C(F)(F)C(F)(F)C(F)(F)C(F)(F)C(F)(F)C(F)(F)C(F)(F)F)CCC(F)(F)C(F)(F)C(F)(F)C(F)(F)C(F)(F)C(F)(F)C(F)(F)C(F)(F)F"
3,NA,"JKDZBIHMORMGRL-UHFFFAOYSA-N","C42H12F75O4P",2035.927561994,"O=P(OCCC(F)(F)C(F)(F)C(F)(F)C(F)(F)C(F)(F)C(F)(F)C(F)(F)C(F)(F)C(F)(F)C(F)(F)C(F)(F)C(F)(F)F)(OCCC(F)(F)C(F)(F)C(F)(F)C(F)(F)C(F)(F)C(F)(F)C(F)(F)C(F)(F)C(F)(F)C(F)(F)C(F)(F)C(F)(F)F)OCCC(F)(F)C(F)(F)C(F)(F)C(F)(F)C(F)(F)C(F)(F)C(F)(F)C(F)(F)C(F)(F)C(F)(F)C(F)(F)C(F)(F)F"
4,NA,"CVMPVWSYSNATQO-UHFFFAOYSA-N","C9H6ClF9O2",351.991261092,"C=C(Cl)C(=O)OCCC(F)(F)C(F)(F)C(F)(F)C(F)(F)F"
5,NA,"JZEKVGIWHZEUSP-UHFFFAOYSA-N","C10H6F10O",332.025897012,"FC(F)(F)C(F)(F)C(F)(F)OC1(F)C2C=CC(C2)C1(F)F"
6,NA,"NGEYGRCDNBGSKG-UHFFFAOYSA-N","C12H8F10O",358.041547076,"FC(F)(F)C(F)(F)C(F)(F)OC1(F)C2C3C=CC(C3)C2C1(F)F"
7,NA,"QAIOQFZLAKMXNK-UHFFFAOYSA-N","C11H9F9",312.056054268,"FC(F)(F)C(F)(F)C(F)(F)C(F)(F)C1CC2C=CC1C2"
8,NA,"PEWOESYEGLBLNR-UHFFFAOYSA-N","C14H15F7O2",348.09602726,"CC12CCC(C(C(=O)C(F)(F)C(F)(F)C(F)(F)F)C1=O)C2(C)C"
9,NA,"FUVKFLJWBHVMHX-UHFFFAOYSA-N","C4H2F9NO2S",298.966253284,"NS(=O)(=O)C(F)(F)C(F)(F)C(F)(F)C(F)(F)F"
10,NA,"INMDAGXEYRBPRG-UHFFFAOYSA-N","C10H4Cl2F7NO",356.955816648,"OC(=Nc1ccc(Cl)c(Cl)c1)C(F)(F)C(F)(F)C(F)(F)F"
11,NA,"WGNKYUWDFZMCGQ-UHFFFAOYSA-N","C10H4Cl2F7NO",356.955816648,"OC(=Nc1cc(Cl)cc(Cl)c1)C(F)(F)C(F)(F)C(F)(F)F"
12,NA,"WUGSPVXFVQZHFC-UHFFFAOYSA-N","C28H28F17N3O8S",889.132565596,"C=C(C)C(=O)OCC(C)OC(O)=Nc1cc(N=C(O)OCCN(CC)S(=O)(=O)C(F)(F)C(F)(F)C(F)(F)C(F)(F)C(F)(F)C(F)(F)C(F)(F)C(F)(F)F)ccc1C"
13,NA,"RPJIZRHOCVMSSZ-UHFFFAOYSA-N","C27H28F15N3O8S",839.135759156,"C=C(C)C(=O)OCC(C)OC(O)=Nc1cc(N=C(O)OCCN(CC)S(=O)(=O)C(F)(F)C(F)(F)C(F)(F)C(F)(F)C(F)(F)C(F)(F)C(F)(F)F)ccc1C"
14,NA,"XCLCXQRFYCAXDN-UHFFFAOYSA-N","C26H28F13N3O8S",789.138952716,"C=C(C)C(=O)OCC(C)OC(O)=Nc1cc(N=C(O)OCCN(CC)S(=O)(=O)C(F)(F)C(F)(F)C(F)(F)C(F)(F)C(F)(F)C(F)(F)F)ccc1C"
15,NA,"OBPWLOPGKWGMTO-UHFFFAOYSA-N","C25H28F11N3O8S",739.142146276,"C=C(C)C(=O)OCC(C)OC(O)=Nc1cc(N=C(O)OCCN(CC)S(=O)(=O)C(F)(F)C(F)(F)C(F)(F)C(F)(F)C(F)(F)F)ccc1C"
16,NA,"ZNHAMOMCVOBRLM-UHFFFAOYSA-N","C24H28F9N3O8S",689.145339836,"C=C(C)C(=O)OCC(C)OC(O)=Nc1cc(N=C(O)OCCN(CC)S(=O)(=O)C(F)(F)C(F)(F)C(F)(F)C(F)(F)F)ccc1C"
17,NA,"ZPJOKRFOGKCNBA-UHFFFAOYSA-N","C23H23F25N2O3",850.130948096,"CCN(CCCNCC(O)CC(F)(F)C(F)(F)C(F)(F)C(F)(F)C(F)(F)C(F)(F)C(F)(F)C(F)(F)C(F)(F)C(F)(F)C(F)(F)C(F)(F)F)CCC(=O)O"
18,NA,"KZJUHXVCAHXJLR-UHFFFAOYSA-N","C8HF18NO4S2",580.905957472,"O=S(=O)(NS(=O)(=O)C(F)(F)C(F)(F)C(F)(F)C(F)(F)F)C(F)(F)C(F)(F)C(F)(F)C(F)(F)F"
19,NA,"BODFJDZXURKORU-UHFFFAOYSA-N","C6H2F9NO2",290.994182284,"O=[N+]([O-])C=CC(F)(F)C(F)(F)C(F)(F)C(F)(F)F"
20,NA,"PVICYOGEJBAIKN-UHFFFAOYSA-N","C12F17NO2",512.96575798,"O=[N+]([O-])c1c(F)c(F)c(C(F)(C(F)(F)F)C(F)(F)F)c(F)c1C(F)(C(F)(F)F)C(F)(F)F"
21,NA,"WDTRKHSHZIJORU-UHFFFAOYSA-N","C9H3Cl2F6NO3",356.939417636,"O=[N+]([O-])c1cc(Cl)c(OC(F)(F)C(F)C(F)(F)F)cc1Cl"
22,NA,"AIMRZXIGISGIMY-UHFFFAOYSA-N","C9F11NO2",362.97533866,"O=[N+]([O-])c1c(F)c(F)c(C(F)(C(F)(F)F)C(F)(F)F)c(F)c1F"
23,NA,"UBMXHZGJQACURD-UHFFFAOYSA-N","C14H7F13N4O4",542.025971564,"O=[N+]([O-])c1ccc(N=NCCC(F)(F)C(F)(F)C(F)(F)C(F)(F)C(F)(F)C(F)(F)F)c([N+](=O)[O-])c1"
24,NA,"WWFIKWYKKMDAQB-UHFFFAOYSA-N","C19H6F9N3O9",590.996032752,"O=C(OCC(F)(F)C(F)(F)C(F)(F)C(F)(F)F)c1cc([N+](=O)[O-])cc2c1-c1c(cc([N+](=O)[O-])cc1[N+](=O)[O-])C2=O"
25,NA,"DKVGVNPCZVNONQ-UHFFFAOYSA-N","C9H3F7N2O4",335.998104116,"O=[N+]([O-])c1cc([N+](=O)[O-])cc(C(F)(C(F)(F)F)C(F)(F)F)c1"
26,NA,"UKBIKHOGARYBLY-UHFFFAOYSA-N","C11H4F11NO2",391.006638788,"O=[N+]([O-])c1cccc(C(F)(F)C(F)(F)C(F)(F)C(F)(F)C(F)(F)F)c1"
27,NA,"XSVUTHPDIIPLTQ-UHFFFAOYSA-N","C10H4F9NO2",341.009832348,"O=[N+]([O-])c1cccc(C(F)(F)C(F)(F)C(F)(F)C(F)(F)F)c1"
28,NA,"LQYYVICTYPJDDJ-UHFFFAOYSA-N","C10H4BrF7N2O3",411.929351628,"O=[N+]([O-])c1ccc(N=C(O)C(F)(F)C(F)(F)C(F)(F)F)c(Br)c1"
29,NA,"AVFHBJSMSJZVFE-UHFFFAOYSA-N","C10H4F7NO4",335.002855148,"O=C(Oc1cccc([N+](=O)[O-])c1)C(F)(F)C(F)(F)C(F)(F)F"
30,NA,"ZRKXYIFJBYTAAB-UHFFFAOYSA-N","C10H4F7NO3",319.007940528,"O=C(c1ccc([N+](=O)[O-])cc1)C(F)(F)C(F)(F)C(F)(F)F"
31,NA,"ZNSFRNFHEGRVFR-UHFFFAOYSA-N","C9H4F7NO2",291.013025908,"O=[N+]([O-])c1ccc(C(F)(C(F)(F)F)C(F)(F)F)cc1"
32,NA,"VGHCHTBEJCZDFH-UHFFFAOYSA-N","C10H4F9NO2",341.009832348,"O=[N+]([O-])c1ccc(C(F)(F)C(F)(F)C(F)(F)C(F)(F)F)cc1"
33,NA,"AUJMMOWFPBJGCY-UHFFFAOYSA-N","C9H4F7NO2",291.013025908,"O=[N+]([O-])c1ccc(C(F)(F)C(F)(F)C(F)(F)F)cc1"
34,NA,"GYLVKWUPZMTHBJ-UHFFFAOYSA-N","C11H5F9N2O3S",415.987717,"O=[N+]([O-])c1ccc(C=NS(=O)C(F)(F)C(F)(F)C(F)(F)C(F)(F)F)cc1"
35,NA,"CUOUHXHRFRMHRU-UHFFFAOYSA-N","C15H5F17N2O3",584.00287176,"O=C(Nc1ccc([N+](=O)[O-])cc1)C(F)(F)C(F)(F)C(F)(F)C(F)(F)C(F)(F)C(F)(F)C(F)(F)C(F)(F)F"
36,NA,"ZVYZWOLDZMWXAQ-UHFFFAOYSA-N","C13H5F13N2O3",484.00925888,"O=C(Nc1ccc([N+](=O)[O-])cc1)C(F)(F)C(F)(F)C(F)(F)C(F)(F)C(F)(F)C(F)(F)F"
37,NA,"ODCGSXFIHQYHBY-UHFFFAOYSA-N","C11H5F9N2O3",384.015646,"O=C(Nc1ccc([N+](=O)[O-])cc1)C(F)(F)C(F)(F)C(F)(F)C(F)(F)F"
38,NA,"HQOLLMKLYTYSHA-UHFFFAOYSA-N","C10H5F7N2O3",334.01883956,"O=C(Nc1ccc([N+](=O)[O-])cc1)C(F)(F)C(F)(F)C(F)(F)F"
39,NA,"NVOHYTMPHXLVPF-UHFFFAOYSA-N","C12H4F11N3O6",494.992445268,"O=[N+]([O-])c1ccc(N=C(O)C(F)(OC(F)(F)C(F)(F)C(F)(F)F)C(F)(F)F)c([N+](=O)[O-])c1"
40,NA,"HEVDQVCIAUCJDV-UHFFFAOYSA-N","C10H4F7NO4",335.002855148,"O=C(Oc1ccc([N+](=O)[O-])cc1)C(F)(F)C(F)(F)C(F)(F)F"
41,NA,"RGOZNZUAXTXBNG-UHFFFAOYSA-N","C12H6F11NO3",421.017203472,"O=[N+]([O-])c1ccc(OCC(F)(F)C(F)(F)C(F)(F)C(F)(F)C(F)(F)F)cc1"
42,NA,"AZABPWAOUQABLY-UHFFFAOYSA-N","C10H6F7NO3",321.023590592,"O=[N+]([O-])c1ccc(OCC(F)(F)C(F)(F)C(F)(F)F)cc1"
43,NA,"IXFBWEUABZKVQQ-UHFFFAOYSA-N","C10H4F7N3O2",331.019173908,"O=[N+]([O-])c1ccc2nc(C(F)(F)C(F)(F)C(F)(F)F)[nH]c2c1"
44,NA,"ZLFGSBKCGQBTKE-UHFFFAOYSA-N","C6H3F9N2O2",306.005081316,"N=C(C[N+](=O)[O-])C(F)(F)C(F)(F)C(F)(F)C(F)(F)F"
45,"355-91-9","PAESHGHUQXDFGZ-UHFFFAOYSA-N","C6H5F7N2O4",302.01375418,"O=[N+]([O-])CC(C[N+](=O)[O-])C(F)(F)C(F)(F)C(F)(F)F"
46,"34839-44-6","JTINRXZCXXXKMA-UHFFFAOYSA-N","C6H4F9NO3",309.004746968,"O=[N+]([O-])OCCC(F)(F)C(F)(F)C(F)(F)C(F)(F)F"
47,NA,"FNPQQUYBBRHUFI-UHFFFAOYSA-N","C12H13F13N2O3",480.071859136,"C[N+](C)([O-])CCCN=C(O)C(F)(F)C(F)(F)C(F)(F)OC(F)(F)C(F)(F)C(F)(F)F"
48,NA,"HQIKMYJOLJOSOX-UHFFFAOYSA-N","C9H13F9N2O3S",400.050317256,"C[N+](C)([O-])CCCNS(=O)(=O)C(F)(F)C(F)(F)C(F)(F)C(F)(F)F"
49,NA,"LENDGRWTJNFJQE-UHFFFAOYSA-O","C22H22F17N2O2",669.140982684,"C[N+](C)(C)CCCN=C(O)c1ccc(OC(F)(F)C(F)(F)C(F)(F)C(F)(F)C(F)(F)C(F)(F)C(F)(F)CC(F)(F)F)cc1"
50,NA,"IEIYQVSGMNXXNU-UHFFFAOYSA-N","C15H16F19N2OS",633.067995312,"C[N+](C)(C)CCCNS(=O)C(F)(F)C(F)(F)C(F)(F)C(F)(F)C(F)(F)C(F)(F)C(F)(F)C(F)(F)C(F)(F)F"
51,NA,"ZGBMFNJIPSRTBS-UHFFFAOYSA-O","C17H18F17N2O3",621.104597176,"C[N+](C)(CCCN=C(O)C(F)(F)C(F)(F)C(F)(F)C(F)(F)C(F)(F)C(F)(F)C(F)(F)C(F)(F)F)CCC(=O)O"
52,NA,"ZYEKBRZVGPYUIW-UHFFFAOYSA-N","C9H5F11O2",354.01138982,"C=C(C)C(=O)OC(C(F)(F)F)(C(F)(F)F)C(F)(F)C(F)(F)F"
53,NA,"JXVINEGBEPHVPO-UHFFFAOYSA-N","C8H5F9O2",304.01458338,"C=C(C)C(=O)OC(C(F)(F)F)(C(F)(F)F)C(F)(F)F"
54,NA,"DAUQEQSACMZHDS-UHFFFAOYSA-N","C7H5F7O2",254.01777694,"C=C(C)C(=O)OC(F)(C(F)(F)F)C(F)(F)F"
55,NA,"HEFHMJVNMXDZKE-UHFFFAOYSA-N","C11H5F15O2",454.0050027,"C=C(C)C(=O)OC(F)(F)C(F)(F)C(F)(F)C(F)(F)C(F)(F)C(F)(F)C(F)(F)F"
56,NA,"BWIUYRXKEFSAJX-UHFFFAOYSA-N","C9H5F11O2",354.01138982,"C=C(C)C(=O)OC(F)(F)C(F)(F)C(F)(F)C(F)(F)C(F)(F)F"
57,"41123-44-8","KDUYSMPJTYKVBA-UHFFFAOYSA-N","C15H8F20O2",600.020493896,"C=C(C)C(=O)OC(F)C(F)(F)C(F)(F)C(F)(F)C(F)(F)C(F)(F)C(F)(F)C(F)(F)C(F)(F)C(F)(F)CF"
58,NA,"QWUFNQYGXMUGOZ-UHFFFAOYSA-N","C25H7F41O2",1117.979136484,"C=C(C)C(=O)OCC(F)(F)C(F)(F)C(F)(F)C(F)(F)C(F)(F)C(F)(F)C(F)(F)C(F)(F)C(F)(F)C(F)(F)C(F)(F)C(F)(F)C(F)(F)C(F)(F)C(F)(F)C(F)(F)C(F)(F)C(F)(F)C(F)(F)C(F)(F)F"
59,"48077-86-7","QDIWIWGKFGVURE-UHFFFAOYSA-N","C15H7F21O2",618.011072084,"C=C(C)C(=O)OCC(F)(F)C(F)(F)C(F)(F)C(F)(F)C(F)(F)C(F)(F)C(F)(F)C(F)(F)C(F)(F)C(F)(F)F"
60,NA,"NSSMHXVPVQADLY-UHFFFAOYSA-N","C14H7F19O2",568.014265644,"C=C(C)C(=O)OCC(F)(F)C(F)(F)C(F)(F)C(F)(F)C(F)(F)C(F)(F)C(F)(F)C(F)(F)C(F)(F)F"
61,"48077-33-4","ZDXYSIRXXGOEEA-UHFFFAOYSA-N","C13H7F17O2",518.017459204,"C=C(C)C(=O)OCC(F)(F)C(F)(F)C(F)(F)C(F)(F)C(F)(F)C(F)(F)C(F)(F)C(F)(F)F"
62,"1841-46-9","XAENZTGUQXVFPQ-UHFFFAOYSA-N","C13H8F16O2",500.026881016,"C=C(C)C(=O)OCC(F)(F)C(F)(F)C(F)(F)C(F)(F)C(F)(F)C(F)(F)C(F)(F)C(F)F"
63,"3934-23-4","RUEKTOVLVIXOHT-UHFFFAOYSA-N","C12H7F15O2",468.020652764,"C=C(C)C(=O)OCC(F)(F)C(F)(F)C(F)(F)C(F)(F)C(F)(F)C(F)(F)C(F)(F)F"
64,"48076-44-4","OGTUUPXNYCOCKQ-UHFFFAOYSA-N","C11H7F13O2",418.023846324,"C=C(C)C(=O)OCC(F)(F)C(F)(F)C(F)(F)C(F)(F)C(F)(F)C(F)(F)F"
65,"2261-99-6","YJKHMSPWWGBKTN-UHFFFAOYSA-N","C11H8F12O2",400.033268136,"C=C(C)C(=O)OCC(F)(F)C(F)(F)C(F)(F)C(F)(F)C(F)(F)C(F)F"
66,NA,"AMFSMDRXAVOFCS-UHFFFAOYSA-N","C10H7F11O2",368.027039884,"C=C(C)C(=O)OCC(F)(F)C(F)(F)C(F)(F)C(F)(F)C(F)(F)F"
67,"59006-65-4","XBZLJCYNLZUIGP-UHFFFAOYSA-N","C9H7F9O2",318.030233444,"C=C(C)C(=O)OCC(F)(F)C(F)(F)C(F)(F)C(F)(F)F"
68,"355-93-1","ZNJXRXXJPIFFAO-UHFFFAOYSA-N","C9H8F8O2",300.039655256,"C=C(C)C(=O)OCC(F)(F)C(F)(F)C(F)(F)C(F)F"
69,"13695-31-3","VIEHKBXCWMMOOU-UHFFFAOYSA-N","C8H7F7O2",268.033427004,"C=C(C)C(=O)OCC(F)(F)C(F)(F)C(F)(F)F"
70,"64376-86-9","DFVPUWGVOPDJTC-UHFFFAOYSA-N","C8H8F6O2",250.042848816,"C=C(C)C(=O)OCC(F)(F)C(F)C(F)(F)F"
71,NA,"LZKRGSPBGVICLV-UHFFFAOYSA-N","C12H11F11O3",412.053254632,"C=C(C)C(=O)OCC(O)CC(F)(F)C(F)(F)C(F)(C(F)(F)F)C(F)(F)F"
72,NA,"RPDBRTLKDYJCCE-UHFFFAOYSA-N","C14H11F15O3",512.046867512,"C=C(C)C(=O)OCC(O)CC(F)(F)C(F)(F)C(F)(F)C(F)(F)C(F)(C(F)(F)F)C(F)(F)F"
73,NA,"WNVNMSONKCMAPU-UHFFFAOYSA-N","C16H11F19O3",612.040480392,"C=C(C)C(=O)OCC(O)CC(F)(F)C(F)(F)C(F)(F)C(F)(F)C(F)(F)C(F)(F)C(F)(C(F)(F)F)C(F)(F)F"
74,NA,"DCXZWVLJCYXHDV-UHFFFAOYSA-N","C15H11F17O3",562.043673952,"C=C(C)C(=O)OCC(O)CC(F)(F)C(F)(F)C(F)(F)C(F)(F)C(F)(F)C(F)(F)C(F)(F)C(F)(F)F"
75,NA,"QJNMSQFOKUQZBA-UHFFFAOYSA-N","C13H11F13O3",462.050061072,"C=C(C)C(=O)OCC(O)CC(F)(F)C(F)(F)C(F)(F)C(F)(F)C(F)(F)C(F)(F)F"
76,NA,"BCTGGJURYOEMFV-UHFFFAOYSA-N","C11H11F9O3",362.056448192,"C=C(C)C(=O)OCC(O)CC(F)(F)C(F)(F)C(F)(F)C(F)(F)F"
77,NA,"DZZAHYHMWKNGLC-UHFFFAOYSA-N","C11H7F11O2",380.027039884,"C=C(C)C(=O)OCC1(F)C(F)(F)C(F)(F)C(F)(F)C(F)(F)C1(F)F"
78,NA,"JTEKNLSWXJADLG-UHFFFAOYSA-N","C11H9F11O2",382.042689948,"C=C(C)C(=O)OCCC(F)(F)C(F)(F)C(F)(C(F)(F)F)C(F)(F)F"
79,NA,"ZLBLHEUUSFNQAN-UHFFFAOYSA-N","C12H12F10O2",378.067761824,"C=C(C)C(=O)OCCC(F)(F)C(F)(F)C(F)(F)C(F)(F)C(C)(F)F"
80,NA,"SAIYGCOTLRCBJP-UHFFFAOYSA-N","C13H9F15O2",482.036302828,"C=C(C)C(=O)OCCC(F)(F)C(F)(F)C(F)(F)C(F)(F)C(F)(C(F)(F)F)C(F)(F)F"
81,"15166-00-4","KTPONRIHDUNNPD-UHFFFAOYSA-N","C15H9F19O2",582.029915708,"C=C(C)C(=O)OCCC(F)(F)C(F)(F)C(F)(F)C(F)(F)C(F)(F)C(F)(F)C(F)(C(F)(F)F)C(F)(F)F"
82,"74256-14-7","PVMWMBHAEVDBQR-UHFFFAOYSA-N","C17H9F23O2",682.023528588,"C=C(C)C(=O)OCCC(F)(F)C(F)(F)C(F)(F)C(F)(F)C(F)(F)C(F)(F)C(F)(F)C(F)(F)C(F)(C(F)(F)F)C(F)(F)F"
83,"74256-15-8","NZSKSDOUVOVFHC-UHFFFAOYSA-N","C19H9F27O2",782.017141468,"C=C(C)C(=O)OCCC(F)(F)C(F)(F)C(F)(F)C(F)(F)C(F)(F)C(F)(F)C(F)(F)C(F)(F)C(F)(F)C(F)(F)C(F)(C(F)(F)F)C(F)(F)F"
84,"94158-64-2","WSPGUHLVXPTGNB-UHFFFAOYSA-N","C21H9F31O2",882.010754348,"C=C(C)C(=O)OCCC(F)(F)C(F)(F)C(F)(F)C(F)(F)C(F)(F)C(F)(F)C(F)(F)C(F)(F)C(F)(F)C(F)(F)C(F)(F)C(F)(F)C(F)(C(F)(F)F)C(F)(F)F"
85,"94158-65-3","BEMICOOQLAQVTK-UHFFFAOYSA-N","C23H9F35O2",982.004367228,"C=C(C)C(=O)OCCC(F)(F)C(F)(F)C(F)(F)C(F)(F)C(F)(F)C(F)(F)C(F)(F)C(F)(F)C(F)(F)C(F)(F)C(F)(F)C(F)(F)C(F)(F)C(F)(F)C(F)(C(F)(F)F)C(F)(F)F"
86,"65104-66-7","OWAQRMVKMUUGIA-UHFFFAOYSA-N","C24H9F37O2",1032.001173668,"C=C(C)C(=O)OCCC(F)(F)C(F)(F)C(F)(F)C(F)(F)C(F)(F)C(F)(F)C(F)(F)C(F)(F)C(F)(F)C(F)(F)C(F)(F)C(F)(F)C(F)(F)C(F)(F)C(F)(F)C(F)(F)C(F)(F)C(F)(F)F"
87,"59778-97-1","XLGBPNZHUPJRPB-UHFFFAOYSA-N","C22H9F33O2",932.007560788,"C=C(C)C(=O)OCCC(F)(F)C(F)(F)C(F)(F)C(F)(F)C(F)(F)C(F)(F)C(F)(F)C(F)(F)C(F)(F)C(F)(F)C(F)(F)C(F)(F)C(F)(F)C(F)(F)C(F)(F)C(F)(F)F"
88,"4980-53-4","KLVRPMUTIRAYBC-UHFFFAOYSA-N","C20H9F29O2",832.013947908,"C=C(C)C(=O)OCCC(F)(F)C(F)(F)C(F)(F)C(F)(F)C(F)(F)C(F)(F)C(F)(F)C(F)(F)C(F)(F)C(F)(F)C(F)(F)C(F)(F)C(F)(F)C(F)(F)F"
89,"6014-75-1","LFEGLDRNIDJMKB-UHFFFAOYSA-N","C18H9F25O2",732.020335028,"C=C(C)C(=O)OCCC(F)(F)C(F)(F)C(F)(F)C(F)(F)C(F)(F)C(F)(F)C(F)(F)C(F)(F)C(F)(F)C(F)(F)C(F)(F)C(F)(F)F"
90,"162953-69-7","FQHLOOOXLDQLPF-UHFFFAOYSA-N","C16H9F21O2",632.026722148,"C=C(C)C(=O)OCCC(F)(F)C(F)(F)C(F)(F)C(F)(F)C(F)(F)C(F)(F)C(F)(F)C(F)(F)C(F)(F)C(F)(F)F"
91,"119938-07-7","HBZFBSFGXQBQTB-UHFFFAOYSA-N","C14H9F17O2",532.033109268,"C=C(C)C(=O)OCCC(F)(F)C(F)(F)C(F)(F)C(F)(F)C(F)(F)C(F)(F)C(F)(F)C(F)(F)F"
92,"116426-23-4","CDXFIRXEAJABAZ-UHFFFAOYSA-N","C12H9F13O2",432.039496388,"C=C(C)C(=O)OCCC(F)(F)C(F)(F)C(F)(F)C(F)(F)C(F)(F)C(F)(F)F"
93,"1799-84-4","TYNRPOFACABVSI-UHFFFAOYSA-N","C10H9F9O2",332.045883508,"C=C(C)C(=O)OCCC(F)(F)C(F)(F)C(F)(F)C(F)(F)F"
94,NA,"VZOWCSFBTSNJKX-UHFFFAOYSA-N","C9H9F7O2",282.049077068,"C=C(C)C(=O)OCCC(F)(F)C(F)(F)C(F)(F)F"
95,NA,"QOIKFYLOUXBJNG-UHFFFAOYSA-N","C15H11F17O2",546.048759332,"C=C(C)C(=O)OCCCC(F)(F)C(F)(F)C(F)(F)C(F)(F)C(F)(F)C(F)(F)C(F)(F)C(F)(F)F"
96,NA,"AIIUJTLQIOPZBE-UHFFFAOYSA-N","C13H11F13O2",446.055146452,"C=C(C)C(=O)OCCCC(F)(F)C(F)(F)C(F)(F)C(F)(F)C(F)(F)C(F)(F)F"
97,NA,"WOISXUMMZSMYSB-UHFFFAOYSA-N","C11H11F9O2",346.061533572,"C=C(C)C(=O)OCCCC(F)(F)C(F)(F)C(F)(F)C(F)(F)F"
98,NA,"VQOPAPHAKJCJTK-UHFFFAOYSA-N","C10H9F7O4",326.038906308,"C=C(C)C(=O)OCCOC(=O)C(F)(F)C(F)(F)C(F)(F)F"
99,"30769-91-6","LDEYRMSHMYWNMA-UHFFFAOYSA-N","C13H9F15OS",498.013459208,"C=C(C)C(=O)SCCC(F)(F)C(F)(F)C(F)(F)C(F)(F)C(F)(C(F)(F)F)C(F)(F)F"
100,"28506-33-4","LELPCBUDRUDINH-UHFFFAOYSA-N","C15H9F19OS",598.007072088,"C=C(C)C(=O)SCCC(F)(F)C(F)(F)C(F)(F)C(F)(F)C(F)(F)C(F)(F)C(F)(C(F)(F)F)C(F)(F)F"
101,"30769-88-1","ZBPHBMSKQBHWJR-UHFFFAOYSA-N","C17H9F23OS",698.000684968,"C=C(C)C(=O)SCCC(F)(F)C(F)(F)C(F)(F)C(F)(F)C(F)(F)C(F)(F)C(F)(F)C(F)(F)C(F)(C(F)(F)F)C(F)(F)F"
102,NA,"VMDVHHXKJFTLTD-UHFFFAOYSA-N","C7H7F7O",240.038512384,"C=C(C)COC(F)(C(F)(F)F)C(F)(F)F"
103,NA,"ALLMSMRJFZFUBB-UHFFFAOYSA-N","C12H7BrF9NOS",462.928800924,"CC(=O)N=S(c1ccc(Br)cc1)C(F)(F)C(F)(F)C(F)(F)C(F)(F)F"
104,NA,"MAUZJOYMXJCRIB-UHFFFAOYSA-N","C12H8F9NOS",385.018288856,"CC(=O)N=S(c1ccccc1)C(F)(F)C(F)(F)C(F)(F)C(F)(F)F"
105,NA,"HVLNFEAJGJQHFN-UHFFFAOYSA-N","C10H7F9O3",346.025148064,"CC(=O)C(C(C)=O)C(=O)C(F)(F)C(F)(F)C(F)(F)C(F)(F)F"
106,NA,"LFMZSQGESVNRLL-UHFFFAOYSA-N","C9H3F15O",411.994438016,"CC(=O)C(F)(F)C(F)(F)C(F)(F)C(F)(F)C(F)(F)C(F)(F)C(F)(F)F"
107,NA,"IWJCXMJWFQQWED-UHFFFAOYSA-N","C8H3F13O",361.997631576,"CC(=O)C(F)(F)C(F)(F)C(F)(F)C(F)(F)C(F)(F)C(F)(F)F"
108,NA,"HWGNOHFZECDUBX-UHFFFAOYSA-N","C7H3F11O",312.000825136,"CC(=O)C(F)(F)C(F)(F)C(F)(F)C(F)(F)C(F)(F)F"
109,NA,"LPPFRPMJUNOKRS-UHFFFAOYSA-N","C6H3F9O",262.004018696,"CC(=O)C(F)(F)C(F)(F)C(F)(F)C(F)(F)F"
110,"355-17-9","XJYXROGTQYHLTH-UHFFFAOYSA-N","C5H3F7O",212.007212256,"CC(=O)C(F)(F)C(F)(F)C(F)(F)F"
111,NA,"GASXCMFGMORIFO-UHFFFAOYSA-N","C10H3F15O",423.994438016,"CC(=O)C(F)=C(F)C(F)(F)C(F)(F)C(F)(F)C(F)(F)C(F)(F)C(F)(F)F"
112,NA,"FGWAKQKTCXBUER-UHFFFAOYSA-N","C11H4F16O",456.000666268,"CC(=O)C=C(F)C(F)(F)C(F)(F)C(F)(F)C(F)(F)C(F)(F)C(F)(F)C(F)(F)F"
113,NA,"HJVLSXWSPYGSIV-UHFFFAOYSA-N","C11H7F7O",288.038512384,"CC(=O)c1ccc(C(F)(C(F)(F)F)C(F)(F)F)cc1"
114,NA,"BWOZUJHCNZSSLZ-UHFFFAOYSA-N","C9H6F7NO",277.033761352,"CC(=O)c1c[nH]cc1C(F)(F)C(F)(F)C(F)(F)F"
115,NA,"DWUMJZXYFAYWQF-UHFFFAOYSA-N","C7H6F7NO",253.033761352,"CC(=O)CC(=N)C(F)(F)C(F)(F)C(F)(F)F"
116,NA,"LOPUACNVJXKLKA-UHFFFAOYSA-N","C12H5F17O2",504.00180914,"CC(=O)CC(=O)C(F)(F)C(F)(F)C(F)(F)C(F)(F)C(F)(F)C(F)(F)C(F)(F)C(F)(F)F"
117,NA,"VMRLNPHYYNLINM-UHFFFAOYSA-N","C10H5F13O2",404.00819626,"CC(=O)CC(=O)C(F)(F)C(F)(F)C(F)(F)C(F)(F)C(F)(F)C(F)(F)F"
118,NA,"YKIGIKLABXBCDX-UHFFFAOYSA-N","C9H5F11O2",354.01138982,"CC(=O)CC(=O)C(F)(F)C(F)(F)C(F)(F)C(F)(F)C(F)(F)F"
119,NA,"NQPVZXRGQCXFLN-UHFFFAOYSA-N","C8H5F9O2",304.01458338,"CC(=O)CC(=O)C(F)(F)C(F)(F)C(F)(F)C(F)(F)F"
120,NA,"QHBCZMRCKGKVSR-UHFFFAOYSA-N","C7H5F7O2",254.01777694,"CC(=O)CC(=O)C(F)(F)C(F)(F)C(F)(F)F"
121,NA,"WKZWQTGKGJHUHH-UHFFFAOYSA-N","C9H5F11O3",370.00630444,"CC(=O)CC(=O)C(F)(OC(F)(F)C(F)(F)C(F)(F)F)C(F)(F)F"
122,NA,"RRFHTSQSIQEIHY-UHFFFAOYSA-N","C9H5F13O",376.01328164,"CC(=O)CC(F)(F)C(F)(F)C(F)(F)C(F)(F)C(F)(F)C(F)(F)F"
123,NA,"YBLYWKGTXUNAOC-UHFFFAOYSA-N","C7H5F9O",276.01966876,"CC(=O)CC(F)(F)C(F)(F)C(F)(F)C(F)(F)F"
124,NA,"HXAYZDVVQAKLDA-UHFFFAOYSA-N","C6H5F7O",226.02286232,"CC(=O)CC(F)(F)C(F)(F)C(F)(F)F"
125,"93776-10-4","NFDIWGSYOGEYNO-UHFFFAOYSA-N","C43H45F23O11",1174.25946132,"CC(=O)CCC(=O)CCC(=O)CCC(=O)CCC(=O)CCC(=O)CCC(=O)CCC(=O)CCC(=O)CCC(=O)CC(O)CC(F)(F)C(F)(F)C(F)(F)C(F)(F)C(F)(F)C(F)(F)C(F)(F)C(F)(F)C(F)(C(F)(F)F)C(F)(F)F"
126,NA,"YODYACHGCKMUMD-UHFFFAOYSA-N","C12H7F17O",490.022544584,"CC(=O)CCC(F)(F)C(F)(F)C(F)(F)C(F)(F)C(F)(F)C(F)(F)C(F)(F)C(F)(F)F"
127,NA,"QSFHSDZDCSCCGQ-UHFFFAOYSA-N","C8H7F9O",290.035318824,"CC(=O)CCC(F)(F)C(F)(F)C(F)(F)C(F)(F)F"
128,NA,"MIOBBYRMXGNORL-UHFFFAOYSA-N","C19H15F7N4O2",464.10832326,"CC(=O)N1C(=O)N(NCc2cccnc2)Cc2cc(C(F)(C(F)(F)F)C(F)(F)F)ccc21"
129,NA,"CFZPILZXWJKGJJ-UHFFFAOYSA-N","C12H12F9NO",357.077517984,"C=C1CN(C(C)=O)CC1CC(F)(F)C(F)(F)C(F)(F)C(F)(F)F"
130,NA,"IQHPIVLECIKIGS-UHFFFAOYSA-N","C17H4F26N2O",745.990846468,"CC(=O)n1nc(C(F)(F)C(F)(F)C(F)(F)C(F)(F)C(F)(F)C(F)(F)F)cc1C(F)(F)C(F)(F)C(F)(F)C(F)(F)C(F)(F)C(F)(F)F"
131,NA,"NPGWPCYQBUMSNZ-UHFFFAOYSA-N","C19H11F17N2O3",638.049821952,"CC(O)=Nc1cc(N=C(C)O)cc(OC(=C(C(F)(C(F)(F)F)C(F)(F)F)C(F)(C(F)(F)F)C(F)(F)F)C(F)(F)F)c1"
132,NA,"DGTLBPOBSFXXAK-UHFFFAOYSA-N","C11H8F7NO",303.049411416,"CC(O)=Nc1ccc(C(F)(F)C(F)(F)C(F)(F)F)cc1"
133,NA,"XKJVCVNWVBTHFU-UHFFFAOYSA-N","C12H8F9NO4S",433.003032716,"CC(O)=Nc1ccc(OS(=O)(=O)C(F)(F)C(F)(F)C(F)(F)C(F)(F)F)cc1"
134,NA,"OSNHQRSDSSUDCW-UHFFFAOYSA-N","C12H7ClF9NO4S",466.964060364,"CC(O)=Nc1ccc(OS(=O)(=O)C(F)(F)C(F)(F)C(F)(F)C(F)(F)F)cc1Cl"
135,NA,"MHGACOGUAGEXMU-UHFFFAOYSA-N","C10H6F7N5O",345.046057352,"CC(O)=Nc1ncnc2[nH]c(C(F)(F)C(F)(F)C(F)(F)F)nc12"
136,NA,"UZHFMCLWCHAURR-UHFFFAOYSA-N","C7H4F7N3OS",310.996330288,"CC(O)=Nc1nnc(C(F)(F)C(F)(F)C(F)(F)F)s1"
137,NA,"IIGNRGIDQZSRJU-UHFFFAOYSA-N","C12H9F9N2O5S2",495.980917368,"CC(O)=NS(=O)(=O)c1ccc(NS(=O)(=O)C(F)(F)C(F)(F)C(F)(F)C(F)(F)F)cc1"
138,NA,"YHQLCCOIFRKRJC-UHFFFAOYSA-N","C20H14F17IO4",767.966536668,"CC(=O)OI(OC(C)=O)c1ccc(CCC(F)(F)C(F)(F)C(F)(F)C(F)(F)C(F)(F)C(F)(F)C(F)(F)C(F)(F)F)cc1"
139,NA,"OKIJUKHROTUCQA-UHFFFAOYSA-N","C8H7F7O2",268.033427004,"C=C(CC(F)(F)C(F)(F)C(F)(F)F)OC(C)=O"
140,NA,"NVGMZQYQNNPDAJ-UHFFFAOYSA-N","C19H11Cl2F17O2",663.986464692,"CC(=O)Oc1ccc(Cl)cc1CC(Cl)CC(F)(F)C(F)(F)C(F)(F)C(F)(F)C(F)(F)C(F)(F)C(F)(F)C(F)(F)F"
141,NA,"ZHZVFKZCPDCNHG-UHFFFAOYSA-N","C19H11Cl2F17O2",663.986464692,"CC(=O)Oc1cc(Cl)ccc1CC(Cl)CC(F)(F)C(F)(F)C(F)(F)C(F)(F)C(F)(F)C(F)(F)C(F)(F)C(F)(F)F"
142,NA,"JDRLLIHRNJZEPG-UHFFFAOYSA-N","C19H9Cl4F17O2",731.908519988,"CC(=O)Oc1c(Cl)cc(Cl)c(Cl)c1CC(Cl)CC(F)(F)C(F)(F)C(F)(F)C(F)(F)C(F)(F)C(F)(F)C(F)(F)C(F)(F)F"
143,NA,"JJRRHZPKVSFERJ-UHFFFAOYSA-N","C6H5F7O2",242.01777694,"CC(=O)OCC(F)(F)C(F)(F)C(F)(F)F"
144,"3108-05-2","TYWLMXXVTNXETF-UHFFFAOYSA-N","C8H8F7IO2",395.945725036,"CC(=O)OCC(I)CC(F)(F)C(F)(F)C(F)(F)F"
145,NA,"RHEYHPACKVZWRD-UHFFFAOYSA-N","C18H19F9O12S",630.045351028,"CC(=O)OCC1OC(OC(C)=O)C(OS(=O)(=O)C(F)(F)C(F)(F)C(F)(F)C(F)(F)F)C(OC(C)=O)C1OC(C)=O"
146,NA,"CPOHLPPQNCULDC-UHFFFAOYSA-N","C12H7F17O2",506.017459204,"CC(=O)OCCC(F)(F)C(F)(F)C(F)(F)C(F)(F)C(F)(F)C(F)(F)C(F)(F)C(F)(F)F"
147,NA,"RWFSINLLADOLPV-UHFFFAOYSA-N","C10H7F13O2",406.023846324,"CC(=O)OCCC(F)(F)C(F)(F)C(F)(F)C(F)(F)C(F)(F)C(F)(F)F"
148,NA,"WUXJRZYSKWYAEV-UHFFFAOYSA-N","C8H7F9O2",306.030233444,"CC(=O)OCCC(F)(F)C(F)(F)C(F)(F)C(F)(F)F"
149,NA,"ZWEZQJCJOMYJJZ-UHFFFAOYSA-N","C7H7F7O2",256.033427004,"CC(=O)OCCC(F)(F)C(F)(F)C(F)(F)F"
150,NA,"SMQMUBNEBGDJAY-UHFFFAOYSA-N","C13H9F17O2",520.033109268,"CC(=O)OCCCC(F)(F)C(F)(F)C(F)(F)C(F)(F)C(F)(F)C(F)(F)C(F)(F)C(F)(F)F"
151,NA,"ACXWRVKTAODIKP-UHFFFAOYSA-N","C8H9F7O2",270.049077068,"CC(=O)OCCCC(F)(F)C(F)(F)C(F)(F)F"
152,NA,"RRZDHOAZQMLOTR-UHFFFAOYSA-N","C7H7F7OS",272.010583384,"CC(=O)SCCC(F)(C(F)(F)F)C(F)(F)F"
153,NA,"FCWDPZFBROQQBN-UHFFFAOYSA-N","C12H7F17OS",521.994615584,"CC(=O)SCCC(F)(F)C(F)(F)C(F)(F)C(F)(F)C(F)(F)C(F)(F)C(F)(F)C(F)(F)F"
154,NA,"SVEVXDYTPMSOIT-UHFFFAOYSA-N","C10H7F13OS",422.001002704,"CC(=O)SCCC(F)(F)C(F)(F)C(F)(F)C(F)(F)C(F)(F)C(F)(F)F"
155,NA,"BMHLOJFRGFOQEG-UHFFFAOYSA-N","C7H7Br2F7O",397.875186584,"CC(Br)C(O)(CBr)C(F)(F)C(F)(F)C(F)(F)F"
156,NA,"YYCWIWYZXFOZFO-UHFFFAOYSA-N","C7H3F13",334.002716956,"CC(C(F)(F)F)(C(F)(F)F)C(F)(F)C(F)(F)C(F)(F)F"
157,NA,"LYZCGZWGQVKVSU-UHFFFAOYSA-N","C11H5F17O2",492.00180914,"CC(C(=O)O)C(F)(F)C(F)(F)C(F)(F)C(F)(F)C(F)(F)C(F)(F)C(F)(F)C(F)(F)F"
158,NA,"ITHGUKYRCZMXFU-UHFFFAOYSA-N","C9H6F13NO2",407.019095292,"CC(C)([N+](=O)[O-])C(F)(F)C(F)(F)C(F)(F)C(F)(F)C(F)(F)C(F)(F)F"
159,NA,"HTLIQAXQGGLRLK-UHFFFAOYSA-N","C10H12F7NO",295.080711544,"CC(C)(C)C(=N)CC(=O)C(F)(F)C(F)(F)C(F)(F)F"
160,NA,"KVAYICJLGQPULN-UHFFFAOYSA-N","C16H14F7N3O4",445.087253468,"CC(C)(C)C(=O)C(N=Nc1ccc([N+](=O)[O-])cc1)C(=O)C(F)(F)C(F)(F)C(F)(F)F"
161,NA,"FDLCNAFIXQUBBQ-UHFFFAOYSA-N","C11H11F9O",330.066618952,"CC(C)(C)C(=O)C=CC(F)(F)C(F)(F)C(F)(F)C(F)(F)F"
162,NA,"MMQBZJXQJGQEHQ-UHFFFAOYSA-N","C9H11F5O3",262.062835312,"CC(C)(C)C(=O)CC(=O)C(F)(F)OC(F)(F)F"
163,NA,"RZXNATDVPGMVHV-UHFFFAOYSA-N","C10H12F9I",429.984002364,"CC(C)(C)C(I)CC(F)(F)C(F)(F)C(F)(F)C(F)(F)F"
164,NA,"JLYAJKMTSYBUFR-UHFFFAOYSA-N","C44H36F34N2O2",1270.223387872,"CC(C)(C)c1cc(C(F)(F)C(F)(F)C(F)(F)C(F)(F)C(F)(F)C(F)(F)C(F)(F)C(F)(F)F)cc(C=NC2CCCCC2N=Cc2cc(C(F)(F)C(F)(F)C(F)(F)C(F)(F)C(F)(F)C(F)(F)C(F)(F)C(F)(F)F)cc(C(C)(C)C)c2O)c1O"
165,NA,"PXIPJQUDARNNQU-UHFFFAOYSA-N","C18H17F7N2O2",426.117825324,"CC(C)(C)c1ccc(-c2cc(C(O)=NCC(F)(F)C(F)(F)C(F)(F)F)no2)cc1"
166,NA,"RNWIQELODLHLDL-UHFFFAOYSA-N","C19H16F7N3",419.123245052,"CC(C)(C)c1cc(C(F)(F)C(F)(F)C(F)(F)F)n2nc(-c3ccccc3)cc2n1"
167,NA,"UYRIJNJIDYTBCG-UHFFFAOYSA-N","C26H34F14N4",668.255992168,"CC(C)(C)C1=NCCCN=C(C(F)(F)C(F)(F)C(F)(F)F)CC(C(C)(C)C)=NCCCN=C(C(F)(F)C(F)(F)C(F)(F)F)C1"
168,NA,"AQGWVKJSVXSZGI-UHFFFAOYSA-N","C10H12F8",284.081126144,"CC(C)(C)CC=C(F)C(F)(F)C(F)(F)C(F)(F)F"
169,NA,"SUHRXMXSRDLXIL-UHFFFAOYSA-N","C8H10F7NO",269.06506148,"CC(C)(C)N=C(O)C(F)(F)C(F)(F)C(F)(F)F"
170,NA,"JPVACFHILHDRGX-UHFFFAOYSA-N","C8H9F7O2",270.049077068,"CC(C)(C)OC(=O)C(F)(F)C(F)(F)C(F)(F)F"
171,NA,"FAXXTHFQCHDQLQ-UHFFFAOYSA-N","C12H15F9INO2",503.0003807,"CC(C)(C)OC(O)=NCC(I)CC(F)(F)C(F)(F)C(F)(F)C(F)(F)F"
172,NA,"IEIUNVABWRASPD-UHFFFAOYSA-N","C8H9F7O3",286.043991688,"CC(C)(C)OOC(=O)C(F)(F)C(F)(F)C(F)(F)F"
173,NA,"OWTPDHDNFWAJET-UHFFFAOYSA-N","C9H9F8NO2",315.050554288,"CC(C)(CC=C(F)C(F)(F)C(F)(F)C(F)(F)F)[N+](=O)[O-]"
174,NA,"NFEFLNJWJYPWIZ-UHFFFAOYSA-N","C22H15F17N2O3",678.08112208,"CC(C)(CCC(F)(F)C(F)(F)C(F)(F)C(F)(F)C(F)(F)C(F)(F)C(F)(F)C(F)(F)F)OC(=O)ON=C(C#N)c1ccccc1"
175,NA,"GLLTUKTVAHGIDJ-UHFFFAOYSA-N","C8H8F7NO3",299.039240656,"CC(C)(N=C(O)C(F)(F)C(F)(F)C(F)(F)F)C(=O)O"
176,NA,"WITWPGGAZCIZSI-UHFFFAOYSA-N","C9H7F9O",302.035318824,"CC(C)(O)C#CC(F)(F)C(F)(F)C(F)(F)C(F)(F)F"
177,NA,"BZJOFKMJAVMVQL-UHFFFAOYSA-N","C10H7F15O",428.025738144,"CC(C)(O)C(F)(F)C(F)(F)C(F)(F)C(F)(F)C(F)(F)C(F)(F)C(F)(F)F"
178,NA,"CZPWXOSMOFCBOR-UHFFFAOYSA-N","C6H7F7O",228.038512384,"CC(C)(O)C(F)(F)C(F)(F)C(F)(F)F"
179,NA,"VDLOMMAXELCHDN-UHFFFAOYSA-N","C13H11F17O",506.053844712,"CC(C)(O)CCC(F)(F)C(F)(F)C(F)(F)C(F)(F)C(F)(F)C(F)(F)C(F)(F)C(F)(F)F"
180,NA,"JFTPFVPCFXEYSQ-UHFFFAOYSA-N","C11H11F13O",406.060231832,"CC(C)(O)CCC(F)(F)C(F)(F)C(F)(F)C(F)(F)C(F)(F)C(F)(F)F"
181,NA,"RQVWCCCEFXMBKB-UHFFFAOYSA-N","C9H11F9O",306.066618952,"CC(C)(O)CCC(F)(F)C(F)(F)C(F)(F)C(F)(F)F"
182,NA,"ILHSDNSKBVJICM-UHFFFAOYSA-N","C30H21F14OP",694.110647002,"CC(C)=C(C(C(=O)C(F)(F)C(F)(F)C(F)(F)F)=P(c1ccccc1)(c1ccccc1)c1ccccc1)C(F)(F)C(F)(F)C(F)(F)F"
183,"559-99-9","NOQZTHSTUPFMOL-UHFFFAOYSA-N","C10H9F7O2",294.049077068,"CC(C)=CC(=O)CC(=O)C(F)(F)C(F)(F)C(F)(F)F"
184,NA,"ZSBHSCZBWXUBAW-UHFFFAOYSA-N","C9H8F8",268.049826016,"CC(C)=CC=C(F)C(F)(F)C(F)(F)C(F)(F)F"
185,NA,"GBTVYCBTXQALCR-UHFFFAOYSA-N","C9H9F9",288.056054268,"CC(C)=CCC(F)(F)C(F)(F)C(F)(F)C(F)(F)F"
186,NA,"YXLCUSYNDAFUJJ-UHFFFAOYSA-N","C8H7F9O3S",353.997219064,"CC(C)=COS(=O)(=O)C(F)(F)C(F)(F)C(F)(F)C(F)(F)F"
187,NA,"ANKPHPVKEKGBFK-UHFFFAOYSA-N","C7H7F7O",240.038512384,"CC(C)C(=O)C(F)(C(F)(F)F)C(F)(F)F"
188,NA,"SRYIDYXKUUXFNI-UHFFFAOYSA-N","C9H9F7O2",282.049077068,"CC(C)C(=O)CC(=O)C(F)(F)C(F)(F)C(F)(F)F"
189,NA,"VEAHUEAEPJJBDN-UHFFFAOYSA-N","C12H11F13O2",434.055146452,"CC(C)C(=O)OCCC(F)(F)C(F)(F)C(F)(F)C(F)(F)C(F)(F)C(F)(F)F"
190,NA,"LCROMADRNFAIKT-UHFFFAOYSA-N","C9H13F9N2O2S",384.055402636,"CC(C)C(N)CNS(=O)(=O)C(F)(F)C(F)(F)C(F)(F)C(F)(F)F"
191,NA,"BFMMVADDYVCWBU-UHFFFAOYSA-N","C12H13F11O3",414.068904696,"CC(C)C(O)C(F)(F)C(=O)OCCC(F)(F)C(F)(F)C(F)(F)C(F)(F)F"
192,NA,"KIONFYCZIQVYKJ-UHFFFAOYSA-N","C14H14F13NO2",475.081695548,"CC(C)C1N=C(O)OC1CCC(F)(F)C(F)(F)C(F)(F)C(F)(F)C(F)(F)C(F)(F)F"
193,NA,"REMSMUILZZYKPD-UHFFFAOYSA-N","C14H17F13O",448.107182024,"CC(C)CC(C)OCCC(F)(F)C(F)(F)C(F)(F)C(F)(F)C(F)(F)C(F)(F)F"
194,NA,"QYBUWJRMHQVYLH-UHFFFAOYSA-N","C35H48F14O2",766.343075856,"CC(C)CCCC(C)C1CCC2C3CCC4CC(OC(=O)C(F)C(F)(F)C(F)(F)C(F)(F)C(F)(F)C(F)(F)C(F)(F)F)CCC4(C)C3CCC12C"
195,NA,"AFQCXIHNDWCQHP-UHFFFAOYSA-N","C14H11F17O2",534.048759332,"CC(C)CCOC(=O)C(F)(F)C(F)(F)C(F)(F)C(F)(F)C(F)(F)C(F)(F)C(F)(F)C(F)(F)F"
196,NA,"AXCQVYBSRFQQRB-UHFFFAOYSA-N","C11H11F11O3",400.053254632,"CC(C)CCOC(=O)C(F)(OC(F)(F)C(F)(F)C(F)(F)F)C(F)(F)F"
197,NA,"VIFUJIXWSIVXKN-UHFFFAOYSA-N","C18H26F7NO5",469.169920472,"CC(C)CCOC(=O)CC(N=C(O)C(F)(F)C(F)(F)C(F)(F)F)C(=O)OCCC(C)C"
198,NA,"NDFMNNOBKSRVCH-UHFFFAOYSA-N","C12H18F7NO",325.127661736,"CC(C)CN(CC(C)C)C(=O)C(F)(F)C(F)(F)C(F)(F)F"
199,NA,"HWSOCRJXRIBNPB-UHFFFAOYSA-N","C8H10F7NO",269.06506148,"CC(C)CN=C(O)C(F)(F)C(F)(F)C(F)(F)F"
200,NA,"FWAHHXBYEZUSRR-UHFFFAOYSA-N","C22H32F7NO7",555.206699904,"CC(C)COC(=O)C(CC(C(=O)OCC(C)C)C(=O)OCC(C)C)N=C(O)C(F)(F)C(F)(F)C(F)(F)F"
201,NA,"FOVHLTOENOSCBW-UHFFFAOYSA-N","C10H9F11O3",386.037604568,"CC(C)COC(=O)C(F)(OC(F)(F)C(F)(F)C(F)(F)F)C(F)(F)F"
202,NA,"YZDSELBNEDMUEC-UHFFFAOYSA-N","C13H9F17O4",552.022938508,"CC(C)COC(=O)C(F)(OC(F)(F)C(F)(OC(F)(F)C(F)(F)C(F)(F)F)C(F)(F)F)C(F)(F)F"
203,NA,"YBVHCEZVUUHBRF-UHFFFAOYSA-N","C15H15F7O4S",424.0579275,"Cc1c(C(=O)O)ccc(C(F)(C(F)(F)F)C(F)(F)F)c1S(=O)(=O)CC(C)C"
204,NA,"NPKUTOKUMQVOQM-UHFFFAOYSA-N","C15H15F7O3S",408.06301288,"Cc1c(C(=O)O)ccc(C(F)(C(F)(F)F)C(F)(F)F)c1S(=O)CC(C)C"
205,NA,"TZRKRIPOSNUFSS-UHFFFAOYSA-N","C15H15F7O2S",392.06809826,"Cc1c(C(=O)O)ccc(C(F)(C(F)(F)F)C(F)(F)F)c1SCC(C)C"
206,NA,"YJOBDVVNYPAREN-UHFFFAOYSA-N","C20H24F17N2O2P",678.130394378,"CC(C)N(C(C)C)P(OCCC#N)OCCCC(F)(F)C(F)(F)C(F)(F)C(F)(F)C(F)(F)C(F)(F)C(F)(F)C(F)(F)F"
207,NA,"JUWKOBUPPPSOGZ-UHFFFAOYSA-N","C14H18F13NO",463.118081056,"CC(C)N(CC(O)C(F)(F)C(F)(F)C(F)(F)C(F)(F)C(F)(F)C(F)(F)F)C(C)C"
208,NA,"BVQXSASJCAZAJV-UHFFFAOYSA-N","C12H8F17NO",505.033443616,"CC(C)N=C(O)C(F)(F)C(F)(F)C(F)(F)C(F)(F)C(F)(F)C(F)(F)C(F)(F)C(F)(F)F"
209,"4192-05-6","MCKRJDYXIPRUNQ-UHFFFAOYSA-N","C7H8F7NO",255.049411416,"CC(C)OC(=N)C(F)(F)C(F)(F)C(F)(F)F"
210,NA,"UQUBSYBWYVTSRS-UHFFFAOYSA-N","C12H7F17O2",506.017459204,"CC(C)OC(=O)C(F)(F)C(F)(F)C(F)(F)C(F)(F)C(F)(F)C(F)(F)C(F)(F)C(F)(F)F"
211,NA,"KRPLOVIXXGDVMC-UHFFFAOYSA-N","C9H7F11O3",372.021954504,"CC(C)OC(=O)C(F)(OC(F)(F)C(F)(F)C(F)(F)F)C(F)(F)F"
212,NA,"BQAMBTZSSKIMFP-UHFFFAOYSA-N","C12H7F17O4",538.007288444,"CC(C)OC(=O)C(F)(OC(F)(F)C(F)(OC(F)(F)C(F)(F)C(F)(F)F)C(F)(F)F)C(F)(F)F"
213,NA,"NUHXZXDKWWVPIK-UHFFFAOYSA-N","C16H18F17O3P",612.072210806,"CC(C)OP(=O)(CCC(F)(F)C(F)(F)C(F)(F)C(F)(F)C(F)(F)C(F)(F)C(F)(F)C(F)(F)F)OC(C)C"
214,NA,"DHRYMCIAADJXIM-UHFFFAOYSA-N","C14H13F7O4S",410.042277436,"Cc1c(C(=O)O)ccc(C(F)(C(F)(F)F)C(F)(F)F)c1S(=O)(=O)C(C)C"
215,NA,"YKMRUYHMRZBFEE-UHFFFAOYSA-N","C14H13F7O3S",394.047362816,"Cc1c(C(=O)O)ccc(C(F)(C(F)(F)F)C(F)(F)F)c1S(=O)C(C)C"
216,NA,"LJQYAZUPTSCPSX-UHFFFAOYSA-N","C14H13F7O2S",378.052448196,"Cc1c(C(=O)O)ccc(C(F)(C(F)(F)F)C(F)(F)F)c1SC(C)C"
217,NA,"LVZHQWJGCALTBW-UHFFFAOYSA-N","C19H11F17N2O2",622.054907332,"CC(CC(=O)C(F)(F)C(F)(F)C(F)(F)C(F)(F)C(F)(F)C(F)(F)C(F)(F)C(F)(F)F)N=NC(=O)c1ccccc1"
218,NA,"HKBAZIQROWTDDB-UHFFFAOYSA-N","C14H10F7N3O4",417.05595334,"CC(CC(=O)C(F)(F)C(F)(F)C(F)(F)F)N=NC(=O)c1ccc([N+](=O)[O-])cc1"
219,NA,"DPBSMBNYTWSCGU-UHFFFAOYSA-N","C14H11F7N2O2",372.070875132,"CC(CC(=O)C(F)(F)C(F)(F)C(F)(F)F)N=NC(=O)c1ccccc1"
220,NA,"RPDYMBHOOYCGKA-UHFFFAOYSA-N","C10H6F13N",387.029266052,"CC(C#N)CC(F)(F)C(F)(F)C(F)(F)C(F)(F)C(F)(F)C(F)(F)F"
221,NA,"BZUFDAKEQILHDE-UHFFFAOYSA-N","C8H9F7O2",270.049077068,"CC(=O)OC(C)CC(F)(F)C(F)(F)C(F)(F)F"
222,NA,"WJDQWIRUUMDSKH-UHFFFAOYSA-N","C8H8F6O",234.047934196,"CC(=CC(=O)CC(F)(F)F)CC(F)(F)F"
223,NA,"WRXHKYHBKGCSAA-UHFFFAOYSA-N","C13H12F7NO",331.080711544,"CC(Cc1ccccc1)N=C(O)C(F)(F)C(F)(F)C(F)(F)F"
224,NA,"IBWLYZQXVSGTFO-UHFFFAOYSA-N","C17H16F18O2S2",658.030429712,"CC(CCC(=O)O)(SCCC(F)(F)C(F)(F)C(F)(F)C(F)(F)F)SCCC(F)(F)C(F)(F)C(F)(F)C(F)(F)F"
225,NA,"LDVSGKIVBVZGFK-UHFFFAOYSA-N","C27H37F7O2",526.268177964,"CC(CCCC(F)(C(F)(F)F)C(F)(F)F)C1CCC2C3C(=O)C=C4CC(O)CCC4(C)C3CCC12C"
226,NA,"QWJXJQBUJMOZHY-UHFFFAOYSA-N","C27H39F7O2",528.283828028,"CC(CCCC(F)(C(F)(F)F)C(F)(F)F)C1CCC2C3C(O)C=C4CC(O)CCC4(C)C3CCC12C"
227,NA,"DUAIJEYNEJQOCE-UHFFFAOYSA-N","C27H39F7O",512.288913408,"CC(CCCC(F)(C(F)(F)F)C(F)(F)F)C1CCC2C3CC=C4CC(O)CCC4(C)C3CCC12C"
228,NA,"HYKMGIMCEAITDZ-UHFFFAOYSA-N","C27H39F7O2",528.283828028,"CC(CCCC(F)(C(F)(F)F)C(F)(F)F)C1CCC2C3CC4OC45CC(O)CCC5(C)C3CCC12C"
229,NA,"SUAUDWRFVCXSIC-UHFFFAOYSA-N","C13H12F7NO",331.080711544,"CC(CN=C(O)C(F)(F)C(F)(F)C(F)(F)F)c1ccccc1"
230,NA,"HGSDUSCXQFLBKU-UHFFFAOYSA-N","C11H8F14N2O2",466.036222576,"CC(CN=C(O)C(F)(F)C(F)(F)C(F)(F)F)N=C(O)C(F)(F)C(F)(F)C(F)(F)F"
231,NA,"VPNWMJAVJKPMOO-UHFFFAOYSA-N","C11H7F17O",478.022544584,"CC(CO)C(F)(F)C(F)(F)C(F)(F)C(F)(F)C(F)(F)C(F)(F)C(F)(F)C(F)(F)F"
232,NA,"KRFXHCMETSLMGI-UHFFFAOYSA-N","C28H30F15N3O8S",853.15140922,"C=C(C)C(=O)OCC(C)OC(O)=Nc1cc(N=C(O)OCCCCN(C)S(=O)(=O)C(F)(F)C(F)(F)C(F)(F)C(F)(F)C(F)(F)C(F)(F)C(F)(F)F)ccc1C"
233,NA,"SZKQXLQBQOMQBW-UHFFFAOYSA-N","C27H30F13N3O8S",803.15460278,"C=C(C)C(=O)OCC(C)OC(O)=Nc1cc(N=C(O)OCCCCN(C)S(=O)(=O)C(F)(F)C(F)(F)C(F)(F)C(F)(F)C(F)(F)C(F)(F)F)ccc1C"
234,NA,"VORMEUUFGOJQNI-UHFFFAOYSA-N","C26H30F11N3O8S",753.15779634,"C=C(C)C(=O)OCC(C)OC(O)=Nc1cc(N=C(O)OCCCCN(C)S(=O)(=O)C(F)(F)C(F)(F)C(F)(F)C(F)(F)C(F)(F)F)ccc1C"
235,NA,"XQSZCZOJXPNZGJ-UHFFFAOYSA-N","C25H30F9N3O8S",703.1609899,"C=C(C)C(=O)OCC(C)OC(O)=Nc1cc(N=C(O)OCCCCN(C)S(=O)(=O)C(F)(F)C(F)(F)C(F)(F)C(F)(F)F)ccc1C"
236,NA,"GTJOXUVLBSSMBG-UHFFFAOYSA-N","C29H30F17N3O8S",903.14821566,"C=C(C)C(=O)OCC(C)OC(O)=Nc1cc(N=C(O)OCCCCNCS(=O)(=O)C(F)(F)C(F)(F)C(F)(F)C(F)(F)C(F)(F)C(F)(F)C(F)(F)C(F)(F)F)ccc1C"
237,NA,"ACVJGNXQTVSKDY-UHFFFAOYSA-N","C34H24F46O5",1386.088921988,"CC(COCC(C)OCC(O)CC(F)(F)C(F)(F)C(F)(F)C(F)(F)C(F)(F)C(F)(F)C(F)(F)C(F)(F)C(F)(C(F)(F)F)C(F)(F)F)OCC(O)CC(F)(F)C(F)(F)C(F)(F)C(F)(F)C(F)(F)C(F)(F)C(F)(F)C(F)(F)C(F)(C(F)(F)F)C(F)(F)F"
238,NA,"SDPBQXWNUJEWDU-UHFFFAOYSA-N","C32H24F42O5",1286.095309108,"CC(COCC(C)OCC(O)CC(F)(F)C(F)(F)C(F)(F)C(F)(F)C(F)(F)C(F)(F)C(F)(F)C(F)(F)C(F)(F)C(F)(F)F)OCC(O)CC(F)(F)C(F)(F)C(F)(F)C(F)(F)C(F)(F)C(F)(F)C(F)(F)C(F)(F)C(F)(F)C(F)(F)F"
239,NA,"QIWKDYIRAPMRPM-UHFFFAOYSA-N","C30H24F38O5",1186.101696228,"CC(COCC(O)CC(F)(F)C(F)(F)C(F)(F)C(F)(F)C(F)(F)C(F)(F)C(F)(C(F)(F)F)C(F)(F)F)OC(C)COCC(O)CC(F)(F)C(F)(F)C(F)(F)C(F)(F)C(F)(F)C(F)(F)C(F)(C(F)(F)F)C(F)(F)F"
240,NA,"AFHRHKTUTFIHHJ-UHFFFAOYSA-N","C38H24F54O5",1586.076147748,"CC(COCC(O)CC(F)(F)C(F)(F)C(F)(F)C(F)(F)C(F)(F)C(F)(F)C(F)(F)C(F)(F)C(F)(F)C(F)(F)C(F)(C(F)(F)F)C(F)(F)F)OC(C)COCC(O)CC(F)(F)C(F)(F)C(F)(F)C(F)(F)C(F)(F)C(F)(F)C(F)(F)C(F)(F)C(F)(F)C(F)(F)C(F)(C(F)(F)F)C(F)(F)F"
241,NA,"PXYNEDUJSONOLW-UHFFFAOYSA-N","C36H24F50O5",1486.082534868,"CC(COCC(O)CC(F)(F)C(F)(F)C(F)(F)C(F)(F)C(F)(F)C(F)(F)C(F)(F)C(F)(F)C(F)(F)C(F)(F)C(F)(F)C(F)(F)F)OC(C)COCC(O)CC(F)(F)C(F)(F)C(F)(F)C(F)(F)C(F)(F)C(F)(F)C(F)(F)C(F)(F)C(F)(F)C(F)(F)C(F)(F)C(F)(F)F"
242,NA,"NNSKOCZMIOWJNF-UHFFFAOYSA-N","C28H24F34O5",1086.108083348,"CC(COCC(O)CC(F)(F)C(F)(F)C(F)(F)C(F)(F)C(F)(F)C(F)(F)C(F)(F)C(F)(F)F)OC(C)COCC(O)CC(F)(F)C(F)(F)C(F)(F)C(F)(F)C(F)(F)C(F)(F)C(F)(F)C(F)(F)F"
243,NA,"JIFGTNPOBGCFCV-UHFFFAOYSA-N","C15H10F18O2",564.03933752,"C=CC(=O)OCCC(F)(F)C(F)(F)C(F)(F)C(F)(F)C(F)(F)C(F)(F)C(F)(F)C(F)(F)C(C)(F)F"
244,NA,"RGRJUIGTKHAMBM-UHFFFAOYSA-N","C5H3F9",234.009104076,"CC(F)(F)C(F)(F)C(F)(F)C(F)(F)F"
245,NA,"DUAKCVSNUIDZMC-UHFFFAOYSA-N","C4H3F7",184.012297636,"CC(F)(F)C(F)(F)C(F)(F)F"
246,NA,"TVUYDMUUUVSPGO-UHFFFAOYSA-N","C8H5F13O",364.01328164,"CC(F)(F)OCC(F)(F)C(F)(F)C(F)(F)C(F)(F)C(F)(F)F"
247,NA,"ZAUXRLVUBYXUQJ-UHFFFAOYSA-N","C6H5F9O",264.01966876,"CC(F)(F)OCC(F)(F)C(F)(F)C(F)(F)F"
248,NA,"RMLPULXLJZBQLW-UHFFFAOYSA-N","C13H6F21I",687.917890812,"CC(I)CC(F)(F)C(F)(F)C(F)(F)C(F)(F)C(F)(F)C(F)(F)C(F)(F)C(F)(F)C(F)(F)C(F)(F)F"
249,NA,"IYNXASCSZLGJOC-UHFFFAOYSA-N","C11H6F17I",587.924277932,"CC(I)CC(F)(F)C(F)(F)C(F)(F)C(F)(F)C(F)(F)C(F)(F)C(F)(F)C(F)(F)F"
250,NA,"NUNKCHDMLFIONG-UHFFFAOYSA-N","C10H6F15I",537.927471492,"CC(I)CC(F)(F)C(F)(F)C(F)(F)C(F)(F)C(F)(F)C(F)(F)C(F)(F)F"
251,"38550-34-4","REPFTMOJFHVIBT-UHFFFAOYSA-N","C9H6F13I",487.930665052,"CC(I)CC(F)(F)C(F)(F)C(F)(F)C(F)(F)C(F)(F)C(F)(F)F"
252,NA,"IDSZRNIXPFFLFW-UHFFFAOYSA-N","C7H6F9I",387.937052172,"CC(I)CC(F)(F)C(F)(F)C(F)(F)C(F)(F)F"
253,NA,"VYXXEPNGYRIBCL-UHFFFAOYSA-N","C5H6F7N",213.038846732,"CC(N)C(F)(F)C(F)(F)C(F)(F)F"
254,NA,"JRAGLFPCCTUAAH-UHFFFAOYSA-N","C6H8F7NO",243.049411416,"CC(N)C(O)C(F)(F)C(F)(F)C(F)(F)F"
255,NA,"JPRMXDQLEYNVJM-UHFFFAOYSA-N","C12H6F17NO3",535.007622792,"CC(N=C(O)C(F)(F)C(F)(F)C(F)(F)C(F)(F)C(F)(F)C(F)(F)C(F)(F)C(F)(F)F)C(=O)O"
256,NA,"XVGDQPCIRYTQHC-UHFFFAOYSA-N","C12H10F7NO",317.06506148,"CC(N=C(O)C(F)(F)C(F)(F)C(F)(F)F)c1ccccc1"
257,NA,"JIOOYMLWOFURHL-UHFFFAOYSA-N","C14H10F11NO2",433.05358898,"CC(N=C(O)C(F)(OC(F)(F)C(F)(F)C(F)(F)F)C(F)(F)F)c1ccccc1"
258,NA,"HYSSZDTUULNWLC-UHFFFAOYSA-N","C8H5F13O",364.01328164,"CC(O)C(F)(F)C(F)(F)C(F)(F)C(F)(F)C(F)(F)C(F)(F)F"
259,NA,"QOYNEVFKTZVANM-UHFFFAOYSA-N","C7H5F11O",314.0164752,"CC(O)C(F)(F)C(F)(F)C(F)(F)C(F)(F)C(F)(F)F"
260,"375-14-4","RBPHBIMHZSTIDT-UHFFFAOYSA-N","C5H5F7O",214.02286232,"CC(O)C(F)(F)C(F)(F)C(F)(F)F"
261,NA,"UBEKWJSJCWEAHM-UHFFFAOYSA-N","C7H6F10O",296.025897012,"CC(O)C(F)(F)C(F)C(F)(F)C(F)(F)C(F)(F)F"
262,NA,"CUODCAATWULWQM-UHFFFAOYSA-N","C13H9F15O3",498.031217448,"CC(O)CC(=CC(F)(F)C(F)(F)C(F)(F)C(F)(F)C(F)(C(F)(F)F)C(F)(F)F)C(=O)O"
263,NA,"CJFKXWNLDPYAPA-UHFFFAOYSA-N","C12H9F17O",492.038194648,"CC(O)CCC(F)(F)C(F)(F)C(F)(F)C(F)(F)C(F)(F)C(F)(F)C(F)(F)C(F)(F)F"
264,NA,"DCJKBXFEWSPSGU-UHFFFAOYSA-N","C11H8F15NO2",471.031551796,"CC(O)CN=C(O)C(F)(F)C(F)(F)C(F)(F)C(F)(F)C(F)(F)C(F)(F)C(F)(F)F"
265,NA,"JXPUKRLBUAVXEM-UHFFFAOYSA-N","C15H13F17O4",580.054238636,"CC(OC(=O)C(F)(OC(F)(F)C(F)(OC(F)(F)C(F)(F)C(F)(F)F)C(F)(F)F)C(F)(F)F)C(C)(C)C"
266,NA,"SVXWRCWGDAYFHY-UHFFFAOYSA-N","C8H9F7O3",286.043991688,"CC(=O)OC(C)OCC(F)(F)C(F)(F)C(F)(F)F"
267,NA,"ZYIBENCKBXFJSL-UHFFFAOYSA-N","C7H4F12O3S",395.968953628,"CC(OS(=O)(=O)C(F)(F)C(F)(F)C(F)(F)C(F)(F)F)C(F)(F)F"
268,NA,"YHJYQOPSLSJYOP-UHFFFAOYSA-N","C12H19F9NO3S",428.094193448,"CC[N+](CC)(CC)C(C)OS(=O)(=O)C(F)(F)C(F)(F)C(F)(F)C(F)(F)F"
269,NA,"XEYDAHCGYONHCL-UHFFFAOYSA-N","C7H5F7O",238.02286232,"CC=CC(=O)C(F)(C(F)(F)F)C(F)(F)F"
270,NA,"QPPMZWQUDCDFTM-UHFFFAOYSA-N","C11H5F17",460.0119799,"CC=CC(F)(F)C(F)(F)C(F)(F)C(F)(F)C(F)(F)C(F)(F)C(F)(F)C(F)(F)F"
271,NA,"MIEYGLYKERILQG-UHFFFAOYSA-N","C10H5F15",410.01517346,"CC=CC(F)(F)C(F)(F)C(F)(F)C(F)(F)C(F)(F)C(F)(F)C(F)(F)F"
272,NA,"ZYHWHNDIVSRFMS-UHFFFAOYSA-N","C9H5F13",360.01836702,"CC=CC(F)(F)C(F)(F)C(F)(F)C(F)(F)C(F)(F)C(F)(F)F"
273,NA,"HVOUHYGSLBPLGT-UHFFFAOYSA-N","C6H5F7",210.0279477,"CC=CC(F)(F)C(F)(F)C(F)(F)F"
274,NA,"RGKAEHDYNMLWRB-UHFFFAOYSA-N","C7H5F9O2S",323.98665438,"CC=CS(=O)(=O)C(F)(F)C(F)(F)C(F)(F)C(F)(F)F"
275,NA,"VPEPXOMYWDUPOA-UHFFFAOYSA-N","C24H20F24O4",828.0978364,"CC1(C(=O)OCC(F)(F)C(F)(F)C(F)(F)C(F)(F)C(F)(F)C(F)F)CCC(C(=O)OCC(F)(F)C(F)(F)C(F)(F)C(F)(F)C(F)(F)C(F)F)C1(C)C"
276,NA,"URBCHCXZUQVVLP-UHFFFAOYSA-N","C15H14F7N3O",385.102509608,"CC1(C)Cc2ccccc2C(NN=C(O)C(F)(F)C(F)(F)C(F)(F)F)=N1"
277,"94159-90-7","JUINJVGRXCBZQR-UHFFFAOYSA-N","C15H11F19O2",584.045565772,"CC1(C)OCC(CC(F)(F)C(F)(F)C(F)(F)C(F)(F)C(F)(F)C(F)(F)C(F)(C(F)(F)F)C(F)(F)F)O1"
278,"94159-88-3","UCXJEPZAXJRBAT-UHFFFAOYSA-N","C14H11F17O2",534.048759332,"CC1(C)OCC(CC(F)(F)C(F)(F)C(F)(F)C(F)(F)C(F)(F)C(F)(F)C(F)(F)C(F)(F)F)O1"
279,NA,"ZNLVRZYKPKOZEM-UHFFFAOYSA-N","C11H12F9NO3S",409.039418224,"CC1(C(O)=NS(=O)(=O)C(F)(F)C(F)(F)C(F)(F)C(F)(F)F)CCCC1"
280,NA,"QZYAQRJJGPOBHO-UHFFFAOYSA-N","C9H11F7O2",284.064727132,"CC1(COCC(F)(F)C(F)(F)C(F)(F)F)COC1"
281,NA,"DTJCOUKHJQCCKV-UHFFFAOYSA-N","C11H13F9O2",348.077183636,"CC1(COCCC(F)(F)C(F)(F)C(F)(F)C(F)(F)F)COC1"
282,NA,"UMCBPDSMHKKJON-UHFFFAOYSA-N","C11H11F7NO",306.072886512,"Cc1cc(=[O+]CC(F)(F)C(F)(F)C(F)(F)F)ccn1C"
283,NA,"WDDUCRITVXHQAD-UHFFFAOYSA-N","C7H4BrF7N2",327.944607768,"Cc1[nH]nc(C(F)(F)C(F)(F)C(F)(F)F)c1Br"
284,NA,"SVXFKLALCWALDG-UHFFFAOYSA-N","C15H15F7O4S",424.0579275,"Cc1c(C(=O)O)ccc(C(F)(C(F)(F)F)C(F)(F)F)c1S(=O)(=O)C(C)(C)C"
285,NA,"OWMOEIOYKZKBPX-UHFFFAOYSA-N","C15H15F7O3S",408.06301288,"Cc1c(C(=O)O)ccc(C(F)(C(F)(F)F)C(F)(F)F)c1S(=O)C(C)(C)C"
286,NA,"YLRHMZZOLAUGTI-UHFFFAOYSA-N","C12H9F7O4S",382.010977308,"Cc1c(C(=O)O)ccc(C(F)(C(F)(F)F)C(F)(F)F)c1S(C)(=O)=O"
287,NA,"UMLXVOGCYVWMHN-UHFFFAOYSA-N","C12H9F7O3S",366.016062688,"Cc1c(C(=O)O)ccc(C(F)(C(F)(F)F)C(F)(F)F)c1S(C)=O"
288,NA,"UOFISFKBSXJEHZ-UHFFFAOYSA-N","C7H4F7N3O2",295.019173908,"Cc1[nH]nc(C(F)(F)C(F)(F)C(F)(F)F)c1[N+](=O)[O-]"
289,NA,"STKRDLVYJCQWDA-UHFFFAOYSA-N","C14H11F7N2O",356.075960512,"Cc1cc2c(cc1C)N=C(C(F)(F)C(F)(F)C(F)(F)F)CC(O)=N2"
290,NA,"QVAUOEHPYOFAQA-UHFFFAOYSA-N","C10H8F7N",275.054496796,"Cc1cc(C(F)(C(F)(F)F)C(F)(F)F)ccc1N"
291,NA,"ACRSFVDYBBDIBA-UHFFFAOYSA-N","C13H8F9N",349.051303236,"Cc1c(C(F)(F)C(F)(F)C(F)(F)C(F)(F)F)[nH]c2ccccc12"
292,NA,"FMUNPDCTOUKDBU-UHFFFAOYSA-N","C12H8F7N",299.054496796,"Cc1c(C(F)(F)C(F)(F)C(F)(F)F)[nH]c2ccccc12"
293,NA,"CYBKWPNQAIVNCQ-UHFFFAOYSA-N","C15H15F7O2S",392.06809826,"Cc1c(C(=O)O)ccc(C(F)(C(F)(F)F)C(F)(F)F)c1SC(C)(C)C"
294,NA,"AVOIPCNIYXAITQ-UHFFFAOYSA-N","C13H8F7N",311.054496796,"Cc1cnc(C(F)(F)C(F)(F)C(F)(F)F)c2ccccc12"
295,NA,"TWYKYBTVPCIVEN-UHFFFAOYSA-N","C17H14F6S2",396.044111768,"Cc1cc(C2=C(c3cc(C)sc3C)C(F)(F)C(F)(F)C2(F)F)c(C)s1"
296,NA,"UNGNFRUVFWDOJY-UHFFFAOYSA-N","C9H6F7NO",277.033761352,"Cc1cc(C(F)(F)C(F)(F)C(F)(F)F)c(C=O)[nH]1"
297,NA,"PLSVLVAJUFTDOY-UHFFFAOYSA-N","C10H7BrF7N",352.965008864,"Cc1cc(C(F)(C(F)(F)F)C(F)(F)F)cc(Br)c1N"
298,NA,"WHUXAGOTPKHLPX-UHFFFAOYSA-N","C11H8BrF7",351.969759896,"Cc1cc(C(F)(C(F)(F)F)C(F)(F)F)cc(C)c1Br"
299,NA,"BQOVJLHKWNTWAG-UHFFFAOYSA-N","C12H9F7O",302.054162448,"Cc1cc(C(F)(C(F)(F)F)C(F)(F)F)cc(C)c1C=O"
300,NA,"XXGNKVWIUWGEOH-UHFFFAOYSA-N","C11H10F7N",289.07014686,"Cc1cc(C(F)(C(F)(F)F)C(F)(F)F)cc(C)c1N"
301,NA,"INGKWWAJPZGKLN-UHFFFAOYSA-N","C25H17Br2F7N2O2",667.954499524,"Cc1cc(C(F)(C(F)(F)F)C(F)(F)F)cc(C)c1NC(=O)c1cc(N=C(O)c2ccccc2)c(Br)cc1Br"
302,NA,"WCNBXBMCGOSLAT-UHFFFAOYSA-N","C25H16ClF8N3O4",609.070159432,"Cc1cc(C(F)(C(F)(F)F)C(F)(F)F)cc(C)c1NC(=O)c1cccc(N=C(O)c2ccc(Cl)cc2[N+](=O)[O-])c1F"
303,NA,"OFVAYTVRJIBOPT-UHFFFAOYSA-N","C25H16ClF9N2O2",582.075659412,"Cc1cc(C(F)(C(F)(F)F)C(F)(F)F)cc(C)c1NC(=O)c1cccc(N=C(O)c2ccc(Cl)cc2F)c1F"
304,NA,"MIPUSCPBEUAWLF-UHFFFAOYSA-N","C25H16F9N3O4",593.099709972,"Cc1cc(C(F)(C(F)(F)F)C(F)(F)F)cc(C)c1NC(=O)c1cccc(N=C(O)c2ccc(F)cc2[N+](=O)[O-])c1F"
305,NA,"HBHOXSNCXYUTMG-UHFFFAOYSA-N","C25H16ClF9N2O2",582.075659412,"Cc1cc(C(F)(C(F)(F)F)C(F)(F)F)cc(C)c1NC(=O)c1cccc(N=C(O)c2ccc(F)cc2Cl)c1F"
306,NA,"QTMIWUZXJQMUTP-UHFFFAOYSA-N","C25H17F9N2O2",548.114631764,"Cc1cc(C(F)(C(F)(F)F)C(F)(F)F)cc(C)c1NC(=O)c1c(F)ccc(N=C(O)c2ccccc2)c1F"
307,NA,"SDKDALZHDBASEW-UHFFFAOYSA-N","C25H16F10N2O2",566.105209952,"Cc1cc(C(F)(C(F)(F)F)C(F)(F)F)cc(C)c1NC(=O)c1ccc(F)c(N=C(O)c2ccc(F)cc2F)c1"
308,NA,"BQHJNOSKESPACB-UHFFFAOYSA-N","C25H14F12N2O2",602.086366328,"Cc1cc(C(F)(C(F)(F)F)C(F)(F)F)cc(C)c1NC(=O)c1cccc(N=C(O)c2c(F)c(F)c(F)c(F)c2F)c1"
309,NA,"SBOIVFWHPYGVNV-UHFFFAOYSA-N","C25H16F10N2O2",566.105209952,"Cc1cc(C(F)(C(F)(F)F)C(F)(F)F)cc(C)c1NC(=O)c1cccc(N=C(O)c2c(F)ccc(F)c2F)c1"
310,NA,"DAQVNRRSRQBTRV-UHFFFAOYSA-N","C25H17F9N2O2",548.114631764,"Cc1cc(C(F)(C(F)(F)F)C(F)(F)F)cc(C)c1NC(=O)c1cccc(N=C(O)c2cc(F)ccc2F)c1"
311,NA,"PMNBKZXXUDKPHG-UHFFFAOYSA-N","C25H17ClF7N3O4",591.079581244,"Cc1cc(C(F)(C(F)(F)F)C(F)(F)F)cc(C)c1NC(=O)c1cccc(N=C(O)c2ccc(Cl)cc2[N+](=O)[O-])c1"
312,NA,"CQOOKANOPDEYCK-UHFFFAOYSA-N","C25H17Cl2F7N2O2",580.055530684,"Cc1cc(C(F)(C(F)(F)F)C(F)(F)F)cc(C)c1NC(=O)c1cccc(N=C(O)c2ccc(Cl)cc2Cl)c1"
313,NA,"HEHDCGQTAOJNNZ-UHFFFAOYSA-N","C25H17ClF8N2O2",564.085081224,"Cc1cc(C(F)(C(F)(F)F)C(F)(F)F)cc(C)c1NC(=O)c1cccc(N=C(O)c2ccc(Cl)cc2F)c1"
314,NA,"XZFAVXHLIXQXBR-UHFFFAOYSA-N","C25H17ClF8N2O2",564.085081224,"Cc1cc(C(F)(C(F)(F)F)C(F)(F)F)cc(C)c1NC(=O)c1cccc(N=C(O)c2ccc(F)cc2Cl)c1"
315,NA,"UIANMSRJAQSTDA-UHFFFAOYSA-N","C25H17F9N2O2",548.114631764,"Cc1cc(C(F)(C(F)(F)F)C(F)(F)F)cc(C)c1NC(=O)c1cccc(N=C(O)c2ccc(F)cc2F)c1"
316,NA,"FHPZIZFWTWOOQW-UHFFFAOYSA-N","C10H6F7NO2",305.028675972,"Cc1cc(C(F)(C(F)(F)F)C(F)(F)F)ccc1[N+](=O)[O-]"
317,NA,"GLWMETZJHQNWOV-UHFFFAOYSA-N","C10H6BrF7",337.954109832,"Cc1cc(C(F)(C(F)(F)F)C(F)(F)F)ccc1Br"
318,NA,"RQHAMRNZYANQPH-UHFFFAOYSA-N","C18H9F7INO2",530.956624068,"Cc1cc(C(F)(C(F)(F)F)C(F)(F)F)ccc1N1C(=O)c2cccc(I)c2C1=O"
319,NA,"ZGNITFSDLCMLGI-UHFFFAOYSA-N","C23H22F7IN2O4S",682.023323724,"Cc1cc(C(F)(C(F)(F)F)C(F)(F)F)ccc1NC(=O)c1cccc(I)c1C(O)=NC(C)(C)CS(C)(=O)=O"
320,NA,"BMWUVXGFZUPLIC-UHFFFAOYSA-N","C23H23F7N2O3S",540.131761136,"Cc1cc(C(F)(C(F)(F)F)C(F)(F)F)ccc1NC(=O)c1ccccc1C(O)=NC(C)(C)CS(C)=O"
321,NA,"YGVRSXJNRYYOAC-UHFFFAOYSA-N","C10H5F13N2",400.02451502,"Cc1cc(C(F)(F)C(F)(F)C(F)(F)C(F)(F)C(F)(F)C(F)(F)F)n[nH]1"
322,NA,"ADTJLQBSULGRRY-UHFFFAOYSA-N","C9H5F11N2",350.02770858,"Cc1cc(C(F)(F)C(F)(F)C(F)(F)C(F)(F)C(F)(F)F)n[nH]1"
323,NA,"HGKNTSQKMGECCF-UHFFFAOYSA-N","C7H5F7N2",250.0340957,"Cc1cc(C(F)(F)C(F)(F)C(F)(F)F)n[nH]1"
324,NA,"FVSATDQRASQLEK-UHFFFAOYSA-N","C14H9F7N6S",426.049762828,"Cc1cc(C)nc(Sc2ccc3nnc(C(F)(F)C(F)(F)C(F)(F)F)n3n2)n1"
325,NA,"PTWQEKZPSMBKGD-UHFFFAOYSA-N","C14H9F13",424.049667148,"Cc1ccc(C)c(C(F)(F)C(F)(F)C(F)(F)C(F)(F)C(F)(F)C(F)(F)F)c1"
326,NA,"VGUUXTQDEISKCQ-UHFFFAOYSA-N","C12H7F9O",338.035318824,"Cc1ccc(C(=O)C(F)(F)C(F)(F)C(F)(F)C(F)(F)F)cc1"
327,NA,"LAXSGZOZXFTLFG-UHFFFAOYSA-N","C11H7F7O",288.038512384,"Cc1ccc(C(=O)C(F)(F)C(F)(F)C(F)(F)F)cc1"
328,"2396-26-1","XEFRSBQTXVJYKZ-UHFFFAOYSA-N","C10H7F7",260.043597764,"Cc1ccc(C(F)(C(F)(F)F)C(F)(F)F)cc1"
329,NA,"MTNQRVPPULDKMX-UHFFFAOYSA-N","C15H7F17",510.027629964,"Cc1ccc(C(F)(F)C(F)(F)C(F)(F)C(F)(F)C(F)(F)C(F)(F)C(F)(F)C(F)(F)F)cc1"
330,NA,"AZHRXWLCCNPYKN-UHFFFAOYSA-N","C13H7F13",410.034017084,"Cc1ccc(C(F)(F)C(F)(F)C(F)(F)C(F)(F)C(F)(F)C(F)(F)F)cc1"
331,"24962-65-0","OTZYGTLBGUNRBX-UHFFFAOYSA-N","C15H9F15O3S",554.003288448,"Cc1ccc(S(=O)(=O)OCC(F)(F)C(F)(F)C(F)(F)C(F)(F)C(F)(F)C(F)(F)C(F)(F)F)cc1"
332,NA,"OHRRWZZYRZXFNZ-UHFFFAOYSA-N","C14H9F13O3S",504.006482008,"Cc1ccc(S(=O)(=O)OCC(F)(F)C(F)(F)C(F)(F)C(F)(F)C(F)(F)C(F)(F)F)cc1"
333,NA,"OXJVZWUUXGCJLH-UHFFFAOYSA-N","C14H10F12O3S",486.01590382,"Cc1ccc(S(=O)(=O)OCC(F)(F)C(F)(F)C(F)(F)C(F)(F)C(F)(F)C(F)F)cc1"
334,NA,"HDIPCCMMPQAPRF-UHFFFAOYSA-N","C13H9F11O3S",454.009675568,"Cc1ccc(S(=O)(=O)OCC(F)(F)C(F)(F)C(F)(F)C(F)(F)C(F)(F)F)cc1"
335,NA,"JOEIRBYDVFVESF-UHFFFAOYSA-N","C12H9F9O3S",404.012869128,"Cc1ccc(S(=O)(=O)OCC(F)(F)C(F)(F)C(F)(F)C(F)(F)F)cc1"
336,NA,"NVBRUIASHQWABC-UHFFFAOYSA-N","C11H9F7O3S",354.016062688,"Cc1ccc(S(=O)(=O)OCC(F)(F)C(F)(F)C(F)(F)F)cc1"
337,NA,"WGCSEECKLMOBLT-UHFFFAOYSA-N","C17H11F17O3S",618.015744952,"Cc1ccc(S(=O)(=O)OCCC(F)(F)C(F)(F)C(F)(F)C(F)(F)C(F)(F)C(F)(F)C(F)(F)C(F)(F)F)cc1"
338,NA,"BWEHYGNVCKYQCH-UHFFFAOYSA-N","C13H11F9O3S",418.028519192,"Cc1ccc(S(=O)(=O)OCCC(F)(F)C(F)(F)C(F)(F)C(F)(F)F)cc1"
339,NA,"BJMMKNXYPAYRHL-UHFFFAOYSA-N","C12H8F9NOS",385.018288856,"Cc1ccc(C=NS(=O)C(F)(F)C(F)(F)C(F)(F)C(F)(F)F)cc1"
340,NA,"QNRSYAYIPSWKCR-UHFFFAOYSA-N","C15H9F13N2O",480.050729768,"Cc1ccc(CN=NC(=O)C(F)(F)C(F)(F)C(F)(F)C(F)(F)C(F)(F)C(F)(F)F)cc1"
341,NA,"BYYHYKYPFROLEU-UHFFFAOYSA-N","C12H10F7NO",317.06506148,"Cc1ccc(N=C(O)C(F)(F)C(F)(F)C(F)(F)F)c(C)c1"
342,NA,"RRKXDRWEKLMWMD-UHFFFAOYSA-N","C11H7ClF7NO",337.010439064,"Cc1ccc(N=C(O)C(F)(F)C(F)(F)C(F)(F)F)cc1Cl"
343,NA,"LVSCDTZNQBYJIP-UHFFFAOYSA-N","C11H7F9O3S",389.997219064,"Cc1ccc(OS(=O)(=O)C(F)(F)C(F)(F)C(F)(F)C(F)(F)F)cc1"
344,NA,"WKKFRUKEJSYAAA-UHFFFAOYSA-N","C12H10F7NO",317.06506148,"Cc1cccc(C)c1N=C(O)C(F)(F)C(F)(F)C(F)(F)F"
345,NA,"VSGMOFFVOMMCGS-UHFFFAOYSA-N","C10H7F7",260.043597764,"Cc1ccccc1C(F)(C(F)(F)F)C(F)(F)F"
346,NA,"MHBROBOETRABQY-UHFFFAOYSA-N","C11H7F9",310.040404204,"Cc1ccccc1C(F)(F)C(F)(F)C(F)(F)C(F)(F)F"
347,"42096-33-3","WZUNVFIAAJWKIF-UHFFFAOYSA-N","C11H7F9O3S",389.997219064,"Cc1ccccc1OS(=O)(=O)C(F)(F)C(F)(F)C(F)(F)C(F)(F)F"
348,NA,"HXWIYJXMXCMXIC-UHFFFAOYSA-N","C13H6F11NO",401.027374232,"Cc1ccc2nc(C(F)(F)C(F)(F)C(F)(F)C(F)(F)C(F)(F)F)oc2c1"
349,NA,"VGEKDRQMRQEJLC-UHFFFAOYSA-N","C8H5F7N2O2",294.02392494,"CC1=NC(=O)N=C(O)C1C(F)(F)C(F)(F)C(F)(F)F"
350,NA,"POBMIGAYJSMHRI-UHFFFAOYSA-N","C13H8F7N",311.054496796,"Cc1nccc2c(C(F)(F)C(F)(F)C(F)(F)F)cccc12"
351,NA,"NYLOQLXZAVKZQM-UHFFFAOYSA-N","C13H10BrF5N2O3",415.97949538,"CC1=NN(C(=O)c2ccc(Br)cc2)C(O)(C(F)(F)OC(F)(F)F)C1"
352,NA,"AYQOWJCWAQIBSR-UHFFFAOYSA-N","C16H10F9N3O3S",495.02991616,"Cc1nnc2n1-c1ccccc1C(OS(=O)(=O)C(F)(F)C(F)(F)C(F)(F)C(F)(F)F)=CC2"
353,NA,"SXPDQFMOOOYJJG-UHFFFAOYSA-N","C35H45F9O4",700.3174139,"CC12CCC3c4ccc(O)cc4CC(CCCCCCCCC(CCCC(F)(F)C(F)(F)C(F)(F)C(F)(F)F)C(=O)O)C3C1CCC2=O"
354,NA,"VPKYJRGMBQKKDH-UHFFFAOYSA-N","C22H21F7O3",466.137892072,"CC12CCC3c4ccc(OC(=O)C(F)(F)C(F)(F)C(F)(F)F)cc4CCC3C1CCC2=O"
355,"31185-67-8","WEIYHBVATQQFOK-UHFFFAOYSA-N","C9H9F7O3",298.043991688,"CC12COC(C(F)(F)C(F)(F)C(F)(F)F)(OC1)OC2"
356,NA,"MCQWLLPAXMDAIY-UHFFFAOYSA-N","C18H15F13O3S",558.0534322,"CC1C2CC(C1SCCC(F)(F)C(F)(F)C(F)(F)C(F)(F)C(F)(F)C(F)(F)F)C1C(=O)OC(=O)C21"
357,NA,"ZRDCDISSPANBPT-UHFFFAOYSA-N","C13H13F9O4",404.067012876,"CC1CC(C(=O)O)(C(=O)O)CC1CC(F)(F)C(F)(F)C(F)(F)C(F)(F)F"
358,NA,"RYMFLNQDHZXPER-UHFFFAOYSA-N","C10H13F7O",282.085462576,"CC1CCC(C(F)(C(F)(F)F)C(F)(F)F)C(O)C1"
359,NA,"KGMRHDNQVLRBQY-UHFFFAOYSA-N","C41H27F46N3O3S2",1547.075931844,"Cc1ccc(N=C(O)OC(CSCCC(F)(F)C(F)(F)C(F)(F)C(F)(F)C(F)(F)C(F)(F)C(F)(F)C(F)(F)C(F)(C(F)(F)F)C(F)(F)F)CSCCC(F)(F)C(F)(F)C(F)(F)C(F)(F)C(F)(F)C(F)(F)C(F)(F)C(F)(F)C(F)(C(F)(F)F)C(F)(F)F)cc1N=C(O)N1CC1C"
360,NA,"QGLDRYPRFCXNCR-UHFFFAOYSA-N","C33H27F30N3O3S2",1147.101480324,"Cc1ccc(N=C(O)OC(CSCCC(F)(F)C(F)(F)C(F)(F)C(F)(F)C(F)(C(F)(F)F)C(F)(F)F)CSCCC(F)(F)C(F)(F)C(F)(F)C(F)(F)C(F)(C(F)(F)F)C(F)(F)F)cc1N=C(O)N1CC1C"
361,NA,"KOTYYFRBCSIWOF-UHFFFAOYSA-N","C37H27F38N3O3S2",1347.088706084,"Cc1ccc(N=C(O)OC(CSCCC(F)(F)C(F)(F)C(F)(F)C(F)(F)C(F)(F)C(F)(F)C(F)(C(F)(F)F)C(F)(F)F)CSCCC(F)(F)C(F)(F)C(F)(F)C(F)(F)C(F)(F)C(F)(F)C(F)(C(F)(F)F)C(F)(F)F)cc1N=C(O)N1CC1C"
362,NA,"QQGCRHKFDHSORV-UHFFFAOYSA-N","C8H9F7O",254.054162448,"CCC(=O)C(C)C(F)(F)C(F)(F)C(F)(F)F"
363,NA,"VHTNJYGNFUMJTN-UHFFFAOYSA-N","C8H5F11O",326.0164752,"CCC(=O)C(F)(F)C(F)(F)C(F)(F)C(F)(F)C(F)(F)F"
364,NA,"YZKLWOAXLICVPM-UHFFFAOYSA-N","C15H13F17N2O3S",624.037543016,"CCC(=O)N1CCN(S(=O)(=O)C(F)(F)C(F)(F)C(F)(F)C(F)(F)C(F)(F)C(F)(F)C(F)(F)C(F)(F)F)CC1"
365,NA,"LRXFRJILXQOPKW-UHFFFAOYSA-N","C8H5F13",348.01836702,"CCC(C(F)(F)F)(C(F)(F)F)C(F)(F)C(F)(F)C(F)(F)F"
366,NA,"AYYYDLPIWJFWNG-UHFFFAOYSA-N","C10H7F13O2",406.023846324,"CCC(C(=O)O)C(F)(F)C(F)(F)C(F)(F)C(F)(F)C(F)(F)C(F)(F)F"
367,NA,"BWCQJJODWLOTSV-UHFFFAOYSA-N","C7H8F7NO3",287.039240656,"CCC(C(O)C(F)(F)C(F)(F)C(F)(F)F)[N+](=O)[O-]"
368,NA,"LKKFNVRPVRAJCV-UHFFFAOYSA-N","C33H42F8N2O4",682.301683584,"CCC(C)(C)c1ccc(OCCCCCC(O)=Nc2ccc(N=C(O)C(F)(F)C(F)(F)C(F)C(F)(F)F)c(O)c2)c(C(C)(C)CC)c1"
369,NA,"DJEKHYMIDUQGNM-UHFFFAOYSA-N","C10H9F9O",316.050968888,"CCC(C)(O)C#CC(F)(F)C(F)(F)C(F)(F)C(F)(F)F"
370,NA,"RZSGRGYAFDNPBL-UHFFFAOYSA-N","C7H9F7O",242.054162448,"CCC(C)(O)C(F)(F)C(F)(F)C(F)(F)F"
371,NA,"OSQAPZGHDQYVKC-UHFFFAOYSA-N","C26H21F15O2",650.130203212,"CCC(C)Cc1ccc(-c2ccc(C(=O)OCC(F)(F)C(F)(F)C(F)(F)C(F)(F)C(F)(F)C(F)(F)C(F)(F)F)cc2)cc1"
372,NA,"UVZZELJWFBMUIW-UHFFFAOYSA-N","C8H10F7NO",269.06506148,"CCC(C)N=C(O)C(F)(F)C(F)(F)C(F)(F)F"
373,NA,"PBRMQLWBNAZWRE-UHFFFAOYSA-N","C15H14F19NO",585.077200248,"CCC(C)NCC(O)C(F)(F)C(F)(F)C(F)(F)C(F)(F)C(F)(F)C(F)(F)C(F)(F)C(F)(F)C(F)(F)F"
374,NA,"BJEXEPYIVRVXQT-UHFFFAOYSA-N","C11H14F7NO3",341.086190848,"CCC(C)OC(=O)C(C)N=C(O)C(F)(F)C(F)(F)C(F)(F)F"
375,NA,"UJKLXHUBMDNJOB-UHFFFAOYSA-N","C10H9F11O3",386.037604568,"CCC(C)OC(=O)C(F)(OC(F)(F)C(F)(F)C(F)(F)F)C(F)(F)F"
376,NA,"TYVNTBOMXDFSAY-UHFFFAOYSA-N","C13H9F17O4",552.022938508,"CCC(C)OC(=O)C(F)(OC(F)(F)C(F)(OC(F)(F)C(F)(F)C(F)(F)F)C(F)(F)F)C(F)(F)F"
377,NA,"YTTVATTUNZLFSZ-UHFFFAOYSA-N","C15H15F7O4S",424.0579275,"CCC(C)S(=O)(=O)c1c(C(F)(C(F)(F)F)C(F)(F)F)ccc(C(=O)O)c1C"
378,NA,"XZAVKYNSLWXFDI-UHFFFAOYSA-N","C16H17F7O4S",438.073577564,"CCc1c(C(=O)O)ccc(C(F)(C(F)(F)F)C(F)(F)F)c1S(=O)(=O)C(C)CC"
379,NA,"OLNXGOQWYCILBL-UHFFFAOYSA-N","C15H15F7O3S",408.06301288,"CCC(C)S(=O)c1c(C(F)(C(F)(F)F)C(F)(F)F)ccc(C(=O)O)c1C"
380,NA,"FIOBMHPGQOLBAX-UHFFFAOYSA-N","C16H17F7O3S",422.078662944,"CCc1c(C(=O)O)ccc(C(F)(C(F)(F)F)C(F)(F)F)c1S(=O)C(C)CC"
381,NA,"DMUDOWYIYPORNE-UHFFFAOYSA-N","C15H15F7O2S",392.06809826,"CCC(C)Sc1c(C(F)(C(F)(F)F)C(F)(F)F)ccc(C(=O)O)c1C"
382,NA,"NMXPNPXHWNDRTQ-UHFFFAOYSA-N","C16H17F7O2S",406.083748324,"CCc1c(C(=O)O)ccc(C(F)(C(F)(F)F)C(F)(F)F)c1SC(C)CC"
383,NA,"INASZJPFWJZLGH-UHFFFAOYSA-N","C10H6F12O",370.022703452,"CCC(C=O)=C(F)C(F)(F)C(F)(F)C(F)(F)C(F)(F)C(F)(F)F"
384,"356-66-1","OZLLKPBJUXSZOV-UHFFFAOYSA-N","C7H8F7NO2",271.044326036,"CCC(CC(F)(F)C(F)(F)C(F)(F)F)[N+](=O)[O-]"
385,NA,"NOSIICKOBIURRM-UHFFFAOYSA-N","C11H13F7O2",310.080377196,"CCC(CC)C(=O)CC(=O)C(F)(F)C(F)(F)C(F)(F)F"
386,NA,"SJJBBPOPHSQXFJ-UHFFFAOYSA-N","C16H11F13N4O4",570.057271692,"CCC(CN=Nc1ccc([N+](=O)[O-])cc1[N+](=O)[O-])C(F)(F)C(F)(F)C(F)(F)C(F)(F)C(F)(F)C(F)(F)F"
387,NA,"NMZHRKYJNDJFQW-UHFFFAOYSA-N","C14H5F25",647.99920566,"CCC(F)(F)C(F)(F)C(F)(F)C(F)(F)C(F)(F)C(F)(F)C(F)(F)C(F)(F)C(F)(F)C(F)(F)C(F)(F)C(F)(F)F"
388,NA,"HUPGRQWHZOWFPQ-UHFFFAOYSA-N","C12H5F21",548.00559278,"CCC(F)(F)C(F)(F)C(F)(F)C(F)(F)C(F)(F)C(F)(F)C(F)(F)C(F)(F)C(F)(F)C(F)(F)F"
389,"85711-89-3","JNAIMEWMJYVGEW-UHFFFAOYSA-N","C10H5F17",448.0119799,"CCC(F)(F)C(F)(F)C(F)(F)C(F)(F)C(F)(F)C(F)(F)C(F)(F)C(F)(F)F"
390,NA,"SKRWRXWNQFQGRU-UHFFFAOYSA-N","C8H5F13",348.01836702,"CCC(F)(F)C(F)(F)C(F)(F)C(F)(F)C(F)(F)C(F)(F)F"
391,NA,"ADXRMDFVKSPFQM-UHFFFAOYSA-N","C7H5F11",298.02156058,"CCC(F)(F)C(F)(F)C(F)(F)C(F)(F)C(F)(F)F"
392,NA,"RTGGFPLAKRCINA-UHFFFAOYSA-N","C6H5F9",248.02475414,"CCC(F)(F)C(F)(F)C(F)(F)C(F)(F)F"
393,NA,"YLXMZWSVIPOWNY-UHFFFAOYSA-N","C5H5F7",198.0279477,"CCC(F)(F)C(F)(F)C(F)(F)F"
394,NA,"IJBOBFHYUFMKPT-UHFFFAOYSA-N","C12H8F17I",601.939927996,"CCC(I)CC(F)(F)C(F)(F)C(F)(F)C(F)(F)C(F)(F)C(F)(F)C(F)(F)C(F)(F)F"
395,NA,"DXAXUZKHVAYWHE-UHFFFAOYSA-N","C7H10F7N",241.07014686,"CCC(N)CC(F)(F)C(F)(F)C(F)(F)F"
396,NA,"GJVFPXBDZTWODC-UHFFFAOYSA-N","C30H37F7N2O4",622.264155204,"CCC(Oc1ccc(C(C)(C)CC)cc1C(C)(C)CC)C(O)=Nc1ccc(N=C(O)C(F)(F)C(F)(F)C(F)(F)F)c(O)c1"
397,NA,"JECHGDJHMJCUKE-UHFFFAOYSA-N","C31H37F9N2O4",672.260961644,"CCC(Oc1ccc(C(C)(C)CC)cc1C(C)(C)CC)C(O)=Nc1ccc(C(O)=NC(F)(F)C(F)(F)C(F)(F)C(F)(F)F)c(O)c1"
398,NA,"OJGIFDMSTFVZSM-UHFFFAOYSA-N","C7H7F7",224.043597764,"CCC=CC(F)(F)C(F)(F)C(F)(F)F"
399,NA,"JERIDHIJIGOGPJ-UHFFFAOYSA-N","C16H17F7O4S",438.073577564,"CCc1c(C(=O)O)ccc(C(F)(C(F)(F)F)C(F)(F)F)c1S(=O)(=O)C(C)(C)C"
400,NA,"PXNMPRLSQFHPTD-UHFFFAOYSA-N","C15H15F7O4S",424.0579275,"CCc1c(C(=O)O)ccc(C(F)(C(F)(F)F)C(F)(F)F)c1S(=O)(=O)C(C)C"
401,NA,"ILBDMKGZYGQOLP-UHFFFAOYSA-N","C14H13F7O4S",410.042277436,"CCc1c(C(=O)O)ccc(C(F)(C(F)(F)F)C(F)(F)F)c1S(=O)(=O)CC"
402,NA,"TTYMXZBACADDNW-UHFFFAOYSA-N","C16H17F7O4S",438.073577564,"CCc1c(C(=O)O)ccc(C(F)(C(F)(F)F)C(F)(F)F)c1S(=O)(=O)CC(C)C"
403,NA,"RAEYMZSRWYHJQP-UHFFFAOYSA-N","C16H17F7O3S",422.078662944,"CCc1c(C(=O)O)ccc(C(F)(C(F)(F)F)C(F)(F)F)c1S(=O)C(C)(C)C"
404,NA,"QPHRSUKAALEXCT-UHFFFAOYSA-N","C15H15F7O3S",408.06301288,"CCc1c(C(=O)O)ccc(C(F)(C(F)(F)F)C(F)(F)F)c1S(=O)C(C)C"
405,NA,"DPJOHDGIIXCPLJ-UHFFFAOYSA-N","C14H13F7O3S",394.047362816,"CCc1c(C(=O)O)ccc(C(F)(C(F)(F)F)C(F)(F)F)c1S(=O)CC"
406,NA,"SSVYLSFHMOYLBO-UHFFFAOYSA-N","C16H17F7O3S",422.078662944,"CCc1c(C(=O)O)ccc(C(F)(C(F)(F)F)C(F)(F)F)c1S(=O)CC(C)C"
407,NA,"GQADKNZFMBVXHH-UHFFFAOYSA-N","C13H11F7O4S",396.026627372,"CCc1c(C(=O)O)ccc(C(F)(C(F)(F)F)C(F)(F)F)c1S(C)(=O)=O"
408,NA,"YLKVZAFTIYTNFW-UHFFFAOYSA-N","C13H11F7O3S",380.031712752,"CCc1c(C(=O)O)ccc(C(F)(C(F)(F)F)C(F)(F)F)c1S(C)=O"
409,NA,"BHBBDCWGTJHGCX-UHFFFAOYSA-N","C11H9ClF7N",323.031174508,"CCc1cc(C(F)(C(F)(F)F)C(F)(F)F)cc(Cl)c1N"
410,NA,"ISKZCAFAIREMLK-UHFFFAOYSA-N","C16H17F7O2S",406.083748324,"CCc1c(C(=O)O)ccc(C(F)(C(F)(F)F)C(F)(F)F)c1SC(C)(C)C"
411,NA,"UWANKTMJFLSJKU-UHFFFAOYSA-N","C15H15F7O2S",392.06809826,"CCc1c(C(=O)O)ccc(C(F)(C(F)(F)F)C(F)(F)F)c1SC(C)C"
412,NA,"MKXUBDUGXDCTII-UHFFFAOYSA-N","C13H11F7O2S",364.036798132,"CCc1c(C(=O)O)ccc(C(F)(C(F)(F)F)C(F)(F)F)c1SC"
413,NA,"LUCAYPQGWNVYFO-UHFFFAOYSA-N","C16H17F7O2S",406.083748324,"CCc1c(C(=O)O)ccc(C(F)(C(F)(F)F)C(F)(F)F)c1SCC(C)C"
414,NA,"FQPRLZDVXVSBBL-UHFFFAOYSA-N","C11H10F7N",289.07014686,"CCc1cc(C(F)(C(F)(F)F)C(F)(F)F)ccc1N"
415,NA,"ITZUFQNRRSMYTJ-UHFFFAOYSA-N","C16H11F13N2O",494.066379832,"CCc1ccc(CN=NC(=O)C(F)(F)C(F)(F)C(F)(F)C(F)(F)C(F)(F)C(F)(F)F)cc1"
416,NA,"WSXDNDBZYMSYLA-UHFFFAOYSA-N","C12H10F7NO",317.06506148,"CCc1ccccc1N=C(O)C(F)(F)C(F)(F)C(F)(F)F"
417,"31185-68-9","MEQDZELXTCMMLF-UHFFFAOYSA-N","C10H11F7O3",312.059641752,"CCC12COC(C(F)(F)C(F)(F)C(F)(F)F)(OC1)OC2"
418,"425-22-9","UFFMDNJCTCOCIX-UHFFFAOYSA-N","C7H7F7O",240.038512384,"CCCC(=O)C(F)(F)C(F)(F)C(F)(F)F"
419,NA,"KEIKDEUYHLTTNF-UHFFFAOYSA-N","C8H9F7O2",270.049077068,"CCCC(=O)OCC(F)(F)C(F)(F)C(F)(F)F"
420,NA,"MFZHQYSRBOWRKF-UHFFFAOYSA-N","C13H7F21",562.021242844,"CCCC(F)(F)C(F)(F)C(F)(F)C(F)(F)C(F)(F)C(F)(F)C(F)(F)C(F)(F)C(F)(F)C(F)(F)F"
421,NA,"DTLGDSAWSCMUJZ-UHFFFAOYSA-N","C11H7F17",462.027629964,"CCCC(F)(F)C(F)(F)C(F)(F)C(F)(F)C(F)(F)C(F)(F)C(F)(F)C(F)(F)F"
422,NA,"INWWPBCQHLHWRD-UHFFFAOYSA-N","C9H7F13",362.034017084,"CCCC(F)(F)C(F)(F)C(F)(F)C(F)(F)C(F)(F)C(F)(F)F"
423,NA,"JPCSERNSJZWYPU-UHFFFAOYSA-N","C8H7F11",312.037210644,"CCCC(F)(F)C(F)(F)C(F)(F)C(F)(F)C(F)(F)F"
424,NA,"MDZDBKLCYXUTQA-UHFFFAOYSA-N","C7H7F9",262.040404204,"CCCC(F)(F)C(F)(F)C(F)(F)C(F)(F)F"
425,NA,"XMEPUXUKDYDDDY-UHFFFAOYSA-N","C6H7F7",212.043597764,"CCCC(F)(F)C(F)(F)C(F)(F)F"
426,NA,"IABUHMJGHDOUKS-UHFFFAOYSA-N","C12H10F15I",565.95877162,"CCCC(I)CC(F)(F)C(F)(F)C(F)(F)C(F)(F)C(F)(F)C(F)(F)C(F)(F)F"
427,"425-21-8","OTTCSFSJPPWLBV-UHFFFAOYSA-N","C7H9F7O",242.054162448,"CCCC(O)C(F)(F)C(F)(F)C(F)(F)F"
428,NA,"PFSBRGRDTLSALE-UHFFFAOYSA-N","C8H11F7OSe",335.986333812,"CCCC[Se]C(O)C(F)(F)C(F)(F)C(F)(F)F"
429,NA,"LGAFWMLLIBBCRX-UHFFFAOYSA-N","C8H9F7",238.059247828,"CCCC=CC(F)(F)C(F)(F)C(F)(F)F"
430,"72828-80-9","PQKROKRLQONMBH-UHFFFAOYSA-N","C13H18F8O2",358.117905576,"CCCCC(=O)OCC(F)(F)C(F)(F)C(F)(F)C(F)(F)CCC"
431,NA,"FXZCUFFOPKNPDY-UHFFFAOYSA-N","C14H17F11O3",442.100204824,"CCCCC(CC)COC(=O)C(F)(OC(F)(F)C(F)(F)C(F)(F)F)C(F)(F)F"
432,NA,"GTNZGZBDWNABEG-UHFFFAOYSA-N","C12H14F8O2",342.086605448,"CCCCC(CC=C(F)C(F)(F)C(F)(F)C(F)(F)F)C(=O)O"
433,NA,"ADCGKSAFZSUUER-UHFFFAOYSA-N","C16H9F25",676.030505788,"CCCCC(F)(F)C(F)(F)C(F)(F)C(F)(F)C(F)(F)C(F)(F)C(F)(F)C(F)(F)C(F)(F)C(F)(F)C(F)(F)C(F)(F)F"
434,NA,"YSLCLCFQFQCLPG-UHFFFAOYSA-N","C14H9F21",576.036892908,"CCCCC(F)(F)C(F)(F)C(F)(F)C(F)(F)C(F)(F)C(F)(F)C(F)(F)C(F)(F)C(F)(F)C(F)(F)F"
435,NA,"QMHWVMOTZAJPCO-UHFFFAOYSA-N","C12H9F17",476.043280028,"CCCCC(F)(F)C(F)(F)C(F)(F)C(F)(F)C(F)(F)C(F)(F)C(F)(F)C(F)(F)F"
436,NA,"MKVVMPBOVPRQNY-UHFFFAOYSA-N","C10H9F13",376.049667148,"CCCCC(F)(F)C(F)(F)C(F)(F)C(F)(F)C(F)(F)C(F)(F)F"
437,NA,"DHVISCLQILVWLM-UHFFFAOYSA-N","C8H9F9",276.056054268,"CCCCC(F)(F)C(F)(F)C(F)(F)C(F)(F)F"
438,NA,"YHNUMBKYLJWTIO-UHFFFAOYSA-N","C7H9F7",226.059247828,"CCCCC(F)(F)C(F)(F)C(F)(F)F"
439,NA,"FOSSNNCPAUONPQ-UHFFFAOYSA-N","C10H10F9I",427.9683523,"CCCCC(I)=CC(F)(F)C(F)(F)C(F)(F)C(F)(F)F"
440,NA,"HVZLGRLQYFSTSP-UHFFFAOYSA-N","C12H12F13I",529.977615244,"CCCCC(I)CC(C(F)(F)F)(C(F)(F)F)C(F)(F)C(F)(F)C(F)(F)F"
441,NA,"IJWSNNHYHDWJKB-UHFFFAOYSA-N","C9H12F7I",379.987195924,"CCCCC(I)CC(F)(C(F)(F)F)C(F)(F)F"
442,NA,"BMCDKBGGDPWONB-UHFFFAOYSA-N","C16H12F21I",729.964841004,"CCCCC(I)CC(F)(F)C(F)(F)C(F)(F)C(F)(F)C(F)(F)C(F)(F)C(F)(F)C(F)(F)C(F)(F)C(F)(F)F"
443,NA,"UAKCXZYWOHJHOQ-UHFFFAOYSA-N","C14H12F17I",629.971228124,"CCCCC(I)CC(F)(F)C(F)(F)C(F)(F)C(F)(F)C(F)(F)C(F)(F)C(F)(F)C(F)(F)F"
444,NA,"BEQLOSVHRBTANS-UHFFFAOYSA-N","C12H12F13I",529.977615244,"CCCCC(I)CC(F)(F)C(F)(F)C(F)(F)C(F)(F)C(F)(F)C(F)(F)F"
445,NA,"REVTURCVXSGZNE-UHFFFAOYSA-N","C10H12F9I",429.984002364,"CCCCC(I)CC(F)(F)C(F)(F)C(F)(F)C(F)(F)F"
446,NA,"OREPMMRTKSCBPA-UHFFFAOYSA-N","C9H12F7I",379.987195924,"CCCCC(I)CC(F)(F)C(F)(F)C(F)(F)F"
447,NA,"PTQKCGQHJQSDEQ-UHFFFAOYSA-N","C33H42F8N2O4",682.301683584,"CCCCC(Oc1ccc(C(C)(C)CC)cc1C(C)(C)CC)C(O)=Nc1ccc(N=C(O)C(F)(F)C(F)(F)C(F)C(F)(F)F)c(O)c1"
448,NA,"YQTBVQGDWOBHRU-UHFFFAOYSA-N","C33H42F8N2O4",682.301683584,"CCCCC(Oc1ccc(C(C)(C)CC)cc1C(C)(C)CC)C(O)=Nc1ccc(N=C(O)C(F)(F)C(F)(F)C(F)(F)C(F)F)c(O)c1"
449,NA,"FVSDJPACEHXABM-UHFFFAOYSA-N","C32H41F7N2O4",650.295455332,"CCCCC(Oc1ccc(C(C)(C)CC)cc1C(C)(C)CC)C(O)=Nc1ccc(N=C(O)C(F)(F)C(F)(F)C(F)(F)F)c(O)c1"
450,NA,"NOHLLTHGANBXNS-UHFFFAOYSA-N","C14H11F17",502.058930092,"CCCCC=CC(F)(F)C(F)(F)C(F)(F)C(F)(F)C(F)(F)C(F)(F)C(F)(F)C(F)(F)F"
451,NA,"PBFFYNBAOSKDGF-UHFFFAOYSA-N","C13H11F15",452.062123652,"CCCCC=CC(F)(F)C(F)(F)C(F)(F)C(F)(F)C(F)(F)C(F)(F)C(F)(F)F"
452,NA,"VSDPIAWMPOHVMW-UHFFFAOYSA-N","C10H11F9",302.071704332,"CCCCC=CC(F)(F)C(F)(F)C(F)(F)C(F)(F)F"
453,NA,"DZBBLQUHQSLWOV-UHFFFAOYSA-N","C9H11F7",252.074897892,"CCCCC=CC(F)(F)C(F)(F)C(F)(F)F"
454,NA,"OWZFIVLIZBBEEO-UHFFFAOYSA-N","C18H19F17N2O3S",666.084493208,"CCCCCC(=O)N1CCN(S(=O)(=O)C(F)(F)C(F)(F)C(F)(F)C(F)(F)C(F)(F)C(F)(F)C(F)(F)C(F)(F)F)CC1"
455,NA,"PFQQFKZQVVSAND-UHFFFAOYSA-N","C11H16F7NO",311.112011672,"CCCCCC(C)N=C(O)C(F)(F)C(F)(F)C(F)(F)F"
456,NA,"XOFRRGPGZOTKDI-UHFFFAOYSA-N","C15H11F21",590.052542972,"CCCCCC(F)(F)C(F)(F)C(F)(F)C(F)(F)C(F)(F)C(F)(F)C(F)(F)C(F)(F)C(F)(F)C(F)(F)F"
457,NA,"PQJWUGAPAMCURJ-UHFFFAOYSA-N","C13H11F17",490.058930092,"CCCCCC(F)(F)C(F)(F)C(F)(F)C(F)(F)C(F)(F)C(F)(F)C(F)(F)C(F)(F)F"
458,NA,"MXWAWYKEMQNBBF-UHFFFAOYSA-N","C11H11F13",390.065317212,"CCCCCC(F)(F)C(F)(F)C(F)(F)C(F)(F)C(F)(F)C(F)(F)F"
459,NA,"PYNBFLPZZOMIKE-UHFFFAOYSA-N","C10H11F11",340.068510772,"CCCCCC(F)(F)C(F)(F)C(F)(F)C(F)(F)C(F)(F)F"
460,NA,"GYDMBTYTWYNRGO-UHFFFAOYSA-N","C9H11F9",290.071704332,"CCCCCC(F)(F)C(F)(F)C(F)(F)C(F)(F)F"
461,NA,"ZVUIWLHHBDVANB-UHFFFAOYSA-N","C8H11F7",240.074897892,"CCCCCC(F)(F)C(F)(F)C(F)(F)F"
462,NA,"GSQPSJXGCXEMDW-UHFFFAOYSA-N","C10H14F7I",394.002845988,"CCCCCC(I)CC(F)(C(F)(F)F)C(F)(F)F"
463,NA,"ARVPOVRKBXQPNT-UHFFFAOYSA-N","C17H14F21I",743.980491068,"CCCCCC(I)CC(F)(F)C(F)(F)C(F)(F)C(F)(F)C(F)(F)C(F)(F)C(F)(F)C(F)(F)C(F)(F)C(F)(F)F"
464,NA,"HAOJSOMNGULWCF-UHFFFAOYSA-N","C14H14F15I",593.990071748,"CCCCCC(I)CC(F)(F)C(F)(F)C(F)(F)C(F)(F)C(F)(F)C(F)(F)C(F)(F)F"
465,NA,"ZJRXNPPPEHEXIG-UHFFFAOYSA-N","C11H14F9I",443.999652428,"CCCCCC(I)CC(F)(F)C(F)(F)C(F)(F)C(F)(F)F"
466,NA,"ALFSYYNBKXKTJH-UHFFFAOYSA-N","C10H14F7I",394.002845988,"CCCCCC(I)CC(F)(F)C(F)(F)C(F)(F)F"
467,NA,"VWTHYYFOIOPGBF-UHFFFAOYSA-N","C12H15F9",330.10300446,"CCCCCC=C(C)C(F)(F)C(F)(F)C(F)(F)C(F)(F)F"
468,NA,"QSMWTZRYLVVETD-UHFFFAOYSA-N","C12H12F12",384.074739024,"CCCCCC=C(F)C(F)(F)C(F)(F)C(F)(F)C(F)(F)C(F)(F)F"
469,NA,"BWRNLAVMSIJMQH-UHFFFAOYSA-N","C10H12F8",284.081126144,"CCCCCC=C(F)C(F)(F)C(F)(F)C(F)(F)F"
470,NA,"ZTVGSHHXGFOBPF-UHFFFAOYSA-N","C15H13F17",516.074580156,"CCCCCC=CC(F)(F)C(F)(F)C(F)(F)C(F)(F)C(F)(F)C(F)(F)C(F)(F)C(F)(F)F"
471,NA,"AEYWRUOLWSDNSX-UHFFFAOYSA-N","C14H13F15",466.077773716,"CCCCCC=CC(F)(F)C(F)(F)C(F)(F)C(F)(F)C(F)(F)C(F)(F)C(F)(F)F"
472,NA,"CYIMORLVMXKPBZ-UHFFFAOYSA-N","C13H13F13",416.080967276,"CCCCCC=CC(F)(F)C(F)(F)C(F)(F)C(F)(F)C(F)(F)C(F)(F)F"
473,NA,"BPLNYTMJXSFCTM-UHFFFAOYSA-N","C11H13F9",316.087354396,"CCCCCC=CC(F)(F)C(F)(F)C(F)(F)C(F)(F)F"
474,NA,"HMGKWDKYLWEYAV-UHFFFAOYSA-N","C10H13F7",266.090547956,"CCCCCC=CC(F)(F)C(F)(F)C(F)(F)F"
475,NA,"IZGVFACATXNLFF-UHFFFAOYSA-N","C22H18F13N",543.123166436,"CCCCCc1ccc(-c2ccc(C(F)(F)C(F)(F)C(F)(F)C(F)(F)C(F)(F)C(F)(F)F)cc2)nc1"
476,NA,"CQNVNDNWIKZAAI-UHFFFAOYSA-N","C12H17F7O2",326.111677324,"CCCCCCC(C)OC(=O)C(F)(F)C(F)(F)C(F)(F)F"
477,NA,"YZHBNWFCJSAYBH-UHFFFAOYSA-N","C12H17F9O",348.113569144,"CCCCCCC(CO)C(F)(F)C(F)(F)C(F)(F)C(F)(F)F"
478,NA,"JJGNXYKBILNAHA-UHFFFAOYSA-N","C18H13F25",704.061805916,"CCCCCCC(F)(F)C(F)(F)C(F)(F)C(F)(F)C(F)(F)C(F)(F)C(F)(F)C(F)(F)C(F)(F)C(F)(F)C(F)(F)C(F)(F)F"
479,NA,"SPEXSSXGHMMEEU-UHFFFAOYSA-N","C16H13F21",604.068193036,"CCCCCCC(F)(F)C(F)(F)C(F)(F)C(F)(F)C(F)(F)C(F)(F)C(F)(F)C(F)(F)C(F)(F)C(F)(F)F"
480,NA,"DRBIBGYUOWJFGI-UHFFFAOYSA-N","C14H13F17",504.074580156,"CCCCCCC(F)(F)C(F)(F)C(F)(F)C(F)(F)C(F)(F)C(F)(F)C(F)(F)C(F)(F)F"
481,NA,"IOYBNVFBNAHBMT-UHFFFAOYSA-N","C13H13F15",454.077773716,"CCCCCCC(F)(F)C(F)(F)C(F)(F)C(F)(F)C(F)(F)C(F)(F)C(F)(F)F"
482,NA,"UXOMJEKWJPXIKA-UHFFFAOYSA-N","C12H13F13",404.080967276,"CCCCCCC(F)(F)C(F)(F)C(F)(F)C(F)(F)C(F)(F)C(F)(F)F"
483,NA,"JNSNOMBEZFGTQM-UHFFFAOYSA-N","C11H13F11",354.084160836,"CCCCCCC(F)(F)C(F)(F)C(F)(F)C(F)(F)C(F)(F)F"
484,NA,"YGGBKWYCPRYWRI-UHFFFAOYSA-N","C10H13F9",304.087354396,"CCCCCCC(F)(F)C(F)(F)C(F)(F)C(F)(F)F"
485,NA,"ZICALAZJGGHDNX-UHFFFAOYSA-N","C9H13F7",254.090547956,"CCCCCCC(F)(F)C(F)(F)C(F)(F)F"
486,NA,"HLLNKYADPLDRRE-UHFFFAOYSA-N","C12H14F9I",455.999652428,"CCCCCCC(I)=CC(F)(F)C(F)(F)C(F)(F)C(F)(F)F"
487,NA,"KXNZHYYOSMZKIM-UHFFFAOYSA-N","C20H16F25I",857.989754012,"CCCCCCC(I)CC(F)(F)C(F)(F)C(F)(F)C(F)(F)C(F)(F)C(F)(F)C(F)(F)C(F)(F)C(F)(F)C(F)(F)C(F)(F)C(F)(F)F"
488,NA,"NVHAUPRAVYZZAV-UHFFFAOYSA-N","C18H16F21I",757.996141132,"CCCCCCC(I)CC(F)(F)C(F)(F)C(F)(F)C(F)(F)C(F)(F)C(F)(F)C(F)(F)C(F)(F)C(F)(F)C(F)(F)F"
489,NA,"HIRWAQFMDABHLG-UHFFFAOYSA-N","C16H16F17I",658.002528252,"CCCCCCC(I)CC(F)(F)C(F)(F)C(F)(F)C(F)(F)C(F)(F)C(F)(F)C(F)(F)C(F)(F)F"
490,NA,"DUVMOWIYGIOIKQ-UHFFFAOYSA-N","C15H16F15I",608.005721812,"CCCCCCC(I)CC(F)(F)C(F)(F)C(F)(F)C(F)(F)C(F)(F)C(F)(F)C(F)(F)F"
491,NA,"GVWXUPPPAHSALU-UHFFFAOYSA-N","C14H16F13I",558.008915372,"CCCCCCC(I)CC(F)(F)C(F)(F)C(F)(F)C(F)(F)C(F)(F)C(F)(F)F"
492,NA,"NBGPKUJGJLFFFP-UHFFFAOYSA-N","C12H16F9I",458.015302492,"CCCCCCC(I)CC(F)(F)C(F)(F)C(F)(F)C(F)(F)F"
493,NA,"NEOGUXPCNJGTPD-UHFFFAOYSA-N","C11H16F7I",408.018496052,"CCCCCCC(I)CC(F)(F)C(F)(F)C(F)(F)F"
494,NA,"UNXXMDJDQMKIJO-UHFFFAOYSA-N","C16H15F17",530.09023022,"CCCCCCC=CC(F)(F)C(F)(F)C(F)(F)C(F)(F)C(F)(F)C(F)(F)C(F)(F)C(F)(F)F"
495,NA,"JNMMIYWYYKPWFO-UHFFFAOYSA-N","C14H15F13",430.09661734,"CCCCCCC=CC(F)(F)C(F)(F)C(F)(F)C(F)(F)C(F)(F)C(F)(F)F"
496,NA,"IICPDVVTTGLPAT-UHFFFAOYSA-N","C12H15F9",330.10300446,"CCCCCCC=CC(F)(F)C(F)(F)C(F)(F)C(F)(F)F"
497,NA,"YIQQEZHSYXXRHO-UHFFFAOYSA-N","C17H15F21",618.0838431,"CCCCCCCC(F)(F)C(F)(F)C(F)(F)C(F)(F)C(F)(F)C(F)(F)C(F)(F)C(F)(F)C(F)(F)C(F)(F)F"
498,NA,"UKTBRZQVLVYOAA-UHFFFAOYSA-N","C15H15F17",518.09023022,"CCCCCCCC(F)(F)C(F)(F)C(F)(F)C(F)(F)C(F)(F)C(F)(F)C(F)(F)C(F)(F)F"
499,NA,"JEXYDNQJEDESGU-UHFFFAOYSA-N","C14H15F15",468.09342378,"CCCCCCCC(F)(F)C(F)(F)C(F)(F)C(F)(F)C(F)(F)C(F)(F)C(F)(F)F"
500,NA,"OOYUDVCBUIKSAP-UHFFFAOYSA-N","C13H15F13",418.09661734,"CCCCCCCC(F)(F)C(F)(F)C(F)(F)C(F)(F)C(F)(F)C(F)(F)F"
501,NA,"NKYOHYCHDHBHKM-UHFFFAOYSA-N","C11H15F9",318.10300446,"CCCCCCCC(F)(F)C(F)(F)C(F)(F)C(F)(F)F"
502,NA,"QDCHVWHUMIKQMU-UHFFFAOYSA-N","C19H18F21I",772.011791196,"CCCCCCCC(I)CC(F)(F)C(F)(F)C(F)(F)C(F)(F)C(F)(F)C(F)(F)C(F)(F)C(F)(F)C(F)(F)C(F)(F)F"
503,NA,"UURKBNXZEIUWQO-UHFFFAOYSA-N","C12H17F9O",348.113569144,"CCCCCCCC(O)C(F)(F)C(F)(F)C(F)(F)C(F)(F)F"
504,NA,"OLZXZQQEKJLLNV-UHFFFAOYSA-N","C15H17F13",444.112267404,"CCCCCCCC=CC(F)(F)C(F)(F)C(F)(F)C(F)(F)C(F)(F)C(F)(F)F"
505,NA,"QELQLGDYULEYAR-UHFFFAOYSA-N","C20H17F25",732.093106044,"CCCCCCCCC(F)(F)C(F)(F)C(F)(F)C(F)(F)C(F)(F)C(F)(F)C(F)(F)C(F)(F)C(F)(F)C(F)(F)C(F)(F)C(F)(F)F"
506,NA,"QHWFBGRTHMNLGS-UHFFFAOYSA-N","C18H17F21",632.099493164,"CCCCCCCCC(F)(F)C(F)(F)C(F)(F)C(F)(F)C(F)(F)C(F)(F)C(F)(F)C(F)(F)C(F)(F)C(F)(F)F"
507,NA,"GGMKNRLOOXZGNL-UHFFFAOYSA-N","C16H17F17",532.105880284,"CCCCCCCCC(F)(F)C(F)(F)C(F)(F)C(F)(F)C(F)(F)C(F)(F)C(F)(F)C(F)(F)F"
508,NA,"WRYIIOKOQSICTB-UHFFFAOYSA-N","C14H17F13",432.112267404,"CCCCCCCCC(F)(F)C(F)(F)C(F)(F)C(F)(F)C(F)(F)C(F)(F)F"
509,NA,"XUFPCAMLAPZMPS-UHFFFAOYSA-N","C12H17F9",332.118654524,"CCCCCCCCC(F)(F)C(F)(F)C(F)(F)C(F)(F)F"
510,NA,"GYYDJQOVDQUWPI-UHFFFAOYSA-N","C11H17F7",282.121848084,"CCCCCCCCC(F)(F)C(F)(F)C(F)(F)F"
511,NA,"GNZWFMZOQNGUOW-UHFFFAOYSA-N","C20H20F21I",786.02744126,"CCCCCCCCC(I)CC(F)(F)C(F)(F)C(F)(F)C(F)(F)C(F)(F)C(F)(F)C(F)(F)C(F)(F)C(F)(F)C(F)(F)F"
512,NA,"PGTZMAVZAHEJCS-UHFFFAOYSA-N","C18H20F17I",686.03382838,"CCCCCCCCC(I)CC(F)(F)C(F)(F)C(F)(F)C(F)(F)C(F)(F)C(F)(F)C(F)(F)C(F)(F)F"
513,NA,"UOAVDNYZEXTDOI-UHFFFAOYSA-N","C16H20F13I",586.0402155,"CCCCCCCCC(I)CC(F)(F)C(F)(F)C(F)(F)C(F)(F)C(F)(F)C(F)(F)F"
514,NA,"YDKKPMDGMXMFMV-UHFFFAOYSA-N","C18H19F17",558.121530348,"CCCCCCCCC=CC(F)(F)C(F)(F)C(F)(F)C(F)(F)C(F)(F)C(F)(F)C(F)(F)C(F)(F)F"
515,NA,"IQKOXEYYVMJQGE-UHFFFAOYSA-N","C17H19F15",508.124723908,"CCCCCCCCC=CC(F)(F)C(F)(F)C(F)(F)C(F)(F)C(F)(F)C(F)(F)C(F)(F)F"
516,NA,"UFXJXRIUXCGTRG-UHFFFAOYSA-N","C16H19F13",458.127917468,"CCCCCCCCC=CC(F)(F)C(F)(F)C(F)(F)C(F)(F)C(F)(F)C(F)(F)F"
517,NA,"IYAUTGRZIRZZES-UHFFFAOYSA-N","C14H19F9",358.134304588,"CCCCCCCCC=CC(F)(F)C(F)(F)C(F)(F)C(F)(F)F"
518,NA,"QIFGLIMWWRGHJJ-UHFFFAOYSA-N","C30H37F21O2",828.245823044,"CCCCCCCCC=CCCCCCCCC(=O)OCCC(F)(F)C(F)(F)C(F)(F)C(F)(F)C(F)(F)C(F)(F)C(F)(F)C(F)(F)C(F)(F)C(F)(F)F"
519,NA,"NWOCJBANVRNAJO-UHFFFAOYSA-N","C28H37F17O2",728.252210164,"CCCCCCCCC=CCCCCCCCC(=O)OCCC(F)(F)C(F)(F)C(F)(F)C(F)(F)C(F)(F)C(F)(F)C(F)(F)C(F)(F)F"
520,NA,"VQLCZXOPOODRDY-UHFFFAOYSA-N","C26H37F13O2",628.258597284,"CCCCCCCCC=CCCCCCCCC(=O)OCCC(F)(F)C(F)(F)C(F)(F)C(F)(F)C(F)(F)C(F)(F)F"
521,NA,"VPUBPEWSNIAMAS-UHFFFAOYSA-N","C38H50F17N3O6S",999.31488706,"CCCCCCCCC=CCCCCCCCCOC(O)=Nc1cc(N=C(O)OCCN(C)S(=O)(=O)C(F)(F)C(F)(F)C(F)(F)C(F)(F)C(F)(F)C(F)(C(F)(F)F)C(F)(F)F)ccc1C"
522,NA,"KNRYNMVWXXLSPN-UHFFFAOYSA-N","C38H50F17N3O6S",999.31488706,"CCCCCCCCC=CCCCCCCCCOC(O)=Nc1cc(N=C(O)OCCN(C)S(=O)(=O)C(F)(F)C(F)(F)C(F)(F)C(F)(F)C(F)(F)C(F)(F)C(F)(F)C(F)(F)F)ccc1C"
523,NA,"XXMBMRDOCHFMET-UHFFFAOYSA-N","C31H46F17O10P",932.255714042,"CCCCCCCCCC(CCC(F)(F)C(F)(F)C(F)(F)C(F)(F)C(F)(F)C(F)(F)C(F)(F)C(F)(F)F)OCCCCCOP(=O)(O)OCC(O)C(O)C(O)C(O)C=O"
524,NA,"FPQVMLAHTLHXTN-UHFFFAOYSA-N","C22H19F27",796.105562548,"CCCCCCCCCC(F)(F)C(F)(F)C(F)(F)C(F)(F)C(F)(F)C(F)(F)C(F)(F)C(F)(F)C(F)(F)C(F)(F)C(F)(F)C(F)(F)C(F)(F)F"
525,NA,"RQMJRNGTYOKIPQ-UHFFFAOYSA-N","C21H19F25",746.108756108,"CCCCCCCCCC(F)(F)C(F)(F)C(F)(F)C(F)(F)C(F)(F)C(F)(F)C(F)(F)C(F)(F)C(F)(F)C(F)(F)C(F)(F)C(F)(F)F"
526,NA,"QXMBAJLLUZGNPY-UHFFFAOYSA-N","C19H19F21",646.115143228,"CCCCCCCCCC(F)(F)C(F)(F)C(F)(F)C(F)(F)C(F)(F)C(F)(F)C(F)(F)C(F)(F)C(F)(F)C(F)(F)F"
527,NA,"IBMIKGQEDHLOMX-UHFFFAOYSA-N","C18H19F19",596.118336788,"CCCCCCCCCC(F)(F)C(F)(F)C(F)(F)C(F)(F)C(F)(F)C(F)(F)C(F)(F)C(F)(F)C(F)(F)F"
528,NA,"SHQQMHMRNKRZAY-UHFFFAOYSA-N","C17H19F17",546.121530348,"CCCCCCCCCC(F)(F)C(F)(F)C(F)(F)C(F)(F)C(F)(F)C(F)(F)C(F)(F)C(F)(F)F"
529,NA,"QWZCZTUZNTVRGH-UHFFFAOYSA-N","C15H19F13",446.127917468,"CCCCCCCCCC(F)(F)C(F)(F)C(F)(F)C(F)(F)C(F)(F)C(F)(F)F"
530,NA,"UJXMIOVGPWESNH-UHFFFAOYSA-N","C13H19F9",346.134304588,"CCCCCCCCCC(F)(F)C(F)(F)C(F)(F)C(F)(F)F"
531,NA,"GCGLJPKSBPQKMM-UHFFFAOYSA-N","C12H19F7",296.137498148,"CCCCCCCCCC(F)(F)C(F)(F)C(F)(F)F"
532,NA,"CFMMYQUNYUCBII-UHFFFAOYSA-N","C21H22F21I",800.043091324,"CCCCCCCCCC(I)CC(F)(F)C(F)(F)C(F)(F)C(F)(F)C(F)(F)C(F)(F)C(F)(F)C(F)(F)C(F)(F)C(F)(F)F"
533,NA,"CMOHQCMNURTYAP-UHFFFAOYSA-N","C17H22F13I",600.055865564,"CCCCCCCCCC(I)CC(F)(F)C(F)(F)C(F)(F)C(F)(F)C(F)(F)C(F)(F)F"
534,NA,"YRBYBKZFEDWCDZ-UHFFFAOYSA-N","C22H21F25",760.124406172,"CCCCCCCCCCC(F)(F)C(F)(F)C(F)(F)C(F)(F)C(F)(F)C(F)(F)C(F)(F)C(F)(F)C(F)(F)C(F)(F)C(F)(F)C(F)(F)F"
535,NA,"IVEZGFUIXGVGNW-UHFFFAOYSA-N","C20H21F21",660.130793292,"CCCCCCCCCCC(F)(F)C(F)(F)C(F)(F)C(F)(F)C(F)(F)C(F)(F)C(F)(F)C(F)(F)C(F)(F)C(F)(F)F"
536,NA,"QHOQQFYKDKRESO-UHFFFAOYSA-N","C18H21F17",560.137180412,"CCCCCCCCCCC(F)(F)C(F)(F)C(F)(F)C(F)(F)C(F)(F)C(F)(F)C(F)(F)C(F)(F)F"
537,"147492-59-9","FEBCMJRMESQQMH-UHFFFAOYSA-N","C16H21F13",460.143567532,"CCCCCCCCCCC(F)(F)C(F)(F)C(F)(F)C(F)(F)C(F)(F)C(F)(F)F"
538,NA,"DXAWILAHNRJMEV-UHFFFAOYSA-N","C14H21F9",360.149954652,"CCCCCCCCCCC(F)(F)C(F)(F)C(F)(F)C(F)(F)F"
539,NA,"FJKLXOLDHXTHSH-UHFFFAOYSA-N","C22H24F21I",814.058741388,"CCCCCCCCCCC(I)CC(F)(F)C(F)(F)C(F)(F)C(F)(F)C(F)(F)C(F)(F)C(F)(F)C(F)(F)C(F)(F)C(F)(F)F"
540,NA,"KDNAFMKMUXWOIX-UHFFFAOYSA-N","C20H24F17I",714.065128508,"CCCCCCCCCCC(I)CC(F)(F)C(F)(F)C(F)(F)C(F)(F)C(F)(F)C(F)(F)C(F)(F)C(F)(F)F"
541,NA,"MMTLEFYJOUMOHF-UHFFFAOYSA-N","C19H24F15I",664.068322068,"CCCCCCCCCCC(I)CC(F)(F)C(F)(F)C(F)(F)C(F)(F)C(F)(F)C(F)(F)C(F)(F)F"
542,NA,"CKPASNHKFRKQAA-UHFFFAOYSA-N","C18H24F13I",614.071515628,"CCCCCCCCCCC(I)CC(F)(F)C(F)(F)C(F)(F)C(F)(F)C(F)(F)C(F)(F)F"
543,NA,"ZANMBCLWKBTGQM-UHFFFAOYSA-N","C16H24F9I",514.077902748,"CCCCCCCCCCC(I)CC(F)(F)C(F)(F)C(F)(F)C(F)(F)F"
544,NA,"ZFYUUPVIDOJWAX-UHFFFAOYSA-N","C20H23F17",586.152830476,"CCCCCCCCCCC=CC(F)(F)C(F)(F)C(F)(F)C(F)(F)C(F)(F)C(F)(F)C(F)(F)C(F)(F)F"
545,NA,"JJMVDGDNGYCDLM-UHFFFAOYSA-N","C18H23F13",486.159217596,"CCCCCCCCCCC=CC(F)(F)C(F)(F)C(F)(F)C(F)(F)C(F)(F)C(F)(F)F"
546,NA,"RAQFLOSJQUOABH-UHFFFAOYSA-N","C16H23F9",386.165604716,"CCCCCCCCCCC=CC(F)(F)C(F)(F)C(F)(F)C(F)(F)F"
547,NA,"RTCMPAJWKUGKPP-UHFFFAOYSA-N","C23H23F25",774.140056236,"CCCCCCCCCCCC(F)(F)C(F)(F)C(F)(F)C(F)(F)C(F)(F)C(F)(F)C(F)(F)C(F)(F)C(F)(F)C(F)(F)C(F)(F)C(F)(F)F"
548,NA,"YKNQZBAXZDMIMH-UHFFFAOYSA-N","C21H23F21",674.146443356,"CCCCCCCCCCCC(F)(F)C(F)(F)C(F)(F)C(F)(F)C(F)(F)C(F)(F)C(F)(F)C(F)(F)C(F)(F)C(F)(F)F"
549,NA,"VIPKARMAJZVVDC-UHFFFAOYSA-N","C19H23F17",574.152830476,"CCCCCCCCCCCC(F)(F)C(F)(F)C(F)(F)C(F)(F)C(F)(F)C(F)(F)C(F)(F)C(F)(F)F"
550,NA,"MMAZMULOSQZKJE-UHFFFAOYSA-N","C25H25F27",838.15251274,"CCCCCCCCCCCCC(F)(F)C(F)(F)C(F)(F)C(F)(F)C(F)(F)C(F)(F)C(F)(F)C(F)(F)C(F)(F)C(F)(F)C(F)(F)C(F)(F)C(F)(F)F"
551,NA,"CNQSTXRQMOWWFI-UHFFFAOYSA-N","C24H25F25",788.1557063,"CCCCCCCCCCCCC(F)(F)C(F)(F)C(F)(F)C(F)(F)C(F)(F)C(F)(F)C(F)(F)C(F)(F)C(F)(F)C(F)(F)C(F)(F)C(F)(F)F"
552,NA,"ZGZDVAOEZGHLSU-UHFFFAOYSA-N","C23H25F23",738.15889986,"CCCCCCCCCCCCC(F)(F)C(F)(F)C(F)(F)C(F)(F)C(F)(F)C(F)(F)C(F)(F)C(F)(F)C(F)(F)C(F)(F)C(F)(F)F"
553,NA,"ABPWIOPUGZHCSE-UHFFFAOYSA-N","C22H25F21",688.16209342,"CCCCCCCCCCCCC(F)(F)C(F)(F)C(F)(F)C(F)(F)C(F)(F)C(F)(F)C(F)(F)C(F)(F)C(F)(F)C(F)(F)F"
554,NA,"CNVVZDDARHANKR-UHFFFAOYSA-N","C21H25F19",638.16528698,"CCCCCCCCCCCCC(F)(F)C(F)(F)C(F)(F)C(F)(F)C(F)(F)C(F)(F)C(F)(F)C(F)(F)C(F)(F)F"
555,NA,"XYGYVZPNAGJLRE-UHFFFAOYSA-N","C20H25F17",588.16848054,"CCCCCCCCCCCCC(F)(F)C(F)(F)C(F)(F)C(F)(F)C(F)(F)C(F)(F)C(F)(F)C(F)(F)F"
556,NA,"VBBUVVVBWWTFOL-UHFFFAOYSA-N","C19H25F15",538.1716741,"CCCCCCCCCCCCC(F)(F)C(F)(F)C(F)(F)C(F)(F)C(F)(F)C(F)(F)C(F)(F)F"
557,NA,"SSVQUYHNTDJHGP-UHFFFAOYSA-N","C18H25F13",488.17486766,"CCCCCCCCCCCCC(F)(F)C(F)(F)C(F)(F)C(F)(F)C(F)(F)C(F)(F)F"
558,NA,"PEUFNQDFGAXIBO-UHFFFAOYSA-N","C16H25F9",388.18125478,"CCCCCCCCCCCCC(F)(F)C(F)(F)C(F)(F)C(F)(F)F"
559,NA,"USNIVSXISHIFBJ-UHFFFAOYSA-N","C15H25F7",338.18444834,"CCCCCCCCCCCCC(F)(F)C(F)(F)C(F)(F)F"
560,NA,"YGVQFTMOXQBGJL-UHFFFAOYSA-N","C24H28F21I",842.090041516,"CCCCCCCCCCCCC(I)CC(F)(F)C(F)(F)C(F)(F)C(F)(F)C(F)(F)C(F)(F)C(F)(F)C(F)(F)C(F)(F)C(F)(F)F"
561,NA,"PZEUYQKZNADPEH-UHFFFAOYSA-N","C22H28F17I",742.096428636,"CCCCCCCCCCCCC(I)CC(F)(F)C(F)(F)C(F)(F)C(F)(F)C(F)(F)C(F)(F)C(F)(F)C(F)(F)F"
562,NA,"IKYSSHCBAUZNMC-UHFFFAOYSA-N","C31H36F7N3O4",647.259404172,"CCCCCCCCCCCCC(Oc1ccccc1C#N)C(O)=Nc1ccc(N=C(O)C(F)(F)C(F)(F)C(F)(F)F)c(O)c1"
563,NA,"ONGKSGMSSKZXAC-UHFFFAOYSA-N","C22H27F17",614.184130604,"CCCCCCCCCCCCC=CC(F)(F)C(F)(F)C(F)(F)C(F)(F)C(F)(F)C(F)(F)C(F)(F)C(F)(F)F"
564,NA,"FIUWPWXECNIWRB-UHFFFAOYSA-N","C20H27F13",514.190517724,"CCCCCCCCCCCCC=CC(F)(F)C(F)(F)C(F)(F)C(F)(F)C(F)(F)C(F)(F)F"
565,NA,"ZHLCQJIGPWWKTA-UHFFFAOYSA-N","C18H27F9",414.196904844,"CCCCCCCCCCCCC=CC(F)(F)C(F)(F)C(F)(F)C(F)(F)F"
566,NA,"GZEBVBMBNYOLPJ-UHFFFAOYSA-N","C25H27F25",802.171356364,"CCCCCCCCCCCCCC(F)(F)C(F)(F)C(F)(F)C(F)(F)C(F)(F)C(F)(F)C(F)(F)C(F)(F)C(F)(F)C(F)(F)C(F)(F)C(F)(F)F"
567,NA,"URXIWFCBPQLZEP-UHFFFAOYSA-N","C23H27F21",702.177743484,"CCCCCCCCCCCCCC(F)(F)C(F)(F)C(F)(F)C(F)(F)C(F)(F)C(F)(F)C(F)(F)C(F)(F)C(F)(F)C(F)(F)F"
568,NA,"NSIPJGPFVCQTLA-UHFFFAOYSA-N","C21H27F17",602.184130604,"CCCCCCCCCCCCCC(F)(F)C(F)(F)C(F)(F)C(F)(F)C(F)(F)C(F)(F)C(F)(F)C(F)(F)F"
569,NA,"OUASUHCMZXPMCH-UHFFFAOYSA-N","C26H29F25",816.187006428,"CCCCCCCCCCCCCCC(F)(F)C(F)(F)C(F)(F)C(F)(F)C(F)(F)C(F)(F)C(F)(F)C(F)(F)C(F)(F)C(F)(F)C(F)(F)C(F)(F)F"
570,NA,"GQYLDQKHNZGRQD-UHFFFAOYSA-N","C24H29F21",716.193393548,"CCCCCCCCCCCCCCC(F)(F)C(F)(F)C(F)(F)C(F)(F)C(F)(F)C(F)(F)C(F)(F)C(F)(F)C(F)(F)C(F)(F)F"
571,NA,"IWIJPSWAAIRVQF-UHFFFAOYSA-N","C22H29F17",616.199780668,"CCCCCCCCCCCCCCC(F)(F)C(F)(F)C(F)(F)C(F)(F)C(F)(F)C(F)(F)C(F)(F)C(F)(F)F"
572,NA,"BREOHRVZEZMFOB-UHFFFAOYSA-N","C20H29F13",516.206167788,"CCCCCCCCCCCCCCC(F)(F)C(F)(F)C(F)(F)C(F)(F)C(F)(F)C(F)(F)F"
573,NA,"HIOALUHIGOQIHI-UHFFFAOYSA-N","C19H29F11",466.209361348,"CCCCCCCCCCCCCCC(F)(F)C(F)(F)C(F)(F)C(F)(F)C(F)(F)F"
574,NA,"AFRUDOKTWQGZAU-UHFFFAOYSA-N","C18H29F9",416.212554908,"CCCCCCCCCCCCCCC(F)(F)C(F)(F)C(F)(F)C(F)(F)F"
575,NA,"RHVLWEBCYIGSTH-UHFFFAOYSA-N","C26H32F21I",870.121341644,"CCCCCCCCCCCCCCC(I)CC(F)(F)C(F)(F)C(F)(F)C(F)(F)C(F)(F)C(F)(F)C(F)(F)C(F)(F)C(F)(F)C(F)(F)F"
576,NA,"IGCVTPSDLNOIHO-UHFFFAOYSA-N","C24H32F17I",770.127728764,"CCCCCCCCCCCCCCC(I)CC(F)(F)C(F)(F)C(F)(F)C(F)(F)C(F)(F)C(F)(F)C(F)(F)C(F)(F)F"
577,NA,"QGHZNZSVANDDGP-UHFFFAOYSA-N","C23H32F15I",720.130922324,"CCCCCCCCCCCCCCC(I)CC(F)(F)C(F)(F)C(F)(F)C(F)(F)C(F)(F)C(F)(F)C(F)(F)F"
578,NA,"LBVDHZOJOFOXJM-UHFFFAOYSA-N","C28H31F25",842.202656492,"CCCCCCCCCCCCCCC=CC(F)(F)C(F)(F)C(F)(F)C(F)(F)C(F)(F)C(F)(F)C(F)(F)C(F)(F)C(F)(F)C(F)(F)C(F)(F)C(F)(F)F"
579,NA,"VUFRWFCKWJGTIS-UHFFFAOYSA-N","C26H31F21",742.209043612,"CCCCCCCCCCCCCCC=CC(F)(F)C(F)(F)C(F)(F)C(F)(F)C(F)(F)C(F)(F)C(F)(F)C(F)(F)C(F)(F)C(F)(F)F"
580,NA,"RCYQBTCBMWWCTR-UHFFFAOYSA-N","C24H31F17",642.215430732,"CCCCCCCCCCCCCCC=CC(F)(F)C(F)(F)C(F)(F)C(F)(F)C(F)(F)C(F)(F)C(F)(F)C(F)(F)F"
581,NA,"QUYYHUUEEGLAJK-UHFFFAOYSA-N","C22H31F13",542.221817852,"CCCCCCCCCCCCCCC=CC(F)(F)C(F)(F)C(F)(F)C(F)(F)C(F)(F)C(F)(F)F"
582,NA,"UVEQCEJZVJUIQQ-UHFFFAOYSA-N","C24H33F15O2",638.224103596,"CCCCCCCCCCCCCCCC(=O)OCC(F)(F)C(F)(F)C(F)(F)C(F)(F)C(F)(F)C(F)(F)C(F)(F)F"
583,NA,"COFYVQNPCJQXFJ-UHFFFAOYSA-N","C27H31F25",830.202656492,"CCCCCCCCCCCCCCCC(F)(F)C(F)(F)C(F)(F)C(F)(F)C(F)(F)C(F)(F)C(F)(F)C(F)(F)C(F)(F)C(F)(F)C(F)(F)C(F)(F)F"
584,NA,"IRENDMIBVKTRCR-UHFFFAOYSA-N","C25H31F21",730.209043612,"CCCCCCCCCCCCCCCC(F)(F)C(F)(F)C(F)(F)C(F)(F)C(F)(F)C(F)(F)C(F)(F)C(F)(F)C(F)(F)C(F)(F)F"
585,NA,"STDVZKPRYDVFNA-UHFFFAOYSA-N","C24H31F19",680.212237172,"CCCCCCCCCCCCCCCC(F)(F)C(F)(F)C(F)(F)C(F)(F)C(F)(F)C(F)(F)C(F)(F)C(F)(F)C(F)(F)F"
586,NA,"XVPKYBWEMFZZBF-UHFFFAOYSA-N","C23H31F17",630.215430732,"CCCCCCCCCCCCCCCC(F)(F)C(F)(F)C(F)(F)C(F)(F)C(F)(F)C(F)(F)C(F)(F)C(F)(F)F"
587,NA,"RMPCIELYPPBFNC-UHFFFAOYSA-N","C30H33F29",944.211919436,"CCCCCCCCCCCCCCCCC(F)(F)C(F)(F)C(F)(F)C(F)(F)C(F)(F)C(F)(F)C(F)(F)C(F)(F)C(F)(F)C(F)(F)C(F)(F)C(F)(F)C(F)(F)C(F)(F)F"
588,NA,"CZCMNCOQMXNFTL-UHFFFAOYSA-N","C28H33F25",844.218306556,"CCCCCCCCCCCCCCCCC(F)(F)C(F)(F)C(F)(F)C(F)(F)C(F)(F)C(F)(F)C(F)(F)C(F)(F)C(F)(F)C(F)(F)C(F)(F)C(F)(F)F"
589,NA,"MOUKMEQUQYGSIA-UHFFFAOYSA-N","C27H33F23",794.221500116,"CCCCCCCCCCCCCCCCC(F)(F)C(F)(F)C(F)(F)C(F)(F)C(F)(F)C(F)(F)C(F)(F)C(F)(F)C(F)(F)C(F)(F)C(F)(F)F"
590,NA,"LZENXKBSJNMIKY-UHFFFAOYSA-N","C26H33F21",744.224693676,"CCCCCCCCCCCCCCCCC(F)(F)C(F)(F)C(F)(F)C(F)(F)C(F)(F)C(F)(F)C(F)(F)C(F)(F)C(F)(F)C(F)(F)F"
591,NA,"FTECWCULPOFDJS-UHFFFAOYSA-N","C24H33F17",644.231080796,"CCCCCCCCCCCCCCCCC(F)(F)C(F)(F)C(F)(F)C(F)(F)C(F)(F)C(F)(F)C(F)(F)C(F)(F)F"
592,NA,"UNLQLBOSUFWFJC-UHFFFAOYSA-N","C23H33F15",594.234274356,"CCCCCCCCCCCCCCCCC(F)(F)C(F)(F)C(F)(F)C(F)(F)C(F)(F)C(F)(F)C(F)(F)F"
593,NA,"ZKYMFADZZFTYJH-UHFFFAOYSA-N","C22H33F13",544.237467916,"CCCCCCCCCCCCCCCCC(F)(F)C(F)(F)C(F)(F)C(F)(F)C(F)(F)C(F)(F)F"
594,NA,"JXIKOKQJJJIZMC-UHFFFAOYSA-N","C20H33F9",444.243855036,"CCCCCCCCCCCCCCCCC(F)(F)C(F)(F)C(F)(F)C(F)(F)F"
595,NA,"DMVTXXYKJORHEJ-UHFFFAOYSA-N","C28H36F21I",898.152641772,"CCCCCCCCCCCCCCCCC(I)CC(F)(F)C(F)(F)C(F)(F)C(F)(F)C(F)(F)C(F)(F)C(F)(F)C(F)(F)C(F)(F)C(F)(F)F"
596,NA,"RUVGQMKKVSGKLP-UHFFFAOYSA-N","C26H36F17I",798.159028892,"CCCCCCCCCCCCCCCCC(I)CC(F)(F)C(F)(F)C(F)(F)C(F)(F)C(F)(F)C(F)(F)C(F)(F)C(F)(F)F"
597,NA,"AGPPLHDXJQVLSS-UHFFFAOYSA-N","C25H36F15I",748.162222452,"CCCCCCCCCCCCCCCCC(I)CC(F)(F)C(F)(F)C(F)(F)C(F)(F)C(F)(F)C(F)(F)C(F)(F)F"
598,NA,"RJTGGFRPTUCUTK-UHFFFAOYSA-N","C26H35F17",670.24673086,"CCCCCCCCCCCCCCCCC=CC(F)(F)C(F)(F)C(F)(F)C(F)(F)C(F)(F)C(F)(F)C(F)(F)C(F)(F)F"
599,NA,"AIHVYRVVEYXPSZ-UHFFFAOYSA-N","C29H35F25",858.23395662,"CCCCCCCCCCCCCCCCCC(F)(F)C(F)(F)C(F)(F)C(F)(F)C(F)(F)C(F)(F)C(F)(F)C(F)(F)C(F)(F)C(F)(F)C(F)(F)C(F)(F)F"
600,NA,"QJOIRFSOXHTWKX-UHFFFAOYSA-N","C27H35F21",758.24034374,"CCCCCCCCCCCCCCCCCC(F)(F)C(F)(F)C(F)(F)C(F)(F)C(F)(F)C(F)(F)C(F)(F)C(F)(F)C(F)(F)C(F)(F)F"
601,NA,"XZMHQGNALQAGNL-UHFFFAOYSA-N","C25H35F17",658.24673086,"CCCCCCCCCCCCCCCCCC(F)(F)C(F)(F)C(F)(F)C(F)(F)C(F)(F)C(F)(F)C(F)(F)C(F)(F)F"
602,NA,"SUWPKSRVVDLYGW-UHFFFAOYSA-N","C23H35F13",558.25311798,"CCCCCCCCCCCCCCCCCC(F)(F)C(F)(F)C(F)(F)C(F)(F)C(F)(F)C(F)(F)F"
603,NA,"ZQTOGMUPCQLFRE-UHFFFAOYSA-N","C30H37F25",872.249606684,"CCCCCCCCCCCCCCCCCCC(F)(F)C(F)(F)C(F)(F)C(F)(F)C(F)(F)C(F)(F)C(F)(F)C(F)(F)C(F)(F)C(F)(F)C(F)(F)C(F)(F)F"
604,NA,"JSUQGUZCSAZOTF-UHFFFAOYSA-N","C28H37F21",772.255993804,"CCCCCCCCCCCCCCCCCCC(F)(F)C(F)(F)C(F)(F)C(F)(F)C(F)(F)C(F)(F)C(F)(F)C(F)(F)C(F)(F)C(F)(F)F"
605,NA,"WIQPYNBDVBQYTG-UHFFFAOYSA-N","C27H37F19",722.259187364,"CCCCCCCCCCCCCCCCCCC(F)(F)C(F)(F)C(F)(F)C(F)(F)C(F)(F)C(F)(F)C(F)(F)C(F)(F)C(F)(F)F"
606,NA,"QYCYRXLTCUNSSB-UHFFFAOYSA-N","C26H37F17",672.262380924,"CCCCCCCCCCCCCCCCCCC(F)(F)C(F)(F)C(F)(F)C(F)(F)C(F)(F)C(F)(F)C(F)(F)C(F)(F)F"
607,NA,"UKFBBTCWDMDAGL-UHFFFAOYSA-N","C24H37F13",572.268768044,"CCCCCCCCCCCCCCCCCCC(F)(F)C(F)(F)C(F)(F)C(F)(F)C(F)(F)C(F)(F)F"
608,NA,"OJIAEXACITVMDV-UHFFFAOYSA-N","C22H37F9",472.275155164,"CCCCCCCCCCCCCCCCCCC(F)(F)C(F)(F)C(F)(F)C(F)(F)F"
609,NA,"FGQWUSKFGXQYDQ-UHFFFAOYSA-N","C30H40F21I",926.1839419,"CCCCCCCCCCCCCCCCCCC(I)CC(F)(F)C(F)(F)C(F)(F)C(F)(F)C(F)(F)C(F)(F)C(F)(F)C(F)(F)C(F)(F)C(F)(F)F"
610,NA,"DNSUCKWMGCYBEZ-UHFFFAOYSA-N","C28H40F17I",826.19032902,"CCCCCCCCCCCCCCCCCCC(I)CC(F)(F)C(F)(F)C(F)(F)C(F)(F)C(F)(F)C(F)(F)C(F)(F)C(F)(F)F"
611,NA,"UWHCDIVGZGOVSH-UHFFFAOYSA-N","C31H39F25",886.265256748,"CCCCCCCCCCCCCCCCCCCC(F)(F)C(F)(F)C(F)(F)C(F)(F)C(F)(F)C(F)(F)C(F)(F)C(F)(F)C(F)(F)C(F)(F)C(F)(F)C(F)(F)F"
612,NA,"RAYVCZDHWHRTKY-UHFFFAOYSA-N","C29H39F21",786.271643868,"CCCCCCCCCCCCCCCCCCCC(F)(F)C(F)(F)C(F)(F)C(F)(F)C(F)(F)C(F)(F)C(F)(F)C(F)(F)C(F)(F)C(F)(F)F"
613,NA,"FREOHYPICVRTKK-UHFFFAOYSA-N","C27H39F17",686.278030988,"CCCCCCCCCCCCCCCCCCCC(F)(F)C(F)(F)C(F)(F)C(F)(F)C(F)(F)C(F)(F)C(F)(F)C(F)(F)F"
614,NA,"UDLCDYBILHMVLL-UHFFFAOYSA-N","C25H39F13",586.284418108,"CCCCCCCCCCCCCCCCCCCC(F)(F)C(F)(F)C(F)(F)C(F)(F)C(F)(F)C(F)(F)F"
615,NA,"PVFJLWHOPPXJMD-UHFFFAOYSA-N","C32H41F25",900.280906812,"CCCCCCCCCCCCCCCCCCCCC(F)(F)C(F)(F)C(F)(F)C(F)(F)C(F)(F)C(F)(F)C(F)(F)C(F)(F)C(F)(F)C(F)(F)C(F)(F)C(F)(F)F"
616,NA,"LMHKETIJEOERBE-UHFFFAOYSA-N","C30H41F21",800.287293932,"CCCCCCCCCCCCCCCCCCCCC(F)(F)C(F)(F)C(F)(F)C(F)(F)C(F)(F)C(F)(F)C(F)(F)C(F)(F)C(F)(F)C(F)(F)F"
617,NA,"IZFBCDCLTPWKSX-UHFFFAOYSA-N","C29H41F19",750.290487492,"CCCCCCCCCCCCCCCCCCCCC(F)(F)C(F)(F)C(F)(F)C(F)(F)C(F)(F)C(F)(F)C(F)(F)C(F)(F)C(F)(F)F"
618,NA,"ZHXXMSNJEJNVHG-UHFFFAOYSA-N","C28H41F17",700.293681052,"CCCCCCCCCCCCCCCCCCCCC(F)(F)C(F)(F)C(F)(F)C(F)(F)C(F)(F)C(F)(F)C(F)(F)C(F)(F)F"
619,NA,"XJKXILISVXBXKJ-UHFFFAOYSA-N","C26H41F13",600.300068172,"CCCCCCCCCCCCCCCCCCCCC(F)(F)C(F)(F)C(F)(F)C(F)(F)C(F)(F)C(F)(F)F"
620,NA,"URQWBWDZOCEUFQ-UHFFFAOYSA-N","C24H41F9",500.306455292,"CCCCCCCCCCCCCCCCCCCCC(F)(F)C(F)(F)C(F)(F)C(F)(F)F"
621,NA,"HUBKJPDTNKYKGO-UHFFFAOYSA-N","C30H45F17",728.32498118,"CCCCCCCCCCCCCCCCCCCCCCC(F)(F)C(F)(F)C(F)(F)C(F)(F)C(F)(F)C(F)(F)C(F)(F)C(F)(F)F"
622,NA,"MPOGCORGEBKYLP-UHFFFAOYSA-N","C32H49F17",756.356281308,"CCCCCCCCCCCCCCCCCCCCCCCCC(F)(F)C(F)(F)C(F)(F)C(F)(F)C(F)(F)C(F)(F)C(F)(F)C(F)(F)F"
623,NA,"QWIXWKRIOHNTCX-UHFFFAOYSA-N","C31H45F17N2O4S",864.28285866,"CCCCCCCCCCCCCCCCCCN1C(=O)OCC1CN(C)S(=O)(=O)C(F)(F)C(F)(F)C(F)(F)C(F)(F)C(F)(F)C(F)(F)C(F)(F)C(F)(F)F"
624,NA,"DPGFRDFZRZYXDD-UHFFFAOYSA-N","C31H45F17N2O4S",864.28285866,"CCCCCCCCCCCCCCCCCCN1CC(CN(C)S(=O)(=O)C(F)(F)C(F)(F)C(F)(F)C(F)(F)C(F)(F)C(F)(F)C(F)(F)C(F)(F)F)OC1=O"
625,NA,"VSMLCKGSLXSQHO-UHFFFAOYSA-N","C46H60F17N3O4S",1073.40330814,"CCCCCCCCCCCCCCCCCCNC(=O)c1ccc(Cc2ccc(C(=O)NCCN(CCC)S(=O)(=O)C(F)(F)C(F)(F)C(F)(F)C(F)(F)C(F)(F)C(F)(F)C(F)(F)C(F)(F)F)cc2)cc1"
626,NA,"ABJHYFXBHBSPMK-UHFFFAOYSA-N","C22H37F7O2",466.268177964,"CCCCCCCCCCCCCCCCCCOC(=O)C(F)(F)C(F)(F)C(F)(F)F"
627,NA,"HXCITEKMLXXCSM-UHFFFAOYSA-N","C20H33F7O2",438.236877836,"CCCCCCCCCCCCCCCCOC(=O)C(F)(F)C(F)(F)C(F)(F)F"
628,NA,"JFMAWTVFERLZEZ-UHFFFAOYSA-N","C25H41F7O5",554.284221952,"CCCCCCCCCCCCCCCCOCC(COC(=O)C(F)(F)C(F)(F)C(F)(F)F)OC(C)=O"
629,NA,"YTOFLHPVWVZTSR-UHFFFAOYSA-N","C37H47ClF10N2O6",840.296297104,"CCCCCCCCCCCCCCCOc1cccc(OC(CC)C(O)=Nc2cc(O)c(N=C(O)C(F)(F)C(F)(F)C(F)(F)F)cc2OC(F)(F)C(F)Cl)c1"
630,NA,"QIUJCCVBRUUHMI-UHFFFAOYSA-N","C18H29F7O2",410.205577708,"CCCCCCCCCCCCCCOC(=O)C(F)(F)C(F)(F)C(F)(F)F"
631,NA,"PUJWRMJJJYQDFD-UHFFFAOYSA-N","C21H26F17NO",631.174294192,"CCCCCCCCCCCCN=C(O)C(F)(F)C(F)(F)C(F)(F)C(F)(F)C(F)(F)C(F)(F)C(F)(F)C(F)(F)F"
632,NA,"DJXYIBRHPIHIPY-UHFFFAOYSA-N","C20H26F15NO",581.177487752,"CCCCCCCCCCCCN=C(O)C(F)(F)C(F)(F)C(F)(F)C(F)(F)C(F)(F)C(F)(F)C(F)(F)F"
633,NA,"UTGSQSVMPFAJMN-UHFFFAOYSA-N","C16H26F7NO",381.190261992,"CCCCCCCCCCCCN=C(O)C(F)(F)C(F)(F)C(F)(F)F"
634,NA,"QKUCBJOOBNTYEJ-UHFFFAOYSA-N","C15H24F7NO",367.174611928,"CCCCCCCCCCCN=C(O)C(F)(F)C(F)(F)C(F)(F)F"
635,NA,"MJKJTIXPWVPDKF-UHFFFAOYSA-N","C14H22F7NO",353.158961864,"CCCCCCCCCCN=C(O)C(F)(F)C(F)(F)C(F)(F)F"
636,NA,"FBFAFFNIDITULK-UHFFFAOYSA-N","C14H21F7O2",354.142977452,"CCCCCCCCCCOC(=O)C(F)(F)C(F)(F)C(F)(F)F"
637,NA,"HFBBZVYAWZNJKL-UHFFFAOYSA-N","C17H18F17NO",575.111693936,"CCCCCCCCN=C(O)C(F)(F)C(F)(F)C(F)(F)C(F)(F)C(F)(F)C(F)(F)C(F)(F)C(F)(F)F"
638,NA,"MNNLGTKVUUOSTQ-UHFFFAOYSA-N","C10H14F7NO",297.096361608,"CCCCCCN=C(O)C(F)(F)C(F)(F)C(F)(F)F"
639,NA,"UCZXOGFHGJONAJ-UHFFFAOYSA-N","C10H13F7O2",298.080377196,"CCCCCCOC(=O)C(F)(F)C(F)(F)C(F)(F)F"
640,NA,"FEZXWXKYEADKJL-UHFFFAOYSA-N","C12H13F11O3",414.068904696,"CCCCCCOC(=O)C(F)(OC(F)(F)C(F)(F)C(F)(F)F)C(F)(F)F"
641,NA,"VQOJLJBNCWMMCA-UHFFFAOYSA-N","C24H21F21O3S",788.087608152,"CCCCCCOc1ccc(S(=O)(=O)CCC(F)(F)C(F)(F)C(F)(F)C(F)(F)C(F)(F)C(F)(F)C(F)(F)C(F)(F)C(F)(F)C(F)(F)F)cc1"
642,NA,"VAZPBMQLECGKFX-UHFFFAOYSA-N","C14H12F17NO",533.064743744,"CCCCCN=C(O)C(F)(F)C(F)(F)C(F)(F)C(F)(F)C(F)(F)C(F)(F)C(F)(F)C(F)(F)F"
643,NA,"RXZZJNFYVKKCJW-UHFFFAOYSA-N","C9H12F7NO",283.080711544,"CCCCCN=C(O)C(F)(F)C(F)(F)C(F)(F)F"
644,NA,"NEIGUPRBJAEGKO-UHFFFAOYSA-N","C11H11F11O3",400.053254632,"CCCCCOC(=O)C(F)(OC(F)(F)C(F)(F)C(F)(F)F)C(F)(F)F"
645,NA,"PXMKFOKNMZOHJP-UHFFFAOYSA-N","C12H15F9O2",362.0928337,"CCCCCOC(=O)CCC(F)(F)C(F)(F)C(F)(F)C(F)(F)F"
646,NA,"IMLHOIBHVRYUCZ-UHFFFAOYSA-N","C13H15F13O",434.09153196,"CCCCCOCCC(F)(F)C(F)(F)C(F)(F)C(F)(F)C(F)(F)C(F)(F)F"
647,NA,"YPQSKOKWTZYTCR-UHFFFAOYSA-N","C11H15F9O",334.09791908,"CCCCCOCCC(F)(F)C(F)(F)C(F)(F)C(F)(F)F"
648,NA,"SSLBWWFVNPTUPO-UHFFFAOYSA-N","C12H18F7NO",325.127661736,"CCCCN(CCCC)C(=O)C(F)(F)C(F)(F)C(F)(F)F"
649,NA,"HIKBKKZYHFXKJZ-UHFFFAOYSA-N","C17H18F17NO3",607.101523176,"CCCCN(CCCC)C(=O)C(F)(OC(F)(F)C(F)(OC(F)(F)C(F)(F)C(F)(F)F)C(F)(F)F)C(F)(F)F"
650,"2263-09-4","AQWROZBAYZBWIH-UHFFFAOYSA-N","C14H14F17NO3S",599.042294048,"CCCCN(CCO)S(=O)(=O)C(F)(F)C(F)(F)C(F)(F)C(F)(F)C(F)(F)C(F)(F)C(F)(F)C(F)(F)F"
651,"68310-02-1","WIUXGCKDKOYUAL-UHFFFAOYSA-N","C13H14F15NO3S",549.045487608,"CCCCN(CCO)S(=O)(=O)C(F)(F)C(F)(F)C(F)(F)C(F)(F)C(F)(F)C(F)(F)C(F)(F)F"
652,"121939-32-0","AQQNNAXBGPWALO-UHFFFAOYSA-N","C17H16F17NO4S",653.052858732,"C=CC(=O)OCCN(CCCC)S(=O)(=O)C(F)(F)C(F)(F)C(F)(F)C(F)(F)C(F)(F)C(F)(F)C(F)(F)C(F)(F)F"
653,"68298-60-2","ZGQOMXKQOOGSHP-UHFFFAOYSA-N","C16H16F15NO4S",603.056052292,"C=CC(=O)OCCN(CCCC)S(=O)(=O)C(F)(F)C(F)(F)C(F)(F)C(F)(F)C(F)(F)C(F)(F)C(F)(F)F"
654,NA,"UIDMHGBETJKWEZ-UHFFFAOYSA-N","C13H10F17NO",519.04909368,"CCCCN=C(O)C(F)(F)C(F)(F)C(F)(F)C(F)(F)C(F)(F)C(F)(F)C(F)(F)C(F)(F)F"
655,NA,"CWRVUMYBNHZJOL-UHFFFAOYSA-N","C12H10F15NO",469.05228724,"CCCCN=C(O)C(F)(F)C(F)(F)C(F)(F)C(F)(F)C(F)(F)C(F)(F)C(F)(F)F"
656,NA,"GHDJJZIELAHLLV-UHFFFAOYSA-N","C11H10F13NO",419.0554808,"CCCCN=C(O)C(F)(F)C(F)(F)C(F)(F)C(F)(F)C(F)(F)C(F)(F)F"
657,NA,"BPKHCGPAWIBCPT-UHFFFAOYSA-N","C9H10F9NO",319.06186792,"CCCCN=C(O)C(F)(F)C(F)(F)C(F)(F)C(F)(F)F"
658,NA,"VVMBYVDOZXJXRJ-UHFFFAOYSA-N","C8H10F7NO",269.06506148,"CCCCN=C(O)C(F)(F)C(F)(F)C(F)(F)F"
659,NA,"YOWKRWQKPXEGCO-UHFFFAOYSA-N","C13H10F17NO3",551.03892292,"CCCCN=C(O)C(F)(OC(F)(F)C(F)(OC(F)(F)C(F)(F)C(F)(F)F)C(F)(F)F)C(F)(F)F"
660,NA,"JZAVLGVXYZAKEC-UHFFFAOYSA-N","C12H18F7NO2",341.122576356,"CCCCNC(CC(=O)OCC)C(F)(F)C(F)(F)C(F)(F)F"
661,NA,"UUZCNLZINSJLSR-UHFFFAOYSA-N","C12H10F17NO2S",555.0160793,"CCCCNS(=O)(=O)C(F)(F)C(F)(F)C(F)(F)C(F)(F)C(F)(F)C(F)(F)C(F)(F)C(F)(F)F"
662,NA,"FDPTXAYZTQYILM-UHFFFAOYSA-N","C13H9F17O2",520.033109268,"CCCCOC(=O)C(F)(F)C(F)(F)C(F)(F)C(F)(F)C(F)(F)C(F)(F)C(F)(F)C(F)(F)F"
663,NA,"SBMFZWPPSPRLTN-UHFFFAOYSA-N","C12H9F15O2",470.036302828,"CCCCOC(=O)C(F)(F)C(F)(F)C(F)(F)C(F)(F)C(F)(F)C(F)(F)C(F)(F)F"
664,"1559-07-5","YDXXJZKOOOJVEE-UHFFFAOYSA-N","C8H9F7O2",270.049077068,"CCCCOC(=O)C(F)(F)C(F)(F)C(F)(F)F"
665,NA,"CGSFDPJUSOBKQT-UHFFFAOYSA-N","C10H9F11O3",386.037604568,"CCCCOC(=O)C(F)(OC(F)(F)C(F)(F)C(F)(F)F)C(F)(F)F"
666,NA,"KFLCAJIXLFSISY-UHFFFAOYSA-N","C13H9F17O4",552.022938508,"CCCCOC(=O)C(F)(OC(F)(F)C(F)(OC(F)(F)C(F)(F)C(F)(F)F)C(F)(F)F)C(F)(F)F"
667,NA,"SNKIMEDNKDQKAP-UHFFFAOYSA-N","C12H16F7NO5",387.091670152,"CCCCOC(O)C(CC(=O)O)N=C(O)C(F)(F)C(F)(F)C(F)(F)F"
668,"94158-62-0","AGXPCTAFKVXMEO-UHFFFAOYSA-N","C20H23F19O4",688.129295396,"CCCCOCCOCCOCC(O)CC(F)(F)C(F)(F)C(F)(F)C(F)(F)C(F)(F)C(F)(F)C(F)(C(F)(F)F)C(F)(F)F"
669,"94158-61-9","RAGJTPVWQPJXKH-UHFFFAOYSA-N","C19H23F17O4",638.132488956,"CCCCOCCOCCOCC(O)CC(F)(F)C(F)(F)C(F)(F)C(F)(F)C(F)(F)C(F)(F)C(F)(F)C(F)(F)F"
670,"7526-47-8","UKLAQVBZLGYWDP-UHFFFAOYSA-N","C18H24F7O2P",436.140214178,"CCCCP(=O)(CCCC)Oc1ccc(CC(F)(F)C(F)(F)C(F)(F)F)cc1"
671,NA,"AWMKZRNAKWGQAT-UHFFFAOYSA-N","C15H15F7O4S",424.0579275,"CCCCS(=O)(=O)c1c(C(F)(C(F)(F)F)C(F)(F)F)ccc(C(=O)O)c1C"
672,NA,"JODFZVVSUNPHKW-UHFFFAOYSA-N","C16H17F7O4S",438.073577564,"CCCCS(=O)(=O)c1c(C(F)(C(F)(F)F)C(F)(F)F)ccc(C(=O)O)c1CC"
673,NA,"NOCFTMQAASCYOT-UHFFFAOYSA-N","C15H15F7O3S",408.06301288,"CCCCS(=O)c1c(C(F)(C(F)(F)F)C(F)(F)F)ccc(C(=O)O)c1C"
674,NA,"MGDNOIZUFPTLFP-UHFFFAOYSA-N","C16H17F7O3S",422.078662944,"CCCCS(=O)c1c(C(F)(C(F)(F)F)C(F)(F)F)ccc(C(=O)O)c1CC"
675,NA,"UYFUBWJKEUQVTN-UHFFFAOYSA-N","C15H15F7O2S",392.06809826,"CCCCSc1c(C(F)(C(F)(F)F)C(F)(F)F)ccc(C(=O)O)c1C"
676,NA,"IBHZZLZFWFTURK-UHFFFAOYSA-N","C16H17F7O2S",406.083748324,"CCCCSc1c(C(F)(C(F)(F)F)C(F)(F)F)ccc(C(=O)O)c1CC"
677,NA,"HREALCQLDPHGIF-UHFFFAOYSA-N","C10H12F8S",316.053197144,"CCCCSCC=C(F)C(F)(F)C(F)(F)C(F)(F)F"
678,NA,"JBUOTOPAJZUSGM-UHFFFAOYSA-N","C14H14F17NO4S",615.037208668,"CCCN(CC(O)CO)S(=O)(=O)C(F)(F)C(F)(F)C(F)(F)C(F)(F)C(F)(F)C(F)(F)C(F)(F)C(F)(F)F"
679,NA,"HEAWIZXIWLKJKG-UHFFFAOYSA-N","C14H12F17NO3S",597.026643984,"CCCN(CC1CO1)S(=O)(=O)C(F)(F)C(F)(F)C(F)(F)C(F)(F)C(F)(F)C(F)(F)C(F)(F)C(F)(F)F"
680,NA,"TZGYROAPHGJQIG-UHFFFAOYSA-N","C33H26F34N4O6S2",1284.075086032,"CCCN(CCN=C(O)c1ccc(C)c(C(O)=NCCN(C)S(=O)(=O)C(F)(F)C(F)(F)C(F)(F)C(F)(F)C(F)(F)C(F)(F)C(F)(F)C(F)(F)F)c1)S(=O)(=O)C(F)(F)C(F)(F)C(F)(F)C(F)(F)C(F)(F)C(F)(F)C(F)(F)C(F)(F)F"
681,"4236-15-1","NSAFUDAPGVUPIP-UHFFFAOYSA-N","C13H12F17NO3S",585.026643984,"CCCN(CCO)S(=O)(=O)C(F)(F)C(F)(F)C(F)(F)C(F)(F)C(F)(F)C(F)(F)C(F)(F)C(F)(F)F"
682,"85665-64-1","LTDRWTUOFBENPA-UHFFFAOYSA-N","C11H12F13NO3S",485.033031104,"CCCN(CCO)S(=O)(=O)C(F)(F)C(F)(F)C(F)(F)C(F)(F)C(F)(F)C(F)(F)F"
683,"13285-40-0","XBWYIWRSPVIPCH-UHFFFAOYSA-N","C17H16F17NO4S",653.052858732,"C=C(C)C(=O)OCCN(CCC)S(=O)(=O)C(F)(F)C(F)(F)C(F)(F)C(F)(F)C(F)(F)C(F)(F)C(F)(F)C(F)(F)F"
684,"2357-60-0","CZDIKJOTAVHOTJ-UHFFFAOYSA-N","C16H14F17NO4S",639.037208668,"C=CC(=O)OCCN(CCC)S(=O)(=O)C(F)(F)C(F)(F)C(F)(F)C(F)(F)C(F)(F)C(F)(F)C(F)(F)C(F)(F)F"
685,"73730-12-8","DTIJQLFRKLLKHX-UHFFFAOYSA-N","C15H16F17NO4S",629.052858732,"CCCN(CCOCCO)S(=O)(=O)C(F)(F)C(F)(F)C(F)(F)C(F)(F)C(F)(F)C(F)(F)C(F)(F)C(F)(F)F"
686,"64264-44-4","WTBPTHWHWVYYJV-UHFFFAOYSA-N","C13H13F17NO6PS",664.992974506,"CCCN(CCOP(=O)(O)O)S(=O)(=O)C(F)(F)C(F)(F)C(F)(F)C(F)(F)C(F)(F)C(F)(F)C(F)(F)C(F)(F)F"
687,NA,"JOIQPQYVCOJAAJ-UHFFFAOYSA-N","C7H8F7NO",255.049411416,"CCCN=C(O)C(F)(F)C(F)(F)C(F)(F)F"
688,NA,"NCAHMWXMGORZAL-UHFFFAOYSA-N","C17H14F23NO3",717.060642368,"CCCNCCCC(F)(OC(F)(F)C(F)(OC(F)(F)C(F)(OC(F)(F)C(F)(F)C(F)(F)F)C(F)(F)F)C(F)(F)F)C(F)(F)F"
689,NA,"CNKDXTSGYRCWFY-UHFFFAOYSA-N","C11H12F7NO5",371.060370024,"CCCOC(=O)C(CC(=O)O)N=C(O)C(F)(F)C(F)(F)C(F)(F)F"
690,NA,"WYUJXBVCEHNYGY-UHFFFAOYSA-N","C12H7F17O2",506.017459204,"CCCOC(=O)C(F)(F)C(F)(F)C(F)(F)C(F)(F)C(F)(F)C(F)(F)C(F)(F)C(F)(F)F"
691,NA,"TWMBCWLVFGAURH-UHFFFAOYSA-N","C10H7F13O2",406.023846324,"CCCOC(=O)C(F)(F)C(F)(F)C(F)(F)C(F)(F)C(F)(F)C(F)(F)F"
692,NA,"NVVKOWCWRZULDC-UHFFFAOYSA-N","C9H7F11O3",372.021954504,"CCCOC(=O)C(F)(OC(F)(F)C(F)(F)C(F)(F)F)C(F)(F)F"
693,NA,"JWWKWKYBBAZYRD-UHFFFAOYSA-N","C12H7F17O4",538.007288444,"CCCOC(=O)C(F)(OC(F)(F)C(F)(OC(F)(F)C(F)(F)C(F)(F)F)C(F)(F)F)C(F)(F)F"
694,NA,"TVOMDPDLBZJPTG-UHFFFAOYSA-N","C7H7F9O",278.035318824,"CCCOC(F)(F)C(F)(F)C(F)(F)C(F)(F)F"
695,NA,"OBQBCHMEIBSHBO-UHFFFAOYSA-N","C11H11F13O",406.060231832,"CCCOCCC(F)(F)C(F)(F)C(F)(F)C(F)(F)C(F)(F)C(F)(F)F"
696,NA,"SWCPWWJLVFIKKT-UHFFFAOYSA-N","C9H11F9O",306.066618952,"CCCOCCC(F)(F)C(F)(F)C(F)(F)C(F)(F)F"
697,NA,"MOMULFNXMSGBHM-UHFFFAOYSA-N","C14H13F7O4S",410.042277436,"CCCS(=O)(=O)c1c(C(F)(C(F)(F)F)C(F)(F)F)ccc(C(=O)O)c1C"
698,NA,"NRFZIUTWAUXCMQ-UHFFFAOYSA-N","C15H15F7O4S",424.0579275,"CCCS(=O)(=O)c1c(C(F)(C(F)(F)F)C(F)(F)F)ccc(C(=O)O)c1CC"
699,NA,"PHRLHSJILRHISJ-UHFFFAOYSA-N","C14H13F7O3S",394.047362816,"CCCS(=O)c1c(C(F)(C(F)(F)F)C(F)(F)F)ccc(C(=O)O)c1C"
700,NA,"KCAOHFXHRQVGFR-UHFFFAOYSA-N","C15H15F7O3S",408.06301288,"CCCS(=O)c1c(C(F)(C(F)(F)F)C(F)(F)F)ccc(C(=O)O)c1CC"
701,NA,"TYRUJIWJMQTQAU-UHFFFAOYSA-N","C14H13F7O2S",378.052448196,"CCCSc1c(C(F)(C(F)(F)F)C(F)(F)F)ccc(C(=O)O)c1C"
702,NA,"DBHZHJRABYVYDT-UHFFFAOYSA-N","C15H15F7O2S",392.06809826,"CCCSc1c(C(F)(C(F)(F)F)C(F)(F)F)ccc(C(=O)O)c1CC"
703,NA,"GVOWXVATHAHFAV-UHFFFAOYSA-N","C9H8F13NO2S",441.006816356,"CCN(C)S(=O)(=O)C(F)(F)C(F)(F)C(F)(F)C(F)(F)C(F)(F)C(F)(F)F"
704,NA,"VQFOWJGPZJPHPF-UHFFFAOYSA-N","C7H8F9NO2S",341.013203476,"CCN(C)S(=O)(=O)C(F)(F)C(F)(F)C(F)(F)C(F)(F)F"
705,NA,"YINRKAIEOIJBGL-UHFFFAOYSA-N","C13H10F17NO4S",599.00590854,"CCN(CC(=O)OC)S(=O)(=O)C(F)(F)C(F)(F)C(F)(F)C(F)(F)C(F)(F)C(F)(F)C(F)(F)C(F)(F)F"
706,"2991-50-6","CKRXVVGETMYFIO-UHFFFAOYSA-N","C12H8F17NO4S",584.990258476,"CCN(CC(=O)O)S(=O)(=O)C(F)(F)C(F)(F)C(F)(F)C(F)(F)C(F)(F)C(F)(F)C(F)(F)C(F)(F)F"
707,"68957-63-1","IOQHTIQMCISFKB-UHFFFAOYSA-N","C11H8F15NO4S",534.993452036,"CCN(CC(=O)O)S(=O)(=O)C(F)(F)C(F)(F)C(F)(F)C(F)(F)C(F)(F)C(F)(F)C(F)(F)F"
708,"68957-32-4","ISFCQODURJEALJ-UHFFFAOYSA-N","C10H8F13NO4S",484.996645596,"CCN(CC(=O)O)S(=O)(=O)C(F)(F)C(F)(F)C(F)(F)C(F)(F)C(F)(F)C(F)(F)F"
709,"68957-31-3","MJELJHFNXRAPHF-UHFFFAOYSA-N","C9H8F11NO4S",434.999839156,"CCN(CC(=O)O)S(=O)(=O)C(F)(F)C(F)(F)C(F)(F)C(F)(F)C(F)(F)F"
710,"68957-33-5","PAOHBPWWJXVFBM-UHFFFAOYSA-N","C8H8F9NO4S",385.003032716,"CCN(CC(=O)O)S(=O)(=O)C(F)(F)C(F)(F)C(F)(F)C(F)(F)F"
711,NA,"UQZCRDOKLCDJNE-UHFFFAOYSA-N","C13H10F17NO",519.04909368,"CCN(CC)C(=O)C(F)(F)C(F)(F)C(F)(F)C(F)(F)C(F)(F)C(F)(F)C(F)(F)C(F)(F)F"
712,NA,"OUULXEWNDSSVGI-UHFFFAOYSA-N","C11H10F13NO",419.0554808,"CCN(CC)C(=O)C(F)(F)C(F)(F)C(F)(F)C(F)(F)C(F)(F)C(F)(F)F"
713,NA,"WBUMDKALJWQLNV-UHFFFAOYSA-N","C9H10F9NO",319.06186792,"CCN(CC)C(=O)C(F)(F)C(F)(F)C(F)(F)C(F)(F)F"
714,NA,"WIPXBLARPSEZAV-UHFFFAOYSA-N","C8H10F7NO",269.06506148,"CCN(CC)C(=O)C(F)(F)C(F)(F)C(F)(F)F"
715,NA,"JKPLZDRDWOXTIH-UHFFFAOYSA-N","C10H10F11NO2",385.05358898,"CCN(CC)C(=O)C(F)(OC(F)(F)C(F)(F)C(F)(F)F)C(F)(F)F"
716,NA,"MEEVEXZVBMARMB-UHFFFAOYSA-N","C13H10F17NO3",551.03892292,"CCN(CC)C(=O)C(F)(OC(F)(F)C(F)(OC(F)(F)C(F)(F)C(F)(F)F)C(F)(F)F)C(F)(F)F"
717,"309-88-6","BNTFCVMJHBNJAR-UHFFFAOYSA-N","C7H11F6N",223.079568672,"CCN(CC)C(F)(F)C(F)C(F)(F)F"
718,NA,"KRVYEQXJBYQTOX-UHFFFAOYSA-N","C10H10F13NO2S",455.02246642,"CCN(CC)S(=O)(=O)C(F)(F)C(F)(F)C(F)(F)C(F)(F)C(F)(F)C(F)(F)F"
719,"24924-36-5","ALIDKXPAUJUDJU-UHFFFAOYSA-N","C13H10F17NO2S",567.0160793,"C=CCN(CC)S(=O)(=O)C(F)(F)C(F)(F)C(F)(F)C(F)(F)C(F)(F)C(F)(F)C(F)(F)C(F)(F)F"
720,"67906-41-6","ZVXUTAWOTSBUQR-UHFFFAOYSA-N","C12H10F15NO2S",517.01927286,"C=CCN(CC)S(=O)(=O)C(F)(F)C(F)(F)C(F)(F)C(F)(F)C(F)(F)C(F)(F)C(F)(F)F"
721,NA,"UTHJNVIGBQDMRN-UHFFFAOYSA-N","C27H41F17N2O8S",876.231217012,"CCN(CCCN(CCOCCOCCOC)CCOCCOCCOC)S(=O)(=O)C(F)(F)C(F)(F)C(F)(F)C(F)(F)C(F)(F)C(F)(F)C(F)(F)C(F)(F)F"
722,"71463-78-0","INHFWJVSNWHLSP-UHFFFAOYSA-N","C13H13F17NO5PS",648.998059886,"CCN(CCCP(=O)(O)O)S(=O)(=O)C(F)(F)C(F)(F)C(F)(F)C(F)(F)C(F)(F)C(F)(F)C(F)(F)C(F)(F)F"
723,"71463-79-1","FFASNDJXNSXXPR-UHFFFAOYSA-N","C12H13F15NO5PS",599.001253446,"CCN(CCCP(=O)(O)O)S(=O)(=O)C(F)(F)C(F)(F)C(F)(F)C(F)(F)C(F)(F)C(F)(F)C(F)(F)F"
724,"1691-99-2","HUFHNYZNTFSKCT-UHFFFAOYSA-N","C12H10F17NO3S",571.01099392,"CCN(CCO)S(=O)(=O)C(F)(F)C(F)(F)C(F)(F)C(F)(F)C(F)(F)C(F)(F)C(F)(F)C(F)(F)F"
725,"68555-73-7","HINASMOVWHGCAK-UHFFFAOYSA-N","C11H10F15NO3S",521.01418748,"CCN(CCO)S(=O)(=O)C(F)(F)C(F)(F)C(F)(F)C(F)(F)C(F)(F)C(F)(F)C(F)(F)F"
726,"34455-03-3","SSGYCIQAXNQIBC-UHFFFAOYSA-N","C10H10F13NO3S",471.01738104,"CCN(CCO)S(=O)(=O)C(F)(F)C(F)(F)C(F)(F)C(F)(F)C(F)(F)C(F)(F)F"
727,"68555-72-6","GBPAQIZWHVCENQ-UHFFFAOYSA-N","C9H10F11NO3S",421.0205746,"CCN(CCO)S(=O)(=O)C(F)(F)C(F)(F)C(F)(F)C(F)(F)C(F)(F)F"
728,"34449-89-3","ZSBOIPHQFKYRMG-UHFFFAOYSA-N","C8H10F9NO3S",371.02376816,"CCN(CCO)S(=O)(=O)C(F)(F)C(F)(F)C(F)(F)C(F)(F)F"
729,"376-14-7","DBCGADAHIXJHCE-UHFFFAOYSA-N","C16H14F17NO4S",639.037208668,"C=C(C)C(=O)OCCN(CC)S(=O)(=O)C(F)(F)C(F)(F)C(F)(F)C(F)(F)C(F)(F)C(F)(F)C(F)(F)C(F)(F)F"
730,"67939-36-0","VOQYRTHXEXILMW-UHFFFAOYSA-N","C15H14F15NO4S",589.040402228,"C=C(C)C(=O)OCCN(CC)S(=O)(=O)C(F)(F)C(F)(F)C(F)(F)C(F)(F)C(F)(F)C(F)(F)C(F)(F)F"
731,"67906-70-1","HCLVYCJMWIGREO-UHFFFAOYSA-N","C14H14F13NO4S",539.043595788,"C=C(C)C(=O)OCCN(CC)S(=O)(=O)C(F)(F)C(F)(F)C(F)(F)C(F)(F)C(F)(F)C(F)(F)F"
732,"67906-73-4","WGAZHHCZKIWWFF-UHFFFAOYSA-N","C13H14F11NO4S",489.046789348,"C=C(C)C(=O)OCCN(CC)S(=O)(=O)C(F)(F)C(F)(F)C(F)(F)C(F)(F)C(F)(F)F"
733,"67939-33-7","DSOQNQBWSKFGJG-UHFFFAOYSA-N","C12H14F9NO4S",439.049982908,"C=C(C)C(=O)OCCN(CC)S(=O)(=O)C(F)(F)C(F)(F)C(F)(F)C(F)(F)F"
734,"423-82-5","ZAZJGBCGMUKZEL-UHFFFAOYSA-N","C15H12F17NO4S",625.021558604,"C=CC(=O)OCCN(CC)S(=O)(=O)C(F)(F)C(F)(F)C(F)(F)C(F)(F)C(F)(F)C(F)(F)C(F)(F)C(F)(F)F"
735,"59071-10-2","IIEYFHNUKYSWAV-UHFFFAOYSA-N","C14H12F15NO4S",575.024752164,"C=CC(=O)OCCN(CC)S(=O)(=O)C(F)(F)C(F)(F)C(F)(F)C(F)(F)C(F)(F)C(F)(F)C(F)(F)F"
736,"1893-52-3","QJRQXQMZXHXNPA-UHFFFAOYSA-N","C13H12F13NO4S",525.027945724,"C=CC(=O)OCCN(CC)S(=O)(=O)C(F)(F)C(F)(F)C(F)(F)C(F)(F)C(F)(F)C(F)(F)F"
737,"68298-06-6","ZCIQIKYETQVARM-UHFFFAOYSA-N","C12H12F11NO4S",475.031139284,"C=CC(=O)OCCN(CC)S(=O)(=O)C(F)(F)C(F)(F)C(F)(F)C(F)(F)C(F)(F)F"
738,"17329-79-2","DULAHVOOPMNHFB-UHFFFAOYSA-N","C11H12F9NO4S",425.034332844,"C=CC(=O)OCCN(CC)S(=O)(=O)C(F)(F)C(F)(F)C(F)(F)C(F)(F)F"
739,NA,"UTFFCBMSUHQFKN-UHFFFAOYSA-N","C33H26F34N4O8S2",1316.064915272,"CCN(CCOC(O)=Nc1ccc(C)c(N=C(O)OCCN(CC)S(=O)(=O)C(F)(F)C(F)(F)C(F)(F)C(F)(F)C(F)(F)C(F)(F)C(F)(F)C(F)(F)F)c1)S(=O)(=O)C(F)(F)C(F)(F)C(F)(F)C(F)(F)C(F)(F)C(F)(F)C(F)(F)C(F)(F)F"
740,NA,"IIDCKPVDJNZQHD-UHFFFAOYSA-N","C36H27F51N3O10PS3",1756.978182914,"CCN(CCOP(=O)(OCCN(CC)S(=O)(=O)C(F)(F)C(F)(F)C(F)(F)C(F)(F)C(F)(F)C(F)(F)C(F)(F)C(F)(F)F)OCCN(CC)S(=O)(=O)C(F)(F)C(F)(F)C(F)(F)C(F)(F)C(F)(F)C(F)(F)C(F)(F)C(F)(F)F)S(=O)(=O)C(F)(F)C(F)(F)C(F)(F)C(F)(F)C(F)(F)C(F)(F)C(F)(F)C(F)(F)F"
741,"67939-94-0","DPBVCOWHHLIHJN-UHFFFAOYSA-N","C33H27F45N3O10PS3",1606.987763594,"CCN(CCOP(=O)(OCCN(CC)S(=O)(=O)C(F)(F)C(F)(F)C(F)(F)C(F)(F)C(F)(F)C(F)(F)C(F)(F)F)OCCN(CC)S(=O)(=O)C(F)(F)C(F)(F)C(F)(F)C(F)(F)C(F)(F)C(F)(F)C(F)(F)F)S(=O)(=O)C(F)(F)C(F)(F)C(F)(F)C(F)(F)C(F)(F)C(F)(F)C(F)(F)F"
742,"2965-52-8","BZZAKKWGRKFWJJ-UHFFFAOYSA-N","C24H19F34N2O8PS2",1203.977753678,"CCN(CCOP(=O)(O)OCCN(CC)S(=O)(=O)C(F)(F)C(F)(F)C(F)(F)C(F)(F)C(F)(F)C(F)(F)C(F)(F)C(F)(F)F)S(=O)(=O)C(F)(F)C(F)(F)C(F)(F)C(F)(F)C(F)(F)C(F)(F)C(F)(F)C(F)(F)F"
743,"67939-93-9","YCAARETZDBIMDL-UHFFFAOYSA-N","C22H19F30N2O8PS2",1103.984140798,"CCN(CCOP(=O)(O)OCCN(CC)S(=O)(=O)C(F)(F)C(F)(F)C(F)(F)C(F)(F)C(F)(F)C(F)(F)C(F)(F)F)S(=O)(=O)C(F)(F)C(F)(F)C(F)(F)C(F)(F)C(F)(F)C(F)(F)C(F)(F)F"
744,"67939-92-8","UKMBKFIROBWXCF-UHFFFAOYSA-N","C20H19F26N2O8PS2",1003.990527918,"CCN(CCOP(=O)(O)OCCN(CC)S(=O)(=O)C(F)(F)C(F)(F)C(F)(F)C(F)(F)C(F)(F)C(F)(F)F)S(=O)(=O)C(F)(F)C(F)(F)C(F)(F)C(F)(F)C(F)(F)C(F)(F)F"
745,"67939-87-1","RJFPABCSTACHQG-UHFFFAOYSA-N","C18H19F22N2O8PS2",903.996915038,"CCN(CCOP(=O)(O)OCCN(CC)S(=O)(=O)C(F)(F)C(F)(F)C(F)(F)C(F)(F)C(F)(F)F)S(=O)(=O)C(F)(F)C(F)(F)C(F)(F)C(F)(F)C(F)(F)F"
746,"67939-91-7","UNHYIZUGCWLZHI-UHFFFAOYSA-N","C16H19F18N2O8PS2",804.003302158,"CCN(CCOP(=O)(O)OCCN(CC)S(=O)(=O)C(F)(F)C(F)(F)C(F)(F)C(F)(F)F)S(=O)(=O)C(F)(F)C(F)(F)C(F)(F)C(F)(F)F"
747,NA,"JRSUJBJSUYPODE-UHFFFAOYSA-N","C12H11F17NO6PS",650.977324442,"CCN(CCOP(=O)(O)O)S(=O)(=O)C(F)(F)C(F)(F)C(F)(F)C(F)(F)C(F)(F)C(F)(F)C(F)(F)C(F)(F)F"
748,"67923-61-9","FANHPMCIAHYLOD-UHFFFAOYSA-N","C11H11F15NO6PS",600.980518002,"CCN(CCOP(=O)(O)O)S(=O)(=O)C(F)(F)C(F)(F)C(F)(F)C(F)(F)C(F)(F)C(F)(F)C(F)(F)F"
749,"67969-65-7","WKGHYGHEIVLMOZ-UHFFFAOYSA-N","C10H11F13NO6PS",550.983711562,"CCN(CCOP(=O)(O)O)S(=O)(=O)C(F)(F)C(F)(F)C(F)(F)C(F)(F)C(F)(F)C(F)(F)F"
750,"67939-90-6","PSNGOBTXZSFMLP-UHFFFAOYSA-N","C9H11F11NO6PS",500.986905122,"CCN(CCOP(=O)(O)O)S(=O)(=O)C(F)(F)C(F)(F)C(F)(F)C(F)(F)C(F)(F)F"
751,"67939-89-3","QYPFYWKDTABJCJ-UHFFFAOYSA-N","C8H11F9NO6PS",450.990098682,"CCN(CCOP(=O)(O)O)S(=O)(=O)C(F)(F)C(F)(F)C(F)(F)C(F)(F)F"
752,NA,"KRTQFEXYGLHZDD-UHFFFAOYSA-N","C11H8F17NO5S2",620.957244096,"CCN(CS(=O)(=O)O)S(=O)(=O)C(F)(F)C(F)(F)C(F)(F)C(F)(F)C(F)(F)C(F)(F)C(F)(F)C(F)(F)F"
753,NA,"BPUDDBGLNYFQPY-UHFFFAOYSA-N","C7H6F9NO",291.030567792,"CCN=C(O)C(F)(F)C(F)(F)C(F)(F)C(F)(F)F"
754,NA,"PNDQTLWFMTZBFC-UHFFFAOYSA-N","C6H6F7NO",241.033761352,"CCN=C(O)C(F)(F)C(F)(F)C(F)(F)F"
755,NA,"KMIMRUFRWCAQJQ-UHFFFAOYSA-N","C6H8F7N",227.054496796,"CCNCC(F)(F)C(F)(F)C(F)(F)F"
756,"4151-50-2","CCEKAJIANROZEO-UHFFFAOYSA-N","C10H6F17NO2S",526.984779172,"CCNS(=O)(=O)C(F)(F)C(F)(F)C(F)(F)C(F)(F)C(F)(F)C(F)(F)C(F)(F)C(F)(F)F"
757,"68957-62-0","WMOMXEHEPXLIAV-UHFFFAOYSA-N","C9H6F15NO2S",476.987972732,"CCNS(=O)(=O)C(F)(F)C(F)(F)C(F)(F)C(F)(F)C(F)(F)C(F)(F)C(F)(F)F"
758,NA,"FGOVBOZQOFWGCX-UHFFFAOYSA-N","C9H7F9O2",318.030233444,"C=C(C(=O)OCC)C(F)(F)C(F)(F)C(F)(F)C(F)(F)F"
759,NA,"IRRRBLZNXPWFNN-UHFFFAOYSA-N","C9H7F9O3S",365.997219064,"C=C(C(=O)OCC)S(=O)C(F)(F)C(F)(F)C(F)(F)C(F)(F)F"
760,NA,"YJYBQFZUOVGCIU-UHFFFAOYSA-N","C17H16F9NO4S",501.065632972,"CCOC(=O)C(=Cc1ccc(N(C)C)cc1)S(=O)(=O)C(F)(F)C(F)(F)C(F)(F)C(F)(F)F"
761,NA,"RLXXVOHIWNLLHP-UHFFFAOYSA-N","C7H5F7O3",270.01269156,"CCOC(=O)C(=O)C(F)(C(F)(F)F)C(F)(F)F"
762,NA,"LGEGUXDEXZWMAL-UHFFFAOYSA-N","C10H5F13O3",420.00311088,"CCOC(=O)C(=O)C(F)(F)C(F)(F)C(F)(F)C(F)(F)C(F)(F)C(F)(F)F"
763,NA,"MZZDFAKNMZPUCE-UHFFFAOYSA-N","C10H9F7O4",326.038906308,"CCOC(=O)C(C(C)=O)C(=O)C(F)(F)C(F)(F)C(F)(F)F"
764,NA,"MVIFGNOCDBZRPJ-UHFFFAOYSA-N","C9H9F7O3",298.043991688,"CCOC(=O)C(C(C)=O)C(F)(F)C(F)(F)C(F)(F)F"
765,NA,"GAHLLWWTAWUXEK-UHFFFAOYSA-N","C10H10F7NO5",357.04471996,"CCOC(=O)C(CC(=O)O)N=C(O)C(F)(F)C(F)(F)C(F)(F)F"
766,NA,"IGRQPMQIIAQLAE-UHFFFAOYSA-N","C23H20F9NO2",513.13503286,"CCOC(=O)C(CCC(F)(F)C(F)(F)C(F)(F)C(F)(F)F)N=C(c1ccccc1)c1ccccc1"
767,NA,"FYWCNWDCUWMVFO-UHFFFAOYSA-N","C11H12F7NO5",371.060370024,"CCOC(=O)C(CCC(=O)O)N=C(O)C(F)(F)C(F)(F)C(F)(F)F"
768,NA,"UXPOTXZXGAMKLV-UHFFFAOYSA-N","C6H5F7O2",242.01777694,"CCOC(=O)C(F)(C(F)(F)F)C(F)(F)F"
769,"424-40-8","MSDPXVBLFJODJO-UHFFFAOYSA-N","C9H10F6O4",296.04832812,"CCOC(=O)C(F)(F)C(F)(F)C(F)(F)C(=O)OCC"
770,"376-50-1","UBMQHNSEGKYMTP-UHFFFAOYSA-N","C10H10F8O4",346.04513456,"CCOC(=O)C(F)(F)C(F)(F)C(F)(F)C(F)(F)C(=O)OCC"
771,NA,"UQZFWRDNDBASDI-UHFFFAOYSA-N","C14H5F23O2",641.99222846,"CCOC(=O)C(F)(F)C(F)(F)C(F)(F)C(F)(F)C(F)(F)C(F)(F)C(F)(F)C(F)(F)C(F)(F)C(F)(F)C(F)(F)F"
772,"30377-52-7","DRLDSHOYANTUND-UHFFFAOYSA-N","C11H5F17O2",492.00180914,"CCOC(=O)C(F)(F)C(F)(F)C(F)(F)C(F)(F)C(F)(F)C(F)(F)C(F)(F)C(F)(F)F"
773,"173441-60-6","JTOFFHFAQBLPTM-UHFFFAOYSA-N","C10H5F15O2",442.0050027,"CCOC(=O)C(F)(F)C(F)(F)C(F)(F)C(F)(F)C(F)(F)C(F)(F)C(F)(F)F"
774,"41430-70-0","ZESCSNXJAROIJS-UHFFFAOYSA-N","C9H5F13O2",392.00819626,"CCOC(=O)C(F)(F)C(F)(F)C(F)(F)C(F)(F)C(F)(F)C(F)(F)F"
775,NA,"JBEYNXOZKKQLOH-UHFFFAOYSA-N","C7H5F9O2",292.01458338,"CCOC(=O)C(F)(F)C(F)(F)C(F)(F)C(F)(F)F"
776,"356-27-4","JVHJRIQPDBCRRE-UHFFFAOYSA-N","C6H5F7O2",242.01777694,"CCOC(=O)C(F)(F)C(F)(F)C(F)(F)F"
777,NA,"HJLWKGDZOZTKIS-UHFFFAOYSA-N","C8H5F11O3",358.00630444,"CCOC(=O)C(F)(OC(F)(F)C(F)(F)C(F)(F)F)C(F)(F)F"
778,NA,"QGEWHUSMIVYAOX-UHFFFAOYSA-N","C11H5F17O4",523.99163838,"CCOC(=O)C(F)(OC(F)(F)C(F)(OC(F)(F)C(F)(F)C(F)(F)F)C(F)(F)F)C(F)(F)F"
779,NA,"WJNZMLAESFFIHG-UHFFFAOYSA-N","C23H5F41O8",1187.93297414,"CCOC(=O)C(F)(OC(F)(F)C(F)(OC(F)(F)C(F)(OC(F)(F)C(F)(OC(F)(F)C(F)(OC(F)(F)C(F)(OC(F)(F)C(F)(F)C(F)(F)F)C(F)(F)F)C(F)(F)F)C(F)(F)F)C(F)(F)F)C(F)(F)F)C(F)(F)F"
780,NA,"JGUVWYUPMQRWNA-UHFFFAOYSA-N","C11H8F13IO2",545.936144356,"CCOC(=O)C(I)CC(F)(F)C(F)(F)C(F)(F)C(F)(F)C(F)(F)C(F)(F)F"
781,NA,"YAKVMKQFSVSQLD-UHFFFAOYSA-N","C8H10F7NO2",285.0599761,"CCOC(=O)C(N)CC(F)(F)C(F)(F)C(F)(F)F"
782,NA,"PKFAUAHQDYFZIK-UHFFFAOYSA-N","C12H7F17O4",538.007288444,"CCOC(=O)C(O)(O)C(F)(F)C(F)(F)C(F)(F)C(F)(F)C(F)(F)C(F)(F)C(F)(F)C(F)(F)F"
783,NA,"WSGUVPFPADUHPU-UHFFFAOYSA-N","C8H7F7O2",268.033427004,"CCOC(=O)C=CC(F)(F)C(F)(F)C(F)(F)F"
784,NA,"SCPDNSNLDOXQFM-UHFFFAOYSA-N","C9H7F9O3S",365.997219064,"CCOC(=O)C=CS(=O)C(F)(F)C(F)(F)C(F)(F)C(F)(F)F"
785,NA,"MNOQSFWFAAAFIK-UHFFFAOYSA-N","C8H6F9NO3S",366.992468032,"CCOC(=O)C=NS(=O)C(F)(F)C(F)(F)C(F)(F)C(F)(F)F"
786,NA,"AILIUGSCIINIHV-UHFFFAOYSA-N","C17H9F15N2O2",558.042450828,"CCOC(=O)c1c(C(F)(F)C(F)(F)C(F)(F)C(F)(F)C(F)(F)C(F)(F)C(F)(F)F)nc2ccccn12"
787,NA,"NMUOCMHRTRQPTH-UHFFFAOYSA-N","C16H12F7N3O3",427.076688784,"CCOC(=O)c1cnn(-c2ccccc2)c1NC(=O)C(F)(F)C(F)(F)C(F)(F)F"
788,NA,"UXYZBNZRCWCUCV-UHFFFAOYSA-N","C11H9F9N2O2",372.052031508,"CCOC(=O)c1c(C(F)(F)C(F)(F)C(F)(F)C(F)(F)F)n[nH]c1C"
789,NA,"OAIGYRUBDFKAAL-UHFFFAOYSA-N","C11H8F7NO2",319.044326036,"CCOC(=O)c1ccc(C(F)(F)C(F)(F)C(F)(F)F)nc1"
790,NA,"WIKFLLRFLVLBKC-UHFFFAOYSA-N","C13H9F9O2S",400.017954508,"CCOC(=O)c1ccc(SC(F)(F)C(F)(F)C(F)(F)C(F)(F)F)cc1"
791,NA,"UZONEQFBIPIBNM-UHFFFAOYSA-N","C12H9F7O2",318.049077068,"CCOC(=O)c1ccccc1C(F)(F)C(F)(F)C(F)(F)F"
792,NA,"VADLDXMTZVOQGZ-UHFFFAOYSA-N","C25H20F18O7",774.09216094,"CCOC(=O)C1C(c2ccccc2)C(C(=O)OCC)C(O)(C(F)(F)C(F)(F)C(F)(F)C(F)(F)F)OC1(O)C(F)(F)C(F)(F)C(F)(F)C(F)(F)F"
793,NA,"DETQCLZOOFDPLR-UHFFFAOYSA-N","C17H13F9N2O2S",480.055402636,"CCOC(=O)C1C(C(F)(F)C(F)(F)C(F)(F)C(F)(F)F)=NC(S)=NC1c1ccccc1"
794,NA,"GHLBPDUJPZFWFV-UHFFFAOYSA-N","C8H8F7NO2",283.044326036,"CCOC(=O)CC(=N)C(F)(F)C(F)(F)C(F)(F)F"
795,NA,"KBIQOBROPFYGIY-UHFFFAOYSA-N","C9H7F9O3",334.025148064,"CCOC(=O)CC(=O)C(F)(F)C(F)(F)C(F)(F)C(F)(F)F"
796,NA,"CMGCMFZWEPCGSQ-UHFFFAOYSA-N","C8H7F7O3",284.028341624,"CCOC(=O)CC(=O)C(F)(F)C(F)(F)C(F)(F)F"
797,NA,"YOBKMDFEVAZUIO-UHFFFAOYSA-N","C12H13F9O3",376.072098256,"CCOC(=O)CC(=O)CCCC(F)(F)C(F)(F)C(F)(F)C(F)(F)F"
798,NA,"BVMQJJKZDLWFDQ-UHFFFAOYSA-N","C10H7F13O2",406.023846324,"CCOC(=O)CC(C(F)(F)F)(C(F)(F)F)C(F)(F)C(F)(F)C(F)(F)F"
799,NA,"COCVUMHUMYGVPV-UHFFFAOYSA-N","C9H10F7NO4",329.04980534,"CCOC(=O)CC(C[N+](=O)[O-])C(F)(F)C(F)(F)C(F)(F)F"
800,NA,"KJFUHDMIAMFMPU-UHFFFAOYSA-N","C10H7F13O2",406.023846324,"CCOC(=O)CC(F)(F)C(F)(F)C(F)(F)C(F)(F)C(F)(F)C(F)(F)F"
801,NA,"OJIWQOOBUZRMCG-UHFFFAOYSA-N","C8H7F9O2",306.030233444,"CCOC(=O)CC(F)(F)C(F)(F)C(F)(F)C(F)(F)F"
802,NA,"XZJVATYZWYQTRZ-UHFFFAOYSA-N","C7H7F7O2",256.033427004,"CCOC(=O)CC(F)(F)C(F)(F)C(F)(F)F"
803,NA,"HNPZFSDCMYGVLK-UHFFFAOYSA-N","C8H9F7O3",286.043991688,"CCOC(=O)CC(O)C(F)(F)C(F)(F)C(F)(F)F"
804,NA,"JFPGSWFWUDMPOT-UHFFFAOYSA-N","C8H9F7O2S",302.021148068,"CCOC(=O)CC(S)C(F)(F)C(F)(F)C(F)(F)F"
805,NA,"ZXPKQENNVJKVQL-UHFFFAOYSA-N","C20H17F17O6",676.075368004,"CCOC(=O)CC1(C(=O)OCC)CC(CC(F)(F)C(F)(F)C(F)(F)C(F)(F)C(F)(F)C(F)(F)C(F)(F)C(F)(F)F)OC1=O"
806,NA,"CCCFGOLUOHAGOK-UHFFFAOYSA-N","C11H11F7N2O2",336.070875132,"CCOC(=O)Cc1cc(C(F)(F)C(F)(F)C(F)(F)F)nn1C"
807,NA,"YKRCJHNYACIIBC-UHFFFAOYSA-N","C11H11F7N2O2",336.070875132,"CCOC(=O)Cc1cc(C(F)(F)C(F)(F)C(F)(F)F)n(C)n1"
808,NA,"GJBXBDJDLLPLPD-UHFFFAOYSA-N","C10H9F7N2O2",322.055225068,"CCOC(=O)Cc1cc(C(F)(F)C(F)(F)C(F)(F)F)n[nH]1"
809,NA,"QMPHOSZUUXOKIV-UHFFFAOYSA-N","C11H9F13O2",420.039496388,"CCOC(=O)CCC(F)(F)C(F)(F)C(F)(F)C(F)(F)C(F)(F)C(F)(F)F"
810,NA,"MSMPYUBTQHQODZ-UHFFFAOYSA-N","C9H9F9O2",320.045883508,"CCOC(=O)CCC(F)(F)C(F)(F)C(F)(F)C(F)(F)F"
811,NA,"CZQIYZIRNWFMOA-UHFFFAOYSA-N","C8H9F7O2",270.049077068,"CCOC(=O)CCC(F)(F)C(F)(F)C(F)(F)F"
812,NA,"VWTZJHIQIGBHCX-UHFFFAOYSA-N","C11H11F11O5S",464.015154872,"CCOC(=O)CCC(F)(F)COS(=O)(=O)C(F)(F)C(F)(F)C(F)(F)C(F)(F)F"
813,"1869-77-8","LMUUXHHNCDERBQ-UHFFFAOYSA-N","C14H12F17NO4S",613.021558604,"CCOC(=O)CN(CC)S(=O)(=O)C(F)(F)C(F)(F)C(F)(F)C(F)(F)C(F)(F)C(F)(F)C(F)(F)C(F)(F)F"
814,"68957-54-0","SGKAKWJMQQSXDU-UHFFFAOYSA-N","C13H12F15NO4S",563.024752164,"CCOC(=O)CN(CC)S(=O)(=O)C(F)(F)C(F)(F)C(F)(F)C(F)(F)C(F)(F)C(F)(F)C(F)(F)F"
815,"68957-53-9","CTKLJYAZSQZYAO-UHFFFAOYSA-N","C12H12F13NO4S",513.027945724,"CCOC(=O)CN(CC)S(=O)(=O)C(F)(F)C(F)(F)C(F)(F)C(F)(F)C(F)(F)C(F)(F)F"
816,"68555-79-3","YEORWLLYWQFDEW-UHFFFAOYSA-N","C11H12F11NO4S",463.031139284,"CCOC(=O)CN(CC)S(=O)(=O)C(F)(F)C(F)(F)C(F)(F)C(F)(F)C(F)(F)F"
817,"67584-63-8","FUWUVCJRFPBKEF-UHFFFAOYSA-N","C10H12F9NO4S",413.034332844,"CCOC(=O)CN(CC)S(=O)(=O)C(F)(F)C(F)(F)C(F)(F)C(F)(F)F"
818,NA,"NWRFHCJHNATFMI-UHFFFAOYSA-N","C8H8F7NO3",299.039240656,"CCOC(=O)CN=C(O)C(F)(F)C(F)(F)C(F)(F)F"
819,NA,"XMLQJCWVPGBECK-UHFFFAOYSA-N","C13H16F9NO4",421.093561972,"CCOC(=O)CNC(CC(=O)OCC)C(F)(F)C(F)(F)C(F)(F)C(F)(F)F"
820,"4314-33-4","UTKCLYLLDFWDFY-UHFFFAOYSA-N","C8H8F7NO3",299.039240656,"CCOC(=O)COC(=N)C(F)(F)C(F)(F)C(F)(F)F"
821,NA,"XROHYIPGSYETHB-UHFFFAOYSA-N","C8H7F9O4S",369.992133684,"CCOC(=O)CS(=O)(=O)C(F)(F)C(F)(F)C(F)(F)C(F)(F)F"
822,NA,"IHGUGSBDMLHOJL-UHFFFAOYSA-N","C14H13F17O2",536.064409396,"CCOC(CC(F)(F)C(F)(F)C(F)(F)C(F)(F)C(F)(F)C(F)(F)C(F)(F)C(F)(F)F)OCC"
823,NA,"HHBBIOLEJRWIGU-UHFFFAOYSA-N","C9H5F15O",414.01008808,"CCOC(F)(C(F)(F)C(F)(F)C(F)(F)F)C(F)(C(F)(F)F)C(F)(F)F"
824,NA,"NIOKERYKVFUYRO-UHFFFAOYSA-N","C12H11F8NO",337.071289732,"CCOC(F)(c1ccccc1N)C(F)(F)C(F)(F)C(F)(F)F"
825,"163702-06-5","SQEGLLMNIBLLNQ-UHFFFAOYSA-N","C6H5F9O",264.01966876,"CCOC(F)(F)C(F)(C(F)(F)F)C(F)(F)F"
826,NA,"YCXOPGWIXHEAFZ-UHFFFAOYSA-N","C7H5F11O",314.0164752,"CCOC(F)(F)C(F)(F)C(F)(F)C(F)(F)C(F)(F)F"
827,"163702-05-4","DFUYAWQUODQGFF-UHFFFAOYSA-N","C6H5F9O",264.01966876,"CCOC(F)(F)C(F)(F)C(F)(F)C(F)(F)F"
828,"356-26-3","NPUHUJNJOILQJC-UHFFFAOYSA-N","C6H7F7O2",244.033427004,"CCOC(O)C(F)(F)C(F)(F)C(F)(F)F"
829,NA,"FZHOYNJTYKXPSU-UHFFFAOYSA-N","C8H7F7O2",268.033427004,"CCOC=CC(=O)C(F)(F)C(F)(F)C(F)(F)F"
830,NA,"CFHMZROKMSLQRX-UHFFFAOYSA-N","C8H9F9O2",308.045883508,"CCOCC(O)C(F)(F)C(F)(F)C(F)(F)C(F)(F)F"
831,NA,"IUUVQAYNLGBYHS-UHFFFAOYSA-N","C16H14F21O3P",684.034523558,"CCOP(=O)(CCC(F)(F)C(F)(F)C(F)(F)C(F)(F)C(F)(F)C(F)(F)C(F)(F)C(F)(F)C(F)(F)C(F)(F)F)OCC"
832,NA,"GYIWCCQPZCEECI-UHFFFAOYSA-N","C14H14F17O3P",584.040910678,"CCOP(=O)(CCC(F)(F)C(F)(F)C(F)(F)C(F)(F)C(F)(F)C(F)(F)C(F)(F)C(F)(F)F)OCC"
833,NA,"YPQKUXRTMVAZPK-UHFFFAOYSA-N","C12H14F13O3P",484.047297798,"CCOP(=O)(CCC(F)(F)C(F)(F)C(F)(F)C(F)(F)C(F)(F)C(F)(F)F)OCC"
834,NA,"AQQVULYFDVBMHP-UHFFFAOYSA-N","C10H14F9O3P",384.053684918,"CCOP(=O)(CCC(F)(F)C(F)(F)C(F)(F)C(F)(F)F)OCC"
835,"71463-80-4","CGWCDHWSHVIYSL-UHFFFAOYSA-N","C17H21F17NO5PS",705.060660142,"CCOP(=O)(CCCN(CC)S(=O)(=O)C(F)(F)C(F)(F)C(F)(F)C(F)(F)C(F)(F)C(F)(F)C(F)(F)C(F)(F)F)OCC"
836,"71463-81-5","TZKLRKQCIBXVQE-UHFFFAOYSA-N","C16H21F15NO5PS",655.063853702,"CCOP(=O)(CCCN(CC)S(=O)(=O)C(F)(F)C(F)(F)C(F)(F)C(F)(F)C(F)(F)C(F)(F)C(F)(F)F)OCC"
837,NA,"VCDRIXYHTRFOBV-UHFFFAOYSA-N","C10H10F13O3P",456.01599767,"CCOP(=O)(O)CCC(F)(F)C(F)(F)C(F)(F)C(F)(F)C(F)(F)C(F)(F)F"
838,NA,"SRBGSZZLJNLEIV-UHFFFAOYSA-N","C10H13F9O3S",384.044169256,"CCOS(=O)(=O)CCCCC(F)(F)C(F)(F)C(F)(F)C(F)(F)F"
839,NA,"YGNLFPZAYHGIFN-UHFFFAOYSA-N","C13H11F7O4S",396.026627372,"CCS(=O)(=O)c1c(C(F)(C(F)(F)F)C(F)(F)F)ccc(C(=O)O)c1C"
840,NA,"ZGWWTUUDEMTZJF-UHFFFAOYSA-N","C13H11F7O3S",380.031712752,"CCS(=O)c1c(C(F)(C(F)(F)F)C(F)(F)F)ccc(C(=O)O)c1C"
841,NA,"MZZMFOVBQGDNTB-UHFFFAOYSA-N","C10H11F7O2S",328.036798132,"CCSC(=O)C(CC(C)=O)C(F)(F)C(F)(F)C(F)(F)F"
842,NA,"LJBIKALQNZIBRR-UHFFFAOYSA-N","C8H11F7S2",304.019039892,"CCSC(SCC)C(F)(F)C(F)(F)C(F)(F)F"
843,NA,"HCUYGOAWRHDYLA-UHFFFAOYSA-N","C13H11F7O2S",364.036798132,"CCSc1c(C(F)(C(F)(F)F)C(F)(F)F)ccc(C(=O)O)c1C"
844,NA,"NAHRLDLWXIFVMJ-UHFFFAOYSA-N","C14H13F7O2S",378.052448196,"CCSc1c(C(F)(C(F)(F)F)C(F)(F)F)ccc(C(=O)O)c1CC"
845,NA,"BCQYNSPESDDJBZ-UHFFFAOYSA-N","C9H3F14NO2",422.994023416,"CN(C(=O)C(F)(F)C(F)(F)C(F)(F)F)C(=O)C(F)(F)C(F)(F)C(F)(F)F"
846,NA,"POIXCGICONBWJT-UHFFFAOYSA-N","C26H18ClF9N2O2",596.091309476,"Cc1cc(C(F)(C(F)(F)F)C(F)(F)F)cc(C)c1NC(=O)c1cccc(N(C)C(=O)c2ccc(Cl)cc2F)c1F"
847,NA,"AMDGHCIYCBPNDR-UHFFFAOYSA-N","C26H18F9N3O4",607.115360036,"Cc1cc(C(F)(C(F)(F)F)C(F)(F)F)cc(C)c1NC(=O)c1cccc(N(C)C(=O)c2ccc(F)cc2[N+](=O)[O-])c1F"
848,NA,"OYWNCANTEISSJB-UHFFFAOYSA-N","C26H18ClF9N2O2",596.091309476,"Cc1cc(C(F)(C(F)(F)F)C(F)(F)F)cc(C)c1NC(=O)c1cccc(N(C)C(=O)c2ccc(F)cc2Cl)c1F"
849,NA,"MWWUKIVQAYLTRT-UHFFFAOYSA-N","C26H18F10N2O2",580.120860016,"Cc1cc(C(F)(C(F)(F)F)C(F)(F)F)cc(C)c1NC(=O)c1cccc(N(C)C(=O)c2ccc(F)cc2F)c1F"
850,NA,"NPRHMPPFGZNNJX-UHFFFAOYSA-N","C13H13F17N2O3S",600.037543016,"C[N+](C)([O-])CCCNS(=O)(=O)C(F)(F)C(F)(F)C(F)(F)C(F)(F)C(F)(F)C(F)(F)C(F)(F)C(F)(F)F"
851,NA,"IKTYOVKWKVJAFP-UHFFFAOYSA-N","C12H13F15N2O3S",550.040736576,"C[N+](C)([O-])CCCNS(=O)(=O)C(F)(F)C(F)(F)C(F)(F)C(F)(F)C(F)(F)C(F)(F)C(F)(F)F"
852,NA,"AJHOIKIILYAOBA-UHFFFAOYSA-N","C11H13F13N2O3S",500.043930136,"C[N+](C)([O-])CCCNS(=O)(=O)C(F)(F)C(F)(F)C(F)(F)C(F)(F)C(F)(F)C(F)(F)F"
853,NA,"KBDMGVIUNQWTND-UHFFFAOYSA-N","C13H17F13N2O3S",528.075230264,"C[N+](C)([O-])CCCNS(=O)(=O)CCC(F)(F)C(F)(F)C(F)(F)C(F)(F)C(F)(F)C(F)(F)F"
854,NA,"XMOIHXFHBPQEDL-UHFFFAOYSA-N","C11H10F7N",289.07014686,"CN(C)c1ccc(C(F)(C(F)(F)F)C(F)(F)F)cc1"
855,NA,"CSDRFIOFQKNRSL-UHFFFAOYSA-N","C16H10F17N",539.05417906,"CN(C)c1ccc(C(F)(F)C(F)(F)C(F)(F)C(F)(F)C(F)(F)C(F)(F)C(F)(F)C(F)(F)F)cc1"
856,NA,"NFDMREXGTSXTER-UHFFFAOYSA-N","C14H10F13N",439.06056618,"CN(C)c1ccc(C(F)(F)C(F)(F)C(F)(F)C(F)(F)C(F)(F)C(F)(F)F)cc1"
857,NA,"OSYRHWRPWBMDCX-UHFFFAOYSA-N","C16H12F13N3O",509.077278864,"CN(C)c1ccc(CN=NC(=O)C(F)(F)C(F)(F)C(F)(F)C(F)(F)C(F)(F)C(F)(F)F)cc1"
858,NA,"PYKVOGIGEBVLSI-UHFFFAOYSA-N","C12H10F9NO3S",419.02376816,"CN(C)c1ccc(OS(=O)(=O)C(F)(F)C(F)(F)C(F)(F)C(F)(F)F)cc1"
859,NA,"LSUAQOJEEKKGRB-UHFFFAOYSA-N","C9H12F9NO",321.077517984,"CN(C)CC(O)CC(F)(F)C(F)(F)C(F)(F)C(F)(F)F"
860,NA,"XGOMMFOXIOYADC-UHFFFAOYSA-N","C14H15F15N2O",512.0944864,"CN(C)CCCCN=C(O)C(F)(F)C(F)(F)C(F)(F)C(F)(F)C(F)(F)C(F)(F)C(F)(F)F"
861,NA,"VXOHBWROOXTGPC-UHFFFAOYSA-N","C14H17F13N2O4S",556.070144884,"CN(C)CCCN(CCC(=O)O)S(=O)(=O)C(F)(F)C(F)(F)C(F)(F)C(F)(F)C(F)(F)C(F)(F)F"
862,NA,"GYXGVPIUSNEEIR-UHFFFAOYSA-N","C12H17F9N2O4S",456.076532004,"CN(C)CCCN(CCC(=O)O)S(=O)(=O)C(F)(F)C(F)(F)C(F)(F)C(F)(F)F"
863,"72785-08-1","UUBYZMXGONPVTR-UHFFFAOYSA-N","C16H19F17N2O5S2",706.046393448,"CN(C)CCCN(CCCS(=O)(=O)O)S(=O)(=O)C(F)(F)C(F)(F)C(F)(F)C(F)(F)C(F)(F)C(F)(F)C(F)(F)C(F)(F)F"
864,"38850-60-1","XXEJCEXMBHWWLY-UHFFFAOYSA-N","C14H19F13N2O5S2",606.052780568,"CN(C)CCCN(CCCS(=O)(=O)O)S(=O)(=O)C(F)(F)C(F)(F)C(F)(F)C(F)(F)C(F)(F)C(F)(F)F"
865,"73772-34-6","MYUNUXCBXAGDOB-UHFFFAOYSA-N","C17H25F13N2O5S",616.12765976,"CN(C)CCCN(CCOCCOCCO)S(=O)(=O)C(F)(F)C(F)(F)C(F)(F)C(F)(F)C(F)(F)C(F)(F)F"
866,NA,"CMBODFNNJATQMX-UHFFFAOYSA-N","C14H13F17N2O",548.075642776,"CN(C)CCCN=C(O)C(F)(F)C(F)(F)C(F)(F)C(F)(F)C(F)(F)C(F)(F)C(F)(F)C(F)(F)F"
867,NA,"HEFMHJGSLLYQSB-UHFFFAOYSA-N","C12H13F13N2O",448.082029896,"CN(C)CCCN=C(O)C(F)(F)C(F)(F)C(F)(F)C(F)(F)C(F)(F)C(F)(F)F"
868,NA,"LSTORYFJUHQATM-UHFFFAOYSA-N","C10H13F9N2O",348.088417016,"CN(C)CCCN=C(O)C(F)(F)C(F)(F)C(F)(F)C(F)(F)F"
869,NA,"ZWLUCJNJSFZMTB-UHFFFAOYSA-N","C9H13F7N2O",298.091610576,"CN(C)CCCN=C(O)C(F)(F)C(F)(F)C(F)(F)F"
870,"94159-83-8","IBEWQQXACSADKT-UHFFFAOYSA-N","C19H19F23N2O",728.113012288,"CN(C)CCCNC(O)CCC(F)(F)C(F)(F)C(F)(F)C(F)(F)C(F)(F)C(F)(F)C(F)(F)C(F)(F)C(F)(C(F)(F)F)C(F)(F)F"
871,"73353-26-1","GCGAKPKICKLLED-UHFFFAOYSA-N","C17H19F19N2O",628.119399408,"CN(C)CCCNCC(O)CC(F)(F)C(F)(F)C(F)(F)C(F)(F)C(F)(F)C(F)(F)C(F)(C(F)(F)F)C(F)(F)F"
872,"94159-82-7","CPUGKTXAIBCJQS-UHFFFAOYSA-N","C21H19F27N2O",828.106625168,"CN(C)CCCNCC(O)CC(F)(F)C(F)(F)C(F)(F)C(F)(F)C(F)(F)C(F)(F)C(F)(F)C(F)(F)C(F)(F)C(F)(F)C(F)(C(F)(F)F)C(F)(F)F"
873,"94159-79-2","TXTCMAJARJFSCQ-UHFFFAOYSA-N","C20H19F25N2O",778.109818728,"CN(C)CCCNCC(O)CC(F)(F)C(F)(F)C(F)(F)C(F)(F)C(F)(F)C(F)(F)C(F)(F)C(F)(F)C(F)(F)C(F)(F)C(F)(F)C(F)(F)F"
874,"94159-80-5","FYKFVLMDMBLILP-UHFFFAOYSA-N","C18H19F21N2O",678.116205848,"CN(C)CCCNCC(O)CC(F)(F)C(F)(F)C(F)(F)C(F)(F)C(F)(F)C(F)(F)C(F)(F)C(F)(F)C(F)(F)C(F)(F)F"
875,"94159-81-6","PPEQDXFGRTWOEV-UHFFFAOYSA-N","C16H19F17N2O",578.122592968,"CN(C)CCCNCC(O)CC(F)(F)C(F)(F)C(F)(F)C(F)(F)C(F)(F)C(F)(F)C(F)(F)C(F)(F)F"
876,"13417-01-1","MSJXTBMNRCTIDR-UHFFFAOYSA-N","C13H13F17N2O2S",584.042628396,"CN(C)CCCNS(=O)(=O)C(F)(F)C(F)(F)C(F)(F)C(F)(F)C(F)(F)C(F)(F)C(F)(F)C(F)(F)F"
877,"67584-54-7","RFJQYRXZGNILIY-UHFFFAOYSA-N","C12H13F15N2O2S",534.045821956,"CN(C)CCCNS(=O)(=O)C(F)(F)C(F)(F)C(F)(F)C(F)(F)C(F)(F)C(F)(F)C(F)(F)F"
878,"50598-28-2","INDOGKYZYLAGEM-UHFFFAOYSA-N","C11H13F13N2O2S",484.049015516,"CN(C)CCCNS(=O)(=O)C(F)(F)C(F)(F)C(F)(F)C(F)(F)C(F)(F)C(F)(F)F"
879,"68555-78-2","VGJZPFMDBNZBTG-UHFFFAOYSA-N","C10H13F11N2O2S",434.052209076,"CN(C)CCCNS(=O)(=O)C(F)(F)C(F)(F)C(F)(F)C(F)(F)C(F)(F)F"
880,"68555-77-1","XMRMVBVJGSKMEN-UHFFFAOYSA-N","C9H13F9N2O2S",384.055402636,"CN(C)CCCNS(=O)(=O)C(F)(F)C(F)(F)C(F)(F)C(F)(F)F"
881,NA,"TZIPMEZQXPAKPK-UHFFFAOYSA-N","C13H17F13N2O2S",512.080315644,"CN(C)CCCNS(=O)(=O)CCC(F)(F)C(F)(F)C(F)(F)C(F)(F)C(F)(F)C(F)(F)F"
882,NA,"XXWVQQPYWSIJGT-UHFFFAOYSA-N","C8H6F13NO2S",426.991166292,"CN(C)S(=O)(=O)C(F)(F)C(F)(F)C(F)(F)C(F)(F)C(F)(F)C(F)(F)F"
883,NA,"QNDHIRFIMVNHBN-UHFFFAOYSA-N","C11H6F17NO4S",570.974608412,"CN(CC(=O)O)S(=O)(=O)C(F)(F)C(F)(F)C(F)(F)C(F)(F)C(F)(F)C(F)(F)C(F)(F)C(F)(F)F"
884,NA,"UAOPHMUQOMFCMQ-UHFFFAOYSA-N","C16H16F17NO3S",625.057944112,"CN(CC(=O)O)CC(O)CSCCC(F)(F)C(F)(F)C(F)(F)C(F)(F)C(F)(F)C(F)(F)C(F)(F)C(F)(F)F"
885,"68239-73-6","IARCBLTVLGDOGQ-UHFFFAOYSA-N","C13H12F17NO3S",585.026643984,"CN(CCCCO)S(=O)(=O)C(F)(F)C(F)(F)C(F)(F)C(F)(F)C(F)(F)C(F)(F)C(F)(F)C(F)(F)F"
886,"68298-89-5","PNBLAQHWLKUKEU-UHFFFAOYSA-N","C12H12F15NO3S",535.029837544,"CN(CCCCO)S(=O)(=O)C(F)(F)C(F)(F)C(F)(F)C(F)(F)C(F)(F)C(F)(F)C(F)(F)F"
887,"68239-74-7","UXBLTIRZNSMGNQ-UHFFFAOYSA-N","C11H12F13NO3S",485.033031104,"CN(CCCCO)S(=O)(=O)C(F)(F)C(F)(F)C(F)(F)C(F)(F)C(F)(F)C(F)(F)F"
888,"68239-72-5","YZMJHIOSEWYVSR-UHFFFAOYSA-N","C10H12F11NO3S",435.036224664,"CN(CCCCO)S(=O)(=O)C(F)(F)C(F)(F)C(F)(F)C(F)(F)C(F)(F)F"
889,"812-94-2","ZDKQQLGFDAYLPC-UHFFFAOYSA-N","C9H12F9NO3S",385.039418224,"CN(CCCCO)S(=O)(=O)C(F)(F)C(F)(F)C(F)(F)C(F)(F)F"
890,"61577-14-8","DJKGXDGHCIHDPZ-UHFFFAOYSA-N","C17H16F17NO4S",653.052858732,"C=C(C)C(=O)OCCCCN(C)S(=O)(=O)C(F)(F)C(F)(F)C(F)(F)C(F)(F)C(F)(F)C(F)(F)C(F)(F)C(F)(F)F"
891,"67906-38-1","CRGIYPZDEQHQFH-UHFFFAOYSA-N","C16H16F15NO4S",603.056052292,"C=C(C)C(=O)OCCCCN(C)S(=O)(=O)C(F)(F)C(F)(F)C(F)(F)C(F)(F)C(F)(F)C(F)(F)C(F)(F)F"
892,"67939-61-1","KKCCHFWHAXJXIQ-UHFFFAOYSA-N","C15H16F13NO4S",553.059245852,"C=C(C)C(=O)OCCCCN(C)S(=O)(=O)C(F)(F)C(F)(F)C(F)(F)C(F)(F)C(F)(F)C(F)(F)F"
893,"67906-40-5","OSMPUFUJALYWAR-UHFFFAOYSA-N","C14H16F11NO4S",503.062439412,"C=C(C)C(=O)OCCCCN(C)S(=O)(=O)C(F)(F)C(F)(F)C(F)(F)C(F)(F)C(F)(F)F"
894,"67906-39-2","GJCCTHAVFKJHMN-UHFFFAOYSA-N","C13H16F9NO4S",453.065632972,"C=C(C)C(=O)OCCCCN(C)S(=O)(=O)C(F)(F)C(F)(F)C(F)(F)C(F)(F)F"
895,"58920-31-3","XEVYGIAXCSAAOA-UHFFFAOYSA-N","C16H14F17NO4S",639.037208668,"C=CC(=O)OCCCCN(C)S(=O)(=O)C(F)(F)C(F)(F)C(F)(F)C(F)(F)C(F)(F)C(F)(F)C(F)(F)C(F)(F)F"
896,"68227-97-4","XOBAFFLCNWEIRZ-UHFFFAOYSA-N","C15H14F15NO4S",589.040402228,"C=CC(=O)OCCCCN(C)S(=O)(=O)C(F)(F)C(F)(F)C(F)(F)C(F)(F)C(F)(F)C(F)(F)C(F)(F)F"
897,"68227-98-5","JLUHIZCVSXFBEG-UHFFFAOYSA-N","C14H14F13NO4S",539.043595788,"C=CC(=O)OCCCCN(C)S(=O)(=O)C(F)(F)C(F)(F)C(F)(F)C(F)(F)C(F)(F)C(F)(F)F"
898,"68227-99-6","IGHHYZVIDWXKMF-UHFFFAOYSA-N","C13H14F11NO4S",489.046789348,"C=CC(=O)OCCCCN(C)S(=O)(=O)C(F)(F)C(F)(F)C(F)(F)C(F)(F)C(F)(F)F"
899,"1492-87-1","PGYDZCBTWHHAQX-UHFFFAOYSA-N","C12H14F9NO4S",439.049982908,"C=CC(=O)OCCCCN(C)S(=O)(=O)C(F)(F)C(F)(F)C(F)(F)C(F)(F)F"
900,"93762-11-9","BMUYUEMLIWGNHZ-UHFFFAOYSA-N","C7H8F9NO3S",357.008118096,"CN(CCO)S(=O)(=O)C(F)(F)C(F)(C(F)(F)F)C(F)(F)F"
901,"24448-09-7","PLGACQRCZCVKGK-UHFFFAOYSA-N","C11H8F17NO3S",556.995343856,"CN(CCO)S(=O)(=O)C(F)(F)C(F)(F)C(F)(F)C(F)(F)C(F)(F)C(F)(F)C(F)(F)C(F)(F)F"
902,"68555-76-0","UIZUTEDYGNRNSW-UHFFFAOYSA-N","C10H8F15NO3S",506.998537416,"CN(CCO)S(=O)(=O)C(F)(F)C(F)(F)C(F)(F)C(F)(F)C(F)(F)C(F)(F)C(F)(F)F"
903,"68555-75-9","UYIBZOUSVFOPJK-UHFFFAOYSA-N","C9H8F13NO3S",457.001730976,"CN(CCO)S(=O)(=O)C(F)(F)C(F)(F)C(F)(F)C(F)(F)C(F)(F)C(F)(F)F"
904,"68555-74-8","BRBCKWCOTRPYGH-UHFFFAOYSA-N","C8H8F11NO3S",407.004924536,"CN(CCO)S(=O)(=O)C(F)(F)C(F)(F)C(F)(F)C(F)(F)C(F)(F)F"
905,"34454-97-2","DSRUAYIFDCHEEV-UHFFFAOYSA-N","C7H8F9NO3S",357.008118096,"CN(CCO)S(=O)(=O)C(F)(F)C(F)(F)C(F)(F)C(F)(F)F"
906,"93894-53-2","HVRZEMISTDPHLI-UHFFFAOYSA-N","C7H9F8NO3S",339.017539908,"CN(CCO)S(=O)(=O)C(F)(F)C(F)(F)C(F)(F)C(F)F"
907,NA,"PYEYQMPFVPJZMR-UHFFFAOYSA-N","C11H12F13NO3S",485.033031104,"CN(CCO)S(=O)(=O)CCC(F)(F)C(F)(F)C(F)(F)C(F)(F)C(F)(F)C(F)(F)F"
908,"117786-47-7","UZMOXNBUTMPDCX-UHFFFAOYSA-N","C15H12F17NO4S",625.021558604,"C=C(C)C(=O)OCCN(C)S(=O)(=O)C(F)(F)C(F)(F)C(F)(F)C(F)(F)C(F)(F)C(F)(F)C(F)(F)C(F)(F)F"
909,"67939-96-2","RZDRSPQHQWHCKI-UHFFFAOYSA-N","C14H12F15NO4S",575.024752164,"C=C(C)C(=O)OCCN(C)S(=O)(=O)C(F)(F)C(F)(F)C(F)(F)C(F)(F)C(F)(F)C(F)(F)C(F)(F)F"
910,"67584-61-6","MVZJFKDUUZOQFM-UHFFFAOYSA-N","C13H12F13NO4S",525.027945724,"C=C(C)C(=O)OCCN(C)S(=O)(=O)C(F)(F)C(F)(F)C(F)(F)C(F)(F)C(F)(F)C(F)(F)F"
911,"67584-60-5","ADSKDYCFRLKFDJ-UHFFFAOYSA-N","C12H12F11NO4S",475.031139284,"C=C(C)C(=O)OCCN(C)S(=O)(=O)C(F)(F)C(F)(F)C(F)(F)C(F)(F)C(F)(F)F"
912,"67584-59-2","BEIWUHUHJDEMQO-UHFFFAOYSA-N","C11H12F9NO4S",425.034332844,"C=C(C)C(=O)OCCN(C)S(=O)(=O)C(F)(F)C(F)(F)C(F)(F)C(F)(F)F"
913,NA,"ZEVGQZNTYAKDNY-UHFFFAOYSA-N","C14H10F17NO2",547.0440083,"C=CC(=O)OCCN(C)C(F)(F)C(F)(F)C(F)(F)C(F)(F)C(F)(F)C(F)(F)C(F)(F)C(F)(F)F"
914,"25268-77-3","RTJZWOGSCLVJLD-UHFFFAOYSA-N","C14H10F17NO4S",611.00590854,"C=CC(=O)OCCN(C)S(=O)(=O)C(F)(F)C(F)(F)C(F)(F)C(F)(F)C(F)(F)C(F)(F)C(F)(F)C(F)(F)F"
915,"68084-62-8","BEYGZFVOTUDDJK-UHFFFAOYSA-N","C13H10F15NO4S",561.0091021,"C=CC(=O)OCCN(C)S(=O)(=O)C(F)(F)C(F)(F)C(F)(F)C(F)(F)C(F)(F)C(F)(F)C(F)(F)F"
916,"157122-25-3","HLKZFXXWGVPYAY-UHFFFAOYSA-N","C12H10F13NO4S",511.01229566,"C=CC(=O)OCCN(C)S(=O)(=O)C(F)(F)C(F)(F)C(F)(F)C(F)(F)C(F)(F)C(F)(F)F"
917,"67584-56-9","FZWFDJBZTLTRGH-UHFFFAOYSA-N","C11H10F11NO4S",461.01548922,"C=CC(=O)OCCN(C)S(=O)(=O)C(F)(F)C(F)(F)C(F)(F)C(F)(F)C(F)(F)F"
918,"67584-55-8","KEMCLRGAIUJRAN-UHFFFAOYSA-N","C10H10F9NO4S",411.01868278,"C=CC(=O)OCCN(C)S(=O)(=O)C(F)(F)C(F)(F)C(F)(F)C(F)(F)F"
919,"68758-56-5","KSRNSIIMBGIEPL-UHFFFAOYSA-N","C23H12F33NO4S",1024.996010124,"C=CC(=O)OCCN(C)S(=O)(=O)CC(F)(F)C(F)(F)C(F)(F)C(F)(F)C(F)(F)C(F)(F)C(F)(F)C(F)(F)C(F)(F)C(F)(F)C(F)(F)C(F)(F)C(F)(F)C(F)(F)C(F)(F)C(F)(F)F"
920,"68758-55-4","VDZHRFMUCNLGTO-UHFFFAOYSA-N","C21H12F29NO4S",925.002397244,"C=CC(=O)OCCN(C)S(=O)(=O)CC(F)(F)C(F)(F)C(F)(F)C(F)(F)C(F)(F)C(F)(F)C(F)(F)C(F)(F)C(F)(F)C(F)(F)C(F)(F)C(F)(F)C(F)(F)C(F)(F)F"
921,"66008-67-1","NYDXNYWTPDRONX-UHFFFAOYSA-N","C19H12F25NO4S",825.008784364,"C=CC(=O)OCCN(C)S(=O)(=O)CC(F)(F)C(F)(F)C(F)(F)C(F)(F)C(F)(F)C(F)(F)C(F)(F)C(F)(F)C(F)(F)C(F)(F)C(F)(F)C(F)(F)F"
922,"66008-68-2","XGSOKOQKZXARCB-UHFFFAOYSA-N","C17H12F21NO4S",725.015171484,"C=CC(=O)OCCN(C)S(=O)(=O)CC(F)(F)C(F)(F)C(F)(F)C(F)(F)C(F)(F)C(F)(F)C(F)(F)C(F)(F)C(F)(F)C(F)(F)F"
923,"66008-69-3","PIINPBJRTIJQBX-UHFFFAOYSA-N","C15H12F17NO4S",625.021558604,"C=CC(=O)OCCN(C)S(=O)(=O)CC(F)(F)C(F)(F)C(F)(F)C(F)(F)C(F)(F)C(F)(F)C(F)(F)C(F)(F)F"
924,"66008-70-6","JERPDWBDDQYOBE-UHFFFAOYSA-N","C13H12F13NO4S",525.027945724,"C=CC(=O)OCCN(C)S(=O)(=O)CC(F)(F)C(F)(F)C(F)(F)C(F)(F)C(F)(F)C(F)(F)F"
925,"72276-08-5","VYFGRTSCBLVROZ-UHFFFAOYSA-N","C24H14F33NO4S",1039.011660188,"C=CC(=O)OCCN(C)S(=O)(=O)CCC(F)(F)C(F)(F)C(F)(F)C(F)(F)C(F)(F)C(F)(F)C(F)(F)C(F)(F)C(F)(F)C(F)(F)C(F)(F)C(F)(F)C(F)(F)C(F)(F)C(F)(F)C(F)(F)F"
926,"72276-07-4","MHATVVUCLRUMRB-UHFFFAOYSA-N","C22H14F29NO4S",939.018047308,"C=CC(=O)OCCN(C)S(=O)(=O)CCC(F)(F)C(F)(F)C(F)(F)C(F)(F)C(F)(F)C(F)(F)C(F)(F)C(F)(F)C(F)(F)C(F)(F)C(F)(F)C(F)(F)C(F)(F)C(F)(F)F"
927,"72276-06-3","JDZXXQOQZYTYCL-UHFFFAOYSA-N","C20H14F25NO4S",839.024434428,"C=CC(=O)OCCN(C)S(=O)(=O)CCC(F)(F)C(F)(F)C(F)(F)C(F)(F)C(F)(F)C(F)(F)C(F)(F)C(F)(F)C(F)(F)C(F)(F)C(F)(F)C(F)(F)F"
928,"72276-05-2","VFAOZLUVVQQCPB-UHFFFAOYSA-N","C18H14F21NO4S",739.030821548,"C=CC(=O)OCCN(C)S(=O)(=O)CCC(F)(F)C(F)(F)C(F)(F)C(F)(F)C(F)(F)C(F)(F)C(F)(F)C(F)(F)C(F)(F)C(F)(F)F"
929,"48077-95-8","OHZQKIHETAGXCE-UHFFFAOYSA-N","C16H14F17NO4S",639.037208668,"C=CC(=O)OCCN(C)S(=O)(=O)CCC(F)(F)C(F)(F)C(F)(F)C(F)(F)C(F)(F)C(F)(F)C(F)(F)C(F)(F)F"
930,"49859-70-3","HATNGDPVYXXGKR-UHFFFAOYSA-N","C14H14F13NO4S",539.043595788,"C=CC(=O)OCCN(C)S(=O)(=O)CCC(F)(F)C(F)(F)C(F)(F)C(F)(F)C(F)(F)C(F)(F)F"
931,NA,"WAMDJIYFKLYZRR-UHFFFAOYSA-N","C14H15F18N2O8PS2",775.97200203,"CN(CCOP(=O)(O)OCCN(C)S(=O)(=O)C(F)(F)C(F)(F)C(F)(F)C(F)(F)F)S(=O)(=O)C(F)(F)C(F)(F)C(F)(F)C(F)(F)F"
932,NA,"PWEZPHZIDUAWJD-UHFFFAOYSA-N","C7H9F9NO6PS",436.974448618,"CN(CCOP(=O)(O)O)S(=O)(=O)C(F)(F)C(F)(F)C(F)(F)C(F)(F)F"
933,NA,"PUQQCLQURHMROM-UHFFFAOYSA-N","C19H13F19NO7PS",790.984695566,"CN(CCOP(=O)(O)O)S(=O)(=O)c1ccc(OC(=C(C(F)(F)F)C(C(F)(F)F)(C(F)(F)C(F)(F)F)C(F)(F)C(F)(F)F)C(F)(F)F)cc1"
934,NA,"UBFQJYVHHMWXJH-UHFFFAOYSA-N","C5H4F7NO2",243.013025908,"CN(O)C(=O)C(F)(F)C(F)(F)C(F)(F)F"
935,NA,"IRBXNKVJFDBXNO-UHFFFAOYSA-N","C13H8F9N",349.051303236,"Cn1c(C(F)(F)C(F)(F)C(F)(F)C(F)(F)F)cc2ccccc21"
936,NA,"PMXQNJWJEZRAQI-UHFFFAOYSA-N","C13H8F7NOS",359.021482416,"CN1C(=CC(=O)C(F)(F)C(F)(F)C(F)(F)F)Sc2ccccc21"
937,NA,"CZWWAAJCRNYGSO-UHFFFAOYSA-N","C11H6F13N",399.029266052,"Cn1cccc1C(F)(F)C(F)(F)C(F)(F)C(F)(F)C(F)(F)C(F)(F)F"
938,NA,"NALAEANMNNNTHF-UHFFFAOYSA-N","C12H11F13N2O",446.066379832,"CN1CCN(C(=O)C(F)(F)C(F)(F)C(F)(F)C(F)(F)C(F)(F)C(F)(F)F)CC1"
939,NA,"PVOHTVUHQALSJJ-UHFFFAOYSA-N","C9H11F7N2O",296.075960512,"CN1CCN(C(=O)C(F)(F)C(F)(F)C(F)(F)F)CC1"
940,NA,"QBUQLOZQYAJDBN-UHFFFAOYSA-N","C10H4F17NO",477.002143488,"CN=C(O)C(F)(F)C(F)(F)C(F)(F)C(F)(F)C(F)(F)C(F)(F)C(F)(F)C(F)(F)F"
941,NA,"GMDGDPMNUQLIPP-UHFFFAOYSA-N","C8H4F13NO",377.008530608,"CN=C(O)C(F)(F)C(F)(F)C(F)(F)C(F)(F)C(F)(F)C(F)(F)F"
942,NA,"HDDQYUSNJSEGHK-UHFFFAOYSA-N","C6H4F9NO",277.014917728,"CN=C(O)C(F)(F)C(F)(F)C(F)(F)C(F)(F)F"
943,NA,"SYNCJBMZJQYPLW-UHFFFAOYSA-N","C5H4F7NO",227.018111288,"CN=C(O)C(F)(F)C(F)(F)C(F)(F)F"
944,NA,"FZOUABSFDUBWEC-UHFFFAOYSA-N","C8H9F9N2O2",336.052031508,"CN=C(O)C(O)(NC)C(F)(F)C(F)(F)C(F)(F)C(F)(F)F"
945,NA,"SWTPFYIUUFAQGT-UHFFFAOYSA-N","C16H8F17NO",553.033443616,"CNC(=O)c1ccc(C(F)(F)C(F)(F)C(F)(F)C(F)(F)C(F)(F)C(F)(F)C(F)(F)C(F)(F)F)cc1"
946,NA,"JGMPOFDQXGRBLP-UHFFFAOYSA-N","C11H8F9N",325.051303236,"CNc1ccc(C(F)(F)C(F)(F)C(F)(F)C(F)(F)F)cc1"
947,NA,"COXLELXARHOAAF-UHFFFAOYSA-N","C7H7F7N4",280.055893764,"CN=c1nc(C(F)(F)C(F)(F)C(F)(F)F)n(C)[nH]1"
948,NA,"PZMFLPZXSPNZAW-UHFFFAOYSA-N","C6H4F7N3O",267.024259288,"CN=c1[nH]nc(C(F)(F)C(F)(F)C(F)(F)F)o1"
949,NA,"XODUVTJXUOOAKV-UHFFFAOYSA-N","C5H6F7N",213.038846732,"CNCC(F)(F)C(F)(F)C(F)(F)F"
950,NA,"JHHFZIKMVTVDED-UHFFFAOYSA-N","C11H16F9N",333.113903492,"CNCCCCCCC(F)(F)C(F)(F)C(F)(F)C(F)(F)F"
951,NA,"TZCHQKSQEHQAMP-UHFFFAOYSA-N","C10H16F7NO2S",347.078997292,"CNCCCCS(=O)(=O)CCC(F)(C(F)(F)F)C(F)(F)F"
952,NA,"ZGKQZNCLVBOAST-UHFFFAOYSA-N","C9H4F17NO2S",512.969129108,"CNS(=O)(=O)C(F)(F)C(F)(F)C(F)(F)C(F)(F)C(F)(F)C(F)(C(F)(F)F)C(F)(F)F"
953,"122526-47-0","SRMWNTGHXHOWBT-UHFFFAOYSA-N","C9H4F17NO2S",512.969129108,"CNS(=O)(=O)C(F)(F)C(F)(F)C(F)(F)C(F)(F)C(F)(F)C(F)(F)C(F)(F)C(F)(F)F"
954,"68259-14-3","KDHCALLFPWZTPN-UHFFFAOYSA-N","C8H4F15NO2S",462.972322668,"CNS(=O)(=O)C(F)(F)C(F)(F)C(F)(F)C(F)(F)C(F)(F)C(F)(F)C(F)(F)F"
955,"68259-15-4","HPPDPHZGXWMRHN-UHFFFAOYSA-N","C7H4F13NO2S",412.975516228,"CNS(=O)(=O)C(F)(F)C(F)(F)C(F)(F)C(F)(F)C(F)(F)C(F)(F)F"
956,"68298-13-5","BKKNDZBSSSAGIB-UHFFFAOYSA-N","C6H4F11NO2S",362.978709788,"CNS(=O)(=O)C(F)(F)C(F)(F)C(F)(F)C(F)(F)C(F)(F)F"
957,"68298-12-4","GFZPUWKGPNHWHD-UHFFFAOYSA-N","C5H4F9NO2S",312.981903348,"CNS(=O)(=O)C(F)(F)C(F)(F)C(F)(F)C(F)(F)F"
958,NA,"KMRYZJJLWTVVHQ-UHFFFAOYSA-N","C8H7F7O2",268.033427004,"C=C(CC(F)(F)C(F)(F)C(F)(F)F)C(=O)OC"
959,NA,"ALAFITPQQICBPX-UHFFFAOYSA-N","C7H3F9O3",305.993847936,"COC(=O)C(=O)C(F)(F)C(F)(F)C(F)(F)C(F)(F)F"
960,NA,"RQKLFAUYYSRELR-UHFFFAOYSA-N","C16H16F7NO3S2",467.045982912,"COC(=O)C(C)(C(C)c1csc(C#N)c1)S(=O)CCC(F)(F)C(F)(F)C(F)(F)F"
961,NA,"LRMSPWCOOHABFD-UHFFFAOYSA-N","C8H7F7O2",268.033427004,"COC(=O)C(C)=CC(F)(F)C(F)(F)C(F)(F)F"
962,NA,"BXNBTCYTNLTFLJ-UHFFFAOYSA-N","C8H9F7O2",270.049077068,"COC(=O)C(C)CC(F)(F)C(F)(F)C(F)(F)F"
963,"83846-71-3","CZHAQBXHTVRAAA-UHFFFAOYSA-N","C10H8F10O2",350.036461696,"C=CCC(C(=O)OC)(C(F)(F)F)C(F)(F)C(F)(F)C(F)(F)F"
964,NA,"LVYNMXGZSWLMOD-UHFFFAOYSA-N","C13H11F13O4",478.044975692,"COC(=O)C(CCC(F)(F)C(F)(F)C(F)(F)C(F)(F)C(F)(F)C(F)(F)F)C(=O)OC"
965,NA,"ZDQKJWZLKLQXAO-UHFFFAOYSA-N","C7H4ClF9O2",325.975611028,"COC(=O)C(Cl)C(F)(F)C(F)(F)C(F)(F)C(F)(F)F"
966,NA,"CGMUKBZUGMXXEF-UHFFFAOYSA-N","C5H3F7O2",228.002126876,"COC(=O)C(F)(C(F)(F)F)C(F)(F)F"
967,NA,"YUFOZPVITJRTPY-UHFFFAOYSA-N","C19H3F35O2",927.957417036,"COC(=O)C(F)(F)C(F)(F)C(F)(F)C(F)(F)C(F)(F)C(F)(F)C(F)(F)C(F)(F)C(F)(F)C(F)(F)C(F)(F)C(F)(F)C(F)(F)C(F)(F)C(F)(F)C(F)(F)C(F)(F)F"
968,NA,"HFKIAPZSCAKSNP-UHFFFAOYSA-N","C17H3F31O2",827.963804156,"COC(=O)C(F)(F)C(F)(F)C(F)(F)C(F)(F)C(F)(F)C(F)(F)C(F)(F)C(F)(F)C(F)(F)C(F)(F)C(F)(F)C(F)(F)C(F)(F)C(F)(F)C(F)(F)F"
969,NA,"QHUMNQRKSPEXJP-UHFFFAOYSA-N","C16H3F29O2",777.966997716,"COC(=O)C(F)(F)C(F)(F)C(F)(F)C(F)(F)C(F)(F)C(F)(F)C(F)(F)C(F)(F)C(F)(F)C(F)(F)C(F)(F)C(F)(F)C(F)(F)C(F)(F)F"
970,NA,"DRRCLKOIEBNFIE-UHFFFAOYSA-N","C15H3F27O2",727.970191276,"COC(=O)C(F)(F)C(F)(F)C(F)(F)C(F)(F)C(F)(F)C(F)(F)C(F)(F)C(F)(F)C(F)(F)C(F)(F)C(F)(F)C(F)(F)C(F)(F)F"
971,NA,"MCVGSSHSKHYZGK-UHFFFAOYSA-N","C14H3F25O2",677.973384836,"COC(=O)C(F)(F)C(F)(F)C(F)(F)C(F)(F)C(F)(F)C(F)(F)C(F)(F)C(F)(F)C(F)(F)C(F)(F)C(F)(F)C(F)(F)F"
972,NA,"ABNZIVVYHQYSLI-UHFFFAOYSA-N","C13H3F23O2",627.976578396,"COC(=O)C(F)(F)C(F)(F)C(F)(F)C(F)(F)C(F)(F)C(F)(F)C(F)(F)C(F)(F)C(F)(F)C(F)(F)C(F)(F)F"
973,NA,"CJFAZQXPXXDAQR-UHFFFAOYSA-N","C12H3F21O2",577.979771956,"COC(=O)C(F)(F)C(F)(F)C(F)(F)C(F)(F)C(F)(F)C(F)(F)C(F)(F)C(F)(F)C(F)(F)C(F)(F)F"
974,NA,"QJFHNYDPNSFJMR-UHFFFAOYSA-N","C11H3F19O2",527.982965516,"COC(=O)C(F)(F)C(F)(F)C(F)(F)C(F)(F)C(F)(F)C(F)(F)C(F)(F)C(F)(F)C(F)(F)F"
975,NA,"CFNCFMKWDPDIPT-UHFFFAOYSA-N","C10H3F17O2",477.986159076,"COC(=O)C(F)(F)C(F)(F)C(F)(F)C(F)(F)C(F)(F)C(F)(F)C(F)(F)C(F)(F)F"
976,"376-27-2","XOCNYZFAMHDXJK-UHFFFAOYSA-N","C9H3F15O2",427.989352636,"COC(=O)C(F)(F)C(F)(F)C(F)(F)C(F)(F)C(F)(F)C(F)(F)C(F)(F)F"
977,NA,"JHROQORAJUWVCD-UHFFFAOYSA-N","C8H3F13O2",377.992546196,"COC(=O)C(F)(F)C(F)(F)C(F)(F)C(F)(F)C(F)(F)C(F)(F)F"
978,NA,"NJXMLQHJFDKLKL-UHFFFAOYSA-N","C7H3F11O2",327.995739756,"COC(=O)C(F)(F)C(F)(F)C(F)(F)C(F)(F)C(F)(F)F"
979,NA,"OSDPSOBLGQUCQX-UHFFFAOYSA-N","C6H3F9O2",277.998933316,"COC(=O)C(F)(F)C(F)(F)C(F)(F)C(F)(F)F"
980,"356-24-1","MRPUVAKBXDBGJQ-UHFFFAOYSA-N","C5H3F7O2",228.002126876,"COC(=O)C(F)(F)C(F)(F)C(F)(F)F"
981,"62361-02-8","GHVOMBWCWWGKJR-UHFFFAOYSA-N","C10H3F15O4",471.979181876,"COC(=O)C(F)(F)C(F)(F)C(F)(F)OC(F)(C(F)(F)F)C(F)(F)OC(F)=C(F)F"
982,NA,"MBDQOIDXSFHMFM-UHFFFAOYSA-N","C7H3F9O3",305.993847936,"COC(=O)C(F)(F)C(F)(F)C(F)(F)OC(F)=C(F)F"
983,NA,"ZIBMBDGKVCYGHR-UHFFFAOYSA-N","C7H3F11O3",343.990654376,"COC(=O)C(F)(F)C(F)(F)OC(F)(C(F)(F)F)C(F)(F)F"
984,"69116-73-0","JOMJXRTUQWIHQD-UHFFFAOYSA-N","C10H3F15O5",487.974096496,"COC(=O)C(F)(F)C(F)(F)OC(F)(C(F)(F)F)C(F)(F)OC(F)(C(=O)F)C(F)(F)F"
985,"63863-43-4","OVAULROCPRKKJF-UHFFFAOYSA-N","C9H3F13O4",421.982375436,"COC(=O)C(F)(F)C(F)(F)OC(F)(C(F)(F)F)C(F)(F)OC(F)=C(F)F"
986,"356-69-4","CTFPDAPIMZVSSO-UHFFFAOYSA-N","C5H3F7O3",243.997041496,"COC(=O)C(F)(F)C(F)(F)OC(F)(F)F"
987,NA,"VOKIUIIBMBYXNU-UHFFFAOYSA-N","C8H4F12O4",391.991797248,"COC(=O)C(F)(F)C(F)OC(F)(F)C(F)(F)C(F)(F)OC(F)(F)F"
988,NA,"FBGFUFLXPSSLND-UHFFFAOYSA-N","C9H3F15O4",459.979181876,"COC(=O)C(F)(F)OC(F)(F)C(F)(F)OC(F)(F)C(F)(F)C(F)(F)C(F)(F)F"
989,NA,"FMEDKXCQTKWGKE-UHFFFAOYSA-N","C11H3F19O5",575.967709376,"COC(=O)C(F)(F)OC(F)(F)C(F)(F)OC(F)(F)C(F)(F)OC(F)(F)C(F)(F)C(F)(F)C(F)(F)F"
990,NA,"USFGKFMVGHXGNG-UHFFFAOYSA-N","C8H3F13O5",425.977290056,"COC(=O)C(F)(F)OC(F)(F)C(F)(F)OC(F)(F)C(F)(F)OC(F)(F)F"
991,NA,"NDRNDAZKCQFBST-UHFFFAOYSA-N","C6H3F9O4",309.988762556,"COC(=O)C(F)(F)OC(F)(F)C(F)(F)OC(F)(F)F"
992,NA,"WROKQQSASYUOAS-UHFFFAOYSA-N","C9H3F15O3",443.984267256,"COC(=O)C(F)(OC(F)(F)C(F)(F)C(F)(F)C(F)(F)C(F)(F)F)C(F)(F)F"
993,"13140-34-6","DSKGYKJXZRFRDP-UHFFFAOYSA-N","C7H3F11O3",343.990654376,"COC(=O)C(F)(OC(F)(F)C(F)(F)C(F)(F)F)C(F)(F)F"
994,NA,"SUJXGMJJNALKPI-UHFFFAOYSA-N","C6H3F9O3",293.993847936,"COC(=O)C(F)(OC(F)(F)C(F)(F)F)C(F)(F)F"
995,"26131-32-8","UMADKHFVSXRTGY-UHFFFAOYSA-N","C10H3F17O4",509.975988316,"COC(=O)C(F)(OC(F)(F)C(F)(OC(F)(F)C(F)(F)C(F)(F)F)C(F)(F)F)C(F)(F)F"
996,"39187-47-8","POFXNOHVAKKASZ-UHFFFAOYSA-N","C13H3F23O5",675.961322256,"COC(=O)C(F)(OC(F)(F)C(F)(OC(F)(F)C(F)(OC(F)(F)C(F)(F)C(F)(F)F)C(F)(F)F)C(F)(F)F)C(F)(F)F"
997,NA,"XCSZRHBSQLYKOK-UHFFFAOYSA-N","C16H3F29O6",841.946656196,"COC(=O)C(F)(OC(F)(F)C(F)(OC(F)(F)C(F)(OC(F)(F)C(F)(OC(F)(F)C(F)(F)C(F)(F)F)C(F)(F)F)C(F)(F)F)C(F)(F)F)C(F)(F)F"
998,NA,"NAACZQXGLFTQLX-UHFFFAOYSA-N","C19H3F35O7",1007.931990136,"COC(=O)C(F)(OC(F)(F)C(F)(OC(F)(F)C(F)(OC(F)(F)C(F)(OC(F)(F)C(F)(OC(F)(F)C(F)(F)C(F)(F)F)C(F)(F)F)C(F)(F)F)C(F)(F)F)C(F)(F)F)C(F)(F)F"
999,NA,"BMZXVEHIABGCAD-UHFFFAOYSA-N","C7H3F9O2",289.998933316,"COC(=O)C(F)=C(F)C(F)(F)C(F)(F)C(F)(F)F"
1000,NA,"RZGXSYUEDNRGNQ-UHFFFAOYSA-N","C7H5F7O2",254.01777694,"COC(=O)C=CC(F)(F)C(F)(F)C(F)(F)F"
1001,NA,"WFLNHNOSXCKCKN-UHFFFAOYSA-N","C12H9F7O3",334.043991688,"COC(=O)c1c(OC)cccc1C(F)(F)C(F)(F)C(F)(F)F"
1002,NA,"SLFFYWPTBAEHFV-UHFFFAOYSA-N","C13H9F9O6S",463.997612988,"COC(=O)c1c(OC)cccc1OS(=O)(=O)C(F)(F)C(F)(F)C(F)(F)C(F)(F)F"
1003,NA,"CCESBRAIMMCXET-UHFFFAOYSA-N","C16H7F17O2",554.017459204,"COC(=O)c1cccc(C(F)(F)C(F)(F)C(F)(F)C(F)(F)C(F)(F)C(F)(F)C(F)(F)C(F)(F)F)c1"
1004,NA,"BFVQLFHMZSYKON-UHFFFAOYSA-N","C23H8F30O8",981.974013816,"COC(=O)c1cc(OC(F)(F)C(F)OC(F)(F)C(F)(F)C(F)(F)F)c(OC(F)(F)C(F)OC(F)(F)C(F)(F)C(F)(F)F)c(OC(F)(F)C(F)OC(F)(F)C(F)(F)C(F)(F)F)c1"
1005,NA,"UHKOUSSBPLTBCB-UHFFFAOYSA-N","C11H7F7O2",304.033427004,"COC(=O)c1ccc(C(F)(C(F)(F)F)C(F)(F)F)cc1"
1006,NA,"UOZJBVUVOFTXGP-UHFFFAOYSA-N","C16H7F17O2",554.017459204,"COC(=O)c1ccc(C(F)(F)C(F)(F)C(F)(F)C(F)(F)C(F)(F)C(F)(F)C(F)(F)C(F)(F)F)cc1"
1007,NA,"ZUSDKSMEHFUOHV-UHFFFAOYSA-N","C12H7F9O2",354.030233444,"COC(=O)c1ccc(C(F)(F)C(F)(F)C(F)(F)C(F)(F)F)cc1"
1008,NA,"ZSBRRCNOXMTUAA-UHFFFAOYSA-N","C11H7F7O2",304.033427004,"COC(=O)c1ccc(C(F)(F)C(F)(F)C(F)(F)F)cc1"
1009,NA,"ZQIQNJHMQQDDOD-UHFFFAOYSA-N","C12H5Cl2F9O5S",501.9091036,"COC(=O)c1ccc(Cl)c(OS(=O)(=O)C(F)(F)C(F)(F)C(F)(F)C(F)(F)F)c1Cl"
1010,NA,"KSZFPYHYSBXOPG-UHFFFAOYSA-N","C9H5F7O3",294.01269156,"COC(=O)c1ccc(C(F)(F)C(F)(F)C(F)(F)F)o1"
1011,NA,"IQHBQABYZVSJRR-UHFFFAOYSA-N","C17H7F17O3",582.012373824,"COC(=O)c1ccc(OC(=C(C(F)(C(F)(F)F)C(F)(F)F)C(F)(C(F)(F)F)C(F)(F)F)C(F)(F)F)cc1"
1012,NA,"QMBKVVQPTHZMIX-UHFFFAOYSA-N","C15H13F15O2",510.067602956,"COC(=O)C1CCC(C(F)(F)C(F)(F)C(F)(F)C(F)(F)C(F)(F)C(F)(F)C(F)(F)F)CC1"
1013,NA,"ZCZKRXXSTCAKRS-UHFFFAOYSA-N","C14H13F13O2",460.070796516,"COC(=O)C1CCC(C(F)(F)C(F)(F)C(F)(F)C(F)(F)C(F)(F)C(F)(F)F)CC1"
1014,NA,"HAROAHMBILCWPT-UHFFFAOYSA-N","C13H13F11O2",410.073990076,"COC(=O)C1CCC(C(F)(F)C(F)(F)C(F)(F)C(F)(F)C(F)(F)F)CC1"
1015,NA,"KBFOWDPRJADBCX-UHFFFAOYSA-N","C12H13F9O2",360.077183636,"COC(=O)C1CCC(C(F)(F)C(F)(F)C(F)(F)C(F)(F)F)CC1"
1016,NA,"LKZOECDHHWXNEC-UHFFFAOYSA-N","C7H6F7NO2",269.028675972,"COC(=O)CC(=N)C(F)(F)C(F)(F)C(F)(F)F"
1017,NA,"DYOGLAIQTPPUBH-UHFFFAOYSA-N","C8H5F9O3",320.009498,"COC(=O)CC(=O)C(F)(F)C(F)(F)C(F)(F)C(F)(F)F"
1018,NA,"GEBZHSIYCXKYAO-UHFFFAOYSA-N","C7H5F7O3",270.01269156,"COC(=O)CC(=O)C(F)(F)C(F)(F)C(F)(F)F"
1019,NA,"IFAMVJAXTIDDSN-UHFFFAOYSA-N","C7H7F7O4",288.023256244,"COC(=O)CC(O)(O)C(F)(F)C(F)(F)C(F)(F)F"
1020,NA,"CQWOJQNNKNQDJW-UHFFFAOYSA-N","C10H7F11O3",384.021954504,"COC(=O)CCC(=O)C(F)(F)C(F)(F)C(F)(F)C(F)(F)C(F)(F)F"
1021,NA,"CZMPFGNWUIUUEE-UHFFFAOYSA-N","C12H7F17O2",506.017459204,"COC(=O)CCC(F)(F)C(F)(F)C(F)(F)C(F)(F)C(F)(F)C(F)(F)C(F)(F)C(F)(F)F"
1022,NA,"RJTDDBAPCSPXHO-UHFFFAOYSA-N","C10H7F13O2",406.023846324,"COC(=O)CCC(F)(F)C(F)(F)C(F)(F)C(F)(F)C(F)(F)C(F)(F)F"
1023,NA,"XNPUIKGMNMTLOL-UHFFFAOYSA-N","C8H7F9O2",306.030233444,"COC(=O)CCC(F)(F)C(F)(F)C(F)(F)C(F)(F)F"
1024,NA,"OUGVLAVHRNOQEV-UHFFFAOYSA-N","C7H7F7O2",256.033427004,"COC(=O)CCC(F)(F)C(F)(F)C(F)(F)F"
1025,NA,"IPSZMIRIAURPSU-UHFFFAOYSA-N","C7H6F7NO3",285.023590592,"COC(=O)CN=C(O)C(F)(F)C(F)(F)C(F)(F)F"
1026,NA,"SQOWQAGMMNBLLE-UHFFFAOYSA-N","C13H11F7N2O4",392.060704372,"COC(O)=Nc1ccc(N=C(O)OC)c(C(F)(F)C(F)(F)C(F)(F)F)c1"
1027,NA,"RXRYHOSPFTYBRA-UHFFFAOYSA-N","C6H5F7O3",258.01269156,"COC(=O)OCC(F)(F)C(F)(F)C(F)(F)F"
1028,NA,"BYPGRUVLTPMKIS-UHFFFAOYSA-N","C10H9F13O2",408.039496388,"COC(CC(F)(F)C(F)(F)C(F)(F)C(F)(F)C(F)(F)C(F)(F)F)OC"
1029,NA,"QKAGYSDHEJITFV-UHFFFAOYSA-N","C7H3F13O",349.997631576,"COC(F)(C(F)(F)C(F)(F)F)C(F)(C(F)(F)F)C(F)(F)F"
1030,NA,"HRXXERHTOVVTQF-UHFFFAOYSA-N","C4H3F7O",200.007212256,"COC(F)(C(F)(F)F)C(F)(F)F"
1031,NA,"YWOBOCYPEYNWHE-UHFFFAOYSA-N","C7H3F11O2",327.995739756,"COC(F)(F)C(=O)C(F)(F)C(F)(F)C(F)(F)C(F)(F)F"
1032,"63919-03-9","AQHKYFLVHBIQMS-UHFFFAOYSA-N","C5H4F8O",232.013440508,"COC(F)(F)C(C(F)(F)F)C(F)(F)F"
1033,NA,"DJXNLVJQMJNEMN-UHFFFAOYSA-N","C5H3F9O",250.004018696,"COC(F)(F)C(F)(C(F)(F)F)C(F)(F)F"
1034,NA,"BRWBDEIUJSDQGV-UHFFFAOYSA-N","C7H3F13O",349.997631576,"COC(F)(F)C(F)(F)C(F)(F)C(F)(F)C(F)(F)C(F)(F)F"
1035,NA,"FBPBXYQMWDFSOE-UHFFFAOYSA-N","C6H3F11O",300.000825136,"COC(F)(F)C(F)(F)C(F)(F)C(F)(F)C(F)(F)F"
1036,"163702-07-6","OKIYQFLILPKULA-UHFFFAOYSA-N","C5H3F9O",250.004018696,"COC(F)(F)C(F)(F)C(F)(F)C(F)(F)F"
1037,NA,"NOPJRYAFUXTDLX-UHFFFAOYSA-N","C4H3F7O",200.007212256,"COC(F)(F)C(F)(F)C(F)(F)F"
1038,NA,"AXAYXKXNUQHQFZ-UHFFFAOYSA-N","C7H3F11O",312.000825136,"COC(F)=C(F)C(F)(F)C(F)(F)C(F)(F)C(F)(F)F"
1039,NA,"CXOBIGBNBLZQJA-UHFFFAOYSA-N","C5H5F7O2",230.01777694,"COC(O)C(F)(F)C(F)(F)C(F)(F)F"
1040,NA,"YRGYOFYTTFLPQM-UHFFFAOYSA-N","C11H3F19O2",527.982965516,"COC1(C(F)(C(F)(F)F)C(F)(F)F)OC(F)(C(F)(C(F)(F)F)C(F)(F)F)C(F)(F)C1(F)F"
1041,NA,"KFGDTOWBJNZWTA-UHFFFAOYSA-N","C11H9F7O",290.054162448,"COc1ccc(C)cc1C(F)(F)C(F)(F)C(F)(F)F"
1042,NA,"VLLJJJGOUHIKJE-UHFFFAOYSA-N","C14H14F7NO3",377.086190848,"COc1ccc(CCN=C(O)C(F)(F)C(F)(F)C(F)(F)F)cc1OC"
1043,NA,"AFOVRKBVJMNTSC-UHFFFAOYSA-N","C17H18F7N3O3",445.123638976,"COc1cc2c(cc1OC)C(NN=C(O)C(F)(F)C(F)(F)C(F)(F)F)=NC(C)(C)C2"
1044,NA,"BVUOXVSHTGNMRR-UHFFFAOYSA-N","C17H9F9O5",464.030627368,"COc1c2occc2c(OC)c2c(=O)cc(C(F)(F)C(F)(F)C(F)(F)C(F)(F)F)oc12"
1045,NA,"IUJJLNFUGXXBAR-UHFFFAOYSA-N","C16H9F7O5",414.033820928,"COc1c2occc2c(OC)c2c(=O)cc(C(F)(F)C(F)(F)C(F)(F)F)oc12"
1046,NA,"LYIZXAZAVJKRNW-UHFFFAOYSA-N","C17H11F9O6",482.041192052,"COc1c2c(c(OC)c3occc13)OC(O)(C(F)(F)C(F)(F)C(F)(F)C(F)(F)F)CC2=O"
1047,NA,"YOOBVPCHJTZLKY-UHFFFAOYSA-N","C16H11F7O6",432.044385612,"COc1c2c(c(OC)c3occc13)OC(O)(C(F)(F)C(F)(F)C(F)(F)F)CC2=O"
1048,NA,"IPPONQZIXNLPEX-UHFFFAOYSA-N","C15H13F7N2O3",402.081439816,"COc1cccc(C(=O)N=NC(C)CC(=O)C(F)(F)C(F)(F)C(F)(F)F)c1"
1049,NA,"JHLMTFZYXXBSEC-UHFFFAOYSA-N","C11H7F9O",326.035318824,"COc1cccc(C(F)(F)C(F)(F)C(F)(F)C(F)(F)F)c1"
1050,NA,"INCNKEPQBIGNRG-UHFFFAOYSA-N","C10H8F7NO",291.049411416,"COc1cc(C(F)(C(F)(F)F)C(F)(F)F)ccc1N"
1051,NA,"VRIWOBCDHBKITR-UHFFFAOYSA-N","C19H12F17NO5",657.044402224,"COc1cc(C=O)c([N+](=O)[O-])cc1OCCCC(F)(F)C(F)(F)C(F)(F)C(F)(F)C(F)(F)C(F)(F)C(F)(F)C(F)(F)F"
1052,NA,"QKLWGHXFCGPZDZ-UHFFFAOYSA-N","C19H14F17NO5",659.060052288,"COc1cc(CO)c([N+](=O)[O-])cc1OCCCC(F)(F)C(F)(F)C(F)(F)C(F)(F)C(F)(F)C(F)(F)C(F)(F)C(F)(F)F"
1053,NA,"RBWJBCMATQGXGQ-UHFFFAOYSA-N","C12H9F7O4",350.038906308,"COc1ccc(OC)c(OC(=O)C(F)(F)C(F)(F)C(F)(F)F)c1"
1054,NA,"BNKPDMYYQVYLGE-UHFFFAOYSA-N","C12H11F7O3",336.059641752,"COc1cc(OC)c(C(F)(F)C(F)(F)C(F)(F)F)c(OC)c1"
1055,NA,"LBMZHXLUTIBSLQ-UHFFFAOYSA-N","C11H6BrF9O",403.945830892,"COc1ccc(Br)cc1C(F)(F)C(F)(F)C(F)(F)C(F)(F)F"
1056,NA,"NAAZVBWIBHEFHC-UHFFFAOYSA-N","C13H9F7O3",346.043991688,"COc1ccc(C(=O)CC(=O)C(F)(F)C(F)(F)C(F)(F)F)cc1"
1057,NA,"BYTTZNJBGFBIDO-UHFFFAOYSA-N","C31H22ClF17O2",784.103687364,"COc1ccc(C(Cl)(c2ccc(CCC(F)(F)C(F)(F)C(F)(F)C(F)(F)C(F)(F)C(F)(F)C(F)(F)C(F)(F)F)cc2)c2ccc(OC)cc2)cc1"
1058,NA,"FSYYFUVFEYRUHN-UHFFFAOYSA-N","C30H20ClF17O",754.09312268,"COc1ccc(C(Cl)(c2ccccc2)c2ccc(CCC(F)(F)C(F)(F)C(F)(F)C(F)(F)C(F)(F)C(F)(F)C(F)(F)C(F)(F)F)cc2)cc1"
1059,NA,"ALAVCOZCLVZGKS-UHFFFAOYSA-N","C11H7F9O",326.035318824,"COc1ccc(C(F)(F)C(F)(F)C(F)(F)C(F)(F)F)cc1"
1060,NA,"IAEFNLLTMXHRGE-UHFFFAOYSA-N","C10H7F7O",276.038512384,"COc1ccc(C(F)(F)C(F)(F)C(F)(F)F)cc1"
1061,NA,"WKTBNLMPYCYJER-UHFFFAOYSA-N","C31H23F17O3",766.137574336,"COc1ccc(C(O)(c2ccc(CCC(F)(F)C(F)(F)C(F)(F)C(F)(F)C(F)(F)C(F)(F)C(F)(F)C(F)(F)F)cc2)c2ccc(OC)cc2)cc1"
1062,NA,"ISTSQSORQULSAL-UHFFFAOYSA-N","C50H52F17N4O8P",1190.325130994,"COc1ccc(C(OCC2OC(n3cc(C)c(O)nc3=O)CC2OP(OCCC#N)N(C(C)C)C(C)C)(c2ccc(CCC(F)(F)C(F)(F)C(F)(F)C(F)(F)C(F)(F)C(F)(F)C(F)(F)C(F)(F)F)cc2)c2ccc(OC)cc2)cc1"
1063,NA,"TXKZBRQFTAORHN-UHFFFAOYSA-N","C56H55F17N5O8P",1279.35168009,"COc1ccc(C(OCC2OC(n3ccc(=NC(=O)c4ccccc4)nc3O)CC2OP(OCCC#N)N(C(C)C)C(C)C)(c2ccc(CCC(F)(F)C(F)(F)C(F)(F)C(F)(F)C(F)(F)C(F)(F)C(F)(F)C(F)(F)F)cc2)c2ccc(OC)cc2)cc1"
1064,NA,"VTRKCHXDEIVAGQ-UHFFFAOYSA-N","C54H57F17N7O8P",1285.373478154,"COc1ccc(C(OCC2OC(n3cnc4c(O)nc(N=C(O)C(C)C)nc43)CC2OP(OCCC#N)N(C(C)C)C(C)C)(c2ccc(CCC(F)(F)C(F)(F)C(F)(F)C(F)(F)C(F)(F)C(F)(F)C(F)(F)C(F)(F)F)cc2)c2ccc(OC)cc2)cc1"
1065,NA,"NOGHXMRZDNHCTE-UHFFFAOYSA-N","C53H55F17N7O7P",1255.36291347,"COc1ccc(C(OCC2OC(n3cnc4c(O)nc(N=C(O)C(C)C)nc43)CC2OP(OCCC#N)N(C(C)C)C(C)C)(c2ccccc2)c2ccc(CCC(F)(F)C(F)(F)C(F)(F)C(F)(F)C(F)(F)C(F)(F)C(F)(F)C(F)(F)F)cc2)cc1"
1066,NA,"FHVSJLCABUCZMI-UHFFFAOYSA-N","C17H14F13NO4S",575.043595788,"COc1ccc(C2CN(C)OC2S(=O)(=O)C(F)(F)C(F)(F)C(F)(F)C(F)(F)C(F)(F)C(F)(F)F)cc1"
1067,NA,"UXRKKLGONWLJCQ-UHFFFAOYSA-N","C12H9F7O3",334.043991688,"COc1ccc(COC(=O)C(F)(F)C(F)(F)C(F)(F)F)cc1"
1068,NA,"DQIJQQYCIDPTKA-UHFFFAOYSA-N","C12H9ClF7NO",351.026089128,"COc1ccc(N=C(Cl)C(F)(F)C(F)(F)C(F)(F)F)c(C)c1"
1069,NA,"ZSKDAYLWELBABO-UHFFFAOYSA-N","C12H8BrClF7NO",428.936601196,"COc1ccc(N=C(Cl)C(F)(F)C(F)(F)C(F)(F)F)c(CBr)c1"
1070,NA,"DSPWNJWBOWPKLF-UHFFFAOYSA-N","C15H8F15NO2",519.031551796,"COc1ccc(NC(=O)C(F)(F)C(F)(F)C(F)(F)C(F)(F)C(F)(F)C(F)(F)C(F)(F)F)cc1"
1071,NA,"SHNODLVFILNWJR-UHFFFAOYSA-N","C11H7F7N2O4",364.029404244,"COc1ccc(N=C(O)C(F)(F)C(F)(F)C(F)(F)F)c([N+](=O)[O-])c1"
1072,NA,"DQKFVVPVNVSDOM-UHFFFAOYSA-N","C11H8F7NO2",319.044326036,"COc1ccc(NC(=O)C(F)(F)C(F)(F)C(F)(F)F)cc1"
1073,NA,"LZEJFINVPVDRLW-UHFFFAOYSA-N","C11H9F7O2",306.049077068,"COc1ccc(OC)c(C(F)(F)C(F)(F)C(F)(F)F)c1"
1074,NA,"NPAMPMCSCRUCAB-UHFFFAOYSA-N","C11H6ClF9O4S",439.953161332,"COc1ccc(OS(=O)(=O)C(F)(F)C(F)(F)C(F)(F)C(F)(F)F)c(Cl)c1"
1075,NA,"ALGOLQFPMNZMNC-UHFFFAOYSA-N","C14H8F13NO2",469.034745356,"COc1cccc(N=C(O)C(F)(F)C(F)(F)C(F)(F)C(F)(F)C(F)(F)C(F)(F)F)c1"
1076,NA,"RQKFJVQTGLVHSH-UHFFFAOYSA-N","C11H8F7NO2",319.044326036,"COc1cccc(N=C(O)C(F)(F)C(F)(F)C(F)(F)F)c1"
1077,NA,"LDDFFTABVBIVFM-UHFFFAOYSA-N","C11H7F9O",326.035318824,"COc1ccccc1C(F)(F)C(F)(F)C(F)(F)C(F)(F)F"
1078,NA,"ASWZKBOTOHYLHW-UHFFFAOYSA-N","C12H8F7NO",315.049411416,"COc1ccc2[nH]c(C(F)(F)C(F)(F)C(F)(F)F)cc2c1"
1079,NA,"QONUGHHHTUJULH-UHFFFAOYSA-N","C14H8F9NO4S",457.003032716,"COc1ccc2nccc(OS(=O)(=O)C(F)(F)C(F)(F)C(F)(F)C(F)(F)F)c2c1"
1080,NA,"RRBUNXWAKOHOQD-UHFFFAOYSA-N","C9H3F10NO",331.005495916,"COc1nc(F)c(F)c(C(F)(C(F)(F)F)C(F)(F)F)c1F"
1081,NA,"GEWCUVLRHIXPLH-UHFFFAOYSA-N","C10H7F9N2O2",358.036381444,"COc1ncc(C(F)(F)C(F)(F)C(F)(F)C(F)(F)F)c(OC)n1"
1082,NA,"BVTBRNKSLKEXBL-UHFFFAOYSA-N","C7H6F7N3O",281.039909352,"COc1nc(C(F)(F)C(F)(F)C(F)(F)F)n(C)n1"
1083,NA,"ZUBVOEGCTVLBQN-UHFFFAOYSA-N","C5H5F7O",214.02286232,"COCC(F)(F)C(F)(F)C(F)(F)F"
1084,NA,"RLTXKMUREFPOAZ-UHFFFAOYSA-N","C7H6F8O",258.029090572,"COCC=C(F)C(F)(F)C(F)(F)C(F)(F)F"
1085,NA,"HEHHZSJJWMGGNV-UHFFFAOYSA-N","C12H14F13NO4S",515.043595788,"COCCN(CCOC)S(=O)(=O)C(F)(F)C(F)(F)C(F)(F)C(F)(F)C(F)(F)C(F)(F)F"
1086,NA,"HDBRXVSINCDTJD-UHFFFAOYSA-N","C10H14F9NO4S",415.049982908,"COCCN(CCOC)S(=O)(=O)C(F)(F)C(F)(F)C(F)(F)C(F)(F)F"
1087,NA,"XTVQLRCYVUMCLK-UHFFFAOYSA-N","C7H8F7NO2",271.044326036,"COCCN=C(O)C(F)(F)C(F)(F)C(F)(F)F"
1088,NA,"QADFBNKJQJPIGV-UHFFFAOYSA-N","C9H7F11O4",388.016869124,"COCCOC(=O)C(F)(OC(F)(F)C(F)(F)C(F)(F)F)C(F)(F)F"
1089,NA,"AJMIZAKQWZPWEH-UHFFFAOYSA-N","C24H31F17O8",770.174747692,"COCCOCCOCCOCCOCCOCCOCCOC(=C(C(F)(C(F)(F)F)C(F)(F)F)C(F)(C(F)(F)F)C(F)(F)F)C(F)(F)F"
1090,NA,"XTGCLCQOUPEKCR-UHFFFAOYSA-N","C31H45F19O11",954.26584844,"COCCOCCOCCOCCOCCOCCOCCOCCOCCOCC(O)CC(F)(F)C(F)(F)C(F)(F)C(F)(F)C(F)(F)C(F)(F)C(F)(C(F)(F)F)C(F)(F)F"
1091,NA,"MCTLLDFQQNTIQG-UHFFFAOYSA-N","C35H45F27O11",1154.2530742,"COCCOCCOCCOCCOCCOCCOCCOCCOCCOCC(O)CC(F)(F)C(F)(F)C(F)(F)C(F)(F)C(F)(F)C(F)(F)C(F)(F)C(F)(F)C(F)(F)C(F)(F)C(F)(C(F)(F)F)C(F)(F)F"
1092,NA,"FEEORIGTDOMEJN-UHFFFAOYSA-N","C34H45F25O11",1104.25626776,"COCCOCCOCCOCCOCCOCCOCCOCCOCCOCC(O)CC(F)(F)C(F)(F)C(F)(F)C(F)(F)C(F)(F)C(F)(F)C(F)(F)C(F)(F)C(F)(F)C(F)(F)C(F)(F)C(F)(F)F"
1093,NA,"PQQMYDRGSSPSSH-UHFFFAOYSA-N","C32H45F21O11",1004.26265488,"COCCOCCOCCOCCOCCOCCOCCOCCOCCOCC(O)CC(F)(F)C(F)(F)C(F)(F)C(F)(F)C(F)(F)C(F)(F)C(F)(F)C(F)(F)C(F)(F)C(F)(F)F"
1094,NA,"WEOGRPHIYDSCLF-UHFFFAOYSA-N","C30H45F17O11",904.269042,"COCCOCCOCCOCCOCCOCCOCCOCCOCCOCC(O)CC(F)(F)C(F)(F)C(F)(F)C(F)(F)C(F)(F)C(F)(F)C(F)(F)C(F)(F)F"
1095,NA,"UJGOERJAHVHANM-UHFFFAOYSA-N","C14H10F21O3P",656.00322343,"COP(=O)(CCC(F)(F)C(F)(F)C(F)(F)C(F)(F)C(F)(F)C(F)(F)C(F)(F)C(F)(F)C(F)(F)C(F)(F)F)OC"
1096,NA,"XEYTXSGNJOYNKO-UHFFFAOYSA-N","C12H10F17O3P",556.00961055,"COP(=O)(CCC(F)(F)C(F)(F)C(F)(F)C(F)(F)C(F)(F)C(F)(F)C(F)(F)C(F)(F)F)OC"
1097,NA,"MJRRAUCJAYEEOS-UHFFFAOYSA-N","C10H10F13O3P",456.01599767,"COP(=O)(CCC(F)(F)C(F)(F)C(F)(F)C(F)(F)C(F)(F)C(F)(F)F)OC"
1098,NA,"PYRWFCOUAZNFQC-UHFFFAOYSA-N","C7H7F7NO4P",333.000091874,"COP(=O)(OC)OC(C#N)C(F)(F)C(F)(F)C(F)(F)F"
1099,NA,"DJQMSULGPPSGHC-UHFFFAOYSA-N","C7H7F7NO4P",333.000091874,"COP(=O)(OC)OC(C#N)C(F)(F)C(F)(F)C(F)(F)F"
1100,"40630-22-6","UEVZLRBJDKYWDS-UHFFFAOYSA-N","C5H3F9O2S",297.971004316,"CS(=O)(=O)C(F)(F)C(F)(F)C(F)(F)C(F)(F)F"
1101,NA,"BRGXVFJOTDAMDP-UHFFFAOYSA-N","C7H5F11O3S",377.97837544,"CS(=O)(=O)OCC(F)(F)C(F)(F)C(F)(F)C(F)(F)C(F)(F)F"
1102,NA,"BIAQIBMKUAWVNN-UHFFFAOYSA-N","C5H5F7O3S",277.98476256,"CS(=O)(=O)OCC(F)(F)C(F)(F)C(F)(F)F"
1103,NA,"FYYKNAPCRXPWEY-UHFFFAOYSA-N","C9H7F13O3S",441.990831944,"CS(=O)(=O)OCCC(F)(F)C(F)(F)C(F)(F)C(F)(F)C(F)(F)C(F)(F)F"
1104,NA,"WJDLEZALBASYOV-UHFFFAOYSA-N","C7H7F9OS",310.007389824,"CS(=O)CCC(F)(F)C(F)(F)C(F)(F)C(F)(F)F"
1105,NA,"BWHCIIWTBRIJMZ-UHFFFAOYSA-N","C12H9F7O2S",350.021148068,"CSc1c(C(F)(C(F)(F)F)C(F)(F)F)ccc(C(=O)O)c1C"
1106,NA,"MCRGIZNXLJZDQW-UHFFFAOYSA-N","C8F15I",507.8805213,"FI(F)C#CC(F)(F)C(F)(F)C(F)(F)C(F)(F)C(F)(F)C(F)(F)F"
1107,NA,"YUWXSBNSEVVXFG-UHFFFAOYSA-N","C9F18",449.97125796,"FC(=C(C(F)(C(F)(F)F)C(F)(F)F)C(F)(C(F)(F)F)C(F)(F)F)C(F)(F)F"
1108,NA,"WUOLIJJSAIZFOF-UHFFFAOYSA-N","C8F16",399.97445152,"FC(=C(C(F)(F)C(F)(F)F)C(F)(C(F)(F)F)C(F)(F)F)C(F)(F)F"
1109,NA,"LSSVYTAUPWOSRM-UHFFFAOYSA-N","C9F18",449.97125796,"FC(=C(C(F)(F)F)C(F)(C(F)(F)F)C(F)(F)F)C(F)(C(F)(F)F)C(F)(F)F"
1110,"1584-03-8","FAEGGADNHFKDQX-UHFFFAOYSA-N","C6F12",299.98083864,"FC(=C(C(F)(F)F)C(F)(F)F)C(F)(F)C(F)(F)F"
1111,NA,"OMUNRUKWZBLGRN-UHFFFAOYSA-N","C8H5F9",272.02475414,"C=CCC(=C(F)C(F)(F)C(F)(F)F)C(F)(F)F"
1112,NA,"AVAVXFBRAQABKB-UHFFFAOYSA-N","C14F26",661.95848372,"FC(=C(F)C(C(F)(F)F)(C(F)(F)F)C(F)(F)F)C(F)(F)C(F)(F)C(F)=C(F)C(C(F)(F)F)(C(F)(F)F)C(F)(F)F"
1113,NA,"LHQQPWDNJJTKPI-UHFFFAOYSA-N","C9F16O",427.96936614,"O=C(C(F)=C(F)C(F)(C(F)(F)F)C(F)(F)F)C(F)(C(F)(F)F)C(F)(F)F"
1114,NA,"OGUAMXMVIRXTMU-UHFFFAOYSA-N","C8F14O",377.9725597,"O=C(C(F)=C(F)C(F)(C(F)(F)F)C(F)(F)F)C(F)(F)C(F)(F)F"
1115,NA,"SAPOZTRFWJZUFT-UHFFFAOYSA-N","C6F12",299.98083864,"FC(=C(F)C(F)(C(F)(F)F)C(F)(F)F)C(F)(F)F"
1116,NA,"BJZGOHYMGKSXBU-UHFFFAOYSA-N","C6F11I",407.88690842,"FC(=C(F)C(F)(C(F)(F)F)C(F)(F)F)C(F)(F)I"
1117,NA,"RGBFMLVTZCWFSL-UHFFFAOYSA-N","C8F16",399.97445152,"FC(=C(F)C(F)(F)C(F)(F)C(F)(F)C(F)(F)C(F)(F)F)C(F)(F)F"
1118,NA,"UGHJWZHBCXGSAY-UHFFFAOYSA-N","C7F14",349.97764508,"FC(=C(F)C(F)(F)C(F)(F)C(F)(F)C(F)(F)F)C(F)(F)F"
1119,NA,"UAEWLONMSWUOCA-UHFFFAOYSA-N","C7F14",349.97764508,"FC(=C(F)C(F)(F)C(F)(F)C(F)(F)F)C(F)(F)C(F)(F)F"
1120,NA,"JBDBBTPNNYKSQX-UHFFFAOYSA-N","C6F12",299.98083864,"FC(=C(F)C(F)(F)C(F)(F)C(F)(F)F)C(F)(F)F"
1121,NA,"VVMQLAKDFBLCHB-UHFFFAOYSA-N","C5F10",249.9840322,"FC(=C(F)C(F)(F)C(F)(F)F)C(F)(F)F"
1122,NA,"WSJULBMCKQTTIG-UHFFFAOYSA-N","C4F8",199.98722576,"FC(=C(F)C(F)(F)F)C(F)(F)F"
1123,NA,"BQXQIBUMNFGIII-UHFFFAOYSA-N","C9H4F12O3",387.996882628,"C=C(F)C(=O)OCC(F)(OC(F)(F)C(F)(F)C(F)(F)F)C(F)(F)F"
1124,NA,"MYWZAYNXSFHVGM-UHFFFAOYSA-N","C13H6F18O2",536.008037392,"C=C(F)C(=O)OCCC(F)(F)C(F)(F)C(F)(F)C(F)(F)C(F)(F)C(F)(F)C(F)(F)C(F)(F)F"
1125,NA,"IMFRQXJTPNCKAO-UHFFFAOYSA-N","C7HF13",331.987066892,"FC(=CC(F)(F)C(F)(F)C(F)(F)F)C(F)(F)C(F)(F)F"
1126,NA,"NUPKTKVGELCXPF-UHFFFAOYSA-N","C9H4F12",340.012138768,"C=CC=C(F)C(F)(F)C(F)(F)C(F)(F)C(F)(F)C(F)(F)F"
1127,NA,"CUXBFMXZUCCELK-UHFFFAOYSA-N","C12H2F20O",541.978629084,"O=CC=C(F)C(F)(F)C(F)(F)C(F)(F)C(F)(F)C(F)(F)C(F)(F)C(F)(F)C(F)(F)C(F)(F)F"
1128,NA,"LQERGGUGOIACQD-UHFFFAOYSA-N","C10H2F16O",441.985016204,"O=CC=C(F)C(F)(F)C(F)(F)C(F)(F)C(F)(F)C(F)(F)C(F)(F)C(F)(F)F"
1129,NA,"IRFCYNBOXLFPAS-UHFFFAOYSA-N","C8H2F12O",341.991403324,"O=CC=C(F)C(F)(F)C(F)(F)C(F)(F)C(F)(F)C(F)(F)F"
1130,NA,"RPCHUJWKTVLPOH-UHFFFAOYSA-N","C14H3F25",645.983555596,"FC(=CCC(F)(F)C(F)(F)C(F)(F)C(F)(F)F)C(F)(F)C(F)(F)C(F)(F)C(F)(F)C(F)(F)C(F)(F)C(F)(F)F"
1131,NA,"IGVITSLVCFQODG-UHFFFAOYSA-N","C8H3F13",346.002716956,"FC(=CCC(F)(F)C(F)(F)F)C(F)(F)C(F)(F)C(F)(F)F"
1132,NA,"DVQXCHAOWHNHSQ-UHFFFAOYSA-N","C8F17N",432.97592874,"FC(=NC(F)(F)C(F)(F)C(F)(F)C(F)(F)F)C(F)(F)C(F)(F)C(F)(F)F"
1133,"18017-31-7","JQXGQDNUXYODIT-UHFFFAOYSA-N","C7F14O",365.9725597,"O=C(F)C(F)(F)C(F)(F)C(F)(F)C(F)(C(F)(F)F)C(F)(F)F"
1134,"15742-62-8","MTWYDIQAJFAPGH-UHFFFAOYSA-N","C9F18O",465.96617258,"O=C(F)C(F)(F)C(F)(F)C(F)(F)C(F)(F)C(F)(F)C(F)(C(F)(F)F)C(F)(F)F"
1135,"15720-98-6","YEONIHINJPEQCM-UHFFFAOYSA-N","C11F22O",565.95978546,"O=C(F)C(F)(F)C(F)(F)C(F)(F)C(F)(F)C(F)(F)C(F)(F)C(F)(F)C(F)(C(F)(F)F)C(F)(F)F"
1136,"15811-52-6","KRIKPLSQWRBSRS-UHFFFAOYSA-N","C13F26O",665.95339834,"O=C(F)C(F)(F)C(F)(F)C(F)(F)C(F)(F)C(F)(F)C(F)(F)C(F)(F)C(F)(F)C(F)(F)C(F)(C(F)(F)F)C(F)(F)F"
1137,"68025-62-7","ULTHBMBLJPAOJW-UHFFFAOYSA-N","C15F30O",765.94701122,"O=C(F)C(F)(F)C(F)(F)C(F)(F)C(F)(F)C(F)(F)C(F)(F)C(F)(F)C(F)(F)C(F)(F)C(F)(F)C(F)(F)C(F)(C(F)(F)F)C(F)(F)F"
1138,NA,"ILEPULLEPPEBPZ-UHFFFAOYSA-N","C16F32O",815.94381766,"O=C(F)C(F)(F)C(F)(F)C(F)(F)C(F)(F)C(F)(F)C(F)(F)C(F)(F)C(F)(F)C(F)(F)C(F)(F)C(F)(F)C(F)(F)C(F)(F)C(F)(F)C(F)(F)F"
1139,NA,"OLVCKTXXONYSKV-UHFFFAOYSA-N","C9F18O",465.96617258,"O=C(F)C(F)(F)C(F)(F)C(F)(F)C(F)(F)C(F)(F)C(F)(F)C(F)(F)C(F)(F)F"
1140,"335-66-0","ZILWJLIFAGWGLE-UHFFFAOYSA-N","C8F16O",415.96936614,"O=C(F)C(F)(F)C(F)(F)C(F)(F)C(F)(F)C(F)(F)C(F)(F)C(F)(F)F"
1141,"1894-91-3","XLIFBQWTSCGUEB-UHFFFAOYSA-N","C7F14O",365.9725597,"O=C(F)C(F)(F)C(F)(F)C(F)(F)C(F)(F)C(F)(F)C(F)(F)F"
1142,"355-38-4","XATLHBQMSOZWBO-UHFFFAOYSA-N","C6F12O",315.97575326,"O=C(F)C(F)(F)C(F)(F)C(F)(F)C(F)(F)C(F)(F)F"
1143,"37881-62-2","FDGCJTUAVVJFMB-UHFFFAOYSA-N","C6F10O2",293.97386144,"O=C(F)C(F)(F)C(F)(F)C(F)(F)C(F)(F)C(=O)F"
1144,"375-62-2","RUFSXELMOQBMOF-UHFFFAOYSA-N","C5F10O",265.97894682,"O=C(F)C(F)(F)C(F)(F)C(F)(F)C(F)(F)F"
1145,"678-78-4","XAKMJUAGVWKMOB-UHFFFAOYSA-N","C5F8O2",243.977055,"O=C(F)C(F)(F)C(F)(F)C(F)(F)C(=O)F"
1146,"335-42-2","YYXWJNBPHDUWJP-UHFFFAOYSA-N","C4F8O",215.98214038,"O=C(F)C(F)(F)C(F)(F)C(F)(F)F"
1147,"425-38-7","ZAKJNULOUJTZMO-UHFFFAOYSA-N","C4F8O2",231.977055,"O=C(F)C(F)(F)C(F)(F)OC(F)(F)F"
1148,NA,"JKKXNKBRXVZRAQ-UHFFFAOYSA-N","C8F16O3",447.95919538,"O=C(F)C(F)(F)OC(F)(F)C(F)(F)OC(F)(F)C(F)(F)C(F)(F)C(F)(F)F"
1149,"112820-37-8","ZFUIXYCDZABZDB-UHFFFAOYSA-N","C9F18O3",497.95600182,"O=C(F)C(F)(OC(F)(C(F)(F)F)C(F)(F)OC(F)(F)C(F)(F)C(F)(F)F)C(F)(F)F"
1150,"2062-98-8","BCLQALQSEBVVAD-UHFFFAOYSA-N","C6F12O2",331.97066788,"O=C(F)C(F)(OC(F)(F)C(F)(F)C(F)(F)F)C(F)(F)F"
1151,"58194-00-6","WTOHYTBQHVZYMH-UHFFFAOYSA-N","C7F14O3",397.96238894,"O=C(F)C(F)(OC(F)(F)C(F)(F)C(F)(F)OC(F)(F)F)C(F)(F)F"
1152,NA,"UVHZTXUBKSUXED-UHFFFAOYSA-N","C5F10O2",281.97386144,"O=C(F)C(F)(OC(F)(F)C(F)(F)F)C(F)(F)F"
1153,NA,"BICFBNRRGCNLMX-UHFFFAOYSA-N","C8F14O4",425.95730356,"O=C(F)C(F)(OC(F)(F)C(F)(F)OC(F)(C(=O)F)C(F)(F)F)C(F)(F)F"
1154,NA,"MULWMWPAUVOGLW-UHFFFAOYSA-N","C5ClF9O4S",361.90621114,"O=C(F)C(F)(OC(F)(F)C(F)(F)S(=O)(=O)F)C(F)(F)Cl"
1155,"4089-57-0","JJMSFRPBSYTEIN-UHFFFAOYSA-N","C5F10O4S",345.93576168,"O=C(F)C(F)(OC(F)(F)C(F)(F)S(=O)(=O)F)C(F)(F)F"
1156,"2641-34-1","YSIGVPOSKQLNTO-UHFFFAOYSA-N","C9F18O3",497.95600182,"O=C(F)C(F)(OC(F)(F)C(F)(OC(F)(F)C(F)(F)C(F)(F)F)C(F)(F)F)C(F)(F)F"
1157,"4089-58-1","KKFBQYPRBYZJNU-UHFFFAOYSA-N","C8F16O5S",511.92109562,"O=C(F)C(F)(OC(F)(F)C(F)(OC(F)(F)C(F)(F)S(=O)(=O)F)C(F)(F)F)C(F)(F)F"
1158,"27639-98-1","IIYQDKPSLAINNX-UHFFFAOYSA-N","C12F24O4",663.94133576,"O=C(F)C(F)(OC(F)(F)C(F)(OC(F)(F)C(F)(OC(F)(F)C(F)(F)C(F)(F)F)C(F)(F)F)C(F)(F)F)C(F)(F)F"
1159,"34761-47-2","QDHLRGOEEBWEIB-UHFFFAOYSA-N","C15F30O5",829.9266697,"O=C(F)C(F)(OC(F)(F)C(F)(OC(F)(F)C(F)(OC(F)(F)C(F)(OC(F)(F)C(F)(F)C(F)(F)F)C(F)(F)F)C(F)(F)F)C(F)(F)F)C(F)(F)F"
1160,"13252-15-8","VOAMXAGBQIGIEI-UHFFFAOYSA-N","C18F36O6",995.91200364,"O=C(F)C(F)(OC(F)(F)C(F)(OC(F)(F)C(F)(OC(F)(F)C(F)(OC(F)(F)C(F)(OC(F)(F)C(F)(F)C(F)(F)F)C(F)(F)F)C(F)(F)F)C(F)(F)F)C(F)(F)F)C(F)(F)F"
1161,NA,"WWLDXJJOBWJDPA-UHFFFAOYSA-N","C21F42O7",1161.89733758,"O=C(F)C(F)(OC(F)(F)C(F)(OC(F)(F)C(F)(OC(F)(F)C(F)(OC(F)(F)C(F)(OC(F)(F)C(F)(OC(F)(F)C(F)(F)C(F)(F)F)C(F)(F)F)C(F)(F)F)C(F)(F)F)C(F)(F)F)C(F)(F)F)C(F)(F)F"
1162,NA,"GYBQTMUKFVWQKV-UHFFFAOYSA-N","C24F48O8",1327.88267152,"O=C(F)C(F)(OC(F)(F)C(F)(OC(F)(F)C(F)(OC(F)(F)C(F)(OC(F)(F)C(F)(OC(F)(F)C(F)(OC(F)(F)C(F)(OC(F)(F)C(F)(F)C(F)(F)F)C(F)(F)F)C(F)(F)F)C(F)(F)F)C(F)(F)F)C(F)(F)F)C(F)(F)F)C(F)(F)F"
1163,NA,"CCQXLJSVUNLMMK-UHFFFAOYSA-N","C27F54O9",1493.86800546,"O=C(F)C(F)(OC(F)(F)C(F)(OC(F)(F)C(F)(OC(F)(F)C(F)(OC(F)(F)C(F)(OC(F)(F)C(F)(OC(F)(F)C(F)(OC(F)(F)C(F)(OC(F)(F)C(F)(F)C(F)(F)F)C(F)(F)F)C(F)(F)F)C(F)(F)F)C(F)(F)F)C(F)(F)F)C(F)(F)F)C(F)(F)F)C(F)(F)F"
1164,"65150-88-1","JAKFVMIZGKDDLJ-UHFFFAOYSA-N","C30F60O10",1659.8533394,"O=C(F)C(F)(OC(F)(F)C(F)(OC(F)(F)C(F)(OC(F)(F)C(F)(OC(F)(F)C(F)(OC(F)(F)C(F)(OC(F)(F)C(F)(OC(F)(F)C(F)(OC(F)(F)C(F)(OC(F)(F)C(F)(F)C(F)(F)F)C(F)(F)F)C(F)(F)F)C(F)(F)F)C(F)(F)F)C(F)(F)F)C(F)(F)F)C(F)(F)F)C(F)(F)F)C(F)(F)F"
1165,"25711-77-7","BTMPGBKXGNLFBU-UHFFFAOYSA-N","C12F16O3",495.95919538,"O=C(F)C(F)(OC(F)(F)C(F)(Oc1c(F)c(F)c(F)c(F)c1F)C(F)(F)F)C(F)(F)F"
1166,"2927-83-5","GAKSVIQMUADMSK-UHFFFAOYSA-N","C4F8O2",231.977055,"O=C(F)C(F)(OC(F)(F)F)C(F)(F)F"
1167,NA,"ZDDYAQBRMKIGMY-UHFFFAOYSA-N","C6F10O",277.97894682,"O=C(F)C(F)=C(F)C(F)(C(F)(F)F)C(F)(F)F"
1168,NA,"RNEZGUURLCNROK-UHFFFAOYSA-N","C7F12O",327.97575326,"O=C(F)C1(F)C(F)(F)C(F)(F)C(F)(C(F)(F)F)C1(F)F"
1169,NA,"HDVGMDBHTBNCLT-UHFFFAOYSA-N","C7F12O",327.97575326,"O=C(F)C1(F)C(F)(F)C(F)(F)C(F)(F)C(F)(F)C1(F)F"
1170,"7345-49-5","NVLMRLQANVCTOG-UHFFFAOYSA-N","C6F8O4",287.96688424,"O=C1OC(C(=O)F)(C(F)(F)F)OC1(F)C(F)(F)F"
1171,"7385-65-1","IHZQVNJWZLTECJ-UHFFFAOYSA-N","C6F10O3",309.96877606,"O=C(F)C1(C(F)(F)F)OC(F)(F)C(F)(C(F)(F)F)O1"
1172,NA,"PYVIQEVVGYYAJJ-UHFFFAOYSA-N","C6ClF9O",293.94939628,"O=C(Cl)C(F)=C(F)C(F)(C(F)(F)F)C(F)(F)F"
1173,NA,"BSJCNKQSUUXNNN-UHFFFAOYSA-N","C6HF13",319.987066892,"FC(C(F)(F)C(F)(F)F)C(F)(F)C(F)(F)C(F)(F)F"
1174,NA,"LMVLEDTVXAGBJV-UHFFFAOYSA-N","C7H6F6O2",236.027198752,"C=CC(=O)OCC(F)(F)C(F)C(F)(F)F"
1175,NA,"DUNFVEYOBISODU-UHFFFAOYSA-N","C8H3F15O3S",463.956338256,"O=S(=O)(OCC(F)(F)C(F)C(F)(F)F)C(F)(F)C(F)(F)C(F)(F)C(F)(F)F"
1176,NA,"PWPJGUXAGUPAHP-UHFFFAOYSA-N","C17H8Cl2F8N2O3",509.978423236,"O=C(N=C(O)c1c(F)cccc1F)Nc1cc(Cl)c(OC(F)(F)C(F)C(F)(F)F)cc1Cl"
1177,NA,"ITRARIZTIUSJFX-UHFFFAOYSA-N","C7H3F13O",349.997631576,"FC(C(F)(F)F)C(F)(F)OCC(F)(F)C(F)(F)C(F)(F)F"
1178,"59158-81-5","ADXLBHULARLUSE-UHFFFAOYSA-N","C6H6F6O",208.032284132,"C=CCOC(F)(F)C(F)C(F)(F)F"
1179,"85720-78-1","JTAGPVKELVRAHG-UHFFFAOYSA-N","C6H2F12",301.996488704,"FC(C(F)C(F)(C(F)(F)F)C(F)(F)F)C(F)(F)F"
1180,NA,"RWWUGYJWSVESJC-UHFFFAOYSA-N","C4Br2F8",357.82389996,"FC(F)(Br)C(F)(F)C(F)(F)C(F)(F)Br"
1181,NA,"SWAPKQWKFYIOJS-UHFFFAOYSA-N","C6Br2F12",457.81751284,"FC(F)(Br)C(F)(F)C(F)(F)C(F)(F)C(F)(F)C(F)(F)Br"
1182,"678-77-3","QOLALWJWCONGMG-UHFFFAOYSA-N","C5Cl2F6O2",275.91795392,"O=C(Cl)C(F)(F)C(F)(F)C(F)(F)C(=O)Cl"
1183,NA,"NGSYNEZFBAPQFK-UHFFFAOYSA-N","C6Cl2F8O2",325.91476036,"O=C(Cl)C(F)(F)C(F)(F)C(F)(F)C(F)(F)C(=O)Cl"
1184,NA,"IRMGTABUJBVLKA-UHFFFAOYSA-N","C14F26",661.95848372,"FC1(F)C(F)(F)C(F)(F)C(F)(C(F)(F)C(F)(F)C2(F)C(F)(F)C(F)(F)C(F)(F)C(F)(F)C2(F)F)C(F)(F)C1(F)F"
1185,NA,"JJLUWYULIBMDGF-UHFFFAOYSA-N","C12H6F16",454.021401712,"C=CC(F)(F)C(F)(F)C(F)(F)C(F)(F)C(F)(F)C(F)(F)C(F)(F)C(F)(F)C=C"
1186,"1800-91-5","PDFSXHZXNZCKNF-UHFFFAOYSA-N","C10H6F12",354.027788832,"C=CC(F)(F)C(F)(F)C(F)(F)C(F)(F)C(F)(F)C(F)(F)C=C"
1187,"678-65-9","XRSMAKAYKVRPSA-UHFFFAOYSA-N","C8H6F8",254.034175952,"C=CC(F)(F)C(F)(F)C(F)(F)C(F)(F)C=C"
1188,"125061-94-1","AKBMBNDRIIVPGZ-UHFFFAOYSA-N","C17F30",773.9520966,"FC1(F)C(F)(F)C(F)(F)C(F)(C(F)(F)C2(F)C(F)(F)C(F)(F)C(F)(F)C3(F)C(F)(F)C(F)(F)C(F)(F)C(F)(F)C32F)C(F)(F)C1(F)F"
1189,NA,"DFGLLDMCDAKADU-UHFFFAOYSA-N","C17F30",773.9520966,"FC1(F)C(F)(F)C(F)(F)C(F)(C(F)(F)C2(F)C(F)(F)C(F)(F)C3(F)C(F)(F)C(F)(F)C(F)(F)C(F)(F)C3(F)C2(F)F)C(F)(F)C1(F)F"
1190,NA,"FPHLHLVYLCQBKG-UHFFFAOYSA-N","C10H8F12I2",609.852384896,"FC(F)(CCI)C(F)(F)C(F)(F)C(F)(F)C(F)(F)C(F)(F)CCI"
1191,NA,"XIEKHWZMGUGSHG-UHFFFAOYSA-N","C12Cl6F16O4",721.76722608,"O=C(OOC(=O)C(F)(F)C(F)(Cl)C(F)(F)C(F)(Cl)C(F)(F)Cl)C(F)(F)C(F)(Cl)C(F)(F)C(F)(Cl)C(F)(F)Cl"
1192,NA,"WQZTYCMAGDYRFR-UHFFFAOYSA-N","C4Cl2F8O3S",349.88174598,"O=S(=O)(F)C(F)(F)C(F)(F)OC(F)(Cl)C(F)(F)Cl"
1193,NA,"GFQXWORJCNTDPU-UHFFFAOYSA-N","C8Cl2F16",469.91215688,"FC(F)(Cl)C(F)(F)C(F)(F)C(F)(F)C(F)(F)C(F)(F)C(F)(F)C(F)(F)Cl"
1194,NA,"UUDAHXKFALCGJQ-UHFFFAOYSA-N","C8ClF16I",561.8477772,"FC(F)(Cl)C(F)(F)C(F)(F)C(F)(F)C(F)(F)C(F)(F)C(F)(F)C(F)(F)I"
1195,NA,"UQBUBNOZWZCKIV-UHFFFAOYSA-N","C10ClF21O3S",633.89213516,"O=S(=O)(F)C(F)(F)C(F)(F)OC(F)(F)C(F)(F)C(F)(F)C(F)(F)C(F)(F)C(F)(F)C(F)(F)C(F)(F)Cl"
1196,NA,"MKLCOZPKBKKNKG-UHFFFAOYSA-N","C6ClF12I",461.85416432,"FC(F)(Cl)C(F)(F)C(F)(F)C(F)(F)C(F)(F)C(F)(F)I"
1197,"355-24-8","LGBGVSJBKFDYKH-UHFFFAOYSA-N","C4Cl2F8",269.92493112,"FC(F)(Cl)C(F)(F)C(F)(F)C(F)(F)Cl"
1198,"662-01-1","JETINLPZEWINFD-UHFFFAOYSA-N","C3Cl2F6",219.92812468,"FC(F)(Cl)C(F)(F)C(F)(F)Cl"
1199,NA,"BWTMTZBMAGYMOD-UHFFFAOYSA-N","C12H10F8O4",370.04513456,"C=CC(=O)OCC(F)(F)C(F)(F)C(F)(F)C(F)(F)COC(=O)C=C"
1200,"678-95-5","DOZNAYNLYNBXKE-UHFFFAOYSA-N","C11H10F6O4",320.04832812,"C=CC(=O)OCC(F)(F)C(F)(F)C(F)(F)COC(=O)C=C"
1201,"4798-39-4","OIGSRLUDJHIAPI-UHFFFAOYSA-N","C11H14F6O4",324.079628248,"FC(F)(COCC1CO1)C(F)(F)C(F)(F)COCC1CO1"
1202,"30320-27-5","KJIGYKCIAQBHEL-UHFFFAOYSA-N","C9F18",449.97125796,"FC(F)(F)C(=C(C(F)(F)C(F)(F)F)C(F)(C(F)(F)F)C(F)(F)F)C(F)(F)F"
1203,"94333-56-9","GSGMLVXKSLFVQP-UHFFFAOYSA-N","C11H4F16O2",471.995580888,"FC(F)(F)C(=C1C(F)(C(F)(F)F)OCCOC1(C(F)(F)F)C(F)(F)F)C(F)(F)F"
1204,NA,"ZCMKVKJEDNRBMG-UHFFFAOYSA-N","C6F12O",315.97575326,"O=C(C(F)(F)F)C(F)(C(F)(F)F)C(F)(F)C(F)(F)F"
1205,NA,"ABQIAHFCJGVSDJ-UHFFFAOYSA-N","C5F10O",265.97894682,"O=C(C(F)(F)F)C(F)(C(F)(F)F)C(F)(F)F"
1206,NA,"QXKKNVWUTKFIPI-UHFFFAOYSA-N","C6F12O",315.97575326,"O=C(C(F)(F)F)C(F)(F)C(F)(C(F)(F)F)C(F)(F)F"
1207,NA,"LQZYLEQZOOPJPB-UHFFFAOYSA-N","C14H4F16O",492.000666268,"O=C(c1ccc(C(F)(F)C(F)(F)C(F)(F)C(F)(F)C(F)(F)C(F)(F)F)cc1)C(F)(F)F"
1208,NA,"ZFNFUONJWJUELL-UHFFFAOYSA-N","C10H2F16O2",457.979930824,"O=C(CC(=O)C(F)(F)C(F)(F)C(F)(F)C(F)(F)C(F)(F)C(F)(F)F)C(F)(F)F"
1209,NA,"WNIYZRDLOGYCIO-UHFFFAOYSA-N","C8H2F12O2",357.986317944,"O=C(CC(=O)C(F)(F)C(F)(F)C(F)(F)C(F)(F)F)C(F)(F)F"
1210,NA,"SUORUQZBFOQDGX-UHFFFAOYSA-N","C7H2F10O2",307.989511504,"O=C(CC(=O)C(F)(F)C(F)(F)C(F)(F)F)C(F)(F)F"
1211,NA,"XRMVBFQAGFWDAX-UHFFFAOYSA-N","C12HF19N2O",549.978548832,"O=C(n1nc(C(F)(F)C(F)(F)C(F)(F)C(F)(F)C(F)(F)C(F)(F)F)cc1C(F)(F)F)C(F)(F)F"
1212,NA,"MTSOMQACIQLZKS-UHFFFAOYSA-N","C6H2F10O2",295.989511504,"O=C(OCC(F)(F)C(F)(F)C(F)(F)F)C(F)(F)F"
1213,NA,"PDCLKAKNADZBRL-UHFFFAOYSA-N","C6HF10NO3",324.979675092,"O=C(ON=C(O)C(F)(F)C(F)(F)C(F)(F)F)C(F)(F)F"
1214,NA,"MMHLDEGBUZDZPA-UHFFFAOYSA-N","C12H8F10",342.046632456,"FC(F)(F)C(C#CC(F)(F)C(F)(F)C(F)(F)F)=C1CCCC1"
1215,NA,"OBGZODCYKSYLOI-UHFFFAOYSA-N","C9F20",487.9680644,"FC(F)(F)C(C(F)(F)F)(C(F)(F)F)C(F)(F)C(C(F)(F)F)(C(F)(F)F)C(F)(F)F"
1216,NA,"NXGSATACKGXTHF-UHFFFAOYSA-N","C10F22",537.96487084,"FC(F)(F)C(C(F)(F)F)(C(F)(F)F)C(F)(F)C(F)(F)C(C(F)(F)F)(C(F)(F)F)C(F)(F)F"
1217,NA,"GLSWXDROFHXXOQ-UHFFFAOYSA-N","C5F12",287.98083864,"FC(F)(F)C(C(F)(F)F)(C(F)(F)F)C(F)(F)F"
1218,NA,"VLTXBOGHSBHSAC-UHFFFAOYSA-N","C10F20",499.9680644,"FC(F)(F)C(C(F)(F)F)(C(F)(F)F)C1(F)C(F)(F)C(F)(F)C(F)(F)C(F)(F)C1(F)F"
1219,NA,"BCIWNNGCWCBYOU-UHFFFAOYSA-N","C14F26",661.95848372,"FC(F)(F)C(C(F)(F)F)(C(F)(F)F)C1(F)C(F)(F)C(F)(F)C(F)(F)C2(F)C(F)(F)C(F)(F)C(F)(F)C(F)(F)C21F"
1220,NA,"MCVDPFNNIYSXKJ-UHFFFAOYSA-N","C14F26",661.95848372,"FC(F)(F)C(C(F)(F)F)(C(F)(F)F)C1(F)C(F)(F)C(F)(F)C2(F)C(F)(F)C(F)(F)C(F)(F)C(F)(F)C2(F)C1(F)F"
1221,NA,"MEJBVGIZGKKPCW-UHFFFAOYSA-N","C6HF13",319.987066892,"FC(F)(F)C(C(F)(F)F)C(F)(F)C(F)(F)C(F)(F)F"
1222,"71302-72-2","PCNHGPSESDZSRB-UHFFFAOYSA-N","C8HF15O",397.978787952,"FC(F)(F)C(C1OC(F)(F)C(F)(F)C1(F)F)(C(F)(F)F)C(F)(F)F"
1223,NA,"XVWWKXCMZXAERD-UHFFFAOYSA-N","C5HF7",193.996647572,"C#CC(F)(C(F)(F)F)C(F)(F)F"
1224,NA,"AASDJASZOZGYMM-UHFFFAOYSA-N","C4F7N",194.99189654,"N#CC(F)(C(F)(F)F)C(F)(F)F"
1225,"813-44-5","GRVMOMUDALILLH-UHFFFAOYSA-N","C7F14O",365.9725597,"O=C(C(F)(C(F)(F)F)C(F)(F)F)C(F)(C(F)(F)F)C(F)(F)F"
1226,NA,"AXAFCLDTLRJUCL-UHFFFAOYSA-N","C6F11IO",423.88182304,"O=C(C(F)(F)C(F)(F)I)C(F)(C(F)(F)F)C(F)(F)F"
1227,NA,"VHOHHHNRRRZQQP-UHFFFAOYSA-N","C10H4ClF7O",307.983889968,"O=C(c1ccc(Cl)cc1)C(F)(C(F)(F)F)C(F)(F)F"
1228,NA,"VNEGZSKUFZUCAV-UHFFFAOYSA-N","C10H5F7O",274.02286232,"O=C(c1ccccc1)C(F)(C(F)(F)F)C(F)(F)F"
1229,NA,"WMENIYMCCRGYJQ-UHFFFAOYSA-N","C11H7F7O2",304.033427004,"O=C(OCc1ccccc1)C(F)(C(F)(F)F)C(F)(F)F"
1230,NA,"XCKKKAIEPFRARY-UHFFFAOYSA-N","C8F14O4",425.95730356,"O=C(OOC(=O)C(F)(C(F)(F)F)C(F)(F)F)C(F)(C(F)(F)F)C(F)(F)F"
1231,NA,"ZWRZDAJOBBXUHV-UHFFFAOYSA-N","C5H2BrF7",273.922809704,"C=C(Br)C(F)(C(F)(F)F)C(F)(F)F"
1232,NA,"NBQYGIPVNCVJJP-UHFFFAOYSA-N","C6F14",337.97764508,"FC(F)(F)C(F)(C(F)(F)F)C(F)(C(F)(F)F)C(F)(F)F"
1233,NA,"PSVVJGAGHXHJDI-UHFFFAOYSA-N","C10F22",537.96487084,"FC(F)(F)C(F)(C(F)(F)F)C(F)(F)C(F)(C(F)(F)F)C(F)(F)C(F)(C(F)(F)F)C(F)(F)F"
1234,"3021-63-4","OBAVAMUHCSFDSY-UHFFFAOYSA-N","C10F22",537.96487084,"FC(F)(F)C(F)(C(F)(F)F)C(F)(F)C(F)(F)C(F)(F)C(F)(F)C(F)(C(F)(F)F)C(F)(F)F"
1235,NA,"QXTVEUMPQVYRDN-UHFFFAOYSA-N","C12F26",637.95848372,"FC(F)(F)C(F)(C(F)(F)F)C(F)(F)C(F)(F)C(F)(F)C(F)(F)C(F)(F)C(F)(F)C(F)(C(F)(F)F)C(F)(F)F"
1236,NA,"PCEMNVWCINQDOH-UHFFFAOYSA-N","C14F30",737.9520966,"FC(F)(F)C(F)(C(F)(F)F)C(F)(F)C(F)(F)C(F)(F)C(F)(F)C(F)(F)C(F)(F)C(F)(F)C(F)(F)C(F)(C(F)(F)F)C(F)(F)F"
1237,"54009-79-9","OKXFOOHGEWKLIY-UHFFFAOYSA-N","C20H5F35O",925.97815248,"FC(F)(F)C(F)(C(F)(F)F)C(F)(F)C(F)(F)C(F)(F)C(F)(F)C(F)(F)C(F)(F)C(F)(F)C(F)(F)C(F)(F)C(F)(F)C(F)(F)C(F)(F)C(F)(F)C(F)(F)CC1CO1"
1238,"94158-63-1","QOFPQLOFSZXYPY-UHFFFAOYSA-N","C22H7F35O2",967.988717164,"C=CC(=O)OCCC(F)(F)C(F)(F)C(F)(F)C(F)(F)C(F)(F)C(F)(F)C(F)(F)C(F)(F)C(F)(F)C(F)(F)C(F)(F)C(F)(F)C(F)(F)C(F)(F)C(F)(C(F)(F)F)C(F)(F)F"
1239,"54009-77-7","FPGGDOYJDKTVNV-UHFFFAOYSA-N","C18H5F31O",825.9845396,"FC(F)(F)C(F)(C(F)(F)F)C(F)(F)C(F)(F)C(F)(F)C(F)(F)C(F)(F)C(F)(F)C(F)(F)C(F)(F)C(F)(F)C(F)(F)C(F)(F)C(F)(F)CC1CO1"
1240,"91615-22-4","VCEPSAITQNAZCU-UHFFFAOYSA-N","C20H7F31O2",867.995104284,"C=CC(=O)OCCC(F)(F)C(F)(F)C(F)(F)C(F)(F)C(F)(F)C(F)(F)C(F)(F)C(F)(F)C(F)(F)C(F)(F)C(F)(F)C(F)(F)C(F)(C(F)(F)F)C(F)(F)F"
1241,"3248-63-3","CCRYUWIVRLYGBO-UHFFFAOYSA-N","C15F31I",895.85497282,"FC(F)(F)C(F)(C(F)(F)F)C(F)(F)C(F)(F)C(F)(F)C(F)(F)C(F)(F)C(F)(F)C(F)(F)C(F)(F)C(F)(F)C(F)(F)C(F)(F)C(F)(F)I"
1242,"54009-78-8","DIDOQTSWDGCVSY-UHFFFAOYSA-N","C16H5F27O",725.99092672,"FC(F)(F)C(F)(C(F)(F)F)C(F)(F)C(F)(F)C(F)(F)C(F)(F)C(F)(F)C(F)(F)C(F)(F)C(F)(F)C(F)(F)C(F)(F)CC1CO1"
1243,"52956-82-8","YVLOLDWQUHHGGU-UHFFFAOYSA-N","C18H7F27O2",768.001491404,"C=CC(=O)OCCC(F)(F)C(F)(F)C(F)(F)C(F)(F)C(F)(F)C(F)(F)C(F)(F)C(F)(F)C(F)(F)C(F)(F)C(F)(C(F)(F)F)C(F)(F)F"
1244,"3248-61-1","UHFPYSDLCDSLDC-UHFFFAOYSA-N","C13F27I",795.86135994,"FC(F)(F)C(F)(C(F)(F)F)C(F)(F)C(F)(F)C(F)(F)C(F)(F)C(F)(F)C(F)(F)C(F)(F)C(F)(F)C(F)(F)C(F)(F)I"
1245,"47795-34-6","VUXJDZVQYBZCFC-UHFFFAOYSA-N","C14H5F23O",625.99731384,"FC(F)(F)C(F)(C(F)(F)F)C(F)(F)C(F)(F)C(F)(F)C(F)(F)C(F)(F)C(F)(F)C(F)(F)C(F)(F)CC1CO1"
1246,NA,"HDJVNLHEEQBBJS-UHFFFAOYSA-N","C13H4F23I",723.899047188,"FC(F)(F)C(F)(C(F)(F)F)C(F)(F)C(F)(F)C(F)(F)C(F)(F)C(F)(F)C(F)(F)C(F)(F)C(F)(F)CCI"
1247,"52956-81-7","SFACOKSPHOGYDO-UHFFFAOYSA-N","C16H7F23O2",668.007878524,"C=CC(=O)OCCC(F)(F)C(F)(F)C(F)(F)C(F)(F)C(F)(F)C(F)(F)C(F)(F)C(F)(F)C(F)(C(F)(F)F)C(F)(F)F"
1248,"677-93-0","ZBAGFGHCDOIBDJ-UHFFFAOYSA-N","C11F23I",695.86774706,"FC(F)(F)C(F)(C(F)(F)F)C(F)(F)C(F)(F)C(F)(F)C(F)(F)C(F)(F)C(F)(F)C(F)(F)C(F)(F)I"
1249,"41925-33-1","ZFJPGQQBBNLQOX-UHFFFAOYSA-N","C12H5F19O",526.00370096,"FC(F)(F)C(F)(C(F)(F)F)C(F)(F)C(F)(F)C(F)(F)C(F)(F)C(F)(F)C(F)(F)CC1CO1"
1250,NA,"PMGMHQUGBLUBQV-UHFFFAOYSA-N","C11H4F19I",623.905434308,"FC(F)(F)C(F)(C(F)(F)F)C(F)(F)C(F)(F)C(F)(F)C(F)(F)C(F)(F)C(F)(F)CCI"
1251,"15577-26-1","QGIJZPXLSMRDCW-UHFFFAOYSA-N","C14H7F19O2",568.014265644,"C=CC(=O)OCCC(F)(F)C(F)(F)C(F)(F)C(F)(F)C(F)(F)C(F)(F)C(F)(C(F)(F)F)C(F)(F)F"
1252,"865-77-0","VRJGWRPPKVEMMR-UHFFFAOYSA-N","C9F19I",595.87413418,"FC(F)(F)C(F)(C(F)(F)F)C(F)(F)C(F)(F)C(F)(F)C(F)(F)C(F)(F)C(F)(F)I"
1253,NA,"NSHDLZDDSBGOKN-UHFFFAOYSA-N","C10H5F15O",426.01008808,"FC(F)(F)C(F)(C(F)(F)F)C(F)(F)C(F)(F)C(F)(F)C(F)(F)CC1CO1"
1254,NA,"TWQMZHBMFUUHQN-UHFFFAOYSA-N","C9H4F15I",523.911821428,"FC(F)(F)C(F)(C(F)(F)F)C(F)(F)C(F)(F)C(F)(F)C(F)(F)CCI"
1255,NA,"UZNPGWWLKHTVQQ-UHFFFAOYSA-N","C12H7F15O2",468.020652764,"C=CC(=O)OCCC(F)(F)C(F)(F)C(F)(F)C(F)(F)C(F)(C(F)(F)F)C(F)(F)F"
1256,"3486-08-6","OUFXTVSYOAPUKM-UHFFFAOYSA-N","C7F15I",495.8805213,"FC(F)(F)C(F)(C(F)(F)F)C(F)(F)C(F)(F)C(F)(F)C(F)(F)I"
1257,NA,"XPEYWJSDSRRHBK-UHFFFAOYSA-N","C7H3F11",296.005910516,"C=CC(F)(F)C(F)(F)C(F)(C(F)(F)F)C(F)(F)F"
1258,NA,"BKXKCZGEIQKTBI-UHFFFAOYSA-N","C8H5F11O",326.0164752,"FC(F)(F)C(F)(C(F)(F)F)C(F)(F)C(F)(F)CC1CO1"
1259,NA,"UXVXKXDSDYDRTQ-UHFFFAOYSA-N","C10H7F11O2",368.027039884,"C=CC(=O)OCCC(F)(F)C(F)(F)C(F)(C(F)(F)F)C(F)(F)F"
1260,NA,"UMPRKACBONFPEQ-UHFFFAOYSA-N","C5F11I",395.88690842,"FC(F)(F)C(F)(C(F)(F)F)C(F)(F)C(F)(F)I"
1261,NA,"ZQMSTIVEUWHCPI-UHFFFAOYSA-N","C14F26",661.95848372,"FC(F)(F)C(F)(C(F)(F)F)C(F)(F)C1(F)C(F)(F)C(F)(F)C(F)(F)C2(F)C(F)(F)C(F)(F)C(F)(F)C(F)(F)C21F"
1262,NA,"OHZUHWZEGWCNQX-UHFFFAOYSA-N","C14F26",661.95848372,"FC(F)(F)C(F)(C(F)(F)F)C(F)(F)C1(F)C(F)(F)C(F)(F)C2(F)C(F)(F)C(F)(F)C(F)(F)C(F)(F)C2(F)C1(F)F"
1263,"354-92-7","COQIQRBKEGPRSG-UHFFFAOYSA-N","C4F10",237.9840322,"FC(F)(F)C(F)(C(F)(F)F)C(F)(F)F"
1264,NA,"YXIILCMWJHESKN-UHFFFAOYSA-N","C4F9I",345.89010198,"FC(F)(F)C(F)(C(F)(F)F)C(F)(F)I"
1265,NA,"DMRUAQMVQHUQQD-UHFFFAOYSA-N","C8F18O5S2",581.88997306,"O=S(=O)(OS(=O)(=O)C(F)(F)C(F)(C(F)(F)F)C(F)(F)F)C(F)(F)C(F)(C(F)(F)F)C(F)(F)F"
1266,NA,"OXQHQHZMHCGTFY-UHFFFAOYSA-N","C9F18",449.97125796,"FC(F)(F)C(F)(C(F)(F)F)C1(F)C(F)(F)C(F)(F)C(F)(F)C(F)(F)C1(F)F"
1267,NA,"YOIHZDOLVJDWDY-UHFFFAOYSA-N","C5H3F7",196.012297636,"C=CC(F)(C(F)(F)F)C(F)(F)F"
1268,NA,"YSIHFHRTEHLZRU-UHFFFAOYSA-N","C5H2F7I",321.908945604,"FC(F)(F)C(F)(C=CI)C(F)(F)F"
1269,NA,"KRNBLOPHIZILFL-UHFFFAOYSA-N","C9H3F7N2",272.018445636,"N#Cc1ccnc(C(F)(C(F)(F)F)C(F)(F)F)c1"
1270,NA,"LORVCBHYPNKHCQ-UHFFFAOYSA-N","C9H4BrF7",323.938459768,"FC(F)(F)C(F)(c1cccc(Br)c1)C(F)(F)F"
1271,NA,"HBRUVQJOQUCHMD-UHFFFAOYSA-N","C9H2BrCl2F7",391.860515064,"FC(F)(F)C(F)(c1cc(Cl)c(Br)c(Cl)c1)C(F)(F)F"
1272,NA,"WMHKRCCSOYETGK-UHFFFAOYSA-N","C9H4BrF7",323.938459768,"FC(F)(F)C(F)(c1ccc(Br)cc1)C(F)(F)F"
1273,"51114-12-6","BPGZBMINTWQDOH-UHFFFAOYSA-N","C12H4F14",414.008945208,"FC(F)(F)C(F)(c1ccc(C(F)(C(F)(F)F)C(F)(F)F)cc1)C(F)(F)F"
1274,NA,"WYIPEGIQFRQBAA-UHFFFAOYSA-N","C10H5F7O",274.02286232,"O=Cc1ccc(C(F)(C(F)(F)F)C(F)(F)F)cc1"
1275,NA,"YVFMXVCWQRNPID-UHFFFAOYSA-N","C10H6ClF7",294.004625412,"FC(F)(F)C(F)(c1ccc(CCl)cc1)C(F)(F)F"
1276,NA,"BQLMQSIVUSOLBF-UHFFFAOYSA-N","C9H4F7I",371.924595668,"FC(F)(F)C(F)(c1ccc(I)cc1)C(F)(F)F"
1277,NA,"YJSZKBRBJZKRTE-UHFFFAOYSA-N","C13H7F7",296.043597764,"FC(F)(F)C(F)(c1ccc2ccccc2c1)C(F)(F)F"
1278,NA,"LKNFUJGDOAXRHW-UHFFFAOYSA-N","C9H4F7N3",287.029344668,"FC(F)(F)C(F)(c1ccc2nn[nH]c2c1)C(F)(F)F"
1279,NA,"MIWXGZCQDQYIBN-UHFFFAOYSA-N","C10H5F7N2O",302.02901032,"Oc1nc2ccc(C(F)(C(F)(F)F)C(F)(F)F)cc2[nH]1"
1280,NA,"PWZKIFNXOSTNPU-UHFFFAOYSA-N","C10H4F7NO2",303.013025908,"Oc1nc2ccc(C(F)(C(F)(F)F)C(F)(F)F)cc2o1"
1281,NA,"HXHVTGAPDFOURG-UHFFFAOYSA-N","C10H4F7NOS",318.990182288,"Oc1nc2ccc(C(F)(C(F)(F)F)C(F)(F)F)cc2s1"
1282,NA,"IVXOJEBXGRVURA-UHFFFAOYSA-N","C10H5F7N2",286.0340957,"FC(F)(F)C(F)(c1ccc2[nH]ncc2c1)C(F)(F)F"
1283,NA,"CHPJUEBSVFTIRX-UHFFFAOYSA-N","C9H5F7",246.0279477,"FC(F)(F)C(F)(c1ccccc1)C(F)(F)F"
1284,NA,"ZUGSGANHTURLLH-UHFFFAOYSA-N","C8H3ClF7N",280.984224316,"FC(F)(F)C(F)(c1cccnc1Cl)C(F)(F)F"
1285,NA,"AQYIGCRIXKCJIK-UHFFFAOYSA-N","C8H3ClF7N",280.984224316,"FC(F)(F)C(F)(c1ccnc(Cl)c1)C(F)(F)F"
1286,NA,"HCTLNRAMSIZVOR-UHFFFAOYSA-N","C17H13F7N4O",422.097758576,"O=C1Nc2ccc(C(F)(C(F)(F)F)C(F)(F)F)cc2CN1NCc1cccnc1"
1287,NA,"QIRDSKZNAOJVIT-UHFFFAOYSA-N","C11H8F7N",287.054496796,"FC(F)(F)C(F)(c1ccc2c(c1)CCN2)C(F)(F)F"
1288,NA,"FGWMYARQPFCFQW-UHFFFAOYSA-N","C8H3ClF7N",280.984224316,"FC(F)(F)C(F)(c1ccc(Cl)nc1)C(F)(F)F"
1289,NA,"SHNGPLQIBLIMHR-UHFFFAOYSA-N","C8H3BrF7N",324.933708736,"FC(F)(F)C(F)(c1cncc(Br)c1)C(F)(F)F"
1290,NA,"WHCXBYPPHAFLJW-UHFFFAOYSA-N","C6H3F7N2",236.018445636,"FC(F)(F)C(F)(c1cnc[nH]1)C(F)(F)F"
1291,NA,"BNDKPTBGFYPKND-UHFFFAOYSA-N","C12F21N3",584.97568962,"FC(F)(F)C(F)(c1nc(C(F)(C(F)(F)F)C(F)(F)F)nc(C(F)(C(F)(F)F)C(F)(F)F)n1)C(F)(F)F"
1292,NA,"JEEJFXFTYPLCSR-UHFFFAOYSA-N","C6H3F7N2",236.018445636,"FC(F)(F)C(F)(c1ncc[nH]1)C(F)(F)F"
1293,NA,"PQVNWWSRBNHSAA-UHFFFAOYSA-N","C8H3ClF7NO",296.979138936,"O=C1N=CC(C(F)(C(F)(F)F)C(F)(F)F)C=C1Cl"
1294,NA,"HLMHSTHRMORXAV-UHFFFAOYSA-N","C7H3F7N2O2",280.008274876,"O=C1N=CC(C(F)(C(F)(F)F)C(F)(F)F)C(O)=N1"
1295,NA,"MPDWEHWICQEPCD-UHFFFAOYSA-N","C9H10F7I",377.97154586,"FC(F)(F)C(F)(C1CCCCC1I)C(F)(F)F"
1296,NA,"BEVYZLZJBYNEOB-UHFFFAOYSA-N","C11H7F7O",288.038512384,"O=C(CC(F)(C(F)(F)F)C(F)(F)F)c1ccccc1"
1297,NA,"FRWNFXLINJSLBN-UHFFFAOYSA-N","C5H3F7O",212.007212256,"O=CCC(F)(C(F)(F)F)C(F)(F)F"
1298,NA,"ZCSHSWXXDMBWOP-UHFFFAOYSA-N","C6H5F7O",226.02286232,"FC(F)(F)C(F)(CC1CO1)C(F)(F)F"
1299,NA,"FUHVEPPHYBKPIV-UHFFFAOYSA-N","C5H4BrF7",275.938459768,"FC(F)(F)C(F)(CCBr)C(F)(F)F"
1300,NA,"HPDVSLLEEOBGCU-UHFFFAOYSA-N","C12H10F14O4S2",547.97969588,"O=S1(=O)C(CCC(F)(C(F)(F)F)C(F)(F)F)S(=O)(=O)C1CCC(F)(C(F)(F)F)C(F)(F)F"
1301,NA,"AMVCCXPQNKKJDX-UHFFFAOYSA-N","C7H8F7I",351.955895796,"FC(F)(F)C(F)(CCCCI)C(F)(F)F"
1302,NA,"NRVDKMYDLZBFEH-UHFFFAOYSA-N","C5H4F7I",323.924595668,"FC(F)(F)C(F)(CCI)C(F)(F)F"
1303,NA,"PPGVHBFAAPSLEH-UHFFFAOYSA-N","C7H7F7O",240.038512384,"C=COCCC(F)(C(F)(F)F)C(F)(F)F"
1304,"355-20-4","LXANZHXWGZWFAC-UHFFFAOYSA-N","C4Cl2F8",269.92493112,"FC(F)(F)C(F)(Cl)C(F)(Cl)C(F)(F)F"
1305,NA,"XBZUOIVOOVILBJ-UHFFFAOYSA-N","C54H12F102N3O18P3",3020.769998874,"FC(F)(F)C(F)(COP1(OCC(F)(OC(F)(F)C(F)(OC(F)(F)C(F)(F)C(F)(F)F)C(F)(F)F)C(F)(F)F)=NP(OCC(F)(OC(F)(F)C(F)(OC(F)(F)C(F)(F)C(F)(F)F)C(F)(F)F)C(F)(F)F)(OCC(F)(OC(F)(F)C(F)(OC(F)(F)C(F)(F)C(F)(F)F)C(F)(F)F)C(F)(F)F)=NP(OCC(F)(OC(F)(F)C(F)(OC(F)(F)C(F)(F)C(F)(F)F)C(F)(F)F)C(F)(F)F)(OCC(F)(OC(F)(F)C(F)(OC(F)(F)C(F)(F)C(F)(F)F)C(F)(F)F)C(F)(F)F)=N1)OC(F)(F)C(F)(OC(F)(F)C(F)(F)C(F)(F)F)C(F)(F)F"
1306,NA,"RMLFHPWPTXWZNJ-UHFFFAOYSA-N","C6F12O",315.97575326,"O=C(C(F)(F)C(F)(F)F)C(F)(C(F)(F)F)C(F)(F)F"
1307,NA,"PSWABSSVWUDAEI-UHFFFAOYSA-N","C9HF19",469.977486212,"FC(F)(F)C(F)(F)C(C(F)(C(F)(F)F)C(F)(F)F)C(F)(C(F)(F)F)C(F)(F)F"
1308,NA,"NNZABWQPYXLJGH-UHFFFAOYSA-N","C9F20",487.9680644,"FC(F)(F)C(F)(F)C(C(F)(F)F)(C(F)(F)C(F)(F)F)C(F)(C(F)(F)F)C(F)(F)F"
1309,NA,"GQEFKWJVEUMAIH-UHFFFAOYSA-N","C7F16",387.97445152,"FC(F)(F)C(F)(F)C(C(F)(F)F)(C(F)(F)F)C(F)(F)C(F)(F)F"
1310,"50285-18-2","GEXSLRJJTOFEMA-UHFFFAOYSA-N","C9F20",487.9680644,"FC(F)(F)C(F)(F)C(F)(C(F)(C(F)(F)F)C(F)(F)F)C(F)(C(F)(F)F)C(F)(F)F"
1311,NA,"BJHXOADCFUOTIA-UHFFFAOYSA-N","C8F18",437.97125796,"FC(F)(F)C(F)(F)C(F)(C(F)(F)C(F)(F)F)C(F)(C(F)(F)F)C(F)(F)F"
1312,"1735-48-4","AILNJPONTDNFHN-UHFFFAOYSA-N","C8F18",437.97125796,"FC(F)(F)C(F)(F)C(F)(C(F)(F)F)C(F)(C(F)(F)F)C(F)(F)C(F)(F)F"
1313,NA,"PGEGLCABYUJXKS-UHFFFAOYSA-N","C7F16",387.97445152,"FC(F)(F)C(F)(F)C(F)(C(F)(F)F)C(F)(C(F)(F)F)C(F)(F)F"
1314,"865-71-4","GXSFAIDPYIEIEF-UHFFFAOYSA-N","C6F14",337.97764508,"FC(F)(F)C(F)(F)C(F)(C(F)(F)F)C(F)(F)C(F)(F)F"
1315,"594-91-2","MPEFSWGYIJNMCW-UHFFFAOYSA-N","C5F12",287.98083864,"FC(F)(F)C(F)(F)C(F)(C(F)(F)F)C(F)(F)F"
1316,NA,"UXDVPDNPYSNUIP-UHFFFAOYSA-N","C14F26",661.95848372,"FC(F)(F)C(F)(F)C(F)(C(F)(F)F)C1(F)C(F)(F)C(F)(F)C(F)(F)C2(F)C(F)(F)C(F)(F)C(F)(F)C(F)(F)C21F"
1317,NA,"CMVCRECMKJTVFK-UHFFFAOYSA-N","C14F26",661.95848372,"FC(F)(F)C(F)(F)C(F)(C(F)(F)F)C1(F)C(F)(F)C(F)(F)C2(F)C(F)(F)C(F)(F)C(F)(F)C(F)(F)C2(F)C1(F)F"
1318,"422-85-5","LANNRYWUUQMNPF-UHFFFAOYSA-N","C3BrF7",247.90715964,"FC(F)(F)C(F)(F)C(F)(F)Br"
1319,NA,"GQXURUTWTUSYPE-UHFFFAOYSA-N","C5HF7",193.996647572,"C#CC(F)(F)C(F)(F)C(F)(F)F"
1320,NA,"ROHDSIATPNZYDZ-UHFFFAOYSA-N","C12H5F7O",298.02286232,"O=C(C#CC(F)(F)C(F)(F)C(F)(F)F)c1ccccc1"
1321,NA,"DGIIVPQTWKIVJI-UHFFFAOYSA-N","C11H5F7",270.0279477,"FC(F)(F)C(F)(F)C(F)(F)C#Cc1ccccc1"
1322,NA,"BOZRBIJGLJJPRF-UHFFFAOYSA-N","C4F7N",194.99189654,"N#CC(F)(F)C(F)(F)C(F)(F)F"
1323,NA,"NPLOLZJLEABUQT-UHFFFAOYSA-N","C12F26Hg",839.92912672,"FC(F)(F)[C](C(F)(F)F)C(F)(F)C(F)(F)C(F)(F)F.FC(F)(F)[C](C(F)(F)F)C(F)(F)C(F)(F)C(F)(F)F.[Hg]"
1324,NA,"RBOAELOASGCRBO-UHFFFAOYSA-N","C12H8F7NO",315.049411416,"N=C(CC(=O)c1ccccc1)C(F)(F)C(F)(F)C(F)(F)F"
1325,NA,"MYGNZRIQAZMQDD-UHFFFAOYSA-N","C4H2ClF7N2",245.979473284,"N=C(NCl)C(F)(F)C(F)(F)C(F)(F)F"
1326,NA,"ZRHFULOSEUETLM-UHFFFAOYSA-N","C10H8F7N3O2S",367.022545036,"N=C(NNS(=O)(=O)c1ccccc1)C(F)(F)C(F)(F)C(F)(F)F"
1327,NA,"JLQHDTDAQBOUBB-UHFFFAOYSA-N","C12H5F7O",298.02286232,"O=C(C#Cc1ccccc1)C(F)(F)C(F)(F)C(F)(F)F"
1328,NA,"LJUFPWCKMGTCMC-UHFFFAOYSA-N","C11H5F7O2",302.01777694,"O=C(C(=O)C(F)(F)C(F)(F)C(F)(F)F)c1ccccc1"
1329,NA,"LMMKESTXRCLSNQ-UHFFFAOYSA-N","C29H25F7NO2P",583.15111321,"O=C(C(C(=O)C(F)(F)C(F)(F)C(F)(F)F)=P(c1ccccc1)(c1ccccc1)c1ccccc1)N1CCCCC1"
1330,NA,"SIVXJSMXRSOFRR-UHFFFAOYSA-N","C7F14O",365.9725597,"O=C(C(F)(F)C(F)(F)C(F)(F)F)C(F)(C(F)(F)F)C(F)(F)F"
1331,NA,"WYVCRFJVDBZRMR-UHFFFAOYSA-N","C10H3Br2F7O",429.843886456,"O=C(c1cc(Br)cc(Br)c1)C(F)(F)C(F)(F)C(F)(F)F"
1332,"559-91-1","UKYZDGAVBNKBPQ-UHFFFAOYSA-N","C10H5F7O",274.02286232,"O=C(c1ccccc1)C(F)(F)C(F)(F)C(F)(F)F"
1333,NA,"WIUSQJBYVPBFHT-UHFFFAOYSA-N","C9H7F7O2",280.033427004,"O=C1CCCC1C(=O)C(F)(F)C(F)(F)C(F)(F)F"
1334,"37172-87-5","UIGUVAREBFMONS-UHFFFAOYSA-N","C10H9F7O2",294.049077068,"O=C1CCCCC1C(=O)C(F)(F)C(F)(F)C(F)(F)F"
1335,NA,"NICYPDXBQUERJQ-UHFFFAOYSA-N","C9H2F14O2",407.983124384,"O=C(CC(=O)C(F)(F)C(F)(F)C(F)(F)F)C(F)(F)C(F)(F)C(F)(F)F"
1336,NA,"SXOYJUDQQHVGHW-UHFFFAOYSA-N","C30H15ClF14O6S",804.00543196,"O=C(CC(=O)C(F)(F)C(F)(F)C(F)(F)F)c1ccc(-c2ccc(S(=O)(=O)Cl)cc2-c2ccc(C(=O)CC(=O)C(F)(F)C(F)(F)C(F)(F)F)cc2)cc1"
1337,NA,"HNYZQPXURIQQJV-UHFFFAOYSA-N","C12H7F7O2",316.033427004,"O=C(CC(=O)C(F)(F)C(F)(F)C(F)(F)F)c1ccccc1"
1338,"595-26-6","ATAOWIQUJGHXOL-UHFFFAOYSA-N","C10H5F7O3",306.01269156,"O=C(CC(=O)C(F)(F)C(F)(F)C(F)(F)F)c1ccco1"
1339,"559-94-4","QHOQGOZSTQAYRH-UHFFFAOYSA-N","C10H5F7O2S",321.98984794,"O=C(CC(=O)C(F)(F)C(F)(F)C(F)(F)F)c1cccs1"
1340,NA,"FUJJWLAKCSSXIU-UHFFFAOYSA-N","C12H8F7NO",315.049411416,"O=C(CC=Nc1ccccc1)C(F)(F)C(F)(F)C(F)(F)F"
1341,NA,"JAJJPAQUJSPZLI-UHFFFAOYSA-N","C11H7F7O",288.038512384,"O=C(Cc1ccccc1)C(F)(F)C(F)(F)C(F)(F)F"
1342,"336-60-7","UMAGRURZHCBKFO-UHFFFAOYSA-N","C10H6F7NO",289.033761352,"O=C(Cc1ccccn1)C(F)(F)C(F)(F)C(F)(F)F"
1343,NA,"WMHGSOYODMNMSD-UHFFFAOYSA-N","C16H22F7NO",377.158961864,"O=C(N(C1CCCCC1)C1CCCCC1)C(F)(F)C(F)(F)C(F)(F)F"
1344,NA,"AJYJTGVHYUFWOB-UHFFFAOYSA-N","C4Cl2F7NO",280.92451652,"O=C(N(Cl)Cl)C(F)(F)C(F)(F)C(F)(F)F"
1345,NA,"OHNAPDRPBBNVKJ-UHFFFAOYSA-N","C11H7F7N2O",316.044660384,"O=C(N=NCc1ccccc1)C(F)(F)C(F)(F)C(F)(F)F"
1346,NA,"DEASALAOPNDSOM-UHFFFAOYSA-N","C10H6F7N3O",317.039909352,"O=C(N=NCc1ccncc1)C(F)(F)C(F)(F)C(F)(F)F"
1347,"32477-35-3","MSYHGYDAVLDKCE-UHFFFAOYSA-N","C7H3F7N2O",264.013360256,"O=C(n1ccnc1)C(F)(F)C(F)(F)C(F)(F)F"
1348,NA,"AZUBAGCUMALAFX-UHFFFAOYSA-N","C12H8F7NO",315.049411416,"O=C(N1CCc2ccccc21)C(F)(F)C(F)(F)C(F)(F)F"
1349,"424-54-4","CIAFXLYUEVKNBA-UHFFFAOYSA-N","C8H8F7NO",267.049411416,"O=C(N1CCCC1)C(F)(F)C(F)(F)C(F)(F)F"
1350,NA,"VMVIOLQWKUPXMI-UHFFFAOYSA-N","C9H7ClF7NO2",329.005353684,"O=C(Cl)C1CCCN1C(=O)C(F)(F)C(F)(F)C(F)(F)F"
1351,NA,"IWRCISRUSCEZDU-UHFFFAOYSA-N","C9H10F7NO",281.06506148,"O=C(N1CCCCC1)C(F)(F)C(F)(F)C(F)(F)F"
1352,NA,"POJOTJRIJQZXPG-UHFFFAOYSA-N","C12H8F14N2O2",478.036222576,"O=C(N1CCN(C(=O)C(F)(F)C(F)(F)C(F)(F)F)CC1)C(F)(F)C(F)(F)C(F)(F)F"
1353,NA,"CEOUNYCXGKQTNL-UHFFFAOYSA-N","C16H15F7N2O3",416.09708988,"O=C(N1CCN(Cc2ccc3c(c2)OCO3)CC1)C(F)(F)C(F)(F)C(F)(F)F"
1354,NA,"NEIFNBMQYNENQZ-UHFFFAOYSA-N","C8H9F7N2O",282.060310448,"O=C(N1CCNCC1)C(F)(F)C(F)(F)C(F)(F)F"
1355,NA,"MKGSIZTXMDXSMT-UHFFFAOYSA-N","C8H8F7NO2",283.044326036,"O=C(N1CCOCC1)C(F)(F)C(F)(F)C(F)(F)F"
1356,NA,"PIYDRDJYWQFHPU-UHFFFAOYSA-N","C10H4Cl2F7NO",356.955816648,"OC(=Nc1cccc(Cl)c1Cl)C(F)(F)C(F)(F)C(F)(F)F"
1357,NA,"YGYLNZMGQILRCE-UHFFFAOYSA-N","C10H3Cl3F7NO",390.916844296,"OC(=Nc1cc(Cl)c(Cl)cc1Cl)C(F)(F)C(F)(F)C(F)(F)F"
1358,NA,"XZJKCRYZTLHEGA-UHFFFAOYSA-N","C10H4Cl2F7NO",356.955816648,"OC(=Nc1c(Cl)cccc1Cl)C(F)(F)C(F)(F)C(F)(F)F"
1359,NA,"UFJLYZKVFUIJGQ-UHFFFAOYSA-N","C10H4Cl2F7NO",356.955816648,"OC(=Nc1cc(Cl)ccc1Cl)C(F)(F)C(F)(F)C(F)(F)F"
1360,NA,"DXAPKYLFBXPQRX-UHFFFAOYSA-N","C14H6F14N2O2",500.020572512,"OC(=Nc1cccc(N=C(O)C(F)(F)C(F)(F)C(F)(F)F)c1)C(F)(F)C(F)(F)C(F)(F)F"
1361,NA,"GZPNVRALAPIZMQ-UHFFFAOYSA-N","C10H5BrF7NO",366.94427342,"O=C(Nc1ccc(Br)cc1)C(F)(F)C(F)(F)C(F)(F)F"
1362,"75042-07-8","ARASDBXKTNNGSC-UHFFFAOYSA-N","C20H10F14N2O2",576.05187264,"O=C(Nc1ccc(-c2ccc(NC(=O)C(F)(F)C(F)(F)C(F)(F)F)cc2)cc1)C(F)(F)C(F)(F)C(F)(F)F"
1363,NA,"FMMYORNQKAYREA-UHFFFAOYSA-N","C21H12F14N2O2",590.067522704,"O=C(Nc1ccc(Cc2ccc(NC(=O)C(F)(F)C(F)(F)C(F)(F)F)cc2)cc1)C(F)(F)C(F)(F)C(F)(F)F"
1364,NA,"HDXNUYLOADWXAI-UHFFFAOYSA-N","C10H5ClF7NO",322.994789,"O=C(Nc1ccc(Cl)cc1)C(F)(F)C(F)(F)C(F)(F)F"
1365,NA,"YUHXASFWTDOVGE-UHFFFAOYSA-N","C10H4Cl2F7NO",356.955816648,"OC(=Nc1ccc(Cl)cc1Cl)C(F)(F)C(F)(F)C(F)(F)F"
1366,NA,"IHIMECRMQYQKJO-UHFFFAOYSA-N","C14H6F14N2O2",500.020572512,"O=C(Nc1ccc(NC(=O)C(F)(F)C(F)(F)C(F)(F)F)cc1)C(F)(F)C(F)(F)C(F)(F)F"
1367,NA,"UJBGCMKVPMWSOM-UHFFFAOYSA-N","C10H5ClF7NO",322.994789,"OC(=Nc1cccc(Cl)c1)C(F)(F)C(F)(F)C(F)(F)F"
1368,NA,"AFGARRAOIQHNDW-UHFFFAOYSA-N","C10H6F7NO",289.033761352,"OC(=Nc1ccccc1)C(F)(F)C(F)(F)C(F)(F)F"
1369,NA,"QQIQOXWHMJDAHF-UHFFFAOYSA-N","C18H12F7NO2S",439.047697164,"O=C(SCc1ccccc1)c1ccccc1N=C(O)C(F)(F)C(F)(F)C(F)(F)F"
1370,NA,"YEIBSCGJNXTENL-UHFFFAOYSA-N","C10H5ClF7NO",322.994789,"OC(=Nc1ccccc1Cl)C(F)(F)C(F)(F)C(F)(F)F"
1371,NA,"CTYGKSNFBUDKEV-UHFFFAOYSA-N","C10H5F7INO",414.93040932,"OC(=Nc1ccccc1I)C(F)(F)C(F)(F)C(F)(F)F"
1372,NA,"PDIASJVTCFSDDH-UHFFFAOYSA-N","C9H5F7N2O",290.02901032,"OC(=Nc1ccccn1)C(F)(F)C(F)(F)C(F)(F)F"
1373,NA,"CNBJFNYJJAGHOD-UHFFFAOYSA-N","C18H8F7NO3",419.039240656,"O=C1c2ccccc2C(=O)c2c(N=C(O)C(F)(F)C(F)(F)C(F)(F)F)cccc21"
1374,NA,"FJLOSCMSQHIRBF-UHFFFAOYSA-N","C14H8F7NO",339.049411416,"OC(=Nc1ccc2ccccc2c1)C(F)(F)C(F)(F)C(F)(F)F"
1375,NA,"UIJXHOKQHQDFHN-UHFFFAOYSA-N","C8H4F7N3O2",307.019173908,"O=C(N=C1CC=NC(O)=N1)C(F)(F)C(F)(F)C(F)(F)F"
1376,NA,"MKTHGMLBIHQPEW-UHFFFAOYSA-N","C6H3F7N4O",280.019508256,"OC(=Nc1nc[nH]n1)C(F)(F)C(F)(F)C(F)(F)F"
1377,NA,"MWKPDUBQHYIABV-UHFFFAOYSA-N","C10H12F7NO",295.080711544,"OC(=NC1CCCCC1)C(F)(F)C(F)(F)C(F)(F)F"
1378,NA,"BVPQBJMNLKHJNO-UHFFFAOYSA-N","C14H12F14N2O2",506.067522704,"OC(=NC1CCCCC1N=C(O)C(F)(F)C(F)(F)C(F)(F)F)C(F)(F)C(F)(F)C(F)(F)F"
1379,NA,"SKKPQHYWKCNHNB-UHFFFAOYSA-N","C7H6F7NO",253.033761352,"C=CCN=C(O)C(F)(F)C(F)(F)C(F)(F)F"
1380,NA,"JGYHLDPCXQPJCA-UHFFFAOYSA-N","C11H8F7NO",303.049411416,"OC(=NCc1ccccc1)C(F)(F)C(F)(F)C(F)(F)F"
1381,NA,"GLZLEBAUVDLNEX-UHFFFAOYSA-N","C12H10F7NO",317.06506148,"OC(=NCCc1ccccc1)C(F)(F)C(F)(F)C(F)(F)F"
1382,NA,"WSLOVKUTYAQMOA-UHFFFAOYSA-N","C13H12F7NO",331.080711544,"OC(=NCCCc1ccccc1)C(F)(F)C(F)(F)C(F)(F)F"
1383,NA,"PFBTUZNXHWKDNA-UHFFFAOYSA-N","C14H14F14N2O2",508.083172768,"OC(=NCCCCCCN=C(O)C(F)(F)C(F)(F)C(F)(F)F)C(F)(F)C(F)(F)C(F)(F)F"
1384,NA,"HSZXWSFEBIXCLM-UHFFFAOYSA-N","C13H12F14N2O2",494.067522704,"OC(=NCCCCCN=C(O)C(F)(F)C(F)(F)C(F)(F)F)C(F)(F)C(F)(F)C(F)(F)F"
1385,NA,"AHAQXHMPHGIPBT-UHFFFAOYSA-N","C12H10F14N2O2",480.05187264,"OC(=NCCCCN=C(O)C(F)(F)C(F)(F)C(F)(F)F)C(F)(F)C(F)(F)C(F)(F)F"
1386,NA,"ORSKKCUOGCUQSI-UHFFFAOYSA-N","C6H5ClF7NO",274.994789,"OC(=NCCCl)C(F)(F)C(F)(F)C(F)(F)F"
1387,NA,"FLHPCAVTMZPEEL-UHFFFAOYSA-N","C11H8F14N2O2",466.036222576,"OC(=NCCCN=C(O)C(F)(F)C(F)(F)C(F)(F)F)C(F)(F)C(F)(F)C(F)(F)F"
1388,NA,"ZZYRMCDLVWNXGP-UHFFFAOYSA-N","C10H6F14N2O2",452.020572512,"OC(=NCCN=C(O)C(F)(F)C(F)(F)C(F)(F)F)C(F)(F)C(F)(F)C(F)(F)F"
1389,NA,"DLOWRKICBRDMJY-UHFFFAOYSA-N","C8H2F14N2O2",423.989272384,"OC(=NN=C(O)C(F)(F)C(F)(F)C(F)(F)F)C(F)(F)C(F)(F)C(F)(F)F"
1390,NA,"CWKOYLVRJVKLFW-UHFFFAOYSA-N","C10H7F7N2O",304.044660384,"OC(=NNc1ccccc1)C(F)(F)C(F)(F)C(F)(F)F"
1391,NA,"JFPOJRKSHNMRDK-UHFFFAOYSA-N","C10H5ClF7NO4S",402.95160386,"O=S(=O)(N=C(O)C(F)(F)C(F)(F)C(F)(F)F)Oc1ccc(Cl)cc1"
1392,"336-59-4","UFFSXJKVKBQEHC-UHFFFAOYSA-N","C8F14O3",409.96238894,"O=C(OC(=O)C(F)(F)C(F)(F)C(F)(F)F)C(F)(F)C(F)(F)C(F)(F)F"
1393,NA,"NIYMBGWRZNLLKB-UHFFFAOYSA-N","C8F16O2",431.96428076,"O=C(OC(C(F)(F)F)(C(F)(F)F)C(F)(F)F)C(F)(F)C(F)(F)C(F)(F)F"
1394,"356-28-5","CJABYGHRZGXUKQ-UHFFFAOYSA-N","C6H3F7O2",240.002126876,"C=COC(=O)C(F)(F)C(F)(F)C(F)(F)F"
1395,NA,"AVVCGEANSDZGAS-UHFFFAOYSA-N","C18H20F14O4",566.1138042,"O=C(OCCCCCCCCCCOC(=O)C(F)(F)C(F)(F)C(F)(F)F)C(F)(F)C(F)(F)C(F)(F)F"
1396,NA,"JUTIIYKOQPDNEV-UHFFFAOYSA-N","C8F14O4",425.95730356,"O=C(OOC(=O)C(F)(F)C(F)(F)C(F)(F)F)C(F)(F)C(F)(F)C(F)(F)F"
1397,NA,"AMLFDTSTDKGEKX-UHFFFAOYSA-N","C8H8F7NOS",299.021482416,"FC(F)(F)C(F)(F)C(F)(F)C(=S)N1CCOCC1"
1398,NA,"WAPVYOONVRTQCI-UHFFFAOYSA-N","C10H6F7NS",305.010917732,"FC(F)(F)C(F)(F)C(F)(F)C(S)=Nc1ccccc1"
1399,NA,"LMULIUNHVQIBGA-UHFFFAOYSA-N","C6BrF13",397.89757896,"FC(F)(F)C(F)(F)C(F)(F)C(Br)(C(F)(F)F)C(F)(F)F"
1400,NA,"XKBHBVFIWWDGQX-UHFFFAOYSA-N","C5H2BrF7",273.922809704,"C=C(Br)C(F)(F)C(F)(F)C(F)(F)F"
1401,NA,"PJYLUIOQPJDGIG-UHFFFAOYSA-N","C4BrF7O",275.90207426,"O=C(Br)C(F)(F)C(F)(F)C(F)(F)F"
1402,NA,"BTZKXQHJFPEDEC-UHFFFAOYSA-N","C5H3Br2F7",353.848971836,"FC(F)(F)C(F)(F)C(F)(F)C(Br)CBr"
1403,NA,"XQSZQLMIDYQHEP-UHFFFAOYSA-N","C9F20",487.9680644,"FC(F)(F)C(F)(F)C(F)(F)C(C(F)(F)F)(C(F)(F)F)C(F)(C(F)(F)F)C(F)(F)F"
1404,NA,"YHENNDIJPANXOC-UHFFFAOYSA-N","C7F16",387.97445152,"FC(F)(F)C(F)(F)C(F)(F)C(C(F)(F)F)(C(F)(F)F)C(F)(F)F"
1405,NA,"RUVAVKKRUIZRRS-UHFFFAOYSA-N","C8H3F13",346.002716956,"C=CC(C(F)(F)F)(C(F)(F)F)C(F)(F)C(F)(F)C(F)(F)F"
1406,NA,"KVLSPRHWDKLGCE-UHFFFAOYSA-N","C8H2BrF13",423.913229024,"FC(F)(F)C(F)(F)C(F)(F)C(C=CBr)(C(F)(F)F)C(F)(F)F"
1407,NA,"PUTFFSRJABOVAD-UHFFFAOYSA-N","C10H5F13",372.01836702,"C=CC=CC(C(F)(F)F)(C(F)(F)F)C(F)(F)C(F)(F)C(F)(F)F"
1408,NA,"WSFZYWPCOFAVSE-UHFFFAOYSA-N","C8H2F13I",471.899364924,"FC(F)(F)C(F)(F)C(F)(F)C(C=CI)(C(F)(F)F)C(F)(F)F"
1409,NA,"WUSAKTXDNLIMLJ-UHFFFAOYSA-N","C12H9F7N2",314.065395828,"FC(F)(F)C(F)(F)C(F)(F)C(c1ccc[nH]1)c1ccc[nH]1"
1410,NA,"FVKWUSQLPAJKRY-UHFFFAOYSA-N","C16H6F26",692.005433912,"FC(F)(F)C(F)(F)C(F)(F)C(CC=CCC(C(F)(F)F)(C(F)(F)F)C(F)(F)C(F)(F)C(F)(F)F)(C(F)(F)F)C(F)(F)F"
1411,NA,"XNXSDDUAQKULBW-UHFFFAOYSA-N","C13H6BrF13",487.944529152,"FC(F)(F)C(F)(F)C(F)(F)C(Cc1ccc(Br)cc1)(C(F)(F)F)C(F)(F)F"
1412,NA,"ZHQHSVFPOKMCMF-UHFFFAOYSA-N","C39H18F39P",1258.052337786,"FC(F)(F)C(F)(F)C(F)(F)C(Cc1ccc(P(c2ccc(CC(C(F)(F)F)(C(F)(F)F)C(F)(F)C(F)(F)C(F)(F)F)cc2)c2ccc(CC(C(F)(F)F)(C(F)(F)F)C(F)(F)C(F)(F)C(F)(F)F)cc2)cc1)(C(F)(F)F)C(F)(F)F"
1413,NA,"JKFFEJFWOMHYDX-UHFFFAOYSA-N","C32H17F26P",926.065270894,"FC(F)(F)C(F)(F)C(F)(F)C(Cc1ccc(P(c2ccccc2)c2ccc(CC(C(F)(F)F)(C(F)(F)F)C(F)(F)C(F)(F)C(F)(F)F)cc2)cc1)(C(F)(F)F)C(F)(F)F"
1414,NA,"OARRIBKBFYYUPS-UHFFFAOYSA-N","C9H5F13O",376.01328164,"FC(F)(F)C(F)(F)C(F)(F)C(CC1CO1)(C(F)(F)F)C(F)(F)F"
1415,NA,"UVKBMPCVVMQGLN-UHFFFAOYSA-N","C8H4BrF13",425.928879088,"FC(F)(F)C(F)(F)C(F)(F)C(CCBr)(C(F)(F)F)C(F)(F)F"
1416,NA,"SHTVHUOLQCOSDS-UHFFFAOYSA-N","C8H4F13I",473.915014988,"FC(F)(F)C(F)(F)C(F)(F)C(CCI)(C(F)(F)F)C(F)(F)F"
1417,NA,"NTLNMNNHUJOUOM-UHFFFAOYSA-N","C6ClF13",353.94809454,"FC(F)(F)C(F)(F)C(F)(F)C(Cl)(C(F)(F)F)C(F)(F)F"
1418,"375-16-6","WFELVFKXQJYPSL-UHFFFAOYSA-N","C4ClF7O",231.95258984,"O=C(Cl)C(F)(F)C(F)(F)C(F)(F)F"
1419,NA,"PXVLLIXMQNNYBT-UHFFFAOYSA-N","C5H3Cl2F7",265.950002996,"FC(F)(F)C(F)(F)C(F)(F)C(Cl)CCl"
1420,NA,"GEROEZIFGOZXBT-UHFFFAOYSA-N","C17H13F7N4",406.102843956,"FC(F)(F)C(F)(F)C(F)(F)C(CN=Nc1ccccc1)=NNc1ccccc1"
1421,NA,"BYBDWBSXTHRODY-UHFFFAOYSA-N","C9F18O",465.96617258,"O=C(C(F)(C(F)(F)F)C(F)(F)F)C(F)(C(F)(F)F)C(F)(F)C(F)(F)C(F)(F)F"
1422,NA,"CPMLSIADGFUFBX-UHFFFAOYSA-N","C7F16",387.97445152,"FC(F)(F)C(F)(F)C(F)(F)C(F)(C(F)(F)F)C(F)(F)C(F)(F)F"
1423,"355-04-4","ROVMKEZVKFJNBD-UHFFFAOYSA-N","C6F14",337.97764508,"FC(F)(F)C(F)(F)C(F)(F)C(F)(C(F)(F)F)C(F)(F)F"
1424,NA,"CVEIKEYTQKDDQK-UHFFFAOYSA-N","C4BrF9",297.90396608,"FC(F)(F)C(F)(F)C(F)(F)C(F)(F)Br"
1425,NA,"UCNNHLVACSTCPR-UHFFFAOYSA-N","C12H5F9",320.02475414,"FC(F)(F)C(F)(F)C(F)(F)C(F)(F)C#Cc1ccccc1"
1426,NA,"FVBKAFXHWXBINM-UHFFFAOYSA-N","C5F9N",244.98870298,"N#CC(F)(F)C(F)(F)C(F)(F)C(F)(F)F"
1427,NA,"CMWUIULMDIUGCK-UHFFFAOYSA-N","C11H4BrF9O",401.930180828,"O=C(c1ccc(Br)cc1)C(F)(F)C(F)(F)C(F)(F)C(F)(F)F"
1428,NA,"PFZDTHHLJUIBOD-UHFFFAOYSA-N","C10H7F9O2",330.030233444,"O=C1CCCC1C(=O)C(F)(F)C(F)(F)C(F)(F)C(F)(F)F"
1429,NA,"OYJDIUNBPLCGDV-UHFFFAOYSA-N","C11H2F18O2",507.976737264,"O=C(CC(=O)C(F)(F)C(F)(F)C(F)(F)C(F)(F)F)C(F)(F)C(F)(F)C(F)(F)C(F)(F)F"
1430,NA,"MYWBHGPUNSBHHA-UHFFFAOYSA-N","C13H7F9O2",366.030233444,"O=C(CC(=O)C(F)(F)C(F)(F)C(F)(F)C(F)(F)F)c1ccccc1"
1431,NA,"RZZCMOKELUIWLJ-UHFFFAOYSA-N","C20HF35N2O",949.953000352,"O=C(n1nc(C(F)(F)C(F)(F)C(F)(F)C(F)(F)C(F)(F)C(F)(F)F)cc1C(F)(F)C(F)(F)C(F)(F)C(F)(F)C(F)(F)C(F)(F)F)C(F)(F)C(F)(F)C(F)(F)C(F)(F)F"
1432,NA,"TUKGKGYCBQOMNC-UHFFFAOYSA-N","C11H6F9NO",339.030567792,"OC(=Nc1ccccc1)C(F)(F)C(F)(F)C(F)(F)C(F)(F)F"
1433,NA,"QVRJRHUMFTVYEN-UHFFFAOYSA-N","C12H6F18N2O2",552.014185392,"OC(=NCCN=C(O)C(F)(F)C(F)(F)C(F)(F)C(F)(F)F)C(F)(F)C(F)(F)C(F)(F)C(F)(F)F"
1434,NA,"YHNMNWOUFKIZLY-UHFFFAOYSA-N","C10F18O3",509.95600182,"O=C(OC(=O)C(F)(F)C(F)(F)C(F)(F)C(F)(F)F)C(F)(F)C(F)(F)C(F)(F)C(F)(F)F"
1435,"424-37-3","ABKMQSRPKFUWEH-UHFFFAOYSA-N","C7H3F9O2",289.998933316,"C=COC(=O)C(F)(F)C(F)(F)C(F)(F)C(F)(F)F"
1436,"84145-17-5","OUJAXDQRZMGUOM-UHFFFAOYSA-N","C8H5F9O2",304.01458338,"C=CCOC(=O)C(F)(F)C(F)(F)C(F)(F)C(F)(F)F"
1437,NA,"LEHFCMSFGKMRKH-UHFFFAOYSA-N","C6H2Br3F9",481.756290344,"FC(F)(F)C(F)(F)C(F)(F)C(F)(F)C(Br)(Br)CBr"
1438,NA,"KSQRGPQLCIXCCL-UHFFFAOYSA-N","C6H2BrF9",323.919616144,"C=C(Br)C(F)(F)C(F)(F)C(F)(F)C(F)(F)F"
1439,NA,"CJRZVDYMJZXUDK-UHFFFAOYSA-N","C5BrF9O",325.8988807,"O=C(Br)C(F)(F)C(F)(F)C(F)(F)C(F)(F)F"
1440,NA,"ABBOXTQECRSSQR-UHFFFAOYSA-N","C6H3Br2F9",403.845778276,"FC(F)(F)C(F)(F)C(F)(F)C(F)(F)C(Br)CBr"
1441,NA,"CVDYYPTVATXTLA-UHFFFAOYSA-N","C6H2ClF9",279.970131724,"C=C(Cl)C(F)(F)C(F)(F)C(F)(F)C(F)(F)F"
1442,NA,"HRBNMYUNLLWPAX-UHFFFAOYSA-N","C5ClF9O",281.94939628,"O=C(Cl)C(F)(F)C(F)(F)C(F)(F)C(F)(F)F"
1443,NA,"WUKSEPWXPNRVEU-UHFFFAOYSA-N","C6H3Cl2F9",315.946809436,"FC(F)(F)C(F)(F)C(F)(F)C(F)(F)C(Cl)CCl"
1444,NA,"XLTINEVRECWPSA-UHFFFAOYSA-N","C8F18",437.97125796,"FC(F)(F)C(F)(F)C(F)(F)C(F)(F)C(F)(C(F)(F)F)C(F)(F)C(F)(F)F"
1445,NA,"SIRKRRJSXWDMMJ-UHFFFAOYSA-N","C6F11N",294.98550942,"N#CC(F)(F)C(F)(F)C(F)(F)C(F)(F)C(F)(F)F"
1446,NA,"RYQZIXCMWPWVAD-UHFFFAOYSA-N","C14H10F11NO",417.05867436,"OC(=NCCc1ccccc1)C(F)(F)C(F)(F)C(F)(F)C(F)(F)C(F)(F)F"
1447,NA,"ZWOIEMQQRPMRSE-UHFFFAOYSA-N","C12F22O3",609.9496147,"O=C(OC(=O)C(F)(F)C(F)(F)C(F)(F)C(F)(F)C(F)(F)F)C(F)(F)C(F)(F)C(F)(F)C(F)(F)C(F)(F)F"
1448,NA,"ROYKRYNSWXSKBV-UHFFFAOYSA-N","C8H3F11O2",339.995739756,"C=COC(=O)C(F)(F)C(F)(F)C(F)(F)C(F)(F)C(F)(F)F"
1449,NA,"CUPWBYQOIFVEGA-UHFFFAOYSA-N","C6ClF11O",331.94620272,"O=C(Cl)C(F)(F)C(F)(F)C(F)(F)C(F)(F)C(F)(F)F"
1450,NA,"HSLSYHFNCGWUKN-UHFFFAOYSA-N","C7Br2F14",507.81431928,"FC(F)(F)C(F)(F)C(F)(F)C(F)(F)C(F)(F)C(F)(Br)C(F)(F)Br"
1451,NA,"CTUHKFIIVLKIOR-UHFFFAOYSA-N","C8F18",437.97125796,"FC(F)(F)C(F)(F)C(F)(F)C(F)(F)C(F)(F)C(F)(C(F)(F)F)C(F)(F)F"
1452,"335-56-8","JTYRBFORUCBNHJ-UHFFFAOYSA-N","C6BrF13",397.89757896,"FC(F)(F)C(F)(F)C(F)(F)C(F)(F)C(F)(F)C(F)(F)Br"
1453,NA,"QRRGZVPIVBHZCM-UHFFFAOYSA-N","C8HF13",343.987066892,"C#CC(F)(F)C(F)(F)C(F)(F)C(F)(F)C(F)(F)C(F)(F)F"
1454,NA,"YQFCZNFNVSOIRK-UHFFFAOYSA-N","C8F17I",545.87732774,"FC(F)(F)C(F)(F)C(F)(F)C(F)(F)C(F)(F)C(F)(F)C#CI(F)(F)(F)F"
1455,NA,"JWOJAGFUNODSPU-UHFFFAOYSA-N","C8F13I",469.88371486,"FC(F)(F)C(F)(F)C(F)(F)C(F)(F)C(F)(F)C(F)(F)C#CI"
1456,NA,"NBBJALWGNSZLRP-UHFFFAOYSA-N","C7F13N",344.98231586,"N#CC(F)(F)C(F)(F)C(F)(F)C(F)(F)C(F)(F)C(F)(F)F"
1457,NA,"XSJGLPXVMJDYCC-UHFFFAOYSA-N","C14H8F13N3",465.051064116,"N=C(NC(=N)C(F)(F)C(F)(F)C(F)(F)C(F)(F)C(F)(F)C(F)(F)F)c1ccccc1"
1458,NA,"PZNFGRVUCIGGHF-UHFFFAOYSA-N","C14H8F13N3O",481.045978736,"N=C(NOC(=N)C(F)(F)C(F)(F)C(F)(F)C(F)(F)C(F)(F)C(F)(F)F)c1ccccc1"
1459,NA,"ZSCSEYRTJFTOQR-UHFFFAOYSA-N","C13H9F13O2",444.039496388,"O=C1CCCCC1C(=O)C(F)(F)C(F)(F)C(F)(F)C(F)(F)C(F)(F)C(F)(F)F"
1460,NA,"VJPLPULMKIMOSI-UHFFFAOYSA-N","C15H2F26O2",707.963963024,"O=C(CC(=O)C(F)(F)C(F)(F)C(F)(F)C(F)(F)C(F)(F)C(F)(F)F)C(F)(F)C(F)(F)C(F)(F)C(F)(F)C(F)(F)C(F)(F)F"
1461,NA,"JPSBONQIRUMUCY-UHFFFAOYSA-N","C15H7F13O2",466.023846324,"O=C(CC(=O)C(F)(F)C(F)(F)C(F)(F)C(F)(F)C(F)(F)C(F)(F)F)c1ccccc1"
1462,NA,"MITMTPJIARYTDP-UHFFFAOYSA-N","C19H15F13N2O",534.09767996,"O=C(CCCCCc1nc2ccccc2[nH]1)C(F)(F)C(F)(F)C(F)(F)C(F)(F)C(F)(F)C(F)(F)F"
1463,NA,"POKRZDJIXMSAAM-UHFFFAOYSA-N","C23H17F13N2O",584.113330024,"O=C(CCCCCc1nc2cc3ccccc3cc2[nH]1)C(F)(F)C(F)(F)C(F)(F)C(F)(F)C(F)(F)C(F)(F)F"
1464,NA,"HYKLUXGMNPOIOG-UHFFFAOYSA-N","C11H8F13NO2",433.034745356,"O=C(N1CCOCC1)C(F)(F)C(F)(F)C(F)(F)C(F)(F)C(F)(F)C(F)(F)F"
1465,NA,"GENXHGFFMLZNRU-UHFFFAOYSA-N","C13H12F13NO",445.071130864,"OC(=NC1CCCCC1)C(F)(F)C(F)(F)C(F)(F)C(F)(F)C(F)(F)C(F)(F)F"
1466,NA,"NWDZSYHMBYNCRO-UHFFFAOYSA-N","C14F26O3",709.94322758,"O=C(OC(=O)C(F)(F)C(F)(F)C(F)(F)C(F)(F)C(F)(F)C(F)(F)F)C(F)(F)C(F)(F)C(F)(F)C(F)(F)C(F)(F)C(F)(F)F"
1467,NA,"ADYNCUBVNWLXQE-UHFFFAOYSA-N","C9H3F13O2",389.992546196,"C=COC(=O)C(F)(F)C(F)(F)C(F)(F)C(F)(F)C(F)(F)C(F)(F)F"
1468,NA,"DASVACNPTZCVQR-UHFFFAOYSA-N","C10H5F13O2",404.00819626,"C=CCOC(=O)C(F)(F)C(F)(F)C(F)(F)C(F)(F)C(F)(F)C(F)(F)F"
1469,NA,"OKURPQGPBHMFLE-UHFFFAOYSA-N","C8H2Br3F13",581.749903224,"FC(F)(F)C(F)(F)C(F)(F)C(F)(F)C(F)(F)C(F)(F)C(Br)(Br)CBr"
1470,NA,"KSXRFZHNNOXBLE-UHFFFAOYSA-N","C8H2BrF13",423.913229024,"C=C(Br)C(F)(F)C(F)(F)C(F)(F)C(F)(F)C(F)(F)C(F)(F)F"
1471,NA,"YCJFSPFBPAMUCR-UHFFFAOYSA-N","C8HBr2F13",501.823741092,"FC(F)(F)C(F)(F)C(F)(F)C(F)(F)C(F)(F)C(F)(F)C(Br)=CBr"
1472,NA,"KQMDGCKMRBEXNN-UHFFFAOYSA-N","C7BrF13O",425.89249358,"O=C(Br)C(F)(F)C(F)(F)C(F)(F)C(F)(F)C(F)(F)C(F)(F)F"
1473,NA,"PXYDGESYUICOAX-UHFFFAOYSA-N","C8H3Br2F13",503.839391156,"FC(F)(F)C(F)(F)C(F)(F)C(F)(F)C(F)(F)C(F)(F)C(Br)CBr"
1474,NA,"IAHVCTQMGIVZJU-UHFFFAOYSA-N","C7ClF13O",381.94300916,"O=C(Cl)C(F)(F)C(F)(F)C(F)(F)C(F)(F)C(F)(F)C(F)(F)F"
1475,NA,"DCVKORWEQQJFNS-UHFFFAOYSA-N","C8H3Cl2F13",415.940422316,"FC(F)(F)C(F)(F)C(F)(F)C(F)(F)C(F)(F)C(F)(F)C(Cl)CCl"
1476,"375-88-2","VPQQZKWYZYVTMU-UHFFFAOYSA-N","C7BrF15",447.8943854,"FC(F)(F)C(F)(F)C(F)(F)C(F)(F)C(F)(F)C(F)(F)C(F)(F)Br"
1477,"647-12-1","FULLNJNBFUCVES-UHFFFAOYSA-N","C8F15N",394.9791223,"N#CC(F)(F)C(F)(F)C(F)(F)C(F)(F)C(F)(F)C(F)(F)C(F)(F)F"
1478,NA,"ZXHJIRSEEIEAQG-UHFFFAOYSA-N","C17H2F30O2",807.957575904,"O=C(CC(=O)C(F)(F)C(F)(F)C(F)(F)C(F)(F)C(F)(F)C(F)(F)C(F)(F)F)C(F)(F)C(F)(F)C(F)(F)C(F)(F)C(F)(F)C(F)(F)C(F)(F)F"
1479,NA,"PEVCFUGKAIGEMQ-UHFFFAOYSA-N","C22H5ClF30N2O4S",997.91795192,"O=S(=O)(Cl)c1ccc(N=C(O)C(F)(F)C(F)(F)C(F)(F)C(F)(F)C(F)(F)C(F)(F)C(F)(F)F)c(N=C(O)C(F)(F)C(F)(F)C(F)(F)C(F)(F)C(F)(F)C(F)(F)C(F)(F)F)c1"
1480,NA,"LLSBOJTWEURFBT-UHFFFAOYSA-N","C22H12F30N2O2",906.041974224,"OC(=NC1CCCCC1N=C(O)C(F)(F)C(F)(F)C(F)(F)C(F)(F)C(F)(F)C(F)(F)C(F)(F)F)C(F)(F)C(F)(F)C(F)(F)C(F)(F)C(F)(F)C(F)(F)C(F)(F)F"
1481,NA,"DVEYKCZOFBIPNL-UHFFFAOYSA-N","C19H8F30N2O2",866.010674096,"OC(=NCCCN=C(O)C(F)(F)C(F)(F)C(F)(F)C(F)(F)C(F)(F)C(F)(F)C(F)(F)F)C(F)(F)C(F)(F)C(F)(F)C(F)(F)C(F)(F)C(F)(F)C(F)(F)F"
1482,NA,"NBEDTLDKOMPAQK-UHFFFAOYSA-N","C16F30O3",809.93684046,"O=C(OC(=O)C(F)(F)C(F)(F)C(F)(F)C(F)(F)C(F)(F)C(F)(F)C(F)(F)F)C(F)(F)C(F)(F)C(F)(F)C(F)(F)C(F)(F)C(F)(F)C(F)(F)F"
1483,NA,"UCRSPYLHWASUKR-UHFFFAOYSA-N","C10H3F15O2",439.989352636,"C=COC(=O)C(F)(F)C(F)(F)C(F)(F)C(F)(F)C(F)(F)C(F)(F)C(F)(F)F"
1484,NA,"DNFFZVPOFBBNHH-UHFFFAOYSA-N","C11H5F15O2",454.0050027,"C=CCOC(=O)C(F)(F)C(F)(F)C(F)(F)C(F)(F)C(F)(F)C(F)(F)C(F)(F)F"
1485,NA,"YWVKVBIQFSFMMV-UHFFFAOYSA-N","C17H9F15O2",530.036302828,"C=Cc1ccc(COC(=O)C(F)(F)C(F)(F)C(F)(F)C(F)(F)C(F)(F)C(F)(F)C(F)(F)F)cc1"
1486,NA,"QYPSGGGCZLRESW-UHFFFAOYSA-N","C18H4F32O2",859.970032408,"O=C(OCCC(F)(F)C(F)(F)C(F)(F)C(F)(F)C(F)(F)C(F)(F)C(F)(F)C(F)(F)F)C(F)(F)C(F)(F)C(F)(F)C(F)(F)C(F)(F)C(F)(F)C(F)(F)F"
1487,NA,"WQELDDKOSOQCBX-UHFFFAOYSA-N","C8BrF15O",475.88930002,"O=C(Br)C(F)(F)C(F)(F)C(F)(F)C(F)(F)C(F)(F)C(F)(F)C(F)(F)F"
1488,"335-64-8","AQQBRCXWZZAFOK-UHFFFAOYSA-N","C8ClF15O",431.9398156,"O=C(Cl)C(F)(F)C(F)(F)C(F)(F)C(F)(F)C(F)(F)C(F)(F)C(F)(F)F"
1489,"423-55-2","WTWWXOGTJWMJHI-UHFFFAOYSA-N","C8BrF17",497.89119184,"FC(F)(F)C(F)(F)C(F)(F)C(F)(F)C(F)(F)C(F)(F)C(F)(F)C(F)(F)Br"
1490,NA,"MPHNQMXBZMOYGA-UHFFFAOYSA-N","C10HF17",443.980679772,"C#CC(F)(F)C(F)(F)C(F)(F)C(F)(F)C(F)(F)C(F)(F)C(F)(F)C(F)(F)F"
1491,NA,"QXLCIRIVPLDAGS-UHFFFAOYSA-N","C9F17N",444.97592874,"N#CC(F)(F)C(F)(F)C(F)(F)C(F)(F)C(F)(F)C(F)(F)C(F)(F)C(F)(F)F"
1492,NA,"BMPCOBJGKAQEOM-UHFFFAOYSA-N","C17H7F17O2",566.017459204,"O=C(CC(=O)C(F)(F)C(F)(F)C(F)(F)C(F)(F)C(F)(F)C(F)(F)C(F)(F)C(F)(F)F)c1ccccc1"
1493,NA,"IDJHICNQDCLWAB-UHFFFAOYSA-N","C21H10F17NO",615.04909368,"O=C(N(c1ccccc1)c1ccccc1)C(F)(F)C(F)(F)C(F)(F)C(F)(F)C(F)(F)C(F)(F)C(F)(F)C(F)(F)F"
1494,NA,"IUSKDJJOYQLBDY-UHFFFAOYSA-N","C15H6F17NO",539.017793552,"OC(=Nc1ccccc1)C(F)(F)C(F)(F)C(F)(F)C(F)(F)C(F)(F)C(F)(F)C(F)(F)C(F)(F)F"
1495,NA,"ISODSYQUAODSLH-UHFFFAOYSA-N","C15H12F17NO",545.064743744,"OC(=NC1CCCCC1)C(F)(F)C(F)(F)C(F)(F)C(F)(F)C(F)(F)C(F)(F)C(F)(F)C(F)(F)F"
1496,NA,"BOYMGTNGVSVGAX-UHFFFAOYSA-N","C12H6F17NO",503.017793552,"C=CCN=C(O)C(F)(F)C(F)(F)C(F)(F)C(F)(F)C(F)(F)C(F)(F)C(F)(F)C(F)(F)F"
1497,NA,"RYMJFSVRYUFPPM-UHFFFAOYSA-N","C30H26F34N2O2",1092.145137552,"OC(=NCCCCCCCCCCCCN=C(O)C(F)(F)C(F)(F)C(F)(F)C(F)(F)C(F)(F)C(F)(F)C(F)(F)C(F)(F)F)C(F)(F)C(F)(F)C(F)(F)C(F)(F)C(F)(F)C(F)(F)C(F)(F)C(F)(F)F"
1498,NA,"ITKZNLZORZOOLJ-UHFFFAOYSA-N","C24H14F34N2O2",1008.051237168,"OC(=NCCCCCCN=C(O)C(F)(F)C(F)(F)C(F)(F)C(F)(F)C(F)(F)C(F)(F)C(F)(F)C(F)(F)F)C(F)(F)C(F)(F)C(F)(F)C(F)(F)C(F)(F)C(F)(F)C(F)(F)C(F)(F)F"
1499,NA,"ZCIGXLUYTDHBRN-UHFFFAOYSA-N","C20H6F34N2O2",951.988636912,"OC(=NCCN=C(O)C(F)(F)C(F)(F)C(F)(F)C(F)(F)C(F)(F)C(F)(F)C(F)(F)C(F)(F)F)C(F)(F)C(F)(F)C(F)(F)C(F)(F)C(F)(F)C(F)(F)C(F)(F)C(F)(F)F"
1500,NA,"PQEMXLVPFPSANM-UHFFFAOYSA-N","C11H3F17O2",489.986159076,"C=COC(=O)C(F)(F)C(F)(F)C(F)(F)C(F)(F)C(F)(F)C(F)(F)C(F)(F)C(F)(F)F"
1501,NA,"DCARDCAPXKDJAG-UHFFFAOYSA-N","C12H5F17O2",504.00180914,"C=CCOC(=O)C(F)(F)C(F)(F)C(F)(F)C(F)(F)C(F)(F)C(F)(F)C(F)(F)C(F)(F)F"
1502,NA,"MWYMNQGTKJSXRY-UHFFFAOYSA-N","C16H7F17O2",554.017459204,"O=C(OCc1ccccc1)C(F)(F)C(F)(F)C(F)(F)C(F)(F)C(F)(F)C(F)(F)C(F)(F)C(F)(F)F"
1503,NA,"JSAHWGDHPZKEPF-UHFFFAOYSA-N","C10H2Br3F17",681.743516104,"FC(F)(F)C(F)(F)C(F)(F)C(F)(F)C(F)(F)C(F)(F)C(F)(F)C(F)(F)C(Br)(Br)CBr"
1504,NA,"KYXQAESZJQBCRU-UHFFFAOYSA-N","C10H2BrF17",523.906841904,"C=C(Br)C(F)(F)C(F)(F)C(F)(F)C(F)(F)C(F)(F)C(F)(F)C(F)(F)C(F)(F)F"
1505,NA,"UVJKQOBSOWPCAF-UHFFFAOYSA-N","C9BrF17O",525.88610646,"O=C(Br)C(F)(F)C(F)(F)C(F)(F)C(F)(F)C(F)(F)C(F)(F)C(F)(F)C(F)(F)F"
1506,NA,"ZYFLRTOFRKYGGJ-UHFFFAOYSA-N","C10H3Br2F17",603.833004036,"FC(F)(F)C(F)(F)C(F)(F)C(F)(F)C(F)(F)C(F)(F)C(F)(F)C(F)(F)C(Br)CBr"
1507,NA,"TXEZRHDYRLWBDY-UHFFFAOYSA-N","C10H2ClF17",479.957357484,"C=C(Cl)C(F)(F)C(F)(F)C(F)(F)C(F)(F)C(F)(F)C(F)(F)C(F)(F)C(F)(F)F"
1508,NA,"MPWXHQITWLFMQM-UHFFFAOYSA-N","C9ClF17O",481.93662204,"O=C(Cl)C(F)(F)C(F)(F)C(F)(F)C(F)(F)C(F)(F)C(F)(F)C(F)(F)C(F)(F)F"
1509,NA,"OWIAIPIQXHPUHV-UHFFFAOYSA-N","C9BrF19",547.88799828,"FC(F)(F)C(F)(F)C(F)(F)C(F)(F)C(F)(F)C(F)(F)C(F)(F)C(F)(F)C(F)(F)Br"
1510,NA,"ZMOVGRSTRJMBKT-UHFFFAOYSA-N","C20F38O3",1009.92406622,"O=C(OC(=O)C(F)(F)C(F)(F)C(F)(F)C(F)(F)C(F)(F)C(F)(F)C(F)(F)C(F)(F)C(F)(F)F)C(F)(F)C(F)(F)C(F)(F)C(F)(F)C(F)(F)C(F)(F)C(F)(F)C(F)(F)C(F)(F)F"
1511,NA,"PGADVLUJBVHESU-UHFFFAOYSA-N","C12H3F19O2",539.982965516,"C=COC(=O)C(F)(F)C(F)(F)C(F)(F)C(F)(F)C(F)(F)C(F)(F)C(F)(F)C(F)(F)C(F)(F)F"
1512,NA,"MCEDOKUQJYNLKR-UHFFFAOYSA-N","C10ClF19O",531.93342848,"O=C(Cl)C(F)(F)C(F)(F)C(F)(F)C(F)(F)C(F)(F)C(F)(F)C(F)(F)C(F)(F)C(F)(F)F"
1513,"307-43-7","JCAULFRGWRHHIG-UHFFFAOYSA-N","C10BrF21",597.88480472,"FC(F)(F)C(F)(F)C(F)(F)C(F)(F)C(F)(F)C(F)(F)C(F)(F)C(F)(F)C(F)(F)C(F)(F)Br"
1514,NA,"VQQUFCBIFOJLEP-UHFFFAOYSA-N","C12H3Br2F21",703.826616916,"FC(F)(F)C(F)(F)C(F)(F)C(F)(F)C(F)(F)C(F)(F)C(F)(F)C(F)(F)C(F)(F)C(F)(F)C(Br)CBr"
1515,NA,"XLDCRDVOTVYYPR-UHFFFAOYSA-N","C12BrF25",697.8784176,"FC(F)(F)C(F)(F)C(F)(F)C(F)(F)C(F)(F)C(F)(F)C(F)(F)C(F)(F)C(F)(F)C(F)(F)C(F)(F)C(F)(F)Br"
1516,"65975-15-7","JKPQYAMTJKRMMG-UHFFFAOYSA-N","C26F53I",1445.81984366,"FC(F)(F)C(F)(F)C(F)(F)C(F)(F)C(F)(F)C(F)(F)C(F)(F)C(F)(F)C(F)(F)C(F)(F)C(F)(F)C(F)(F)C(F)(F)C(F)(F)C(F)(F)C(F)(F)C(F)(F)C(F)(F)C(F)(F)C(F)(F)C(F)(F)C(F)(F)C(F)(F)C(F)(F)C(F)(F)C(F)(F)I"
1517,NA,"AXFFGMPNSZVEDX-UHFFFAOYSA-N","C24F50",1237.920161,"FC(F)(F)C(F)(F)C(F)(F)C(F)(F)C(F)(F)C(F)(F)C(F)(F)C(F)(F)C(F)(F)C(F)(F)C(F)(F)C(F)(F)C(F)(F)C(F)(F)C(F)(F)C(F)(F)C(F)(F)C(F)(F)C(F)(F)C(F)(F)C(F)(F)C(F)(F)C(F)(F)C(F)(F)F"
1518,"39823-55-7","JRJHYWMITKGGTN-UHFFFAOYSA-N","C24F49I",1345.82623078,"FC(F)(F)C(F)(F)C(F)(F)C(F)(F)C(F)(F)C(F)(F)C(F)(F)C(F)(F)C(F)(F)C(F)(F)C(F)(F)C(F)(F)C(F)(F)C(F)(F)C(F)(F)C(F)(F)C(F)(F)C(F)(F)C(F)(F)C(F)(F)C(F)(F)C(F)(F)C(F)(F)C(F)(F)I"
1519,NA,"WZMYHHQUGKBPNU-UHFFFAOYSA-N","C22F46",1137.92654812,"FC(F)(F)C(F)(F)C(F)(F)C(F)(F)C(F)(F)C(F)(F)C(F)(F)C(F)(F)C(F)(F)C(F)(F)C(F)(F)C(F)(F)C(F)(F)C(F)(F)C(F)(F)C(F)(F)C(F)(F)C(F)(F)C(F)(F)C(F)(F)C(F)(F)C(F)(F)F"
1520,"29809-36-7","XEPZXQWMUFPPFO-UHFFFAOYSA-N","C22F45I",1245.8326179,"FC(F)(F)C(F)(F)C(F)(F)C(F)(F)C(F)(F)C(F)(F)C(F)(F)C(F)(F)C(F)(F)C(F)(F)C(F)(F)C(F)(F)C(F)(F)C(F)(F)C(F)(F)C(F)(F)C(F)(F)C(F)(F)C(F)(F)C(F)(F)C(F)(F)C(F)(F)I"
1521,"37589-57-4","WSXNCJNDCDTRSA-UHFFFAOYSA-N","C20F42",1037.93293524,"FC(F)(F)C(F)(F)C(F)(F)C(F)(F)C(F)(F)C(F)(F)C(F)(F)C(F)(F)C(F)(F)C(F)(F)C(F)(F)C(F)(F)C(F)(F)C(F)(F)C(F)(F)C(F)(F)C(F)(F)C(F)(F)C(F)(F)C(F)(F)F"
1522,"29809-34-5","AQDHOJSLSYFQND-UHFFFAOYSA-N","C20F41I",1145.83900502,"FC(F)(F)C(F)(F)C(F)(F)C(F)(F)C(F)(F)C(F)(F)C(F)(F)C(F)(F)C(F)(F)C(F)(F)C(F)(F)C(F)(F)C(F)(F)C(F)(F)C(F)(F)C(F)(F)C(F)(F)C(F)(F)C(F)(F)C(F)(F)I"
1523,"65104-63-4","ZVYZCXJEWPRVAQ-UHFFFAOYSA-N","C20H4F37I",1073.876692268,"FC(F)(F)C(F)(F)C(F)(F)C(F)(F)C(F)(F)C(F)(F)C(F)(F)C(F)(F)C(F)(F)C(F)(F)C(F)(F)C(F)(F)C(F)(F)C(F)(F)C(F)(F)C(F)(F)C(F)(F)C(F)(F)CCI"
1524,"65104-64-5","FXIGCVJVDAFVIC-UHFFFAOYSA-N","C23H7F37O2",1017.985523604,"C=CC(=O)OCCC(F)(F)C(F)(F)C(F)(F)C(F)(F)C(F)(F)C(F)(F)C(F)(F)C(F)(F)C(F)(F)C(F)(F)C(F)(F)C(F)(F)C(F)(F)C(F)(F)C(F)(F)C(F)(F)C(F)(F)C(F)(F)F"
1525,NA,"CKIFXJXKYOEESC-UHFFFAOYSA-N","C18F38",937.93932236,"FC(F)(F)C(F)(F)C(F)(F)C(F)(F)C(F)(F)C(F)(F)C(F)(F)C(F)(F)C(F)(F)C(F)(F)C(F)(F)C(F)(F)C(F)(F)C(F)(F)C(F)(F)C(F)(F)C(F)(F)C(F)(F)F"
1526,"29809-35-6","PDUYKNDSQRUXSC-UHFFFAOYSA-N","C18F37I",1045.84539214,"FC(F)(F)C(F)(F)C(F)(F)C(F)(F)C(F)(F)C(F)(F)C(F)(F)C(F)(F)C(F)(F)C(F)(F)C(F)(F)C(F)(F)C(F)(F)C(F)(F)C(F)(F)C(F)(F)C(F)(F)C(F)(F)I"
1527,"94158-68-6","RKMNPJDKZVNTFV-UHFFFAOYSA-N","C19H5F33O",875.98134604,"FC(F)(F)C(F)(F)C(F)(F)C(F)(F)C(F)(F)C(F)(F)C(F)(F)C(F)(F)C(F)(F)C(F)(F)C(F)(F)C(F)(F)C(F)(F)C(F)(F)C(F)(F)C(F)(F)CC1CO1"
1528,"65150-94-9","GCGKXUZHBVVLML-UHFFFAOYSA-N","C18H4F33I",973.883079388,"FC(F)(F)C(F)(F)C(F)(F)C(F)(F)C(F)(F)C(F)(F)C(F)(F)C(F)(F)C(F)(F)C(F)(F)C(F)(F)C(F)(F)C(F)(F)C(F)(F)C(F)(F)C(F)(F)CCI"
1529,"65150-93-8","UNWCENHMZWUSOR-UHFFFAOYSA-N","C21H7F33O2",917.991910724,"C=CC(=O)OCCC(F)(F)C(F)(F)C(F)(F)C(F)(F)C(F)(F)C(F)(F)C(F)(F)C(F)(F)C(F)(F)C(F)(F)C(F)(F)C(F)(F)C(F)(F)C(F)(F)C(F)(F)C(F)(F)F"
1530,"355-49-7","AQPUCGPFMVEJGS-UHFFFAOYSA-N","C16F34",837.94570948,"FC(F)(F)C(F)(F)C(F)(F)C(F)(F)C(F)(F)C(F)(F)C(F)(F)C(F)(F)C(F)(F)C(F)(F)C(F)(F)C(F)(F)C(F)(F)C(F)(F)C(F)(F)C(F)(F)F"
1531,"355-50-0","LEILRZKFWLKYCT-UHFFFAOYSA-N","C16F33I",945.85177926,"FC(F)(F)C(F)(F)C(F)(F)C(F)(F)C(F)(F)C(F)(F)C(F)(F)C(F)(F)C(F)(F)C(F)(F)C(F)(F)C(F)(F)C(F)(F)C(F)(F)C(F)(F)C(F)(F)I"
1532,NA,"QKYNDPROJKKCEU-UHFFFAOYSA-N","C15F32",787.94890304,"FC(F)(F)C(F)(F)C(F)(F)C(F)(F)C(F)(F)C(F)(F)C(F)(F)C(F)(F)C(F)(F)C(F)(F)C(F)(F)C(F)(F)C(F)(F)C(F)(F)C(F)(F)F"
1533,NA,"SVOCBPYVHOTFRV-UHFFFAOYSA-N","C15F31I",895.85497282,"FC(F)(F)C(F)(F)C(F)(F)C(F)(F)C(F)(F)C(F)(F)C(F)(F)C(F)(F)C(F)(F)C(F)(F)C(F)(F)C(F)(F)C(F)(F)C(F)(F)C(F)(F)I"
1534,NA,"TXLLWUJNKSALQH-UHFFFAOYSA-N","C16H3F29",745.977168476,"C=CC(F)(F)C(F)(F)C(F)(F)C(F)(F)C(F)(F)C(F)(F)C(F)(F)C(F)(F)C(F)(F)C(F)(F)C(F)(F)C(F)(F)C(F)(F)C(F)(F)F"
1535,"94158-67-5","WCTXFFMYNHVNSS-UHFFFAOYSA-N","C17H5F29O",775.98773316,"FC(F)(F)C(F)(F)C(F)(F)C(F)(F)C(F)(F)C(F)(F)C(F)(F)C(F)(F)C(F)(F)C(F)(F)C(F)(F)C(F)(F)C(F)(F)C(F)(F)CC1CO1"
1536,"65510-55-6","KHGHLOYBMLYJPS-UHFFFAOYSA-N","C16H4F29I",873.889466508,"FC(F)(F)C(F)(F)C(F)(F)C(F)(F)C(F)(F)C(F)(F)C(F)(F)C(F)(F)C(F)(F)C(F)(F)C(F)(F)C(F)(F)C(F)(F)C(F)(F)CCI"
1537,"34362-49-7","KLOHTAIHCCMZIL-UHFFFAOYSA-N","C19H7F29O2",817.998297844,"C=CC(=O)OCCC(F)(F)C(F)(F)C(F)(F)C(F)(F)C(F)(F)C(F)(F)C(F)(F)C(F)(F)C(F)(F)C(F)(F)C(F)(F)C(F)(F)C(F)(F)C(F)(F)F"
1538,NA,"KFHDQTKUUBFHAY-UHFFFAOYSA-N","C48H12F87O4P",2335.908400634,"O=P(OCCC(F)(F)C(F)(F)C(F)(F)C(F)(F)C(F)(F)C(F)(F)C(F)(F)C(F)(F)C(F)(F)C(F)(F)C(F)(F)C(F)(F)C(F)(F)C(F)(F)F)(OCCC(F)(F)C(F)(F)C(F)(F)C(F)(F)C(F)(F)C(F)(F)C(F)(F)C(F)(F)C(F)(F)C(F)(F)C(F)(F)C(F)(F)C(F)(F)C(F)(F)F)OCCC(F)(F)C(F)(F)C(F)(F)C(F)(F)C(F)(F)C(F)(F)C(F)(F)C(F)(F)C(F)(F)C(F)(F)C(F)(F)C(F)(F)C(F)(F)C(F)(F)F"
1539,"307-62-0","HYZQZWDYBKVIRI-UHFFFAOYSA-N","C14F30",737.9520966,"FC(F)(F)C(F)(F)C(F)(F)C(F)(F)C(F)(F)C(F)(F)C(F)(F)C(F)(F)C(F)(F)C(F)(F)C(F)(F)C(F)(F)C(F)(F)C(F)(F)F"
1540,"307-63-1","MHIPPKXKESHCIO-UHFFFAOYSA-N","C14F29I",845.85816638,"FC(F)(F)C(F)(F)C(F)(F)C(F)(F)C(F)(F)C(F)(F)C(F)(F)C(F)(F)C(F)(F)C(F)(F)C(F)(F)C(F)(F)C(F)(F)C(F)(F)I"
1541,NA,"NWVPZIXSRLLVAM-UHFFFAOYSA-N","C15H3F27",695.980362036,"C=CC(F)(F)C(F)(F)C(F)(F)C(F)(F)C(F)(F)C(F)(F)C(F)(F)C(F)(F)C(F)(F)C(F)(F)C(F)(F)C(F)(F)C(F)(F)F"
1542,NA,"QCMDKROLEDJSMF-UHFFFAOYSA-N","C15H4F27I",823.892660068,"FC(F)(F)C(F)(F)C(F)(F)C(F)(F)C(F)(F)C(F)(F)C(F)(F)C(F)(F)C(F)(F)C(F)(F)C(F)(F)C(F)(F)C(F)(F)CCI"
1543,NA,"XJRHWVMSUNRDCA-UHFFFAOYSA-N","C13F28",687.95529016,"FC(F)(F)C(F)(F)C(F)(F)C(F)(F)C(F)(F)C(F)(F)C(F)(F)C(F)(F)C(F)(F)C(F)(F)C(F)(F)C(F)(F)C(F)(F)F"
1544,NA,"DSXBFFPIBZRADQ-UHFFFAOYSA-N","C13F27I",795.86135994,"FC(F)(F)C(F)(F)C(F)(F)C(F)(F)C(F)(F)C(F)(F)C(F)(F)C(F)(F)C(F)(F)C(F)(F)C(F)(F)C(F)(F)C(F)(F)I"
1545,NA,"CAAQNKVBCKOIAP-UHFFFAOYSA-N","C14H3F25",645.983555596,"C=CC(F)(F)C(F)(F)C(F)(F)C(F)(F)C(F)(F)C(F)(F)C(F)(F)C(F)(F)C(F)(F)C(F)(F)C(F)(F)C(F)(F)F"
1546,NA,"ORKJDGJQRJIXIG-UHFFFAOYSA-N","C30H10F50I2",1573.80735732,"FC(F)(F)C(F)(F)C(F)(F)C(F)(F)C(F)(F)C(F)(F)C(F)(F)C(F)(F)C(F)(F)C(F)(F)C(F)(F)C(F)(F)CC(I)CCC(I)CC(F)(F)C(F)(F)C(F)(F)C(F)(F)C(F)(F)C(F)(F)C(F)(F)C(F)(F)C(F)(F)C(F)(F)C(F)(F)C(F)(F)F"
1547,NA,"QGKNMQUBVNOYTQ-UHFFFAOYSA-N","C32H14F50I2",1601.838657448,"FC(F)(F)C(F)(F)C(F)(F)C(F)(F)C(F)(F)C(F)(F)C(F)(F)C(F)(F)C(F)(F)C(F)(F)C(F)(F)C(F)(F)CC(I)CCCCC(I)CC(F)(F)C(F)(F)C(F)(F)C(F)(F)C(F)(F)C(F)(F)C(F)(F)C(F)(F)C(F)(F)C(F)(F)C(F)(F)C(F)(F)F"
1548,NA,"SEQYYJKDJLYILZ-UHFFFAOYSA-N","C36H22F50I2",1657.901257704,"FC(F)(F)C(F)(F)C(F)(F)C(F)(F)C(F)(F)C(F)(F)C(F)(F)C(F)(F)C(F)(F)C(F)(F)C(F)(F)C(F)(F)CC(I)CCCCCCCCC(I)CC(F)(F)C(F)(F)C(F)(F)C(F)(F)C(F)(F)C(F)(F)C(F)(F)C(F)(F)C(F)(F)C(F)(F)C(F)(F)C(F)(F)F"
1549,NA,"UHNUYVNSKZRHTM-UHFFFAOYSA-N","C46H42F50I2",1798.057758344,"FC(F)(F)C(F)(F)C(F)(F)C(F)(F)C(F)(F)C(F)(F)C(F)(F)C(F)(F)C(F)(F)C(F)(F)C(F)(F)C(F)(F)CC(I)CCCCCCCCCCCCCCCCCCC(I)CC(F)(F)C(F)(F)C(F)(F)C(F)(F)C(F)(F)C(F)(F)C(F)(F)C(F)(F)C(F)(F)C(F)(F)C(F)(F)C(F)(F)F"
1550,"94158-66-4","QAXVXGRPJJMLJF-UHFFFAOYSA-N","C15H5F25O",675.99412028,"FC(F)(F)C(F)(F)C(F)(F)C(F)(F)C(F)(F)C(F)(F)C(F)(F)C(F)(F)C(F)(F)C(F)(F)C(F)(F)C(F)(F)CC1CO1"
1551,NA,"BWUCWZIHUKQYCT-UHFFFAOYSA-N","C30H12F50",1322.014061384,"FC(F)(F)C(F)(F)C(F)(F)C(F)(F)C(F)(F)C(F)(F)C(F)(F)C(F)(F)C(F)(F)C(F)(F)C(F)(F)C(F)(F)CCCCCCC(F)(F)C(F)(F)C(F)(F)C(F)(F)C(F)(F)C(F)(F)C(F)(F)C(F)(F)C(F)(F)C(F)(F)C(F)(F)C(F)(F)F"
1552,NA,"QPOZZZHPGZIDCY-UHFFFAOYSA-N","C32H16F50",1350.045361512,"FC(F)(F)C(F)(F)C(F)(F)C(F)(F)C(F)(F)C(F)(F)C(F)(F)C(F)(F)C(F)(F)C(F)(F)C(F)(F)C(F)(F)CCCCCCCCC(F)(F)C(F)(F)C(F)(F)C(F)(F)C(F)(F)C(F)(F)C(F)(F)C(F)(F)C(F)(F)C(F)(F)C(F)(F)C(F)(F)F"
1553,NA,"PFAVUDZZGGYFMU-UHFFFAOYSA-N","C34H20F50",1378.07666164,"FC(F)(F)C(F)(F)C(F)(F)C(F)(F)C(F)(F)C(F)(F)C(F)(F)C(F)(F)C(F)(F)C(F)(F)C(F)(F)C(F)(F)CCCCCCCCCCC(F)(F)C(F)(F)C(F)(F)C(F)(F)C(F)(F)C(F)(F)C(F)(F)C(F)(F)C(F)(F)C(F)(F)C(F)(F)C(F)(F)F"
1554,NA,"HFOWLNFMBKJQLB-UHFFFAOYSA-N","C36H24F50",1406.107961768,"FC(F)(F)C(F)(F)C(F)(F)C(F)(F)C(F)(F)C(F)(F)C(F)(F)C(F)(F)C(F)(F)C(F)(F)C(F)(F)C(F)(F)CCCCCCCCCCCCC(F)(F)C(F)(F)C(F)(F)C(F)(F)C(F)(F)C(F)(F)C(F)(F)C(F)(F)C(F)(F)C(F)(F)C(F)(F)C(F)(F)F"
1555,NA,"VEGRVJJJOBLZDZ-UHFFFAOYSA-N","C44H40F50",1518.23316228,"FC(F)(F)C(F)(F)C(F)(F)C(F)(F)C(F)(F)C(F)(F)C(F)(F)C(F)(F)C(F)(F)C(F)(F)C(F)(F)C(F)(F)CCCCCCCCCCCCCCCCCCCCC(F)(F)C(F)(F)C(F)(F)C(F)(F)C(F)(F)C(F)(F)C(F)(F)C(F)(F)C(F)(F)C(F)(F)C(F)(F)C(F)(F)F"
1556,NA,"UJOWZAIRTQOZQR-UHFFFAOYSA-N","C46H44F50",1546.264462408,"FC(F)(F)C(F)(F)C(F)(F)C(F)(F)C(F)(F)C(F)(F)C(F)(F)C(F)(F)C(F)(F)C(F)(F)C(F)(F)C(F)(F)CCCCCCCCCCCCCCCCCCCCCCC(F)(F)C(F)(F)C(F)(F)C(F)(F)C(F)(F)C(F)(F)C(F)(F)C(F)(F)C(F)(F)C(F)(F)C(F)(F)C(F)(F)F"
1557,"30046-31-2","DBXLDZXWSFMBRB-UHFFFAOYSA-N","C14H4F25I",773.895853628,"FC(F)(F)C(F)(F)C(F)(F)C(F)(F)C(F)(F)C(F)(F)C(F)(F)C(F)(F)C(F)(F)C(F)(F)C(F)(F)C(F)(F)CCI"
1558,"34395-24-9","SWTZSHBOMGAQKX-UHFFFAOYSA-N","C17H7F25O2",718.004684964,"C=CC(=O)OCCC(F)(F)C(F)(F)C(F)(F)C(F)(F)C(F)(F)C(F)(F)C(F)(F)C(F)(F)C(F)(F)C(F)(F)C(F)(F)C(F)(F)F"
1559,"68758-57-6","OWNXTVBJQHTUHT-UHFFFAOYSA-N","C14H4ClF25O2S",745.922133548,"O=S(=O)(Cl)CCC(F)(F)C(F)(F)C(F)(F)C(F)(F)C(F)(F)C(F)(F)C(F)(F)C(F)(F)C(F)(F)C(F)(F)C(F)(F)C(F)(F)F"
1560,"307-59-5","WNZGTRLARPEMIG-UHFFFAOYSA-N","C12F26",637.95848372,"FC(F)(F)C(F)(F)C(F)(F)C(F)(F)C(F)(F)C(F)(F)C(F)(F)C(F)(F)C(F)(F)C(F)(F)C(F)(F)C(F)(F)F"
1561,"307-60-8","WBYCUETVRCXUPE-UHFFFAOYSA-N","C12F25I",745.8645535,"FC(F)(F)C(F)(F)C(F)(F)C(F)(F)C(F)(F)C(F)(F)C(F)(F)C(F)(F)C(F)(F)C(F)(F)C(F)(F)C(F)(F)I"
1562,NA,"PKTJTELNIOJBQE-UHFFFAOYSA-N","C13H3F23",595.986749156,"C=CC(F)(F)C(F)(F)C(F)(F)C(F)(F)C(F)(F)C(F)(F)C(F)(F)C(F)(F)C(F)(F)C(F)(F)C(F)(F)F"
1563,NA,"ROBJGVIBSNEVQR-UHFFFAOYSA-N","C13H4F23I",723.899047188,"FC(F)(F)C(F)(F)C(F)(F)C(F)(F)C(F)(F)C(F)(F)C(F)(F)C(F)(F)C(F)(F)C(F)(F)C(F)(F)CCI"
1564,NA,"RWORWXDIJRECQZ-UHFFFAOYSA-N","C16H2F32O3S",881.921367964,"O=S(=O)(OCC(F)(F)C(F)(F)C(F)(F)C(F)(F)C(F)(F)C(F)(F)C(F)(F)C(F)(F)C(F)(F)C(F)(F)C(F)(F)F)C(F)(F)C(F)(F)C(F)(F)C(F)(F)F"
1565,NA,"VCIVYCHKSHULON-UHFFFAOYSA-N","C11F24",587.96167728,"FC(F)(F)C(F)(F)C(F)(F)C(F)(F)C(F)(F)C(F)(F)C(F)(F)C(F)(F)C(F)(F)C(F)(F)C(F)(F)F"
1566,NA,"TZOCNIUPCRBERM-UHFFFAOYSA-N","C11F23I",695.86774706,"FC(F)(F)C(F)(F)C(F)(F)C(F)(F)C(F)(F)C(F)(F)C(F)(F)C(F)(F)C(F)(F)C(F)(F)C(F)(F)I"
1567,"30389-25-4","UCHSAVGOZUCXHC-UHFFFAOYSA-N","C12H3F21",545.989942716,"C=CC(F)(F)C(F)(F)C(F)(F)C(F)(F)C(F)(F)C(F)(F)C(F)(F)C(F)(F)C(F)(F)C(F)(F)F"
1568,NA,"SIGVLQANXAPTLB-UHFFFAOYSA-N","C11HF21O",547.969207272,"O=CC(F)(F)C(F)(F)C(F)(F)C(F)(F)C(F)(F)C(F)(F)C(F)(F)C(F)(F)C(F)(F)C(F)(F)F"
1569,NA,"DFIGPMQDPGDKNY-UHFFFAOYSA-N","C13H3F21N2",585.996090716,"FC(F)(F)C(F)(F)C(F)(F)C(F)(F)C(F)(F)C(F)(F)C(F)(F)C(F)(F)C(F)(F)C(F)(F)c1cnc[nH]1"
1570,NA,"VKBLMPJLEYTODL-UHFFFAOYSA-N","C13H3F21N2",585.996090716,"FC(F)(F)C(F)(F)C(F)(F)C(F)(F)C(F)(F)C(F)(F)C(F)(F)C(F)(F)C(F)(F)C(F)(F)c1ncc[nH]1"
1571,"64018-26-4","DYTUUAFTUFQJQV-UHFFFAOYSA-N","C12H2ClF21O",595.945884984,"O=C(Cl)CC(F)(F)C(F)(F)C(F)(F)C(F)(F)C(F)(F)C(F)(F)C(F)(F)C(F)(F)C(F)(F)C(F)(F)F"
1572,NA,"LSSMOSYTCGGJLI-UHFFFAOYSA-N","C26H10F42I2",1373.82013156,"FC(F)(F)C(F)(F)C(F)(F)C(F)(F)C(F)(F)C(F)(F)C(F)(F)C(F)(F)C(F)(F)C(F)(F)CC(I)CCC(I)CC(F)(F)C(F)(F)C(F)(F)C(F)(F)C(F)(F)C(F)(F)C(F)(F)C(F)(F)C(F)(F)C(F)(F)F"
1573,NA,"KPVZOQDUNQYHOB-UHFFFAOYSA-N","C27H12F42I2",1387.835781624,"FC(F)(F)C(F)(F)C(F)(F)C(F)(F)C(F)(F)C(F)(F)C(F)(F)C(F)(F)C(F)(F)C(F)(F)CC(I)CCCC(I)CC(F)(F)C(F)(F)C(F)(F)C(F)(F)C(F)(F)C(F)(F)C(F)(F)C(F)(F)C(F)(F)C(F)(F)F"
1574,NA,"MOHPJJQBMZLKSR-UHFFFAOYSA-N","C28H14F42I2",1401.851431688,"FC(F)(F)C(F)(F)C(F)(F)C(F)(F)C(F)(F)C(F)(F)C(F)(F)C(F)(F)C(F)(F)C(F)(F)CC(I)CCCCC(I)CC(F)(F)C(F)(F)C(F)(F)C(F)(F)C(F)(F)C(F)(F)C(F)(F)C(F)(F)C(F)(F)C(F)(F)F"
1575,NA,"DQXIYVFFIHADCW-UHFFFAOYSA-N","C32H22F42I2",1457.914031944,"FC(F)(F)C(F)(F)C(F)(F)C(F)(F)C(F)(F)C(F)(F)C(F)(F)C(F)(F)C(F)(F)C(F)(F)CC(I)CCCCCCCCC(I)CC(F)(F)C(F)(F)C(F)(F)C(F)(F)C(F)(F)C(F)(F)C(F)(F)C(F)(F)C(F)(F)C(F)(F)F"
1576,NA,"DFKYJTGKLKVXAB-UHFFFAOYSA-N","C12H3F21O",561.984857336,"O=CCC(F)(F)C(F)(F)C(F)(F)C(F)(F)C(F)(F)C(F)(F)C(F)(F)C(F)(F)C(F)(F)C(F)(F)F"
1577,"38565-54-7","KVLHRMQNRDJRKW-UHFFFAOYSA-N","C13H5F21O",576.0005074,"FC(F)(F)C(F)(F)C(F)(F)C(F)(F)C(F)(F)C(F)(F)C(F)(F)C(F)(F)C(F)(F)C(F)(F)CC1CO1"
1578,NA,"FUNGIPYUUZNTQZ-UHFFFAOYSA-N","C12H4BrF21",625.916104848,"FC(F)(F)C(F)(F)C(F)(F)C(F)(F)C(F)(F)C(F)(F)C(F)(F)C(F)(F)C(F)(F)C(F)(F)CCBr"
1579,NA,"FZCXKUMBLKTHGQ-UHFFFAOYSA-N","C13H4F21N",573.000841748,"N#CCCC(F)(F)C(F)(F)C(F)(F)C(F)(F)C(F)(F)C(F)(F)C(F)(F)C(F)(F)C(F)(F)C(F)(F)F"
1580,NA,"KNZBXTXREIVSMC-UHFFFAOYSA-N","C26H12F42",1122.026835624,"FC(F)(F)C(F)(F)C(F)(F)C(F)(F)C(F)(F)C(F)(F)C(F)(F)C(F)(F)C(F)(F)C(F)(F)CCCCCCC(F)(F)C(F)(F)C(F)(F)C(F)(F)C(F)(F)C(F)(F)C(F)(F)C(F)(F)C(F)(F)C(F)(F)F"
1581,NA,"DINNCEFEQGXTPY-UHFFFAOYSA-N","C28H16F42",1150.058135752,"FC(F)(F)C(F)(F)C(F)(F)C(F)(F)C(F)(F)C(F)(F)C(F)(F)C(F)(F)C(F)(F)C(F)(F)CCCCCCCCC(F)(F)C(F)(F)C(F)(F)C(F)(F)C(F)(F)C(F)(F)C(F)(F)C(F)(F)C(F)(F)C(F)(F)F"
1582,NA,"IMGWTCMULAUXKG-UHFFFAOYSA-N","C30H20F42",1178.08943588,"FC(F)(F)C(F)(F)C(F)(F)C(F)(F)C(F)(F)C(F)(F)C(F)(F)C(F)(F)C(F)(F)C(F)(F)CCCCCCCCCCC(F)(F)C(F)(F)C(F)(F)C(F)(F)C(F)(F)C(F)(F)C(F)(F)C(F)(F)C(F)(F)C(F)(F)F"
1583,NA,"VABACYFDDRVUKV-UHFFFAOYSA-N","C32H24F42",1206.120736008,"FC(F)(F)C(F)(F)C(F)(F)C(F)(F)C(F)(F)C(F)(F)C(F)(F)C(F)(F)C(F)(F)C(F)(F)CCCCCCCCCCCCC(F)(F)C(F)(F)C(F)(F)C(F)(F)C(F)(F)C(F)(F)C(F)(F)C(F)(F)C(F)(F)C(F)(F)F"
1584,NA,"JYADHEPYZFNKON-UHFFFAOYSA-N","C13H6F21I",687.917890812,"FC(F)(F)C(F)(F)C(F)(F)C(F)(F)C(F)(F)C(F)(F)C(F)(F)C(F)(F)C(F)(F)C(F)(F)CCCI"
1585,"2043-54-1","HVWXRMINOYZYCK-UHFFFAOYSA-N","C12H4F21I",673.902240748,"FC(F)(F)C(F)(F)C(F)(F)C(F)(F)C(F)(F)C(F)(F)C(F)(F)C(F)(F)C(F)(F)C(F)(F)CCI"
1586,"137738-90-0","FIAHOPQKBBASOY-UHFFFAOYSA-N","C15H7F21O2",618.011072084,"C=CC(=O)OCCC(F)(F)C(F)(F)C(F)(F)C(F)(F)C(F)(F)C(F)(F)C(F)(F)C(F)(F)C(F)(F)C(F)(F)F"
1587,NA,"BVOVIJBDEFICAD-UHFFFAOYSA-N","C19H10F21NO2",683.03762118,"OC(=Nc1ccccc1)OCCC(F)(F)C(F)(F)C(F)(F)C(F)(F)C(F)(F)C(F)(F)C(F)(F)C(F)(F)C(F)(F)C(F)(F)F"
1588,NA,"LRTBLMPVLVRYHX-UHFFFAOYSA-N","C23H12F21NO2",733.053271244,"OC(=Nc1cccc2ccccc12)OCCC(F)(F)C(F)(F)C(F)(F)C(F)(F)C(F)(F)C(F)(F)C(F)(F)C(F)(F)C(F)(F)C(F)(F)F"
1589,NA,"YBJWUCHKFPHEOV-UHFFFAOYSA-N","C36H12F63O4P",1735.946723354,"O=P(OCCC(F)(F)C(F)(F)C(F)(F)C(F)(F)C(F)(F)C(F)(F)C(F)(F)C(F)(F)C(F)(F)C(F)(F)F)(OCCC(F)(F)C(F)(F)C(F)(F)C(F)(F)C(F)(F)C(F)(F)C(F)(F)C(F)(F)C(F)(F)C(F)(F)F)OCCC(F)(F)C(F)(F)C(F)(F)C(F)(F)C(F)(F)C(F)(F)C(F)(F)C(F)(F)C(F)(F)C(F)(F)F"
1590,NA,"WUHVTJLYXHSDMR-UHFFFAOYSA-N","C12H5F21S",579.97766378,"FC(F)(F)C(F)(F)C(F)(F)C(F)(F)C(F)(F)C(F)(F)C(F)(F)C(F)(F)C(F)(F)C(F)(F)CCS"
1591,"27619-91-6","WYMPCOCJUKZUBF-UHFFFAOYSA-N","C12H4ClF21O2S",645.928520668,"O=S(=O)(Cl)CCC(F)(F)C(F)(F)C(F)(F)C(F)(F)C(F)(F)C(F)(F)C(F)(F)C(F)(F)C(F)(F)C(F)(F)F"
1592,"94231-57-9","FPBNSCOPAZCJAV-UHFFFAOYSA-N","C14H5F21O2",603.99542202,"C=CC(=O)OCC(F)(F)C(F)(F)C(F)(F)C(F)(F)C(F)(F)C(F)(F)C(F)(F)C(F)(F)C(F)(F)C(F)(F)F"
1593,"307-45-9","BPHQIXJDBIHMLT-UHFFFAOYSA-N","C10F22",537.96487084,"FC(F)(F)C(F)(F)C(F)(F)C(F)(F)C(F)(F)C(F)(F)C(F)(F)C(F)(F)C(F)(F)C(F)(F)F"
1594,"423-62-1","UDWBMXSQHOHKOI-UHFFFAOYSA-N","C10F21I",645.87094062,"FC(F)(F)C(F)(F)C(F)(F)C(F)(F)C(F)(F)C(F)(F)C(F)(F)C(F)(F)C(F)(F)C(F)(F)I"
1595,"307-51-7","QMNUYVWNQITPHA-UHFFFAOYSA-N","C10F22O2S",601.92677108,"O=S(=O)(F)C(F)(F)C(F)(F)C(F)(F)C(F)(F)C(F)(F)C(F)(F)C(F)(F)C(F)(F)C(F)(F)C(F)(F)F"
1596,NA,"SWWADTZXHRGDPA-UHFFFAOYSA-N","C11H3F19",495.993136276,"C=CC(F)(F)C(F)(F)C(F)(F)C(F)(F)C(F)(F)C(F)(F)C(F)(F)C(F)(F)C(F)(F)F"
1597,"68155-54-4","RABDXRSZMMTNLB-UHFFFAOYSA-N","C14F28O",715.95020478,"FC(F)(F)C(F)(F)C(F)(F)C(F)(F)C(F)(F)C(F)(F)C(F)(F)C(F)(F)C(F)(F)C1(F)OC(F)(F)C(F)(F)C(F)(F)C1(F)F"
1598,NA,"SCYPOZNDUGMAJH-UHFFFAOYSA-N","C16H4F19NO",586.998949928,"O=C=Nc1ccc(C(F)(F)C(F)(F)C(F)(F)C(F)(F)C(F)(F)C(F)(F)C(F)(F)C(F)(F)C(F)(F)F)cc1"
1599,"57101-59-4","RTAZGRONMASOMW-UHFFFAOYSA-N","C30F57N3",1484.91820554,"FC(F)(F)C(F)(F)C(F)(F)C(F)(F)C(F)(F)C(F)(F)C(F)(F)C(F)(F)C(F)(F)c1nc(C(F)(F)C(F)(F)C(F)(F)C(F)(F)C(F)(F)C(F)(F)C(F)(F)C(F)(F)C(F)(F)F)nc(C(F)(F)C(F)(F)C(F)(F)C(F)(F)C(F)(F)C(F)(F)C(F)(F)C(F)(F)C(F)(F)F)n1"
1600,"65510-56-7","UXFIGGWFHDAMOO-UHFFFAOYSA-N","C11H4F19I",623.905434308,"FC(F)(F)C(F)(F)C(F)(F)C(F)(F)C(F)(F)C(F)(F)C(F)(F)C(F)(F)C(F)(F)CCI"
1601,"65702-24-1","UKNLPYXLGGKLMW-UHFFFAOYSA-N","C11H4ClF19O2S",595.931714228,"O=S(=O)(Cl)CCC(F)(F)C(F)(F)C(F)(F)C(F)(F)C(F)(F)C(F)(F)C(F)(F)C(F)(F)C(F)(F)F"
1602,NA,"QPVJROJBHCURKR-UHFFFAOYSA-N","C13H5F19O2",553.99861558,"C=CC(=O)OCC(F)(F)C(F)(F)C(F)(F)C(F)(F)C(F)(F)C(F)(F)C(F)(F)C(F)(F)C(F)(F)F"
1603,NA,"UVWPNDVAQBNQBG-UHFFFAOYSA-N","C9F20",487.9680644,"FC(F)(F)C(F)(F)C(F)(F)C(F)(F)C(F)(F)C(F)(F)C(F)(F)C(F)(F)C(F)(F)F"
1604,"558-97-4","YYCFEDCTRHSPLB-UHFFFAOYSA-N","C9F19I",595.87413418,"FC(F)(F)C(F)(F)C(F)(F)C(F)(F)C(F)(F)C(F)(F)C(F)(F)C(F)(F)C(F)(F)I"
1605,"68259-06-3","NBFKXQZHVNHRSB-UHFFFAOYSA-N","C9F20O2S",551.92996464,"O=S(=O)(F)C(F)(F)C(F)(F)C(F)(F)C(F)(F)C(F)(F)C(F)(F)C(F)(F)C(F)(F)C(F)(F)F"
1606,"21652-58-4","NKAMGQZDVMQEJL-UHFFFAOYSA-N","C10H3F17",445.996329836,"C=CC(F)(F)C(F)(F)C(F)(F)C(F)(F)C(F)(F)C(F)(F)C(F)(F)C(F)(F)F"
1607,NA,"COSIKBRYNURQMV-UHFFFAOYSA-N","C18H2F34",863.961359544,"FC(F)(F)C(F)(F)C(F)(F)C(F)(F)C(F)(F)C(F)(F)C(F)(F)C(F)(F)C=CC(F)(F)C(F)(F)C(F)(F)C(F)(F)C(F)(F)C(F)(F)C(F)(F)C(F)(F)F"
1608,NA,"VQWYSTZTOSMTTA-UHFFFAOYSA-N","C42H12F51P",1515.986226234,"FC(F)(F)C(F)(F)C(F)(F)C(F)(F)C(F)(F)C(F)(F)C(F)(F)C(F)(F)c1cccc(P(c2cccc(C(F)(F)C(F)(F)C(F)(F)C(F)(F)C(F)(F)C(F)(F)C(F)(F)C(F)(F)F)c2)c2cccc(C(F)(F)C(F)(F)C(F)(F)C(F)(F)C(F)(F)C(F)(F)C(F)(F)C(F)(F)F)c2)c1"
1609,NA,"CCDZSLNFIBUPNY-UHFFFAOYSA-N","C14H4BrF17",573.922491968,"FC(F)(F)C(F)(F)C(F)(F)C(F)(F)C(F)(F)C(F)(F)C(F)(F)C(F)(F)c1cccc(Br)c1"
1610,NA,"XDEOJAJPLXXYKA-UHFFFAOYSA-N","C14H4BrF17",573.922491968,"FC(F)(F)C(F)(F)C(F)(F)C(F)(F)C(F)(F)C(F)(F)C(F)(F)C(F)(F)c1ccc(Br)cc1"
1611,NA,"DBTAMHSPOTZDDY-UHFFFAOYSA-N","C16H7F17",522.027629964,"C=Cc1ccc(C(F)(F)C(F)(F)C(F)(F)C(F)(F)C(F)(F)C(F)(F)C(F)(F)C(F)(F)F)cc1"
1612,NA,"RTNPUWLBWXIECX-UHFFFAOYSA-N","C42H12F51P",1515.986226234,"FC(F)(F)C(F)(F)C(F)(F)C(F)(F)C(F)(F)C(F)(F)C(F)(F)C(F)(F)c1ccc(P(c2ccc(C(F)(F)C(F)(F)C(F)(F)C(F)(F)C(F)(F)C(F)(F)C(F)(F)C(F)(F)F)cc2)c2ccc(C(F)(F)C(F)(F)C(F)(F)C(F)(F)C(F)(F)C(F)(F)C(F)(F)C(F)(F)F)cc2)cc1"
1613,NA,"CYLIQDNNFMKOLN-UHFFFAOYSA-N","C14H5F17",496.0119799,"FC(F)(F)C(F)(F)C(F)(F)C(F)(F)C(F)(F)C(F)(F)C(F)(F)C(F)(F)c1ccccc1"
1614,NA,"JEHFODHLGGKHGC-UHFFFAOYSA-N","C12H3F17S",501.968400836,"FC(F)(F)C(F)(F)C(F)(F)C(F)(F)C(F)(F)C(F)(F)C(F)(F)C(F)(F)c1cccs1"
1615,NA,"ZJGFRIPXEMYHFJ-UHFFFAOYSA-N","C11H3F17N2",486.002477836,"FC(F)(F)C(F)(F)C(F)(F)C(F)(F)C(F)(F)C(F)(F)C(F)(F)C(F)(F)c1cnc[nH]1"
1616,NA,"NQDRASINBDLRQZ-UHFFFAOYSA-N","C11H3F17N2",486.002477836,"FC(F)(F)C(F)(F)C(F)(F)C(F)(F)C(F)(F)C(F)(F)C(F)(F)C(F)(F)c1cn[nH]c1"
1617,NA,"HCQJAAKQIMFGKR-UHFFFAOYSA-N","C12H3F17S",501.968400836,"FC(F)(F)C(F)(F)C(F)(F)C(F)(F)C(F)(F)C(F)(F)C(F)(F)C(F)(F)c1ccsc1"
1618,NA,"WYQHIAPIABYQRN-UHFFFAOYSA-N","C10H3F17O",461.991244456,"FC(F)(F)C(F)(F)C(F)(F)C(F)(F)C(F)(F)C(F)(F)C(F)(F)C(F)(F)C1CO1"
1619,NA,"JZLSJSIYEYSKCH-UHFFFAOYSA-N","C10H3F17O3",493.981073696,"FC(F)(F)C(F)(F)C(F)(F)C(F)(F)C(F)(F)C(F)(F)C(F)(F)C(F)(F)C1OCOO1"
1620,"64018-23-1","FMAZHALGIPCISB-UHFFFAOYSA-N","C10H2ClF17O",495.952272104,"O=C(Cl)CC(F)(F)C(F)(F)C(F)(F)C(F)(F)C(F)(F)C(F)(F)C(F)(F)C(F)(F)F"
1621,NA,"LMJIUSRWSARGTG-UHFFFAOYSA-N","C18H3F34I",991.873657576,"FC(F)(F)C(F)(F)C(F)(F)C(F)(F)C(F)(F)C(F)(F)C(F)(F)C(F)(F)CC(I)C(F)(F)C(F)(F)C(F)(F)C(F)(F)C(F)(F)C(F)(F)C(F)(F)C(F)(F)F"
1622,NA,"GOFZRUGTCVZCAB-UHFFFAOYSA-N","C21H8F34I2",1159.817255736,"FC(F)(F)C(F)(F)C(F)(F)C(F)(F)C(F)(F)C(F)(F)C(F)(F)C(F)(F)CC(I)CC(I)CC(F)(F)C(F)(F)C(F)(F)C(F)(F)C(F)(F)C(F)(F)C(F)(F)C(F)(F)F"
1623,NA,"SELAZSIAMBJAMF-UHFFFAOYSA-N","C22H10F34I2",1173.8329058,"FC(F)(F)C(F)(F)C(F)(F)C(F)(F)C(F)(F)C(F)(F)C(F)(F)C(F)(F)CC(I)CCC(I)CC(F)(F)C(F)(F)C(F)(F)C(F)(F)C(F)(F)C(F)(F)C(F)(F)C(F)(F)F"
1624,NA,"HVBADBGMDBTYFU-UHFFFAOYSA-N","C24H14F34I2",1201.864205928,"FC(F)(F)C(F)(F)C(F)(F)C(F)(F)C(F)(F)C(F)(F)C(F)(F)C(F)(F)CC(I)CCCCC(I)CC(F)(F)C(F)(F)C(F)(F)C(F)(F)C(F)(F)C(F)(F)C(F)(F)C(F)(F)F"
1625,NA,"XLQJVLIZYYUBIL-UHFFFAOYSA-N","C28H18F34I2O4",1317.875164536,"O=C(CCCCC(=O)OCC(I)CC(F)(F)C(F)(F)C(F)(F)C(F)(F)C(F)(F)C(F)(F)C(F)(F)C(F)(F)F)OCC(I)CC(F)(F)C(F)(F)C(F)(F)C(F)(F)C(F)(F)C(F)(F)C(F)(F)C(F)(F)F"
1626,NA,"IGZCYJHKCGTUQB-UHFFFAOYSA-N","C11H5F17",460.0119799,"C=CCC(F)(F)C(F)(F)C(F)(F)C(F)(F)C(F)(F)C(F)(F)C(F)(F)C(F)(F)F"
1627,NA,"KDGIOTBLYAPNRR-UHFFFAOYSA-N","C10H3F17O",461.991244456,"O=CCC(F)(F)C(F)(F)C(F)(F)C(F)(F)C(F)(F)C(F)(F)C(F)(F)C(F)(F)F"
1628,"38565-53-6","HMXSIEIEXLGIET-UHFFFAOYSA-N","C11H5F17O",476.00689452,"FC(F)(F)C(F)(F)C(F)(F)C(F)(F)C(F)(F)C(F)(F)C(F)(F)C(F)(F)CC1CO1"
1629,NA,"QBAODHXWEYFWJU-UHFFFAOYSA-N","C14H10F17IO",643.95049268,"FC(F)(F)C(F)(F)C(F)(F)C(F)(F)C(F)(F)C(F)(F)C(F)(F)C(F)(F)CC1COCC1CI"
1630,NA,"TWWJQNJBBMHHAO-UHFFFAOYSA-N","C10H4BrF17",525.922491968,"FC(F)(F)C(F)(F)C(F)(F)C(F)(F)C(F)(F)C(F)(F)C(F)(F)C(F)(F)CCBr"
1631,NA,"XDVOHXVWJNEFGQ-UHFFFAOYSA-N","C11H4F17N",473.007228868,"N#CCCC(F)(F)C(F)(F)C(F)(F)C(F)(F)C(F)(F)C(F)(F)C(F)(F)C(F)(F)F"
1632,NA,"PFSIGNUPTCQGSG-UHFFFAOYSA-N","C15H8F17NO4",589.018187476,"O=C(CCC(F)(F)C(F)(F)C(F)(F)C(F)(F)C(F)(F)C(F)(F)C(F)(F)C(F)(F)F)ON1C(=O)CCC1=O"
1633,NA,"QYLZAPXXSYDKKB-UHFFFAOYSA-N","C11H4ClF17O",509.967922168,"O=C(Cl)CCC(F)(F)C(F)(F)C(F)(F)C(F)(F)C(F)(F)C(F)(F)C(F)(F)C(F)(F)F"
1634,NA,"KKJPHRCNXGNPOP-UHFFFAOYSA-N","C18H4F34",865.977009608,"FC(F)(F)C(F)(F)C(F)(F)C(F)(F)C(F)(F)C(F)(F)C(F)(F)C(F)(F)CCC(F)(F)C(F)(F)C(F)(F)C(F)(F)C(F)(F)C(F)(F)C(F)(F)C(F)(F)F"
1635,NA,"KNVPMALQUMQUQP-UHFFFAOYSA-N","C11H5F17O",476.00689452,"O=CCCC(F)(F)C(F)(F)C(F)(F)C(F)(F)C(F)(F)C(F)(F)C(F)(F)C(F)(F)F"
1636,NA,"CDBCINRKCMNDNI-UHFFFAOYSA-N","C48H24F51P",1600.080126618,"FC(F)(F)C(F)(F)C(F)(F)C(F)(F)C(F)(F)C(F)(F)C(F)(F)C(F)(F)CCc1cccc(P(c2cccc(CCC(F)(F)C(F)(F)C(F)(F)C(F)(F)C(F)(F)C(F)(F)C(F)(F)C(F)(F)F)c2)c2cccc(CCC(F)(F)C(F)(F)C(F)(F)C(F)(F)C(F)(F)C(F)(F)C(F)(F)C(F)(F)F)c2)c1"
1637,NA,"MTUBRWIMDWTZST-UHFFFAOYSA-N","C48H24F51P",1600.080126618,"FC(F)(F)C(F)(F)C(F)(F)C(F)(F)C(F)(F)C(F)(F)C(F)(F)C(F)(F)CCc1ccc(P(c2ccc(CCC(F)(F)C(F)(F)C(F)(F)C(F)(F)C(F)(F)C(F)(F)C(F)(F)C(F)(F)F)cc2)c2ccc(CCC(F)(F)C(F)(F)C(F)(F)C(F)(F)C(F)(F)C(F)(F)C(F)(F)C(F)(F)F)cc2)cc1"
1638,NA,"GMHNZJNJORCMQJ-UHFFFAOYSA-N","C38H21F34P",1154.083796782,"FC(F)(F)C(F)(F)C(F)(F)C(F)(F)C(F)(F)C(F)(F)C(F)(F)C(F)(F)CCc1ccc(P(c2ccccc2)c2ccc(CCC(F)(F)C(F)(F)C(F)(F)C(F)(F)C(F)(F)C(F)(F)C(F)(F)C(F)(F)F)cc2)cc1"
1639,NA,"UPXCRVHPPXSSDG-UHFFFAOYSA-N","C28H18F17P",708.087466946,"FC(F)(F)C(F)(F)C(F)(F)C(F)(F)C(F)(F)C(F)(F)C(F)(F)C(F)(F)CCc1ccc(P(c2ccccc2)c2ccccc2)cc1"
1640,NA,"DLEHONFUGNNFOG-UHFFFAOYSA-N","C22H14F17NO5",695.060052288,"O=C(OCc1ccc(CCC(F)(F)C(F)(F)C(F)(F)C(F)(F)C(F)(F)C(F)(F)C(F)(F)C(F)(F)F)cc1)ON1C(=O)CCC1=O"
1641,NA,"AFJHWCKFHITISQ-UHFFFAOYSA-N","C16H8BrF17",601.953792096,"FC(F)(F)C(F)(F)C(F)(F)C(F)(F)C(F)(F)C(F)(F)C(F)(F)C(F)(F)CCc1cccc(Br)c1"
1642,NA,"MGKUEUKJRIEPLH-UHFFFAOYSA-N","C12H8BrF17",553.953792096,"FC(F)(F)C(F)(F)C(F)(F)C(F)(F)C(F)(F)C(F)(F)C(F)(F)C(F)(F)CCCCBr"
1643,NA,"YUKPQRHDYICGSY-UHFFFAOYSA-N","C20H8F34",894.008309736,"FC(F)(F)C(F)(F)C(F)(F)C(F)(F)C(F)(F)C(F)(F)C(F)(F)C(F)(F)CCCCC(F)(F)C(F)(F)C(F)(F)C(F)(F)C(F)(F)C(F)(F)C(F)(F)C(F)(F)F"
1644,NA,"AYLKNFHWGYCSFD-UHFFFAOYSA-N","C22H12F34",922.039609864,"FC(F)(F)C(F)(F)C(F)(F)C(F)(F)C(F)(F)C(F)(F)C(F)(F)C(F)(F)CCCCCCC(F)(F)C(F)(F)C(F)(F)C(F)(F)C(F)(F)C(F)(F)C(F)(F)C(F)(F)F"
1645,NA,"ZMQIJLTXHUSDCM-UHFFFAOYSA-N","C24H16F34",950.070909992,"FC(F)(F)C(F)(F)C(F)(F)C(F)(F)C(F)(F)C(F)(F)C(F)(F)C(F)(F)CCCCCCCCC(F)(F)C(F)(F)C(F)(F)C(F)(F)C(F)(F)C(F)(F)C(F)(F)C(F)(F)F"
1646,NA,"DAPVOZHBSIXKMY-UHFFFAOYSA-N","C18H20BrF17",638.04769248,"FC(F)(F)C(F)(F)C(F)(F)C(F)(F)C(F)(F)C(F)(F)C(F)(F)C(F)(F)CCCCCCCCCCBr"
1647,NA,"CGGQUPOCGJBCMK-UHFFFAOYSA-N","C19H22BrF17",652.063342544,"FC(F)(F)C(F)(F)C(F)(F)C(F)(F)C(F)(F)C(F)(F)C(F)(F)C(F)(F)CCCCCCCCCCCBr"
1648,NA,"LQBBBOUZXWMQFY-UHFFFAOYSA-N","C32H30F17NO",767.20559432,"N#Cc1ccc(-c2ccc(OCCCCCCCCCCCC(F)(F)C(F)(F)C(F)(F)C(F)(F)C(F)(F)C(F)(F)C(F)(F)C(F)(F)F)cc2)cc1"
1649,"134051-92-6","SIGZHCRJKAFRED-UHFFFAOYSA-N","C27H38F17N2O4P",808.229774066,"O=P(OCCCCCCCCCCCC(F)(F)C(F)(F)C(F)(F)C(F)(F)C(F)(F)C(F)(F)C(F)(F)C(F)(F)F)(N1CCOCC1)N1CCOCC1"
1650,NA,"COCSOQXWZIWLBV-UHFFFAOYSA-N","C12H8F17I",601.939927996,"FC(F)(F)C(F)(F)C(F)(F)C(F)(F)C(F)(F)C(F)(F)C(F)(F)C(F)(F)CCCCI"
1651,NA,"AXUBYTAXJHIPJO-UHFFFAOYSA-N","C11H6F17I",587.924277932,"FC(F)(F)C(F)(F)C(F)(F)C(F)(F)C(F)(F)C(F)(F)C(F)(F)C(F)(F)CCCI"
1652,NA,"QGVHMBIQPGFCFW-UHFFFAOYSA-N","C15H8F17NO2",557.028358236,"O=C1C=CC(=O)N1CCCC(F)(F)C(F)(F)C(F)(F)C(F)(F)C(F)(F)C(F)(F)C(F)(F)C(F)(F)F"
1653,NA,"JRKNOQQQWMFWME-UHFFFAOYSA-N","C19H10F17NO3",623.03892292,"O=c1oc(=O)n(CCCC(F)(F)C(F)(F)C(F)(F)C(F)(F)C(F)(F)C(F)(F)C(F)(F)C(F)(F)F)c2ccccc12"
1654,NA,"MFTQISGNRWTJNY-UHFFFAOYSA-N","C13H9F17INO",644.945741648,"OC(CI)=NCCCC(F)(F)C(F)(F)C(F)(F)C(F)(F)C(F)(F)C(F)(F)C(F)(F)C(F)(F)F"
1655,NA,"GHAHNTDCKCXNGO-UHFFFAOYSA-N","C14H9F17O2",532.033109268,"C=CC(=O)OCCCC(F)(F)C(F)(F)C(F)(F)C(F)(F)C(F)(F)C(F)(F)C(F)(F)C(F)(F)F"
1656,NA,"KOLANEVLEDPTQG-UHFFFAOYSA-N","C18H11F17O2",582.048759332,"O=Cc1ccc(OCCCC(F)(F)C(F)(F)C(F)(F)C(F)(F)C(F)(F)C(F)(F)C(F)(F)C(F)(F)F)cc1"
1657,"68390-33-0","XVKJSLBVVRCOIT-UHFFFAOYSA-N","C10H4F17I",573.908627868,"FC(F)(F)C(F)(F)C(F)(F)C(F)(F)C(F)(F)C(F)(F)C(F)(F)C(F)(F)CCI"
1658,NA,"XBIIIDIAZYSZBI-UHFFFAOYSA-N","C11H4F17NO",489.002143488,"O=C=NCCC(F)(F)C(F)(F)C(F)(F)C(F)(F)C(F)(F)C(F)(F)C(F)(F)C(F)(F)F"
1659,"120719-67-7","QUKRIOLKOHUUBM-UHFFFAOYSA-N","C13H7F17O2",518.017459204,"C=CC(=O)OCCC(F)(F)C(F)(F)C(F)(F)C(F)(F)C(F)(F)C(F)(F)C(F)(F)C(F)(F)F"
1660,NA,"VPYYGEWLNDRXQW-UHFFFAOYSA-N","C16H8F17NO2",569.028358236,"O=C(OCCC(F)(F)C(F)(F)C(F)(F)C(F)(F)C(F)(F)C(F)(F)C(F)(F)C(F)(F)F)c1cccnc1"
1661,NA,"LWAHZPPAFSQPGA-UHFFFAOYSA-N","C30H12F51O4P",1435.965884714,"O=P(OCCC(F)(F)C(F)(F)C(F)(F)C(F)(F)C(F)(F)C(F)(F)C(F)(F)C(F)(F)F)(OCCC(F)(F)C(F)(F)C(F)(F)C(F)(F)C(F)(F)C(F)(F)C(F)(F)C(F)(F)F)OCCC(F)(F)C(F)(F)C(F)(F)C(F)(F)C(F)(F)C(F)(F)C(F)(F)C(F)(F)F"
1662,NA,"URJIJZCEKHSLHA-UHFFFAOYSA-N","C10H5F17S",479.9840509,"FC(F)(F)C(F)(F)C(F)(F)C(F)(F)C(F)(F)C(F)(F)C(F)(F)C(F)(F)CCS"
1663,NA,"RGCCJICFTWQWSZ-UHFFFAOYSA-N","C12H7F17O2S",537.989530204,"C=CS(=O)(=O)CCC(F)(F)C(F)(F)C(F)(F)C(F)(F)C(F)(F)C(F)(F)C(F)(F)C(F)(F)F"
1664,"27619-90-5","BXLIWKCKMHDVHE-UHFFFAOYSA-N","C10H4ClF17O2S",545.934907788,"O=S(=O)(Cl)CCC(F)(F)C(F)(F)C(F)(F)C(F)(F)C(F)(F)C(F)(F)C(F)(F)C(F)(F)F"
1665,NA,"QLKXZNKNUBWTFP-UHFFFAOYSA-N","C11H4F17NS",504.979299868,"N#CSCCC(F)(F)C(F)(F)C(F)(F)C(F)(F)C(F)(F)C(F)(F)C(F)(F)C(F)(F)F"
1666,NA,"HINXQBCQQBVCIK-UHFFFAOYSA-N","C20H8F34S",925.980380736,"FC(F)(F)C(F)(F)C(F)(F)C(F)(F)C(F)(F)C(F)(F)C(F)(F)C(F)(F)CCSCCC(F)(F)C(F)(F)C(F)(F)C(F)(F)C(F)(F)C(F)(F)C(F)(F)C(F)(F)F"
1667,"42977-21-9","PFSDZNASIFXROJ-UHFFFAOYSA-N","C20H8F34S2",957.952451736,"FC(F)(F)C(F)(F)C(F)(F)C(F)(F)C(F)(F)C(F)(F)C(F)(F)C(F)(F)CCSSCCC(F)(F)C(F)(F)C(F)(F)C(F)(F)C(F)(F)C(F)(F)C(F)(F)C(F)(F)F"
1668,"307-33-5","SYVYTZLRTMPUCD-UHFFFAOYSA-N","C8ClF17",453.94170742,"FC(F)(F)C(F)(F)C(F)(F)C(F)(F)C(F)(F)C(F)(F)C(F)(F)C(F)(F)Cl"
1669,"307-87-9","BZYSOYLWVDQYMZ-UHFFFAOYSA-N","C12H5F17O2",504.00180914,"C=CC(=O)OCC(F)(F)C(F)(F)C(F)(F)C(F)(F)C(F)(F)C(F)(F)C(F)(F)C(F)(F)F"
1670,"307-34-6","YVBBRRALBYAZBM-UHFFFAOYSA-N","C8F18",437.97125796,"FC(F)(F)C(F)(F)C(F)(F)C(F)(F)C(F)(F)C(F)(F)C(F)(F)C(F)(F)F"
1671,"507-63-1","KWXGJTSJUKTDQU-UHFFFAOYSA-N","C8F17I",545.87732774,"FC(F)(F)C(F)(F)C(F)(F)C(F)(F)C(F)(F)C(F)(F)C(F)(F)C(F)(F)I"
1672,NA,"OFHKMSIZNZJZKM-UHFFFAOYSA-N","C11H3F17O2",489.986159076,"C=CC(=O)OC(F)(F)C(F)(F)C(F)(F)C(F)(F)C(F)(F)C(F)(F)C(F)(F)C(F)(F)F"
1673,NA,"FJDNRGZXGFXROS-UHFFFAOYSA-N","C21H4F34O4",965.956668088,"C=C(CC(=O)OC(F)(F)C(F)(F)C(F)(F)C(F)(F)C(F)(F)C(F)(F)C(F)(F)C(F)(F)F)C(=O)OC(F)(F)C(F)(F)C(F)(F)C(F)(F)C(F)(F)C(F)(F)C(F)(F)C(F)(F)F"
1674,NA,"SZMJWFGNINGJGQ-UHFFFAOYSA-N","C16H14F17NO4S",639.037208668,"C=CC(=O)OCCNCCCS(=O)(=O)C(F)(F)C(F)(F)C(F)(F)C(F)(F)C(F)(F)C(F)(F)C(F)(F)C(F)(F)F"
1675,NA,"SJOOJYBVDNVFLP-UHFFFAOYSA-N","C12H9F17N2O2S",568.011328268,"O=S(=O)(N1CCNCC1)C(F)(F)C(F)(F)C(F)(F)C(F)(F)C(F)(F)C(F)(F)C(F)(F)C(F)(F)F"
1676,NA,"VVSMORRIDUQEFJ-UHFFFAOYSA-N","C12H8F17NO3S",568.995343856,"O=S(=O)(N1CCOCC1)C(F)(F)C(F)(F)C(F)(F)C(F)(F)C(F)(F)C(F)(F)C(F)(F)C(F)(F)F"
1677,NA,"MHVUIICWGZEAKG-UHFFFAOYSA-N","C15H6F17NO3S",602.979693792,"O=S(=O)(N=C(O)c1ccccc1)C(F)(F)C(F)(F)C(F)(F)C(F)(F)C(F)(F)C(F)(F)C(F)(F)C(F)(F)F"
1678,NA,"IUCCIVARQVPPPQ-UHFFFAOYSA-N","C16H14F17NO3S",623.042294048,"O=C1CCCCCCC1NS(=O)(=O)C(F)(F)C(F)(F)C(F)(F)C(F)(F)C(F)(F)C(F)(F)C(F)(F)C(F)(F)F"
1679,"423-86-9","QDPPBTYBIPLUFD-UHFFFAOYSA-N","C11H6F17NO2S",538.984779172,"C=CCNS(=O)(=O)C(F)(F)C(F)(F)C(F)(F)C(F)(F)C(F)(F)C(F)(F)C(F)(F)C(F)(F)F"
1680,"50598-29-3","GRXIBAUTCQPULC-UHFFFAOYSA-N","C15H8F17NO2S",589.000429236,"O=S(=O)(NCc1ccccc1)C(F)(F)C(F)(F)C(F)(F)C(F)(F)C(F)(F)C(F)(F)C(F)(F)C(F)(F)F"
1681,NA,"XCBBWRDLYSFQAA-UHFFFAOYSA-N","C13H8F17NO4S",596.990258476,"C=CC(=O)OCCNS(=O)(=O)C(F)(F)C(F)(F)C(F)(F)C(F)(F)C(F)(F)C(F)(F)C(F)(F)C(F)(F)F"
1682,NA,"FKDMKFQVVFJJFZ-UHFFFAOYSA-N","C16HF34NO4S2",980.880408992,"O=S(=O)(NS(=O)(=O)C(F)(F)C(F)(F)C(F)(F)C(F)(F)C(F)(F)C(F)(F)C(F)(F)C(F)(F)F)C(F)(F)C(F)(F)C(F)(F)C(F)(F)C(F)(F)C(F)(F)C(F)(F)C(F)(F)F"
1683,"423-60-9","FJHZKRYJOILIGD-UHFFFAOYSA-N","C8ClF17O2S",517.90360766,"O=S(=O)(Cl)C(F)(F)C(F)(F)C(F)(F)C(F)(F)C(F)(F)C(F)(F)C(F)(F)C(F)(F)F"
1684,"307-35-7","BHFJBHMTEDLICO-UHFFFAOYSA-N","C8F18O2S",501.9331582,"O=S(=O)(F)C(F)(F)C(F)(F)C(F)(F)C(F)(F)C(F)(F)C(F)(F)C(F)(F)C(F)(F)F"
1685,"25431-45-2","RXZWAMINHJDYKW-UHFFFAOYSA-N","C9H3F15",395.999523396,"C=CC(F)(F)C(F)(F)C(F)(F)C(F)(F)C(F)(F)C(F)(F)C(F)(F)F"
1686,NA,"CQYGHSAZXARHMT-UHFFFAOYSA-N","C16H2F30",763.967746664,"FC(F)(F)C(F)(F)C(F)(F)C(F)(F)C(F)(F)C(F)(F)C(F)(F)C=CC(F)(F)C(F)(F)C(F)(F)C(F)(F)C(F)(F)C(F)(F)C(F)(F)F"
1687,NA,"JFCGFYIIFNVYCN-UHFFFAOYSA-N","C16H10F15N",501.05737262,"FC(F)(F)C(F)(F)C(F)(F)C(F)(F)C(F)(F)C(F)(F)C(F)(F)C=NCCc1ccccc1"
1688,NA,"QIYBNKVPACGQCB-UHFFFAOYSA-N","C8HF15O",397.978787952,"O=CC(F)(F)C(F)(F)C(F)(F)C(F)(F)C(F)(F)C(F)(F)C(F)(F)F"
1689,"25444-35-3","PPKJGFABEANLHW-UHFFFAOYSA-N","C13H4ClF15O2S",543.938101348,"O=S(=O)(Cl)c1ccc(C(F)(F)C(F)(F)C(F)(F)C(F)(F)C(F)(F)C(F)(F)C(F)(F)F)cc1"
1690,NA,"NYLVUEIJJQQDBW-UHFFFAOYSA-N","C10H3F15N2",436.005671396,"FC(F)(F)C(F)(F)C(F)(F)C(F)(F)C(F)(F)C(F)(F)C(F)(F)c1cnc[nH]1"
1691,"21674-38-4","BFAUAMWYFFXWLX-UHFFFAOYSA-N","C24F45N3",1184.9373669,"FC(F)(F)C(F)(F)C(F)(F)C(F)(F)C(F)(F)C(F)(F)C(F)(F)c1nc(C(F)(F)C(F)(F)C(F)(F)C(F)(F)C(F)(F)C(F)(F)C(F)(F)F)nc(C(F)(F)C(F)(F)C(F)(F)C(F)(F)C(F)(F)C(F)(F)C(F)(F)F)n1"
1692,NA,"BSAGCCKVKXWQSB-UHFFFAOYSA-N","C20H10F30I2",1073.83929292,"FC(F)(F)C(F)(F)C(F)(F)C(F)(F)C(F)(F)C(F)(F)C(F)(F)CC(I)CCC(I)CC(F)(F)C(F)(F)C(F)(F)C(F)(F)C(F)(F)C(F)(F)C(F)(F)F"
1693,NA,"NTCFPSIOLPOKNV-UHFFFAOYSA-N","C10H5F15O",426.01008808,"FC(F)(F)C(F)(F)C(F)(F)C(F)(F)C(F)(F)C(F)(F)C(F)(F)CC1CO1"
1694,"2043-52-9","QVTHRDRXTVTNEK-UHFFFAOYSA-N","C9H4F15I",523.911821428,"FC(F)(F)C(F)(F)C(F)(F)C(F)(F)C(F)(F)C(F)(F)C(F)(F)CCI"
1695,NA,"PKPKRTXQJZSNCQ-UHFFFAOYSA-N","C12H7F15O2",468.020652764,"C=CC(=O)OCCC(F)(F)C(F)(F)C(F)(F)C(F)(F)C(F)(F)C(F)(F)C(F)(F)F"
1696,"27607-61-0","CBCLHIUXUOXITK-UHFFFAOYSA-N","C9H4ClF15O2S",495.938101348,"O=S(=O)(Cl)CCC(F)(F)C(F)(F)C(F)(F)C(F)(F)C(F)(F)C(F)(F)C(F)(F)F"
1697,NA,"CVJNJHVXFLKZGB-UHFFFAOYSA-N","C8H2F15I",509.896171364,"FC(F)(F)C(F)(F)C(F)(F)C(F)(F)C(F)(F)C(F)(F)C(F)(F)CI"
1698,NA,"GZUJPJBXZUVMML-UHFFFAOYSA-N","C11H6F15NO",453.020987112,"C=CC(O)=NCC(F)(F)C(F)(F)C(F)(F)C(F)(F)C(F)(F)C(F)(F)C(F)(F)F"
1699,NA,"FTLIVFJKISSELN-UHFFFAOYSA-N","C16H5F30N",780.99429576,"FC(F)(F)C(F)(F)C(F)(F)C(F)(F)C(F)(F)C(F)(F)C(F)(F)CNCC(F)(F)C(F)(F)C(F)(F)C(F)(F)C(F)(F)C(F)(F)C(F)(F)F"
1700,"152210-09-8","YSQGYEYXKXGAQA-UHFFFAOYSA-N","C11H5F15O2",454.0050027,"C=CC(=O)OCC(F)(F)C(F)(F)C(F)(F)C(F)(F)C(F)(F)C(F)(F)C(F)(F)F"
1701,NA,"PCINQRFLHHIVBS-UHFFFAOYSA-N","C20H6F30O4",879.978705272,"O=C(C=CC(=O)OCC(F)(F)C(F)(F)C(F)(F)C(F)(F)C(F)(F)C(F)(F)C(F)(F)F)OCC(F)(F)C(F)(F)C(F)(F)C(F)(F)C(F)(F)C(F)(F)C(F)(F)F"
1702,NA,"MYYIQTVLQVKKEC-UHFFFAOYSA-N","C24H4Cl4F30O4",1065.838465928,"O=C(OCC(F)(F)C(F)(F)C(F)(F)C(F)(F)C(F)(F)C(F)(F)C(F)(F)F)c1c(Cl)c(Cl)c(Cl)c(Cl)c1C(=O)OCC(F)(F)C(F)(F)C(F)(F)C(F)(F)C(F)(F)C(F)(F)C(F)(F)F"
1703,NA,"DPOFHGRLDJWXKJ-UHFFFAOYSA-N","C11H7F15O",440.025738144,"C=CCOCC(F)(F)C(F)(F)C(F)(F)C(F)(F)C(F)(F)C(F)(F)C(F)(F)F"
1704,NA,"MJLMFELZHDEELW-UHFFFAOYSA-N","C48H12F90N3O6P3",2528.850184794,"FC(F)(F)C(F)(F)C(F)(F)C(F)(F)C(F)(F)C(F)(F)C(F)(F)COP1(OCC(F)(F)C(F)(F)C(F)(F)C(F)(F)C(F)(F)C(F)(F)C(F)(F)F)=NP(OCC(F)(F)C(F)(F)C(F)(F)C(F)(F)C(F)(F)C(F)(F)C(F)(F)F)(OCC(F)(F)C(F)(F)C(F)(F)C(F)(F)C(F)(F)C(F)(F)C(F)(F)F)=NP(OCC(F)(F)C(F)(F)C(F)(F)C(F)(F)C(F)(F)C(F)(F)C(F)(F)F)(OCC(F)(F)C(F)(F)C(F)(F)C(F)(F)C(F)(F)C(F)(F)C(F)(F)F)=N1"
1705,NA,"QVGVUEVPLRVFEE-UHFFFAOYSA-N","C12H2F24O3S",681.934142204,"O=S(=O)(OCC(F)(F)C(F)(F)C(F)(F)C(F)(F)C(F)(F)C(F)(F)C(F)(F)F)C(F)(F)C(F)(F)C(F)(F)C(F)(F)F"
1706,NA,"QUAJSEUQBPUVAU-UHFFFAOYSA-N","C9H2F18O3S",531.943722884,"O=S(=O)(OCC(F)(F)C(F)(F)C(F)(F)C(F)(F)C(F)(F)C(F)(F)C(F)(F)F)C(F)(F)F"
1707,"156930-32-4","LGUZHRODIJCVOC-UHFFFAOYSA-N","C7F16",387.97445152,"FC(F)(F)C(F)(F)C(F)(F)C(F)(F)C(F)(F)C(F)(F)C(F)(F)F"
1708,"335-58-0","AHUMDLIBMIYQMU-UHFFFAOYSA-N","C7F15I",495.8805213,"FC(F)(F)C(F)(F)C(F)(F)C(F)(F)C(F)(F)C(F)(F)C(F)(F)I"
1709,"67584-49-0","BWDDXILIAIZLEX-UHFFFAOYSA-N","C10H6F15NO2S",488.987972732,"C=CCNS(=O)(=O)C(F)(F)C(F)(F)C(F)(F)C(F)(F)C(F)(F)C(F)(F)C(F)(F)F"
1710,"68298-10-2","ZJIFWMOMOPJFRZ-UHFFFAOYSA-N","C14H8F15NO2S",539.003622796,"O=S(=O)(NCc1ccccc1)C(F)(F)C(F)(F)C(F)(F)C(F)(F)C(F)(F)C(F)(F)C(F)(F)F"
1711,"335-71-7","FBIOXUYLJVKPPG-UHFFFAOYSA-N","C7F16O2S",451.93635176,"O=S(=O)(F)C(F)(F)C(F)(F)C(F)(F)C(F)(F)C(F)(F)C(F)(F)C(F)(F)F"
1712,"25291-17-2","FYQFWFHDPNXORA-UHFFFAOYSA-N","C8H3F13",346.002716956,"C=CC(F)(F)C(F)(F)C(F)(F)C(F)(F)C(F)(F)C(F)(F)F"
1713,NA,"JISMRVMIFFWXIX-UHFFFAOYSA-N","C16H2F30",763.967746664,"FC(F)(F)C(F)(F)C(F)(F)C(F)(F)C(F)(F)C(F)(F)C=CC(F)(F)C(F)(F)C(F)(F)C(F)(F)C(F)(F)C(F)(F)C(F)(F)C(F)(F)F"
1714,NA,"SFEKJPRYZMFTFH-UHFFFAOYSA-N","C14H2F26",663.974133784,"FC(F)(F)C(F)(F)C(F)(F)C(F)(F)C(F)(F)C(F)(F)C=CC(F)(F)C(F)(F)C(F)(F)C(F)(F)C(F)(F)C(F)(F)F"
1715,NA,"HALRAMNRSBXAOM-UHFFFAOYSA-N","C10H5F13",372.01836702,"C=CC=CC(F)(F)C(F)(F)C(F)(F)C(F)(F)C(F)(F)C(F)(F)F"
1716,NA,"WDWNMIBWWPZNJK-UHFFFAOYSA-N","C8H2F13I",471.899364924,"FC(F)(F)C(F)(F)C(F)(F)C(F)(F)C(F)(F)C(F)(F)C=CI"
1717,NA,"YYYONDXERNIFKX-UHFFFAOYSA-N","C7HF13O",347.981981512,"O=CC(F)(F)C(F)(F)C(F)(F)C(F)(F)C(F)(F)C(F)(F)F"
1718,NA,"LGAZGMJSVLHBEF-UHFFFAOYSA-N","C8F16O",415.96936614,"FC(F)(F)C(F)(F)C(F)(F)C(F)(F)C(F)(F)C(F)(F)C1(F)OC1(F)F"
1719,NA,"RKYATAJCHIWJFK-UHFFFAOYSA-N","C10H2F13IS",527.871435924,"FC(F)(F)C(F)(F)C(F)(F)C(F)(F)C(F)(F)C(F)(F)c1ccsc1I"
1720,NA,"PJIMUKRRXVIXOA-UHFFFAOYSA-N","C18H4F26",713.989783848,"FC(F)(F)C(F)(F)C(F)(F)C(F)(F)C(F)(F)C(F)(F)c1cccc(C(F)(F)C(F)(F)C(F)(F)C(F)(F)C(F)(F)C(F)(F)F)c1"
1721,NA,"IWLWYBHBNRALOG-UHFFFAOYSA-N","C12H4BrF13",473.928879088,"FC(F)(F)C(F)(F)C(F)(F)C(F)(F)C(F)(F)C(F)(F)c1cccc(Br)c1"
1722,NA,"DDACECXMWPRJCY-UHFFFAOYSA-N","C30H12F26O2",898.042213344,"FC(F)(F)C(F)(F)C(F)(F)C(F)(F)C(F)(F)C(F)(F)c1cccc(Oc2cccc(Oc3cccc(C(F)(F)C(F)(F)C(F)(F)C(F)(F)C(F)(F)C(F)(F)F)c3)c2)c1"
1723,NA,"GKOWYWPSKDBJAF-UHFFFAOYSA-N","C12H4BrF13",473.928879088,"FC(F)(F)C(F)(F)C(F)(F)C(F)(F)C(F)(F)C(F)(F)c1ccc(Br)cc1"
1724,NA,"HNLQYAWUSZHFES-UHFFFAOYSA-N","C17H8F13NO",489.039830736,"O=c1ccn(-c2ccc(C(F)(F)C(F)(F)C(F)(F)C(F)(F)C(F)(F)C(F)(F)F)cc2)cc1"
1725,NA,"PJQMFFDXUGYQTO-UHFFFAOYSA-N","C36H12F39P",1216.005387594,"FC(F)(F)C(F)(F)C(F)(F)C(F)(F)C(F)(F)C(F)(F)c1ccc(P(c2ccc(C(F)(F)C(F)(F)C(F)(F)C(F)(F)C(F)(F)C(F)(F)F)cc2)c2ccc(C(F)(F)C(F)(F)C(F)(F)C(F)(F)C(F)(F)C(F)(F)F)cc2)cc1"
1726,NA,"ZOZQDJSXCZKCEN-UHFFFAOYSA-N","C12H4F13I",521.915014988,"FC(F)(F)C(F)(F)C(F)(F)C(F)(F)C(F)(F)C(F)(F)c1ccc(I)cc1"
1727,NA,"CLBGZIRSQYPYBK-UHFFFAOYSA-N","C24H8F26O",806.015998596,"FC(F)(F)C(F)(F)C(F)(F)C(F)(F)C(F)(F)C(F)(F)c1ccc(Oc2ccc(C(F)(F)C(F)(F)C(F)(F)C(F)(F)C(F)(F)C(F)(F)F)cc2)cc1"
1728,NA,"VOBUCWYYRVENGT-UHFFFAOYSA-N","C14H4BrF13S2",561.873021088,"FC(F)(F)C(F)(F)C(F)(F)C(F)(F)C(F)(F)C(F)(F)c1ccc(-c2ccc(Br)s2)s1"
1729,NA,"UBMTYFFPSPVBSP-UHFFFAOYSA-N","C28H8F26S4",965.909367976,"FC(F)(F)C(F)(F)C(F)(F)C(F)(F)C(F)(F)C(F)(F)c1ccc(-c2ccc(-c3ccc(-c4ccc(C(F)(F)C(F)(F)C(F)(F)C(F)(F)C(F)(F)C(F)(F)F)s4)s3)s2)s1"
1730,NA,"KILCWELZTSEPSB-UHFFFAOYSA-N","C14H5F13S2",483.96250902,"FC(F)(F)C(F)(F)C(F)(F)C(F)(F)C(F)(F)C(F)(F)c1ccc(-c2cccs2)s1"
1731,NA,"CDMCLELUDINUDU-UHFFFAOYSA-N","C12H5F13",396.01836702,"FC(F)(F)C(F)(F)C(F)(F)C(F)(F)C(F)(F)C(F)(F)c1ccccc1"
1732,NA,"PXRFFHCMLAVCDR-UHFFFAOYSA-N","C19H11F13N2O",530.066379832,"OC(=Nc1ccccc1)Nc1ccccc1C(F)(F)C(F)(F)C(F)(F)C(F)(F)C(F)(F)C(F)(F)F"
1733,NA,"QALDKDRKOUMDGV-UHFFFAOYSA-N","C10H3F13S",401.974787956,"FC(F)(F)C(F)(F)C(F)(F)C(F)(F)C(F)(F)C(F)(F)c1cccs1"
1734,NA,"IHWUPJCZUQXEQR-UHFFFAOYSA-N","C10H2F13IS",527.871435924,"FC(F)(F)C(F)(F)C(F)(F)C(F)(F)C(F)(F)C(F)(F)c1csc(I)c1"
1735,NA,"LETXBCZWFVRELS-UHFFFAOYSA-N","C10H3F13S",401.974787956,"FC(F)(F)C(F)(F)C(F)(F)C(F)(F)C(F)(F)C(F)(F)c1ccsc1"
1736,NA,"ZTSUPFXJRAWYNA-UHFFFAOYSA-N","C22H4F26N4O2",849.991909088,"FC(F)(F)C(F)(F)C(F)(F)C(F)(F)C(F)(F)C(F)(F)c1nc(-c2ccc(-c3noc(C(F)(F)C(F)(F)C(F)(F)C(F)(F)C(F)(F)C(F)(F)F)n3)cc2)no1"
1737,NA,"FTSLLNVJWFPHQG-UHFFFAOYSA-N","C14H5F13N2O",464.01942964,"FC(F)(F)C(F)(F)C(F)(F)C(F)(F)C(F)(F)C(F)(F)c1nc(-c2ccccc2)no1"
1738,NA,"IHKGKJQHIIWIAQ-UHFFFAOYSA-N","C13H5F13N2",436.02451502,"FC(F)(F)C(F)(F)C(F)(F)C(F)(F)C(F)(F)C(F)(F)c1nc2ccccc2[nH]1"
1739,NA,"IPYGQAQYTYRSSI-UHFFFAOYSA-N","C22H6F26N2O",808.006496532,"O=C(c1ccccc1)n1nc(C(F)(F)C(F)(F)C(F)(F)C(F)(F)C(F)(F)C(F)(F)F)cc1C(F)(F)C(F)(F)C(F)(F)C(F)(F)C(F)(F)C(F)(F)F"
1740,NA,"VMNRZBDGGQYZPX-UHFFFAOYSA-N","C15H7F13N2",462.040165084,"FC(F)(F)C(F)(F)C(F)(F)C(F)(F)C(F)(F)C(F)(F)c1cc(-c2ccccc2)[nH]n1"
1741,NA,"MVOSMHMFUFQGRI-UHFFFAOYSA-N","C10H6F15I",537.927471492,"FC(F)(CCI)CC(F)(F)C(F)(F)C(F)(F)C(F)(F)C(F)(F)C(F)(F)F"
1742,NA,"XNAOJNAVGJFVSG-UHFFFAOYSA-N","C8H2F15I",509.896171364,"FC(F)(I)CC(F)(F)C(F)(F)C(F)(F)C(F)(F)C(F)(F)C(F)(F)F"
1743,NA,"PYZYVYJSLXQWJG-UHFFFAOYSA-N","C16H3F30I",891.880044696,"FC(F)(F)C(F)(F)C(F)(F)C(F)(F)C(F)(F)C(F)(F)CC(I)C(F)(F)C(F)(F)C(F)(F)C(F)(F)C(F)(F)C(F)(F)C(F)(F)C(F)(F)F"
1744,NA,"VNKUHJSRWROOHW-UHFFFAOYSA-N","C14H3F26I",791.886431816,"FC(F)(F)C(F)(F)C(F)(F)C(F)(F)C(F)(F)C(F)(F)CC(I)C(F)(F)C(F)(F)C(F)(F)C(F)(F)C(F)(F)C(F)(F)F"
1745,NA,"ITRVJOXJQVPORW-UHFFFAOYSA-N","C17H8F26I2",959.830029976,"FC(F)(F)C(F)(F)C(F)(F)C(F)(F)C(F)(F)C(F)(F)CC(I)CC(I)CC(F)(F)C(F)(F)C(F)(F)C(F)(F)C(F)(F)C(F)(F)F"
1746,NA,"YTTJEDNFUNDSGW-UHFFFAOYSA-N","C18H10F26I2",973.84568004,"FC(F)(F)C(F)(F)C(F)(F)C(F)(F)C(F)(F)C(F)(F)CC(I)CCC(I)CC(F)(F)C(F)(F)C(F)(F)C(F)(F)C(F)(F)C(F)(F)F"
1747,NA,"JFGKJLVJKBJQJJ-UHFFFAOYSA-N","C20H14F26I2",1001.876980168,"FC(F)(F)C(F)(F)C(F)(F)C(F)(F)C(F)(F)C(F)(F)CC(I)CCCCC(I)CC(F)(F)C(F)(F)C(F)(F)C(F)(F)C(F)(F)C(F)(F)F"
1748,NA,"VCPJPAQHWCNPKF-UHFFFAOYSA-N","C16H8F26OSn",829.918193296,"[CH2]CC(F)(F)C(F)(F)C(F)(F)C(F)(F)C(F)(F)C(F)(F)F.[CH2]CC(F)(F)C(F)(F)C(F)(F)C(F)(F)C(F)(F)C(F)(F)F.[O].[Sn]"
1749,NA,"AQCCETXOSNSMHS-UHFFFAOYSA-N","C30H17F39Sn",1237.972945824,"[CH2]CC(F)(F)C(F)(F)C(F)(F)C(F)(F)C(F)(F)C(F)(F)F.[CH2]CC(F)(F)C(F)(F)C(F)(F)C(F)(F)C(F)(F)C(F)(F)F.[CH2]CC(F)(F)C(F)(F)C(F)(F)C(F)(F)C(F)(F)C(F)(F)F.[Sn].[c]1ccccc1"
1750,NA,"RMDIHFFKXXTNGQ-UHFFFAOYSA-N","C27H17F39Sn",1201.972945824,"[CH2]C=C.[CH2]CC(F)(F)C(F)(F)C(F)(F)C(F)(F)C(F)(F)C(F)(F)F.[CH2]CC(F)(F)C(F)(F)C(F)(F)C(F)(F)C(F)(F)C(F)(F)F.[CH2]CC(F)(F)C(F)(F)C(F)(F)C(F)(F)C(F)(F)C(F)(F)F.[Sn]"
1751,NA,"XDEOXVCAUPQFMU-UHFFFAOYSA-N","C24H13F39Sn",1161.941645696,"[CH2]CC(F)(F)C(F)(F)C(F)(F)C(F)(F)C(F)(F)C(F)(F)F.[CH2]CC(F)(F)C(F)(F)C(F)(F)C(F)(F)C(F)(F)C(F)(F)F.[CH2]CC(F)(F)C(F)(F)C(F)(F)C(F)(F)C(F)(F)C(F)(F)F.[H].[Sn]"
1752,NA,"WJSFZGPTEQNWCB-UHFFFAOYSA-N","C8H3F13O",361.997631576,"O=CCC(F)(F)C(F)(F)C(F)(F)C(F)(F)C(F)(F)C(F)(F)F"
1753,"38565-52-5","KGYUZRBIQCDOCN-UHFFFAOYSA-N","C9H5F13O",376.01328164,"FC(F)(F)C(F)(F)C(F)(F)C(F)(F)C(F)(F)C(F)(F)CC1CO1"
1754,NA,"PXAIBOJBLYQOTQ-UHFFFAOYSA-N","C10H5F13O3",420.00311088,"O=C1OCC(CC(F)(F)C(F)(F)C(F)(F)C(F)(F)C(F)(F)C(F)(F)F)O1"
1755,NA,"AJIHCPVPJZKWAJ-UHFFFAOYSA-N","C8H4BrF13",425.928879088,"FC(F)(F)C(F)(F)C(F)(F)C(F)(F)C(F)(F)C(F)(F)CCBr"
1756,NA,"HHEVANWCCJRBAP-UHFFFAOYSA-N","C13H8F13NO3",473.029659976,"O=C1CCC(=O)N1C(=O)CCC(F)(F)C(F)(F)C(F)(F)C(F)(F)C(F)(F)C(F)(F)F"
1757,NA,"ATDSDUMFZUDFRA-UHFFFAOYSA-N","C13H8F13NO4",489.024574596,"O=C(CCC(F)(F)C(F)(F)C(F)(F)C(F)(F)C(F)(F)C(F)(F)F)ON1C(=O)CCC1=O"
1758,NA,"HFIWGHMGTAOCRO-UHFFFAOYSA-N","C23H27F13O6",646.160005444,"C=COCCCCOC(=O)C(CCC(F)(F)C(F)(F)C(F)(F)C(F)(F)C(F)(F)C(F)(F)F)C(=O)OCCCCOC=C"
1759,NA,"ZPTLSCUEQZRKEY-UHFFFAOYSA-N","C14H4F26",665.989783848,"FC(F)(F)C(F)(F)C(F)(F)C(F)(F)C(F)(F)C(F)(F)CCC(F)(F)C(F)(F)C(F)(F)C(F)(F)C(F)(F)C(F)(F)F"
1760,NA,"INTYDOLPAWEEIL-UHFFFAOYSA-N","C14H8BrF13",501.960179216,"FC(F)(F)C(F)(F)C(F)(F)C(F)(F)C(F)(F)C(F)(F)CCc1ccc(Br)cc1"
1761,NA,"FQHAQDHIVUWHLC-UHFFFAOYSA-N","C42H24F39P",1300.099287978,"FC(F)(F)C(F)(F)C(F)(F)C(F)(F)C(F)(F)C(F)(F)CCc1ccc(P(c2ccc(CCC(F)(F)C(F)(F)C(F)(F)C(F)(F)C(F)(F)C(F)(F)F)cc2)c2ccc(CCC(F)(F)C(F)(F)C(F)(F)C(F)(F)C(F)(F)C(F)(F)F)cc2)cc1"
1762,NA,"GNCTUKGIBHXUPH-UHFFFAOYSA-N","C34H21F26P",954.096571022,"FC(F)(F)C(F)(F)C(F)(F)C(F)(F)C(F)(F)C(F)(F)CCc1ccc(P(c2ccccc2)c2ccc(CCC(F)(F)C(F)(F)C(F)(F)C(F)(F)C(F)(F)C(F)(F)F)cc2)cc1"
1763,NA,"XLFQCGUSTBBBAK-UHFFFAOYSA-N","C20H14F13NO5",595.066439408,"O=C(OCc1ccc(CCC(F)(F)C(F)(F)C(F)(F)C(F)(F)C(F)(F)C(F)(F)F)cc1)ON1C(=O)CCC1=O"
1764,NA,"ZJELYAAWYLRRJI-UHFFFAOYSA-N","C31H17ClF26O2",950.050191184,"O=C(Cl)OCC1c2cc(CCC(F)(F)C(F)(F)C(F)(F)C(F)(F)C(F)(F)C(F)(F)F)ccc2-c2ccc(CCC(F)(F)C(F)(F)C(F)(F)C(F)(F)C(F)(F)C(F)(F)F)cc21"
1765,NA,"LPSJVRKHQCWHPG-UHFFFAOYSA-N","C18H14F13NO2",523.081695548,"OC1=NC(Cc2ccccc2)C(CCC(F)(F)C(F)(F)C(F)(F)C(F)(F)C(F)(F)C(F)(F)F)O1"
1766,NA,"YRVYJBQNWNWCQB-UHFFFAOYSA-N","C10H8BrF13",453.960179216,"FC(F)(F)C(F)(F)C(F)(F)C(F)(F)C(F)(F)C(F)(F)CCCCBr"
1767,NA,"MMCIGPKUQANRMI-UHFFFAOYSA-N","C18H12F26",722.052384104,"FC(F)(F)C(F)(F)C(F)(F)C(F)(F)C(F)(F)C(F)(F)CCCCCCC(F)(F)C(F)(F)C(F)(F)C(F)(F)C(F)(F)C(F)(F)F"
1768,NA,"CLTPPAJDTWVGMU-UHFFFAOYSA-N","C17H20ClF13O",522.0995098,"O=C(Cl)CCCCCCCCCCC(F)(F)C(F)(F)C(F)(F)C(F)(F)C(F)(F)C(F)(F)F"
1769,NA,"PUQDQKFGPNVJDT-UHFFFAOYSA-N","C22H20F26",778.11498436,"FC(F)(F)C(F)(F)C(F)(F)C(F)(F)C(F)(F)C(F)(F)CCCCCCCCCCC(F)(F)C(F)(F)C(F)(F)C(F)(F)C(F)(F)C(F)(F)F"
1770,NA,"LDUXQPXCIDUCDA-UHFFFAOYSA-N","C17H22BrF13",552.069729664,"FC(F)(F)C(F)(F)C(F)(F)C(F)(F)C(F)(F)C(F)(F)CCCCCCCCCCCBr"
1771,"134051-91-5","NENILPRVDJSLAG-UHFFFAOYSA-N","C25H38F13N2O4P",708.236161186,"O=P(OCCCCCCCCCCCC(F)(F)C(F)(F)C(F)(F)C(F)(F)C(F)(F)C(F)(F)F)(N1CCOCC1)N1CCOCC1"
1772,NA,"VRCPRBGZFGTRGS-UHFFFAOYSA-N","C10H8F13I",501.946315116,"FC(F)(F)C(F)(F)C(F)(F)C(F)(F)C(F)(F)C(F)(F)CCCCI"
1773,NA,"UOJGGAYAADUVAH-UHFFFAOYSA-N","C13H11F13O2",446.055146452,"C=CC(=O)OCCCCC(F)(F)C(F)(F)C(F)(F)C(F)(F)C(F)(F)C(F)(F)F"
1774,NA,"DBWLHXGWJWZTDX-UHFFFAOYSA-N","C9H6F13I",487.930665052,"FC(F)(F)C(F)(F)C(F)(F)C(F)(F)C(F)(F)C(F)(F)CCCI"
1775,"64018-25-3","TYIZCYGZKIZQIH-UHFFFAOYSA-N","C8H4ClF13",381.979394668,"FC(F)(F)C(F)(F)C(F)(F)C(F)(F)C(F)(F)C(F)(F)CCCl"
1776,NA,"XCBJTYHAGWXMIM-UHFFFAOYSA-N","C13H8F13NO2",457.034745356,"O=C1C=CC(=O)N1CCCC(F)(F)C(F)(F)C(F)(F)C(F)(F)C(F)(F)C(F)(F)F"
1777,NA,"SAQMTNGZQLPXJU-UHFFFAOYSA-N","C11H9F13INO",544.952128768,"OC(CI)=NCCCC(F)(F)C(F)(F)C(F)(F)C(F)(F)C(F)(F)C(F)(F)F"
1778,NA,"NNGYYMQQINPHJN-UHFFFAOYSA-N","C12H9F13O2",432.039496388,"C=CC(=O)OCCCC(F)(F)C(F)(F)C(F)(F)C(F)(F)C(F)(F)C(F)(F)F"
1779,NA,"DYPPJKHPJMGHKW-UHFFFAOYSA-N","C20H12F26N2O4",838.038190584,"O=C(N=NC(=O)OCCCC(F)(F)C(F)(F)C(F)(F)C(F)(F)C(F)(F)C(F)(F)F)OCCCC(F)(F)C(F)(F)C(F)(F)C(F)(F)C(F)(F)C(F)(F)F"
1780,NA,"CBCNBGCPSUHKHN-UHFFFAOYSA-N","C21H12ClF26N3O2",867.020288024,"FC(F)(F)C(F)(F)C(F)(F)C(F)(F)C(F)(F)C(F)(F)CCCOc1nc(Cl)nc(OCCCC(F)(F)C(F)(F)C(F)(F)C(F)(F)C(F)(F)C(F)(F)F)n1"
1781,"2043-57-4","NVVZEKTVIXIUKW-UHFFFAOYSA-N","C8H4F13I",473.915014988,"FC(F)(F)C(F)(F)C(F)(F)C(F)(F)C(F)(F)C(F)(F)CCI"
1782,NA,"BYGOEEHSQCEGHN-UHFFFAOYSA-N","C9H4F13NO",389.008530608,"O=C=NCCC(F)(F)C(F)(F)C(F)(F)C(F)(F)C(F)(F)C(F)(F)F"
1783,NA,"HIRPFUWZIZCTAN-UHFFFAOYSA-N","C11H6ClF13O2",451.984873972,"C=C(Cl)C(=O)OCCC(F)(F)C(F)(F)C(F)(F)C(F)(F)C(F)(F)C(F)(F)F"
1784,"17527-29-6","VPKQPPJQTZJZDB-UHFFFAOYSA-N","C11H7F13O2",418.023846324,"C=CC(=O)OCCC(F)(F)C(F)(F)C(F)(F)C(F)(F)C(F)(F)C(F)(F)F"
1785,NA,"INMZEORJCBRDMK-UHFFFAOYSA-N","C21H12F26O4",822.032042584,"C=C(CC(=O)OCCC(F)(F)C(F)(F)C(F)(F)C(F)(F)C(F)(F)C(F)(F)F)C(=O)OCCC(F)(F)C(F)(F)C(F)(F)C(F)(F)C(F)(F)C(F)(F)F"
1786,NA,"FTWZHENHOZOCPQ-UHFFFAOYSA-N","C18H8F26N2O4",810.006890456,"O=C(N=NC(=O)OCCC(F)(F)C(F)(F)C(F)(F)C(F)(F)C(F)(F)C(F)(F)F)OCCC(F)(F)C(F)(F)C(F)(F)C(F)(F)C(F)(F)C(F)(F)F"
1787,NA,"GHCQRPYPKRXNOF-UHFFFAOYSA-N","C11H7F13O3",434.018760944,"C=COC(=O)OCCC(F)(F)C(F)(F)C(F)(F)C(F)(F)C(F)(F)C(F)(F)F"
1788,NA,"UHVIBVXXGUDLQH-UHFFFAOYSA-N","C11H7F13O",402.028931704,"C#CCOCCC(F)(F)C(F)(F)C(F)(F)C(F)(F)C(F)(F)C(F)(F)F"
1789,NA,"GPVGUNIIVWJTLK-UHFFFAOYSA-N","C11H9F13O",404.044581768,"C=CCOCCC(F)(F)C(F)(F)C(F)(F)C(F)(F)C(F)(F)C(F)(F)F"
1790,NA,"ISNNMOKXAQYECI-UHFFFAOYSA-N","C11H8F13N3O",445.045978736,"FC(F)(F)C(F)(F)C(F)(F)C(F)(F)C(F)(F)C(F)(F)CCOCc1cnn[nH]1"
1791,NA,"DRSDQADBHIDJCU-UHFFFAOYSA-N","C11H9F13O2",420.039496388,"FC(F)(F)C(F)(F)C(F)(F)C(F)(F)C(F)(F)C(F)(F)CCOCC1CO1"
1792,NA,"LCACBPBFZQHXSG-UHFFFAOYSA-N","C24H12F39O4P",1135.985046074,"O=P(OCCC(F)(F)C(F)(F)C(F)(F)C(F)(F)C(F)(F)C(F)(F)F)(OCCC(F)(F)C(F)(F)C(F)(F)C(F)(F)C(F)(F)C(F)(F)F)OCCC(F)(F)C(F)(F)C(F)(F)C(F)(F)C(F)(F)C(F)(F)F"
1793,NA,"GTPHVVCYEWPQFE-UHFFFAOYSA-N","C8H5F13S",379.99043802,"FC(F)(F)C(F)(F)C(F)(F)C(F)(F)C(F)(F)C(F)(F)CCS"
1794,NA,"REEZRLCBIOJNCB-UHFFFAOYSA-N","C10H8ClF13O2S",473.972595036,"O=S(=O)(CCCl)CCC(F)(F)C(F)(F)C(F)(F)C(F)(F)C(F)(F)C(F)(F)F"
1795,"27619-89-2","NDBZVZPOTNLWLU-UHFFFAOYSA-N","C8H4ClF13O2S",445.941294908,"O=S(=O)(Cl)CCC(F)(F)C(F)(F)C(F)(F)C(F)(F)C(F)(F)C(F)(F)F"
1796,NA,"RJSWEHLKQSQEHW-UHFFFAOYSA-N","C9H4F13NS",404.985686988,"N#CSCCC(F)(F)C(F)(F)C(F)(F)C(F)(F)C(F)(F)C(F)(F)F"
1797,NA,"IWRNCVRDDHBTAD-UHFFFAOYSA-N","C12H13F13S2",468.025109276,"FC(F)(F)C(F)(F)C(F)(F)C(F)(F)C(F)(F)C(F)(F)CCSCCCCS"
1798,NA,"TYMGDYKDZSSLJM-UHFFFAOYSA-N","C26H22F26O4S2",956.054434904,"O=C(C=CC(=O)OCCCSCCC(F)(F)C(F)(F)C(F)(F)C(F)(F)C(F)(F)C(F)(F)F)OCCCSCCC(F)(F)C(F)(F)C(F)(F)C(F)(F)C(F)(F)C(F)(F)F"
1799,NA,"GBDROMNKGSCMDH-UHFFFAOYSA-N","C7H2F13I",459.899364924,"FC(F)(F)C(F)(F)C(F)(F)C(F)(F)C(F)(F)C(F)(F)CI"
1800,"355-41-9","BDUCYIFEYLMINO-UHFFFAOYSA-N","C6ClF13",353.94809454,"FC(F)(F)C(F)(F)C(F)(F)C(F)(F)C(F)(F)C(F)(F)Cl"
1801,"559-11-5","XJAVADKMAMZXPW-UHFFFAOYSA-N","C10H5F13O2",404.00819626,"C=CC(=O)OCC(F)(F)C(F)(F)C(F)(F)C(F)(F)C(F)(F)C(F)(F)F"
1802,"154452-93-4","ZJIJAJXFLBMLCK-UHFFFAOYSA-N","C6F14",337.97764508,"FC(F)(F)C(F)(F)C(F)(F)C(F)(F)C(F)(F)C(F)(F)F"
1803,"355-43-1","BULLJMKUVKYZDJ-UHFFFAOYSA-N","C6F13I",445.88371486,"FC(F)(F)C(F)(F)C(F)(F)C(F)(F)C(F)(F)C(F)(F)I"
1804,"432-08-6","HDCGZKPLSIIZAZ-UHFFFAOYSA-N","C18F39N",970.94079958,"FC(F)(F)C(F)(F)C(F)(F)C(F)(F)C(F)(F)C(F)(F)N(C(F)(F)C(F)(F)C(F)(F)C(F)(F)C(F)(F)C(F)(F)F)C(F)(F)C(F)(F)C(F)(F)C(F)(F)C(F)(F)C(F)(F)F"
1805,NA,"WIAOFRAJPPTYEE-UHFFFAOYSA-N","C12H4ClF13O2S",493.941294908,"O=S(=O)(c1ccc(Cl)cc1)C(F)(F)C(F)(F)C(F)(F)C(F)(F)C(F)(F)C(F)(F)F"
1806,NA,"MIWIUSUEFHOJJL-UHFFFAOYSA-N","C11H6F13N2O2S",476.994240292,"O=S(=O)(N[n+]1ccccc1)C(F)(F)C(F)(F)C(F)(F)C(F)(F)C(F)(F)C(F)(F)F"
1807,"67584-48-9","OEYYQKXFSDVKJI-UHFFFAOYSA-N","C9H6F13NO2S",438.991166292,"C=CCNS(=O)(=O)C(F)(F)C(F)(F)C(F)(F)C(F)(F)C(F)(F)C(F)(F)F"
1808,"68298-09-9","ZEIOJAPXFDPENM-UHFFFAOYSA-N","C13H8F13NO2S",489.006816356,"O=S(=O)(NCc1ccccc1)C(F)(F)C(F)(F)C(F)(F)C(F)(F)C(F)(F)C(F)(F)F"
1809,NA,"AXBAJZBYMBZLLS-UHFFFAOYSA-N","C8H3F13OS",393.969702576,"C=CS(=O)C(F)(F)C(F)(F)C(F)(F)C(F)(F)C(F)(F)C(F)(F)F"
1810,"55591-23-6","DVRQSALCLMEVIH-UHFFFAOYSA-N","C6ClF13O2S",417.90999478,"O=S(=O)(Cl)C(F)(F)C(F)(F)C(F)(F)C(F)(F)C(F)(F)C(F)(F)F"
1811,"423-50-7","HSDJWNJDPDJOEV-UHFFFAOYSA-N","C6F14O2S",401.93954532,"O=S(=O)(F)C(F)(F)C(F)(F)C(F)(F)C(F)(F)C(F)(F)C(F)(F)F"
1812,"1423-20-7","GVPQTQICQWIEKB-UHFFFAOYSA-N","C6F18S",445.94332896,"FC(F)(F)C(F)(F)C(F)(F)C(F)(F)C(F)(F)C(F)(F)S(F)(F)(F)(F)F"
1813,NA,"OOARTWBHOTYAKZ-UHFFFAOYSA-N","C12H5F13S",427.99043802,"FC(F)(F)C(F)(F)C(F)(F)C(F)(F)C(F)(F)C(F)(F)Sc1ccccc1"
1814,"89987-98-4","BEDWVNVYPXSFLZ-UHFFFAOYSA-N","C6ClF13S",385.92016554,"FC(F)(F)C(F)(F)C(F)(F)C(F)(F)C(F)(F)C(F)(F)SCl"
1815,"93962-52-8","OCCOAYPOGQDEOQ-UHFFFAOYSA-N","C12F26S2",701.90262572,"FC(F)(F)C(F)(F)C(F)(F)C(F)(F)C(F)(F)C(F)(F)SSC(F)(F)C(F)(F)C(F)(F)C(F)(F)C(F)(F)C(F)(F)F"
1816,NA,"OPYCVFHSYCUOGR-UHFFFAOYSA-N","C7F15I",495.8805213,"FC(F)(F)C(F)(F)C(F)(F)C(F)(F)C(F)(F)C(F)(I)C(F)(F)F"
1817,"84100-13-0","QAFBNSWDAGQWLF-UHFFFAOYSA-N","C7H3F11",296.005910516,"C=CC(F)(F)C(F)(F)C(F)(F)C(F)(F)C(F)(F)F"
1818,NA,"OMBYOPNOROKVEG-UHFFFAOYSA-N","C6HF11O",297.985175072,"O=CC(F)(F)C(F)(F)C(F)(F)C(F)(F)C(F)(F)F"
1819,NA,"WMIGMTHEMXUBFV-UHFFFAOYSA-N","C8H3F11N2",336.012058516,"FC(F)(F)C(F)(F)C(F)(F)C(F)(F)C(F)(F)c1cnc[nH]1"
1820,NA,"MHDMAFIFHRRKPR-UHFFFAOYSA-N","C18F33N3",884.95652826,"FC(F)(F)C(F)(F)C(F)(F)C(F)(F)C(F)(F)c1nc(C(F)(F)C(F)(F)C(F)(F)C(F)(F)C(F)(F)F)nc(C(F)(F)C(F)(F)C(F)(F)C(F)(F)C(F)(F)F)n1"
1821,NA,"RVPRLHLWDOJBHQ-UHFFFAOYSA-N","C12H4F22",565.996170968,"FC(F)(F)C(F)(F)C(F)(F)C(F)(F)C(F)(F)CCC(F)(F)C(F)(F)C(F)(F)C(F)(F)C(F)(F)F"
1822,NA,"NNVYAYVEHCWCAR-UHFFFAOYSA-N","C8H5F11O",326.0164752,"O=CCCC(F)(F)C(F)(F)C(F)(F)C(F)(F)C(F)(F)F"
1823,NA,"VWDQEOUJCKTHTF-UHFFFAOYSA-N","C16H12F22",622.058771224,"FC(F)(F)C(F)(F)C(F)(F)C(F)(F)C(F)(F)CCCCCCC(F)(F)C(F)(F)C(F)(F)C(F)(F)C(F)(F)F"
1824,NA,"HCYPERYYAZDFLK-UHFFFAOYSA-N","C18H16F22",650.090071352,"FC(F)(F)C(F)(F)C(F)(F)C(F)(F)C(F)(F)CCCCCCCCC(F)(F)C(F)(F)C(F)(F)C(F)(F)C(F)(F)F"
1825,NA,"RFDSQPGWGBLAFI-UHFFFAOYSA-N","C20H20F22",678.12137148,"FC(F)(F)C(F)(F)C(F)(F)C(F)(F)C(F)(F)CCCCCCCCCCC(F)(F)C(F)(F)C(F)(F)C(F)(F)C(F)(F)F"
1826,NA,"JGSMPDWWNWUKFQ-UHFFFAOYSA-N","C23H26F22",720.168321672,"FC(F)(F)C(F)(F)C(F)(F)C(F)(F)C(F)(F)CCCCCCCCCCCCCC(F)(F)C(F)(F)C(F)(F)C(F)(F)C(F)(F)F"
1827,"1682-31-1","KEHJVWWDDAAVHB-UHFFFAOYSA-N","C7H4F11I",423.918208548,"FC(F)(F)C(F)(F)C(F)(F)C(F)(F)C(F)(F)CCI"
1828,"65702-23-0","IHLPCLQHYYNLIN-UHFFFAOYSA-N","C7H4ClF11O2S",395.944488468,"O=S(=O)(Cl)CCC(F)(F)C(F)(F)C(F)(F)C(F)(F)C(F)(F)F"
1829,NA,"NVPYUCSZZRWYML-UHFFFAOYSA-N","C6H2F11I",409.902558484,"FC(F)(F)C(F)(F)C(F)(F)C(F)(F)C(F)(F)CI"
1830,NA,"JFDAGRQBXXAVSD-UHFFFAOYSA-N","C9H5F11O2",354.01138982,"C=CC(=O)OCC(F)(F)C(F)(F)C(F)(F)C(F)(F)C(F)(F)F"
1831,NA,"BSHXXSFAHRWMFQ-UHFFFAOYSA-N","C8H5F11O",326.0164752,"C=COCC(F)(F)C(F)(F)C(F)(F)C(F)(F)C(F)(F)F"
1832,NA,"SCLPYRSSWDKFEM-UHFFFAOYSA-N","C9H7F11O",340.032125264,"C=CCOCC(F)(F)C(F)(F)C(F)(F)C(F)(F)C(F)(F)F"
1833,NA,"KMIGYHDUVWFLSB-UHFFFAOYSA-N","C9H7F11O2",356.027039884,"FC(F)(F)C(F)(F)C(F)(F)C(F)(F)C(F)(F)COCC1CO1"
1834,NA,"BQOLVFQIEAAHQR-UHFFFAOYSA-N","C10H2F20O3S",581.940529324,"O=S(=O)(OCC(F)(F)C(F)(F)C(F)(F)C(F)(F)C(F)(F)F)C(F)(F)C(F)(F)C(F)(F)C(F)(F)F"
1835,NA,"OJCJXJDRDHYJSH-UHFFFAOYSA-N","C7H2F14O3S",431.950110004,"O=S(=O)(OCC(F)(F)C(F)(F)C(F)(F)C(F)(F)C(F)(F)F)C(F)(F)F"
1836,"128664-89-1","NJCBUSHGCBERSK-UHFFFAOYSA-N","C5F12",287.98083864,"FC(F)(F)C(F)(F)C(F)(F)C(F)(F)C(F)(F)F"
1837,"638-79-9","KCEJJSGJNCSQFI-UHFFFAOYSA-N","C5F11I",395.88690842,"FC(F)(F)C(F)(F)C(F)(F)C(F)(F)C(F)(F)I"
1838,"338-84-1","AQZYBQIAUSKCCS-UHFFFAOYSA-N","C15F33N",820.95038026,"FC(F)(F)C(F)(F)C(F)(F)C(F)(F)C(F)(F)N(C(F)(F)C(F)(F)C(F)(F)C(F)(F)C(F)(F)F)C(F)(F)C(F)(F)C(F)(F)C(F)(F)C(F)(F)F"
1839,NA,"PPIFMJXJHBIWAY-UHFFFAOYSA-N","C9F19N",482.97273518,"FC(F)(F)C(F)(F)C(F)(F)C(F)(F)C(F)(F)N1C(F)(F)C(F)(F)C(F)(F)C1(F)F"
1840,NA,"ODWOZMSHTDFDFA-UHFFFAOYSA-N","C9F20O",503.96297902,"FC(F)(F)C(F)(F)C(F)(F)C(F)(F)C(F)(F)OC(F)(F)C(F)(C(F)(F)F)C(F)(F)F"
1841,"335-97-7","YJJPIVVOMTXOQC-UHFFFAOYSA-N","C8H6F11NO2S",388.994359852,"C=CCNS(=O)(=O)C(F)(F)C(F)(F)C(F)(F)C(F)(F)C(F)(F)F"
1842,"68298-08-8","RMTNCHPOOXNCQZ-UHFFFAOYSA-N","C12H8F11NO2S",439.010009916,"O=S(=O)(NCc1ccccc1)C(F)(F)C(F)(F)C(F)(F)C(F)(F)C(F)(F)F"
1843,"375-81-5","USAIUDWRPJQRTG-UHFFFAOYSA-N","C5F12O2S",351.94273888,"O=S(=O)(F)C(F)(F)C(F)(F)C(F)(F)C(F)(F)C(F)(F)F"
1844,NA,"JZNOXYXRJDVNOM-UHFFFAOYSA-N","C6F13I",445.88371486,"FC(F)(F)C(F)(F)C(F)(F)C(F)(F)C(F)(I)C(F)(F)F"
1845,"19430-93-4","GVEUEBXMTMZVSD-UHFFFAOYSA-N","C6H3F9",246.009104076,"C=CC(F)(F)C(F)(F)C(F)(F)C(F)(F)F"
1846,NA,"VRVUWOCHHTUQTI-UHFFFAOYSA-N","C12H6F9I",447.937052172,"FC(F)(F)C(F)(F)C(F)(F)C(F)(F)C=C(I)c1ccccc1"
1847,NA,"JRCPJQVQFTXUSS-UHFFFAOYSA-N","C7H3F9",258.009104076,"C=C=CC(F)(F)C(F)(F)C(F)(F)C(F)(F)F"
1848,NA,"FFKSEFSHRPFWNW-UHFFFAOYSA-N","C14H2F26",663.974133784,"FC(F)(F)C(F)(F)C(F)(F)C(F)(F)C=CC(F)(F)C(F)(F)C(F)(F)C(F)(F)C(F)(F)C(F)(F)C(F)(F)C(F)(F)F"
1849,NA,"NNVSZWKJFYBJPR-UHFFFAOYSA-N","C12H2F22",563.980520904,"FC(F)(F)C(F)(F)C(F)(F)C(F)(F)C=CC(F)(F)C(F)(F)C(F)(F)C(F)(F)C(F)(F)C(F)(F)F"
1850,NA,"MGVUWCOSZAVONX-UHFFFAOYSA-N","C11H2F20",513.983714464,"FC(F)(F)C(F)(F)C(F)(F)C(F)(F)C=CC(F)(F)C(F)(F)C(F)(F)C(F)(F)C(F)(F)F"
1851,NA,"FSOCDJTVKIHJDC-UHFFFAOYSA-N","C10H2F18",463.986908024,"FC(F)(F)C(F)(F)C(F)(F)C(F)(F)C=CC(F)(F)C(F)(F)C(F)(F)C(F)(F)F"
1852,NA,"XGONTPLWCDFSPQ-UHFFFAOYSA-N","C12H7F9",322.040404204,"FC(F)(F)C(F)(F)C(F)(F)C(F)(F)C=Cc1ccccc1"
1853,NA,"ILSWGKFIWBVLDG-UHFFFAOYSA-N","C5HF9O",247.988368632,"O=CC(F)(F)C(F)(F)C(F)(F)C(F)(F)F"
1854,"374-60-7","XZZGMFAUFIVEGL-UHFFFAOYSA-N","C10F20",499.9680644,"FC(F)(F)C(F)(F)C(F)(F)C(F)(F)C1(F)C(F)(F)C(F)(F)C(F)(F)C(F)(F)C1(F)F"
1855,NA,"KOQYZEXXQFIMRZ-UHFFFAOYSA-N","C14F26",661.95848372,"FC(F)(F)C(F)(F)C(F)(F)C(F)(F)C1(F)C(F)(F)C(F)(F)C(F)(F)C2(F)C(F)(F)C(F)(F)C(F)(F)C(F)(F)C12F"
1856,NA,"DUJGJLZIVIMXGT-UHFFFAOYSA-N","C14F26",661.95848372,"FC(F)(F)C(F)(F)C(F)(F)C(F)(F)C1(F)C(F)(F)C(F)(F)C2(F)C(F)(F)C(F)(F)C(F)(F)C(F)(F)C2(F)C1(F)F"
1857,NA,"HTEFXPIJEVDPEF-UHFFFAOYSA-N","C8F16O",415.96936614,"FC(F)(F)C(F)(F)C(F)(F)C(F)(F)C1(F)C(F)(F)OC(F)(F)C1(F)F"
1858,NA,"SIWFNBUDPFBKPU-UHFFFAOYSA-N","C6F12O3S",379.9376535,"O=S1(=O)OC(F)(F)C1(F)C(F)(F)C(F)(F)C(F)(F)C(F)(F)F"
1859,"40464-54-8","FYJQJMIEZVMYSD-UHFFFAOYSA-N","C8F16O",415.96936614,"FC(F)(F)C(F)(F)C(F)(F)C(F)(F)C1(F)OC(F)(F)C(F)(F)C1(F)F"
1860,NA,"HBBPUTOQGBFWPQ-UHFFFAOYSA-N","C6F12O",315.97575326,"FC(F)(F)C(F)(F)C(F)(F)C(F)(F)C1(F)OC1(F)F"
1861,NA,"URZHTROJGRZCJI-UHFFFAOYSA-N","C12H5F9S",351.99682514,"FC(F)(F)C(F)(F)C(F)(F)C(F)(F)c1cccc2ccsc12"
1862,NA,"YTRLZMSTOMYNQS-UHFFFAOYSA-N","C13H5F9O2",364.01458338,"O=c1cc(C(F)(F)C(F)(F)C(F)(F)C(F)(F)F)oc2ccccc12"
1863,NA,"KCZXOUCOUNFADI-UHFFFAOYSA-N","C14H7F9N2O",390.041466824,"Oc1cc(C(F)(F)C(F)(F)C(F)(F)C(F)(F)F)nc(-c2ccccc2)n1"
1864,NA,"QIXJBQLHXCUZTC-UHFFFAOYSA-N","C19H14F9NO2",459.088082668,"O=c1cc(C(F)(F)C(F)(F)C(F)(F)C(F)(F)F)c2cc3c4c(c2o1)CCCN4CCC3"
1865,NA,"AYVOAECFQMWJCP-UHFFFAOYSA-N","C12H3F9N2",346.015252076,"N#Cc1ccc(C(F)(F)C(F)(F)C(F)(F)C(F)(F)F)cc1C#N"
1866,NA,"ZGUIRKVONJNPDU-UHFFFAOYSA-N","C12H7F9",322.040404204,"C=Cc1ccc(C(F)(F)C(F)(F)C(F)(F)C(F)(F)F)cc1"
1867,NA,"BBSJQRPSLLFZNT-UHFFFAOYSA-N","C11H4F9N",321.020003108,"N#Cc1ccc(C(F)(F)C(F)(F)C(F)(F)C(F)(F)F)cc1"
1868,NA,"PACASBRIKDMTSP-UHFFFAOYSA-N","C10H5F9",296.02475414,"FC(F)(F)C(F)(F)C(F)(F)C(F)(F)c1ccccc1"
1869,NA,"KKXHYYMDJMMUQM-UHFFFAOYSA-N","C8H3F9S",301.981175076,"FC(F)(F)C(F)(F)C(F)(F)C(F)(F)c1cccs1"
1870,NA,"QNHWEZZPPUDLOF-UHFFFAOYSA-N","C13H7F9",334.040404204,"FC(F)(F)C(F)(F)C(F)(F)C(F)(F)C1=Cc2ccccc2C1"
1871,NA,"JSPZUTBVNOQHNJ-UHFFFAOYSA-N","C12H6F9N",335.035653172,"FC(F)(F)C(F)(F)C(F)(F)C(F)(F)c1cc2ccccc2[nH]1"
1872,NA,"PIOPUHSIOSKTAD-UHFFFAOYSA-N","C12H5F9O",336.01966876,"FC(F)(F)C(F)(F)C(F)(F)C(F)(F)c1cc2ccccc2o1"
1873,NA,"HRDRZDZAIJKOFP-UHFFFAOYSA-N","C12H5F9S",351.99682514,"FC(F)(F)C(F)(F)C(F)(F)C(F)(F)c1cc2ccccc2s1"
1874,NA,"OCWLROAYBFHECC-UHFFFAOYSA-N","C12H6F9N",335.035653172,"FC(F)(F)C(F)(F)C(F)(F)C(F)(F)c1c[nH]c2ccccc12"
1875,NA,"PZDHVRNTCYBOHX-UHFFFAOYSA-N","C12H5F9S",351.99682514,"FC(F)(F)C(F)(F)C(F)(F)C(F)(F)c1csc2ccccc12"
1876,NA,"KWLACWDKYOFTFE-UHFFFAOYSA-N","C8H3F9N2OS",345.982237696,"OC1=NC(=S)N=C(C(F)(F)C(F)(F)C(F)(F)C(F)(F)F)C1"
1877,NA,"VSNLGZJCMQXKOZ-UHFFFAOYSA-N","C13H7F9N2O",378.041466824,"OC1=Nc2ccccc2N=C(C(F)(F)C(F)(F)C(F)(F)C(F)(F)F)C1"
1878,NA,"SVXMNQVFCJCBTQ-UHFFFAOYSA-N","C13H7F9N2",362.046552204,"FC(F)(F)C(F)(F)C(F)(F)C(F)(F)c1cc(-c2ccccc2)[nH]n1"
1879,NA,"RKFHLITWGMEXPJ-UHFFFAOYSA-N","C8H3F9N2O2",330.005081316,"O=C1N=CC(C(F)(F)C(F)(F)C(F)(F)C(F)(F)F)C(O)=N1"
1880,"26446-59-3","CJFUEPJVIFJOOU-UHFFFAOYSA-N","C8H7F9O",290.035318824,"FC(F)(F)C(F)(F)C(F)(F)C(F)(F)C1CCCO1"
1881,NA,"QHHCBVYZWRKFLZ-UHFFFAOYSA-N","C6H3F9O",262.004018696,"FC(F)(F)C(F)(F)C(F)(F)C(F)(F)C1CO1"
1882,NA,"PHNKFQLUMVJFOV-UHFFFAOYSA-N","C7H3F9O3",305.993847936,"O=C1OCC(C(F)(F)C(F)(F)C(F)(F)C(F)(F)F)O1"
1883,NA,"QJNFXQRNAOKHEU-UHFFFAOYSA-N","C19H11F9S",442.043775332,"FC(F)(F)C(F)(F)C(F)(F)C(F)(F)C1SC2c3ccccc3C1c1ccccc12"
1884,"64018-24-2","OSYDIIQLLFZQKP-UHFFFAOYSA-N","C6H2ClF9O",295.965046344,"O=C(Cl)CC(F)(F)C(F)(F)C(F)(F)C(F)(F)F"
1885,NA,"YXBZHGLURYLFOB-UHFFFAOYSA-N","C10H8F13I",501.946315116,"FC(F)(CCI)CC(F)(F)CC(F)(F)C(F)(F)C(F)(F)C(F)(F)F"
1886,NA,"SDVKQEYHUIMFIB-UHFFFAOYSA-N","C8H4F13I",473.915014988,"FC(F)(I)CC(F)(F)CC(F)(F)C(F)(F)C(F)(F)C(F)(F)F"
1887,NA,"MRPSASLEFZGUCD-UHFFFAOYSA-N","C8H6F11I",437.933858612,"FC(F)(CCI)CC(F)(F)C(F)(F)C(F)(F)C(F)(F)F"
1888,NA,"VNEYERDGZVVTIT-UHFFFAOYSA-N","C8H6ClF11O2S",409.960138532,"O=S(=O)(Cl)CCC(F)(F)CC(F)(F)C(F)(F)C(F)(F)C(F)(F)F"
1889,NA,"UXTBTNPWSKVSDW-UHFFFAOYSA-N","C14H3F26I",791.886431816,"FC(F)(F)C(F)(F)C(F)(F)C(F)(F)CC(I)C(F)(F)C(F)(F)C(F)(F)C(F)(F)C(F)(F)C(F)(F)C(F)(F)C(F)(F)F"
1890,NA,"ZDRHSXVFEQIXGS-UHFFFAOYSA-N","C10H3F18I",591.899206056,"FC(F)(F)C(F)(F)C(F)(F)C(F)(F)CC(I)C(F)(F)C(F)(F)C(F)(F)C(F)(F)F"
1891,NA,"LBOAVJIKQMPRPT-UHFFFAOYSA-N","C12H14F9I",455.999652428,"FC(F)(F)C(F)(F)C(F)(F)C(F)(F)CC(I)C1CCCCC1"
1892,NA,"CUJYVGKVAYEFKL-UHFFFAOYSA-N","C13H8F18I2",759.842804216,"FC(F)(F)C(F)(F)C(F)(F)C(F)(F)CC(I)CC(I)CC(F)(F)C(F)(F)C(F)(F)C(F)(F)F"
1893,NA,"IAPGYSNDNDIXDV-UHFFFAOYSA-N","C14H10F18I2",773.85845428,"FC(F)(F)C(F)(F)C(F)(F)C(F)(F)CC(I)CCC(I)CC(F)(F)C(F)(F)C(F)(F)C(F)(F)F"
1894,NA,"LKBRVJJAQWSEDF-UHFFFAOYSA-N","C15H12F18I2",787.874104344,"FC(F)(F)C(F)(F)C(F)(F)C(F)(F)CC(I)CCCC(I)CC(F)(F)C(F)(F)C(F)(F)C(F)(F)F"
1895,NA,"RPPYLFHZJAFBAV-UHFFFAOYSA-N","C16H14F18I2",801.889754408,"FC(F)(F)C(F)(F)C(F)(F)C(F)(F)CC(I)CCCCC(I)CC(F)(F)C(F)(F)C(F)(F)C(F)(F)F"
1896,NA,"WFZSJBMGELYANT-UHFFFAOYSA-N","C24H17F27Sn",937.992107184,"[CH2]CC(F)(F)C(F)(F)C(F)(F)C(F)(F)F.[CH2]CC(F)(F)C(F)(F)C(F)(F)C(F)(F)F.[CH2]CC(F)(F)C(F)(F)C(F)(F)C(F)(F)F.[Sn].[c]1ccccc1"
1897,NA,"TXGLPKAFRITSKI-UHFFFAOYSA-N","C21H17F27Sn",901.992107184,"[CH2]C=C.[CH2]CC(F)(F)C(F)(F)C(F)(F)C(F)(F)F.[CH2]CC(F)(F)C(F)(F)C(F)(F)C(F)(F)F.[CH2]CC(F)(F)C(F)(F)C(F)(F)C(F)(F)F.[Sn]"
1898,NA,"IXGCTPQSODDMDJ-UHFFFAOYSA-N","C18H13F27Sn",861.960807056,"[CH2]CC(F)(F)C(F)(F)C(F)(F)C(F)(F)F.[CH2]CC(F)(F)C(F)(F)C(F)(F)C(F)(F)F.[CH2]CC(F)(F)C(F)(F)C(F)(F)C(F)(F)F.[H].[Sn]"
1899,NA,"TWLUKCCXOGLBOR-UHFFFAOYSA-N","C7H5F9",260.02475414,"C=CCC(F)(F)C(F)(F)C(F)(F)C(F)(F)F"
1900,NA,"CHTMEBZUIXBKMA-UHFFFAOYSA-N","C13H9F9",336.056054268,"FC(F)(F)C(F)(F)C(F)(F)C(F)(F)CC=Cc1ccccc1"
1901,NA,"PLXBWBKXCKSJRL-UHFFFAOYSA-N","C6H3F9O",262.004018696,"O=CCC(F)(F)C(F)(F)C(F)(F)C(F)(F)F"
1902,NA,"WUKHWLIEBSRTRH-UHFFFAOYSA-N","C7H5F9O",276.01966876,"FC(F)(F)C(F)(F)C(F)(F)C(F)(F)CC1CO1"
1903,NA,"LXTWHOIAODISEK-UHFFFAOYSA-N","C8H5F9O3",320.009498,"O=C1OCC(CC(F)(F)C(F)(F)C(F)(F)C(F)(F)F)O1"
1904,NA,"UDFSAZKDTBRQDY-UHFFFAOYSA-N","C6H4BrF9",325.935266208,"FC(F)(F)C(F)(F)C(F)(F)C(F)(F)CCBr"
1905,NA,"NCZCIONFCQOOAM-UHFFFAOYSA-N","C7H4F9N",273.020003108,"N#CCCC(F)(F)C(F)(F)C(F)(F)C(F)(F)F"
1906,NA,"LNFNFGXVSPNQIW-UHFFFAOYSA-N","C11H8F9NO4",389.030961716,"O=C(CCC(F)(F)C(F)(F)C(F)(F)C(F)(F)F)ON1C(=O)CCC1=O"
1907,NA,"CFRLBNSVJIEGSV-UHFFFAOYSA-N","C14H4F26",665.989783848,"FC(F)(F)C(F)(F)C(F)(F)C(F)(F)CCC(F)(F)C(F)(F)C(F)(F)C(F)(F)C(F)(F)C(F)(F)C(F)(F)C(F)(F)F"
1908,NA,"XYTVKPCMDPOOFB-UHFFFAOYSA-N","C10H4F18",466.002558088,"FC(F)(F)C(F)(F)C(F)(F)C(F)(F)CCC(F)(F)C(F)(F)C(F)(F)C(F)(F)F"
1909,NA,"OHPLOIJMWHYFKT-UHFFFAOYSA-N","C9H5F9N2O2",344.02073138,"O=C=NC(CCC(F)(F)C(F)(F)C(F)(F)C(F)(F)F)N=C=O"
1910,NA,"ZCRHOADSHVJCKU-UHFFFAOYSA-N","C18H14F9NO5",495.072826528,"O=C(OCc1ccc(CCC(F)(F)C(F)(F)C(F)(F)C(F)(F)F)cc1)ON1C(=O)CCC1=O"
1911,NA,"PEPWIAVLPDLJMQ-UHFFFAOYSA-N","C8H8BrF9",353.966566336,"FC(F)(F)C(F)(F)C(F)(F)C(F)(F)CCCCBr"
1912,NA,"JNJQXCNNGSJWOS-UHFFFAOYSA-N","C10H12BrF9",381.997866464,"FC(F)(F)C(F)(F)C(F)(F)C(F)(F)CCCCCCBr"
1913,NA,"JVDWPFAGFJGSIM-UHFFFAOYSA-N","C14H12F18",522.065158344,"FC(F)(F)C(F)(F)C(F)(F)C(F)(F)CCCCCCC(F)(F)C(F)(F)C(F)(F)C(F)(F)F"
1914,NA,"PYHMZNIOZVWFDK-UHFFFAOYSA-N","C16H16F18",550.096458472,"FC(F)(F)C(F)(F)C(F)(F)C(F)(F)CCCCCCCCC(F)(F)C(F)(F)C(F)(F)C(F)(F)F"
1915,NA,"HDQATQLPXACQSR-UHFFFAOYSA-N","C15H20ClF9O",422.10589692,"O=C(Cl)CCCCCCCCCCC(F)(F)C(F)(F)C(F)(F)C(F)(F)F"
1916,NA,"UNNUZQVXLSJZPN-UHFFFAOYSA-N","C18H20F18",578.1277586,"FC(F)(F)C(F)(F)C(F)(F)C(F)(F)CCCCCCCCCCC(F)(F)C(F)(F)C(F)(F)C(F)(F)F"
1917,NA,"HIEQJDKWJZYMQM-UHFFFAOYSA-N","C15H22BrF9",452.076116784,"FC(F)(F)C(F)(F)C(F)(F)C(F)(F)CCCCCCCCCCCBr"
1918,NA,"HUMXDBZLFGYHCC-UHFFFAOYSA-N","C8H8F9I",401.952702236,"FC(F)(F)C(F)(F)C(F)(F)C(F)(F)CCCCI"
1919,NA,"BPQUIZZKLVTZOY-UHFFFAOYSA-N","C7H6F9I",387.937052172,"FC(F)(F)C(F)(F)C(F)(F)C(F)(F)CCCI"
1920,NA,"LXCDRWZGUKTECU-UHFFFAOYSA-N","C10H9F9O2",332.045883508,"C=CC(=O)OCCCC(F)(F)C(F)(F)C(F)(F)C(F)(F)F"
1921,NA,"DDWXIFAGBUZUHP-UHFFFAOYSA-N","C8H6ClF9O2",339.991261092,"O=C(Cl)OCCCC(F)(F)C(F)(F)C(F)(F)C(F)(F)F"
1922,"2043-55-2","CXHFIVFPHDGZIS-UHFFFAOYSA-N","C6H4F9I",373.921402108,"FC(F)(F)C(F)(F)C(F)(F)C(F)(F)CCI"
1923,NA,"KHEZQPBUHOLTCH-UHFFFAOYSA-N","C7H4Cl2F9N",342.957708468,"FC(F)(F)C(F)(F)C(F)(F)C(F)(F)CCN=C(Cl)Cl"
1924,"52591-27-2","GYUPEJSTJSFVRR-UHFFFAOYSA-N","C9H7F9O2",318.030233444,"C=CC(=O)OCCC(F)(F)C(F)(F)C(F)(F)C(F)(F)F"
1925,NA,"DVQHEDSMPBFNOO-UHFFFAOYSA-N","C16H12F18O4",610.044816824,"O=C(CCC(=O)OCCC(F)(F)C(F)(F)C(F)(F)C(F)(F)F)OCCC(F)(F)C(F)(F)C(F)(F)C(F)(F)F"
1926,NA,"UBGPASCOGXQXLD-UHFFFAOYSA-N","C13H8F18O3",554.018602076,"O=C(OCCC(F)(F)C(F)(F)C(F)(F)C(F)(F)F)OCCC(F)(F)C(F)(F)C(F)(F)C(F)(F)F"
1927,NA,"JLPDNEGZZRIXGN-UHFFFAOYSA-N","C7H4ClF9O2",325.975611028,"O=C(Cl)OCCC(F)(F)C(F)(F)C(F)(F)C(F)(F)F"
1928,NA,"LAFIDLOOPJPAPN-UHFFFAOYSA-N","C8H7F9O",290.035318824,"C=COCCC(F)(F)C(F)(F)C(F)(F)C(F)(F)F"
1929,NA,"BXBMJDMXOHONJT-UHFFFAOYSA-N","C7H5F9O2",292.01458338,"O=COCCC(F)(F)C(F)(F)C(F)(F)C(F)(F)F"
1930,NA,"PPUCLCTVTJYXOM-UHFFFAOYSA-N","C9H9F9O",304.050968888,"C=CCOCCC(F)(F)C(F)(F)C(F)(F)C(F)(F)F"
1931,NA,"CMVRDQOLJDTNPX-UHFFFAOYSA-N","C9H9F9O2",320.045883508,"FC(F)(F)C(F)(F)C(F)(F)C(F)(F)CCOCC1CO1"
1932,NA,"GJIJUEIVZGKPPA-UHFFFAOYSA-N","C9H8F9NO",317.046217856,"N#CCCOCCC(F)(F)C(F)(F)C(F)(F)C(F)(F)F"
1933,NA,"KYIISKPQNCJEAU-UHFFFAOYSA-N","C18H12F27O4P",836.004207434,"O=P(OCCC(F)(F)C(F)(F)C(F)(F)C(F)(F)F)(OCCC(F)(F)C(F)(F)C(F)(F)C(F)(F)F)OCCC(F)(F)C(F)(F)C(F)(F)C(F)(F)F"
1934,NA,"BZPMRPBNUBBPDV-UHFFFAOYSA-N","C7H4F12O3S",395.968953628,"O=S(=O)(OCCC(F)(F)C(F)(F)C(F)(F)C(F)(F)F)C(F)(F)F"
1935,"68140-20-5","GQJXVHYUQPXZOL-UHFFFAOYSA-N","C6H5F9S",279.99682514,"FC(F)(F)C(F)(F)C(F)(F)C(F)(F)CCS"
1936,"27619-88-1","VKUQIBIIJYOHSC-UHFFFAOYSA-N","C6H4ClF9O2S",345.947682028,"O=S(=O)(Cl)CCC(F)(F)C(F)(F)C(F)(F)C(F)(F)F"
1937,NA,"GGOWJPVBRDJYHL-UHFFFAOYSA-N","C7H4F9NS",304.992074108,"N#CSCCC(F)(F)C(F)(F)C(F)(F)C(F)(F)F"
1938,NA,"HFCSJMGXADMMTI-UHFFFAOYSA-N","C5H2F9I",359.905752044,"FC(F)(F)C(F)(F)C(F)(F)C(F)(F)CI"
1939,NA,"GIUDNRMHWCAPGM-UHFFFAOYSA-N","C4ClF9",253.95448166,"FC(F)(F)C(F)(F)C(F)(F)C(F)(F)Cl"
1940,"308-26-9","UOKXSSAMUUASQX-UHFFFAOYSA-N","C8H5F9O2",304.01458338,"C=CC(=O)OCC(F)(F)C(F)(F)C(F)(F)C(F)(F)F"
1941,NA,"DFAVYPDOSQULGD-UHFFFAOYSA-N","C8H7F9O",290.035318824,"C=CCOCC(F)(F)C(F)(F)C(F)(F)C(F)(F)F"
1942,NA,"WHWUDHFQFAKLSZ-UHFFFAOYSA-N","C9H9F9O2",320.045883508,"C=COCCOCC(F)(F)C(F)(F)C(F)(F)C(F)(F)F"
1943,"161107-53-5","KAVGMUDTWQVPDF-UHFFFAOYSA-N","C4F10",237.9840322,"FC(F)(F)C(F)(F)C(F)(F)C(F)(F)F"
1944,"423-39-2","PGRFXXCKHGIFSV-UHFFFAOYSA-N","C4F9I",345.89010198,"FC(F)(F)C(F)(F)C(F)(F)C(F)(F)I"
1945,"146175-90-8","RVZRBWKZFJCCIB-UHFFFAOYSA-N","C12F27N",670.95996094,"FC(F)(F)C(F)(F)C(F)(F)C(F)(F)N(C(F)(F)C(F)(F)C(F)(F)C(F)(F)F)C(F)(F)C(F)(F)C(F)(F)C(F)(F)F"
1946,NA,"RDGJBZXVLOXHPC-UHFFFAOYSA-N","C8F17NO",448.97084336,"FC(F)(F)C(F)(F)C(F)(F)C(F)(F)N1OC1(F)C(F)(F)C(F)(F)C(F)(F)F"
1947,NA,"YBYBMKRSCHZIFU-UHFFFAOYSA-N","C7H3F9O2",289.998933316,"C=CC(=O)OC(F)(F)C(F)(F)C(F)(F)C(F)(F)F"
1948,"308-48-5","LOJJTTDNNWYSGX-UHFFFAOYSA-N","C8F18O",453.96617258,"FC(F)(F)C(F)(F)C(F)(F)C(F)(F)OC(F)(F)C(F)(F)C(F)(F)C(F)(F)F"
1949,NA,"IKLGPUSJUIHNMO-UHFFFAOYSA-N","C9BrF19O3",595.87274214,"FC(F)(Br)OC(F)(F)C(F)(F)OC(F)(F)C(F)(F)OC(F)(F)C(F)(F)C(F)(F)C(F)(F)F"
1950,NA,"FHVZUCODTNXTFJ-UHFFFAOYSA-N","C16H9F9N2O2",432.052031508,"OC(=Nc1ccc(OC(F)(F)C(F)(F)C(F)(F)C(F)(F)F)cc1)c1ccncc1"
1951,NA,"HNVMERIRLUAKLX-UHFFFAOYSA-N","C16H9F9N2O2",432.052031508,"O=C(Nc1ccc(OC(F)(F)C(F)(F)C(F)(F)C(F)(F)F)cc1)c1cccnc1"
1952,NA,"SCKQHGHUQPSXRW-UHFFFAOYSA-N","C12F27OP",703.92556319,"O=P(C(F)(F)C(F)(F)C(F)(F)C(F)(F)F)(C(F)(F)C(F)(F)C(F)(F)C(F)(F)F)C(F)(F)C(F)(F)C(F)(F)C(F)(F)F"
1953,NA,"KINYELQWZVVDLB-UHFFFAOYSA-N","C12F29P",725.92745501,"FC(F)(F)C(F)(F)C(F)(F)C(F)(F)P(F)(F)(C(F)(F)C(F)(F)C(F)(F)C(F)(F)F)C(F)(F)C(F)(F)C(F)(F)C(F)(F)F"
1954,NA,"WXTMTRJFJBQPJW-UHFFFAOYSA-N","C10H6F9NOS",359.002638792,"N=S(=O)(c1ccccc1)C(F)(F)C(F)(F)C(F)(F)C(F)(F)F"
1955,NA,"SMPHWWVKYFLKNG-UHFFFAOYSA-N","C11H4BrF12NO3S2",568.862435728,"O=S(=O)(N=S(=O)(c1ccc(Br)cc1)C(F)(F)C(F)(F)C(F)(F)C(F)(F)F)C(F)(F)F"
1956,"63369-94-8","GMVZRHHLZNLVLE-UHFFFAOYSA-N","C12H5F9O2S",383.98665438,"O=S(=O)(C#Cc1ccccc1)C(F)(F)C(F)(F)C(F)(F)C(F)(F)F"
1957,NA,"JSICGBRQXBLHDU-UHFFFAOYSA-N","C15H5F18IO4S2",781.8386566,"O=S(=O)(C(=Ic1ccccc1)S(=O)(=O)C(F)(F)C(F)(F)C(F)(F)C(F)(F)F)C(F)(F)C(F)(F)C(F)(F)C(F)(F)F"
1958,NA,"JCQFXEGCFPAWHH-UHFFFAOYSA-N","C13HF27O6S3",861.850412692,"O=S(=O)(C(S(=O)(=O)C(F)(F)C(F)(F)C(F)(F)C(F)(F)F)S(=O)(=O)C(F)(F)C(F)(F)C(F)(F)C(F)(F)F)C(F)(F)C(F)(F)C(F)(F)C(F)(F)F"
1959,NA,"LGUFKWJTKTVTLU-UHFFFAOYSA-N","C12H7F9O3S",401.997219064,"O=C(CS(=O)(=O)C(F)(F)C(F)(F)C(F)(F)C(F)(F)F)c1ccccc1"
1960,NA,"ZJVFKZCWJMFHNU-UHFFFAOYSA-N","C11H7F9O2S",374.002304444,"O=S(=O)(Cc1ccccc1)C(F)(F)C(F)(F)C(F)(F)C(F)(F)F"
1961,"29214-37-7","XONFSEOHZGSMJG-UHFFFAOYSA-N","C9H2F18O4S2",579.910708504,"O=S(=O)(CS(=O)(=O)C(F)(F)C(F)(F)C(F)(F)C(F)(F)F)C(F)(F)C(F)(F)C(F)(F)C(F)(F)F"
1962,NA,"QZQHCXTZPMSMEM-UHFFFAOYSA-N","C11H4BrF12NO3S2",568.862435728,"O=S(=O)(N=S(=O)(c1ccc(Br)cc1)C(F)(F)F)C(F)(F)C(F)(F)C(F)(F)C(F)(F)F"
1963,NA,"JBEJWIIKJQZKJL-UHFFFAOYSA-N","C10H4F9N3O2S",400.988051348,"O=S(=O)(n1nnc2ccccc21)C(F)(F)C(F)(F)C(F)(F)C(F)(F)F"
1964,NA,"MGIMXTVIKFQOFZ-UHFFFAOYSA-N","C10H8F9NO3S",393.008118096,"O=S(=O)(N=C(O)C1C=CCC1)C(F)(F)C(F)(F)C(F)(F)C(F)(F)F"
1965,NA,"FLLDEJHRVFMCRU-UHFFFAOYSA-N","C10H10F9NO3S",395.02376816,"O=S(=O)(N=C(O)C1CCCC1)C(F)(F)C(F)(F)C(F)(F)C(F)(F)F"
1966,NA,"RQHMHZYWBYYODV-UHFFFAOYSA-N","C11H12F9NO3S",409.039418224,"O=S(=O)(N=C(O)C1CCCCC1)C(F)(F)C(F)(F)C(F)(F)C(F)(F)F"
1967,NA,"HJJZZFSDKFQANN-UHFFFAOYSA-N","C12H2F18N2O6S2",675.906685744,"O=C1C(=O)C(NS(=O)(=O)C(F)(F)C(F)(F)C(F)(F)C(F)(F)F)C1=NS(=O)(=O)C(F)(F)C(F)(F)C(F)(F)C(F)(F)F"
1968,NA,"IQHFWDNZUPFZQI-UHFFFAOYSA-N","C12H16F9NO2S",409.075803732,"O=S(=O)(NC1CCCCCCC1)C(F)(F)C(F)(F)C(F)(F)C(F)(F)F"
1969,"40630-65-7","CZDUSUUDDSHUFI-UHFFFAOYSA-N","C7H6F9NO2S",338.997553412,"C=CCNS(=O)(=O)C(F)(F)C(F)(F)C(F)(F)C(F)(F)F"
1970,"68298-07-7","WZKSJOOHUDPYFG-UHFFFAOYSA-N","C11H8F9NO2S",389.013203476,"O=S(=O)(NCc1ccccc1)C(F)(F)C(F)(F)C(F)(F)C(F)(F)F"
1971,NA,"KRQOMVHYHHRBPT-UHFFFAOYSA-N","C5HF12NO4S2",430.915538152,"O=S(=O)(NS(=O)(=O)C(F)(F)C(F)(F)C(F)(F)C(F)(F)F)C(F)(F)F"
1972,NA,"SZQVETPSXXBSDR-UHFFFAOYSA-N","C6H3F9O3S",325.965918936,"C=COS(=O)(=O)C(F)(F)C(F)(F)C(F)(F)C(F)(F)F"
1973,NA,"QXNCMHKRMJEHRR-UHFFFAOYSA-N","C13H6F9NO3S",426.992468032,"O=S(=O)(Oc1cccc2cccnc12)C(F)(F)C(F)(F)C(F)(F)C(F)(F)F"
1974,NA,"MWRLGFXVCBBSFO-UHFFFAOYSA-N","C11H4F9NO3S",400.976817968,"N#Cc1ccc(OS(=O)(=O)C(F)(F)C(F)(F)C(F)(F)C(F)(F)F)cc1"
1975,NA,"CNYCZTSCFHTQLM-UHFFFAOYSA-N","C10H3Cl2F9O3S",443.903624296,"O=S(=O)(Oc1ccc(Cl)cc1Cl)C(F)(F)C(F)(F)C(F)(F)C(F)(F)F"
1976,"25628-11-9","UXPCZDYRRUONAJ-UHFFFAOYSA-N","C10H5F9O3S",375.981569,"O=S(=O)(Oc1ccccc1)C(F)(F)C(F)(F)C(F)(F)C(F)(F)F"
1977,NA,"QYJKOHQHCLZHIT-UHFFFAOYSA-N","C11H4F9NO3S",400.976817968,"N#Cc1ccccc1OS(=O)(=O)C(F)(F)C(F)(F)C(F)(F)C(F)(F)F"
1978,NA,"GKSGKKZFRKGNTD-UHFFFAOYSA-N","C9H7F9O3S",365.997219064,"O=S(=O)(OC1=CCCC1)C(F)(F)C(F)(F)C(F)(F)C(F)(F)F"
1979,NA,"OSWRWZGVKCULJE-UHFFFAOYSA-N","C10H9F9O3S",380.012869128,"O=S(=O)(OC1=CCCCC1)C(F)(F)C(F)(F)C(F)(F)C(F)(F)F"
1980,NA,"ZECNIRGDHSDXDI-UHFFFAOYSA-N","C11H11F9O3S",394.028519192,"O=S(=O)(OC1=CCCCCC1)C(F)(F)C(F)(F)C(F)(F)C(F)(F)F"
1981,NA,"BDECUGBELKMLSH-UHFFFAOYSA-N","C10H4F18O6S2",625.916187808,"O=S(=O)(OCCOS(=O)(=O)C(F)(F)C(F)(F)C(F)(F)C(F)(F)F)C(F)(F)C(F)(F)C(F)(F)C(F)(F)F"
1982,NA,"PNXSDOXXIOPXPY-UHFFFAOYSA-N","C13H8F9NO5S",460.997947336,"O=C1C2C3C=CC(C3)C2C(=O)N1OS(=O)(=O)C(F)(F)C(F)(F)C(F)(F)C(F)(F)F"
1983,NA,"QKIHLPFZYGFMDK-UHFFFAOYSA-N","C8F18O5S2",581.88997306,"O=S(=O)(OS(=O)(=O)C(F)(F)C(F)(F)C(F)(F)C(F)(F)F)C(F)(F)C(F)(F)C(F)(F)C(F)(F)F"
1984,NA,"UHUPWLAKMLPWSV-UHFFFAOYSA-N","C12H7F9OS",370.007389824,"C=C(c1ccccc1)S(=O)C(F)(F)C(F)(F)C(F)(F)C(F)(F)F"
1985,NA,"MGQRMTIVHOQHJI-UHFFFAOYSA-N","C11H5ClF9NOS",404.96366644,"O=S(N=Cc1ccc(Cl)cc1)C(F)(F)C(F)(F)C(F)(F)C(F)(F)F"
1986,NA,"IPFAAVDLIDTUNL-UHFFFAOYSA-N","C11H6F9NOS",371.002638792,"O=S(N=Cc1ccccc1)C(F)(F)C(F)(F)C(F)(F)C(F)(F)F"
1987,"2991-84-6","IRFCLLARAUQTNK-UHFFFAOYSA-N","C4ClF9O2S",317.9163819,"O=S(=O)(Cl)C(F)(F)C(F)(F)C(F)(F)C(F)(F)F"
1988,NA,"NZTIKPWWXCHFQI-UHFFFAOYSA-N","C4ClF9OS",301.92146728,"O=S(Cl)C(F)(F)C(F)(F)C(F)(F)C(F)(F)F"
1989,"375-72-4","LUYQYZLEHLTPBH-UHFFFAOYSA-N","C4F10O2S",301.94593244,"O=S(=O)(F)C(F)(F)C(F)(F)C(F)(F)C(F)(F)F"
1990,NA,"URUMHCVCHWMNCV-UHFFFAOYSA-N","C10H5F9S2",359.96889614,"FC(F)(F)C(F)(F)C(F)(F)C(F)(F)SSc1ccccc1"
1991,NA,"AQTLYQKIOQKBFB-UHFFFAOYSA-N","C5F11I",395.88690842,"FC(F)(F)C(F)(F)C(F)(F)C(F)(I)C(F)(F)F"
1992,NA,"PCOHEQOCJXXENZ-UHFFFAOYSA-N","C6F13I",445.88371486,"FC(F)(F)C(F)(F)C(F)(F)C(I)(C(F)(F)F)C(F)(F)F"
1993,NA,"YFFAYDLVDYQFCZ-UHFFFAOYSA-N","C22H16F7O4P",508.067443162,"O=P(Oc1ccccc1)(Oc1ccccc1)OC(c1ccccc1)C(F)(F)C(F)(F)C(F)(F)F"
1994,"71164-40-4","LQAPOTKKMIZDGP-UHFFFAOYSA-N","C5H3F7",196.012297636,"C=CC(F)(F)C(F)(F)C(F)(F)F"
1995,NA,"ZJUOJFUEUWDGJY-UHFFFAOYSA-N","C8H5F7O2",266.01777694,"O=C1OCCC1=CC(F)(F)C(F)(F)C(F)(F)F"
1996,NA,"QMOSTVKGCPGLHZ-UHFFFAOYSA-N","C12H7F7O",300.038512384,"O=C(C=CC(F)(F)C(F)(F)C(F)(F)F)c1ccccc1"
1997,NA,"OOXRHOFSTJOWRM-UHFFFAOYSA-N","C11H2F20",513.983714464,"FC(F)(F)C(F)(F)C(F)(F)C=CC(F)(F)C(F)(F)C(F)(F)C(F)(F)C(F)(F)C(F)(F)F"
1998,NA,"KQWUAJHKKHLDSO-UHFFFAOYSA-N","C10H2F18",463.986908024,"FC(F)(F)C(F)(F)C(F)(F)C=CC(F)(F)C(F)(F)C(F)(F)C(F)(F)C(F)(F)F"
1999,NA,"KIUZUQZPXYDQBR-UHFFFAOYSA-N","C9H2F16",413.990101584,"FC(F)(F)C(F)(F)C(F)(F)C=CC(F)(F)C(F)(F)C(F)(F)C(F)(F)F"
2000,NA,"NIJFGUAYRFPTBD-UHFFFAOYSA-N","C8H2F14",363.993295144,"FC(F)(F)C(F)(F)C(F)(F)C=CC(F)(F)C(F)(F)C(F)(F)F"
2001,NA,"MWZCKSUNMWRVIG-UHFFFAOYSA-N","C5H2F7I",321.908945604,"FC(F)(F)C(F)(F)C(F)(F)C=CI"
2002,NA,"ZLEJZFMXNQLLHM-UHFFFAOYSA-N","C10H6F7N",273.038846732,"FC(F)(F)C(F)(F)C(F)(F)C=Nc1ccccc1"
2003,NA,"ZMEUDXSOKSBVSN-UHFFFAOYSA-N","C12H10F7N",301.07014686,"FC(F)(F)C(F)(F)C(F)(F)C=NCCc1ccccc1"
2004,"375-02-0","IQJZGNJYXIIMGP-UHFFFAOYSA-N","C4HF7O",197.991562192,"O=CC(F)(F)C(F)(F)C(F)(F)F"
2005,NA,"ITPKQVFBLQIXLT-UHFFFAOYSA-N","C9F18",449.97125796,"FC(F)(F)C(F)(F)C(F)(F)C1(F)C(F)(F)C(F)(F)C(F)(F)C(F)(F)C1(F)F"
2006,NA,"XKNYFWLDZZKNPB-UHFFFAOYSA-N","C8F16O",415.96936614,"FC(F)(F)C(F)(F)C(F)(F)C1(F)C(F)(F)OC(F)(F)C(F)(F)C1(F)F"
2007,NA,"ZIIYMRHOENVDHP-UHFFFAOYSA-N","C5F10O3S",329.94084706,"O=S1(=O)OC(F)(F)C1(F)C(F)(F)C(F)(F)C(F)(F)F"
2008,"335-35-3","KEDSBJOHAWJRQU-UHFFFAOYSA-N","C8F16O",415.96936614,"FC(F)(F)C(F)(F)C(F)(F)C1(F)OC(F)(F)C(F)(F)C(F)(F)C1(F)F"
2009,NA,"QYBMTFFVDWWCJB-UHFFFAOYSA-N","C7F14O",365.9725597,"FC(F)(F)C(F)(F)C(F)(F)C1(F)OC(F)(F)C(F)(F)C1(F)F"
2010,NA,"HZTIKNWLZSIYHM-UHFFFAOYSA-N","C5F10O",265.97894682,"FC(F)(F)C(F)(F)C(F)(F)C1(F)OC1(F)F"
2011,NA,"ALHFMQWTDZUPJX-UHFFFAOYSA-N","C11H7Cl2F7",341.981303124,"FC(F)(F)C(F)(F)C(F)(F)c1cc(CCl)ccc1CCl"
2012,NA,"YSCIJIDFVAKDBE-UHFFFAOYSA-N","C17H9F7N2",374.065395828,"FC(F)(F)C(F)(F)C(F)(F)c1nc2ccccc2nc1-c1ccccc1"
2013,NA,"CRZJFNOYZUCWPJ-UHFFFAOYSA-N","C12H6F7N",297.038846732,"FC(F)(F)C(F)(F)C(F)(F)c1nccc2ccccc12"
2014,NA,"KTWWOKUHHOQWQT-UHFFFAOYSA-N","C13H6F7NO",325.033761352,"O=Cc1nccc2c(C(F)(F)C(F)(F)C(F)(F)F)cccc12"
2015,NA,"JZKFJUIBEKMWRF-UHFFFAOYSA-N","C12H7F7N2",312.049745764,"FC(F)(F)C(F)(F)C(F)(F)c1cc(-c2ccccc2)[nH]n1"
2016,NA,"KWBCPLOUPVMESF-UHFFFAOYSA-N","C9H4BrF7",323.938459768,"FC(F)(F)C(F)(F)C(F)(F)c1cccc(Br)c1"
2017,NA,"FAFCPUVROCRVGD-UHFFFAOYSA-N","C8H3BrF7N",324.933708736,"FC(F)(F)C(F)(F)C(F)(F)c1cc(Br)ccn1"
2018,NA,"OXAXXFLQMZHILP-UHFFFAOYSA-N","C8H3ClF7N",280.984224316,"FC(F)(F)C(F)(F)C(F)(F)c1cc(Cl)ccn1"
2019,NA,"YEBKLAYIVJXMNI-UHFFFAOYSA-N","C9H4BrF7",323.938459768,"FC(F)(F)C(F)(F)C(F)(F)c1ccc(Br)cc1"
2020,NA,"CEXDSECOBNBQNX-UHFFFAOYSA-N","C12H9F7O",302.054162448,"FC(F)(F)C(F)(F)C(F)(F)c1ccc(CC2CO2)cc1"
2021,NA,"CGERURAEATYZQY-UHFFFAOYSA-N","C9H4F7I",371.924595668,"FC(F)(F)C(F)(F)C(F)(F)c1ccc(I)cc1"
2022,NA,"HIFQQOFKAPUNDA-UHFFFAOYSA-N","C8H4F7NO",263.018111288,"O=Cc1ccc(C(F)(F)C(F)(F)C(F)(F)F)[nH]1"
2023,NA,"OXEFQYACCKRTBE-UHFFFAOYSA-N","C22H14F7NO",441.096361608,"OC(=Nc1ccc(C(F)(F)C(F)(F)C(F)(F)F)cc1-c1ccccc1)c1ccccc1"
2024,NA,"ZZWHWQWPKGQWJK-UHFFFAOYSA-N","C12H6F7N",297.038846732,"FC(F)(F)C(F)(F)C(F)(F)c1ccc2ccccc2n1"
2025,NA,"OZYMPEDHLCZKFH-UHFFFAOYSA-N","C9H5F7",246.0279477,"FC(F)(F)C(F)(F)C(F)(F)c1ccccc1"
2026,NA,"DQZLODWGSHAXSQ-UHFFFAOYSA-N","C7H4F7N",235.023196668,"FC(F)(F)C(F)(F)C(F)(F)c1ccc[nH]1"
2027,NA,"TXGCMMCUEKXCAG-UHFFFAOYSA-N","C12H6F7N",297.038846732,"FC(F)(F)C(F)(F)C(F)(F)c1ccnc2ccccc12"
2028,NA,"SWGJHJPLSVAHJS-UHFFFAOYSA-N","C11H6F7N",285.038846732,"FC(F)(F)C(F)(F)C(F)(F)c1cc2ccccc2[nH]1"
2029,NA,"RYHLBSZYCVUHIL-UHFFFAOYSA-N","C15H8F7NO3",383.039240656,"O=C1OC(C(F)(F)C(F)(F)C(F)(F)F)=CCC1=NC(=O)c1ccccc1"
2030,NA,"PWMNZECJWQPLCK-UHFFFAOYSA-N","C7H3F7N2",248.018445636,"FC(F)(F)C(F)(F)C(F)(F)c1cncnc1"
2031,"915-76-4","KXQUYHRRCVECPV-UHFFFAOYSA-N","C12F21N3",584.97568962,"FC(F)(F)C(F)(F)C(F)(F)c1nc(C(F)(F)C(F)(F)C(F)(F)F)nc(C(F)(F)C(F)(F)C(F)(F)F)n1"
2032,NA,"AIZAMOOEHGSUGQ-UHFFFAOYSA-N","C11H6F7N3",313.044994732,"FC(F)(F)C(F)(F)C(F)(F)c1n[nH]c(-c2ccccc2)n1"
2033,"4314-49-2","MZLYKMPRNWAFSI-UHFFFAOYSA-N","C5HF7N2O2",253.992624812,"O=c1nc(C(F)(F)C(F)(F)C(F)(F)F)[nH]o1"
2034,NA,"CMFUDKMLFAXGJS-UHFFFAOYSA-N","C7H3F7N2OS",295.985431256,"OC1=NC(=S)N=C(C(F)(F)C(F)(F)C(F)(F)F)C1"
2035,NA,"QYFVACRNVSGUMV-UHFFFAOYSA-N","C13H10F7NO",329.06506148,"FC(F)(F)C(F)(F)C(F)(F)C1=NC(Cc2ccccc2)CO1"
2036,NA,"XFNPSUTZEAJYGZ-UHFFFAOYSA-N","C7HCl2F7N2",315.940500932,"FC(F)(F)C(F)(F)C(F)(F)c1nc(Cl)cc(Cl)n1"
2037,NA,"HBSJCZBPVSTIDA-UHFFFAOYSA-N","C7H2ClF7N2",281.979473284,"FC(F)(F)C(F)(F)C(F)(F)c1nccc(Cl)n1"
2038,NA,"NIQMVKARLYHXNN-UHFFFAOYSA-N","C8H3BrF7N",324.933708736,"FC(F)(F)C(F)(F)C(F)(F)c1ccc(Br)cn1"
2039,NA,"MMBORSWNOGXQSF-UHFFFAOYSA-N","C7H3F7N2",248.018445636,"FC(F)(F)C(F)(F)C(F)(F)c1ncccn1"
2040,NA,"ALGTVIZUVXBBPO-UHFFFAOYSA-N","C6H3F7N2",236.018445636,"FC(F)(F)C(F)(F)C(F)(F)c1ncc[nH]1"
2041,"6866-58-6","RVOKGYWHSLJNQR-UHFFFAOYSA-N","C10H4ClF7N2",319.995123348,"FC(F)(F)C(F)(F)C(F)(F)c1nc2ccc(Cl)cc2[nH]1"
2042,"559-37-5","VZEYKZFVOPCTLV-UHFFFAOYSA-N","C10H5F7N2",286.0340957,"FC(F)(F)C(F)(F)C(F)(F)c1nc2ccccc2[nH]1"
2043,NA,"OVKVVQHYQFDCIJ-UHFFFAOYSA-N","C12H7F7N2O",328.044660384,"OC1=Nc2ccccc2N=C(C(F)(F)C(F)(F)C(F)(F)F)C1"
2044,NA,"XYLBYDIMNSLGEL-UHFFFAOYSA-N","C10H4F7NO",287.018111288,"FC(F)(F)C(F)(F)C(F)(F)c1nc2ccccc2o1"
2045,"4472-70-2","DCJMIOHJPJONIJ-UHFFFAOYSA-N","C6H5F7N2",238.0340957,"FC(F)(F)C(F)(F)C(F)(F)C1=NCCN1"
2046,NA,"AUVJDWOHCOSIOS-UHFFFAOYSA-N","C12H9F7N2",314.065395828,"FC(F)(F)C(F)(F)C(F)(F)C1=NCCN1c1ccccc1"
2047,NA,"QTZAKXBSUHSCJY-UHFFFAOYSA-N","C13H11F7N2",328.081045892,"FC(F)(F)C(F)(F)C(F)(F)C1=NCCN1Cc1ccccc1"
2048,"5756-67-2","ITYOBZDILJDFMZ-UHFFFAOYSA-N","C11H5F7N2O",314.02901032,"FC(F)(F)C(F)(F)C(F)(F)c1nnc(-c2ccccc2)o1"
2049,NA,"OBSMCEMJAVGBFT-UHFFFAOYSA-N","C12H10F7N5O",373.07735748,"FC(F)(F)C(F)(F)C(F)(F)c1nnc2ccc(N3CCOCC3)nn12"
2050,"2712-85-8","OSBXTOJUJNHUFN-UHFFFAOYSA-N","C10H5F7N4",314.0402437,"FC(F)(F)C(F)(F)C(F)(F)c1nnnn1-c1ccccc1"
2051,NA,"CACZUFHSOSHVMU-UHFFFAOYSA-N","C12H6BrF7N2",389.960257832,"FC(F)(F)C(F)(F)C(F)(F)c1n[nH]c(-c2ccccc2)c1Br"
2052,NA,"ZJNFZKRETOIRSX-UHFFFAOYSA-N","C6H3F7N2",236.018445636,"FC(F)(F)C(F)(F)C(F)(F)c1cc[nH]n1"
2053,NA,"ZIWJQIZCUFMMHV-UHFFFAOYSA-N","C7H3F7N2O2",280.008274876,"O=C1N=CC(C(F)(F)C(F)(F)C(F)(F)F)C(O)=N1"
2054,NA,"PVENREHIZGLBRK-UHFFFAOYSA-N","C7H3F7N2OS",295.985431256,"OC1=NC(=S)N=CC1C(F)(F)C(F)(F)C(F)(F)F"
2055,NA,"GIKZDAQXHSEHMI-UHFFFAOYSA-N","C9H9F7O",266.054162448,"O=C1CCCCC1C(F)(F)C(F)(F)C(F)(F)F"
2056,NA,"OPDPCHBOZHWKOZ-UHFFFAOYSA-N","C9H10F7I",377.97154586,"FC(F)(F)C(F)(F)C(F)(F)C1CCCCC1I"
2057,NA,"UYLGTFQVYFWRFU-UHFFFAOYSA-N","C7H7F7O",240.038512384,"FC(F)(F)C(F)(F)C(F)(F)C1CCOC1"
2058,NA,"MDXORTHIGOLQOD-UHFFFAOYSA-N","C7H5F7N2O2",282.02392494,"OC1=NCC(C(F)(F)C(F)(F)C(F)(F)F)C(O)=N1"
2059,NA,"LTJNLPWVUOGYDI-UHFFFAOYSA-N","C5H3F7O",212.007212256,"FC(F)(F)C(F)(F)C(F)(F)C1CO1"
2060,"31185-53-2","GBFSEHYWHMNICI-UHFFFAOYSA-N","C6H7F7N2",240.049745764,"FC(F)(F)C(F)(F)C(F)(F)C1NCCN1"
2061,NA,"CNLNFEHEUBCQRA-UHFFFAOYSA-N","C7H3F7O2",252.002126876,"O=C1C=CC(C(F)(F)C(F)(F)C(F)(F)F)O1"
2062,NA,"MTUYJNFDNUPNFQ-UHFFFAOYSA-N","C6H5F7O2",242.01777694,"FC(F)(F)C(F)(F)C(F)(F)C1OCCO1"
2063,"17165-55-8","JPAQRQFVIPWHNE-UHFFFAOYSA-N","C7H5F7O2",254.01777694,"C=COC(=O)CC(F)(F)C(F)(F)C(F)(F)F"
2064,NA,"WJNIYEZAXUFEOA-UHFFFAOYSA-N","C12H10F14I2",673.8648414,"FC(F)(F)C(F)(F)C(F)(F)CC(I)CCC(I)CC(F)(F)C(F)(F)C(F)(F)F"
2065,NA,"LVVNOPVZNPTTLA-UHFFFAOYSA-N","C13H12F14I2",687.880491464,"FC(F)(F)C(F)(F)C(F)(F)CC(I)CCCC(I)CC(F)(F)C(F)(F)C(F)(F)F"
2066,NA,"FNUBKINEQIEODM-UHFFFAOYSA-N","C5H3F7O",212.007212256,"O=CCC(F)(F)C(F)(F)C(F)(F)F"
2067,NA,"MKCLKYVGKLMDNW-UHFFFAOYSA-N","C10H7F7",260.043597764,"FC(F)(F)C(F)(F)C(F)(F)Cc1ccccc1"
2068,NA,"YXNWXQYDINSHJC-UHFFFAOYSA-N","C6H5F7O",226.02286232,"FC(F)(F)C(F)(F)C(F)(F)CC1CO1"
2069,NA,"RBXFGBRZNHWPDH-UHFFFAOYSA-N","C7H7F7O2",256.033427004,"FC(F)(F)C(F)(F)C(F)(F)CC1OCCO1"
2070,NA,"GFUYTQGIFLALGN-UHFFFAOYSA-N","C5H4BrF7",275.938459768,"FC(F)(F)C(F)(F)C(F)(F)CCBr"
2071,NA,"HCEMKYFESQSUFY-UHFFFAOYSA-N","C11H4F20",515.999364528,"FC(F)(F)C(F)(F)C(F)(F)CCC(F)(F)C(F)(F)C(F)(F)C(F)(F)C(F)(F)C(F)(F)F"
2072,NA,"XUTVDVSIZZRSSN-UHFFFAOYSA-N","C8H4F14",366.008945208,"FC(F)(F)C(F)(F)C(F)(F)CCC(F)(F)C(F)(F)C(F)(F)F"
2073,NA,"HGKPBLDBHFVETL-UHFFFAOYSA-N","C7H8BrF7",303.969759896,"FC(F)(F)C(F)(F)C(F)(F)CCCCBr"
2074,NA,"XLCYITIKRMXGCZ-UHFFFAOYSA-N","C12H12F14",422.071545464,"FC(F)(F)C(F)(F)C(F)(F)CCCCCCC(F)(F)C(F)(F)C(F)(F)F"
2075,NA,"AJIYRVJOPFDXSF-UHFFFAOYSA-N","C14H16F14",450.102845592,"FC(F)(F)C(F)(F)C(F)(F)CCCCCCCCC(F)(F)C(F)(F)C(F)(F)F"
2076,NA,"VRQXYADBEKKVLC-UHFFFAOYSA-N","C16H20F14",478.13414572,"FC(F)(F)C(F)(F)C(F)(F)CCCCCCCCCCC(F)(F)C(F)(F)C(F)(F)F"
2077,NA,"MGAFZAISKPGHKL-UHFFFAOYSA-N","C7H8F7I",351.955895796,"FC(F)(F)C(F)(F)C(F)(F)CCCCI"
2078,"68188-12-5","TZNRRNKRZXHADL-UHFFFAOYSA-N","C5H4F7I",323.924595668,"FC(F)(F)C(F)(F)C(F)(F)CCI"
2079,"374-97-0","SZBKCQKJQAYJJN-UHFFFAOYSA-N","C4H2ClF7",217.973325284,"FC(F)(F)C(F)(F)C(F)(F)CCl"
2080,"374-98-1","AFHPVXVEXINDFS-UHFFFAOYSA-N","C4H2F7I",309.908945604,"FC(F)(F)C(F)(F)C(F)(F)CI"
2081,"422-86-6","XXSZLFRJEKKBDJ-UHFFFAOYSA-N","C3ClF7",203.95767522,"FC(F)(F)C(F)(F)C(F)(F)Cl"
2082,"83329-16-2","ACTHRCNAGIBPKA-UHFFFAOYSA-N","C8H4F14N2O",410.010007828,"O=NN(CC(F)(F)C(F)(F)C(F)(F)F)CC(F)(F)C(F)(F)C(F)(F)F"
2083,"377-00-4","NLGMQMZUOBUPCW-UHFFFAOYSA-N","C5H2F7NO",225.002461224,"O=C=NCC(F)(F)C(F)(F)C(F)(F)F"
2084,NA,"SQBHHHGUOQBSBF-UHFFFAOYSA-N","C7H6F7NO",253.033761352,"C=CC(O)=NCC(F)(F)C(F)(F)C(F)(F)F"
2085,NA,"UFNWGGMBQYWKGS-UHFFFAOYSA-N","C18H13F7N2O2",422.086525196,"OC(=NCC(F)(F)C(F)(F)C(F)(F)F)c1cccc(N=C(O)c2ccccc2)c1"
2086,NA,"QKMXWPBMDRVWTQ-UHFFFAOYSA-N","C11H8F7NO",303.049411416,"OC(=NCC(F)(F)C(F)(F)C(F)(F)F)c1ccccc1"
2087,NA,"ZBFYNWWMCBFWFV-UHFFFAOYSA-N","C8H5F14N",381.01984424,"FC(F)(F)C(F)(F)C(F)(F)CNCC(F)(F)C(F)(F)C(F)(F)F"
2088,NA,"RRVJDNIZJSRAIP-UHFFFAOYSA-N","C8H4F7NO2",279.013025908,"C=C(C#N)C(=O)OCC(F)(F)C(F)(F)C(F)(F)F"
2089,NA,"SNTQAKVWVGWLDU-UHFFFAOYSA-N","C7H4ClF7O2",287.978804588,"C=C(Cl)C(=O)OCC(F)(F)C(F)(F)C(F)(F)F"
2090,NA,"AGAHTUDKCJGVDX-UHFFFAOYSA-N","C8H2F14O2",395.983124384,"O=C(OCC(F)(F)C(F)(F)C(F)(F)F)C(F)(F)C(F)(F)C(F)(F)F"
2091,"424-64-6","PLXOUIVCSUBZIX-UHFFFAOYSA-N","C7H5F7O2",254.01777694,"C=CC(=O)OCC(F)(F)C(F)(F)C(F)(F)F"
2092,NA,"WVGOKTYQAQEHBO-UHFFFAOYSA-N","C12H6F14O4",480.004253752,"O=C(C=CC(=O)OCC(F)(F)C(F)(F)C(F)(F)F)OCC(F)(F)C(F)(F)C(F)(F)F"
2093,NA,"MFKMPVIPAQUUSU-UHFFFAOYSA-N","C11H5F7N2O2S",361.99599594,"O=C(OCC(F)(F)C(F)(F)C(F)(F)F)c1cccc2nnsc12"
2094,NA,"TXTPUXJYPUSDTQ-UHFFFAOYSA-N","C8H7F7O2",268.033427004,"C=CCC(=O)OCC(F)(F)C(F)(F)C(F)(F)F"
2095,"24160-20-1","KFTQFKUTBYCXES-UHFFFAOYSA-N","C9H10F7NO2",297.0599761,"O=C(CCN1CC1)OCC(F)(F)C(F)(F)C(F)(F)F"
2096,NA,"JHDDOTOJUMBYKS-UHFFFAOYSA-N","C9H4F14O3",425.993689068,"O=C(OCC(F)(F)C(F)(F)C(F)(F)F)OCC(F)(F)C(F)(F)C(F)(F)F"
2097,NA,"BTGGZMZAVPCGMB-UHFFFAOYSA-N","C5H2ClF7O2",261.963154524,"O=C(Cl)OCC(F)(F)C(F)(F)C(F)(F)F"
2098,NA,"UDAAMHMYEJUEDJ-UHFFFAOYSA-N","C6H5F7O",226.02286232,"C=COCC(F)(F)C(F)(F)C(F)(F)F"
2099,NA,"IPXALQQGEQVBSM-UHFFFAOYSA-N","C12H9F7O",302.054162448,"C=Cc1ccc(OCC(F)(F)C(F)(F)C(F)(F)F)cc1"
2100,NA,"JBRMEHMMXZSKCN-UHFFFAOYSA-N","C11H6F7NO",301.033761352,"N#Cc1ccc(OCC(F)(F)C(F)(F)C(F)(F)F)cc1"
2101,NA,"KAWWGOMJWIPHRG-UHFFFAOYSA-N","C11H7F7O2",304.033427004,"O=Cc1ccc(OCC(F)(F)C(F)(F)C(F)(F)F)cc1"
2102,"121617-11-6","ARFGGIRJBPTBPP-UHFFFAOYSA-N","C15H10F7N3O2S2",461.0102661,"O=S(Cc1cc(OCC(F)(F)C(F)(F)C(F)(F)F)ccn1)c1nc2cscc2[nH]1"
2103,NA,"YLOUSLWKRLJSPV-UHFFFAOYSA-N","C8H4F14O",382.003859828,"FC(F)(F)C(F)(F)C(F)(F)COCC(F)(F)C(F)(F)C(F)(F)F"
2104,NA,"OLXJWIOOAUUDHX-UHFFFAOYSA-N","C7H7F7O",240.038512384,"C=CCOCC(F)(F)C(F)(F)C(F)(F)F"
2105,NA,"HQBYYXTUMMJTSZ-UHFFFAOYSA-N","C9H7F7N2O3",324.034489624,"O=C1N=CC(COCC(F)(F)C(F)(F)C(F)(F)F)C(O)=N1"
2106,NA,"SRPBEKWTJQBCPF-UHFFFAOYSA-N","C7H7F7O2",256.033427004,"FC(F)(F)C(F)(F)C(F)(F)COCC1CO1"
2107,NA,"WYTSCNURXYPSNP-UHFFFAOYSA-N","C8H7F7O4",300.023256244,"O=C1OCC(COCC(F)(F)C(F)(F)C(F)(F)F)O1"
2108,NA,"KCSGFPCJXJVTEG-UHFFFAOYSA-N","C6H6ClF7O",261.999540032,"FC(F)(F)C(F)(F)C(F)(F)COCCCl"
2109,NA,"XTMMQBINMKHYNZ-UHFFFAOYSA-N","C16H12F7O2P",400.046313794,"O=P(OCC(F)(F)C(F)(F)C(F)(F)F)(c1ccccc1)c1ccccc1"
2110,NA,"MXDLFIUWYJPRPF-UHFFFAOYSA-N","C14H9F14O3P",522.006575858,"O=P(OCC(F)(F)C(F)(F)C(F)(F)F)(OCC(F)(F)C(F)(F)C(F)(F)F)c1ccccc1"
2111,NA,"SEKXXYCKRMKLQG-UHFFFAOYSA-N","C12H6F21O4P",643.966837922,"O=P(OCC(F)(F)C(F)(F)C(F)(F)F)(OCC(F)(F)C(F)(F)C(F)(F)F)OCC(F)(F)C(F)(F)C(F)(F)F"
2112,NA,"BBXKVTNUHGNTHE-UHFFFAOYSA-N","C8H4ClF14O3P",479.936303378,"O=P(Cl)(OCC(F)(F)C(F)(F)C(F)(F)F)OCC(F)(F)C(F)(F)C(F)(F)F"
2113,NA,"XXIRTCLWEVPOML-UHFFFAOYSA-N","C24H12F42N3O6P3",1328.926830234,"FC(F)(F)C(F)(F)C(F)(F)COP1(OCC(F)(F)C(F)(F)C(F)(F)F)=NP(OCC(F)(F)C(F)(F)C(F)(F)F)(OCC(F)(F)C(F)(F)C(F)(F)F)=NP(OCC(F)(F)C(F)(F)C(F)(F)F)(OCC(F)(F)C(F)(F)C(F)(F)F)=N1"
2114,NA,"TXGIYYDHRSACPQ-UHFFFAOYSA-N","C8H2F16O3S",481.946916444,"O=S(=O)(OCC(F)(F)C(F)(F)C(F)(F)F)C(F)(F)C(F)(F)C(F)(F)C(F)(F)F"
2115,NA,"NFLLLSBGBGDVEO-UHFFFAOYSA-N","C5H2F10O3S",331.956497124,"O=S(=O)(OCC(F)(F)C(F)(F)C(F)(F)F)C(F)(F)F"
2116,NA,"GZRYWICPWYMXLU-UHFFFAOYSA-N","C11H9F7S",306.031318828,"FC(F)(F)C(F)(F)C(F)(F)CSCc1ccccc1"
2117,"218599-63-4","QYSGYZVSCZSLHT-UHFFFAOYSA-N","C3F8",187.98722576,"FC(F)(F)C(F)(F)C(F)(F)F"
2118,"27636-85-7","XTGYEAXBNRVNQU-UHFFFAOYSA-N","C3F7I",295.89329554,"FC(F)(F)C(F)(F)C(F)(F)I"
2119,NA,"AAPHNZCZOSOYTI-UHFFFAOYSA-N","C18F40N2",1003.9422768,"FC(F)(F)C(F)(F)C(F)(F)N(C(F)(F)C(F)(F)C(F)(F)F)C(F)(F)C(F)(F)C(F)(F)C(F)(F)C(F)(F)C(F)(F)N(C(F)(F)C(F)(F)C(F)(F)F)C(F)(F)C(F)(F)C(F)(F)F"
2120,"338-83-0","JAJLKEVKNDUJBG-UHFFFAOYSA-N","C9F21N",520.96954162,"FC(F)(F)C(F)(F)C(F)(F)N(C(F)(F)C(F)(F)C(F)(F)F)C(F)(F)C(F)(F)C(F)(F)F"
2121,NA,"JCSALILNGARMET-UHFFFAOYSA-N","C6F11NO",310.98042404,"N#CC(F)(OC(F)(F)C(F)(F)C(F)(F)F)C(F)(F)F"
2122,NA,"XFMXXCDEWNANAK-UHFFFAOYSA-N","C9F18O2",481.9610872,"O=C(C(F)(OC(F)(F)C(F)(F)C(F)(F)F)C(F)(F)F)C(F)(C(F)(F)F)C(F)(F)F"
2123,NA,"NNBQJBPSZUKMBM-UHFFFAOYSA-N","C11F22O3",597.9496147,"O=C(C(F)(OC(F)(F)C(F)(F)C(F)(F)F)C(F)(F)F)C(F)(OC(F)(F)C(F)(F)C(F)(F)F)C(F)(F)F"
2124,NA,"UNLIPKHWLXWFAN-UHFFFAOYSA-N","C13H2F22O4",639.960179384,"O=C(CC(=O)C(F)(OC(F)(F)C(F)(F)C(F)(F)F)C(F)(F)F)C(F)(OC(F)(F)C(F)(F)C(F)(F)F)C(F)(F)F"
2125,NA,"HWTUPPZVUGCCDA-UHFFFAOYSA-N","C11H10F11NO2",397.05358898,"O=C(N1CCCCC1)C(F)(OC(F)(F)C(F)(F)C(F)(F)F)C(F)(F)F"
2126,NA,"RARVKFBGGANBMS-UHFFFAOYSA-N","C10H8F11NO3",399.032853536,"O=C(N1CCOCC1)C(F)(OC(F)(F)C(F)(F)C(F)(F)F)C(F)(F)F"
2127,NA,"MBYGYAYBAZPQOT-UHFFFAOYSA-N","C13H8F11NO2",419.037938916,"OC(=NCc1ccccc1)C(F)(OC(F)(F)C(F)(F)C(F)(F)F)C(F)(F)F"
2128,NA,"NGWMIKDDFJVFGQ-UHFFFAOYSA-N","C12H5F11O3",406.00630444,"O=C(Oc1ccccc1)C(F)(OC(F)(F)C(F)(F)C(F)(F)F)C(F)(F)F"
2129,NA,"WGQFBRBKBHEWSY-UHFFFAOYSA-N","C12H11F11O3",412.053254632,"O=C(OC1CCCCC1)C(F)(OC(F)(F)C(F)(F)C(F)(F)F)C(F)(F)F"
2130,NA,"NRZXKIZZNBTMRQ-UHFFFAOYSA-N","C9H5F11O3",370.00630444,"C=CCOC(=O)C(F)(OC(F)(F)C(F)(F)C(F)(F)F)C(F)(F)F"
2131,NA,"LEVIEIRQHLCBDF-UHFFFAOYSA-N","C13H7F11O3",420.021954504,"O=C(OCc1ccccc1)C(F)(OC(F)(F)C(F)(F)C(F)(F)F)C(F)(F)F"
2132,NA,"UHASMEVRHWRZKF-UHFFFAOYSA-N","C12F22O6",657.93435856,"O=C(OOC(=O)C(F)(OC(F)(F)C(F)(F)C(F)(F)F)C(F)(F)F)C(F)(OC(F)(F)C(F)(F)C(F)(F)F)C(F)(F)F"
2133,NA,"KLAVPNKIYBZAOK-UHFFFAOYSA-N","C6ClF11O2",347.94111734,"O=C(Cl)C(F)(OC(F)(F)C(F)(F)C(F)(F)F)C(F)(F)F"
2134,NA,"CRUUUYCRBZBYNA-UHFFFAOYSA-N","C36H12F39O3P",1263.990131454,"FC(F)(F)C(F)(F)C(F)(F)OC(F)(C(F)(F)F)C(F)(F)c1ccc(P(c2ccc(C(F)(F)C(F)(OC(F)(F)C(F)(F)C(F)(F)F)C(F)(F)F)cc2)c2ccc(C(F)(F)C(F)(OC(F)(F)C(F)(F)C(F)(F)F)C(F)(F)F)cc2)cc1"
2135,NA,"HMHOHHNZGMYVFY-UHFFFAOYSA-N","C8Br2F16O2",589.80095496,"FC(F)(F)C(F)(F)C(F)(F)OC(F)(C(F)(F)F)C(F)(F)OC(F)(Br)C(F)(F)Br"
2136,NA,"ZZUHWLUVQQXPAI-UHFFFAOYSA-N","C15H4BrF17O3",633.907235828,"O=C(c1ccc(Br)cc1)C(F)(OC(F)(F)C(F)(OC(F)(F)C(F)(F)C(F)(F)F)C(F)(F)F)C(F)(F)F"
2137,NA,"NAAVGJAQOMZPSW-UHFFFAOYSA-N","C14H10F17NO3",563.03892292,"O=C(N1CCCCC1)C(F)(OC(F)(F)C(F)(OC(F)(F)C(F)(F)C(F)(F)F)C(F)(F)F)C(F)(F)F"
2138,NA,"SDCKSDMRHLPCBU-UHFFFAOYSA-N","C13H8F17NO4",565.018187476,"O=C(N1CCOCC1)C(F)(OC(F)(F)C(F)(OC(F)(F)C(F)(F)C(F)(F)F)C(F)(F)F)C(F)(F)F"
2139,NA,"ZNSJFNNRKLUACB-UHFFFAOYSA-N","C15H6F17NO3",571.007622792,"OC(=Nc1ccccc1)C(F)(OC(F)(F)C(F)(OC(F)(F)C(F)(F)C(F)(F)F)C(F)(F)F)C(F)(F)F"
2140,NA,"GFEIOLADCGRWGS-UHFFFAOYSA-N","C14H5F17N2O3",572.00287176,"OC(=Nc1ccccn1)C(F)(OC(F)(F)C(F)(OC(F)(F)C(F)(F)C(F)(F)F)C(F)(F)F)C(F)(F)F"
2141,NA,"VPTHWNGRLDBEJL-UHFFFAOYSA-N","C13H4F17N3O3",572.998120728,"OC(=Nc1ncccn1)C(F)(OC(F)(F)C(F)(OC(F)(F)C(F)(F)C(F)(F)F)C(F)(F)F)C(F)(F)F"
2142,NA,"BUSXJIQRFNBMLP-UHFFFAOYSA-N","C12H6F17NO3",535.007622792,"C=CCN=C(O)C(F)(OC(F)(F)C(F)(OC(F)(F)C(F)(F)C(F)(F)F)C(F)(F)F)C(F)(F)F"
2143,NA,"MLKBOEILAZUIPH-UHFFFAOYSA-N","C15H5F17O4",571.99163838,"O=C(Oc1ccccc1)C(F)(OC(F)(F)C(F)(OC(F)(F)C(F)(F)C(F)(F)F)C(F)(F)F)C(F)(F)F"
2144,NA,"XOVAMVVSIWHBQI-UHFFFAOYSA-N","C15H11F17O4",578.038588572,"O=C(OC1CCCCC1)C(F)(OC(F)(F)C(F)(OC(F)(F)C(F)(F)C(F)(F)F)C(F)(F)F)C(F)(F)F"
2145,NA,"KNRMWQUWWSKFFC-UHFFFAOYSA-N","C12H5F17O4",535.99163838,"C=CCOC(=O)C(F)(OC(F)(F)C(F)(OC(F)(F)C(F)(F)C(F)(F)F)C(F)(F)F)C(F)(F)F"
2146,NA,"DWLOORGSOPGRDQ-UHFFFAOYSA-N","C16H7F17O4",586.007288444,"O=C(OCc1ccccc1)C(F)(OC(F)(F)C(F)(OC(F)(F)C(F)(F)C(F)(F)F)C(F)(F)F)C(F)(F)F"
2147,NA,"HTQCZDLRLOQUGP-UHFFFAOYSA-N","C16F34O4",901.92536796,"FC(F)(F)C(F)(F)C(F)(F)OC(F)(C(F)(F)F)C(F)(F)OC(F)(C(F)(F)F)C(F)(F)OC(F)(C(F)(F)F)C(F)(OC(F)(F)C(F)(F)C(F)(F)F)C(F)(F)F"
2148,"61098-01-9","CGVSQESGRSXVJM-UHFFFAOYSA-N","C22F46O6",1233.89603584,"FC(F)(F)C(F)(F)C(F)(F)OC(F)(C(F)(F)F)C(F)(F)OC(F)(C(F)(F)F)C(F)(F)OC(F)(C(F)(F)F)C(F)(OC(F)(F)C(F)(OC(F)(F)C(F)(OC(F)(F)C(F)(F)C(F)(F)F)C(F)(F)F)C(F)(F)F)C(F)(F)F"
2149,NA,"RBZLEAJAUHBDRO-UHFFFAOYSA-N","C16F34O4",901.92536796,"FC(F)(F)C(F)(F)C(F)(F)OC(F)(C(F)(F)F)C(F)(F)OC(F)(C(F)(F)F)C(F)(OC(F)(F)C(F)(OC(F)(F)C(F)(F)C(F)(F)F)C(F)(F)F)C(F)(F)F"
2150,NA,"HPWPTXMMPBCRFQ-UHFFFAOYSA-N","C15H5F17N2O2",568.00795714,"FC(F)(F)C(F)(OC(F)(F)C(F)(OC(F)(F)C(F)(F)C(F)(F)F)C(F)(F)F)c1nc2ccccc2[nH]1"
2151,NA,"DQIUCVXYBXGOCT-UHFFFAOYSA-N","C12H5F17O4",535.99163838,"C=CC(=O)OCC(F)(OC(F)(F)C(F)(OC(F)(F)C(F)(F)C(F)(F)F)C(F)(F)F)C(F)(F)F"
2152,"2501-01-1","NJTNZAQULGOGAB-UHFFFAOYSA-N","C10F22O2",569.95470008,"FC(F)(F)C(F)(F)C(F)(F)OC(F)(C(F)(F)F)C(F)(OC(F)(F)C(F)(F)C(F)(F)F)C(F)(F)F"
2153,NA,"FIGBQVAJPJHIDX-UHFFFAOYSA-N","C11H3F17O3",505.981073696,"C=CC(=O)OC(C(F)(F)F)(C(F)(F)F)C(F)(OC(F)(F)C(F)(F)C(F)(F)F)C(F)(F)F"
2154,NA,"BARAZKHHMOWWQY-UHFFFAOYSA-N","C7H3F11O",312.000825136,"C=CC(F)(OC(F)(F)C(F)(F)C(F)(F)F)C(F)(F)F"
2155,NA,"HJDWQDVEEKHDLR-UHFFFAOYSA-N","C7H4F11IO",439.913123168,"FC(F)(F)C(F)(CCI)OC(F)(F)C(F)(F)C(F)(F)F"
2156,NA,"RDUGZRZKLLEFFJ-UHFFFAOYSA-N","C5Cl2F10O",335.91665218,"FC(F)(F)C(F)(F)C(F)(F)OC(F)(Cl)C(F)(F)Cl"
2157,NA,"PQMAXQVNXSOWGI-UHFFFAOYSA-N","C9H7F11O2",356.027039884,"C=CCOCC(F)(OC(F)(F)C(F)(F)C(F)(F)F)C(F)(F)F"
2158,NA,"PBLGNKKXAAPOHI-UHFFFAOYSA-N","C7H3F11O",312.000825136,"C=CC(F)(F)C(F)(F)OC(F)(F)C(F)(F)C(F)(F)F"
2159,NA,"SSSVHFOLCNGWKK-UHFFFAOYSA-N","C16F34O4",901.92536796,"FC(F)(F)C(F)(F)C(F)(F)OC(F)(F)C(F)(OC(F)(F)C(F)(F)C(F)(F)F)C(F)(OC(F)(F)C(F)(F)C(F)(F)F)C(F)(F)OC(F)(F)C(F)(F)C(F)(F)F"
2160,NA,"WXGLHUFWWLOFCN-UHFFFAOYSA-N","C5F11IO",411.88182304,"FC(F)(F)C(F)(I)OC(F)(F)C(F)(F)C(F)(F)F"
2161,"6996-01-6","DAVCAHWKKDIRLY-UHFFFAOYSA-N","C5H3F7O",212.007212256,"C=COC(F)(F)C(F)(F)C(F)(F)F"
2162,NA,"KJWVJLNGXBWWIH-UHFFFAOYSA-N","C11F22O",565.95978546,"FC(F)(F)C(F)(F)C(F)(F)OC1(F)C(F)(F)C(F)(F)C(F)(F)C(F)(C(F)(F)C(F)(F)F)C1(F)F"
2163,NA,"ANARGVKRHRBDMP-UHFFFAOYSA-N","C12F24O2",631.95150652,"FC(F)(F)C(F)(F)C(F)(F)OC1(F)C(F)(F)C(F)(F)C(F)(F)C(F)(OC(F)(F)C(F)(F)C(F)(F)F)C1(F)F"
2164,NA,"FBJVLVWUMYWJMY-UHFFFAOYSA-N","C4F9I",345.89010198,"FC(F)(F)C(F)(F)C(F)(I)C(F)(F)F"
2165,NA,"OEBKCCWRUFDDOM-UHFFFAOYSA-N","C10H2F18",463.986908024,"FC(F)(F)C(F)(F)C=CC(F)(F)C(F)(F)C(F)(F)C(F)(F)C(F)(F)C(F)(F)F"
2166,NA,"IKEULTDRFFGVIG-UHFFFAOYSA-N","C9H2F16",413.990101584,"FC(F)(F)C(F)(F)C=CC(F)(F)C(F)(F)C(F)(F)C(F)(F)C(F)(F)F"
2167,NA,"YJSIBKOUPOTQEG-UHFFFAOYSA-N","C8H2F14",363.993295144,"FC(F)(F)C(F)(F)C=CC(F)(F)C(F)(F)C(F)(F)C(F)(F)F"
2168,NA,"YWSYXYXSEWRSMA-UHFFFAOYSA-N","C7H2F12",313.996488704,"FC(F)(F)C(F)(F)C=CC(F)(F)C(F)(F)C(F)(F)F"
2169,"69661-30-9","ROKBKBIVJKPRAG-UHFFFAOYSA-N","C10F20O",515.96297902,"FC(F)(F)C(F)(F)C1(C(F)(F)F)C(F)(C(F)(F)F)OC(F)(C(F)(F)F)C1(F)C(F)(F)F"
2170,"68156-06-9","ZUNLKLHLASQCRH-UHFFFAOYSA-N","C8F16O2S",463.93635176,"O=S(=O)(F)C1(F)C(F)(F)C(F)(F)C(F)(C(F)(F)C(F)(F)F)C(F)(F)C1(F)F"
2171,NA,"AJYRBQGTPUSTHS-UHFFFAOYSA-N","C6F12O",315.97575326,"FC(F)(F)C(F)(F)C1(F)OC(F)(F)C(F)(F)C1(F)F"
2172,NA,"OZQNQQRUDNMYNL-UHFFFAOYSA-N","C9F18O",465.96617258,"FC(F)(F)C(F)(F)C1(C(F)(C(F)(F)F)C(F)(F)F)OC1(C(F)(F)F)C(F)(F)F"
2173,NA,"KWEXQPFKOSBNKY-UHFFFAOYSA-N","C12H3F22I",691.892818936,"FC(F)(F)C(F)(F)CC(I)C(F)(F)C(F)(F)C(F)(F)C(F)(F)C(F)(F)C(F)(F)C(F)(F)C(F)(F)F"
2174,NA,"XKABHVVVNXLIEE-UHFFFAOYSA-N","C8H3F14I",491.905593176,"FC(F)(F)C(F)(F)CC(I)C(F)(F)C(F)(F)C(F)(F)C(F)(F)F"
2175,NA,"CNYBSNUPKFWYHL-UHFFFAOYSA-N","C8H4F14",366.008945208,"FC(F)(F)C(F)(F)CCC(F)(F)C(F)(F)C(F)(F)C(F)(F)F"
2176,NA,"RHOYTZWDGJGCCO-UHFFFAOYSA-N","C7H2F14O3S",431.950110004,"O=S(=O)(OCC(F)(F)C(F)(F)F)C(F)(F)C(F)(F)C(F)(F)C(F)(F)F"
2177,"359-70-6","CBEFDCMSEZEGCX-UHFFFAOYSA-N","C6F15N",370.9791223,"FC(F)(F)C(F)(F)N(C(F)(F)C(F)(F)F)C(F)(F)C(F)(F)F"
2178,"564-11-4","USAAEUHMVCSUQS-UHFFFAOYSA-N","C7F15N",382.9791223,"FC(F)(F)C(F)(F)N1C(F)(F)C(F)(F)C(F)(F)C(F)(F)C1(F)F"
2179,"55716-11-5","BMPMIPFMFUBMNZ-UHFFFAOYSA-N","C6F13NO",348.97723048,"FC(F)(F)C(F)(F)N1C(F)(F)C(F)(F)OC(F)(F)C1(F)F"
2180,NA,"LSIARSWKMVWQLP-UHFFFAOYSA-N","C7F16O",403.96936614,"FC(F)(F)C(F)(F)OC(F)(C(F)(F)F)C(F)(F)C(F)(F)C(F)(F)F"
2181,NA,"YMQHIOLQSRSEFT-UHFFFAOYSA-N","C8F18O",453.96617258,"FC(F)(F)C(F)(F)OC(F)(F)C(F)(F)C(F)(F)C(F)(F)C(F)(F)C(F)(F)F"
2182,NA,"YBVRDNKKIWCSHJ-UHFFFAOYSA-N","C5F12O",303.97575326,"FC(F)(F)C(F)(F)OC(F)(F)C(F)(F)C(F)(F)F"
2183,"358-21-4","ORNGPPZBMMHKPM-UHFFFAOYSA-N","C4F10O",253.97894682,"FC(F)(F)C(F)(F)OC(F)(F)C(F)(F)F"
2184,NA,"IRSPIQIRIUYUGF-UHFFFAOYSA-N","C4F10O3S",317.94084706,"O=S(=O)(F)C(F)(F)C(F)(F)OC(F)(F)C(F)(F)F"
2185,NA,"CGHGTHHVJHGUNI-UHFFFAOYSA-N","C7BrF15O2",479.88421464,"FC(F)(F)C(F)(F)OC(F)(F)C(F)(OC(F)(F)C(F)(F)Br)C(F)(F)F"
2186,NA,"QAXJXTAKJWPVPT-UHFFFAOYSA-N","C7F16O2",419.96428076,"FC(F)(F)C(F)(F)OC(F)(F)C(F)(OC(F)(F)C(F)(F)F)C(F)(F)F"
2187,NA,"VQUXEUQKVBTRLT-UHFFFAOYSA-N","C7F16O4S",483.926181,"O=S(=O)(F)C(F)(F)C(F)(F)OC(F)(C(F)(F)F)C(F)(F)OC(F)(F)C(F)(F)F"
2188,NA,"IWTUOKVDRWNISV-UHFFFAOYSA-N","C13BrF27O4",811.85488252,"FC(F)(F)C(F)(F)OC(F)(F)C(F)(OC(F)(F)C(F)(OC(F)(F)C(F)(OC(F)(F)C(F)(F)Br)C(F)(F)F)C(F)(F)F)C(F)(F)F"
2189,NA,"VAXWUAHPDZRLAP-UHFFFAOYSA-N","C16BrF33O5",977.84021646,"FC(F)(F)C(F)(F)OC(F)(F)C(F)(OC(F)(F)C(F)(OC(F)(F)C(F)(OC(F)(F)C(F)(OC(F)(F)C(F)(F)Br)C(F)(F)F)C(F)(F)F)C(F)(F)F)C(F)(F)F"
2190,NA,"YYUAHFLVASYSIG-UHFFFAOYSA-N","C5Cl2F10O2",351.9115668,"FC(F)(OC(F)(F)C(F)(F)F)OC(F)(Cl)C(F)(F)Cl"
2191,"84041-66-7","FZTKCIWSVIVEKI-UHFFFAOYSA-N","C8F16O3",447.95919538,"FC(F)(F)C(F)(F)OC1(F)OC(F)(C(F)(F)F)C(F)(F)OC1(F)C(F)(F)F"
2192,"677-69-0","BBZVTTKMXRPMHZ-UHFFFAOYSA-N","C3F7I",295.89329554,"FC(F)(F)C(F)(I)C(F)(F)F"
2193,NA,"CMXKXUHPHNWSIF-UHFFFAOYSA-N","C6F13IO",461.87862948,"FC(F)(F)C(F)(I)C(F)(F)OC(F)(C(F)(F)F)C(F)(F)F"
2194,NA,"BOEAEHGVPJBTSP-UHFFFAOYSA-N","C7F15NO",398.97403692,"FC(F)(F)C(F)(N1C(F)(F)C(F)(F)OC(F)(F)C1(F)F)C(F)(F)F"
2195,"13057-08-4","JTCVKNUSIGHJRG-UHFFFAOYSA-N","C6H3F7O2",240.002126876,"C=CC(=O)OC(F)(C(F)(F)F)C(F)(F)F"
2196,NA,"GBEZENOMWXBFSZ-UHFFFAOYSA-N","C10H5F7O2",290.01777694,"O=C(OC(F)(C(F)(F)F)C(F)(F)F)c1ccccc1"
2197,"85720-81-6","ZLYQMQIBEIPMSS-UHFFFAOYSA-N","C5Cl2F10O",335.91665218,"FC(F)(F)C(F)(OC(F)(Cl)C(F)(F)Cl)C(F)(F)F"
2198,NA,"QQZFVLFYMUODCG-UHFFFAOYSA-N","C5ClF10IO",427.8522725,"FC(F)(F)C(F)(OC(F)(F)C(F)(Cl)I)C(F)(F)F"
2199,NA,"NNJIYASXBPPIGU-UHFFFAOYSA-N","C5BrF11O",363.89568714,"FC(F)(F)C(F)(OC(F)(F)C(F)(F)Br)C(F)(F)F"
2200,NA,"DQVDKUNLKZLJJV-UHFFFAOYSA-N","C11F23IO",711.86266168,"FC(F)(F)C(F)(OC(F)(F)C(F)(F)C(F)(F)C(F)(F)C(F)(F)C(F)(F)C(F)(F)C(F)(F)I)C(F)(F)F"
2201,NA,"GGAZEYOGKLDXNZ-UHFFFAOYSA-N","C11H4F19IO",639.900348928,"FC(F)(F)C(F)(OC(F)(F)C(F)(F)C(F)(F)C(F)(F)C(F)(F)C(F)(F)CCI)C(F)(F)F"
2202,"25080-18-6","LFJNSTDXWXWXRL-UHFFFAOYSA-N","C9F19IO",611.8690488,"FC(F)(F)C(F)(OC(F)(F)C(F)(F)C(F)(F)C(F)(F)C(F)(F)C(F)(F)I)C(F)(F)F"
2203,NA,"PFUMSKSNQXXFNY-UHFFFAOYSA-N","C9H4F15IO",539.906736048,"FC(F)(F)C(F)(OC(F)(F)C(F)(F)C(F)(F)C(F)(F)CCI)C(F)(F)F"
2204,NA,"FBDUOBZWJVSNCX-UHFFFAOYSA-N","C7F15IO",511.87543592,"FC(F)(F)C(F)(OC(F)(F)C(F)(F)C(F)(F)C(F)(F)I)C(F)(F)F"
2205,NA,"DZRJDVMVCAOKEZ-UHFFFAOYSA-N","C10F22O2",569.95470008,"FC(F)(F)C(F)(OC(F)(F)C(F)(F)C(F)(F)C(F)(F)OC(F)(C(F)(F)F)C(F)(F)F)C(F)(F)F"
2206,NA,"RWWWNJUOBCWSJO-UHFFFAOYSA-N","C17H15F11N4O",500.10702152,"FC(F)(F)C(F)(OC(F)(F)C(F)(F)C(F)(F)F)C(N1CCCCC1)n1nnc2ccccc21"
2207,NA,"ZTRORDXSFFFPOW-UHFFFAOYSA-N","C5F11IO",411.88182304,"FC(F)(F)C(F)(OC(F)(F)C(F)(F)I)C(F)(F)F"
2208,"61097-96-9","CBUWIAZYOKAVDV-UHFFFAOYSA-N","C17F30O7",885.91649894,"O=C(C(F)(OC1(F)OC(F)(C(F)(F)F)C(F)(F)OC1(F)C(F)(F)F)C(F)(F)F)C(F)(OC1(F)OC(F)(C(F)(F)F)C(F)(F)OC1(F)C(F)(F)F)C(F)(F)F"
2209,NA,"AUDGRIDGLXZITI-UHFFFAOYSA-N","C16F30O6",857.92158432,"FC(F)(F)C1(F)OC(F)(OC(F)(C(F)(F)F)C(F)(OC2(F)OC(F)(C(F)(F)F)C(F)(F)OC2(F)C(F)(F)F)C(F)(F)F)C(F)(C(F)(F)F)OC1(F)F"
2210,NA,"AULFSFAAKNRJFT-UHFFFAOYSA-N","C11H8F7NO2",319.044326036,"OC(COC(F)(C(F)(F)F)C(F)(F)F)=Nc1ccccc1"
2211,NA,"FXUHCQHWDACOKK-UHFFFAOYSA-N","C6H5F7O",226.02286232,"C=CCOC(F)(C(F)(F)F)C(F)(F)F"
2212,NA,"GELXZLDTAYMMSK-UHFFFAOYSA-N","C7H8BrF7O",319.964674516,"FC(F)(F)C(F)(OCCCCBr)C(F)(F)F"
2213,"4459-18-1","WIKBZUXHNPONPP-UHFFFAOYSA-N","C4F9I",345.89010198,"FC(F)(F)C(I)(C(F)(F)F)C(F)(F)F"
2214,NA,"POLHUHLCNCEPRS-UHFFFAOYSA-N","C9H2F17I",559.892977804,"FC(F)(F)C(I)C(F)(F)C(C(F)(F)F)C(F)(F)C(F)(C(F)(F)F)C(F)(F)F"
2215,NA,"XNCBATRFONZBGA-UHFFFAOYSA-N","C6HF12I",427.893136672,"FC(F)(F)C(I)C(F)(F)C(F)(C(F)(F)F)C(F)(F)F"
2216,NA,"IWKJBTWWSDUWMD-UHFFFAOYSA-N","C9HF18I",577.883555992,"FC(F)(F)C(I)C(F)(F)C(F)(F)C(F)(F)C(F)(F)C(F)(F)C(F)(F)C(F)(F)F"
2217,NA,"KXJJEMYFZPHHRL-UHFFFAOYSA-N","C9H6F13I",487.930665052,"FC(F)(F)C(I)CC(CC(F)(C(F)(F)F)C(F)(F)F)C(F)(F)F"
2218,NA,"IFPFCMSUTLBECN-UHFFFAOYSA-N","C6H3F10I",391.911980296,"FC(F)(F)C(I)CC(F)(C(F)(F)F)C(F)(F)F"
2219,NA,"LASSFECWGDYERA-UHFFFAOYSA-N","C9H3F16I",541.902399616,"FC(F)(F)C(I)CC(F)(F)C(F)(F)C(F)(F)C(F)(F)C(F)(F)C(F)(F)F"
2220,NA,"CAANKOCZJQMYMU-UHFFFAOYSA-N","C7H3F12I",441.908786736,"FC(F)(F)C(I)CC(F)(F)C(F)(F)C(F)(F)C(F)(F)F"
2221,NA,"NEHOYPPKUMDNIR-UHFFFAOYSA-N","C7HF13O2",363.976896132,"O=C(OC(C(F)(F)F)C(F)(F)F)C(F)(F)C(F)(F)C(F)(F)F"
2222,NA,"VOEFEIDNANPLSQ-UHFFFAOYSA-N","C16H4ClF19O3S",671.926628848,"O=S(=O)(Cl)c1ccc(OC(=C(C(F)(F)F)C(C(F)(F)F)(C(F)(F)C(F)(F)F)C(F)(F)C(F)(F)F)C(F)(F)F)cc1"
2223,NA,"USGIGMPEVWTUKX-UHFFFAOYSA-N","C7HF15O3S",449.940688192,"O=S(=O)(OC(C(F)(F)F)C(F)(F)F)C(F)(F)C(F)(F)C(F)(F)C(F)(F)F"
2224,NA,"SXSREXZPYXYIST-UHFFFAOYSA-N","C9H2F16",413.990101584,"FC(F)(F)C=CC(F)(F)C(F)(F)C(F)(F)C(F)(F)C(F)(F)C(F)(F)F"
2225,NA,"JYJDYPJOQLXHAY-UHFFFAOYSA-N","C8H2F14",363.993295144,"FC(F)(F)C=CC(F)(F)C(F)(F)C(F)(F)C(F)(F)C(F)(F)F"
2226,NA,"JSQOTUOXUHPDPI-UHFFFAOYSA-N","C7H2F12",313.996488704,"FC(F)(F)C=CC(F)(F)C(F)(F)C(F)(F)C(F)(F)F"
2227,NA,"BRHMFXVXLONVKC-UHFFFAOYSA-N","C6H2F10",263.999682264,"FC(F)(F)C=CC(F)(F)C(F)(F)C(F)(F)F"
2228,"26637-68-3","HWJPHQNEWARZLH-UHFFFAOYSA-N","C8F16",399.97445152,"FC(F)(F)C1(C(F)(F)F)C(F)(F)C(F)(F)C(F)(F)C(F)(F)C1(F)F"
2229,"28677-00-1","TXGPGHBYAPBDAG-UHFFFAOYSA-N","C6F12",299.98083864,"FC(F)(F)C1(C(F)(F)F)C(F)(F)C(F)(F)C1(F)F"
2230,NA,"MGOFOLPXKULBGG-UHFFFAOYSA-N","C9F18",449.97125796,"FC(F)(F)C1(F)C(F)(F)C(F)(C(F)(F)F)C(F)(F)C(F)(C(F)(F)F)C1(F)F"
2231,"13221-71-1","WEQNAYAFSPIONP-UHFFFAOYSA-N","C6F12",299.98083864,"FC(F)(F)C1(F)C(F)(F)C(F)(C(F)(F)F)C1(F)F"
2232,"374-77-6","LYMIGLGNHPPIQP-UHFFFAOYSA-N","C8F16",399.97445152,"FC(F)(F)C1(F)C(F)(F)C(F)(F)C(F)(C(F)(F)F)C(F)(F)C1(F)F"
2233,"79956-40-4","LOQGSOTUHASIHI-UHFFFAOYSA-N","C8F16",399.97445152,"FC(F)(F)C1(F)C(F)(F)C(F)(F)C(F)(F)C(F)(C(F)(F)F)C1(F)F"
2234,NA,"FDFOVWJGNPGGIZ-UHFFFAOYSA-N","C14F26",661.95848372,"FC(F)(F)C1(F)C(F)(F)C(F)(F)C(F)(F)C(F)(C2(F)C(F)(F)C(F)(F)C(F)(F)C(F)(C(F)(F)F)C2(F)F)C1(F)F"
2235,"68156-00-3","XLCQIAITJZQFTE-UHFFFAOYSA-N","C8F16O2S",463.93635176,"O=S(=O)(F)C1(C(F)(F)F)C(F)(F)C(F)(F)C(F)(F)C(F)(F)C1(F)C(F)(F)F"
2236,"306-98-9","GHBZJUJZNRLHBI-UHFFFAOYSA-N","C8F16",399.97445152,"FC(F)(F)C1(F)C(F)(F)C(F)(F)C(F)(F)C(F)(F)C1(F)C(F)(F)F"
2237,"355-02-2","QIROQPWSJUXOJC-UHFFFAOYSA-N","C7F14",349.97764508,"FC(F)(F)C1(F)C(F)(F)C(F)(F)C(F)(F)C(F)(F)C1(F)F"
2238,"68318-34-3","SLYWOXPMQGKVAU-UHFFFAOYSA-N","C7F14O2S",413.93954532,"O=S(=O)(F)C1(F)C(F)(F)C(F)(F)C(F)(F)C(F)(F)C1(F)C(F)(F)F"
2239,"1805-22-7","BCNXQFASJTYKDJ-UHFFFAOYSA-N","C6F12",299.98083864,"FC(F)(F)C1(F)C(F)(F)C(F)(F)C(F)(F)C1(F)F"
2240,"89591-63-9","LWRNQOBXRHWPGE-UHFFFAOYSA-N","C11F20",511.9680644,"FC(F)(F)C1(F)C(F)(F)C(F)(F)C(F)(F)C2(F)C(F)(F)C(F)(F)C(F)(F)C(F)(F)C12F"
2241,"174694-18-9","RBTROQHBNLSUTL-UHFFFAOYSA-N","C6F12",299.98083864,"FC(F)(F)C1(F)C(F)(F)C(F)(F)C1(F)C(F)(F)F"
2242,"306-95-6","DVPQLHWKBCBNDB-UHFFFAOYSA-N","C11F20",511.9680644,"FC(F)(F)C1(F)C(F)(F)C(F)(F)C2(F)C(F)(F)C(F)(F)C(F)(F)C(F)(F)C2(F)C1(F)F"
2243,"356-47-8","ZCPSRQQUNLMQMM-UHFFFAOYSA-N","C6F12O",315.97575326,"FC(F)(F)C1(F)OC(F)(F)C(F)(F)C(F)(F)C1(F)F"
2244,"7309-84-4","CWRPQPNYDDMAMA-UHFFFAOYSA-N","C6F10O3",309.96877606,"O=C1OC(F)(C(F)(F)F)C(F)(F)OC1(F)C(F)(F)F"
2245,"428-59-1","PGFXOWRDDHCDTE-UHFFFAOYSA-N","C3F6O",165.98533394,"FC(F)(F)C1(F)OC1(F)F"
2246,NA,"QCSAVEZBIBPLJM-UHFFFAOYSA-N","C16H5F20NO",607.00517818,"OC(=Nc1cccc(C(F)(F)F)c1)C(F)(F)C(F)(F)C(F)(F)C(F)(F)C(F)(F)C(F)(F)C(F)(F)C(F)(F)F"
2247,NA,"ITZZBAJDLSEKTE-UHFFFAOYSA-N","C11H5F10NO",357.02114598,"OC(=Nc1cccc(C(F)(F)F)c1)C(F)(F)C(F)(F)C(F)(F)F"
2248,NA,"WFVQHMKBXVRLTH-UHFFFAOYSA-N","C16H8BrF17",601.953792096,"FC(F)(F)CCC(F)(F)C(F)(F)C(F)(F)C(F)(F)C(F)(F)C(F)(F)C(F)(F)c1ccc(Br)cc1"
2249,NA,"RDTOHVCWSKMGDV-UHFFFAOYSA-N","C7H4F12",316.012138768,"FC(F)(F)CCC(F)(F)C(F)(F)C(F)(F)C(F)(F)F"
2250,NA,"ZCCDIMCOMMCOLK-UHFFFAOYSA-N","C6H4F10",266.015332328,"FC(F)(F)CCC(F)(F)C(F)(F)C(F)(F)F"
2251,"4078-29-9","MFBCEXYUNWQKLU-UHFFFAOYSA-N","C6H3F10NO",295.005495916,"N=C(OCC(F)(F)F)C(F)(F)C(F)(F)C(F)(F)F"
2252,NA,"BLEHPPKIGGUMEF-UHFFFAOYSA-N","C13H6F20O2",574.004843832,"O=C(CCC(F)(F)C(F)(F)C(F)(F)C(F)(F)C(F)(F)C(F)(F)C(F)(F)C(F)(F)F)OCC(F)(F)F"
2253,NA,"KXKGSRABVIHXEF-UHFFFAOYSA-N","C15H10F15O4P",570.00771873,"O=P(OCC(F)(F)F)(OCC(F)(F)F)OC(c1ccccc1)C(F)(F)C(F)(F)C(F)(F)C(F)(F)F"
2254,NA,"KJGYBFLEIPDFNQ-UHFFFAOYSA-N","C6H2F12O3S",381.953303564,"O=S(=O)(OCC(F)(F)F)C(F)(F)C(F)(F)C(F)(F)C(F)(F)F"
2255,"359-71-7","KCOKATNPCXDTEB-UHFFFAOYSA-N","C6F13N",332.98231586,"FC(F)(F)N1C(F)(F)C(F)(F)C(F)(F)C(F)(F)C1(F)F"
2256,"173717-78-7","PQMAKJUXOOVROI-UHFFFAOYSA-N","C5F11NO",298.98042404,"FC(F)(F)N1C(F)(F)C(F)(F)OC(F)(F)C1(F)F"
2257,NA,"WPJULLVPGWXWQS-UHFFFAOYSA-N","C5F12O",303.97575326,"FC(F)(F)OC(C(F)(F)F)(C(F)(F)F)C(F)(F)F"
2258,NA,"WBIQBVWPTRRHCM-UHFFFAOYSA-N","C5H3F7O",212.007212256,"C=CC(F)(OC(F)(F)F)C(F)(F)F"
2259,NA,"YLTWQTPPDBTMJI-UHFFFAOYSA-N","C6H5F7O2",242.01777694,"FC(F)(F)OC(F)(CC1CO1)C(F)(F)F"
2260,NA,"XBBIHHOYLHDMRA-UHFFFAOYSA-N","C4Br2F8O",373.81881458,"FC(F)(F)OC(F)(F)C(F)(Br)C(F)(F)Br"
2261,NA,"LVZMACBMANBCFR-UHFFFAOYSA-N","C8F14O5",441.95221818,"O=C(OC(=O)C(F)(F)C(F)(F)OC(F)(F)F)C(F)(F)C(F)(F)OC(F)(F)F"
2262,NA,"YNBWNZPDOMGTFG-UHFFFAOYSA-N","C8F18O",453.96617258,"FC(F)(F)OC(F)(F)C(F)(F)C(F)(F)C(F)(F)C(F)(F)C(F)(F)C(F)(F)F"
2263,NA,"KBVRCFVKEVGGSC-UHFFFAOYSA-N","C3ClF7O",219.95258984,"FC(F)(F)OC(F)(F)C(F)(F)Cl"
2264,NA,"AWVOEAIUILBLRE-UHFFFAOYSA-N","C3F7IO",311.88821016,"FC(F)(F)OC(F)(F)C(F)(F)I"
2265,NA,"CRPLTJCWHFIZTI-UHFFFAOYSA-N","C5F13NO",336.97723048,"FC(F)(F)OC(F)(F)C(F)(F)N(C(F)(F)F)C(F)(F)F"
2266,NA,"GCVSMPDTTNOVDZ-UHFFFAOYSA-N","C4BrF9O2",329.89379532,"FC(F)(F)OC(F)(F)C(F)(F)OC(F)(F)Br"
2267,NA,"BKZHJOQMNQCFAE-UHFFFAOYSA-N","C5ClF9O3",313.93922552,"O=C(Cl)C(F)(F)OC(F)(F)C(F)(F)OC(F)(F)F"
2268,NA,"JPQGQPTZDXLRAY-UHFFFAOYSA-N","C6BrF13O3",445.88232282,"FC(F)(F)OC(F)(F)C(F)(F)OC(F)(F)C(F)(F)OC(F)(F)Br"
2269,NA,"WGAHPKOIQCXOMB-UHFFFAOYSA-N","C10F22O5",617.93944394,"FC(F)(F)OC(F)(F)C(F)(F)OC(F)(F)C(F)(F)OC(F)(F)C(F)(F)OC(F)(F)C(F)(F)OC(F)(F)F"
2270,NA,"AVSJNFOUJLIQJM-UHFFFAOYSA-N","C8F18O4",501.95091644,"FC(F)(F)OC(F)(F)C(F)(F)OC(F)(F)C(F)(F)OC(F)(F)C(F)(F)OC(F)(F)F"
2271,NA,"AQKWQSJDJXDALR-UHFFFAOYSA-N","C13H6F18O4",567.997866632,"C=CC1CC(F)(F)C1(F)OC(F)(F)C(F)(F)OC(F)(F)C(F)(F)OC(F)(F)C(F)(F)OC(F)(F)F"
2272,NA,"FDGTYOXMAQGBCV-UHFFFAOYSA-N","C4ClF9O2",285.9443109,"FC(F)(F)OC(F)(F)C(F)(F)OC(F)(F)Cl"
2273,NA,"HWWASZGFIYQTSO-UHFFFAOYSA-N","C4F9IO2",377.87993122,"FC(F)(F)OC(F)(F)C(F)(F)OC(F)(F)I"
2274,NA,"VHHPRADYROJREN-UHFFFAOYSA-N","C6Cl2F12O3",417.90328786,"FC(F)(F)OC(F)(F)C(F)(F)OC(F)(F)OC(F)(Cl)C(F)(F)Cl"
2275,NA,"RVFUYJVYFFEUCR-UHFFFAOYSA-N","C5F12O2",319.97066788,"FC(F)(F)OC(F)(F)C(F)(OC(F)(F)F)C(F)(F)F"
2276,NA,"AVGSPEYUIJBWHJ-UHFFFAOYSA-N","C4Cl2F8O2",301.91476036,"FC(F)(F)OC(F)(F)OC(F)(Cl)C(F)(F)Cl"
2277,NA,"AKRCGMWXORUMMA-UHFFFAOYSA-N","C3F7IO",311.88821016,"FC(F)(F)OC(F)(I)C(F)(F)F"
2278,NA,"HTIKFKFFFZPLCK-UHFFFAOYSA-N","C10F22O4",601.94452932,"FC(F)(F)OC(OC(F)(F)C(F)(F)OC(OC(F)(F)F)(C(F)(F)F)C(F)(F)F)(C(F)(F)F)C(F)(F)F"
2279,NA,"RDKTYTPOMDGHCP-UHFFFAOYSA-N","C5F12O4",351.96049712,"FC(F)(F)OC(OC(F)(F)F)(OC(F)(F)F)OC(F)(F)F"
2280,NA,"YXCACLPYCBOASG-UHFFFAOYSA-N","C7F14O",365.9725597,"FC(F)(F)OC1(F)C(F)(F)C(F)(F)C(F)(F)C(F)(F)C1(F)F"
2281,NA,"SRDQTCUHAMDAMG-UHFFFAOYSA-N","C8F16I2",653.78339752,"FC(F)(I)C(F)(F)C(F)(F)C(F)(F)C(F)(F)C(F)(F)C(F)(F)C(F)(F)I"
2282,"375-80-4","JOQDDLBOAIKFQX-UHFFFAOYSA-N","C6F12I2",553.78978464,"FC(F)(I)C(F)(F)C(F)(F)C(F)(F)C(F)(F)C(F)(F)I"
2283,NA,"QZXYRRIBHBIXQN-UHFFFAOYSA-N","C6H3F8I",353.915173856,"C=CC(F)(F)C(F)(F)C(F)(F)C(F)(F)I"
2284,"375-50-8","JILAKKYYZPDQBE-UHFFFAOYSA-N","C4F8I2",453.79617176,"FC(F)(I)C(F)(F)C(F)(F)C(F)(F)I"
2285,"66137-74-4","XSLYISNQTJHKMP-UHFFFAOYSA-N","C4F9IO3S",425.84691684,"O=S(=O)(F)C(F)(F)C(F)(F)OC(F)(F)C(F)(F)I"
2286,NA,"GHWUXRFRFCNVJI-UHFFFAOYSA-N","C5F8",211.98722576,"FC(F)=C(F)C(=C(F)F)C(F)(F)F"
2287,"21581-82-8","CPAQQPJFMVGXBQ-UHFFFAOYSA-N","C5F10",249.9840322,"FC(F)=C(F)C(F)(C(F)(F)F)C(F)(F)F"
2288,NA,"ZJXHFKZMJPKCSL-UHFFFAOYSA-N","C6F12",299.98083864,"FC(F)=C(F)C(F)(F)C(F)(C(F)(F)F)C(F)(F)F"
2289,NA,"SAUHTGPUGJWMNX-UHFFFAOYSA-N","C13F26",649.95848372,"FC(F)=C(F)C(F)(F)C(F)(F)C(F)(F)C(F)(F)C(F)(F)C(F)(F)C(F)(F)C(F)(F)C(F)(F)C(F)(F)C(F)(F)F"
2290,NA,"MHQSODYIEVVICX-UHFFFAOYSA-N","C12F24",599.96167728,"FC(F)=C(F)C(F)(F)C(F)(F)C(F)(F)C(F)(F)C(F)(F)C(F)(F)C(F)(F)C(F)(F)C(F)(F)C(F)(F)F"
2291,NA,"DVQLQARMQAHYFI-UHFFFAOYSA-N","C11F22",549.96487084,"FC(F)=C(F)C(F)(F)C(F)(F)C(F)(F)C(F)(F)C(F)(F)C(F)(F)C(F)(F)C(F)(F)C(F)(F)F"
2292,"35328-43-9","IMVVEWPCRIJQCA-UHFFFAOYSA-N","C10F20",499.9680644,"FC(F)=C(F)C(F)(F)C(F)(F)C(F)(F)C(F)(F)C(F)(F)C(F)(F)C(F)(F)C(F)(F)F"
2293,"376-22-7","UAFOIVDGAVVKTE-UHFFFAOYSA-N","C9F18",449.97125796,"FC(F)=C(F)C(F)(F)C(F)(F)C(F)(F)C(F)(F)C(F)(F)C(F)(F)C(F)(F)F"
2294,"559-14-8","YCBPKOZNGFQMPB-UHFFFAOYSA-N","C8F16",399.97445152,"FC(F)=C(F)C(F)(F)C(F)(F)C(F)(F)C(F)(F)C(F)(F)C(F)(F)F"
2295,"355-63-5","CDAVUOSPHHTNBU-UHFFFAOYSA-N","C7F14",349.97764508,"FC(F)=C(F)C(F)(F)C(F)(F)C(F)(F)C(F)(F)C(F)(F)F"
2296,"755-25-9","RMHCWMIZBMGHKV-UHFFFAOYSA-N","C6F12",299.98083864,"FC(F)=C(F)C(F)(F)C(F)(F)C(F)(F)C(F)(F)F"
2297,"376-87-4","PBWHQPOHADDEFU-UHFFFAOYSA-N","C5F10",249.9840322,"FC(F)=C(F)C(F)(F)C(F)(F)C(F)(F)F"
2298,"15453-10-8","NYAGRQZHLFYEOA-UHFFFAOYSA-N","C6F10O",277.97894682,"FC(F)=C(F)C(F)(F)C(F)(F)C1(F)OC1(F)F"
2299,"11070-66-9","ZVJOQYFQSQJDDX-UHFFFAOYSA-N","C4F8",199.98722576,"FC(F)=C(F)C(F)(F)C(F)(F)F"
2300,"15453-08-4","ZHOFEJCLMUIOIW-UHFFFAOYSA-N","C5F8O",227.98214038,"FC(F)=C(F)C(F)(F)C1(F)OC1(F)F"
2301,"685-63-2","LGPPATCNSOSOQH-UHFFFAOYSA-N","C4F6",161.99041932,"FC(F)=C(F)C(F)=C(F)F"
2302,"10372-98-2","BJURIXFNPBYZNB-UHFFFAOYSA-N","C5F10O",265.97894682,"FC(F)=C(F)OC(F)(C(F)(F)F)C(F)(F)F"
2303,"85737-06-0","ZPYGRBTUNITHKJ-UHFFFAOYSA-N","C4BrF7O",275.90207426,"FC(F)=C(F)OC(F)(F)C(F)(F)Br"
2304,NA,"QCWQPRUOTXVNSB-UHFFFAOYSA-N","C8F13NO",372.97723048,"N#CC(F)(F)C(F)(F)C(F)(F)C(F)(F)C(F)(F)OC(F)=C(F)F"
2305,NA,"JFSRSSKOKVQKAT-UHFFFAOYSA-N","C7F14O2",381.96747432,"FC(F)=C(F)OC(F)(F)C(F)(F)C(F)(F)C(F)(F)OC(F)(F)F"
2306,"80962-91-0","BSYZCTLPTCSJLJ-UHFFFAOYSA-N","C5ClF9O",281.94939628,"FC(F)=C(F)OC(F)(F)C(F)(F)C(F)(F)Cl"
2307,"1623-05-8","KHXKESCWFMPTFT-UHFFFAOYSA-N","C5F10O",265.97894682,"FC(F)=C(F)OC(F)(F)C(F)(F)C(F)(F)F"
2308,NA,"ZWWNWGPNBZIACR-UHFFFAOYSA-N","C6F12O2",331.97066788,"FC(F)=C(F)OC(F)(F)C(F)(F)C(F)(F)OC(F)(F)F"
2309,"13846-22-5","KGJWCQOEERZJMB-UHFFFAOYSA-N","C7F12O2",343.97066788,"FC(F)=C(F)OC(F)(F)C(F)(F)C(F)(F)OC(F)=C(F)F"
2310,"10493-43-3","GWTYBAOENKSFAY-UHFFFAOYSA-N","C4F8O",215.98214038,"FC(F)=C(F)OC(F)(F)C(F)(F)F"
2311,"6037-91-8","OURRZLCUWZZPKV-UHFFFAOYSA-N","C4F7IO",323.88821016,"FC(F)=C(F)OC(F)(F)C(F)(F)I"
2312,"1998-53-4","JZCZUPUWPJOIFG-UHFFFAOYSA-N","C6F10O2",293.97386144,"FC(F)=C(F)OC(F)(F)C(F)(F)OC(F)=C(F)F"
2313,NA,"VQUGQIYAVYQSAB-UHFFFAOYSA-N","C4F8O3S",279.94404062,"O=S(=O)(F)C(F)(F)C(F)(F)OC(F)=C(F)F"
2314,"69804-19-9","LYIPDZSLYLDLCU-UHFFFAOYSA-N","C8F13NO2",388.9721451,"N#CC(F)(F)C(F)(F)OC(F)(C(F)(F)F)C(F)(F)OC(F)=C(F)F"
2315,"1644-11-7","RJBJXVAPYONTFE-UHFFFAOYSA-N","C8F16O2",431.96428076,"FC(F)=C(F)OC(F)(F)C(F)(OC(F)(F)C(F)(F)C(F)(F)F)C(F)(F)F"
2316,"128931-18-0","KTCQQCLZUOZFEI-UHFFFAOYSA-N","C7F14O4S",445.92937456,"O=S(=O)(F)C(F)(F)C(F)(F)OC(F)(C(F)(F)F)C(F)(F)OC(F)=C(F)F"
2317,NA,"GKKVHBTVWDBEIN-UHFFFAOYSA-N","C11F22O3",597.9496147,"FC(F)=C(F)OC(F)(F)C(F)(OC(F)(F)C(F)(OC(F)(F)C(F)(F)C(F)(F)F)C(F)(F)F)C(F)(F)F"
2318,"24520-19-2","QYMQYPBAGDZNMY-UHFFFAOYSA-N","C11F14O2",429.96747432,"FC(F)=C(F)OC(F)(F)C(F)(Oc1c(F)c(F)c(F)c(F)c1F)C(F)(F)F"
2319,"64080-43-9","NKCGXGYJCHOICG-UHFFFAOYSA-N","C5F8O",227.98214038,"FC(F)=C(F)OC(F)(F)C(F)=C(F)F"
2320,"1187-93-5","BLTXWCKMNMYXEA-UHFFFAOYSA-N","C3F6O",165.98533394,"FC(F)=C(F)OC(F)(F)F"
2321,NA,"RPVHAQMBUQOLBM-UHFFFAOYSA-N","C5F10O2",281.97386144,"FC(F)=C(F)OC(F)(F)OC(F)(F)C(F)(F)F"
2322,NA,"LCVLVWQPMRAJQW-UHFFFAOYSA-N","C6F12O3",347.9655825,"FC(F)=C(F)OC(F)(F)OC(F)(F)C(F)(F)OC(F)(F)F"
2323,NA,"PODVJTKDNVRRMS-UHFFFAOYSA-N","C4F8O2",231.977055,"FC(F)=C(F)OC(F)(F)OC(F)(F)F"
2324,"13845-92-6","GLHFHOMOSBNTAR-UHFFFAOYSA-N","C5F8O2",243.977055,"FC(F)=C(F)OC(F)(F)OC(F)=C(F)F"
2325,"61097-79-8","ODICQQXTKDJYND-UHFFFAOYSA-N","C8F14O3",409.96238894,"FC(F)=C(F)OC1(F)OC(F)(C(F)(F)F)C(F)(F)OC1(F)C(F)(F)F"
2326,NA,"UDLSJLBLIOSNHV-UHFFFAOYSA-N","C5HF9",231.993454012,"FC(F)=CC(F)(C(F)(F)F)C(F)(F)F"
2327,NA,"AYDXKPOYEKGWOI-UHFFFAOYSA-N","C5F11N",282.98550942,"FC(F)=NC(F)(F)C(F)(F)C(F)(F)C(F)(F)F"
2328,NA,"PEZXXNHCOCQAKU-UHFFFAOYSA-N","C24H10F21NO3S",791.0046068,"O=S(=O)(ON=C(c1ccc2c(c1)Cc1ccccc1-2)C(F)(F)C(F)(F)C(F)(F)C(F)(F)C(F)(F)C(F)F)C(F)(F)C(F)(F)C(F)(F)C(F)(F)F"
2329,NA,"RWRPNOCBTYVGOR-UHFFFAOYSA-N","C14H2F24O4",689.956985824,"O=C(OOC(=O)C(F)(F)C(F)(F)C(F)(F)C(F)(F)C(F)(F)C(F)F)C(F)(F)C(F)(F)C(F)(F)C(F)(F)C(F)(F)C(F)F"
2330,NA,"SQQWEKUYKNKPOG-UHFFFAOYSA-N","C7HClF12O",363.952430972,"O=C(Cl)C(F)(F)C(F)(F)C(F)(F)C(F)(F)C(F)(F)C(F)F"
2331,NA,"YKPDENKQKRPNPA-UHFFFAOYSA-N","C14H6F14O",456.019509892,"O=C(c1ccccc1)C(F)(F)C(F)(F)C(F)(F)C(F)(F)C(F)(F)C(F)(F)C(F)F"
2332,"423-95-0","RJYUFWDUKZUCSP-UHFFFAOYSA-N","C9HClF16O",463.946043852,"O=C(Cl)C(F)(F)C(F)(F)C(F)(F)C(F)(F)C(F)(F)C(F)(F)C(F)(F)C(F)F"
2333,NA,"VGKYUGZSJHXAMS-UHFFFAOYSA-N","C14HF29",719.961518412,"FC(F)C(F)(F)C(F)(F)C(F)(F)C(F)(F)C(F)(F)C(F)(F)C(F)(F)C(F)(F)C(F)(F)C(F)(F)C(F)(F)C(F)(F)C(F)(F)F"
2334,NA,"SARRNFIJRWNPDT-UHFFFAOYSA-N","C13HF27",669.964711972,"FC(F)C(F)(F)C(F)(F)C(F)(F)C(F)(F)C(F)(F)C(F)(F)C(F)(F)C(F)(F)C(F)(F)C(F)(F)C(F)(F)C(F)(F)F"
2335,NA,"PLYVHXBRPARTON-UHFFFAOYSA-N","C12HF25",619.967905532,"FC(F)C(F)(F)C(F)(F)C(F)(F)C(F)(F)C(F)(F)C(F)(F)C(F)(F)C(F)(F)C(F)(F)C(F)(F)C(F)(F)F"
2336,"94231-58-0","UBJGZTCVIFHNPM-UHFFFAOYSA-N","C13H6F20O",558.009929212,"C=COCC(F)(F)C(F)(F)C(F)(F)C(F)(F)C(F)(F)C(F)(F)C(F)(F)C(F)(F)C(F)(F)C(F)F"
2337,"375-97-3","DSNMEFYRPYNWJJ-UHFFFAOYSA-N","C10HF21",519.974292652,"FC(F)C(F)(F)C(F)(F)C(F)(F)C(F)(F)C(F)(F)C(F)(F)C(F)(F)C(F)(F)C(F)(F)F"
2338,NA,"CUNIPPSHVAZKID-UHFFFAOYSA-N","C9HF19",469.977486212,"FC(F)C(F)(F)C(F)(F)C(F)(F)C(F)(F)C(F)(F)C(F)(F)C(F)(F)C(F)(F)F"
2339,"4180-26-1","QXDKTLFTMZTCKT-UHFFFAOYSA-N","C12H6F16O2",486.011230952,"C=CC(=O)OCC(F)(F)C(F)(F)C(F)(F)C(F)(F)C(F)(F)C(F)(F)C(F)(F)C(F)F"
2340,"71726-31-3","PLZIKMVNRWVJKM-UHFFFAOYSA-N","C11H6F16O",458.016316332,"C=COCC(F)(F)C(F)(F)C(F)(F)C(F)(F)C(F)(F)C(F)(F)C(F)(F)C(F)F"
2341,NA,"AVKVPTNDWAGIMH-UHFFFAOYSA-N","C12H8F16O2",488.026881016,"FC(F)C(F)(F)C(F)(F)C(F)(F)C(F)(F)C(F)(F)C(F)(F)C(F)(F)COCC1CO1"
2342,"335-65-9","KBHBUUBXEQUIMV-UHFFFAOYSA-N","C8HF17",419.980679772,"FC(F)C(F)(F)C(F)(F)C(F)(F)C(F)(F)C(F)(F)C(F)(F)C(F)(F)F"
2343,NA,"JCRVQXKRULILSR-UHFFFAOYSA-N","C8H2F16",401.990101584,"FC(F)C(F)(F)C(F)(F)C(F)(F)C(F)(F)C(F)(F)C(F)(F)C(F)F"
2344,"375-83-7","HBZVXKDQRIQMCW-UHFFFAOYSA-N","C7HF15",369.983873332,"FC(F)C(F)(F)C(F)(F)C(F)(F)C(F)(F)C(F)(F)C(F)(F)F"
2345,"2993-85-3","QJEJDNMGOWJONG-UHFFFAOYSA-N","C10H6F12O2",386.017618072,"C=CC(=O)OCC(F)(F)C(F)(F)C(F)(F)C(F)(F)C(F)(F)C(F)F"
2346,NA,"CHGCVCJWHFBIQY-UHFFFAOYSA-N","C8H3F15O",399.994438016,"FC(F)C(F)(F)C(F)(F)C(F)(F)C(F)(F)C(F)(F)COC(F)(F)F"
2347,"78971-81-0","PSLCNUISXILWOY-UHFFFAOYSA-N","C9H6F12O",358.022703452,"C=COCC(F)(F)C(F)(F)C(F)(F)C(F)(F)C(F)(F)C(F)F"
2348,"355-37-3","XJSRKJAHJGCPGC-UHFFFAOYSA-N","C6HF13",319.987066892,"FC(F)C(F)(F)C(F)(F)C(F)(F)C(F)(F)C(F)(F)F"
2349,"336-07-2","UYDBQWIWVMBDME-UHFFFAOYSA-N","C6H2F12",301.996488704,"FC(F)C(F)(F)C(F)(F)C(F)(F)C(F)(F)C(F)F"
2350,NA,"WXFBZGUXZMEPIR-UHFFFAOYSA-N","C5HF11",269.990260452,"FC(F)C(F)(F)C(F)(F)C(F)(F)C(F)(F)F"
2351,"73928-40-2","IBBCNYCWBLECNN-UHFFFAOYSA-N","C7HF13O",347.981981512,"FC(F)=C(F)OC(F)(F)C(F)(F)C(F)(F)C(F)(F)C(F)F"
2352,NA,"BQFRALWVZATVGY-UHFFFAOYSA-N","C5H2F8O",229.997790444,"O=CC(F)(F)C(F)(F)C(F)(F)C(F)F"
2353,"423-31-4","NNMVWNQEVYZFRC-UHFFFAOYSA-N","C4HClF8",235.963903472,"FC(F)C(F)(F)C(F)(F)C(F)(F)Cl"
2354,"376-84-1","WISUNKZXQSKYMR-UHFFFAOYSA-N","C8H6F8O2",286.024005192,"C=CC(=O)OCC(F)(F)C(F)(F)C(F)(F)C(F)F"
2355,"66396-73-4","LIXQMBUPLJAAOE-UHFFFAOYSA-N","C7H6F8O",258.029090572,"C=COCC(F)(F)C(F)(F)C(F)(F)C(F)F"
2356,NA,"BSOLVVCARHZLMT-UHFFFAOYSA-N","C15H9F24O4P",739.985522678,"O=P(OCC(F)(F)C(F)(F)C(F)(F)C(F)F)(OCC(F)(F)C(F)(F)C(F)(F)C(F)F)OCC(F)(F)C(F)(F)C(F)(F)C(F)F"
2357,NA,"TYEUBAWEDRQJFN-UHFFFAOYSA-N","C30H18F48N3O6P3",1520.964199746,"FC(F)C(F)(F)C(F)(F)C(F)(F)COP1(OCC(F)(F)C(F)(F)C(F)(F)C(F)F)=NP(OCC(F)(F)C(F)(F)C(F)(F)C(F)F)(OCC(F)(F)C(F)(F)C(F)(F)C(F)F)=NP(OCC(F)(F)C(F)(F)C(F)(F)C(F)F)(OCC(F)(F)C(F)(F)C(F)(F)C(F)F)=N1"
2358,NA,"ZQTIKDIHRRLSRV-UHFFFAOYSA-N","C4HF9",219.993454012,"FC(F)C(F)(F)C(F)(F)C(F)(F)F"
2359,NA,"PKXOFTHSSGMAGM-UHFFFAOYSA-N","C8H2F16O5S2",545.908816684,"O=S(=O)(OS(=O)(=O)C(F)(F)C(F)(F)C(F)(F)C(F)F)C(F)(F)C(F)(F)C(F)(F)C(F)F"
2360,NA,"ZHKVUSSHABANQG-UHFFFAOYSA-N","C5H3F7",196.012297636,"C=C(F)C(F)(F)C(F)(F)C(F)F"
2361,NA,"GGGJFCBJUNVNMG-UHFFFAOYSA-N","C4HF9O",235.988368632,"FC(F)C(F)(F)C(F)(F)OC(F)(F)F"
2362,"84145-18-6","ZCOLNYMULWIGPK-UHFFFAOYSA-N","C5HF9O",247.988368632,"FC(F)=C(F)OC(F)(F)C(F)(F)C(F)F"
2363,NA,"ATMKLIOVAVUSDM-UHFFFAOYSA-N","C7H3F13O3S",413.959531816,"O=S(=O)(OCC(F)(F)C(F)F)C(F)(F)C(F)(F)C(F)(F)C(F)(F)F"
2364,NA,"XLXYXEHVIIRCGY-UHFFFAOYSA-N","C4HF9O3S",299.950268872,"O=S(=O)(F)C(F)(F)C(F)(F)OC(F)(F)C(F)F"
2365,NA,"MEVYDFZGEHEVSM-UHFFFAOYSA-N","C3HF7O",185.991562192,"FC(F)C(F)(F)OC(F)(F)F"
2366,NA,"ZNBGTBKGFZMWKR-UHFFFAOYSA-N","C7H4F12O",332.007053388,"FC(F)C(F)(F)OCC(F)(F)C(F)(F)C(F)(F)C(F)F"
2367,NA,"NYIFVLKUMGMTPW-UHFFFAOYSA-N","C42H26F64N3O6P3",1977.001251522,"FC(F)CCCCC(F)(F)COP1(OCC(F)(F)C(F)(F)C(F)(F)C(F)(F)C(F)(F)C(F)F)=NP(OCC(F)(F)C(F)(F)C(F)(F)C(F)(F)C(F)(F)C(F)F)(OCC(F)(F)C(F)(F)C(F)(F)C(F)(F)C(F)(F)C(F)F)=NP(OCC(F)(F)C(F)(F)C(F)(F)C(F)(F)C(F)(F)C(F)F)(OCC(F)(F)C(F)(F)C(F)(F)C(F)(F)C(F)(F)C(F)F)=N1"
2368,NA,"SDJUPHWJHCYGLN-UHFFFAOYSA-N","C6H3F11O3S",363.962725376,"O=S(=O)(OCC(F)F)C(F)(F)C(F)(F)C(F)(F)C(F)(F)F"
2369,NA,"MWYPGZOEGJJCBI-UHFFFAOYSA-N","C6H3F11O",300.000825136,"FC(F)OCC(F)(F)C(F)(F)C(F)(F)C(F)(F)F"
2370,NA,"QDWBWHGTTUZIIT-UHFFFAOYSA-N","C5H3F9O",250.004018696,"FC(F)OCC(F)(F)C(F)(F)C(F)(F)F"
2371,NA,"KVLZYXPNBHIUMY-UHFFFAOYSA-N","C5F9I",357.89010198,"FC(I)=C(F)C(F)(C(F)(F)F)C(F)(F)F"
2372,NA,"CNVIZYKCNXLGGZ-UHFFFAOYSA-N","C10F19I",607.87413418,"FC(I)=C(F)C(F)(F)C(F)(F)C(F)(F)C(F)(F)C(F)(F)C(F)(F)C(F)(F)C(F)(F)F"
2373,NA,"GXDRJQCAQULYJE-UHFFFAOYSA-N","C7H4F11IO",439.913123168,"FC(OC(F)(F)C(F)(F)C(CI)C(F)(F)F)C(F)(F)F"
2374,NA,"FVBNTOULJJXFBP-UHFFFAOYSA-N","C11H5F9O",324.01966876,"FC(OC(F)(F)C(F)(F)C(F)(F)F)=C(F)c1ccccc1"
2375,"3330-15-2","CUTPKDUMZWIJKT-UHFFFAOYSA-N","C5HF11O",285.985175072,"FC(OC(F)(F)C(F)(F)C(F)(F)F)C(F)(F)F"
2376,NA,"LLNVBLQWKUBBSO-UHFFFAOYSA-N","C13H8F10O2",386.036461696,"C=Cc1cccc(OC(F)(F)C(F)OC(F)(F)C(F)(F)C(F)(F)F)c1"
2377,NA,"MIVANNXDZNEYJP-UHFFFAOYSA-N","C13H8F10O2",386.036461696,"C=Cc1ccccc1OC(F)(F)C(F)OC(F)(F)C(F)(F)C(F)(F)F"
2378,"3330-14-1","PYSYKOPZHYNYSZ-UHFFFAOYSA-N","C8HF17O2",451.970509012,"FC(OC(F)(F)C(F)(OC(F)(F)C(F)(F)C(F)(F)F)C(F)(F)F)C(F)(F)F"
2379,"3330-16-3","QRLOKTBZZPZAMX-UHFFFAOYSA-N","C11HF23O3",617.955842952,"FC(OC(F)(F)C(F)(OC(F)(F)C(F)(OC(F)(F)C(F)(F)C(F)(F)F)C(F)(F)F)C(F)(F)F)C(F)(F)F"
2380,"26738-51-2","NOCLWIPRQIWFMR-UHFFFAOYSA-N","C14HF29O4",783.941176892,"FC(OC(F)(F)C(F)(OC(F)(F)C(F)(OC(F)(F)C(F)(OC(F)(F)C(F)(F)C(F)(F)F)C(F)(F)F)C(F)(F)F)C(F)(F)F)C(F)(F)F"
2381,"37486-69-4","MEXQRXXROOSHGK-UHFFFAOYSA-N","C17HF35O5",949.926510832,"FC(OC(F)(F)C(F)(OC(F)(F)C(F)(OC(F)(F)C(F)(OC(F)(F)C(F)(OC(F)(F)C(F)(F)C(F)(F)F)C(F)(F)F)C(F)(F)F)C(F)(F)F)C(F)(F)F)C(F)(F)F"
2382,"55154-18-2","RPIANCZCOWLFSM-UHFFFAOYSA-N","C20HF41O6",1115.911844772,"FC(OC(F)(F)C(F)(OC(F)(F)C(F)(OC(F)(F)C(F)(OC(F)(F)C(F)(OC(F)(F)C(F)(OC(F)(F)C(F)(F)C(F)(F)F)C(F)(F)F)C(F)(F)F)C(F)(F)F)C(F)(F)F)C(F)(F)F)C(F)(F)F"
2383,"59852-65-2","FRXPWPKRXZUZRK-UHFFFAOYSA-N","C23HF47O7",1281.897178712,"FC(OC(F)(F)C(F)(OC(F)(F)C(F)(OC(F)(F)C(F)(OC(F)(F)C(F)(OC(F)(F)C(F)(OC(F)(F)C(F)(OC(F)(F)C(F)(F)C(F)(F)F)C(F)(F)F)C(F)(F)F)C(F)(F)F)C(F)(F)F)C(F)(F)F)C(F)(F)F)C(F)(F)F"
2384,NA,"SIEUTGCQJFIIPL-UHFFFAOYSA-N","C26HF53O8",1447.882512652,"FC(OC(F)(F)C(F)(OC(F)(F)C(F)(OC(F)(F)C(F)(OC(F)(F)C(F)(OC(F)(F)C(F)(OC(F)(F)C(F)(OC(F)(F)C(F)(OC(F)(F)C(F)(F)C(F)(F)F)C(F)(F)F)C(F)(F)F)C(F)(F)F)C(F)(F)F)C(F)(F)F)C(F)(F)F)C(F)(F)F)C(F)(F)F"
2385,"58979-41-2","NVGFEPAMFSXOAC-UHFFFAOYSA-N","C29HF59O9",1613.867846592,"FC(OC(F)(F)C(F)(OC(F)(F)C(F)(OC(F)(F)C(F)(OC(F)(F)C(F)(OC(F)(F)C(F)(OC(F)(F)C(F)(OC(F)(F)C(F)(OC(F)(F)C(F)(OC(F)(F)C(F)(F)C(F)(F)F)C(F)(F)F)C(F)(F)F)C(F)(F)F)C(F)(F)F)C(F)(F)F)C(F)(F)F)C(F)(F)F)C(F)(F)F)C(F)(F)F"
2386,NA,"SYLBHDWIEFOPOP-UHFFFAOYSA-N","C4F8O",215.98214038,"FC(OC(F)(F)F)=C(F)C(F)(F)F"
2387,NA,"PPJLYJGIFDYVNT-UHFFFAOYSA-N","C15H4ClF17O3S",621.929822408,"O=S(=O)(Cl)c1ccc(OC(F)=C(F)C(F)(F)C(F)(F)C(F)(F)C(F)(F)C(F)(F)C(F)(F)C(F)(F)F)cc1"
2388,NA,"JHPOMBWYTNUPKL-UHFFFAOYSA-N","C12H4ClF11O3S",471.939403088,"O=S(=O)(Cl)c1ccc(OC(F)=C(F)C(F)(F)C(F)(F)C(F)(F)C(F)(F)F)cc1"
2389,NA,"IBDDYNPOMOFBDI-UHFFFAOYSA-N","C8HF15",381.983873332,"FC=C(F)C(F)(F)C(F)(F)C(F)(F)C(F)(F)C(F)(F)C(F)(F)F"
2390,NA,"RYSDCNCCQRHRHH-UHFFFAOYSA-N","C7HF13",331.987066892,"FC=C(F)C(F)(F)C(F)(F)C(F)(F)C(F)(F)C(F)(F)F"
2391,NA,"XBCWZRARCMLNAN-UHFFFAOYSA-N","C6HF11",281.990260452,"FC=C(F)C(F)(F)C(F)(F)C(F)(F)C(F)(F)F"
2392,NA,"SKQJYUPAFGVYKS-UHFFFAOYSA-N","C5H2F8",214.002875824,"FC=CC(F)(C(F)(F)F)C(F)(F)F"
2393,"376-68-1","IHYAGCYJVNHXCT-UHFFFAOYSA-N","C5F6O3",221.97516318,"O=C1OC(=O)C(F)(F)C(F)(F)C1(F)F"
2394,NA,"IMCJGMVADKNDTL-UHFFFAOYSA-N","C7BrF11O",387.89568714,"O=C(Br)C1(F)C(F)(F)C(F)(F)C(F)(F)C(F)(F)C1(F)F"
2395,"355-03-3","SUYQQGZHVVTMNY-UHFFFAOYSA-N","C6F12O2S",363.94273888,"O=S(=O)(F)C1(F)C(F)(F)C(F)(F)C(F)(F)C(F)(F)C1(F)F"
2396,NA,"KGZKBHYAEBRMAR-UHFFFAOYSA-N","C6ClF11",315.9512881,"FC1(F)C(F)(F)C(F)(F)C(F)(Cl)C(F)(F)C1(F)F"
2397,NA,"OZGWOALFBHODRB-UHFFFAOYSA-N","C10H5F11O2",366.01138982,"C=CC(=O)OCC1(F)C(F)(F)C(F)(F)C(F)(F)C(F)(F)C1(F)F"
2398,"355-68-0","RKIMETXDACNTIE-UHFFFAOYSA-N","C6F12",299.98083864,"FC1(F)C(F)(F)C(F)(F)C(F)(F)C(F)(F)C1(F)F"
2399,"376-77-2","PWMJXZJISGDARB-UHFFFAOYSA-N","C5F10",249.9840322,"FC1(F)C(F)(F)C(F)(F)C(F)(F)C1(F)F"
2400,NA,"QFJAMRYVVQLUKC-UHFFFAOYSA-N","C11H5F9N2",336.03090214,"FC1(F)C(F)(F)C(F)(F)C(F)(N=Nc2ccccc2)C1(F)F"
2401,"115-25-3","BCCOBQSFUDVTJQ-UHFFFAOYSA-N","C4F8",199.98722576,"FC1(F)C(F)(F)C(F)(F)C1(F)F"
2402,"306-91-2","QKENRHXGDUPTEM-UHFFFAOYSA-N","C14F24",623.96167728,"FC1(F)C(F)(F)C(F)(F)C2(F)C(F)(C1(F)F)C(F)(F)C(F)(F)C1(F)C(F)(F)C(F)(F)C(F)(F)C(F)(F)C12F"
2403,"60433-11-6","UWEYRJFJVCLAGH-UHFFFAOYSA-N","C10F18",461.97125796,"FC1(F)C(F)(F)C(F)(F)C2(F)C(F)(F)C(F)(F)C(F)(F)C(F)(F)C2(F)C1(F)F"
2404,"42060-64-0","CBDPDNLRQXGUIG-UHFFFAOYSA-N","C4F8O2S",263.949126,"O=S1(=O)C(F)(F)C(F)(F)C(F)(F)C1(F)F"
2405,NA,"WOAGDWWRYOZHDS-UHFFFAOYSA-N","C3HF6NO4S2",292.925118832,"O=S1(=O)NS(=O)(=O)C(F)(F)C(F)(F)C1(F)F"
2406,NA,"FHQKLIHFKVAEEP-UHFFFAOYSA-N","C5H2F6",176.006069384,"FC1(F)C=CC(F)(F)C1(F)F"
2407,NA,"PDFYOLXVKFUEPM-UHFFFAOYSA-N","C13F22",573.96487084,"FC1(F)C(F)(F)C(F)(F)C2(F)C(F)(C1(F)F)C(F)(F)C1(F)C(F)(F)C(F)(F)C(F)(F)C(F)(F)C12F"
2408,"788-41-0","WDXFZSLMIIPQCF-UHFFFAOYSA-N","C6F12O",315.97575326,"FC1(F)OC(F)(F)C(F)(F)C(F)(F)C(F)(F)C1(F)F"
2409,"773-14-8","UEOZRAZSBQVQKG-UHFFFAOYSA-N","C4F8O",215.98214038,"FC1(F)OC(F)(F)C(F)(F)C1(F)F"
2410,NA,"CAKZCCWLOCDNJK-UHFFFAOYSA-N","C10F20O5",579.9426375,"FC1(F)OC(F)(F)C(F)(F)OC(F)(F)C(F)(F)OC(F)(F)C(F)(F)OC(F)(F)C(F)(F)OC1(F)F"
2411,NA,"SKRZJWSQDLAOAY-UHFFFAOYSA-N","C11H5F10NOS",388.99321698,"O=S(N=Cc1ccccc1F)C(F)(F)C(F)(F)C(F)(F)C(F)(F)F"
2412,NA,"MVLBMYHONBYWAB-UHFFFAOYSA-N","C15BrF23O2",727.8714404,"Fc1c(F)c(C(F)(F)C(F)(OC(F)(F)C(F)(OC(F)(F)C(F)(F)C(F)(F)F)C(F)(F)F)C(F)(F)F)c(F)c(F)c1Br"
2413,NA,"LQGVLRSSQVWQGC-UHFFFAOYSA-N","C10F11N",342.98550942,"N#Cc1c(F)c(F)c(C(F)(C(F)(F)F)C(F)(F)F)c(F)c1F"
2414,NA,"ZNTJHWJPYWYUEW-UHFFFAOYSA-N","C13F18O",513.96617258,"O=C(c1c(F)c(F)c(C(F)(C(F)(F)F)C(F)(F)F)c(F)c1F)C(F)(C(F)(F)F)C(F)(F)F"
2415,NA,"HVSWWIQGNBXLNG-UHFFFAOYSA-N","C10Cl3F11",433.88899346,"Fc1c(F)c(C(F)(C(F)(F)F)C(F)(F)F)c(F)c(F)c1C(Cl)(Cl)Cl"
2416,NA,"CKGPOWZUEZFLPG-UHFFFAOYSA-N","C10F14",385.97764508,"Fc1c(F)c(C(F)(C(F)(F)F)C(F)(F)F)c(F)c(F)c1C(F)(F)F"
2417,NA,"LUUOUNOJFJEOFT-KFOVWKBHSA-N","C92H26F100N4S4",3213.944352832,"Fc1c(F)c(-c2c3nc(c(-c4c(F)c(F)c(SCCC(F)(F)C(F)(F)C(F)(F)C(F)(F)C(F)(F)C(F)(F)C(F)(F)C(F)(F)C(F)(F)C(F)(F)F)c(F)c4F)c4ccc([nH]4)c(-c4c(F)c(F)c(SCCC(F)(F)C(F)(F)C(F)(F)C(F)(F)C(F)(F)C(F)(F)C(F)(F)C(F)(F)C(F)(F)C(F)(F)F)c(F)c4F)c4nc(c(-c5c(F)c(F)c(SCCC(F)(F)C(F)(F)C(F)(F)C(F)(F)C(F)(F)C(F)(F)C(F)(F)C(F)(F)C(F)(F)C(F)(F)F)c(F)c5F)c5ccc2[nH]5)C=C4)C=C3)c(F)c(F)c1SCCC(F)(F)C(F)(F)C(F)(F)C(F)(F)C(F)(F)C(F)(F)C(F)(F)C(F)(F)C(F)(F)C(F)(F)F"
2418,"355-75-9","ZFFLXJVVPHACEG-UHFFFAOYSA-N","C6F10",261.9840322,"FC1=C(F)C(F)(F)C(F)(F)C(F)(F)C1(F)F"
2419,"559-40-0","YBMDPYAEZDJWNY-UHFFFAOYSA-N","C5F8",211.98722576,"FC1=C(F)C(F)(F)C(F)(F)C1(F)F"
2420,"697-11-0","QVHWOZCZUNPZPW-UHFFFAOYSA-N","C4F6",161.99041932,"FC1=C(F)C(F)(F)C1(F)F"
2421,NA,"FJPYWQSQUDKSOV-UHFFFAOYSA-N","C10F14",385.97764508,"Fc1c(F)c(F)c(C(F)(C(F)(F)F)C(F)(F)F)c(C(F)(F)F)c1F"
2422,NA,"QENSCMVCZIDXKK-UHFFFAOYSA-N","C11F14O",413.9725597,"O=C(c1c(F)c(F)c(F)c(F)c1F)C(F)(F)C(F)(F)C(F)(F)C(F)(F)F"
2423,NA,"NQVADSQEXHQDON-UHFFFAOYSA-N","C10F12O",363.97575326,"O=C(c1c(F)c(F)c(F)c(F)c1F)C(F)(F)C(F)(F)C(F)(F)F"
2424,NA,"UEECKBUYHXWTDF-UHFFFAOYSA-N","C15F22O3",645.9496147,"O=C(c1c(F)c(F)c(F)c(F)c1F)C(F)(OC(F)(F)C(F)(OC(F)(F)C(F)(F)C(F)(F)F)C(F)(F)F)C(F)(F)F"
2425,NA,"MESQHETYOOSPOO-UHFFFAOYSA-N","C9F12",335.98083864,"Fc1c(F)c(F)c(C(F)(C(F)(F)F)C(F)(F)F)c(F)c1F"
2426,NA,"XEEKUPFDNJGSMT-UHFFFAOYSA-N","C14F22",585.96487084,"Fc1c(F)c(F)c(C(F)(F)C(F)(F)C(F)(F)C(F)(F)C(F)(F)C(F)(F)C(F)(F)C(F)(F)F)c(F)c1F"
2427,NA,"MOMGZHIBLGUISR-UHFFFAOYSA-N","C10F14",385.97764508,"Fc1c(F)c(F)c(C(F)(F)C(F)(F)C(F)(F)C(F)(F)F)c(F)c1F"
2428,NA,"QLOLJBGOVYZWBA-UHFFFAOYSA-N","C9F12",335.98083864,"Fc1c(F)c(F)c(C(F)(F)C(F)(F)C(F)(F)F)c(F)c1F"
2429,NA,"YROHNOYMVCOFGS-UHFFFAOYSA-N","C15F20N2O",603.96912702,"Fc1c(F)c(F)c(-c2nc(C(F)(F)C(F)(F)C(F)(F)C(F)(F)C(F)(F)C(F)(F)C(F)(F)F)no2)c(F)c1F"
2430,NA,"PCLWKPYPGDOCHW-UHFFFAOYSA-N","C11HF13N2",407.993214892,"Fc1c(F)c(F)c2c(C(F)(F)C(F)(F)C(F)(F)C(F)(F)F)n[nH]c2c1F"
2431,NA,"FTSFKJUGJTZVJF-UHFFFAOYSA-N","C10HF11N2",357.996408452,"Fc1c(F)c(F)c2c(C(F)(F)C(F)(F)C(F)(F)F)n[nH]c2c1F"
2432,NA,"GIYRQQVGUJGTBO-UHFFFAOYSA-N","C10HF12NO",378.986652292,"OC(=Nc1c(F)c(F)c(F)c(F)c1F)C(F)(C(F)(F)F)C(F)(F)F"
2433,NA,"NKCOPEDKDHSSGH-UHFFFAOYSA-N","C10HF12NO",378.986652292,"OC(=Nc1c(F)c(F)c(F)c(F)c1F)C(F)(F)C(F)(F)C(F)(F)F"
2434,NA,"DXCBQWWXMZTQFK-UHFFFAOYSA-N","C8F10O",301.97894682,"Fc1c(F)c(F)c(OC(F)(F)C(F)(F)F)c(F)c1F"
2435,NA,"RPEOQCBWVUKKRF-UHFFFAOYSA-N","C20H3F25NP",762.960391226,"Fc1c(F)c(F)c(P(NCC(F)(F)C(F)(F)C(F)(F)C(F)(F)C(F)(F)C(F)(F)C(F)(F)F)c2c(F)c(F)c(F)c(F)c2F)c(F)c1F"
2436,NA,"FJMMRMQACFEXIL-UHFFFAOYSA-N","C10F12",347.98083864,"Fc1c(F)c(F)c2c(c1F)C(F)(F)C(F)(F)C(F)(F)C2(F)F"
2437,"313-72-4","JDCMOHAFGDQQJX-UHFFFAOYSA-N","C10F8",271.98722576,"Fc1c(F)c(F)c2c(F)c(F)c(F)c(F)c2c1F"
2438,NA,"QTYGPRCHPTTYIL-UHFFFAOYSA-N","C11F14",397.97764508,"Fc1c(F)c(F)c2c(c1F)C(F)(F)C2(F)C(F)(C(F)(F)F)C(F)(F)F"
2439,NA,"LERGYWUZPMSASV-UHFFFAOYSA-N","C11F12O",375.97575326,"O=C1c2c(F)c(F)c(F)c(F)c2C1(F)C(F)(C(F)(F)F)C(F)(F)F"
2440,NA,"CMFLJSVAFTYJOM-UHFFFAOYSA-N","C11F12O2",391.97066788,"O=C1OC(F)(C(F)(C(F)(F)F)C(F)(F)F)c2c(F)c(F)c(F)c(F)c21"
2441,NA,"AWDCOETZVBNIIV-UHFFFAOYSA-N","C5HF7",193.996647572,"FC1=CC(F)(F)C(F)(F)C1(F)F"
2442,NA,"RUCXHAOMVXFEPD-UHFFFAOYSA-N","C9HF11",317.990260452,"Fc1cc(F)c(F)c(C(F)(F)C(F)(F)C(F)(F)F)c1F"
2443,NA,"LRHQILIAPLRHNZ-UHFFFAOYSA-N","C15H5F18NO",557.00837174,"OC(=Nc1cccc(F)c1)C(F)(F)C(F)(F)C(F)(F)C(F)(F)C(F)(F)C(F)(F)C(F)(F)C(F)(F)F"
2444,NA,"JTGBBOHHRPKBBF-UHFFFAOYSA-N","C10H5F8NO",307.02433954,"OC(=Nc1cccc(F)c1)C(F)(F)C(F)(F)C(F)(F)F"
2445,NA,"MLJAMLDEJNIELD-UHFFFAOYSA-N","C12H6F8O2",334.024005192,"O=C(CC(=O)C(F)(F)C(F)(F)C(F)(F)F)c1ccc(F)cc1"
2446,NA,"NJXBUSGNXYPYDN-UHFFFAOYSA-N","C9H4F8",264.018525888,"Fc1ccc(C(F)(C(F)(F)F)C(F)(F)F)cc1"
2447,NA,"OYNKCDZLXSAORO-UHFFFAOYSA-N","C12H4F14O2S",477.970845448,"O=S(=O)(c1ccc(F)cc1)C(F)(F)C(F)(F)C(F)(F)C(F)(F)C(F)(F)C(F)(F)F"
2448,NA,"NMSMFTYYEWHMJX-UHFFFAOYSA-N","C13H5F9N2OS",407.99788776,"OC(=Nc1nc(-c2ccc(F)c(F)c2)cs1)C(F)(F)C(F)(F)C(F)(F)F"
2449,NA,"WYHGHNIBXSPBLM-UHFFFAOYSA-N","C15H5F18NO",557.00837174,"O=C(Nc1ccc(F)cc1)C(F)(F)C(F)(F)C(F)(F)C(F)(F)C(F)(F)C(F)(F)C(F)(F)C(F)(F)F"
2450,NA,"ISPPNGLLDAPGTE-UHFFFAOYSA-N","C10H5F8NO",307.02433954,"O=C(Nc1ccc(F)cc1)C(F)(F)C(F)(F)C(F)(F)F"
2451,NA,"UJIJCTJJFCYMGG-UHFFFAOYSA-N","C10H4F11NO2S",410.978709788,"O=S(=O)(Nc1ccc(F)cc1F)C(F)(F)C(F)(F)C(F)(F)C(F)(F)F"
2452,NA,"YFLVIEFTGMOWIU-UHFFFAOYSA-N","C11H5F10NOS",388.99321698,"O=S(N=Cc1cccc(F)c1)C(F)(F)C(F)(F)C(F)(F)C(F)(F)F"
2453,NA,"QHWBQYJWYBHGBR-UHFFFAOYSA-N","C15H5F18NO",557.00837174,"OC(=Nc1ccccc1F)C(F)(F)C(F)(F)C(F)(F)C(F)(F)C(F)(F)C(F)(F)C(F)(F)C(F)(F)F"
2454,NA,"LYVHRRLFROJYNC-UHFFFAOYSA-N","C9F15N3",434.9852703,"Fc1nc(C(F)(C(F)(F)F)C(F)(F)F)nc(C(F)(C(F)(F)F)C(F)(F)F)n1"
2455,NA,"FKUOBTQMGDYFFA-UHFFFAOYSA-N","C6F9N3",284.99485098,"Fc1nc(F)nc(C(F)(C(F)(F)F)C(F)(F)F)n1"
2456,"308-24-7","AWQSRASHARXGAH-UHFFFAOYSA-N","C6HF11",281.990260452,"FC1C(F)(F)C(F)(F)C(F)(F)C(F)(F)C1(F)F"
2457,NA,"IDBYQQQHBYGLEQ-UHFFFAOYSA-N","C5H3F7",196.012297636,"FC1CC(F)(F)C(F)(F)C1(F)F"
2458,"4998-38-3","HBFWXGZKVGSZKO-UHFFFAOYSA-N","C14H6F20O2",586.004843832,"C=CC(=O)OC(F)C(F)(F)C(F)(F)C(F)(F)C(F)(F)C(F)(F)C(F)(F)C(F)(F)C(F)(F)C(F)(F)CF"
2459,NA,"XALFNZSGFNPWSM-UHFFFAOYSA-N","C4H2F8",202.002875824,"FCC(F)(F)C(F)(F)C(F)(F)F"
2460,NA,"XMARUQLFZIUIRE-UHFFFAOYSA-N","C8H4F14",366.008945208,"FCCC(F)(F)C(F)(F)C(F)(F)C(F)(F)C(F)(F)C(F)(F)F"
2461,NA,"BDVIKRZPWOTDRP-UHFFFAOYSA-N","C8H3F14N3",407.010342176,"N=C(NC(=N)C(F)(F)C(F)(F)C(F)(F)F)C(F)(F)C(F)(F)C(F)(F)F"
2462,NA,"VHJKOLAKAFYZMC-UHFFFAOYSA-N","C8H3F15N2",412.005671396,"N=C(N)C(F)(F)C(F)(F)C(F)(F)C(F)(F)C(F)(F)C(F)(F)C(F)(F)F"
2463,NA,"RUGWGAKEPDIGRV-UHFFFAOYSA-N","C7H3F13N2",362.008864956,"N=C(N)C(F)(F)C(F)(F)C(F)(F)C(F)(F)C(F)(F)C(F)(F)F"
2464,NA,"BTJWLDDXZYWBNY-UHFFFAOYSA-N","C6H3F11N2",312.012058516,"N=C(N)C(F)(F)C(F)(F)C(F)(F)C(F)(F)C(F)(F)F"
2465,"375-19-9","HYMJOTOLJAHZCH-UHFFFAOYSA-N","C4H3F7N2",212.018445636,"N=C(N)C(F)(F)C(F)(F)C(F)(F)F"
2466,NA,"UROJGTAWXQQYQK-UHFFFAOYSA-N","C5H5F7N4O",270.03515832,"N=C(N)NN=C(O)C(F)(F)C(F)(F)C(F)(F)F"
2467,NA,"DEYAKVNIRRRJGO-UHFFFAOYSA-N","C4H2F7NO",213.002461224,"N=C(O)C(F)(C(F)(F)F)C(F)(F)F"
2468,NA,"ZNCMYBRWOIPANY-UHFFFAOYSA-N","C10H2F19NO",512.983299864,"N=C(O)C(F)(F)C(F)(F)C(F)(F)C(F)(F)C(F)(F)C(F)(F)C(F)(F)C(F)(F)C(F)(F)F"
2469,NA,"IGRZVTLQMRLRQZ-UHFFFAOYSA-N","C9H2F17NO",462.986493424,"N=C(O)C(F)(F)C(F)(F)C(F)(F)C(F)(F)C(F)(F)C(F)(F)C(F)(F)C(F)(F)F"
2470,NA,"UGMUDSKJLAUMTC-UHFFFAOYSA-N","C8H2F15NO",412.989686984,"N=C(O)C(F)(F)C(F)(F)C(F)(F)C(F)(F)C(F)(F)C(F)(F)C(F)(F)F"
2471,NA,"SYUPSOPAIUOEGW-UHFFFAOYSA-N","C8H4F12N2O2",388.008116008,"N=C(O)C(F)(F)C(F)(F)C(F)(F)C(F)(F)C(F)(F)C(F)(F)C(=N)O"
2472,NA,"SMJYTRJJHRJAED-UHFFFAOYSA-N","C7H2F13NO",362.992880544,"N=C(O)C(F)(F)C(F)(F)C(F)(F)C(F)(F)C(F)(F)C(F)(F)F"
2473,NA,"ATJMLNAMXAIUCX-UHFFFAOYSA-N","C6H2F11NO",312.996074104,"N=C(O)C(F)(F)C(F)(F)C(F)(F)C(F)(F)C(F)(F)F"
2474,NA,"QVENIMCKJBZDAX-UHFFFAOYSA-N","C9H2F17NO2",478.981408044,"N=C(O)C(F)(F)C(F)(F)C(F)(F)C(F)(F)C(F)(F)OC(F)(C(F)(F)F)C(F)(F)F"
2475,NA,"SVURUIRNGAQISR-UHFFFAOYSA-N","C6H4F8N2O2",288.014503128,"N=C(O)C(F)(F)C(F)(F)C(F)(F)C(F)(F)C(=N)O"
2476,NA,"ZKWQYYCKXAKLPJ-UHFFFAOYSA-N","C5H2F9NO",262.999267664,"N=C(O)C(F)(F)C(F)(F)C(F)(F)C(F)(F)F"
2477,NA,"QNNUQHBPTQVSFD-UHFFFAOYSA-N","C5H3F8NO",245.008689476,"N=C(O)C(F)(F)C(F)(F)C(F)(F)C(F)F"
2478,NA,"FOBJABJCODOMEO-UHFFFAOYSA-N","C4H2F7NO",213.002461224,"N=C(O)C(F)(F)C(F)(F)C(F)(F)F"
2479,NA,"RSZYMGFUGQKOOL-UHFFFAOYSA-N","C8H2F13NO3",406.982709784,"N=C(O)C(F)(F)C(F)(F)OC(F)(C(F)(F)F)C(F)(F)OC(F)=C(F)F"
2480,NA,"VQHXSBVNMOZRLC-UHFFFAOYSA-N","C6H2F11NO2",328.990988724,"N=C(O)C(F)(OC(F)(F)C(F)(F)C(F)(F)F)C(F)(F)F"
2481,NA,"LEBNQGASTHOFJF-UHFFFAOYSA-N","C9H2F17NO3",494.976322664,"N=C(O)C(F)(OC(F)(F)C(F)(OC(F)(F)C(F)(F)C(F)(F)F)C(F)(F)F)C(F)(F)F"
2482,NA,"YLJKMIXDTZLFEB-UHFFFAOYSA-N","C12H2F23NO4",660.961656604,"N=C(O)C(F)(OC(F)(F)C(F)(OC(F)(F)C(F)(OC(F)(F)C(F)(F)C(F)(F)F)C(F)(F)F)C(F)(F)F)C(F)(F)F"
2483,NA,"RODHNODFUBONAV-UHFFFAOYSA-N","C4H2F7NO2",228.997375844,"N=C(O)C(F)(OC(F)(F)F)C(F)(F)F"
2484,NA,"GCSSQLSSPUPLPE-UHFFFAOYSA-N","C11H12F9NO",345.077517984,"N=C(O)C1CCC(C(F)(F)C(F)(F)C(F)(F)C(F)(F)F)CC1"
2485,NA,"MUVDADSEPBGINH-UHFFFAOYSA-N","C9H2F17NO2",478.981408044,"N=C(O)OC(F)(C(F)(F)F)C(F)(F)C(F)(F)C(F)(F)C(F)(F)C(F)(F)C(F)(F)F"
2486,NA,"XCHUDVPHMNHSBK-UHFFFAOYSA-N","C4H2F7NS",228.979617604,"N=C(S)C(F)(F)C(F)(F)C(F)(F)F"
2487,NA,"XDCREYRIKFLHDN-UHFFFAOYSA-N","C5H4F7NO2",243.013025908,"NC(C(=O)O)C(F)(F)C(F)(F)C(F)(F)F"
2488,NA,"XIDRMGWFRZGWJK-UHFFFAOYSA-N","C6H6F7NO2",257.028675972,"NC(CC(F)(F)C(F)(F)C(F)(F)F)C(=O)O"
2489,NA,"ZYTPQABOCYJUBI-UHFFFAOYSA-N","C6H6F7NO2",257.028675972,"NC(CC(=O)O)C(F)(F)C(F)(F)C(F)(F)F"
2490,NA,"OAJRTQKSHFARBK-UHFFFAOYSA-N","C12H12F7NO",319.080711544,"NC(Cc1ccccc1)C(O)C(F)(F)C(F)(F)C(F)(F)F"
2491,NA,"XORTVLLLUZAIQK-UHFFFAOYSA-N","C8H8F9NO2",321.041132476,"NC(CCC(F)(F)C(F)(F)C(F)(F)C(F)(F)F)C(=O)O"
2492,NA,"GKSUAUQGBVCVPS-UHFFFAOYSA-N","C7H8F7NO2",271.044326036,"NC(CCC(F)(F)C(F)(F)C(F)(F)F)C(=O)O"
2493,NA,"MGASSUZKIICAIW-UHFFFAOYSA-N","C8H10F7NO2",285.0599761,"NC(CCCC(F)(F)C(F)(F)C(F)(F)F)C(=O)O"
2494,NA,"XHQGNGKOLZXYPC-UHFFFAOYSA-N","C5H2F11N",285.001159484,"NC(F)(F)C(F)(F)C(F)(F)C(F)(F)C(F)(F)F"
2495,NA,"HKAMSGFEDWXJSR-UHFFFAOYSA-N","C12H6BrF7N2",389.960257832,"Nc1c(Br)cc(C(F)(C(F)(F)F)C(F)(F)F)c2ncccc12"
2496,NA,"WDSUIXLBAVGUFE-UHFFFAOYSA-N","C10H4F10IN",454.922879328,"Nc1c(I)cc(C(F)(C(F)(F)F)C(F)(F)F)cc1C(F)(F)F"
2497,NA,"GNCHBMUKQAERQO-UHFFFAOYSA-N","C11H5F10N3O3",417.01712322,"Nc1c(N=C(O)C(F)(F)C(F)(F)C(F)(F)F)cc(C(F)(F)F)cc1[N+](=O)[O-]"
2498,NA,"FYNRUUHZYNMDNP-UHFFFAOYSA-N","C11H5F13N2",412.02451502,"N=c1cc[nH]cc1C(F)(F)C(F)(F)C(F)(F)C(F)(F)C(F)(F)C(F)(F)F"
2499,NA,"PIANCHDAVNRLDV-UHFFFAOYSA-N","C9H5Cl2F6NO",326.96523846,"Nc1cc(Cl)c(OC(F)(F)C(F)C(F)(F)F)cc1Cl"
2500,NA,"BJNZZIIYZAWKDD-UHFFFAOYSA-N","C10H5F10N",329.02623136,"Nc1ccc(C(F)(F)C(F)(F)C(F)(F)C(F)(F)F)cc1F"
2501,NA,"HATCNXLXAZKUEN-UHFFFAOYSA-N","C9H6F7NO",277.033761352,"Nc1cc(C(F)(F)C(F)(F)C(F)(F)F)ccc1O"
2502,NA,"MAVMQOJBPKOBEB-UHFFFAOYSA-N","C10H5BrF9NO",404.94107986,"Nc1c(Br)cc(C(F)(C(F)(F)F)C(F)(F)F)cc1OC(F)F"
2503,NA,"RHQBQSSQBXDLAT-UHFFFAOYSA-N","C10H5ClF9NO",360.99159544,"Nc1c(Cl)cc(C(F)(C(F)(F)F)C(F)(F)F)cc1OC(F)F"
2504,NA,"MCMWZMDUNMGXKJ-UHFFFAOYSA-N","C8H4F7N5",303.035492668,"Nc1nc(C(F)(F)C(F)(F)C(F)(F)F)[nH]c2ncnc1-2"
2505,"5141-88-8","UFXWGKWUEQVCSK-UHFFFAOYSA-N","C9H7F7N2",276.049745764,"Nc1cc(N)cc(C(F)(F)C(F)(F)C(F)(F)F)c1"
2506,NA,"LNOYXGGMUPLGGX-UHFFFAOYSA-N","C9H7F7N2",276.049745764,"Nc1ccc(C(F)(C(F)(F)F)C(F)(F)F)c(N)c1"
2507,NA,"MNBWQFQWDVQHGA-UHFFFAOYSA-N","C14H7F17N2O",542.028692584,"Nc1ccc(OC(F)(F)C(F)(F)C(F)(F)C(F)(F)C(F)(F)C(F)(F)C(F)(F)C(F)(F)F)c(N)c1"
2508,NA,"STPOJASQXPXVMS-UHFFFAOYSA-N","C10H7F7N2O2",320.039575004,"Nc1ccc(N=C(O)C(F)(F)C(F)(F)C(F)(F)F)c(O)c1"
2509,NA,"PVSQZURXSZUUNT-UHFFFAOYSA-N","C15H7F17N2O",554.028692584,"Nc1cc(N)cc(OC(=C(C(F)(C(F)(F)F)C(F)(F)F)C(F)(C(F)(F)F)C(F)(F)F)C(F)(F)F)c1"
2510,NA,"XZBAXDNRXUURQG-UHFFFAOYSA-N","C10H5F7N2",286.0340957,"N#Cc1ccc(N)cc1C(F)(C(F)(F)F)C(F)(F)F"
2511,NA,"PINWBOMNCWQGMS-UHFFFAOYSA-N","C12H5F11N2",386.02770858,"N#Cc1ccc(N)cc1C(F)(F)C(F)(F)C(F)(F)C(F)(F)C(F)(F)F"
2512,NA,"PWDDQCRAKBGDTI-UHFFFAOYSA-N","C9H6F7N",261.038846732,"Nc1ccc(C(F)(C(F)(F)F)C(F)(F)F)cc1"
2513,NA,"ZQTZVMUNYIDMJV-UHFFFAOYSA-N","C14H6F17N",511.022878932,"Nc1ccc(C(F)(F)C(F)(F)C(F)(F)C(F)(F)C(F)(F)C(F)(F)C(F)(F)C(F)(F)F)cc1"
2514,NA,"OQIGJIYYJLAXJO-UHFFFAOYSA-N","C12H6F13N",411.029266052,"Nc1ccc(C(F)(F)C(F)(F)C(F)(F)C(F)(F)C(F)(F)C(F)(F)F)cc1"
2515,NA,"ODAJPMXNUNVRLV-UHFFFAOYSA-N","C10H6F9N",311.035653172,"Nc1ccc(C(F)(F)C(F)(F)C(F)(F)C(F)(F)F)cc1"
2516,NA,"XVRXVWFWFXRWSP-UHFFFAOYSA-N","C11H7F7N4",328.055893764,"Nc1ccc(-c2n[nH]c(C(F)(F)C(F)(F)C(F)(F)F)n2)cc1"
2517,NA,"DXOPDXIZMCIDFV-UHFFFAOYSA-N","C12H10F9N",339.0669533,"Nc1ccc(CCC(F)(F)C(F)(F)C(F)(F)C(F)(F)F)cc1"
2518,NA,"HZTSIVKWPJZMNG-UHFFFAOYSA-N","C10H6F9NO",327.030567792,"Nc1ccc(OC(F)(F)C(F)(F)C(F)(F)C(F)(F)F)cc1"
2519,NA,"MSKXUCZYFWBJQG-UHFFFAOYSA-N","C10H8F7NO",291.049411416,"Nc1ccc(OCC(F)(F)C(F)(F)C(F)(F)F)cc1"
2520,NA,"UWHVLQHZORUMIA-UHFFFAOYSA-N","C9H6F7N",261.038846732,"Nc1cccc(C(F)(C(F)(F)F)C(F)(F)F)c1"
2521,NA,"FQQMUCAKAYUZFS-UHFFFAOYSA-N","C14H6F17N",511.022878932,"Nc1cccc(C(F)(F)C(F)(F)C(F)(F)C(F)(F)C(F)(F)C(F)(F)C(F)(F)C(F)(F)F)c1"
2522,NA,"QSHAXUHMVBEXQL-UHFFFAOYSA-N","C12H6F13N",411.029266052,"Nc1cccc(C(F)(F)C(F)(F)C(F)(F)C(F)(F)C(F)(F)C(F)(F)F)c1"
2523,NA,"QRMLHTWYKDXVNL-UHFFFAOYSA-N","C9H6F7N",261.038846732,"Nc1ccccc1C(F)(C(F)(F)F)C(F)(F)F"
2524,NA,"ZLFYREKELVEJOR-UHFFFAOYSA-N","C12H6F13N",411.029266052,"Nc1ccccc1C(F)(F)C(F)(F)C(F)(F)C(F)(F)C(F)(F)C(F)(F)F"
2525,NA,"WYDOVJUQQMYICO-UHFFFAOYSA-N","C10H6F9N",311.035653172,"Nc1ccccc1C(F)(F)C(F)(F)C(F)(F)C(F)(F)F"
2526,NA,"BYLZHFMTBONWJX-UHFFFAOYSA-N","C8H5F7N2",262.0340957,"Nc1ccc(C(F)(F)C(F)(F)C(F)(F)F)nc1"
2527,NA,"LULYEDKAPUSTAC-UHFFFAOYSA-N","C8H3F7N4",288.024593636,"N#Cc1c[nH]c(C(F)(F)C(F)(F)C(F)(F)F)nc1=N"
2528,NA,"WRONHTPBJGQDGJ-UHFFFAOYSA-N","C5H3F7N4",252.024593636,"N=c1nc(C(F)(F)C(F)(F)C(F)(F)F)[nH][nH]1"
2529,NA,"BSFZRIIYIJMZCW-UHFFFAOYSA-N","C8H2F10N2",316.005830264,"Nc1nc(F)c(F)c(C(F)(C(F)(F)F)C(F)(F)F)c1F"
2530,NA,"YPGCCGOAPJDVQF-UHFFFAOYSA-N","C10H6F13N5O",459.036476672,"N=c1nc(OCC(F)(F)C(F)(F)C(F)(F)C(F)(F)C(F)(F)C(F)(F)F)[nH]c(=N)[nH]1"
2531,NA,"XZNQZBAZHBPEEQ-UHFFFAOYSA-N","C17H6F26N4O2",792.007559152,"N=c1nc(OCC(F)(F)C(F)(F)C(F)(F)C(F)(F)C(F)(F)C(F)(F)F)[nH]c(OCC(F)(F)C(F)(F)C(F)(F)C(F)(F)C(F)(F)C(F)(F)F)n1"
2532,NA,"YDSSWKLQGNLUCE-UHFFFAOYSA-N","C13H12F7N5O4",435.077751404,"Nc1ncnc2c1nc(C(F)(F)C(F)(F)C(F)(F)F)n2C1OC(CO)C(O)C1O"
2533,NA,"YVJDNBITOVWWQY-UHFFFAOYSA-N","C5H2F7N3S",268.985765604,"N=c1[nH]nc(C(F)(F)C(F)(F)C(F)(F)F)s1"
2534,NA,"WRAHZJQESWMXQC-UHFFFAOYSA-N","C4H4F7N",199.023196668,"NCC(F)(C(F)(F)F)C(F)(F)F"
2535,NA,"DCHFZFZWTAMCEN-UHFFFAOYSA-N","C10H4F19N",499.004035308,"NCC(F)(F)C(F)(F)C(F)(F)C(F)(F)C(F)(F)C(F)(F)C(F)(F)C(F)(F)C(F)(F)F"
2536,NA,"IHVFAVFXCUPMEN-UHFFFAOYSA-N","C9H4F17N",449.007228868,"NCC(F)(F)C(F)(F)C(F)(F)C(F)(F)C(F)(F)C(F)(F)C(F)(F)C(F)(F)F"
2537,"307-29-9","HZCZXRSVKNFILZ-UHFFFAOYSA-N","C8H4F15N",399.010422428,"NCC(F)(F)C(F)(F)C(F)(F)C(F)(F)C(F)(F)C(F)(F)C(F)(F)F"
2538,NA,"RWJCANHSJXNRDM-UHFFFAOYSA-N","C7H4F13N",349.013615988,"NCC(F)(F)C(F)(F)C(F)(F)C(F)(F)C(F)(F)C(F)(F)F"
2539,NA,"FDIHRNYGDZQEAV-UHFFFAOYSA-N","C6H4F11N",299.016809548,"NCC(F)(F)C(F)(F)C(F)(F)C(F)(F)C(F)(F)F"
2540,NA,"SUNUNYBGDFIAME-UHFFFAOYSA-N","C5H4F9N",249.020003108,"NCC(F)(F)C(F)(F)C(F)(F)C(F)(F)F"
2541,"375-00-8","WBGBQSRNXPVFDB-UHFFFAOYSA-N","C4H4F7N",199.023196668,"NCC(F)(F)C(F)(F)C(F)(F)F"
2542,NA,"SNWTZZYGEHPHCQ-UHFFFAOYSA-N","C6H6F9NO",279.030567792,"NCC(O)C(F)(F)C(F)(F)C(F)(F)C(F)(F)F"
2543,"336-53-8","ZEEMDIXYCUOCAK-UHFFFAOYSA-N","C5H6F7NO",229.033761352,"NCC(O)C(F)(F)C(F)(F)C(F)(F)F"
2544,NA,"JPAVGZWMFGAFCC-UHFFFAOYSA-N","C10H8F15NO",443.036637176,"NCC(O)CC(F)(F)C(F)(F)C(F)(F)C(F)(F)C(F)(C(F)(F)F)C(F)(F)F"
2545,NA,"HLPPIVCJSJCNKU-UHFFFAOYSA-N","C12H8F19NO",543.030250056,"NCC(O)CC(F)(F)C(F)(F)C(F)(F)C(F)(F)C(F)(F)C(F)(F)C(F)(C(F)(F)F)C(F)(F)F"
2546,NA,"MNOIHTZEQBURKA-UHFFFAOYSA-N","C17H12F17N",553.069829124,"NCc1ccc(CCC(F)(F)C(F)(F)C(F)(F)C(F)(F)C(F)(F)C(F)(F)C(F)(F)C(F)(F)F)cc1"
2547,NA,"PFINVJYJNJHTFY-UHFFFAOYSA-N","C10H6F17N",463.022878932,"NCCC(F)(F)C(F)(F)C(F)(F)C(F)(F)C(F)(F)C(F)(F)C(F)(F)C(F)(F)F"
2548,NA,"LTTQRUMYWWXCQA-UHFFFAOYSA-N","C8H6F13N",363.029266052,"NCCC(F)(F)C(F)(F)C(F)(F)C(F)(F)C(F)(F)C(F)(F)F"
2549,NA,"GJWIRTQEBLHUMP-UHFFFAOYSA-N","C7H6F11N",313.032459612,"NCCC(F)(F)C(F)(F)C(F)(F)C(F)(F)C(F)(F)F"
2550,NA,"WGFQLGIMKURNCU-UHFFFAOYSA-N","C5H6F7N",213.038846732,"NCCC(F)(F)C(F)(F)C(F)(F)F"
2551,NA,"CVTWASMMVSOPEW-UHFFFAOYSA-N","C11H8F17N",477.038528996,"NCCCC(F)(F)C(F)(F)C(F)(F)C(F)(F)C(F)(F)C(F)(F)C(F)(F)C(F)(F)F"
2552,NA,"YIQVOMZDSOSAQY-UHFFFAOYSA-N","C11H9F15N2O",470.047536208,"NCCCN=C(O)C(F)(F)C(F)(F)C(F)(F)C(F)(F)C(F)(F)C(F)(F)C(F)(F)F"
2553,"64346-90-3","OFGMYVUFKMFVRX-UHFFFAOYSA-N","C9H7F13N2O4S",485.991894564,"NCCNS(=O)(=O)C(F)(F)C(F)(F)OC(F)(C(F)(F)F)C(F)(F)OC(F)=C(F)F"
2554,NA,"BABBVHCTEIQUCJ-UHFFFAOYSA-N","C4H4F7N3",227.029344668,"N=C(NN)C(F)(F)C(F)(F)C(F)(F)F"
2555,NA,"DVGAKXCCCMYSPK-UHFFFAOYSA-N","C14H6F24N4O2",718.010752712,"NN=C(O)C(F)(F)C(F)(F)C(F)(F)C(F)(F)C(F)(F)C(F)(F)C(F)(F)C(F)(F)C(F)(F)C(F)(F)C(F)(F)C(F)(F)C(O)=NN"
2556,NA,"GUDKAWFKANEZND-UHFFFAOYSA-N","C7H3F13N2O",378.003779576,"NN=C(O)C(F)(F)C(F)(F)C(F)(F)C(F)(F)C(F)(F)C(F)(F)F"
2557,NA,"OFXVRTCUSIFORW-UHFFFAOYSA-N","C4H3F7N2O",228.013360256,"NN=C(O)C(F)(F)C(F)(F)C(F)(F)F"
2558,NA,"AZGSNPILJGLWKP-UHFFFAOYSA-N","C8H4F14N4O",438.016155828,"NNC(N=NC(=O)C(F)(F)C(F)(F)C(F)(F)F)C(F)(F)C(F)(F)C(F)(F)F"
2559,"754-91-6","RRRXPPIDPYTNJG-UHFFFAOYSA-N","C8H2F17NO2S",498.953479044,"NS(=O)(=O)C(F)(F)C(F)(F)C(F)(F)C(F)(F)C(F)(F)C(F)(F)C(F)(F)C(F)(F)F"
2560,NA,"WDZLGCSJJWEQJO-UHFFFAOYSA-N","C6H2F13NO2S",398.959866164,"NS(=O)(=O)C(F)(F)C(F)(F)C(F)(F)C(F)(F)C(F)(F)C(F)(F)F"
2561,NA,"LGEFNMHGQQWZJQ-UHFFFAOYSA-N","C12H11F9N2O4S2",482.001652812,"NS(=O)(=O)c1ccc(CCNS(=O)(=O)C(F)(F)C(F)(F)C(F)(F)C(F)(F)F)cc1"
2562,NA,"JHVJTHXQPPKMEA-UHFFFAOYSA-N","C16H9F17N2O3S",632.006242888,"NS(=O)(=O)c1ccc(CN=C(O)C(F)(F)C(F)(F)C(F)(F)C(F)(F)C(F)(F)C(F)(F)C(F)(F)C(F)(F)F)cc1"
2563,NA,"CWSCAZHIVRUESE-UHFFFAOYSA-N","C14H9F13N2O3S",532.012630008,"NS(=O)(=O)c1ccc(CN=C(O)C(F)(F)C(F)(F)C(F)(F)C(F)(F)C(F)(F)C(F)(F)F)cc1"
2564,NA,"GAVHLPDPYHDYNF-UHFFFAOYSA-N","C12H9F9N2O3S",432.019017128,"NS(=O)(=O)c1ccc(CN=C(O)C(F)(F)C(F)(F)C(F)(F)C(F)(F)F)cc1"
2565,NA,"VABWMMCIAMBZFP-UHFFFAOYSA-N","C11H9F7N2O3S",382.022210688,"NS(=O)(=O)c1ccc(CN=C(O)C(F)(F)C(F)(F)C(F)(F)F)cc1"
2566,NA,"BFTJXBHBMFIPTG-UHFFFAOYSA-N","C14H6F17NO3S",590.979693792,"NS(=O)(=O)c1ccc(OC(F)(F)C(F)(F)C(F)(F)C(F)(F)C(F)(F)C(F)(F)C(F)(F)C(F)(F)F)cc1"
2567,NA,"SQAFCSVGKMMETM-UHFFFAOYSA-N","C8H6F13NO2S",426.991166292,"NS(=O)(=O)CCC(F)(F)C(F)(F)C(F)(F)C(F)(F)C(F)(F)C(F)(F)F"
2568,NA,"ZWMSJJMEFTXAKG-UHFFFAOYSA-N","C4H2F9NOS",282.971338664,"NS(=O)C(F)(F)C(F)(F)C(F)(F)C(F)(F)F"
2569,NA,"JQQZWNQVWNPMOY-UHFFFAOYSA-N","C9H6F11NO2",369.022288852,"C=CCN=C(O)C(F)(OC(F)(F)C(F)(F)C(F)(F)F)C(F)(F)F"
2570,NA,"OHNVFWYDJQNNQO-UHFFFAOYSA-N","C13H5F17O4",547.99163838,"C=C(CC(=O)OC(F)(F)C(F)(F)C(F)(F)C(F)(F)C(F)(F)C(F)(F)C(F)(F)C(F)(F)F)C(=O)O"
2571,NA,"KMHDVPWWYHOSMO-UHFFFAOYSA-N","C8HF15O2",413.973702572,"O=C(O)C(C(F)(F)C(F)(F)F)(C(F)(F)C(F)(F)F)C(F)(F)C(F)(F)F"
2572,NA,"TZIYPPGHIRPIHL-UHFFFAOYSA-N","C8HF15O2",413.973702572,"O=C(O)C(C(F)(F)F)(C(F)(F)C(F)(F)F)C(F)(C(F)(F)F)C(F)(F)F"
2573,NA,"URRHYEJOULCMJO-UHFFFAOYSA-N","C8HF15O2",413.973702572,"O=C(O)C(C(F)(F)F)(C(F)(F)C(F)(F)F)C(F)(F)C(F)(F)C(F)(F)F"
2574,NA,"YAMSANNBBMRZIT-UHFFFAOYSA-N","C8HF15O2",413.973702572,"O=C(O)C(C(F)(F)F)(C(F)(F)F)C(C(F)(F)F)(C(F)(F)F)C(F)(F)F"
2575,NA,"UROAJJYOWOISMM-UHFFFAOYSA-N","C8HF15O2",413.973702572,"O=C(O)C(C(F)(F)F)(C(F)(F)F)C(F)(C(F)(F)F)C(F)(F)C(F)(F)F"
2576,NA,"UYKWRMHTULSOPZ-UHFFFAOYSA-N","C8HF15O2",413.973702572,"O=C(O)C(C(F)(F)F)(C(F)(F)F)C(F)(F)C(F)(C(F)(F)F)C(F)(F)F"
2577,NA,"RSKSDKSQFDVCFE-UHFFFAOYSA-N","C8HF15O2",413.973702572,"O=C(O)C(C(F)(F)F)(C(F)(F)F)C(F)(F)C(F)(F)C(F)(F)C(F)(F)F"
2578,NA,"WQIUWPXBEHWYBX-UHFFFAOYSA-N","C13H10F7NO3",361.05489072,"O=C(O)C(Cc1ccccc1)N=C(O)C(F)(F)C(F)(F)C(F)(F)F"
2579,NA,"GDJGFJSXWIXQLR-UHFFFAOYSA-N","C13H7F17O4",550.007288444,"O=C(O)C(CCC(F)(F)C(F)(F)C(F)(F)C(F)(F)C(F)(F)C(F)(F)C(F)(F)C(F)(F)F)C(=O)O"
2580,NA,"AYPSLICMPFXLQI-UHFFFAOYSA-N","C11H7F13O4",450.013675564,"O=C(O)C(CCC(F)(F)C(F)(F)C(F)(F)C(F)(F)C(F)(F)C(F)(F)F)C(=O)O"
2581,NA,"KITTVGNDOMMVHM-UHFFFAOYSA-N","C9H7F9O4",350.020062684,"O=C(O)C(CCC(F)(F)C(F)(F)C(F)(F)C(F)(F)F)C(=O)O"
2582,NA,"CGCPPBXAEGMASM-UHFFFAOYSA-N","C9H9F7O4",314.038906308,"O=C(O)C(CCCC(F)(F)C(F)(F)C(F)(F)F)C(=O)O"
2583,NA,"GFNPDTZZIUOUQV-UHFFFAOYSA-N","C8HF15O2",413.973702572,"O=C(O)C(F)(C(F)(C(F)(F)F)C(F)(F)F)C(F)(C(F)(F)F)C(F)(F)F"
2584,NA,"FGXQAZCGBWVETF-UHFFFAOYSA-N","C8HF15O2",413.973702572,"O=C(O)C(F)(C(F)(F)C(F)(F)C(F)(F)F)C(F)(C(F)(F)F)C(F)(F)F"
2585,NA,"KLIYVROPYNNGCN-UHFFFAOYSA-N","C8HF15O2",413.973702572,"O=C(O)C(F)(C(F)(F)C(F)(F)C(F)(F)F)C(F)(F)C(F)(F)C(F)(F)F"
2586,NA,"LEVVSRBRUBTUPV-UHFFFAOYSA-N","C8HF15O2",413.973702572,"O=C(O)C(F)(C(F)(F)C(F)(F)F)C(C(F)(F)F)(C(F)(F)F)C(F)(F)F"
2587,NA,"HRVVLSKWJWJIBO-UHFFFAOYSA-N","C8HF15O2",413.973702572,"O=C(O)C(F)(C(F)(F)C(F)(F)F)C(F)(C(F)(F)F)C(F)(F)C(F)(F)F"
2588,NA,"RPJPRDHJIVARDS-UHFFFAOYSA-N","C8HF15O2",413.973702572,"O=C(O)C(F)(C(F)(F)C(F)(F)F)C(F)(F)C(F)(C(F)(F)F)C(F)(F)F"
2589,NA,"NJLCWERAEIXEIB-UHFFFAOYSA-N","C8HF15O2",413.973702572,"O=C(O)C(F)(C(F)(F)C(F)(F)F)C(F)(F)C(F)(F)C(F)(F)C(F)(F)F"
2590,NA,"LMMJTWPCVVCSMX-UHFFFAOYSA-N","C8HF15O2",413.973702572,"O=C(O)C(F)(C(F)(F)F)C(C(F)(F)F)(C(F)(F)F)C(F)(F)C(F)(F)F"
2591,NA,"ACAHRYLWSNWTFN-UHFFFAOYSA-N","C8HF15O2",413.973702572,"O=C(O)C(F)(C(F)(F)F)C(F)(C(F)(F)C(F)(F)F)C(F)(F)C(F)(F)F"
2592,NA,"CSDNZCNEOLXCQF-UHFFFAOYSA-N","C8HF15O2",413.973702572,"O=C(O)C(F)(C(F)(F)F)C(F)(C(F)(F)F)C(F)(C(F)(F)F)C(F)(F)F"
2593,NA,"IKYRNTJITFLYOS-UHFFFAOYSA-N","C8HF15O2",413.973702572,"O=C(O)C(F)(C(F)(F)F)C(F)(C(F)(F)F)C(F)(F)C(F)(F)C(F)(F)F"
2594,NA,"XREGJQQQMQWWNN-UHFFFAOYSA-N","C8HF15O2",413.973702572,"O=C(O)C(F)(C(F)(F)F)C(F)(F)C(C(F)(F)F)(C(F)(F)F)C(F)(F)F"
2595,NA,"XATJWKOXFKNUBI-UHFFFAOYSA-N","C8HF15O2",413.973702572,"O=C(O)C(F)(C(F)(F)F)C(F)(F)C(F)(C(F)(F)F)C(F)(F)C(F)(F)F"
2596,NA,"XYSKFGIOQNTGLA-UHFFFAOYSA-N","C8HF15O2",413.973702572,"O=C(O)C(F)(C(F)(F)F)C(F)(F)C(F)(F)C(F)(C(F)(F)F)C(F)(F)F"
2597,NA,"DHELITDTJHABDT-UHFFFAOYSA-N","C8HF15O2",413.973702572,"O=C(O)C(F)(C(F)(F)F)C(F)(F)C(F)(F)C(F)(F)C(F)(F)C(F)(F)F"
2598,"335-10-4","YJDMCDWHXOSSHI-UHFFFAOYSA-N","C4HF7O2",213.986476812,"O=C(O)C(F)(C(F)(F)F)C(F)(F)F"
2599,NA,"BRACVULZXKBSDR-UHFFFAOYSA-N","C8HF15O2",413.973702572,"O=C(O)C(F)(F)C(C(F)(F)F)(C(F)(F)C(F)(F)F)C(F)(F)C(F)(F)F"
2600,NA,"FAJNUIJJBSAMFG-UHFFFAOYSA-N","C8HF15O2",413.973702572,"O=C(O)C(F)(F)C(C(F)(F)F)(C(F)(F)F)C(F)(C(F)(F)F)C(F)(F)F"
2601,NA,"QTNXQUUMDZPDRJ-UHFFFAOYSA-N","C8HF15O2",413.973702572,"O=C(O)C(F)(F)C(C(F)(F)F)(C(F)(F)F)C(F)(F)C(F)(F)C(F)(F)F"
2602,NA,"VMZZQFPAUSWERK-UHFFFAOYSA-N","C8HF15O2",413.973702572,"O=C(O)C(F)(F)C(F)(C(F)(F)C(F)(F)F)C(F)(C(F)(F)F)C(F)(F)F"
2603,NA,"WWMBSMIBXPWLPT-UHFFFAOYSA-N","C8HF15O2",413.973702572,"O=C(O)C(F)(F)C(F)(C(F)(F)C(F)(F)F)C(F)(F)C(F)(F)C(F)(F)F"
2604,NA,"ZOUAOKCYZHRSAC-UHFFFAOYSA-N","C8HF15O2",413.973702572,"O=C(O)C(F)(F)C(F)(C(F)(F)F)C(C(F)(F)F)(C(F)(F)F)C(F)(F)F"
2605,NA,"NIYNIRHIBYCSLY-UHFFFAOYSA-N","C8HF15O2",413.973702572,"O=C(O)C(F)(F)C(F)(C(F)(F)F)C(F)(C(F)(F)F)C(F)(F)C(F)(F)F"
2606,NA,"RCVKPKVLBNNSMW-UHFFFAOYSA-N","C8HF15O2",413.973702572,"O=C(O)C(F)(F)C(F)(C(F)(F)F)C(F)(F)C(F)(C(F)(F)F)C(F)(F)F"
2607,NA,"KZUSAXRVIONPJU-UHFFFAOYSA-N","C10HF19O2",513.967315452,"O=C(O)C(F)(F)C(F)(C(F)(F)F)C(F)(F)C(F)(F)C(F)(F)C(F)(C(F)(F)F)C(F)(F)F"
2608,NA,"FUGOJSZHPNUCLK-UHFFFAOYSA-N","C8HF15O2",413.973702572,"O=C(O)C(F)(F)C(F)(C(F)(F)F)C(F)(F)C(F)(F)C(F)(F)C(F)(F)F"
2609,NA,"UDFRHYDOIIBODA-UHFFFAOYSA-N","C8HF15O2",413.973702572,"O=C(O)C(F)(F)C(F)(F)C(C(F)(F)F)(C(F)(F)F)C(F)(F)C(F)(F)F"
2610,NA,"FLDAOAOUZFAVRT-UHFFFAOYSA-N","C8HF15O2",413.973702572,"O=C(O)C(F)(F)C(F)(F)C(F)(C(F)(F)C(F)(F)F)C(F)(F)C(F)(F)F"
2611,NA,"YQPBELLZGQBWJP-UHFFFAOYSA-N","C8HF15O2",413.973702572,"O=C(O)C(F)(F)C(F)(F)C(F)(C(F)(F)F)C(F)(C(F)(F)F)C(F)(F)F"
2612,NA,"RGXLMLZPWKONOH-UHFFFAOYSA-N","C8HF15O2",413.973702572,"O=C(O)C(F)(F)C(F)(F)C(F)(C(F)(F)F)C(F)(F)C(F)(F)C(F)(F)F"
2613,NA,"GTHPUDUCLLCPLT-UHFFFAOYSA-N","C8HF15O2",413.973702572,"O=C(O)C(F)(F)C(F)(F)C(F)(F)C(C(F)(F)F)(C(F)(F)F)C(F)(F)F"
2614,NA,"HDWNCRCOUUAYQG-UHFFFAOYSA-N","C8HF15O2",413.973702572,"O=C(O)C(F)(F)C(F)(F)C(F)(F)C(F)(C(F)(F)F)C(F)(F)C(F)(F)F"
2615,"15899-29-3","QTDMKZFMFHHSLJ-UHFFFAOYSA-N","C7HF13O2",363.976896132,"O=C(O)C(F)(F)C(F)(F)C(F)(F)C(F)(C(F)(F)F)C(F)(F)F"
2616,NA,"KPBOPOXIOBBZTR-UHFFFAOYSA-N","C8HF15O2",413.973702572,"O=C(O)C(F)(F)C(F)(F)C(F)(F)C(F)(F)C(F)(C(F)(F)F)C(F)(F)F"
2617,"15899-31-7","WIXVASFEKZIRFM-UHFFFAOYSA-N","C9HF17O2",463.970509012,"O=C(O)C(F)(F)C(F)(F)C(F)(F)C(F)(F)C(F)(F)C(F)(C(F)(F)F)C(F)(F)F"
2618,"16486-94-5","FTUYMACVNWCLNM-UHFFFAOYSA-N","C11HF21O2",563.964121892,"O=C(O)C(F)(F)C(F)(F)C(F)(F)C(F)(F)C(F)(F)C(F)(F)C(F)(F)C(F)(C(F)(F)F)C(F)(F)F"
2619,"16486-96-7","CQXLVCXAWBBSDD-UHFFFAOYSA-N","C13HF25O2",663.957734772,"O=C(O)C(F)(F)C(F)(F)C(F)(F)C(F)(F)C(F)(F)C(F)(F)C(F)(F)C(F)(F)C(F)(F)C(F)(C(F)(F)F)C(F)(F)F"
2620,"18024-09-4","FQAXLPZGSQABMD-UHFFFAOYSA-N","C15HF29O2",763.951347652,"O=C(O)C(F)(F)C(F)(F)C(F)(F)C(F)(F)C(F)(F)C(F)(F)C(F)(F)C(F)(F)C(F)(F)C(F)(F)C(F)(F)C(F)(C(F)(F)F)C(F)(F)F"
2621,"68310-12-3","VLLYHFSAJNIONB-UHFFFAOYSA-N","C20HF39O2",1013.935379852,"O=C(O)C(F)(F)C(F)(F)C(F)(F)C(F)(F)C(F)(F)C(F)(F)C(F)(F)C(F)(F)C(F)(F)C(F)(F)C(F)(F)C(F)(F)C(F)(F)C(F)(F)C(F)(F)C(F)(F)C(F)(F)C(F)(F)C(F)(F)F"
2622,NA,"OOIOCQXPBHHQGB-UHFFFAOYSA-N","C19HF37O2",963.938573412,"O=C(O)C(F)(F)C(F)(F)C(F)(F)C(F)(F)C(F)(F)C(F)(F)C(F)(F)C(F)(F)C(F)(F)C(F)(F)C(F)(F)C(F)(F)C(F)(F)C(F)(F)C(F)(F)C(F)(F)C(F)(F)C(F)(F)F"
2623,"16517-11-6","ZTSDOGSKTICNPQ-UHFFFAOYSA-N","C18HF35O2",913.941766972,"O=C(O)C(F)(F)C(F)(F)C(F)(F)C(F)(F)C(F)(F)C(F)(F)C(F)(F)C(F)(F)C(F)(F)C(F)(F)C(F)(F)C(F)(F)C(F)(F)C(F)(F)C(F)(F)C(F)(F)C(F)(F)F"
2624,NA,"ZAWWKRYRIHWWDN-UHFFFAOYSA-N","C17HF33O2",863.944960532,"O=C(O)C(F)(F)C(F)(F)C(F)(F)C(F)(F)C(F)(F)C(F)(F)C(F)(F)C(F)(F)C(F)(F)C(F)(F)C(F)(F)C(F)(F)C(F)(F)C(F)(F)C(F)(F)C(F)(F)F"
2625,"67905-19-5","OJMBMWRMTMHMSZ-UHFFFAOYSA-N","C16HF31O2",813.948154092,"O=C(O)C(F)(F)C(F)(F)C(F)(F)C(F)(F)C(F)(F)C(F)(F)C(F)(F)C(F)(F)C(F)(F)C(F)(F)C(F)(F)C(F)(F)C(F)(F)C(F)(F)C(F)(F)F"
2626,NA,"BJNCSIWIMCWIMS-UHFFFAOYSA-N","C15HF29O2",763.951347652,"O=C(O)C(F)(F)C(F)(F)C(F)(F)C(F)(F)C(F)(F)C(F)(F)C(F)(F)C(F)(F)C(F)(F)C(F)(F)C(F)(F)C(F)(F)C(F)(F)C(F)(F)F"
2627,"376-06-7","RUDINRUXCKIXAJ-UHFFFAOYSA-N","C14HF27O2",713.954541212,"O=C(O)C(F)(F)C(F)(F)C(F)(F)C(F)(F)C(F)(F)C(F)(F)C(F)(F)C(F)(F)C(F)(F)C(F)(F)C(F)(F)C(F)(F)C(F)(F)F"
2628,"72629-94-8","LVDGGZAZAYHXEY-UHFFFAOYSA-N","C13HF25O2",663.957734772,"O=C(O)C(F)(F)C(F)(F)C(F)(F)C(F)(F)C(F)(F)C(F)(F)C(F)(F)C(F)(F)C(F)(F)C(F)(F)C(F)(F)C(F)(F)F"
2629,"307-55-1","CXGONMQFMIYUJR-UHFFFAOYSA-N","C12HF23O2",613.960928332,"O=C(O)C(F)(F)C(F)(F)C(F)(F)C(F)(F)C(F)(F)C(F)(F)C(F)(F)C(F)(F)C(F)(F)C(F)(F)C(F)(F)F"
2630,"2058-94-8","SIDINRCMMRKXGQ-UHFFFAOYSA-N","C11HF21O2",563.964121892,"O=C(O)C(F)(F)C(F)(F)C(F)(F)C(F)(F)C(F)(F)C(F)(F)C(F)(F)C(F)(F)C(F)(F)C(F)(F)F"
2631,"1765-48-6","MMYNPHSPRPZSSN-UHFFFAOYSA-N","C11H2F20O2",545.973543704,"O=C(O)C(F)(F)C(F)(F)C(F)(F)C(F)(F)C(F)(F)C(F)(F)C(F)(F)C(F)(F)C(F)(F)C(F)F"
2632,"335-76-2","PCIUEQPBYFRTEM-UHFFFAOYSA-N","C10HF19O2",513.967315452,"O=C(O)C(F)(F)C(F)(F)C(F)(F)C(F)(F)C(F)(F)C(F)(F)C(F)(F)C(F)(F)C(F)(F)F"
2633,"307-78-8","YPCSMEGZIYWAAZ-UHFFFAOYSA-N","C10H2F16O4",489.969760064,"O=C(O)C(F)(F)C(F)(F)C(F)(F)C(F)(F)C(F)(F)C(F)(F)C(F)(F)C(F)(F)C(=O)O"
2634,NA,"QDGYPYFSHOUVLE-UHFFFAOYSA-N","C9HClF16O2",479.940958472,"O=C(O)C(F)(F)C(F)(F)C(F)(F)C(F)(F)C(F)(F)C(F)(F)C(F)(F)C(F)(F)Cl"
2635,"375-95-1","UZUFPBIDKMEQEQ-UHFFFAOYSA-N","C9HF17O2",463.970509012,"O=C(O)C(F)(F)C(F)(F)C(F)(F)C(F)(F)C(F)(F)C(F)(F)C(F)(F)C(F)(F)F"
2636,"76-21-1","RARQGXBOCXOJPM-UHFFFAOYSA-N","C9H2F16O2",445.979930824,"O=C(O)C(F)(F)C(F)(F)C(F)(F)C(F)(F)C(F)(F)C(F)(F)C(F)(F)C(F)F"
2637,"335-67-1","SNGREZUHAYWORS-UHFFFAOYSA-N","C8HF15O2",413.973702572,"O=C(O)C(F)(F)C(F)(F)C(F)(F)C(F)(F)C(F)(F)C(F)(F)C(F)(F)F"
2638,NA,"AEBAYKKLSQLBDU-UHFFFAOYSA-N","C8H2F14O2",395.983124384,"O=C(O)C(F)(F)C(F)(F)C(F)(F)C(F)(F)C(F)(F)C(F)(F)C(F)F"
2639,NA,"QYCPVKMFWNBDPV-UHFFFAOYSA-N","C8H2F12O4",389.976147184,"O=C(O)C(F)(F)C(F)(F)C(F)(F)C(F)(F)C(F)(F)C(F)(F)C(=O)O"
2640,NA,"ZWBAMYVPMDSJGQ-UHFFFAOYSA-N","C7HF13O2",363.976896132,"O=C(O)C(F)(F)C(F)(F)C(F)(F)C(F)(F)C(F)(F)C(F)(F)F"
2641,NA,"LJUULLNFNNTPAJ-UHFFFAOYSA-N","C10HF19O3",529.962230072,"O=C(O)C(F)(F)C(F)(F)C(F)(F)C(F)(F)C(F)(F)C(F)(F)OC(F)(C(F)(F)F)C(F)(F)F"
2642,"1546-95-8","JZHDEEOTEUVLHR-UHFFFAOYSA-N","C7H2F12O2",345.986317944,"O=C(O)C(F)(F)C(F)(F)C(F)(F)C(F)(F)C(F)(F)C(F)F"
2643,"307-24-4","PXUULQAPEKKVAH-UHFFFAOYSA-N","C6HF11O2",313.980089692,"O=C(O)C(F)(F)C(F)(F)C(F)(F)C(F)(F)C(F)(F)F"
2644,NA,"XRFUZLYVDISQAA-UHFFFAOYSA-N","C6H2F10O2",295.989511504,"O=C(O)C(F)(F)C(F)(F)C(F)(F)C(F)(F)C(F)F"
2645,"336-08-3","AXRSOGFYDSXLQX-UHFFFAOYSA-N","C6H2F8O4",289.982534304,"O=C(O)C(F)(F)C(F)(F)C(F)(F)C(F)(F)C(=O)O"
2646,"2706-90-3","CXZGQIAOTKWCDB-UHFFFAOYSA-N","C5HF9O2",263.983283252,"O=C(O)C(F)(F)C(F)(F)C(F)(F)C(F)(F)F"
2647,"376-72-7","VGFKXVSMDOKOJZ-UHFFFAOYSA-N","C5H2F8O2",245.992705064,"O=C(O)C(F)(F)C(F)(F)C(F)(F)C(F)F"
2648,"376-73-8","CCUWGJDGLACFQT-UHFFFAOYSA-N","C5H2F6O4",239.985727864,"O=C(O)C(F)(F)C(F)(F)C(F)(F)C(=O)O"
2649,"375-22-4","YPJUNDFVDDCYIH-UHFFFAOYSA-N","C4HF7O2",213.986476812,"O=C(O)C(F)(F)C(F)(F)C(F)(F)F"
2650,NA,"HFUCGDPRBKRBFR-UHFFFAOYSA-N","C7HF13O3",379.971810752,"O=C(O)C(F)(F)C(F)(F)C(F)(F)OC(F)(C(F)(F)F)C(F)(F)F"
2651,NA,"LXQALNRZYKVNKJ-UHFFFAOYSA-N","C6HCl2F9O3",361.915903232,"O=C(O)C(F)(F)C(F)(F)C(F)(F)OC(F)(Cl)C(F)(F)Cl"
2652,NA,"CZTBTZZANBJSLY-UHFFFAOYSA-N","C5HF9O3",279.978197872,"O=C(O)C(F)(F)C(F)(F)C(F)(F)OC(F)(F)F"
2653,"69087-46-3","OHNPEJVXZTXULX-UHFFFAOYSA-N","C8HF13O4",407.966725372,"O=C(O)C(F)(F)C(F)(F)OC(F)(C(F)(F)F)C(F)(F)OC(F)=C(F)F"
2654,"378-03-0","MPQDGDVBZJSJIA-UHFFFAOYSA-N","C6HF11O3",329.975004312,"O=C(O)C(F)(F)C(F)(F)OC(F)(F)C(F)(F)C(F)(F)F"
2655,NA,"PCZBVJHXWDEHIZ-UHFFFAOYSA-N","C5HF9O3",279.978197872,"O=C(O)C(F)(F)C(F)(F)OC(F)(F)C(F)(F)F"
2656,"377-73-1","AGIMOOYNBDLMJV-UHFFFAOYSA-N","C4HF7O3",229.981391432,"O=C(O)C(F)(F)C(F)(F)OC(F)(F)F"
2657,NA,"AFDRCEOKCOUICI-UHFFFAOYSA-N","C7H2F12O4",377.976147184,"O=C(O)C(F)(F)C(F)OC(F)(F)C(F)(F)C(F)(F)OC(F)(F)F"
2658,NA,"BZUBYGPFEBCZQY-UHFFFAOYSA-N","C7H3F11O3",343.990654376,"O=C(O)C(F)(F)COC(F)(F)C(F)(F)C(F)(F)C(F)(F)F"
2659,NA,"WTMCNJASEWFOJJ-UHFFFAOYSA-N","C5HClF8O3",295.948647332,"O=C(O)C(F)(F)OC(F)(C(F)(F)F)C(F)(F)Cl"
2660,NA,"PPSAKBBLKCJDCR-UHFFFAOYSA-N","C8HF15O4",445.963531812,"O=C(O)C(F)(F)OC(F)(F)C(F)(F)OC(F)(F)C(F)(F)C(F)(F)C(F)(F)F"
2661,NA,"HDLFODOGTBJVKF-UHFFFAOYSA-N","C6HF11O4",345.969918932,"O=C(O)C(F)(F)OC(F)(F)C(F)(F)OC(F)(F)C(F)(F)F"
2662,NA,"GDQLSTSWOFAQNO-UHFFFAOYSA-N","C10HF19O5",561.952059312,"O=C(O)C(F)(F)OC(F)(F)C(F)(F)OC(F)(F)C(F)(F)OC(F)(F)C(F)(F)C(F)(F)C(F)(F)F"
2663,NA,"GNQWOKPKDHCUSB-UHFFFAOYSA-N","C7HF13O5",411.961639992,"O=C(O)C(F)(F)OC(F)(F)C(F)(F)OC(F)(F)C(F)(F)OC(F)(F)F"
2664,NA,"PPWRLPJIHGWGFH-UHFFFAOYSA-N","C5HF9O4",295.973112492,"O=C(O)C(F)(F)OC(F)(F)C(F)(F)OC(F)(F)F"
2665,NA,"CJAXBZSIMAURNW-UHFFFAOYSA-N","C6HF9O6",339.962941732,"O=C(O)C(F)(F)OC1(F)OC(F)(F)OC1(F)OC(F)(F)F"
2666,NA,"JEDHLIXWSMGAEZ-UHFFFAOYSA-N","C8HF15O3",429.968617192,"O=C(O)C(F)(OC(F)(F)C(F)(F)C(F)(F)C(F)(F)C(F)(F)F)C(F)(F)F"
2667,"26099-32-1","CSEBNABAWMZWIF-UHFFFAOYSA-N","C6HF11O3",329.975004312,"O=C(O)C(F)(OC(F)(F)C(F)(F)C(F)(F)F)C(F)(F)F"
2668,NA,"MAYCVDQHBUQQFH-UHFFFAOYSA-N","C5HF9O3",279.978197872,"O=C(O)C(F)(OC(F)(F)C(F)(F)F)C(F)(F)F"
2669,"13252-14-7","OIVQVBDAMYDDEM-UHFFFAOYSA-N","C9HF17O4",495.960338252,"O=C(O)C(F)(OC(F)(F)C(F)(OC(F)(F)C(F)(F)C(F)(F)F)C(F)(F)F)C(F)(F)F"
2670,NA,"HPNULWLLEOKCID-UHFFFAOYSA-N","C12HF23O5",661.945672192,"O=C(O)C(F)(OC(F)(F)C(F)(OC(F)(F)C(F)(OC(F)(F)C(F)(F)C(F)(F)F)C(F)(F)F)C(F)(F)F)C(F)(F)F"
2671,NA,"IJDRCJGYWUCJTR-UHFFFAOYSA-N","C15HF29O6",827.931006132,"O=C(O)C(F)(OC(F)(F)C(F)(OC(F)(F)C(F)(OC(F)(F)C(F)(OC(F)(F)C(F)(F)C(F)(F)F)C(F)(F)F)C(F)(F)F)C(F)(F)F)C(F)(F)F"
2672,NA,"ANKSFLDOVZNXOJ-UHFFFAOYSA-N","C18HF35O7",993.916340072,"O=C(O)C(F)(OC(F)(F)C(F)(OC(F)(F)C(F)(OC(F)(F)C(F)(OC(F)(F)C(F)(OC(F)(F)C(F)(F)C(F)(F)F)C(F)(F)F)C(F)(F)F)C(F)(F)F)C(F)(F)F)C(F)(F)F"
2673,NA,"JFIQYUFQLKYFPJ-UHFFFAOYSA-N","C4HF7O3",229.981391432,"O=C(O)C(F)(OC(F)(F)F)C(F)(F)F"
2674,NA,"TWDHAMRDYDLSPH-UHFFFAOYSA-N","C6HF9O2",275.983283252,"O=C(O)C(F)=C(F)C(F)(C(F)(F)F)C(F)(F)F"
2675,NA,"JLRPXCDIADORQL-UHFFFAOYSA-N","C5H2F8O2",245.992705064,"O=C(O)C(F)C(F)(C(F)(F)F)C(F)(F)F"
2676,NA,"KBXCBBOPXFWBOU-UHFFFAOYSA-N","C12H7F7O2",316.033427004,"O=C(O)C=C(c1ccccc1)C(F)(F)C(F)(F)C(F)(F)F"
2677,NA,"OGNPKTMXAFCAFU-UHFFFAOYSA-N","C12H2F20O2",557.973543704,"O=C(O)C=C(F)C(F)(F)C(F)(F)C(F)(F)C(F)(F)C(F)(F)C(F)(F)C(F)(F)C(F)(F)C(F)(F)F"
2678,NA,"WHZXTVOEGZRRJM-UHFFFAOYSA-N","C10H2F16O2",457.979930824,"O=C(O)C=C(F)C(F)(F)C(F)(F)C(F)(F)C(F)(F)C(F)(F)C(F)(F)C(F)(F)F"
2679,NA,"BKOBFLVYTXYFQZ-UHFFFAOYSA-N","C8H2F12O2",357.986317944,"O=C(O)C=C(F)C(F)(F)C(F)(F)C(F)(F)C(F)(F)C(F)(F)F"
2680,NA,"BUEDFFYOKTZGSS-UHFFFAOYSA-N","C12H3F17O4",533.975988316,"O=C(O)C=CC(=O)OC(F)(F)C(F)(F)C(F)(F)C(F)(F)C(F)(F)C(F)(F)C(F)(F)C(F)(F)F"
2681,NA,"BIPJUKYFQIKGRW-UHFFFAOYSA-N","C8H3F9O4",333.988762556,"O=C(O)C=CC(=O)OC(F)(F)C(F)(F)C(F)(F)C(F)(F)F"
2682,NA,"KRBNWYYINLFKND-UHFFFAOYSA-N","C6H3F7O2",240.002126876,"O=C(O)C=CC(F)(F)C(F)(F)C(F)(F)F"
2683,NA,"GALFVTLALVXPCQ-UHFFFAOYSA-N","C14H7F14NO4",519.015152784,"O=C(O)c1[nH]c(C(=O)O)c(CC(F)(F)C(F)(F)C(F)(F)F)c1CC(F)(F)C(F)(F)C(F)(F)F"
2684,NA,"LZSQJYLYIHNMKJ-UHFFFAOYSA-N","C10HF11O2",361.980089692,"O=C(O)c1c(F)c(F)c(C(F)(C(F)(F)F)C(F)(F)F)c(F)c1F"
2685,NA,"LDLRRXSIVVBDSG-UHFFFAOYSA-N","C17H5F17O5",611.986553,"O=C(O)c1cc(OC(=C(C(F)(C(F)(F)F)C(F)(F)F)C(F)(C(F)(F)F)C(F)(F)F)C(F)(F)F)cc(C(=O)O)c1"
2686,NA,"SPYFBCUYAPDEFD-UHFFFAOYSA-N","C13H6F10O6",448.000470112,"O=C(O)c1cc(OC(F)(F)C(F)OC(F)(F)C(F)(F)C(F)(F)F)cc(C(=O)O)c1"
2687,NA,"ULSMOZVJXVYNDX-UHFFFAOYSA-N","C17H5F17O5",611.986553,"O=C(O)c1cc(OC(F)=C(F)C(F)(F)C(F)(F)C(F)(F)C(F)(F)C(F)(F)C(F)(F)C(F)(F)F)cc(C(=O)O)c1"
2688,NA,"NYZRLIGFNVBZPE-UHFFFAOYSA-N","C10H5F7O2",290.01777694,"O=C(O)c1cccc(C(F)(C(F)(F)F)C(F)(F)F)c1"
2689,NA,"NIVQJMYIRBMXQV-UHFFFAOYSA-N","C10H5F7O2",290.01777694,"O=C(O)c1ccc(C(F)(C(F)(F)F)C(F)(F)F)cc1"
2690,NA,"AIOWABGMWFAARU-UHFFFAOYSA-N","C15H5F17O2",540.00180914,"O=C(O)c1ccc(C(F)(F)C(F)(F)C(F)(F)C(F)(F)C(F)(F)C(F)(F)C(F)(F)C(F)(F)F)cc1"
2691,NA,"RHLDKBOSGKSXEL-UHFFFAOYSA-N","C11H5F9O2",340.01458338,"O=C(O)c1ccc(C(F)(F)C(F)(F)C(F)(F)C(F)(F)F)cc1"
2692,NA,"KRWJCFMNRWAMPB-UHFFFAOYSA-N","C10H5F7O2",290.01777694,"O=C(O)c1ccc(C(F)(F)C(F)(F)C(F)(F)F)cc1"
2693,NA,"IONYEBZQOMLVPQ-UHFFFAOYSA-N","C9H4F7NO2",291.013025908,"O=C(O)c1ccc(C(F)(F)C(F)(F)C(F)(F)F)nc1"
2694,NA,"RUESXSNSDAABBG-UHFFFAOYSA-N","C15H8F15NO2",519.031551796,"O=C(O)c1ccc(NCC(F)(F)C(F)(F)C(F)(F)C(F)(F)C(F)(F)C(F)(F)C(F)(F)F)cc1"
2695,NA,"WZYJANZQIJZYAB-UHFFFAOYSA-N","C16H5F17O3",567.99672376,"O=C(O)c1ccc(OC(=C(C(F)(C(F)(F)F)C(F)(F)F)C(F)(C(F)(F)F)C(F)(F)F)C(F)(F)F)cc1"
2696,NA,"SCFGBURIURDZFF-UHFFFAOYSA-N","C14H5F15O3",505.99991732,"O=C(O)c1ccc(OC(F)(F)C(F)(F)C(F)(F)C(F)(F)C(F)(F)C(F)(F)C(F)(F)F)cc1"
2697,NA,"RTJMWSSYXGAREM-UHFFFAOYSA-N","C16H5F17O3",567.99672376,"O=C(O)c1ccc(OC(F)=C(F)C(F)(F)C(F)(F)C(F)(F)C(F)(F)C(F)(F)C(F)(F)C(F)(F)F)cc1"
2698,NA,"XWVRCUGVIBGBDR-UHFFFAOYSA-N","C15H7F15O3",520.015567384,"O=C(O)c1ccc(OCC(F)(F)C(F)(F)C(F)(F)C(F)(F)C(F)(F)C(F)(F)C(F)(F)F)cc1"
2699,NA,"NBWPDELDSTZRMV-UHFFFAOYSA-N","C11H7F7O3",320.028341624,"O=C(O)c1ccc(OCC(F)(F)C(F)(F)C(F)(F)F)cc1"
2700,NA,"SXHOQRUJCYWAHB-UHFFFAOYSA-N","C17H9F17O3",584.028023888,"O=C(O)c1ccc(OCCC(F)(F)C(F)(F)C(F)(F)C(F)(F)C(F)(F)C(F)(F)C(F)(F)C(F)(F)F)cc1"
2701,NA,"GPGRAXQFFNNFQC-UHFFFAOYSA-N","C11H5F7O3",318.01269156,"O=C(O)c1ccccc1C(=O)C(F)(C(F)(F)F)C(F)(F)F"
2702,NA,"MEDOBAHFTUZUFE-UHFFFAOYSA-N","C11H5F9O2",340.01458338,"O=C(O)c1ccccc1C(F)(F)C(F)(F)C(F)(F)C(F)(F)F"
2703,NA,"JEZNKLYJYJESLE-UHFFFAOYSA-N","C11H6F7NO3",333.023590592,"O=C(O)c1ccccc1N=C(O)C(F)(F)C(F)(F)C(F)(F)F"
2704,NA,"UIVKNBKEEUUPPJ-UHFFFAOYSA-N","C9H4F7NO2",291.013025908,"O=C(O)c1ccnc(C(F)(F)C(F)(F)C(F)(F)F)c1"
2705,NA,"RSWLJPUDHSYLBQ-UHFFFAOYSA-N","C14H11F15O2",496.051952892,"O=C(O)C1CCC(C(F)(F)C(F)(F)C(F)(F)C(F)(F)C(F)(F)C(F)(F)C(F)(F)F)CC1"
2706,NA,"OYZREMJZZYHBTI-UHFFFAOYSA-N","C13H11F13O2",446.055146452,"O=C(O)C1CCC(C(F)(F)C(F)(F)C(F)(F)C(F)(F)C(F)(F)C(F)(F)F)CC1"
2707,NA,"BLCCCCKQIIVTLU-UHFFFAOYSA-N","C12H11F11O2",396.058340012,"O=C(O)C1CCC(C(F)(F)C(F)(F)C(F)(F)C(F)(F)C(F)(F)F)CC1"
2708,NA,"IVISRMWAKRCKHH-UHFFFAOYSA-N","C11H11F9O2",346.061533572,"O=C(O)C1CCC(C(F)(F)C(F)(F)C(F)(F)C(F)(F)F)CC1"
2709,NA,"XHYURWMFYFFMBL-UHFFFAOYSA-N","C10H11F7O2",296.064727132,"O=C(O)C1CCC(C(F)(F)C(F)(F)C(F)(F)F)CC1"
2710,"7079-86-9","MMHHDSOESNPFFR-UHFFFAOYSA-N","C7H6F7NO4",301.018505212,"O=C(O)CC(C[N+](=O)[O-])C(F)(F)C(F)(F)C(F)(F)F"
2711,NA,"LSASNNWMPFETSE-UHFFFAOYSA-N","C8H7F7O4",300.023256244,"O=C(O)CC(CC(F)(F)C(F)(F)C(F)(F)F)C(=O)O"
2712,NA,"WUYMKOFAXHRRAD-UHFFFAOYSA-N","C8H7F7O4",300.023256244,"O=C(O)CC(CC(=O)O)C(F)(F)C(F)(F)C(F)(F)F"
2713,NA,"XOCKVJATRHEEPH-UHFFFAOYSA-N","C5H3F7O2",228.002126876,"O=C(O)CC(F)(C(F)(F)F)C(F)(F)F"
2714,NA,"IKHNVATUHWDNGI-UHFFFAOYSA-N","C12H3F21O2",577.979771956,"O=C(O)CC(F)(F)C(F)(F)C(F)(F)C(F)(F)C(F)(F)C(F)(F)C(F)(F)C(F)(F)C(F)(F)C(F)(F)F"
2715,NA,"XTBXSCIWOVSSGB-UHFFFAOYSA-N","C10H3F17O2",477.986159076,"O=C(O)CC(F)(F)C(F)(F)C(F)(F)C(F)(F)C(F)(F)C(F)(F)C(F)(F)C(F)(F)F"
2716,NA,"WSEQBIVQCARAMW-UHFFFAOYSA-N","C9H3F15O2",427.989352636,"O=C(O)CC(F)(F)C(F)(F)C(F)(F)C(F)(F)C(F)(F)C(F)(F)C(F)(F)F"
2717,NA,"LRWIIEJPCFNNCZ-UHFFFAOYSA-N","C8H3F13O2",377.992546196,"O=C(O)CC(F)(F)C(F)(F)C(F)(F)C(F)(F)C(F)(F)C(F)(F)F"
2718,NA,"KDHKNZMUAYFSHV-UHFFFAOYSA-N","C7H3F11O2",327.995739756,"O=C(O)CC(F)(F)C(F)(F)C(F)(F)C(F)(F)C(F)(F)F"
2719,NA,"NLAGAXIWWHZGCK-UHFFFAOYSA-N","C5H3F7O2",228.002126876,"O=C(O)CC(F)(F)C(F)(F)C(F)(F)F"
2720,NA,"KFWNKOPEGRJQGT-UHFFFAOYSA-N","C6H3F9O5S",357.955748176,"O=C(O)CC(F)(F)C(F)(F)OC(F)(F)C(F)(F)S(=O)(=O)F"
2721,NA,"FOZCIODRBSSQFH-UHFFFAOYSA-N","C7H5F7O3",270.01269156,"O=C(O)CCC(=O)C(F)(C(F)(F)F)C(F)(F)F"
2722,NA,"QOUXPUNWZRSOCX-UHFFFAOYSA-N","C9H5F13O2",392.00819626,"O=C(O)CCC(C(F)(F)F)(C(F)(F)F)C(F)(F)C(F)(F)C(F)(F)F"
2723,NA,"ZKMKCYOZMOVHGJ-UHFFFAOYSA-N","C6H5F7O2",242.01777694,"O=C(O)CCC(F)(C(F)(F)F)C(F)(F)F"
2724,"34598-33-9","JZRCRCFPVAXHHQ-UHFFFAOYSA-N","C11H5F17O2",492.00180914,"O=C(O)CCC(F)(F)C(F)(F)C(F)(F)C(F)(F)C(F)(F)C(F)(F)C(F)(F)C(F)(F)F"
2725,NA,"HLBRGVKRZQSQHB-UHFFFAOYSA-N","C10H5F15O2",442.0050027,"O=C(O)CCC(F)(F)C(F)(F)C(F)(F)C(F)(F)C(F)(F)C(F)(F)C(F)(F)F"
2726,NA,"AAEJJSZYNKXKSW-UHFFFAOYSA-N","C9H5F13O2",392.00819626,"O=C(O)CCC(F)(F)C(F)(F)C(F)(F)C(F)(F)C(F)(F)C(F)(F)F"
2727,NA,"ABFCFCPCGMHSRX-UHFFFAOYSA-N","C8H5F11O2",342.01138982,"O=C(O)CCC(F)(F)C(F)(F)C(F)(F)C(F)(F)C(F)(F)F"
2728,NA,"QWHCZVLZUPZGSI-UHFFFAOYSA-N","C7H5F9O2",292.01458338,"O=C(O)CCC(F)(F)C(F)(F)C(F)(F)C(F)(F)F"
2729,NA,"ISFKSWMQWIRDNC-UHFFFAOYSA-N","C6H5F7O2",242.01777694,"O=C(O)CCC(F)(F)C(F)(F)C(F)(F)F"
2730,NA,"JWVXDTVHAVXNHK-UHFFFAOYSA-N","C8H5F11O3",358.00630444,"O=C(O)CCC(F)(F)C(F)(F)OC(F)(C(F)(F)F)C(F)(F)F"
2731,NA,"PBCSXNBWNQQSMF-UHFFFAOYSA-N","C8H5F11O3",358.00630444,"O=C(O)CCC(F)(OC(F)(F)C(F)(F)C(F)(F)F)C(F)(F)F"
2732,NA,"AQGBOPDJGMNAKJ-UHFFFAOYSA-N","C8H7F9O2",306.030233444,"O=C(O)CCCC(F)(F)C(F)(F)C(F)(F)C(F)(F)F"
2733,NA,"WRCYUMJBOHRCEH-UHFFFAOYSA-N","C10H6F13NO3",435.014009912,"O=C(O)CCN=C(O)C(F)(F)C(F)(F)C(F)(F)C(F)(F)C(F)(F)C(F)(F)F"
2734,NA,"PKHUZBFCHBFDSN-UHFFFAOYSA-N","C7H5F9O3",308.009498,"O=C(O)CCOC(F)(F)C(F)(F)C(F)(F)C(F)(F)F"
2735,NA,"XAZKWGLYRRMFFE-UHFFFAOYSA-N","C11H9F13O2S",452.011567388,"O=C(O)CCSCCC(F)(F)C(F)(F)C(F)(F)C(F)(F)C(F)(F)C(F)(F)F"
2736,"424-55-5","FRXPVVIRFRGXMQ-UHFFFAOYSA-N","C8H7F7O4S",331.995327244,"O=C(O)CSC(CC(=O)O)C(F)(F)C(F)(F)C(F)(F)F"
2737,NA,"WDCXBIMHVSLSCD-UHFFFAOYSA-N","C8H3F15O",399.994438016,"OC(C(F)(F)C(F)(F)C(F)(F)C(F)F)C(F)(C(F)(F)F)C(F)(F)F"
2738,"6189-00-0","XPKCRLYGJRILBY-UHFFFAOYSA-N","C7HF15O",385.978787952,"OC(C(F)(F)C(F)(F)F)(C(F)(F)C(F)(F)F)C(F)(F)C(F)(F)F"
2739,NA,"XKMXDCKJYUSARR-UHFFFAOYSA-N","C6HF13O",335.981981512,"OC(C(F)(F)F)(C(F)(F)F)C(F)(C(F)(F)F)C(F)(F)F"
2740,"2378-02-1","XZNOAVNRSFURIR-UHFFFAOYSA-N","C4HF9O",235.988368632,"OC(C(F)(F)F)(C(F)(F)F)C(F)(F)F"
2741,NA,"DXMNIUZVFLURQX-UHFFFAOYSA-N","C18HF21O3",663.959036512,"OC(c1c(F)c(F)c(F)c(F)c1F)(c1c(F)c(F)c(F)c(F)c1F)C(F)(F)OC(F)(F)C(F)(F)OC(F)(F)C(F)(F)F"
2742,NA,"DHXDVGJLVFXSEY-UHFFFAOYSA-N","C10H2F12O",365.991403324,"OC(c1c(F)c(F)c(F)c(F)c1F)C(F)(F)C(F)(F)C(F)(F)F"
2743,NA,"DSFNQPNFWJQALF-UHFFFAOYSA-N","C20H5F29O2",827.98264778,"OC(c1cc(C(F)(F)C(F)(F)C(F)(F)C(F)(F)C(F)(F)C(F)(F)C(F)(F)C(F)(F)F)cc(C(O)(C(F)(F)F)C(F)(F)F)c1)(C(F)(F)F)C(F)(F)F"
2744,NA,"ZEVIVKGHJDBGBM-UHFFFAOYSA-N","C11H6BrF9O",403.945830892,"OC(c1ccc(Br)cc1)C(F)(F)C(F)(F)C(F)(F)C(F)(F)F"
2745,NA,"ONXVYKQEANDRAX-UHFFFAOYSA-N","C29H19F17O",706.116444968,"OC(c1ccccc1)(c1ccccc1)c1ccc(CCC(F)(F)C(F)(F)C(F)(F)C(F)(F)C(F)(F)C(F)(F)C(F)(F)C(F)(F)F)cc1"
2746,NA,"HNDBXLNXSVTFNK-UHFFFAOYSA-N","C15H7F17O",526.022544584,"OC(c1ccccc1)C(F)(F)C(F)(F)C(F)(F)C(F)(F)C(F)(F)C(F)(F)C(F)(F)C(F)(F)F"
2747,NA,"RFRUXTGWFVPKQB-UHFFFAOYSA-N","C10H7F7O",276.038512384,"OC(c1ccccc1)C(F)(F)C(F)(F)C(F)(F)F"
2748,NA,"YYGDMWPVPDWMPY-UHFFFAOYSA-N","C8H6F7NO",265.033761352,"OC(c1ccc[nH]1)C(F)(F)C(F)(F)C(F)(F)F"
2749,NA,"CPDFVKCJQDBKJK-UHFFFAOYSA-N","C33H17F34NO",1089.076723644,"OC(c1ccc(C(F)(F)C(F)(F)C(F)(F)C(F)(F)C(F)(F)C(F)(F)C(F)(F)C(F)(F)F)cc1)(c1ccc(C(F)(F)C(F)(F)C(F)(F)C(F)(F)C(F)(F)C(F)(F)C(F)(F)C(F)(F)F)cc1)C1CCCN1"
2750,NA,"ICXAVRGKJJLQDO-UHFFFAOYSA-N","C29H17F26NO",889.089497884,"OC(c1ccc(C(F)(F)C(F)(F)C(F)(F)C(F)(F)C(F)(F)C(F)(F)F)cc1)(c1ccc(C(F)(F)C(F)(F)C(F)(F)C(F)(F)C(F)(F)C(F)(F)F)cc1)C1CCCN1"
2751,NA,"UDVMHSDMSOYXMC-UHFFFAOYSA-N","C7H3BrF12O",409.917565456,"OC(CBr)(C(F)(F)C(F)(F)F)C(F)(F)C(F)(F)C(F)(F)F"
2752,NA,"KXUZRJPEPYHDCB-UHFFFAOYSA-N","C11H6ClF9O",359.996346472,"OC(CCl)(c1ccc(F)cc1F)C(F)(F)C(F)(F)C(F)(F)F"
2753,NA,"PJKIPGCITXQLEX-UHFFFAOYSA-N","C8H4F13IO",489.909929608,"OC(CI)C(F)(F)C(F)(F)C(F)(F)C(F)(F)C(F)(F)C(F)(F)F"
2754,"94159-85-0","SONGXJCUEWDGMO-UHFFFAOYSA-N","C13H10F17NO",519.04909368,"OC(CN1CC1)CC(F)(F)C(F)(F)C(F)(F)C(F)(F)C(F)(F)C(F)(F)C(F)(F)C(F)(F)F"
2755,NA,"XNKYZUYJMBXTGL-UHFFFAOYSA-N","C15H10F17NO4",591.03383754,"O=C(O)C=CC(O)=NCC(O)CC(F)(F)C(F)(F)C(F)(F)C(F)(F)C(F)(F)C(F)(F)C(F)(F)C(F)(F)F"
2756,NA,"UMWCHHTXFDYJDZ-UHFFFAOYSA-N","C11H9F11O3",398.037604568,"C=CC(=O)OCC(O)CC(F)(F)C(F)(F)C(F)(C(F)(F)F)C(F)(F)F"
2757,"24407-09-8","VAHMONSDBBIGFL-UHFFFAOYSA-N","C15H9F19O3",598.024830328,"C=CC(=O)OCC(O)CC(F)(F)C(F)(F)C(F)(F)C(F)(F)C(F)(F)C(F)(F)C(F)(C(F)(F)F)C(F)(F)F"
2758,"16083-87-7","KFXCWKVNSWWAAO-UHFFFAOYSA-N","C19H9F27O3",798.012056088,"C=CC(=O)OCC(O)CC(F)(F)C(F)(F)C(F)(F)C(F)(F)C(F)(F)C(F)(F)C(F)(F)C(F)(F)C(F)(F)C(F)(F)C(F)(C(F)(F)F)C(F)(F)F"
2759,"16083-78-6","UKOJGDIRVHIDJM-UHFFFAOYSA-N","C21H9F31O3",898.005668968,"C=CC(=O)OCC(O)CC(F)(F)C(F)(F)C(F)(F)C(F)(F)C(F)(F)C(F)(F)C(F)(F)C(F)(F)C(F)(F)C(F)(F)C(F)(F)C(F)(F)C(F)(C(F)(F)F)C(F)(F)F"
2760,NA,"DAEIFBGPFDVHNR-UHFFFAOYSA-N","C14H9F17O3",548.028023888,"C=CC(=O)OCC(O)CC(F)(F)C(F)(F)C(F)(F)C(F)(F)C(F)(F)C(F)(F)C(F)(F)C(F)(F)F"
2761,NA,"GEEMGMOJBUUPBY-UHFFFAOYSA-N","C12H9F13O3",448.034411008,"C=CC(=O)OCC(O)CC(F)(F)C(F)(F)C(F)(F)C(F)(F)C(F)(F)C(F)(F)F"
2762,NA,"MMZXPRQMECEMRJ-UHFFFAOYSA-N","C10H9F9O3",348.040798128,"C=CC(=O)OCC(O)CC(F)(F)C(F)(F)C(F)(F)C(F)(F)F"
2763,"94159-86-1","XLLVATUSJHKQQF-UHFFFAOYSA-N","C13H9F17O2",520.033109268,"C=COCC(O)CC(F)(F)C(F)(F)C(F)(F)C(F)(F)C(F)(F)C(F)(F)C(F)(F)C(F)(F)F"
2764,"94159-92-9","BVQDBQFRYDVCDL-UHFFFAOYSA-N","C18H11F19O2",620.045565772,"OC(COc1ccccc1)CC(F)(F)C(F)(F)C(F)(F)C(F)(F)C(F)(F)C(F)(F)C(F)(C(F)(F)F)C(F)(F)F"
2765,"94159-91-8","LXBFURBCWJWTTM-UHFFFAOYSA-N","C17H11F17O2",570.048759332,"OC(COc1ccccc1)CC(F)(F)C(F)(F)C(F)(F)C(F)(F)C(F)(F)C(F)(F)C(F)(F)C(F)(F)F"
2766,NA,"VLFHADDJTCJDHD-UHFFFAOYSA-N","C11H10F14O3",456.04063926,"OC(COCC(F)(F)C(F)(F)C(F)(F)F)COCC(F)(F)C(F)(F)C(F)(F)F"
2767,NA,"RRBZUUUVOKHTLH-UHFFFAOYSA-N","C20H19F13N2O2",566.123894708,"OC(COCCC(F)(F)C(F)(F)C(F)(F)C(F)(F)C(F)(F)C(F)(F)F)CN1CCN=C1c1ccccc1"
2768,NA,"KFFIJCKFHFFBBZ-UHFFFAOYSA-N","C15H14F18O3",584.065552268,"OC(COCCC(F)(F)C(F)(F)C(F)(F)C(F)(F)F)COCCC(F)(F)C(F)(F)C(F)(F)C(F)(F)F"
2769,NA,"WAMJRQKSJMEKEM-UHFFFAOYSA-N","C24H13F38O6P",1149.984297126,"O=P(O)(OCC(O)CC(F)(F)C(F)(F)C(F)(F)C(F)(F)C(F)(F)C(F)(F)C(F)(C(F)(F)F)C(F)(F)F)OCC(O)CC(F)(F)C(F)(F)C(F)(F)C(F)(F)C(F)(F)C(F)(F)C(F)(C(F)(F)F)C(F)(F)F"
2770,NA,"NJPNWBVASFWZAK-UHFFFAOYSA-N","C22H13F34O6P",1049.990684246,"O=P(O)(OCC(O)CC(F)(F)C(F)(F)C(F)(F)C(F)(F)C(F)(F)C(F)(F)C(F)(F)C(F)(F)F)OCC(O)CC(F)(F)C(F)(F)C(F)(F)C(F)(F)C(F)(F)C(F)(F)C(F)(F)C(F)(F)F"
2771,NA,"FLTAYQUFCBSJOH-UHFFFAOYSA-N","C10H8F15O5P",523.986983286,"O=P(O)(O)OCC(O)CC(F)(F)C(F)(F)C(F)(F)C(F)(F)C(F)(C(F)(F)F)C(F)(F)F"
2772,"54009-73-3","SGZKPGFLGSWOJX-UHFFFAOYSA-N","C12H8F19O5P",623.980596166,"O=P(O)(O)OCC(O)CC(F)(F)C(F)(F)C(F)(F)C(F)(F)C(F)(F)C(F)(F)C(F)(C(F)(F)F)C(F)(F)F"
2773,"63295-27-2","KUDKLDDNJRWOJT-UHFFFAOYSA-N","C14H8F23O5P",723.974209046,"O=P(O)(O)OCC(O)CC(F)(F)C(F)(F)C(F)(F)C(F)(F)C(F)(F)C(F)(F)C(F)(F)C(F)(F)C(F)(C(F)(F)F)C(F)(F)F"
2774,"63295-28-3","NZFUNOLSROCOSD-UHFFFAOYSA-N","C16H8F27O5P",823.967821926,"O=P(O)(O)OCC(O)CC(F)(F)C(F)(F)C(F)(F)C(F)(F)C(F)(F)C(F)(F)C(F)(F)C(F)(F)C(F)(F)C(F)(F)C(F)(C(F)(F)F)C(F)(F)F"
2775,"63295-29-4","PPWMMKOULSCBKB-UHFFFAOYSA-N","C18H8F31O5P",923.961434806,"O=P(O)(O)OCC(O)CC(F)(F)C(F)(F)C(F)(F)C(F)(F)C(F)(F)C(F)(F)C(F)(F)C(F)(F)C(F)(F)C(F)(F)C(F)(F)C(F)(F)C(F)(C(F)(F)F)C(F)(F)F"
2776,"94200-44-9","AGKXMXVIKUJGIA-UHFFFAOYSA-N","C19H8F33O5P",973.958241246,"O=P(O)(O)OCC(O)CC(F)(F)C(F)(F)C(F)(F)C(F)(F)C(F)(F)C(F)(F)C(F)(F)C(F)(F)C(F)(F)C(F)(F)C(F)(F)C(F)(F)C(F)(F)C(F)(F)C(F)(F)C(F)(F)F"
2777,"94200-43-8","OPYLRJAHXRPJLM-UHFFFAOYSA-N","C17H8F29O5P",873.964628366,"O=P(O)(O)OCC(O)CC(F)(F)C(F)(F)C(F)(F)C(F)(F)C(F)(F)C(F)(F)C(F)(F)C(F)(F)C(F)(F)C(F)(F)C(F)(F)C(F)(F)C(F)(F)C(F)(F)F"
2778,"94200-42-7","CTRZOOKWLBIDKA-UHFFFAOYSA-N","C15H8F25O5P",773.971015486,"O=P(O)(O)OCC(O)CC(F)(F)C(F)(F)C(F)(F)C(F)(F)C(F)(F)C(F)(F)C(F)(F)C(F)(F)C(F)(F)C(F)(F)C(F)(F)C(F)(F)F"
2779,"94158-70-0","NQLRFTJXTHUSEC-UHFFFAOYSA-N","C13H8F21O5P",673.977402606,"O=P(O)(O)OCC(O)CC(F)(F)C(F)(F)C(F)(F)C(F)(F)C(F)(F)C(F)(F)C(F)(F)C(F)(F)C(F)(F)C(F)(F)F"
2780,NA,"ZYHAJXYNHIBBEH-UHFFFAOYSA-N","C12H8F19O5P",623.980596166,"O=P(O)(O)OCC(O)CC(F)(F)C(F)(F)C(F)(F)C(F)(F)C(F)(F)C(F)(F)C(F)(F)C(F)(F)C(F)(F)F"
2781,"94158-69-7","ZAAFLQNFGSTNRW-UHFFFAOYSA-N","C11H8F17O5P",573.983789726,"O=P(O)(O)OCC(O)CC(F)(F)C(F)(F)C(F)(F)C(F)(F)C(F)(F)C(F)(F)C(F)(F)C(F)(F)F"
2782,NA,"LTXPBIMCWINHOI-UHFFFAOYSA-N","C7H2F14O",367.988209764,"OC(F)(F)C(F)(F)C(F)(F)C(F)(F)C(F)(F)C(F)(F)C(F)F"
2783,NA,"XXSCNRBBJCKWNZ-UHFFFAOYSA-N","C22H16F30N2O2",910.073274352,"OC(NC1CCCCC1NC(O)C(F)(F)C(F)(F)C(F)(F)C(F)(F)C(F)(F)C(F)(F)C(F)(F)F)C(F)(F)C(F)(F)C(F)(F)C(F)(F)C(F)(F)C(F)(F)C(F)(F)F"
2784,"31185-69-0","AORZBMCWTIRHFH-UHFFFAOYSA-N","C8H3F15O2",415.989352636,"OC(O)C(F)(F)C(F)(F)C(F)(F)C(F)(F)C(F)(F)C(F)(F)C(F)(F)F"
2785,NA,"OUDRUNXDQLDNNJ-UHFFFAOYSA-N","C7H3F13O2",365.992546196,"OC(O)C(F)(F)C(F)(F)C(F)(F)C(F)(F)C(F)(F)C(F)(F)F"
2786,NA,"KXQOFJJFAGOINP-UHFFFAOYSA-N","C6H3F11O2",315.995739756,"OC(O)C(F)(F)C(F)(F)C(F)(F)C(F)(F)C(F)(F)F"
2787,NA,"OKBXLDZUHBWJBK-UHFFFAOYSA-N","C5H3F9O2",265.998933316,"OC(O)C(F)(F)C(F)(F)C(F)(F)C(F)(F)F"
2788,NA,"GHXAOYAGFDREMN-UHFFFAOYSA-N","C4H3F7O2",216.002126876,"OC(O)C(F)(F)C(F)(F)C(F)(F)F"
2789,NA,"MBYFCFZVSBVQKD-UHFFFAOYSA-N","C11HF11O3",389.975004312,"O=C1OC(O)(C(F)(C(F)(F)F)C(F)(F)F)c2c(F)c(F)c(F)c(F)c21"
2790,NA,"DPCIODUZKZAIGF-UHFFFAOYSA-N","C11H7F13O2",418.023846324,"OC1(C(F)(F)C(F)(F)C(F)(F)C(F)(F)C(F)(F)C(F)(F)F)C=CCCO1"
2791,NA,"LMVJJFCXLDHFRV-UHFFFAOYSA-N","C9H4F7NO3",307.007940528,"O=[N+]([O-])c1cc(C(F)(F)C(F)(F)C(F)(F)F)ccc1O"
2792,NA,"QKCBNLQPCASALS-UHFFFAOYSA-N","C10H5F7N2O4",350.01375418,"O=[N+]([O-])c1ccc(N=C(O)C(F)(F)C(F)(F)C(F)(F)F)c(O)c1"
2793,NA,"WCNIPVACNGFZEZ-UHFFFAOYSA-N","C13H7F9N2O",378.041466824,"Oc1cc(C(F)(F)C(F)(F)C(F)(F)C(F)(F)F)nn1-c1ccccc1"
2794,NA,"BGKKRNFDWGTOGR-UHFFFAOYSA-N","C21H12F8N2O",460.082188764,"Oc1ccc(N=Nc2ccc(-c3ccc(C(F)(F)C(F)(F)C(F)(F)F)cc3)cc2)c(F)c1"
2795,NA,"KOMNASVXVBACPE-UHFFFAOYSA-N","C10H5F7O3",306.01269156,"O=C(c1ccc(O)cc1O)C(F)(F)C(F)(F)C(F)(F)F"
2796,NA,"PIDMBACJRPFEPM-UHFFFAOYSA-N","C16H10BrF15O",581.96755034,"Oc1ccc(Br)cc1CCCC(F)(F)C(F)(F)C(F)(F)C(F)(F)C(F)(C(F)(F)F)C(F)(F)F"
2797,NA,"DPJROFCGRBHRGQ-UHFFFAOYSA-N","C15H7F15O3",520.015567384,"O=C(OCC(F)(F)C(F)(F)C(F)(F)C(F)(F)C(F)(F)C(F)(F)C(F)(F)F)c1ccc(O)cc1"
2798,NA,"HMCZBEORMIKDPZ-UHFFFAOYSA-N","C9H5F7O",262.02286232,"Oc1ccc(C(F)(C(F)(F)F)C(F)(F)F)cc1"
2799,NA,"CSEXLCUTMMBMDZ-UHFFFAOYSA-N","C12H5F13O",412.01328164,"Oc1ccc(C(F)(F)C(F)(F)C(F)(F)C(F)(F)C(F)(F)C(F)(F)F)cc1"
2800,NA,"YHGQGMLMMONWKC-UHFFFAOYSA-N","C10H5F9O",312.01966876,"Oc1ccc(C(F)(F)C(F)(F)C(F)(F)C(F)(F)F)cc1"
2801,NA,"OTFLZXXBEWPSKG-UHFFFAOYSA-N","C9H5F7O",262.02286232,"Oc1ccc(C(F)(F)C(F)(F)C(F)(F)F)cc1"
2802,NA,"DJAOEKZXQIPPOC-UHFFFAOYSA-N","C20H9F14NO4",593.030802848,"O=C(Oc1ccc(-c2ccc(O)cc2)cc1)C(F)(C(F)(F)F)C(F)(F)N1C(F)(F)C(F)(F)OC(F)(F)C1(F)F"
2803,NA,"VQRKSWKQONXOSI-UHFFFAOYSA-N","C12H7F11O2",392.027039884,"Oc1ccc(OCC(F)(F)C(F)(F)C(F)(F)C(F)(F)C(F)(F)F)cc1"
2804,NA,"PLQJITIKAMFDGJ-UHFFFAOYSA-N","C10H7F7O2",292.033427004,"Oc1ccc(OCC(F)(F)C(F)(F)C(F)(F)F)cc1"
2805,NA,"RSYKFXGHVDVTCH-UHFFFAOYSA-N","C12H9F9O2",356.045883508,"Oc1ccc(OCCC(F)(F)C(F)(F)C(F)(F)C(F)(F)F)cc1"
2806,NA,"ODFUDDIRPDIWPT-UHFFFAOYSA-N","C10H5F9O4S",391.97648362,"O=S(=O)(Oc1ccc(O)cc1)C(F)(F)C(F)(F)C(F)(F)C(F)(F)F"
2807,NA,"HNEIKMUHLLYTLP-UHFFFAOYSA-N","C16H9F17OS",572.010265648,"Oc1ccc(SCCC(F)(F)C(F)(F)C(F)(F)C(F)(F)C(F)(F)C(F)(F)C(F)(F)C(F)(F)F)cc1"
2808,NA,"CFPZGZWDWLUKFW-UHFFFAOYSA-N","C14H9F13OS",472.016652768,"Oc1ccc(SCCC(F)(F)C(F)(F)C(F)(F)C(F)(F)C(F)(F)C(F)(F)F)cc1"
2809,NA,"APYSALHUWCFHHV-UHFFFAOYSA-N","C12H9F9OS",372.023039888,"Oc1ccc(SCCC(F)(F)C(F)(F)C(F)(F)C(F)(F)F)cc1"
2810,"131545-70-5","YSINYTWRJZQLMC-UHFFFAOYSA-N","C17H15F13O2",498.08644658,"Oc1cccc(CCCCCC(F)(F)C(F)(F)C(F)(F)C(F)(F)C(F)(F)C(F)(F)F)c1O"
2811,"131545-71-6","VOSLQIFOYWLTEL-UHFFFAOYSA-N","C21H27F9O2",482.186734084,"Oc1cccc(CCCCCCCCCCCC(F)(F)C(F)(F)C(F)(F)C(F)(F)F)c1O"
2812,NA,"JUGRINNZISZBSO-UHFFFAOYSA-N","C13H8F13NO",441.039830736,"Oc1cccc(NCC(F)(F)C(F)(F)C(F)(F)C(F)(F)C(F)(F)C(F)(F)F)c1"
2813,NA,"UZMXIMHOMUBIEV-UHFFFAOYSA-N","C16H13F17O7",640.038982496,"O=C(O)C1OC(OCCC(F)(F)C(F)(F)C(F)(F)C(F)(F)C(F)(F)C(F)(F)C(F)(F)C(F)(F)F)C(O)C(O)C1O"
2814,NA,"HEUFZSZJOXKACQ-UHFFFAOYSA-N","C13H9F17O2",520.033109268,"OC1OCCCC1C(F)(F)C(F)(F)C(F)(F)C(F)(F)C(F)(F)C(F)(F)C(F)(F)C(F)(F)F"
2815,NA,"YEMOXYUOUXISBX-UHFFFAOYSA-N","C11H9F13O2",420.039496388,"OC1OCCCC1C(F)(F)C(F)(F)C(F)(F)C(F)(F)C(F)(F)C(F)(F)F"
2816,NA,"PGVKLEHFIFBSQI-UHFFFAOYSA-N","C7H3F9O",274.004018696,"OCC#CC(F)(F)C(F)(F)C(F)(F)C(F)(F)F"
2817,NA,"FTUOFEXYTAPMKP-UHFFFAOYSA-N","C9H11F9O2",322.061533572,"OCC(CO)CCC(F)(F)C(F)(F)C(F)(F)C(F)(F)F"
2818,NA,"PCGUNVYNJIFBQT-UHFFFAOYSA-N","C7H4F12O",332.007053388,"OCC(F)(C(F)C(F)(C(F)(F)F)C(F)(F)F)C(F)(F)F"
2819,NA,"OZJOKWZATUYTID-UHFFFAOYSA-N","C9H3F17O",449.991244456,"OCC(F)(F)C(F)(C(F)(F)F)C(F)(F)C(C(F)(F)F)(C(F)(F)F)C(F)(F)F"
2820,NA,"ZVOWIXGGKDLFPF-UHFFFAOYSA-N","C10H3F19O",499.988050896,"OCC(F)(F)C(F)(C(F)(F)F)C(F)(F)C(F)(F)C(F)(F)C(F)(C(F)(F)F)C(F)(F)F"
2821,NA,"FJFBVHSVQZDLKQ-UHFFFAOYSA-N","C5H3F9O",250.004018696,"OCC(F)(F)C(F)(C(F)(F)F)C(F)(F)F"
2822,NA,"FRVXTIVSYJQTRB-UHFFFAOYSA-N","C18H3F35O",899.962502416,"OCC(F)(F)C(F)(F)C(F)(F)C(F)(F)C(F)(F)C(F)(F)C(F)(F)C(F)(F)C(F)(F)C(F)(F)C(F)(F)C(F)(F)C(F)(F)C(F)(F)C(F)(F)C(F)(F)C(F)(F)F"
2823,NA,"KOOXQXFAIXTUHZ-UHFFFAOYSA-N","C16H3F31O",799.968889536,"OCC(F)(F)C(F)(F)C(F)(F)C(F)(F)C(F)(F)C(F)(F)C(F)(F)C(F)(F)C(F)(F)C(F)(F)C(F)(F)C(F)(F)C(F)(F)C(F)(F)C(F)(F)F"
2824,NA,"WYCXYEWKMLSDBQ-UHFFFAOYSA-N","C14H3F27O",699.975276656,"OCC(F)(F)C(F)(F)C(F)(F)C(F)(F)C(F)(F)C(F)(F)C(F)(F)C(F)(F)C(F)(F)C(F)(F)C(F)(F)C(F)(F)C(F)(F)F"
2825,NA,"SHTZQFTXUMCALC-UHFFFAOYSA-N","C12H3F23O",599.981663776,"OCC(F)(F)C(F)(F)C(F)(F)C(F)(F)C(F)(F)C(F)(F)C(F)(F)C(F)(F)C(F)(F)C(F)(F)C(F)(F)F"
2826,NA,"MPAMAEMOVKLPRB-UHFFFAOYSA-N","C11H3F21O",549.984857336,"OCC(F)(F)C(F)(F)C(F)(F)C(F)(F)C(F)(F)C(F)(F)C(F)(F)C(F)(F)C(F)(F)C(F)(F)F"
2827,"307-70-0","GJYLSFCFHFUODO-UHFFFAOYSA-N","C11H4F20O",531.994279148,"OCC(F)(F)C(F)(F)C(F)(F)C(F)(F)C(F)(F)C(F)(F)C(F)(F)C(F)(F)C(F)(F)C(F)F"
2828,NA,"NIRPXSQCRWXHNZ-UHFFFAOYSA-N","C10H3F19O",499.988050896,"OCC(F)(F)C(F)(F)C(F)(F)C(F)(F)C(F)(F)C(F)(F)C(F)(F)C(F)(F)C(F)(F)F"
2829,NA,"NSKCTPBWPZPFHW-UHFFFAOYSA-N","C10H6F16O2",462.011230952,"OCC(F)(F)C(F)(F)C(F)(F)C(F)(F)C(F)(F)C(F)(F)C(F)(F)C(F)(F)CO"
2830,NA,"BSXJTDJJVULBTQ-UHFFFAOYSA-N","C9H3F17O",449.991244456,"OCC(F)(F)C(F)(F)C(F)(F)C(F)(F)C(F)(F)C(F)(F)C(F)(F)C(F)(F)F"
2831,"376-18-1","MSXVQELLSMPBFD-UHFFFAOYSA-N","C9H4F16O",432.000666268,"OCC(F)(F)C(F)(F)C(F)(F)C(F)(F)C(F)(F)C(F)(F)C(F)(F)C(F)F"
2832,"307-30-2","PJDOLCGOTSNFJM-UHFFFAOYSA-N","C8H3F15O",399.994438016,"OCC(F)(F)C(F)(F)C(F)(F)C(F)(F)C(F)(F)C(F)(F)C(F)(F)F"
2833,NA,"ISIIJJQHILZBPB-UHFFFAOYSA-N","C8H4F14O",382.003859828,"OCC(F)(F)C(F)(F)C(F)(F)C(F)(F)C(F)(F)C(F)(F)C(F)F"
2834,NA,"XZJPYETUABEQFI-UHFFFAOYSA-N","C8H6F12O2",362.017618072,"OCC(F)(F)C(F)(F)C(F)(F)C(F)(F)C(F)(F)C(F)(F)CO"
2835,"375-82-6","STLNAVFVCIRZLL-UHFFFAOYSA-N","C7H3F13O",349.997631576,"OCC(F)(F)C(F)(F)C(F)(F)C(F)(F)C(F)(F)C(F)(F)F"
2836,"335-99-9","BYKNGMLDSIEFFG-UHFFFAOYSA-N","C7H4F12O",332.007053388,"OCC(F)(F)C(F)(F)C(F)(F)C(F)(F)C(F)(F)C(F)F"
2837,NA,"QZFZPVVDBGXQTB-UHFFFAOYSA-N","C6H3F11O",300.000825136,"OCC(F)(F)C(F)(F)C(F)(F)C(F)(F)C(F)(F)F"
2838,"355-74-8","NHEKBXPLFJSSBZ-UHFFFAOYSA-N","C6H6F8O2",262.024005192,"OCC(F)(F)C(F)(F)C(F)(F)C(F)(F)CO"
2839,NA,"PJRIQFXPYMVWOU-UHFFFAOYSA-N","C5H3F9O",250.004018696,"OCC(F)(F)C(F)(F)C(F)(F)C(F)(F)F"
2840,"355-80-6","JUGSKHLZINSXPQ-UHFFFAOYSA-N","C5H4F8O",232.013440508,"OCC(F)(F)C(F)(F)C(F)(F)C(F)F"
2841,"376-90-9","IELVMUPSWDZWSD-UHFFFAOYSA-N","C5H6F6O2",212.027198752,"OCC(F)(F)C(F)(F)C(F)(F)CO"
2842,"375-01-9","WXJFKAZDSQLPBX-UHFFFAOYSA-N","C4H3F7O",200.007212256,"OCC(F)(F)C(F)(F)C(F)(F)F"
2843,"382-31-0","LVFXLZRISXUAIL-UHFFFAOYSA-N","C4H4F6O",182.016634068,"OCC(F)(F)C(F)C(F)(F)F"
2844,NA,"PUKKRYWSWBRAIN-UHFFFAOYSA-N","C6H4F10O2",298.005161568,"OCC(F)(F)C(F)OC(F)(F)C(F)(F)C(F)(F)F"
2845,NA,"ZPLAXWXACBJHSW-UHFFFAOYSA-N","C8H3F15O3",431.984267256,"OCC(F)(F)OC(F)(F)C(F)(F)OC(F)(F)C(F)(F)C(F)(F)C(F)(F)F"
2846,NA,"WDIFKQOHZPTQIR-UHFFFAOYSA-N","C10H3F19O4",547.972794756,"OCC(F)(F)OC(F)(F)C(F)(F)OC(F)(F)C(F)(F)OC(F)(F)C(F)(F)C(F)(F)C(F)(F)F"
2847,NA,"BFMDZOWJRVLYPB-UHFFFAOYSA-N","C8H6F12O5",410.002361932,"OCC(F)(F)OC(F)(F)C(F)(F)OC(F)(F)C(F)(F)OC(F)(F)CO"
2848,NA,"PGUFRYZQAPBGDW-UHFFFAOYSA-N","C7H3F13O4",397.982375436,"OCC(F)(F)OC(F)(F)C(F)(F)OC(F)(F)C(F)(F)OC(F)(F)F"
2849,NA,"MRBIEXKSTURAOV-UHFFFAOYSA-N","C5H3F9O3",281.993847936,"OCC(F)(F)OC(F)(F)C(F)(F)OC(F)(F)F"
2850,NA,"XKYXNXAJMRFZSX-UHFFFAOYSA-N","C8H3F15O2",415.989352636,"OCC(F)(OC(F)(F)C(F)(F)C(F)(F)C(F)(F)C(F)(F)F)C(F)(F)F"
2851,NA,"MSOLHCPBFWYOSH-UHFFFAOYSA-N","C6H3F11O2",315.995739756,"OCC(F)(OC(F)(F)C(F)(F)C(F)(F)F)C(F)(F)F"
2852,NA,"URIUSGOUQUQAMG-UHFFFAOYSA-N","C9H3F17O3",481.981073696,"OCC(F)(OC(F)(F)C(F)(OC(F)(F)C(F)(F)C(F)(F)F)C(F)(F)F)C(F)(F)F"
2853,"14620-81-6","IVWMVBZXKIOILW-UHFFFAOYSA-N","C12H3F23O4",647.966407636,"OCC(F)(OC(F)(F)C(F)(OC(F)(F)C(F)(OC(F)(F)C(F)(F)C(F)(F)F)C(F)(F)F)C(F)(F)F)C(F)(F)F"
2854,NA,"XWMIXYNBVNTPFV-UHFFFAOYSA-N","C15H3F29O5",813.951741576,"OCC(F)(OC(F)(F)C(F)(OC(F)(F)C(F)(OC(F)(F)C(F)(OC(F)(F)C(F)(F)C(F)(F)F)C(F)(F)F)C(F)(F)F)C(F)(F)F)C(F)(F)F"
2855,NA,"AUFAGMAKCNOJNR-UHFFFAOYSA-N","C18H3F35O6",979.937075516,"OCC(F)(OC(F)(F)C(F)(OC(F)(F)C(F)(OC(F)(F)C(F)(OC(F)(F)C(F)(OC(F)(F)C(F)(F)C(F)(F)F)C(F)(F)F)C(F)(F)F)C(F)(F)F)C(F)(F)F)C(F)(F)F"
2856,NA,"SAETUWCYSIJUEM-UHFFFAOYSA-N","C21H3F41O7",1145.922409456,"OCC(F)(OC(F)(F)C(F)(OC(F)(F)C(F)(OC(F)(F)C(F)(OC(F)(F)C(F)(OC(F)(F)C(F)(OC(F)(F)C(F)(F)C(F)(F)F)C(F)(F)F)C(F)(F)F)C(F)(F)F)C(F)(F)F)C(F)(F)F)C(F)(F)F"
2857,NA,"RLTYZSOFMJFAHD-UHFFFAOYSA-N","C6H4F7IO",351.919510288,"OCC(I)=CC(F)(C(F)(F)F)C(F)(F)F"
2858,NA,"HUIAECWNXSPFSH-UHFFFAOYSA-N","C9H4F13IO",501.909929608,"OCC(I)=CC(F)(F)C(F)(F)C(F)(F)C(F)(F)C(F)(F)C(F)(F)F"
2859,NA,"AAIXLNBYXIVUKR-UHFFFAOYSA-N","C6H4F7IO",351.919510288,"OCC(I)=CC(F)(F)C(F)(F)C(F)(F)F"
2860,NA,"VCOYOPKEJYAJCN-UHFFFAOYSA-N","C6H6F7IO",353.935160352,"OCC(I)CC(F)(C(F)(F)F)C(F)(F)F"
2861,NA,"MGICORPGWNJZPY-UHFFFAOYSA-N","C10H6F15IO",553.922386112,"OCC(I)CC(F)(F)C(F)(F)C(F)(F)C(F)(F)C(F)(C(F)(F)F)C(F)(F)F"
2862,NA,"MFHOUSVHHLOPGM-UHFFFAOYSA-N","C12H6F19IO",653.915998992,"OCC(I)CC(F)(F)C(F)(F)C(F)(F)C(F)(F)C(F)(F)C(F)(F)C(F)(C(F)(F)F)C(F)(F)F"
2863,"80459-24-1","ZEYGPNNBXJHOQZ-UHFFFAOYSA-N","C15H6F25IO",803.906418312,"OCC(I)CC(F)(F)C(F)(F)C(F)(F)C(F)(F)C(F)(F)C(F)(F)C(F)(F)C(F)(F)C(F)(F)C(F)(F)C(F)(F)C(F)(F)F"
2864,"38550-46-8","QUGHSSKHWRLWSL-UHFFFAOYSA-N","C13H6F21IO",703.912805432,"OCC(I)CC(F)(F)C(F)(F)C(F)(F)C(F)(F)C(F)(F)C(F)(F)C(F)(F)C(F)(F)C(F)(F)C(F)(F)F"
2865,"38550-45-7","WNOHMWCTVWXSJC-UHFFFAOYSA-N","C11H6F17IO",603.919192552,"OCC(I)CC(F)(F)C(F)(F)C(F)(F)C(F)(F)C(F)(F)C(F)(F)C(F)(F)C(F)(F)F"
2866,NA,"DQVFKOBJDNVRJK-UHFFFAOYSA-N","C10H6F15IO",553.922386112,"OCC(I)CC(F)(F)C(F)(F)C(F)(F)C(F)(F)C(F)(F)C(F)(F)C(F)(F)F"
2867,"38550-44-6","JIDYQTCBVGBFDH-UHFFFAOYSA-N","C9H6F13IO",503.925579672,"OCC(I)CC(F)(F)C(F)(F)C(F)(F)C(F)(F)C(F)(F)C(F)(F)F"
2868,"80233-96-1","HWYUEAAHUZJSMM-UHFFFAOYSA-N","C7H6F9IO",403.931966792,"OCC(I)CC(F)(F)C(F)(F)C(F)(F)C(F)(F)F"
2869,NA,"ITASBCIXGRCUAD-UHFFFAOYSA-N","C6H6F7IO",353.935160352,"OCC(I)CC(F)(F)C(F)(F)C(F)(F)F"
2870,NA,"DSXUTQAJEICFEW-UHFFFAOYSA-N","C6H5F9O2",280.01458338,"OCC(O)C(F)(F)C(F)(F)C(F)(F)C(F)(F)F"
2871,"67824-44-6","FYPAMSWJAKTIGA-UHFFFAOYSA-N","C12H7F19O2",544.014265644,"OCC(O)CC(F)(F)C(F)(F)C(F)(F)C(F)(F)C(F)(F)C(F)(F)C(F)(C(F)(F)F)C(F)(F)F"
2872,"94159-84-9","CGRIOEGIXRPCJU-UHFFFAOYSA-N","C11H7F17O2",494.017459204,"OCC(O)CC(F)(F)C(F)(F)C(F)(F)C(F)(F)C(F)(F)C(F)(F)C(F)(F)C(F)(F)F"
2873,NA,"DAHZCNRVTNHGGR-UHFFFAOYSA-N","C9H7F13O2",394.023846324,"OCC(O)CC(F)(F)C(F)(F)C(F)(F)C(F)(F)C(F)(F)C(F)(F)F"
2874,NA,"FAQXMAJQQVDRQM-UHFFFAOYSA-N","C7H7F9O2",294.030233444,"OCC(O)CC(F)(F)C(F)(F)C(F)(F)C(F)(F)F"
2875,NA,"GGHXTGYWFGCELG-UHFFFAOYSA-N","C6H7F7O2",244.033427004,"OCC(O)CC(F)(F)C(F)(F)C(F)(F)F"
2876,NA,"UAEMJXPBHSWBQB-UHFFFAOYSA-N","C10H9F13O2",408.039496388,"OCC(O)CCC(F)(F)C(F)(F)C(F)(F)C(F)(F)C(F)(F)C(F)(F)F"
2877,NA,"PYNBSVWCXUUDTG-UHFFFAOYSA-N","C7H9F7O3",274.043991688,"OCC(O)COCC(F)(F)C(F)(F)C(F)(F)F"
2878,NA,"XYEQEZYFDSQCMY-UHFFFAOYSA-N","C11H11F13O3",438.050061072,"OCC(O)COCCC(F)(F)C(F)(F)C(F)(F)C(F)(F)C(F)(F)C(F)(F)F"
2879,NA,"UUPQLJUUKYLIEW-UHFFFAOYSA-N","C9H11F9O3",338.056448192,"OCC(O)COCCC(F)(F)C(F)(F)C(F)(F)C(F)(F)F"
2880,NA,"LJGTZTYTTFGFAE-UHFFFAOYSA-N","C6H5F7O",226.02286232,"OCC=CC(F)(C(F)(F)F)C(F)(F)F"
2881,NA,"SZUDACTYWYPFLY-UHFFFAOYSA-N","C11H5F17O",476.00689452,"OCC=CC(F)(F)C(F)(F)C(F)(F)C(F)(F)C(F)(F)C(F)(F)C(F)(F)C(F)(F)F"
2882,NA,"ATYZUVRSTXBJLR-UHFFFAOYSA-N","C9H5F13O",376.01328164,"OCC=CC(F)(F)C(F)(F)C(F)(F)C(F)(F)C(F)(F)C(F)(F)F"
2883,NA,"PJZRJKWUZCHGGW-UHFFFAOYSA-N","C7H5F9O",276.01966876,"OCC=CC(F)(F)C(F)(F)C(F)(F)C(F)(F)F"
2884,NA,"FJRYHIWIYHYOTE-UHFFFAOYSA-N","C6H5F7O",226.02286232,"OCC=CC(F)(F)C(F)(F)C(F)(F)F"
2885,NA,"ZFHKTQUHJNUDNH-UHFFFAOYSA-N","C7H3F11O",312.000825136,"OCC1(F)C(F)(F)C(F)(F)C(F)(F)C(F)(F)C1(F)F"
2886,NA,"QAIUGEQQBSAKLV-UHFFFAOYSA-N","C22H8F30O7",953.979099196,"OCc1cc(OC(F)(F)C(F)OC(F)(F)C(F)(F)C(F)(F)F)c(OC(F)(F)C(F)OC(F)(F)C(F)(F)C(F)(F)F)c(OC(F)(F)C(F)OC(F)(F)C(F)(F)C(F)(F)F)c1"
2887,NA,"GKVZAWSAJJIQMI-UHFFFAOYSA-N","C10H7F7O",276.038512384,"OCc1ccc(C(F)(C(F)(F)F)C(F)(F)F)cc1"
2888,NA,"XSCXGBGLEZMUEH-UHFFFAOYSA-N","C15H7F17O",526.022544584,"OCc1ccc(C(F)(F)C(F)(F)C(F)(F)C(F)(F)C(F)(F)C(F)(F)C(F)(F)C(F)(F)F)cc1"
2889,NA,"CQOQAOKSHAECHG-UHFFFAOYSA-N","C17H11F17O",554.053844712,"OCc1ccc(CCC(F)(F)C(F)(F)C(F)(F)C(F)(F)C(F)(F)C(F)(F)C(F)(F)C(F)(F)F)cc1"
2890,NA,"ZLZILVFJEAYPNQ-UHFFFAOYSA-N","C15H11F13O",454.060231832,"OCc1ccc(CCC(F)(F)C(F)(F)C(F)(F)C(F)(F)C(F)(F)C(F)(F)F)cc1"
2891,NA,"RCEZZFWALYXONB-UHFFFAOYSA-N","C13H11F9O",354.066618952,"OCc1ccc(CCC(F)(F)C(F)(F)C(F)(F)C(F)(F)F)cc1"
2892,NA,"PCXONXLXJULKDJ-UHFFFAOYSA-N","C18H13F17O2",584.064409396,"OCc1ccc(OCCCC(F)(F)C(F)(F)C(F)(F)C(F)(F)C(F)(F)C(F)(F)C(F)(F)C(F)(F)F)cc1"
2893,NA,"PLXJZTAXKGDVFR-UHFFFAOYSA-N","C16H13F13O2",484.070796516,"OCc1ccc(OCCCC(F)(F)C(F)(F)C(F)(F)C(F)(F)C(F)(F)C(F)(F)F)cc1"
2894,NA,"FVFREHJGVAWXEQ-UHFFFAOYSA-N","C14H13F9O2",384.077183636,"OCc1ccc(OCCCC(F)(F)C(F)(F)C(F)(F)C(F)(F)F)cc1"
2895,NA,"KUGJPYIIQHQEJQ-UHFFFAOYSA-N","C15H11F13N2O6",562.040952932,"O=c1nc(O)c(C(F)(F)C(F)(F)C(F)(F)C(F)(F)C(F)(F)C(F)(F)F)cn1C1OC(CO)C(O)C1O"
2896,NA,"FAODJOVFCLFVEG-UHFFFAOYSA-N","C12H11F7N2O6",412.050533612,"O=c1nc(O)c(C(F)(F)C(F)(F)C(F)(F)F)cn1C1OC(CO)C(O)C1O"
2897,NA,"ULJNEXUPBGJFCH-UHFFFAOYSA-N","C14H11F11N2O7",528.039061112,"O=c1nc(O)c(C(F)(OC(F)(F)C(F)(F)C(F)(F)F)C(F)(F)F)cn1C1OC(CO)C(O)C1O"
2898,NA,"JJXLHDOGDUREHR-UHFFFAOYSA-N","C15H11F13N2O5",546.046038312,"O=c1nc(O)c(C(F)(F)C(F)(F)C(F)(F)C(F)(F)C(F)(F)C(F)(F)F)cn1C1CC(O)C(CO)O1"
2899,NA,"JTJAXTDUPYESRS-UHFFFAOYSA-N","C13H11F9N2O5",446.052425432,"O=c1nc(O)c(C(F)(F)C(F)(F)C(F)(F)C(F)(F)F)cn1C1CC(O)C(CO)O1"
2900,NA,"RUBJGSLXONDMLG-UHFFFAOYSA-N","C12H11F7N2O5",396.055618992,"O=c1nc(O)c(C(F)(F)C(F)(F)C(F)(F)F)cn1C1CC(O)C(CO)O1"
2901,NA,"TUQKZNYBICDFSC-UHFFFAOYSA-N","C9H9F9O5",368.030627368,"OCC1OC(O)C(O)(C(F)(F)C(F)(F)C(F)(F)C(F)(F)F)C1O"
2902,NA,"DUFTUFALYLRYFJ-UHFFFAOYSA-N","C8H9F7O5",318.033820928,"OCC1OC(O)C(O)(C(F)(F)C(F)(F)C(F)(F)F)C1O"
2903,NA,"UAAOSQWHVBRSMT-UHFFFAOYSA-N","C8H11F7O2",272.064727132,"OCCC(CCO)C(F)(F)C(F)(F)C(F)(F)F"
2904,NA,"HHXFCKYGOIQRBI-UHFFFAOYSA-N","C12H9F17O2",508.033109268,"OCCC(CO)C(F)(F)C(F)(F)C(F)(F)C(F)(F)C(F)(F)C(F)(F)C(F)(F)C(F)(F)F"
2905,NA,"KKVIDVONCZYZLR-UHFFFAOYSA-N","C5H5F7O",214.02286232,"OCCC(F)(C(F)(F)F)C(F)(F)F"
2906,NA,"CEUQRWZHUUPZGD-UHFFFAOYSA-N","C7H5F11O",314.0164752,"OCCC(F)(F)C(F)(F)C(F)(C(F)(F)F)C(F)(F)F"
2907,NA,"WVZPXINSJOBSTI-UHFFFAOYSA-N","C9H5F15O",414.01008808,"OCCC(F)(F)C(F)(F)C(F)(F)C(F)(F)C(F)(C(F)(F)F)C(F)(F)F"
2908,NA,"RRPJMPARBFYNMD-UHFFFAOYSA-N","C11H5F19O",514.00370096,"OCCC(F)(F)C(F)(F)C(F)(F)C(F)(F)C(F)(F)C(F)(F)C(F)(C(F)(F)F)C(F)(F)F"
2909,NA,"XYNROSMUVBVKIP-UHFFFAOYSA-N","C13H5F23O",613.99731384,"OCCC(F)(F)C(F)(F)C(F)(F)C(F)(F)C(F)(F)C(F)(F)C(F)(F)C(F)(F)C(F)(C(F)(F)F)C(F)(F)F"
2910,"65104-65-6","FDCQNVKWWMNRQN-UHFFFAOYSA-N","C20H5F37O",963.97495892,"OCCC(F)(F)C(F)(F)C(F)(F)C(F)(F)C(F)(F)C(F)(F)C(F)(F)C(F)(F)C(F)(F)C(F)(F)C(F)(F)C(F)(F)C(F)(F)C(F)(F)C(F)(F)C(F)(F)C(F)(F)C(F)(F)F"
2911,"65104-67-8","UYSGWTCETIRUHO-UHFFFAOYSA-N","C18H5F33O",863.98134604,"OCCC(F)(F)C(F)(F)C(F)(F)C(F)(F)C(F)(F)C(F)(F)C(F)(F)C(F)(F)C(F)(F)C(F)(F)C(F)(F)C(F)(F)C(F)(F)C(F)(F)C(F)(F)C(F)(F)F"
2912,"60699-51-6","ZDUOTHMDVYXZBS-UHFFFAOYSA-N","C16H5F29O",763.98773316,"OCCC(F)(F)C(F)(F)C(F)(F)C(F)(F)C(F)(F)C(F)(F)C(F)(F)C(F)(F)C(F)(F)C(F)(F)C(F)(F)C(F)(F)C(F)(F)C(F)(F)F"
2913,NA,"VQXBYKPWJNOTLT-UHFFFAOYSA-N","C15H5F27O",713.99092672,"OCCC(F)(F)C(F)(F)C(F)(F)C(F)(F)C(F)(F)C(F)(F)C(F)(F)C(F)(F)C(F)(F)C(F)(F)C(F)(F)C(F)(F)C(F)(F)F"
2914,"39239-77-5","QBBJBWKVSJWYQK-UHFFFAOYSA-N","C14H5F25O",663.99412028,"OCCC(F)(F)C(F)(F)C(F)(F)C(F)(F)C(F)(F)C(F)(F)C(F)(F)C(F)(F)C(F)(F)C(F)(F)C(F)(F)C(F)(F)F"
2915,NA,"IGLKFKBLLGNRCU-UHFFFAOYSA-N","C13H5F23O",613.99731384,"OCCC(F)(F)C(F)(F)C(F)(F)C(F)(F)C(F)(F)C(F)(F)C(F)(F)C(F)(F)C(F)(F)C(F)(F)C(F)(F)F"
2916,"865-86-1","FLXYIZWPNQYPIT-UHFFFAOYSA-N","C12H5F21O",564.0005074,"OCCC(F)(F)C(F)(F)C(F)(F)C(F)(F)C(F)(F)C(F)(F)C(F)(F)C(F)(F)C(F)(F)C(F)(F)F"
2917,NA,"HHWOBBVYBVGMFY-UHFFFAOYSA-N","C11H5F19O",514.00370096,"OCCC(F)(F)C(F)(F)C(F)(F)C(F)(F)C(F)(F)C(F)(F)C(F)(F)C(F)(F)C(F)(F)F"
2918,"678-39-7","JJUBFBTUBACDHW-UHFFFAOYSA-N","C10H5F17O",464.00689452,"OCCC(F)(F)C(F)(F)C(F)(F)C(F)(F)C(F)(F)C(F)(F)C(F)(F)C(F)(F)F"
2919,NA,"WOBDSRMWHWAQFO-UHFFFAOYSA-N","C9H5F15O",414.01008808,"OCCC(F)(F)C(F)(F)C(F)(F)C(F)(F)C(F)(F)C(F)(F)C(F)(F)F"
2920,"119937-79-0","GRJRKPMIRMSBNK-UHFFFAOYSA-N","C8H5F13O",364.01328164,"OCCC(F)(F)C(F)(F)C(F)(F)C(F)(F)C(F)(F)C(F)(F)F"
2921,NA,"NPOAVCPGPRUNOX-UHFFFAOYSA-N","C7H5F11O",314.0164752,"OCCC(F)(F)C(F)(F)C(F)(F)C(F)(F)C(F)(F)F"
2922,"2043-47-2","JCMNMOBHVPONLD-UHFFFAOYSA-N","C6H5F9O",264.01966876,"OCCC(F)(F)C(F)(F)C(F)(F)C(F)(F)F"
2923,NA,"ROTSWXZIBBJEPH-UHFFFAOYSA-N","C5H5F7O",214.02286232,"OCCC(F)(F)C(F)(F)C(F)(F)F"
2924,NA,"JOBQGMQWGMDRPL-UHFFFAOYSA-N","C10H8F13IO",517.941229736,"OCCC(I)CC(F)(F)C(F)(F)C(F)(F)C(F)(F)C(F)(F)C(F)(F)F"
2925,NA,"PVUKLHKMFFSKDP-UHFFFAOYSA-N","C8H8F9IO",417.947616856,"OCCC(I)CC(F)(F)C(F)(F)C(F)(F)C(F)(F)F"
2926,NA,"JWQJXBUCHIQJPP-UHFFFAOYSA-N","C7H8F7IO",367.950810416,"OCCC(I)CC(F)(F)C(F)(F)C(F)(F)F"
2927,NA,"BWMXVEIMUXVSEX-UHFFFAOYSA-N","C9H7F13O",378.028931704,"OCCCC(C(F)(F)F)(C(F)(F)F)C(F)(F)C(F)(F)C(F)(F)F"
2928,NA,"NMPABPRKIBGSGW-UHFFFAOYSA-N","C6H7F7O",228.038512384,"OCCCC(F)(C(F)(F)F)C(F)(F)F"
2929,NA,"FQTWAKFTSLUFFS-UHFFFAOYSA-N","C11H7F17O",478.022544584,"OCCCC(F)(F)C(F)(F)C(F)(F)C(F)(F)C(F)(F)C(F)(F)C(F)(F)C(F)(F)F"
2930,NA,"LWCLGUDCFDTQBF-UHFFFAOYSA-N","C10H7F15O",428.025738144,"OCCCC(F)(F)C(F)(F)C(F)(F)C(F)(F)C(F)(F)C(F)(F)C(F)(F)F"
2931,NA,"HMGDEQANNRNNKX-UHFFFAOYSA-N","C9H7F13O",378.028931704,"OCCCC(F)(F)C(F)(F)C(F)(F)C(F)(F)C(F)(F)C(F)(F)F"
2932,NA,"HANSJPPGCRVCPJ-UHFFFAOYSA-N","C8H7F11O",328.032125264,"OCCCC(F)(F)C(F)(F)C(F)(F)C(F)(F)C(F)(F)F"
2933,NA,"OVBNEUIFHDEQHD-UHFFFAOYSA-N","C7H7F9O",278.035318824,"OCCCC(F)(F)C(F)(F)C(F)(F)C(F)(F)F"
2934,NA,"VACKBPFJJWRSAO-UHFFFAOYSA-N","C6H7F7O",228.038512384,"OCCCC(F)(F)C(F)(F)C(F)(F)F"
2935,NA,"UDRGWQXICZMATL-UHFFFAOYSA-N","C8H7F11O2",344.027039884,"OCCCC(F)(OC(F)(F)C(F)(F)C(F)(F)F)C(F)(F)F"
2936,NA,"FPLJNGUIASXYLD-UHFFFAOYSA-N","C11H10F13IO",531.9568798,"OCCCC(I)CC(F)(F)C(F)(F)C(F)(F)C(F)(F)C(F)(F)C(F)(F)F"
2937,NA,"HJYIVOYQMVJCSM-UHFFFAOYSA-N","C10H9F13O",392.044581768,"OCCCCC(F)(F)C(F)(F)C(F)(F)C(F)(F)C(F)(F)C(F)(F)F"
2938,NA,"FROXCSGRCWYTIE-UHFFFAOYSA-N","C8H9F9O",292.050968888,"OCCCCC(F)(F)C(F)(F)C(F)(F)C(F)(F)F"
2939,NA,"ZATDVKHJLFLLDD-UHFFFAOYSA-N","C7H9F7O",242.054162448,"OCCCCC(F)(F)C(F)(F)C(F)(F)F"
2940,NA,"GPTNHZCPZCSMSK-UHFFFAOYSA-N","C10H10F9IO",443.96326692,"OCCCCC(I)=CC(F)(F)C(F)(F)C(F)(F)C(F)(F)F"
2941,NA,"SMQWZVBJTNTJHH-UHFFFAOYSA-N","C11H11F13O",406.060231832,"OCCCCCC(F)(F)C(F)(F)C(F)(F)C(F)(F)C(F)(F)C(F)(F)F"
2942,NA,"SQRIVGLRVOASKE-UHFFFAOYSA-N","C9H11F9O",306.066618952,"OCCCCCC(F)(F)C(F)(F)C(F)(F)C(F)(F)F"
2943,NA,"GQUBVUFBTNFEHA-UHFFFAOYSA-N","C9H13F7O",270.085462576,"OCCCCCCC(F)(C(F)(F)F)C(F)(F)F"
2944,NA,"NLUBBCMDGCPSRF-UHFFFAOYSA-N","C15H13F19O",570.066301216,"OCCCCCCC(F)(F)C(F)(F)C(F)(F)C(F)(F)C(F)(F)C(F)(F)C(F)(C(F)(F)F)C(F)(F)F"
2945,NA,"LNZANUNVXAAVRW-UHFFFAOYSA-N","C14H13F17O",520.069494776,"OCCCCCCC(F)(F)C(F)(F)C(F)(F)C(F)(F)C(F)(F)C(F)(F)C(F)(F)C(F)(F)F"
2946,NA,"PYOIUKBYPXQLLT-UHFFFAOYSA-N","C12H13F13O",420.075881896,"OCCCCCCC(F)(F)C(F)(F)C(F)(F)C(F)(F)C(F)(F)C(F)(F)F"
2947,NA,"QZDCHCYMFXJOCS-UHFFFAOYSA-N","C10H13F9O",320.082269016,"OCCCCCCC(F)(F)C(F)(F)C(F)(F)C(F)(F)F"
2948,NA,"QRCWNXLGRHSPPF-UHFFFAOYSA-N","C12H16F9IO",474.010217112,"OCCCCCCC(I)CC(F)(F)C(F)(F)C(F)(F)C(F)(F)F"
2949,NA,"DGNNLLZHFZKHFJ-UHFFFAOYSA-N","C12H17F9O",348.113569144,"OCCCCCCCCC(F)(F)C(F)(F)C(F)(F)C(F)(F)F"
2950,NA,"MUCVGEGAZDOIDJ-UHFFFAOYSA-N","C19H21F17O",588.132095032,"OCCCCCCCCCC=CC(F)(F)C(F)(F)C(F)(F)C(F)(F)C(F)(F)C(F)(F)C(F)(F)C(F)(F)F"
2951,NA,"OCVCPUQNCRNBAZ-UHFFFAOYSA-N","C17H21F13O",488.138482152,"OCCCCCCCCCC=CC(F)(F)C(F)(F)C(F)(F)C(F)(F)C(F)(F)C(F)(F)F"
2952,NA,"GZPAINIKTKBDHV-UHFFFAOYSA-N","C19H23F17O",590.147745096,"OCCCCCCCCCCCC(F)(F)C(F)(F)C(F)(F)C(F)(F)C(F)(F)C(F)(F)C(F)(F)C(F)(F)F"
2953,NA,"LUTLJOIFXGWROU-UHFFFAOYSA-N","C17H23F13O",490.154132216,"OCCCCCCCCCCCC(F)(F)C(F)(F)C(F)(F)C(F)(F)C(F)(F)C(F)(F)F"
2954,NA,"SUBCOGZKZCCKOV-UHFFFAOYSA-N","C15H23F9O",390.160519336,"OCCCCCCCCCCCC(F)(F)C(F)(F)C(F)(F)C(F)(F)F"
2955,NA,"YRKDAFCAUCOZTJ-UHFFFAOYSA-N","C10H15F7O2",300.09602726,"OCCCCCCOCC(F)(F)C(F)(F)C(F)(F)F"
2956,NA,"JKKPDZOHRMMNDN-UHFFFAOYSA-N","C7H7F9O3S",341.997219064,"O=S(=O)(CCCO)C(F)(F)C(F)(F)C(F)(F)C(F)(F)F"
2957,NA,"SRUNWUZJMCJMBZ-UHFFFAOYSA-N","C7H7F9OS",310.007389824,"OCCCSC(F)(F)C(F)(F)C(F)(F)C(F)(F)F"
2958,"36880-07-6","MQUNHCVXSGLKTJ-UHFFFAOYSA-N","C13H11F17OS",538.025915712,"OCCCSCCC(F)(F)C(F)(F)C(F)(F)C(F)(F)C(F)(F)C(F)(F)C(F)(F)C(F)(F)F"
2959,NA,"SLUCZPNDVUNDLK-UHFFFAOYSA-N","C10H16F7NO3",331.101840912,"OCCN(CCO)CC(O)CC(F)(F)C(F)(F)C(F)(F)F"
2960,"27607-36-9","MOUDFVMYURTYQA-UHFFFAOYSA-N","C14H14F17NO2",551.075308428,"OCCN(CCO)CCC(F)(F)C(F)(F)C(F)(F)C(F)(F)C(F)(F)C(F)(F)C(F)(F)C(F)(F)F"
2961,NA,"PJFLHAJVWSCWMB-UHFFFAOYSA-N","C15H17F15N2O3",558.099965704,"OCCN(CCO)CCCN=C(O)C(F)(F)C(F)(F)C(F)(F)C(F)(F)C(F)(F)C(F)(F)C(F)(F)F"
2962,NA,"SCLANBGRWSJHLY-UHFFFAOYSA-N","C26H18F38NO6P",1193.026496286,"O=P(OCCC(F)(F)C(F)(F)C(F)(F)C(F)(F)C(F)(F)C(F)(F)C(F)(F)C(F)(F)C(F)(F)F)(OCCC(F)(F)C(F)(F)C(F)(F)C(F)(F)C(F)(F)C(F)(F)C(F)(F)C(F)(F)C(F)(F)F)ON(CCO)CCO"
2963,NA,"UQHBROJZQLWASU-UHFFFAOYSA-N","C19H24F19N2O8P",800.096688538,"O=P(OCCC(F)(F)C(F)(F)C(F)(F)C(F)(F)C(F)(F)C(F)(F)C(F)(F)C(F)(F)C(F)(F)F)(ON(CCO)CCO)ON(CCO)CCO"
2964,"93762-12-0","QSEWDLHUEPHPCY-UHFFFAOYSA-N","C8H10F9NO4S",387.01868278,"O=S(=O)(N(CCO)CCO)C(F)(F)C(F)(C(F)(F)F)C(F)(F)F"
2965,"40630-61-3","SSTHBHCRNGPPAI-UHFFFAOYSA-N","C12H10F17NO4S",587.00590854,"O=S(=O)(N(CCO)CCO)C(F)(F)C(F)(F)C(F)(F)C(F)(F)C(F)(F)C(F)(F)C(F)(F)C(F)(F)F"
2966,"34455-00-0","XYQNMGJZDSSVRP-UHFFFAOYSA-N","C8H10F9NO4S",387.01868278,"O=S(=O)(N(CCO)CCO)C(F)(F)C(F)(F)C(F)(F)C(F)(F)F"
2967,"93894-54-3","QUQDQNCPLSSGOU-UHFFFAOYSA-N","C8H11F8NO4S",369.028104592,"O=S(=O)(N(CCO)CCO)C(F)(F)C(F)(F)C(F)(F)C(F)F"
2968,NA,"HAONZHJETGCXMD-UHFFFAOYSA-N","C20H14F19NO5S",741.028929728,"O=S(=O)(c1ccc(OC(=C(C(F)(F)F)C(C(F)(F)F)(C(F)(F)C(F)(F)F)C(F)(F)C(F)(F)F)C(F)(F)F)cc1)N(CCO)CCO"
2969,NA,"JFDOEXGUBUFCIO-UHFFFAOYSA-N","C11H6F17NO2",507.012708172,"OCCN=C(O)C(F)(F)C(F)(F)C(F)(F)C(F)(F)C(F)(F)C(F)(F)C(F)(F)C(F)(F)F"
2970,NA,"NRAFXYRAMCXRGD-UHFFFAOYSA-N","C9H6F13NO2",407.019095292,"OCCN=C(O)C(F)(F)C(F)(F)C(F)(F)C(F)(F)C(F)(F)C(F)(F)F"
2971,NA,"KXCGGDSYTXMIML-UHFFFAOYSA-N","C7H6F9NO2",307.025482412,"OCCN=C(O)C(F)(F)C(F)(F)C(F)(F)C(F)(F)F"
2972,NA,"KPTAUHCSUNOZRL-UHFFFAOYSA-N","C6H6F7NO2",257.028675972,"OCCN=C(O)C(F)(F)C(F)(F)C(F)(F)F"
2973,NA,"LENQWYBQXKARDJ-UHFFFAOYSA-N","C11H6F17NO4",539.002537412,"OCCN=C(O)C(F)(OC(F)(F)C(F)(OC(F)(F)C(F)(F)C(F)(F)F)C(F)(F)F)C(F)(F)F"
2974,"27607-42-7","AFNLZEWJLHEBLO-UHFFFAOYSA-N","C12H10F17NO",507.04909368,"OCCNCCC(F)(F)C(F)(F)C(F)(F)C(F)(F)C(F)(F)C(F)(F)C(F)(F)C(F)(F)F"
2975,NA,"NWCPLKBTZWJILQ-UHFFFAOYSA-N","C10H16F7NO3S",363.073911912,"O=S(=O)(CCCNCCO)CCC(F)(C(F)(F)F)C(F)(F)F"
2976,NA,"ASJXVGSUYQIIBC-UHFFFAOYSA-N","C6H6F9NO3S",342.992468032,"O=S(=O)(NCCO)C(F)(F)C(F)(F)C(F)(F)C(F)(F)F"
2977,NA,"OSZDQCXIGLZJLU-UHFFFAOYSA-N","C11H5F17O3",507.99672376,"O=C(OCCO)C(F)(F)C(F)(F)C(F)(F)C(F)(F)C(F)(F)C(F)(F)C(F)(F)C(F)(F)F"
2978,NA,"KXSPGFSJWMIFOC-UHFFFAOYSA-N","C9H7F13O2",394.023846324,"OCCOCC(F)(F)C(F)(F)C(F)(F)C(F)(F)C(F)(F)C(F)(F)F"
2979,NA,"DCPYMVVGFRCXDW-UHFFFAOYSA-N","C8H7F11O2",344.027039884,"OCCOCC(F)(F)C(F)(F)C(F)(F)C(F)(F)C(F)(F)F"
2980,NA,"TZDLXSQBIYOTMV-UHFFFAOYSA-N","C6H7F7O2",244.033427004,"OCCOCC(F)(F)C(F)(F)C(F)(F)F"
2981,NA,"YAQLJWSYXRXTDO-UHFFFAOYSA-N","C10H9F13O2",408.039496388,"OCCOCCC(F)(F)C(F)(F)C(F)(F)C(F)(F)C(F)(F)C(F)(F)F"
2982,NA,"INSNDRBNHLKUKX-UHFFFAOYSA-N","C8H9F9O2",308.045883508,"OCCOCCC(F)(F)C(F)(F)C(F)(F)C(F)(F)F"
2983,NA,"RSSYTIJSFBLSQT-UHFFFAOYSA-N","C12H10F15NO3",501.04211648,"OCCOCCN=C(O)C(F)(F)C(F)(F)C(F)(F)C(F)(F)C(F)(F)C(F)(F)C(F)(F)F"
2984,NA,"SDTPOMADHFFMFD-UHFFFAOYSA-N","C8H11F7O3",288.059641752,"OCCOCCOCC(F)(F)C(F)(F)C(F)(F)F"
2985,NA,"KZKAFTRHTVZIGR-UHFFFAOYSA-N","C17H21F15O6",606.109861692,"OCCOCCOCCOCCOCCOC(F)(F)C(F)(F)C(F)(F)C(F)(F)C(F)(F)C(F)(F)C(F)(F)F"
2986,NA,"XBIGHPJVWBVBPS-UHFFFAOYSA-N","C8H9F9O2S",340.017954508,"O=S(CCO)CCC(F)(F)C(F)(F)C(F)(F)C(F)(F)F"
2987,NA,"BZEGSOOPSLUPSS-UHFFFAOYSA-N","C8H9F9OS",324.023039888,"OCCSCCC(F)(F)C(F)(F)C(F)(F)C(F)(F)F"
2988,NA,"VDTOPNQPAFVQGL-UHFFFAOYSA-N","C13H8F9N3O3",425.042195096,"O=C1Nc2ccccc2NC(O)(C(F)(F)C(F)(F)C(F)(F)C(F)(F)F)C1=NO"
2989,NA,"AEYHDUCQLIENJA-UHFFFAOYSA-N","C8H3F15N2O",428.000586016,"N=C(NO)C(F)(F)C(F)(F)C(F)(F)C(F)(F)C(F)(F)C(F)(F)C(F)(F)F"
2990,NA,"PKJHWGYUOCAZRL-UHFFFAOYSA-N","C4H3F7N2O",228.013360256,"N=C(NO)C(F)(F)C(F)(F)C(F)(F)F"
2991,NA,"YJYYFHCNTDFUQW-UHFFFAOYSA-N","C8H2F15NO2",428.984601604,"ON=C(O)C(F)(F)C(F)(F)C(F)(F)C(F)(F)C(F)(F)C(F)(F)C(F)(F)F"
2992,NA,"MQDFWVHNHDFZGQ-UHFFFAOYSA-N","C4H2F7NO2",228.997375844,"ON=C(O)C(F)(F)C(F)(F)C(F)(F)F"
2993,"122998-72-5","RIRVFUKJSNBDFN-UHFFFAOYSA-N","C47HF95O15",2609.779850232,"OOOOOOOOOOOOOOOC(F)(F)C(F)(F)C(F)(F)C(F)(F)C(F)(F)C(F)(F)C(F)(F)C(F)(F)C(F)(F)C(F)(F)C(F)(F)C(F)(F)C(F)(F)C(F)(F)C(F)(F)C(F)(F)C(F)(F)C(F)(F)C(F)(F)C(F)(F)C(F)(F)C(F)(F)C(F)(F)C(F)(F)C(F)(F)C(F)(F)C(F)(F)C(F)(F)C(F)(F)C(F)(F)C(F)(F)C(F)(F)C(F)(F)C(F)(F)C(F)(F)C(F)(F)C(F)(F)C(F)(F)C(F)(F)C(F)(F)C(F)(F)C(F)(F)C(F)(F)C(F)(F)C(F)(F)C(F)(F)C(F)(F)F"
2994,NA,"OSCIIPAIQXGYEP-UHFFFAOYSA-N","C4HF9O4S",315.945183492,"O=S(=O)(OO)C(F)(F)C(F)(F)C(F)(F)C(F)(F)F"
2995,NA,"GSPDBXPMTTYLFV-UHFFFAOYSA-N","C24HF50O2P",1301.891576902,"O=P(O)(C(F)(F)C(F)(F)C(F)(F)C(F)(F)C(F)(F)C(F)(F)C(F)(F)C(F)(F)C(F)(F)C(F)(F)C(F)(F)C(F)(F)F)C(F)(F)C(F)(F)C(F)(F)C(F)(F)C(F)(F)C(F)(F)C(F)(F)C(F)(F)C(F)(F)C(F)(F)C(F)(F)C(F)(F)F"
2996,NA,"BELPOXSOCHBAEX-UHFFFAOYSA-N","C16HF34O2P",901.917125382,"O=P(O)(C(F)(F)C(F)(F)C(F)(F)C(F)(F)C(F)(F)C(F)(F)C(F)(F)C(F)(F)F)C(F)(F)C(F)(F)C(F)(F)C(F)(F)C(F)(F)C(F)(F)C(F)(F)C(F)(F)F"
2997,NA,"CQORQFOHIKVJET-UHFFFAOYSA-N","C14HF30O2P",801.923512502,"O=P(O)(C(F)(F)C(F)(F)C(F)(F)C(F)(F)C(F)(F)C(F)(F)F)C(F)(F)C(F)(F)C(F)(F)C(F)(F)C(F)(F)C(F)(F)C(F)(F)C(F)(F)F"
2998,NA,"NKHVPWOARFMIPG-UHFFFAOYSA-N","C12HF26O2P",701.929899622,"O=P(O)(C(F)(F)C(F)(F)C(F)(F)C(F)(F)C(F)(F)C(F)(F)F)C(F)(F)C(F)(F)C(F)(F)C(F)(F)C(F)(F)C(F)(F)F"
2999,NA,"WAZIDHPTVNFDQG-UHFFFAOYSA-N","C8HF18O2P",501.942673862,"O=P(O)(C(F)(F)C(F)(F)C(F)(F)C(F)(F)F)C(F)(F)C(F)(F)C(F)(F)C(F)(F)F"
3000,NA,"WQPHWZFYAVBLJS-UHFFFAOYSA-N","C16H12F7O3P",416.041228414,"O=P(O)(OC(c1ccccc1)C(F)(F)C(F)(F)C(F)(F)F)c1ccccc1"
3001,"78974-41-1","HWYXDLNPCZITLD-UHFFFAOYSA-N","C22H9F38O4P",1089.963167758,"O=P(O)(OCCC(F)(F)C(F)(F)C(F)(F)C(F)(F)C(F)(F)C(F)(F)C(F)(C(F)(F)F)C(F)(F)F)OCCC(F)(F)C(F)(F)C(F)(F)C(F)(F)C(F)(F)C(F)(F)C(F)(C(F)(F)F)C(F)(F)F"
3002,NA,"PIWWVQNNYGQYGW-UHFFFAOYSA-N","C26H9F46O4P",1289.950393518,"O=P(O)(OCCC(F)(F)C(F)(F)C(F)(F)C(F)(F)C(F)(F)C(F)(F)C(F)(F)C(F)(F)C(F)(C(F)(F)F)C(F)(F)F)OCCC(F)(F)C(F)(F)C(F)(F)C(F)(F)C(F)(F)C(F)(F)C(F)(F)C(F)(F)C(F)(C(F)(F)F)C(F)(F)F"
3003,"93857-56-8","ICJWISPFZMNUHE-UHFFFAOYSA-N","C30H9F54O4P",1489.937619278,"O=P(O)(OCCC(F)(F)C(F)(F)C(F)(F)C(F)(F)C(F)(F)C(F)(F)C(F)(F)C(F)(F)C(F)(F)C(F)(F)C(F)(C(F)(F)F)C(F)(F)F)OCCC(F)(F)C(F)(F)C(F)(F)C(F)(F)C(F)(F)C(F)(F)C(F)(F)C(F)(F)C(F)(F)C(F)(F)C(F)(C(F)(F)F)C(F)(F)F"
3004,"93776-29-5","VTOKHKRGJLAVHV-UHFFFAOYSA-N","C34H9F62O4P",1689.924845038,"O=P(O)(OCCC(F)(F)C(F)(F)C(F)(F)C(F)(F)C(F)(F)C(F)(F)C(F)(F)C(F)(F)C(F)(F)C(F)(F)C(F)(F)C(F)(F)C(F)(C(F)(F)F)C(F)(F)F)OCCC(F)(F)C(F)(F)C(F)(F)C(F)(F)C(F)(F)C(F)(F)C(F)(F)C(F)(F)C(F)(F)C(F)(F)C(F)(F)C(F)(F)C(F)(C(F)(F)F)C(F)(F)F"
3005,"93776-19-3","QHIGFJQLSNDTTI-UHFFFAOYSA-N","C38H9F70O4P",1889.912070798,"O=P(O)(OCCC(F)(F)C(F)(F)C(F)(F)C(F)(F)C(F)(F)C(F)(F)C(F)(F)C(F)(F)C(F)(F)C(F)(F)C(F)(F)C(F)(F)C(F)(F)C(F)(F)C(F)(C(F)(F)F)C(F)(F)F)OCCC(F)(F)C(F)(F)C(F)(F)C(F)(F)C(F)(F)C(F)(F)C(F)(F)C(F)(F)C(F)(F)C(F)(F)C(F)(F)C(F)(F)C(F)(F)C(F)(F)C(F)(C(F)(F)F)C(F)(F)F"
3006,"93857-54-6","UWTYLCUAYINOEF-UHFFFAOYSA-N","C36H9F66O4P",1789.918457918,"O=P(O)(OCCC(F)(F)C(F)(F)C(F)(F)C(F)(F)C(F)(F)C(F)(F)C(F)(F)C(F)(F)C(F)(F)C(F)(F)C(F)(F)C(F)(F)C(F)(F)C(F)(F)C(F)(F)C(F)(F)F)OCCC(F)(F)C(F)(F)C(F)(F)C(F)(F)C(F)(F)C(F)(F)C(F)(F)C(F)(F)C(F)(F)C(F)(F)C(F)(F)C(F)(F)C(F)(F)C(F)(F)C(F)(F)C(F)(F)F"
3007,"93857-53-5","VAPDLYGIEFOUOV-UHFFFAOYSA-N","C32H9F58O4P",1589.931232158,"O=P(O)(OCCC(F)(F)C(F)(F)C(F)(F)C(F)(F)C(F)(F)C(F)(F)C(F)(F)C(F)(F)C(F)(F)C(F)(F)C(F)(F)C(F)(F)C(F)(F)C(F)(F)F)OCCC(F)(F)C(F)(F)C(F)(F)C(F)(F)C(F)(F)C(F)(F)C(F)(F)C(F)(F)C(F)(F)C(F)(F)C(F)(F)C(F)(F)C(F)(F)C(F)(F)F"
3008,"57677-99-3","BRIQAVTVXOWEGR-UHFFFAOYSA-N","C28H9F50O4P",1389.944006398,"O=P(O)(OCCC(F)(F)C(F)(F)C(F)(F)C(F)(F)C(F)(F)C(F)(F)C(F)(F)C(F)(F)C(F)(F)C(F)(F)C(F)(F)C(F)(F)F)OCCC(F)(F)C(F)(F)C(F)(F)C(F)(F)C(F)(F)C(F)(F)C(F)(F)C(F)(F)C(F)(F)C(F)(F)C(F)(F)C(F)(F)F"
3009,"1895-26-7","FHENBBPEACDTCF-UHFFFAOYSA-N","C24H9F42O4P",1189.956780638,"O=P(O)(OCCC(F)(F)C(F)(F)C(F)(F)C(F)(F)C(F)(F)C(F)(F)C(F)(F)C(F)(F)C(F)(F)C(F)(F)F)OCCC(F)(F)C(F)(F)C(F)(F)C(F)(F)C(F)(F)C(F)(F)C(F)(F)C(F)(F)C(F)(F)C(F)(F)F"
3010,"678-41-1","AFWOYEYXUDHGHF-UHFFFAOYSA-N","C20H9F34O4P",989.969554878,"O=P(O)(OCCC(F)(F)C(F)(F)C(F)(F)C(F)(F)C(F)(F)C(F)(F)C(F)(F)C(F)(F)F)OCCC(F)(F)C(F)(F)C(F)(F)C(F)(F)C(F)(F)C(F)(F)C(F)(F)C(F)(F)F"
3011,NA,"ZDYYWMSLMLTXDM-UHFFFAOYSA-N","C16H9F26O4P",789.982329118,"O=P(O)(OCCC(F)(F)C(F)(F)C(F)(F)C(F)(F)C(F)(F)C(F)(F)F)OCCC(F)(F)C(F)(F)C(F)(F)C(F)(F)C(F)(F)C(F)(F)F"
3012,NA,"YDZRIUKPHPDSAY-UHFFFAOYSA-N","C12H6F21O2P",611.977008682,"O=[PH](O)CCC(F)(F)C(F)(F)C(F)(F)C(F)(F)C(F)(F)C(F)(F)C(F)(F)C(F)(F)C(F)(F)C(F)(F)F"
3013,NA,"DENBKPDEQGHEGM-UHFFFAOYSA-N","C10H6F17O2P",511.983395802,"O=[PH](O)CCC(F)(F)C(F)(F)C(F)(F)C(F)(F)C(F)(F)C(F)(F)C(F)(F)C(F)(F)F"
3014,NA,"CTGNCBOZEMOASL-UHFFFAOYSA-N","C10H2F21O3P",599.940623174,"O=P(O)(O)C(F)(F)C(F)(F)C(F)(F)C(F)(F)C(F)(F)C(F)(F)C(F)(F)C(F)(F)C(F)(F)C(F)(F)F"
3015,NA,"CPRNWMZKNOIIML-UHFFFAOYSA-N","C8H2F17O3P",499.947010294,"O=P(O)(O)C(F)(F)C(F)(F)C(F)(F)C(F)(F)C(F)(F)C(F)(F)C(F)(F)C(F)(F)F"
3016,NA,"AGCUFKNHQDVTAD-UHFFFAOYSA-N","C6H2F13O3P",399.953397414,"O=P(O)(O)C(F)(F)C(F)(F)C(F)(F)C(F)(F)C(F)(F)C(F)(F)F"
3017,NA,"AUBOIAPNLUHLAF-UHFFFAOYSA-N","C4H2F9O3P",299.959784534,"O=P(O)(O)C(F)(F)C(F)(F)C(F)(F)C(F)(F)F"
3018,NA,"AIOYDPRIRKONCK-UHFFFAOYSA-N","C16H8F17O4P",617.988875106,"O=P(O)(O)Cc1ccc(OC(F)=C(F)C(F)(F)C(F)(F)C(F)(F)C(F)(F)C(F)(F)C(F)(F)C(F)(F)F)cc1"
3019,NA,"DKOGAQUJJHTCEE-UHFFFAOYSA-N","C14H6F25O3P",727.965536182,"O=P(O)(O)CCC(F)(F)C(F)(F)C(F)(F)C(F)(F)C(F)(F)C(F)(F)C(F)(F)C(F)(F)C(F)(F)C(F)(F)C(F)(F)C(F)(F)F"
3020,NA,"PMWXDQPVJHEZJK-UHFFFAOYSA-N","C12H6F21O3P",627.971923302,"O=P(O)(O)CCC(F)(F)C(F)(F)C(F)(F)C(F)(F)C(F)(F)C(F)(F)C(F)(F)C(F)(F)C(F)(F)C(F)(F)F"
3021,NA,"CETXMCMQEXPPLV-UHFFFAOYSA-N","C10H6F17O3P",527.978310422,"O=P(O)(O)CCC(F)(F)C(F)(F)C(F)(F)C(F)(F)C(F)(F)C(F)(F)C(F)(F)C(F)(F)F"
3022,NA,"DEXIXSRZQUFPIK-UHFFFAOYSA-N","C8H6F13O3P",427.984697542,"O=P(O)(O)CCC(F)(F)C(F)(F)C(F)(F)C(F)(F)C(F)(F)C(F)(F)F"
3023,NA,"FGHHNAZKTIELTK-UHFFFAOYSA-N","C6H6F9O3P",327.991084662,"O=P(O)(O)CCC(F)(F)C(F)(F)C(F)(F)C(F)(F)F"
3024,NA,"HNXRUJNJBSQJJX-UHFFFAOYSA-N","C4H4F7O4P",279.973542778,"O=P(O)(O)OCC(F)(F)C(F)(F)C(F)(F)F"
3025,"78974-42-2","DEHQJCVMUMYUMH-UHFFFAOYSA-N","C11H6F19O4P",593.970031482,"O=P(O)(O)OCCC(F)(F)C(F)(F)C(F)(F)C(F)(F)C(F)(F)C(F)(F)C(F)(C(F)(F)F)C(F)(F)F"
3026,"94200-56-3","XVPQHRLANPJWIF-UHFFFAOYSA-N","C13H6F23O4P",693.963644362,"O=P(O)(O)OCCC(F)(F)C(F)(F)C(F)(F)C(F)(F)C(F)(F)C(F)(F)C(F)(F)C(F)(F)C(F)(C(F)(F)F)C(F)(F)F"
3027,"94200-57-4","RJFPCNLXFAGIGO-UHFFFAOYSA-N","C15H6F27O4P",793.957257242,"O=P(O)(O)OCCC(F)(F)C(F)(F)C(F)(F)C(F)(F)C(F)(F)C(F)(F)C(F)(F)C(F)(F)C(F)(F)C(F)(F)C(F)(C(F)(F)F)C(F)(F)F"
3028,"93857-42-2","JXRICVNTWCQEIT-UHFFFAOYSA-N","C17H6F31O4P",893.950870122,"O=P(O)(O)OCCC(F)(F)C(F)(F)C(F)(F)C(F)(F)C(F)(F)C(F)(F)C(F)(F)C(F)(F)C(F)(F)C(F)(F)C(F)(F)C(F)(F)C(F)(C(F)(F)F)C(F)(F)F"
3029,"94231-59-1","VHQPVCVRRDZXSW-UHFFFAOYSA-N","C19H6F35O4P",993.944483002,"O=P(O)(O)OCCC(F)(F)C(F)(F)C(F)(F)C(F)(F)C(F)(F)C(F)(F)C(F)(F)C(F)(F)C(F)(F)C(F)(F)C(F)(F)C(F)(F)C(F)(F)C(F)(F)C(F)(C(F)(F)F)C(F)(F)F"
3030,NA,"WCIJLILUIZUGMK-UHFFFAOYSA-N","C18H6F33O4P",943.947676562,"O=P(O)(O)OCCC(F)(F)C(F)(F)C(F)(F)C(F)(F)C(F)(F)C(F)(F)C(F)(F)C(F)(F)C(F)(F)C(F)(F)C(F)(F)C(F)(F)C(F)(F)C(F)(F)C(F)(F)C(F)(F)F"
3031,"94200-54-1","QIZXNATWTHMMHR-UHFFFAOYSA-N","C16H6F29O4P",843.954063682,"O=P(O)(O)OCCC(F)(F)C(F)(F)C(F)(F)C(F)(F)C(F)(F)C(F)(F)C(F)(F)C(F)(F)C(F)(F)C(F)(F)C(F)(F)C(F)(F)C(F)(F)C(F)(F)F"
3032,"57678-07-6","ROUGOWJCVFOXHO-UHFFFAOYSA-N","C14H6F25O4P",743.960450802,"O=P(O)(O)OCCC(F)(F)C(F)(F)C(F)(F)C(F)(F)C(F)(F)C(F)(F)C(F)(F)C(F)(F)C(F)(F)C(F)(F)C(F)(F)C(F)(F)F"
3033,"57678-05-4","MCYKSXMNSXNCIY-UHFFFAOYSA-N","C12H6F21O4P",643.966837922,"O=P(O)(O)OCCC(F)(F)C(F)(F)C(F)(F)C(F)(F)C(F)(F)C(F)(F)C(F)(F)C(F)(F)C(F)(F)C(F)(F)F"
3034,NA,"MIABSAQIFYEDJP-UHFFFAOYSA-N","C10H6F17O4P",543.973225042,"O=P(O)(O)OCCC(F)(F)C(F)(F)C(F)(F)C(F)(F)C(F)(F)C(F)(F)C(F)(F)C(F)(F)F"
3035,NA,"FZTRDYSPWWJCOF-UHFFFAOYSA-N","C8H6F13O4P",443.979612162,"O=P(O)(O)OCCC(F)(F)C(F)(F)C(F)(F)C(F)(F)C(F)(F)C(F)(F)F"
3036,NA,"LYZNUCXUQHMFTA-UHFFFAOYSA-N","C8HF17O3S",499.937494632,"O=S(=O)(O)C(F)(C(F)(F)F)C(F)(F)C(F)(F)C(F)(F)C(F)(F)C(F)(F)C(F)(F)F"
3037,"93762-09-5","GWJVUODILLGCGD-UHFFFAOYSA-N","C4HF9O3S",299.950268872,"O=S(=O)(O)C(F)(F)C(F)(C(F)(F)F)C(F)(F)F"
3038,"79780-39-5","CFCRODHVHXGTPC-UHFFFAOYSA-N","C12HF25O3S",699.924720392,"O=S(=O)(O)C(F)(F)C(F)(F)C(F)(F)C(F)(F)C(F)(F)C(F)(F)C(F)(F)C(F)(F)C(F)(F)C(F)(F)C(F)(F)C(F)(F)F"
3039,"335-77-3","HYWZIAVPBSTISZ-UHFFFAOYSA-N","C10HF21O3S",599.931107512,"O=S(=O)(O)C(F)(F)C(F)(F)C(F)(F)C(F)(F)C(F)(F)C(F)(F)C(F)(F)C(F)(F)C(F)(F)C(F)(F)F"
3040,"68259-12-1","MNEXVZFQQPKDHC-UHFFFAOYSA-N","C9HF19O3S",549.934301072,"O=S(=O)(O)C(F)(F)C(F)(F)C(F)(F)C(F)(F)C(F)(F)C(F)(F)C(F)(F)C(F)(F)C(F)(F)F"
3041,"1763-23-1","YFSUTJLHUFNCNZ-UHFFFAOYSA-N","C8HF17O3S",499.937494632,"O=S(=O)(O)C(F)(F)C(F)(F)C(F)(F)C(F)(F)C(F)(F)C(F)(F)C(F)(F)C(F)(F)F"
3042,"375-92-8","OYGQVDSRYXATEL-UHFFFAOYSA-N","C7HF15O3S",449.940688192,"O=S(=O)(O)C(F)(F)C(F)(F)C(F)(F)C(F)(F)C(F)(F)C(F)(F)C(F)(F)F"
3043,"355-46-4","QZHDEAJFRJCDMF-UHFFFAOYSA-N","C6HF13O3S",399.943881752,"O=S(=O)(O)C(F)(F)C(F)(F)C(F)(F)C(F)(F)C(F)(F)C(F)(F)F"
3044,"2706-91-4","ACEKLXZRZOWKRY-UHFFFAOYSA-N","C5HF11O3S",349.947075312,"O=S(=O)(O)C(F)(F)C(F)(F)C(F)(F)C(F)(F)C(F)(F)F"
3045,"375-73-5","JGTNAGYHADQMCM-UHFFFAOYSA-N","C4HF9O3S",299.950268872,"O=S(=O)(O)C(F)(F)C(F)(F)C(F)(F)C(F)(F)F"
3046,"70259-86-8","UTWCWKUZICRKOA-UHFFFAOYSA-N","C4H2F8O3S",281.959690684,"O=S(=O)(O)C(F)(F)C(F)(F)C(F)(F)C(F)F"
3047,NA,"GGOUUEMCWBTDMT-UHFFFAOYSA-N","C8HClF16O4S",531.902858712,"O=S(=O)(O)C(F)(F)C(F)(F)OC(F)(F)C(F)(F)C(F)(F)C(F)(F)C(F)(F)C(F)(F)Cl"
3048,NA,"RJGUAQKOHAABLK-UHFFFAOYSA-N","C4HF9O4S",315.945183492,"O=S(=O)(O)C(F)(F)C(F)(F)OC(F)(F)C(F)(F)F"
3049,NA,"CJGYUIJKVJLYKU-UHFFFAOYSA-N","C16H5F19O4S",653.96051582,"O=S(=O)(O)c1ccc(OC(F)(F)C(F)(F)C(F)(F)C(F)(F)C(F)(F)C(F)(F)C(F)(F)C(F)(F)C(F)=C(F)F)cc1"
3050,NA,"AJMAYLFJZQYRHN-UHFFFAOYSA-N","C12H5F21O3S",627.96240764,"O=S(=O)(O)CCC(F)(F)C(F)(F)C(F)(F)C(F)(F)C(F)(F)C(F)(F)C(F)(F)C(F)(F)C(F)(F)C(F)(F)F"
3051,"39108-34-4","ALVYVCQIFHTIRD-UHFFFAOYSA-N","C10H5F17O3S",527.96879476,"O=S(=O)(O)CCC(F)(F)C(F)(F)C(F)(F)C(F)(F)C(F)(F)C(F)(F)C(F)(F)C(F)(F)F"
3052,"27619-97-2","VIONGDJUYAYOPU-UHFFFAOYSA-N","C8H5F13O3S",427.97518188,"O=S(=O)(O)CCC(F)(F)C(F)(F)C(F)(F)C(F)(F)C(F)(F)C(F)(F)F"
3053,NA,"TXGIGTRUEITPSC-UHFFFAOYSA-N","C6H5F9O3S",327.981569,"O=S(=O)(O)CCC(F)(F)C(F)(F)C(F)(F)C(F)(F)F"
3054,NA,"TWIYDBQRYCWOAU-UHFFFAOYSA-N","C4HF9O2S",283.955354252,"O=S(O)C(F)(F)C(F)(F)C(F)(F)C(F)(F)F"
3055,NA,"BMBAOWBRTLODLZ-UHFFFAOYSA-N","C4H8F3NO5S2",270.979599016,"O=S(=O)(O)CCCNS(=O)(=O)C(F)(F)F"
3056,NA,"RNRXXRAIQNUKCT-UHFFFAOYSA-N","C5H8F5NO5S2",320.976405456,"O=S(=O)(O)CCCNS(=O)(=O)C(F)(F)C(F)(F)F"
3057,NA,"IXWMYPLKYQPDCA-UHFFFAOYSA-N","C6H8F7NO5S2",370.973211896,"O=S(=O)(O)CCCNS(=O)(=O)C(F)(F)C(F)(F)C(F)(F)F"
3058,NA,"PNGHFDKTDSVOEV-UHFFFAOYSA-N","C7H8F9NO5S2",420.970018336,"O=S(=O)(O)CCCNS(=O)(=O)C(F)(F)C(F)(F)C(F)(F)C(F)(F)F"
3059,NA,"KPWCWLRLXJLHTE-UHFFFAOYSA-N","C8H8F11NO5S2",470.966824776,"O=S(=O)(O)CCCNS(=O)(=O)C(F)(F)C(F)(F)C(F)(F)C(F)(F)C(F)(F)F"
3060,NA,"IFYYQLFVVGOIPH-UHFFFAOYSA-N","C9H8F13NO5S2",520.963631216,"O=S(=O)(O)CCCNS(=O)(=O)C(F)(F)C(F)(F)C(F)(F)C(F)(F)C(F)(F)C(F)(F)F"
3061,NA,"GTSBDMNGWDOEAM-UHFFFAOYSA-N","C10H8F15NO5S2",570.960437656,"O=S(=O)(O)CCCNS(=O)(=O)C(F)(F)C(F)(F)C(F)(F)C(F)(F)C(F)(F)C(F)(F)C(F)(F)F"
3062,NA,"IAVYXGSYGLIDSZ-UHFFFAOYSA-N","C12H8F19NO5S2",670.954050536,"O=S(=O)(O)CCCNS(=O)(=O)C(F)(F)C(F)(F)C(F)(F)C(F)(F)C(F)(F)C(F)(F)C(F)(F)C(F)(F)C(F)(F)F"
3063,NA,"LOAZVGJVVRJLGW-UHFFFAOYSA-N","C13H8F21NO5S2",720.950856976,"O=S(=O)(O)CCCNS(=O)(=O)C(F)(F)C(F)(F)C(F)(F)C(F)(F)C(F)(F)C(F)(F)C(F)(F)C(F)(F)C(F)(F)C(F)(F)F"
3064,NA,"XLAXXVYFLAMVPM-UHFFFAOYSA-N","C14H8F23NO5S2",770.947663416,"O=S(=O)(O)CCCNS(=O)(=O)C(F)(F)C(F)(F)C(F)(F)C(F)(F)C(F)(F)C(F)(F)C(F)(F)C(F)(F)C(F)(F)C(F)(F)C(F)(F)F"
3065,NA,"XVPCEWZTWAMYPB-UHFFFAOYSA-N","C15H8F25NO5S2",820.944469856,"O=S(=O)(O)CCCNS(=O)(=O)C(F)(F)C(F)(F)C(F)(F)C(F)(F)C(F)(F)C(F)(F)C(F)(F)C(F)(F)C(F)(F)C(F)(F)C(F)(F)C(F)(F)F"
3066,NA,"LFAGUOFODBUBPR-UHFFFAOYSA-N","C16H8F27NO5S2",870.941276296,"O=S(=O)(O)CCCNS(=O)(=O)C(F)(F)C(F)(F)C(F)(F)C(F)(F)C(F)(F)C(F)(F)C(F)(F)C(F)(F)C(F)(F)C(F)(F)C(F)(F)C(F)(F)C(F)(F)F"
3067,NA,"BYKQKTVVFSVLNX-UHFFFAOYSA-O","C9H16F5N2O4S",343.075094092,"C[N+](C)(CCCNS(=O)(=O)C(F)(F)C(F)(F)F)CC(=O)O"
3068,NA,"PJKLKBPCLORBPF-UHFFFAOYSA-O","C10H16F7N2O4S",393.071900532,"C[N+](C)(CCCNS(=O)(=O)C(F)(F)C(F)(F)C(F)(F)F)CC(=O)O"
3069,NA,"RMKCRAOZAOYBKQ-UHFFFAOYSA-O","C11H16F9N2O4S",443.068706972,"C[N+](C)(CCCNS(=O)(=O)C(F)(F)C(F)(F)C(F)(F)C(F)(F)F)CC(=O)O"
3070,NA,"SZVCFALUFWYFMZ-UHFFFAOYSA-O","C12H16F11N2O4S",493.065513412,"C[N+](C)(CCCNS(=O)(=O)C(F)(F)C(F)(F)C(F)(F)C(F)(F)C(F)(F)F)CC(=O)O"
3071,NA,"SALFKFAUHVWLMP-UHFFFAOYSA-O","C13H16F13N2O4S",543.062319852,"C[N+](C)(CCCNS(=O)(=O)C(F)(F)C(F)(F)C(F)(F)C(F)(F)C(F)(F)C(F)(F)F)CC(=O)O"
3072,NA,"ATAFHNYXRTVVCR-UHFFFAOYSA-O","C14H16F15N2O4S",593.059126292,"C[N+](C)(CCCNS(=O)(=O)C(F)(F)C(F)(F)C(F)(F)C(F)(F)C(F)(F)C(F)(F)C(F)(F)F)CC(=O)O"
3073,NA,"HFVPHRJCTIRZEM-UHFFFAOYSA-O","C15H16F17N2O4S",643.055932732,"C[N+](C)(CCCNS(=O)(=O)C(F)(F)C(F)(F)C(F)(F)C(F)(F)C(F)(F)C(F)(F)C(F)(F)C(F)(F)F)CC(=O)O"
3074,NA,"BCVAYDBHBLQAJD-UHFFFAOYSA-O","C16H16F19N2O4S",693.052739172,"C[N+](C)(CCCNS(=O)(=O)C(F)(F)C(F)(F)C(F)(F)C(F)(F)C(F)(F)C(F)(F)C(F)(F)C(F)(F)C(F)(F)F)CC(=O)O"
3075,NA,"QZMRGRQVOTVBMF-UHFFFAOYSA-O","C17H16F21N2O4S",743.049545612,"C[N+](C)(CCCNS(=O)(=O)C(F)(F)C(F)(F)C(F)(F)C(F)(F)C(F)(F)C(F)(F)C(F)(F)C(F)(F)C(F)(F)C(F)(F)F)CC(=O)O"
3076,NA,"ZOMBRIHBSKJHNM-UHFFFAOYSA-O","C18H16F23N2O4S",793.046352052,"C[N+](C)(CCCNS(=O)(=O)C(F)(F)C(F)(F)C(F)(F)C(F)(F)C(F)(F)C(F)(F)C(F)(F)C(F)(F)C(F)(F)C(F)(F)C(F)(F)F)CC(=O)O"
3077,NA,"OSBCUIAJGWMFQE-UHFFFAOYSA-O","C19H16F25N2O4S",843.043158492,"C[N+](C)(CCCNS(=O)(=O)C(F)(F)C(F)(F)C(F)(F)C(F)(F)C(F)(F)C(F)(F)C(F)(F)C(F)(F)C(F)(F)C(F)(F)C(F)(F)C(F)(F)F)CC(=O)O"
3078,NA,"XJMAXBGXVJVWKI-UHFFFAOYSA-N","CHF7O3S2",257.925533432,"O=S(=O)(O)C(F)(F)S(F)(F)(F)(F)F"
3079,NA,"JPQUOEVJGVZENU-UHFFFAOYSA-N","C2HF9O3S2",307.922339872,"O=S(=O)(O)C(F)(F)C(F)(F)S(F)(F)(F)(F)F"
3080,NA,"IWGBXUMIEVQVSE-UHFFFAOYSA-N","C3HF11O3S2",357.919146312,"O=S(=O)(O)C(F)(F)C(F)(F)C(F)(F)S(F)(F)(F)(F)F"
3081,NA,"KPEXJJSCKDVSIK-UHFFFAOYSA-N","C4HF13O3S2",407.915952752,"O=S(=O)(O)C(F)(F)C(F)(F)C(F)(F)C(F)(F)S(F)(F)(F)(F)F"
3082,NA,"IGYGSQLEPAJSAD-UHFFFAOYSA-N","C5HF15O3S2",457.912759192,"O=S(=O)(O)C(F)(F)C(F)(F)C(F)(F)C(F)(F)C(F)(F)S(F)(F)(F)(F)F"
3083,NA,"JNOLGTOUEXKSDY-UHFFFAOYSA-N","C6HF17O3S2",507.909565632,"O=S(=O)(O)C(F)(F)C(F)(F)C(F)(F)C(F)(F)C(F)(F)C(F)(F)S(F)(F)(F)(F)F"
3084,NA,"OBNMRCHHPLBKRY-UHFFFAOYSA-N","C7HF19O3S2",557.906372072,"O=S(=O)(O)C(F)(F)C(F)(F)C(F)(F)C(F)(F)C(F)(F)C(F)(F)C(F)(F)S(F)(F)(F)(F)F"
3085,NA,"PTFLVXXNVSLTOC-UHFFFAOYSA-N","C8HF21O3S2",607.903178512,"O=S(=O)(O)C(F)(F)C(F)(F)C(F)(F)C(F)(F)C(F)(F)C(F)(F)C(F)(F)C(F)(F)S(F)(F)(F)(F)F"
3086,NA,"GQDNCVBSGIWYLZ-UHFFFAOYSA-N","C9HF23O3S2",657.899984952,"O=S(=O)(O)C(F)(F)C(F)(F)C(F)(F)C(F)(F)C(F)(F)C(F)(F)C(F)(F)C(F)(F)C(F)(F)S(F)(F)(F)(F)F"
3087,NA,"RVQORXARRAEOJB-UHFFFAOYSA-N","C10HF25O3S2",707.896791392,"O=S(=O)(O)C(F)(F)C(F)(F)C(F)(F)C(F)(F)C(F)(F)C(F)(F)C(F)(F)C(F)(F)C(F)(F)C(F)(F)S(F)(F)(F)(F)F"
3088,NA,"OANMGOKXJIFRFM-UHFFFAOYSA-N","C11HF27O3S2",757.893597832,"O=S(=O)(O)C(F)(F)C(F)(F)C(F)(F)C(F)(F)C(F)(F)C(F)(F)C(F)(F)C(F)(F)C(F)(F)C(F)(F)C(F)(F)S(F)(F)(F)(F)F"
3089,NA,"JCHHESNASYPVKB-UHFFFAOYSA-N","C12HF29O3S2",807.890404272,"O=S(=O)(O)C(F)(F)C(F)(F)C(F)(F)C(F)(F)C(F)(F)C(F)(F)C(F)(F)C(F)(F)C(F)(F)C(F)(F)C(F)(F)C(F)(F)S(F)(F)(F)(F)F"
3090,NA,"NVQAJQYCFCGGQL-UHFFFAOYSA-N","C13HF31O3S2",857.887210712,"O=S(=O)(O)C(F)(F)C(F)(F)C(F)(F)C(F)(F)C(F)(F)C(F)(F)C(F)(F)C(F)(F)C(F)(F)C(F)(F)C(F)(F)C(F)(F)C(F)(F)S(F)(F)(F)(F)F"
3091,NA,"PKZSCLJLDFNOQL-UHFFFAOYSA-N","C14HF33O3S2",907.884017152,"O=S(=O)(O)C(F)(F)C(F)(F)C(F)(F)C(F)(F)C(F)(F)C(F)(F)C(F)(F)C(F)(F)C(F)(F)C(F)(F)C(F)(F)C(F)(F)C(F)(F)C(F)(F)S(F)(F)(F)(F)F"
3092,NA,"ZNCLJPLLMKLSLQ-UHFFFAOYSA-N","C2HF7O2S",221.958547812,"O=C(O)C(F)(F)S(F)(F)(F)(F)F"
3093,NA,"MAVYSZKRMGKLQG-UHFFFAOYSA-N","C3HF9O2S",271.955354252,"O=C(O)C(F)(F)C(F)(F)S(F)(F)(F)(F)F"
3094,NA,"FTCSJONJMHEDNH-UHFFFAOYSA-N","C4HF11O2S",321.952160692,"O=C(O)C(F)(F)C(F)(F)C(F)(F)S(F)(F)(F)(F)F"
3095,NA,"NDDSIRSIIHKJNN-UHFFFAOYSA-N","C5HF13O2S",371.948967132,"O=C(O)C(F)(F)C(F)(F)C(F)(F)C(F)(F)S(F)(F)(F)(F)F"
3096,NA,"ZSRJIJQZOFQLCU-UHFFFAOYSA-N","C6HF15O2S",421.945773572,"O=C(O)C(F)(F)C(F)(F)C(F)(F)C(F)(F)C(F)(F)S(F)(F)(F)(F)F"
3097,NA,"SGUMXOFIZUPKSF-UHFFFAOYSA-N","C7HF17O2S",471.942580012,"O=C(O)C(F)(F)C(F)(F)C(F)(F)C(F)(F)C(F)(F)C(F)(F)S(F)(F)(F)(F)F"
3098,NA,"AJBZTNALOBRIRR-UHFFFAOYSA-N","C8HF19O2S",521.939386452,"O=C(O)C(F)(F)C(F)(F)C(F)(F)C(F)(F)C(F)(F)C(F)(F)C(F)(F)S(F)(F)(F)(F)F"
3099,NA,"BFUDGDVNRICWJX-UHFFFAOYSA-N","C9HF21O2S",571.936192892,"O=C(O)C(F)(F)C(F)(F)C(F)(F)C(F)(F)C(F)(F)C(F)(F)C(F)(F)C(F)(F)S(F)(F)(F)(F)F"
3100,NA,"FJUDISLELHDXTQ-UHFFFAOYSA-N","C10HF23O2S",621.932999332,"O=C(O)C(F)(F)C(F)(F)C(F)(F)C(F)(F)C(F)(F)C(F)(F)C(F)(F)C(F)(F)C(F)(F)S(F)(F)(F)(F)F"
3101,NA,"QRVKESZDBVKXSL-UHFFFAOYSA-N","C11HF25O2S",671.929805772,"O=C(O)C(F)(F)C(F)(F)C(F)(F)C(F)(F)C(F)(F)C(F)(F)C(F)(F)C(F)(F)C(F)(F)C(F)(F)S(F)(F)(F)(F)F"
3102,NA,"MIKIMCVXPORNHS-UHFFFAOYSA-N","C12HF27O2S",721.926612212,"O=C(O)C(F)(F)C(F)(F)C(F)(F)C(F)(F)C(F)(F)C(F)(F)C(F)(F)C(F)(F)C(F)(F)C(F)(F)C(F)(F)S(F)(F)(F)(F)F"
3103,NA,"SRWHOTSLWMMDAX-UHFFFAOYSA-N","C13HF29O2S",771.923418652,"O=C(O)C(F)(F)C(F)(F)C(F)(F)C(F)(F)C(F)(F)C(F)(F)C(F)(F)C(F)(F)C(F)(F)C(F)(F)C(F)(F)C(F)(F)S(F)(F)(F)(F)F"
3104,NA,"XPSGIIIJVMRQGT-UHFFFAOYSA-N","C14HF31O2S",821.920225092,"O=C(O)C(F)(F)C(F)(F)C(F)(F)C(F)(F)C(F)(F)C(F)(F)C(F)(F)C(F)(F)C(F)(F)C(F)(F)C(F)(F)C(F)(F)C(F)(F)S(F)(F)(F)(F)F"
3105,NA,"BEGRKMIITWFMFN-UHFFFAOYSA-N","C15HF33O2S",871.917031532,"O=C(O)C(F)(F)C(F)(F)C(F)(F)C(F)(F)C(F)(F)C(F)(F)C(F)(F)C(F)(F)C(F)(F)C(F)(F)C(F)(F)C(F)(F)C(F)(F)C(F)(F)S(F)(F)(F)(F)F"
3106,NA,"REOXYQKMUAXKKS-UPHRSURJSA-N","C4HF7O3S",261.953462432,"O=S(=O)(O)/C(F)=C(\F)C(F)(F)C(F)(F)F"
3107,NA,"GXCNNYWZQBNTPT-UPHRSURJSA-N","C5HF9O3S",311.950268872,"O=S(=O)(O)/C(F)=C(\F)C(F)(F)C(F)(F)C(F)(F)F"
3108,NA,"PUZFCVYVAAIFKH-UPHRSURJSA-N","C6HF11O3S",361.947075312,"O=S(=O)(O)/C(F)=C(\F)C(F)(F)C(F)(F)C(F)(F)C(F)(F)F"
3109,NA,"JQGAAHOOBXJQOC-UPHRSURJSA-N","C7HF13O3S",411.943881752,"O=S(=O)(O)/C(F)=C(\F)C(F)(F)C(F)(F)C(F)(F)C(F)(F)C(F)(F)F"
3110,NA,"BTJITKWIZZLINF-UPHRSURJSA-N","C8HF15O3S",461.940688192,"O=S(=O)(O)/C(F)=C(\F)C(F)(F)C(F)(F)C(F)(F)C(F)(F)C(F)(F)C(F)(F)F"
3111,NA,"QIMGJBWEGDHOOI-UPHRSURJSA-N","C9HF17O3S",511.937494632,"O=S(=O)(O)/C(F)=C(\F)C(F)(F)C(F)(F)C(F)(F)C(F)(F)C(F)(F)C(F)(F)C(F)(F)F"
3112,NA,"XTBPOFOCXVVEEV-UPHRSURJSA-N","C10HF19O3S",561.934301072,"O=S(=O)(O)/C(F)=C(\F)C(F)(F)C(F)(F)C(F)(F)C(F)(F)C(F)(F)C(F)(F)C(F)(F)C(F)(F)F"
3113,NA,"QRCUYQUFMNYSEI-UPHRSURJSA-N","C11HF21O3S",611.931107512,"O=S(=O)(O)/C(F)=C(\F)C(F)(F)C(F)(F)C(F)(F)C(F)(F)C(F)(F)C(F)(F)C(F)(F)C(F)(F)C(F)(F)F"
3114,NA,"LMNUKKCGQYFRFX-UPHRSURJSA-N","C12HF23O3S",661.927913952,"O=S(=O)(O)/C(F)=C(\F)C(F)(F)C(F)(F)C(F)(F)C(F)(F)C(F)(F)C(F)(F)C(F)(F)C(F)(F)C(F)(F)C(F)(F)F"
3115,NA,"ITEMHGDDFJVYOW-UPHRSURJSA-N","C13HF25O3S",711.924720392,"O=S(=O)(O)/C(F)=C(\F)C(F)(F)C(F)(F)C(F)(F)C(F)(F)C(F)(F)C(F)(F)C(F)(F)C(F)(F)C(F)(F)C(F)(F)C(F)(F)F"
3116,NA,"VKGYSTYAUOKCOF-UPHRSURJSA-N","C14HF27O3S",761.921526832,"O=S(=O)(O)/C(F)=C(\F)C(F)(F)C(F)(F)C(F)(F)C(F)(F)C(F)(F)C(F)(F)C(F)(F)C(F)(F)C(F)(F)C(F)(F)C(F)(F)C(F)(F)F"
3117,NA,"JZULEBCOXKXXSZ-UPHRSURJSA-N","C15HF29O3S",811.918333272,"O=S(=O)(O)/C(F)=C(\F)C(F)(F)C(F)(F)C(F)(F)C(F)(F)C(F)(F)C(F)(F)C(F)(F)C(F)(F)C(F)(F)C(F)(F)C(F)(F)C(F)(F)C(F)(F)F"
3118,NA,"REYYDAPCYIONSR-IWQZZHSRSA-N","C5H2F8O3S",293.959690684,"O=S(=O)(O)/C(F)=C(\F)C(F)C(F)(F)C(F)(F)F"
3119,NA,"MONIHLYCDFJCLM-IWQZZHSRSA-N","C6H2F10O3S",343.956497124,"O=S(=O)(O)/C(F)=C(\F)C(F)C(F)(F)C(F)(F)C(F)(F)F"
3120,NA,"XLDFFFFXEOTGAD-IWQZZHSRSA-N","C7H2F12O3S",393.953303564,"O=S(=O)(O)/C(F)=C(\F)C(F)C(F)(F)C(F)(F)C(F)(F)C(F)(F)F"
3121,NA,"MPFJTJMFVQTDIT-IWQZZHSRSA-N","C8H2F14O3S",443.950110004,"O=S(=O)(O)/C(F)=C(\F)C(F)C(F)(F)C(F)(F)C(F)(F)C(F)(F)C(F)(F)F"
3122,NA,"DDGDUVGDRDIFBW-IWQZZHSRSA-N","C9H2F16O3S",493.946916444,"O=S(=O)(O)/C(F)=C(\F)C(F)C(F)(F)C(F)(F)C(F)(F)C(F)(F)C(F)(F)C(F)(F)F"
3123,NA,"BFARQPRHPCECAU-IWQZZHSRSA-N","C10H2F18O3S",543.943722884,"O=S(=O)(O)/C(F)=C(\F)C(F)C(F)(F)C(F)(F)C(F)(F)C(F)(F)C(F)(F)C(F)(F)C(F)(F)F"
3124,NA,"NYSBNGIQTYNOCG-IWQZZHSRSA-N","C11H2F20O3S",593.940529324,"O=S(=O)(O)/C(F)=C(\F)C(F)C(F)(F)C(F)(F)C(F)(F)C(F)(F)C(F)(F)C(F)(F)C(F)(F)C(F)(F)F"
3125,NA,"APJHDJFKIFCBBF-IWQZZHSRSA-N","C12H2F22O3S",643.937335764,"O=S(=O)(O)/C(F)=C(\F)C(F)C(F)(F)C(F)(F)C(F)(F)C(F)(F)C(F)(F)C(F)(F)C(F)(F)C(F)(F)C(F)(F)F"
3126,NA,"SBFMLQWTWLMUDT-IWQZZHSRSA-N","C13H2F24O3S",693.934142204,"O=S(=O)(O)/C(F)=C(\F)C(F)C(F)(F)C(F)(F)C(F)(F)C(F)(F)C(F)(F)C(F)(F)C(F)(F)C(F)(F)C(F)(F)C(F)(F)F"
3127,NA,"DWHRBIPRFFRMHL-IWQZZHSRSA-N","C14H2F26O3S",743.930948644,"O=S(=O)(O)/C(F)=C(\F)C(F)C(F)(F)C(F)(F)C(F)(F)C(F)(F)C(F)(F)C(F)(F)C(F)(F)C(F)(F)C(F)(F)C(F)(F)C(F)(F)F"
3128,NA,"CAHXPGQAGDXCJJ-IWQZZHSRSA-N","C15H2F28O3S",793.927755084,"O=S(=O)(O)/C(F)=C(\F)C(F)C(F)(F)C(F)(F)C(F)(F)C(F)(F)C(F)(F)C(F)(F)C(F)(F)C(F)(F)C(F)(F)C(F)(F)C(F)(F)C(F)(F)F"
3129,NA,"USBUJRJUQFJFHE-IWQZZHSRSA-N","C16H2F30O3S",843.924561524,"O=S(=O)(O)/C(F)=C(\F)C(F)C(F)(F)C(F)(F)C(F)(F)C(F)(F)C(F)(F)C(F)(F)C(F)(F)C(F)(F)C(F)(F)C(F)(F)C(F)(F)C(F)(F)C(F)(F)F"
3130,NA,"DFXIGNRYXLVEDF-UHFFFAOYSA-N","C2H2F4O3S",181.966077804,"O=S(=O)(O)C(F)C(F)(F)F"
3131,NA,"LLHBHAOIVGGEPA-UHFFFAOYSA-N","C3H2F6O3S",231.962884244,"O=S(=O)(O)C(F)C(F)(F)C(F)(F)F"
3132,NA,"LBNSFNVVWONCDE-UHFFFAOYSA-N","C11H2F22O3S",631.937335764,"O=S(=O)(O)C(F)C(F)(F)C(F)(F)C(F)(F)C(F)(F)C(F)(F)C(F)(F)C(F)(F)C(F)(F)C(F)(F)C(F)(F)F"
3133,NA,"NULNIZRBAMTMCL-UHFFFAOYSA-N","C13H2F26O3S",731.930948644,"O=S(=O)(O)C(F)C(F)(F)C(F)(F)C(F)(F)C(F)(F)C(F)(F)C(F)(F)C(F)(F)C(F)(F)C(F)(F)C(F)(F)C(F)(F)C(F)(F)F"
3134,NA,"GXYNKDCYZNZQRW-UHFFFAOYSA-N","C14H2F28O3S",781.927755084,"O=S(=O)(O)C(F)C(F)(F)C(F)(F)C(F)(F)C(F)(F)C(F)(F)C(F)(F)C(F)(F)C(F)(F)C(F)(F)C(F)(F)C(F)(F)C(F)(F)C(F)(F)F"
3135,"1827-97-0","XGMDYIYCKWMWLY-UHFFFAOYSA-N","C2H3F3O3S",163.975499616,"O=S(=O)(O)CC(F)(F)F"
3136,NA,"OPDDDUPHXZCZJD-UHFFFAOYSA-N","C3H3F5O3S",213.972306056,"O=S(=O)(O)CC(F)(F)C(F)(F)F"
3137,NA,"PPGCZBADXNYOFW-UHFFFAOYSA-N","C4H3F7O3S",263.969112496,"O=S(=O)(O)CC(F)(F)C(F)(F)C(F)(F)F"
3138,NA,"INLXGTUVLAVCOV-UHFFFAOYSA-N","C9H3F17O3S",513.953144696,"O=S(=O)(O)CC(F)(F)C(F)(F)C(F)(F)C(F)(F)C(F)(F)C(F)(F)C(F)(F)C(F)(F)F"
3139,NA,"YYWGCOBSHDANGF-UHFFFAOYSA-N","C10H3F19O3S",563.949951136,"O=S(=O)(O)CC(F)(F)C(F)(F)C(F)(F)C(F)(F)C(F)(F)C(F)(F)C(F)(F)C(F)(F)C(F)(F)F"
3140,NA,"MVCGXNBDNUSMLQ-UHFFFAOYSA-N","C11H3F21O3S",613.946757576,"O=S(=O)(O)CC(F)(F)C(F)(F)C(F)(F)C(F)(F)C(F)(F)C(F)(F)C(F)(F)C(F)(F)C(F)(F)C(F)(F)F"
3141,NA,"MHBKPNUZGPSQBZ-UHFFFAOYSA-N","C12H3F23O3S",663.943564016,"O=S(=O)(O)CC(F)(F)C(F)(F)C(F)(F)C(F)(F)C(F)(F)C(F)(F)C(F)(F)C(F)(F)C(F)(F)C(F)(F)C(F)(F)F"
3142,NA,"SMYOULLFFYZLET-UHFFFAOYSA-N","C13H3F25O3S",713.940370456,"O=S(=O)(O)CC(F)(F)C(F)(F)C(F)(F)C(F)(F)C(F)(F)C(F)(F)C(F)(F)C(F)(F)C(F)(F)C(F)(F)C(F)(F)C(F)(F)F"
3143,NA,"MVXFWGFNMIEETP-UHFFFAOYSA-N","C14H3F27O3S",763.937176896,"O=S(=O)(O)CC(F)(F)C(F)(F)C(F)(F)C(F)(F)C(F)(F)C(F)(F)C(F)(F)C(F)(F)C(F)(F)C(F)(F)C(F)(F)C(F)(F)C(F)(F)F"
3144,NA,"NJFRZAVEQXEECB-UHFFFAOYSA-O","C13H26F5N2O10S3",561.066974132,"C[N+](C)(CCCN(CC(O)CS(=O)(=O)O)S(=O)(=O)C(F)(F)C(F)(F)F)CC(O)CS(=O)(=O)O"
3145,NA,"ZRFZLMATEPZSPR-UHFFFAOYSA-O","C14H26F7N2O10S3",611.063780572,"C[N+](C)(CCCN(CC(O)CS(=O)(=O)O)S(=O)(=O)C(F)(F)C(F)(F)C(F)(F)F)CC(O)CS(=O)(=O)O"
3146,NA,"XOMGGYGQOOROBR-UHFFFAOYSA-O","C15H26F9N2O10S3",661.060587012,"C[N+](C)(CCCN(CC(O)CS(=O)(=O)O)S(=O)(=O)C(F)(F)C(F)(F)C(F)(F)C(F)(F)F)CC(O)CS(=O)(=O)O"
3147,NA,"AIMOKUHEHJVQRJ-UHFFFAOYSA-O","C16H26F11N2O10S3",711.057393452,"C[N+](C)(CCCN(CC(O)CS(=O)(=O)O)S(=O)(=O)C(F)(F)C(F)(F)C(F)(F)C(F)(F)C(F)(F)F)CC(O)CS(=O)(=O)O"
3148,NA,"HQILQIXAHVRCNF-UHFFFAOYSA-O","C17H26F13N2O10S3",761.054199892,"C[N+](C)(CCCN(CC(O)CS(=O)(=O)O)S(=O)(=O)C(F)(F)C(F)(F)C(F)(F)C(F)(F)C(F)(F)C(F)(F)F)CC(O)CS(=O)(=O)O"
3149,NA,"HGCWOLXZRRWNHW-UHFFFAOYSA-O","C18H26F15N2O10S3",811.051006332,"C[N+](C)(CCCN(CC(O)CS(=O)(=O)O)S(=O)(=O)C(F)(F)C(F)(F)C(F)(F)C(F)(F)C(F)(F)C(F)(F)C(F)(F)F)CC(O)CS(=O)(=O)O"
3150,NA,"NUPHXXYUKAHYPV-UHFFFAOYSA-O","C19H26F17N2O10S3",861.047812772,"C[N+](C)(CCCN(CC(O)CS(=O)(=O)O)S(=O)(=O)C(F)(F)C(F)(F)C(F)(F)C(F)(F)C(F)(F)C(F)(F)C(F)(F)C(F)(F)F)CC(O)CS(=O)(=O)O"
3151,NA,"JCDWNIBUMRYHOR-UHFFFAOYSA-O","C20H26F19N2O10S3",911.044619212,"C[N+](C)(CCCN(CC(O)CS(=O)(=O)O)S(=O)(=O)C(F)(F)C(F)(F)C(F)(F)C(F)(F)C(F)(F)C(F)(F)C(F)(F)C(F)(F)C(F)(F)F)CC(O)CS(=O)(=O)O"
3152,NA,"ZBJKLQGSEBYBLA-UHFFFAOYSA-O","C21H26F21N2O10S3",961.041425652,"C[N+](C)(CCCN(CC(O)CS(=O)(=O)O)S(=O)(=O)C(F)(F)C(F)(F)C(F)(F)C(F)(F)C(F)(F)C(F)(F)C(F)(F)C(F)(F)C(F)(F)C(F)(F)F)CC(O)CS(=O)(=O)O"
3153,NA,"OQWSNANNJNEUIO-UHFFFAOYSA-O","C22H26F23N2O10S3",1011.038232092,"C[N+](C)(CCCN(CC(O)CS(=O)(=O)O)S(=O)(=O)C(F)(F)C(F)(F)C(F)(F)C(F)(F)C(F)(F)C(F)(F)C(F)(F)C(F)(F)C(F)(F)C(F)(F)C(F)(F)F)CC(O)CS(=O)(=O)O"
3154,NA,"NUYAOAAQLAESQC-UHFFFAOYSA-O","C23H26F25N2O10S3",1061.035038532,"C[N+](C)(CCCN(CC(O)CS(=O)(=O)O)S(=O)(=O)C(F)(F)C(F)(F)C(F)(F)C(F)(F)C(F)(F)C(F)(F)C(F)(F)C(F)(F)C(F)(F)C(F)(F)C(F)(F)C(F)(F)F)CC(O)CS(=O)(=O)O"
3155,NA,"NKVDSHTXEABHQJ-UHFFFAOYSA-N","C11H21F5N2O6S2",436.076119492,"CN(C)CCC(CO)N(CCCS(=O)(=O)O)S(=O)(=O)C(F)(F)C(F)(F)F"
3156,NA,"BIQYWSNOTCLLBI-UHFFFAOYSA-N","C12H21F7N2O6S2",486.072925932,"CN(C)CCC(CO)N(CCCS(=O)(=O)O)S(=O)(=O)C(F)(F)C(F)(F)C(F)(F)F"
3157,NA,"CFGBBEUWMANCNU-UHFFFAOYSA-N","C13H21F9N2O6S2",536.069732372,"CN(C)CCC(CO)N(CCCS(=O)(=O)O)S(=O)(=O)C(F)(F)C(F)(F)C(F)(F)C(F)(F)F"
3158,NA,"IXSGTMGWSALGCD-UHFFFAOYSA-N","C14H21F11N2O6S2",586.066538812,"CN(C)CCC(CO)N(CCCS(=O)(=O)O)S(=O)(=O)C(F)(F)C(F)(F)C(F)(F)C(F)(F)C(F)(F)F"
3159,NA,"NPCGTGMONUSERM-UHFFFAOYSA-N","C15H21F13N2O6S2",636.063345252,"CN(C)CCC(CO)N(CCCS(=O)(=O)O)S(=O)(=O)C(F)(F)C(F)(F)C(F)(F)C(F)(F)C(F)(F)C(F)(F)F"
3160,NA,"CQPFDNHDYHDOMN-UHFFFAOYSA-N","C16H21F15N2O6S2",686.060151692,"CN(C)CCC(CO)N(CCCS(=O)(=O)O)S(=O)(=O)C(F)(F)C(F)(F)C(F)(F)C(F)(F)C(F)(F)C(F)(F)C(F)(F)F"
3161,NA,"MILRLYBECGIHIH-UHFFFAOYSA-N","C17H21F17N2O6S2",736.056958132,"CN(C)CCC(CO)N(CCCS(=O)(=O)O)S(=O)(=O)C(F)(F)C(F)(F)C(F)(F)C(F)(F)C(F)(F)C(F)(F)C(F)(F)C(F)(F)F"
3162,NA,"ATUVTYZGVJQFQL-UHFFFAOYSA-N","C18H21F19N2O6S2",786.053764572,"CN(C)CCC(CO)N(CCCS(=O)(=O)O)S(=O)(=O)C(F)(F)C(F)(F)C(F)(F)C(F)(F)C(F)(F)C(F)(F)C(F)(F)C(F)(F)C(F)(F)F"
3163,NA,"NCTAJMGBCWVQBJ-UHFFFAOYSA-N","C19H21F21N2O6S2",836.050571012,"CN(C)CCC(CO)N(CCCS(=O)(=O)O)S(=O)(=O)C(F)(F)C(F)(F)C(F)(F)C(F)(F)C(F)(F)C(F)(F)C(F)(F)C(F)(F)C(F)(F)C(F)(F)F"
3164,NA,"ONCUFOXULSRXDE-UHFFFAOYSA-N","C20H21F23N2O6S2",886.047377452,"CN(C)CCC(CO)N(CCCS(=O)(=O)O)S(=O)(=O)C(F)(F)C(F)(F)C(F)(F)C(F)(F)C(F)(F)C(F)(F)C(F)(F)C(F)(F)C(F)(F)C(F)(F)C(F)(F)F"
3165,NA,"BUPOCBABBUGJEO-UHFFFAOYSA-N","C21H21F25N2O6S2",936.044183892,"CN(C)CCC(CO)N(CCCS(=O)(=O)O)S(=O)(=O)C(F)(F)C(F)(F)C(F)(F)C(F)(F)C(F)(F)C(F)(F)C(F)(F)C(F)(F)C(F)(F)C(F)(F)C(F)(F)C(F)(F)F"
3166,NA,"LNUVLDHYWGJVJO-UHFFFAOYSA-O","C12H22F5N2O7S2",465.078859144,"C[N+](C)(CCCN(CC(=O)O)S(=O)(=O)C(F)(F)C(F)(F)F)CCCS(=O)(=O)O"
3167,NA,"FAQGNSRUIJUXAQ-UHFFFAOYSA-O","C13H22F7N2O7S2",515.075665584,"C[N+](C)(CCCN(CC(=O)O)S(=O)(=O)C(F)(F)C(F)(F)C(F)(F)F)CCCS(=O)(=O)O"
3168,NA,"WIDPNIMIITUSNQ-UHFFFAOYSA-O","C14H22F9N2O7S2",565.072472024,"C[N+](C)(CCCN(CC(=O)O)S(=O)(=O)C(F)(F)C(F)(F)C(F)(F)C(F)(F)F)CCCS(=O)(=O)O"
3169,NA,"MEMWBAFWGGFXDJ-UHFFFAOYSA-O","C15H22F11N2O7S2",615.069278464,"C[N+](C)(CCCN(CC(=O)O)S(=O)(=O)C(F)(F)C(F)(F)C(F)(F)C(F)(F)C(F)(F)F)CCCS(=O)(=O)O"
3170,NA,"ULXXTBSQAWPGEP-UHFFFAOYSA-O","C16H22F13N2O7S2",665.066084904,"C[N+](C)(CCCN(CC(=O)O)S(=O)(=O)C(F)(F)C(F)(F)C(F)(F)C(F)(F)C(F)(F)C(F)(F)F)CCCS(=O)(=O)O"
3171,NA,"QJGGIUYLZATCJF-UHFFFAOYSA-O","C17H22F15N2O7S2",715.062891344,"C[N+](C)(CCCN(CC(=O)O)S(=O)(=O)C(F)(F)C(F)(F)C(F)(F)C(F)(F)C(F)(F)C(F)(F)C(F)(F)F)CCCS(=O)(=O)O"
3172,NA,"IOSUBRGBUWQZMF-UHFFFAOYSA-O","C18H22F17N2O7S2",765.059697784,"C[N+](C)(CCCN(CC(=O)O)S(=O)(=O)C(F)(F)C(F)(F)C(F)(F)C(F)(F)C(F)(F)C(F)(F)C(F)(F)C(F)(F)F)CCCS(=O)(=O)O"
3173,NA,"JTWANVFSBSQELJ-UHFFFAOYSA-O","C19H22F19N2O7S2",815.056504224,"C[N+](C)(CCCN(CC(=O)O)S(=O)(=O)C(F)(F)C(F)(F)C(F)(F)C(F)(F)C(F)(F)C(F)(F)C(F)(F)C(F)(F)C(F)(F)F)CCCS(=O)(=O)O"
3174,NA,"DFXZKRDSDJBERC-UHFFFAOYSA-O","C20H22F21N2O7S2",865.053310664,"C[N+](C)(CCCN(CC(=O)O)S(=O)(=O)C(F)(F)C(F)(F)C(F)(F)C(F)(F)C(F)(F)C(F)(F)C(F)(F)C(F)(F)C(F)(F)C(F)(F)F)CCCS(=O)(=O)O"
3175,NA,"DIFRZIYIDKQUCM-UHFFFAOYSA-O","C21H22F23N2O7S2",915.050117104,"C[N+](C)(CCCN(CC(=O)O)S(=O)(=O)C(F)(F)C(F)(F)C(F)(F)C(F)(F)C(F)(F)C(F)(F)C(F)(F)C(F)(F)C(F)(F)C(F)(F)C(F)(F)F)CCCS(=O)(=O)O"
3176,NA,"MITMLNBLBHTEPJ-UHFFFAOYSA-O","C22H22F25N2O7S2",965.046923544,"C[N+](C)(CCCN(CC(=O)O)S(=O)(=O)C(F)(F)C(F)(F)C(F)(F)C(F)(F)C(F)(F)C(F)(F)C(F)(F)C(F)(F)C(F)(F)C(F)(F)C(F)(F)C(F)(F)F)CCCS(=O)(=O)O"
3177,NA,"SLDGAWVFDNVAFW-UHFFFAOYSA-N","C10H22F3N2O4S",323.125237844,"C[N+](C)(CCCNS(=O)(=O)C(F)(F)F)CCC(O)CO"
3178,NA,"AOXVRDVSNDMGHO-UHFFFAOYSA-N","C11H22F5N2O4S",373.122044284,"C[N+](C)(CCCNS(=O)(=O)C(F)(F)C(F)(F)F)CCC(O)CO"
3179,NA,"ULTQQCHYIFIXEB-UHFFFAOYSA-N","C12H22F7N2O4S",423.118850724,"C[N+](C)(CCCNS(=O)(=O)C(F)(F)C(F)(F)C(F)(F)F)CCC(O)CO"
3180,NA,"JXEACTCDFVAVPV-UHFFFAOYSA-N","C13H22F9N2O4S",473.115657164,"C[N+](C)(CCCNS(=O)(=O)C(F)(F)C(F)(F)C(F)(F)C(F)(F)F)CCC(O)CO"
3181,NA,"WXVAPDQRFHNNTQ-UHFFFAOYSA-N","C14H22F11N2O4S",523.112463604,"C[N+](C)(CCCNS(=O)(=O)C(F)(F)C(F)(F)C(F)(F)C(F)(F)C(F)(F)F)CCC(O)CO"
3182,NA,"BUSJBANWKBNRQW-UHFFFAOYSA-N","C15H22F13N2O4S",573.109270044,"C[N+](C)(CCCNS(=O)(=O)C(F)(F)C(F)(F)C(F)(F)C(F)(F)C(F)(F)C(F)(F)F)CCC(O)CO"
3183,NA,"YYVVGXRPIPFAQP-UHFFFAOYSA-N","C16H22F15N2O4S",623.106076484,"C[N+](C)(CCCNS(=O)(=O)C(F)(F)C(F)(F)C(F)(F)C(F)(F)C(F)(F)C(F)(F)C(F)(F)F)CCC(O)CO"
3184,NA,"VOXMRQODFDPSKM-UHFFFAOYSA-N","C17H22F17N2O4S",673.102882924,"C[N+](C)(CCCNS(=O)(=O)C(F)(F)C(F)(F)C(F)(F)C(F)(F)C(F)(F)C(F)(F)C(F)(F)C(F)(F)F)CCC(O)CO"
3185,NA,"RPBZIRXBFYNLNQ-UHFFFAOYSA-N","C18H22F19N2O4S",723.099689364,"C[N+](C)(CCCNS(=O)(=O)C(F)(F)C(F)(F)C(F)(F)C(F)(F)C(F)(F)C(F)(F)C(F)(F)C(F)(F)C(F)(F)F)CCC(O)CO"
3186,NA,"CSZFBZLUVHCYBJ-UHFFFAOYSA-N","C19H22F21N2O4S",773.096495804,"C[N+](C)(CCCNS(=O)(=O)C(F)(F)C(F)(F)C(F)(F)C(F)(F)C(F)(F)C(F)(F)C(F)(F)C(F)(F)C(F)(F)C(F)(F)F)CCC(O)CO"
3187,NA,"PBARVKCUYUJBOH-UHFFFAOYSA-N","C20H22F23N2O4S",823.093302244,"C[N+](C)(CCCNS(=O)(=O)C(F)(F)C(F)(F)C(F)(F)C(F)(F)C(F)(F)C(F)(F)C(F)(F)C(F)(F)C(F)(F)C(F)(F)C(F)(F)F)CCC(O)CO"
3188,NA,"KZMLJMUBTWGXCQ-UHFFFAOYSA-N","C21H22F25N2O4S",873.090108684,"C[N+](C)(CCCNS(=O)(=O)C(F)(F)C(F)(F)C(F)(F)C(F)(F)C(F)(F)C(F)(F)C(F)(F)C(F)(F)C(F)(F)C(F)(F)C(F)(F)C(F)(F)F)CCC(O)CO"
3189,NA,"NPDKKUMXYIXYGI-UHFFFAOYSA-N","C4H5F5O4S",243.98287074,"O=S(=O)(O)C(O)CC(F)(F)C(F)(F)F"
3190,NA,"XVMUWRHNIQREHG-UHFFFAOYSA-N","C5H5F7O4S",293.97967718,"O=S(=O)(O)C(O)CC(F)(F)C(F)(F)C(F)(F)F"
3191,NA,"FVJAERWLICOZSD-UHFFFAOYSA-N","C6H5F9O4S",343.97648362,"O=S(=O)(O)C(O)CC(F)(F)C(F)(F)C(F)(F)C(F)(F)F"
3192,NA,"CDZUVFCZDWZHHN-UHFFFAOYSA-N","C7H5F11O4S",393.97329006,"O=S(=O)(O)C(O)CC(F)(F)C(F)(F)C(F)(F)C(F)(F)C(F)(F)F"
3193,NA,"TWHCHVHSCCYMJT-UHFFFAOYSA-N","C8H5F13O4S",443.9700965,"O=S(=O)(O)C(O)CC(F)(F)C(F)(F)C(F)(F)C(F)(F)C(F)(F)C(F)(F)F"
3194,NA,"ZZQKNCHBPCJOSC-UHFFFAOYSA-N","C9H5F15O4S",493.96690294,"O=S(=O)(O)C(O)CC(F)(F)C(F)(F)C(F)(F)C(F)(F)C(F)(F)C(F)(F)C(F)(F)F"
3195,NA,"VRJWTMNIGCNXFO-UHFFFAOYSA-N","C10H5F17O4S",543.96370938,"O=S(=O)(O)C(O)CC(F)(F)C(F)(F)C(F)(F)C(F)(F)C(F)(F)C(F)(F)C(F)(F)C(F)(F)F"
3196,NA,"QHPUGDMKHLYWBL-UHFFFAOYSA-N","C11H5F19O4S",593.96051582,"O=S(=O)(O)C(O)CC(F)(F)C(F)(F)C(F)(F)C(F)(F)C(F)(F)C(F)(F)C(F)(F)C(F)(F)C(F)(F)F"
3197,NA,"VZRLLSHWSAZVCD-UHFFFAOYSA-N","C12H5F21O4S",643.95732226,"O=S(=O)(O)C(O)CC(F)(F)C(F)(F)C(F)(F)C(F)(F)C(F)(F)C(F)(F)C(F)(F)C(F)(F)C(F)(F)C(F)(F)F"
3198,NA,"BGIREOVTDATSNY-UHFFFAOYSA-N","C13H5F23O4S",693.9541287,"O=S(=O)(O)C(O)CC(F)(F)C(F)(F)C(F)(F)C(F)(F)C(F)(F)C(F)(F)C(F)(F)C(F)(F)C(F)(F)C(F)(F)C(F)(F)F"
3199,NA,"QNEFKNXGMXJIPG-UHFFFAOYSA-N","C14H5F25O4S",743.95093514,"O=S(=O)(O)C(O)CC(F)(F)C(F)(F)C(F)(F)C(F)(F)C(F)(F)C(F)(F)C(F)(F)C(F)(F)C(F)(F)C(F)(F)C(F)(F)C(F)(F)F"
3200,NA,"FFYQTYHFYXMVJO-UHFFFAOYSA-N","C16H5F29O4S",843.94454802,"O=S(=O)(O)C(O)CC(F)(F)C(F)(F)C(F)(F)C(F)(F)C(F)(F)C(F)(F)C(F)(F)C(F)(F)C(F)(F)C(F)(F)C(F)(F)C(F)(F)C(F)(F)C(F)(F)F"
3201,NA,"XQRMNWYYTHHLKX-UHFFFAOYSA-N","C18H5F33O4S",943.9381609,"O=S(=O)(O)C(O)CC(F)(F)C(F)(F)C(F)(F)C(F)(F)C(F)(F)C(F)(F)C(F)(F)C(F)(F)C(F)(F)C(F)(F)C(F)(F)C(F)(F)C(F)(F)C(F)(F)C(F)(F)C(F)(F)F"
3202,NA,"ZYRYBLAISHENKT-UHFFFAOYSA-N","C20H5F37O4S",1043.93177378,"O=S(=O)(O)C(O)CC(F)(F)C(F)(F)C(F)(F)C(F)(F)C(F)(F)C(F)(F)C(F)(F)C(F)(F)C(F)(F)C(F)(F)C(F)(F)C(F)(F)C(F)(F)C(F)(F)C(F)(F)C(F)(F)C(F)(F)C(F)(F)F"
3203,NA,"DYLSUONSWDIYHQ-UHFFFAOYSA-N","C7H9F5O4S",284.014170868,"O=C(O)CCS(=O)(=O)CCC(F)(F)C(F)(F)F"
3204,NA,"PRLIBGCRDRLDIL-UHFFFAOYSA-N","C9H9F9O4S",384.007783748,"O=C(O)CCS(=O)(=O)CCC(F)(F)C(F)(F)C(F)(F)C(F)(F)F"
3205,NA,"DJIXHYAJLARCOP-UHFFFAOYSA-N","C11H9F13O4S",484.001396628,"O=C(O)CCS(=O)(=O)CCC(F)(F)C(F)(F)C(F)(F)C(F)(F)C(F)(F)C(F)(F)F"
3206,NA,"WWVKFEADLJWCEW-UHFFFAOYSA-N","C13H9F17O4S",583.995009508,"O=C(O)CCS(=O)(=O)CCC(F)(F)C(F)(F)C(F)(F)C(F)(F)C(F)(F)C(F)(F)C(F)(F)C(F)(F)F"
3207,NA,"PJLKPKUEBLAJTD-UHFFFAOYSA-N","C15H9F21O4S",683.988622388,"O=C(O)CCS(=O)(=O)CCC(F)(F)C(F)(F)C(F)(F)C(F)(F)C(F)(F)C(F)(F)C(F)(F)C(F)(F)C(F)(F)C(F)(F)F"
3208,NA,"ONQZKTOLRRSSPW-UHFFFAOYSA-N","C17H9F25O4S",783.982235268,"O=C(O)CCS(=O)(=O)CCC(F)(F)C(F)(F)C(F)(F)C(F)(F)C(F)(F)C(F)(F)C(F)(F)C(F)(F)C(F)(F)C(F)(F)C(F)(F)C(F)(F)F"
3209,NA,"MFLUFARFVCVNEN-UHFFFAOYSA-N","C19H9F29O4S",883.975848148,"O=C(O)CCS(=O)(=O)CCC(F)(F)C(F)(F)C(F)(F)C(F)(F)C(F)(F)C(F)(F)C(F)(F)C(F)(F)C(F)(F)C(F)(F)C(F)(F)C(F)(F)C(F)(F)C(F)(F)F"
3210,NA,"ZBVLJYKDEIKMRN-UHFFFAOYSA-O","C13H26F5N2O8S3",529.077144892,"C[N+](C)(CCCN(CCCS(=O)(=O)O)S(=O)(=O)C(F)(F)C(F)(F)F)CCCS(=O)(=O)O"
3211,NA,"LRXMWUGTUSKIRI-UHFFFAOYSA-O","C14H26F7N2O8S3",579.073951332,"C[N+](C)(CCCN(CCCS(=O)(=O)O)S(=O)(=O)C(F)(F)C(F)(F)C(F)(F)F)CCCS(=O)(=O)O"
3212,NA,"SLCJWMLFYWRTEQ-UHFFFAOYSA-O","C15H26F9N2O8S3",629.070757772,"C[N+](C)(CCCN(CCCS(=O)(=O)O)S(=O)(=O)C(F)(F)C(F)(F)C(F)(F)C(F)(F)F)CCCS(=O)(=O)O"
3213,NA,"FCYIOXJRCMYMIW-UHFFFAOYSA-O","C16H26F11N2O8S3",679.067564212,"C[N+](C)(CCCN(CCCS(=O)(=O)O)S(=O)(=O)C(F)(F)C(F)(F)C(F)(F)C(F)(F)C(F)(F)F)CCCS(=O)(=O)O"
3214,NA,"XJWXHAVPVAKYGX-UHFFFAOYSA-O","C17H26F13N2O8S3",729.064370652,"C[N+](C)(CCCN(CCCS(=O)(=O)O)S(=O)(=O)C(F)(F)C(F)(F)C(F)(F)C(F)(F)C(F)(F)C(F)(F)F)CCCS(=O)(=O)O"
3215,NA,"QXAJUGIKMOXNDF-UHFFFAOYSA-O","C18H26F15N2O8S3",779.061177092,"C[N+](C)(CCCN(CCCS(=O)(=O)O)S(=O)(=O)C(F)(F)C(F)(F)C(F)(F)C(F)(F)C(F)(F)C(F)(F)C(F)(F)F)CCCS(=O)(=O)O"
3216,NA,"FHWPTNWVEZCJTE-UHFFFAOYSA-O","C19H26F17N2O8S3",829.057983532,"C[N+](C)(CCCN(CCCS(=O)(=O)O)S(=O)(=O)C(F)(F)C(F)(F)C(F)(F)C(F)(F)C(F)(F)C(F)(F)C(F)(F)C(F)(F)F)CCCS(=O)(=O)O"
3217,NA,"WSDJHLBILQFQCK-UHFFFAOYSA-O","C20H26F19N2O8S3",879.054789972,"C[N+](C)(CCCN(CCCS(=O)(=O)O)S(=O)(=O)C(F)(F)C(F)(F)C(F)(F)C(F)(F)C(F)(F)C(F)(F)C(F)(F)C(F)(F)C(F)(F)F)CCCS(=O)(=O)O"
3218,NA,"VTRHPUQUZMOZMI-UHFFFAOYSA-O","C21H26F21N2O8S3",929.051596412,"C[N+](C)(CCCN(CCCS(=O)(=O)O)S(=O)(=O)C(F)(F)C(F)(F)C(F)(F)C(F)(F)C(F)(F)C(F)(F)C(F)(F)C(F)(F)C(F)(F)C(F)(F)F)CCCS(=O)(=O)O"
3219,NA,"OYDZPSQMKTXMHL-UHFFFAOYSA-O","C22H26F23N2O8S3",979.048402852,"C[N+](C)(CCCN(CCCS(=O)(=O)O)S(=O)(=O)C(F)(F)C(F)(F)C(F)(F)C(F)(F)C(F)(F)C(F)(F)C(F)(F)C(F)(F)C(F)(F)C(F)(F)C(F)(F)F)CCCS(=O)(=O)O"
3220,NA,"MNEUMVRAZLZQKY-UHFFFAOYSA-O","C23H26F25N2O8S3",1029.045209292,"C[N+](C)(CCCN(CCCS(=O)(=O)O)S(=O)(=O)C(F)(F)C(F)(F)C(F)(F)C(F)(F)C(F)(F)C(F)(F)C(F)(F)C(F)(F)C(F)(F)C(F)(F)C(F)(F)C(F)(F)F)CCCS(=O)(=O)O"
3221,NA,"LDZIFNIHIQHLRV-UHFFFAOYSA-N","C11H22F5N2O5S",389.116958904,"C[N+](C)(CCC(CO)NS(=O)(=O)C(F)(F)C(F)(F)F)CC(O)CO"
3222,NA,"SAAUMNRGHWWJAY-UHFFFAOYSA-N","C12H22F7N2O5S",439.113765344,"C[N+](C)(CCC(CO)NS(=O)(=O)C(F)(F)C(F)(F)C(F)(F)F)CC(O)CO"
3223,NA,"ZUHZMUYSOWMRAJ-UHFFFAOYSA-N","C13H22F9N2O5S",489.110571784,"C[N+](C)(CCC(CO)NS(=O)(=O)C(F)(F)C(F)(F)C(F)(F)C(F)(F)F)CC(O)CO"
3224,NA,"OYVKWISFZJKPGB-UHFFFAOYSA-N","C14H22F11N2O5S",539.107378224,"C[N+](C)(CCC(CO)NS(=O)(=O)C(F)(F)C(F)(F)C(F)(F)C(F)(F)C(F)(F)F)CC(O)CO"
3225,NA,"BMIZIQDVFGXCOB-UHFFFAOYSA-N","C15H22F13N2O5S",589.104184664,"C[N+](C)(CCC(CO)NS(=O)(=O)C(F)(F)C(F)(F)C(F)(F)C(F)(F)C(F)(F)C(F)(F)F)CC(O)CO"
3226,NA,"RATWFGJMIDNZOQ-UHFFFAOYSA-N","C16H22F15N2O5S",639.100991104,"C[N+](C)(CCC(CO)NS(=O)(=O)C(F)(F)C(F)(F)C(F)(F)C(F)(F)C(F)(F)C(F)(F)C(F)(F)F)CC(O)CO"
3227,NA,"SECSHJKNYSZTGS-UHFFFAOYSA-N","C17H22F17N2O5S",689.097797544,"C[N+](C)(CCC(CO)NS(=O)(=O)C(F)(F)C(F)(F)C(F)(F)C(F)(F)C(F)(F)C(F)(F)C(F)(F)C(F)(F)F)CC(O)CO"
3228,NA,"UNMGCUFUMVNGCB-UHFFFAOYSA-N","C18H22F19N2O5S",739.094603984,"C[N+](C)(CCC(CO)NS(=O)(=O)C(F)(F)C(F)(F)C(F)(F)C(F)(F)C(F)(F)C(F)(F)C(F)(F)C(F)(F)C(F)(F)F)CC(O)CO"
3229,NA,"JJMOWPXFFOQCST-UHFFFAOYSA-N","C19H22F21N2O5S",789.091410424,"C[N+](C)(CCC(CO)NS(=O)(=O)C(F)(F)C(F)(F)C(F)(F)C(F)(F)C(F)(F)C(F)(F)C(F)(F)C(F)(F)C(F)(F)C(F)(F)F)CC(O)CO"
3230,NA,"OIXFAFLVDVZDHK-UHFFFAOYSA-N","C20H22F23N2O5S",839.088216864,"C[N+](C)(CCC(CO)NS(=O)(=O)C(F)(F)C(F)(F)C(F)(F)C(F)(F)C(F)(F)C(F)(F)C(F)(F)C(F)(F)C(F)(F)C(F)(F)C(F)(F)F)CC(O)CO"
3231,NA,"ZAWCEASVWOEBNZ-UHFFFAOYSA-N","C21H22F25N2O5S",889.085023304,"C[N+](C)(CCC(CO)NS(=O)(=O)C(F)(F)C(F)(F)C(F)(F)C(F)(F)C(F)(F)C(F)(F)C(F)(F)C(F)(F)C(F)(F)C(F)(F)C(F)(F)C(F)(F)F)CC(O)CO"
3232,NA,"XYMXFNHFPLQXTR-UHFFFAOYSA-N","C2HClF4O3S",215.927105452,"O=S(=O)(O)C(F)(Cl)C(F)(F)F"
3233,NA,"OBBBWCLLTYQFFZ-UHFFFAOYSA-N","C3HClF6O3S",265.923911892,"O=S(=O)(O)C(F)(Cl)C(F)(F)C(F)(F)F"
3234,NA,"IQCHUJYEVZZWCI-UHFFFAOYSA-N","C4HClF8O3S",315.920718332,"O=S(=O)(O)C(F)(Cl)C(F)(F)C(F)(F)C(F)(F)F"
3235,NA,"XKXAHJLACPVBNP-UHFFFAOYSA-N","C5HClF10O3S",365.917524772,"O=S(=O)(O)C(F)(Cl)C(F)(F)C(F)(F)C(F)(F)C(F)(F)F"
3236,NA,"UKYURESKXPQWHO-UHFFFAOYSA-N","C6HClF12O3S",415.914331212,"O=S(=O)(O)C(F)(Cl)C(F)(F)C(F)(F)C(F)(F)C(F)(F)C(F)(F)F"
3237,NA,"MOHRJUUZWQXUHK-UHFFFAOYSA-N","C7HClF14O3S",465.911137652,"O=S(=O)(O)C(F)(Cl)C(F)(F)C(F)(F)C(F)(F)C(F)(F)C(F)(F)C(F)(F)F"
3238,NA,"CJZVOARZPASTAD-UHFFFAOYSA-N","C8HClF16O3S",515.907944092,"O=S(=O)(O)C(F)(Cl)C(F)(F)C(F)(F)C(F)(F)C(F)(F)C(F)(F)C(F)(F)C(F)(F)F"
3239,NA,"JQFBXPNQRSKECV-UHFFFAOYSA-N","C9HClF18O3S",565.904750532,"O=S(=O)(O)C(F)(Cl)C(F)(F)C(F)(F)C(F)(F)C(F)(F)C(F)(F)C(F)(F)C(F)(F)C(F)(F)F"
3240,NA,"MKQRDRKKFVVWQF-UHFFFAOYSA-N","C10HClF20O3S",615.901556972,"O=S(=O)(O)C(F)(Cl)C(F)(F)C(F)(F)C(F)(F)C(F)(F)C(F)(F)C(F)(F)C(F)(F)C(F)(F)C(F)(F)F"
3241,NA,"DRSYIASNNCREQL-UHFFFAOYSA-N","C11HClF22O3S",665.898363412,"O=S(=O)(O)C(F)(Cl)C(F)(F)C(F)(F)C(F)(F)C(F)(F)C(F)(F)C(F)(F)C(F)(F)C(F)(F)C(F)(F)C(F)(F)F"
3242,NA,"QHVVGSHFKKYDBS-UHFFFAOYSA-N","C12HClF24O3S",715.895169852,"O=S(=O)(O)C(F)(Cl)C(F)(F)C(F)(F)C(F)(F)C(F)(F)C(F)(F)C(F)(F)C(F)(F)C(F)(F)C(F)(F)C(F)(F)C(F)(F)F"
3243,NA,"JROSINBIRNEAHJ-UHFFFAOYSA-N","C13HClF26O3S",765.891976292,"O=S(=O)(O)C(F)(Cl)C(F)(F)C(F)(F)C(F)(F)C(F)(F)C(F)(F)C(F)(F)C(F)(F)C(F)(F)C(F)(F)C(F)(F)C(F)(F)C(F)(F)F"
3244,NA,"SIYNXAQFTVNNIB-UHFFFAOYSA-N","C14HClF28O3S",815.888782732,"O=S(=O)(O)C(F)(Cl)C(F)(F)C(F)(F)C(F)(F)C(F)(F)C(F)(F)C(F)(F)C(F)(F)C(F)(F)C(F)(F)C(F)(F)C(F)(F)C(F)(F)C(F)(F)F"
3245,NA,"WNJJFMLYDWUWFR-UHFFFAOYSA-N","C15HClF30O3S",865.885589172,"O=S(=O)(O)C(F)(Cl)C(F)(F)C(F)(F)C(F)(F)C(F)(F)C(F)(F)C(F)(F)C(F)(F)C(F)(F)C(F)(F)C(F)(F)C(F)(F)C(F)(F)C(F)(F)C(F)(F)F"
3246,NA,"SFEBPWPPVGRFOA-UHFFFAOYSA-N","CHF3O2S",133.964934932,"O=S(O)C(F)(F)F"
3247,NA,"MOFLIWVSDXPEDX-UHFFFAOYSA-N","C2HF5O2S",183.961741372,"O=S(O)C(F)(F)C(F)(F)F"
3248,NA,"XSCWUQGTFQIWOB-UHFFFAOYSA-N","C3HF7O2S",233.958547812,"O=S(O)C(F)(F)C(F)(F)C(F)(F)F"
3249,NA,"VWOZJJGGBQGKFY-UHFFFAOYSA-N","C5HF11O2S",333.952160692,"O=S(O)C(F)(F)C(F)(F)C(F)(F)C(F)(F)C(F)(F)F"
3250,NA,"IYYLVCKNCOIEJX-UHFFFAOYSA-N","C6HF13O2S",383.948967132,"O=S(O)C(F)(F)C(F)(F)C(F)(F)C(F)(F)C(F)(F)C(F)(F)F"
3251,NA,"PCGFFOXXPIGVKC-UHFFFAOYSA-N","C7HF15O2S",433.945773572,"O=S(O)C(F)(F)C(F)(F)C(F)(F)C(F)(F)C(F)(F)C(F)(F)C(F)(F)F"
3252,NA,"DFCYBFLXCKGZML-UHFFFAOYSA-N","C8HF17O2S",483.942580012,"O=S(O)C(F)(F)C(F)(F)C(F)(F)C(F)(F)C(F)(F)C(F)(F)C(F)(F)C(F)(F)F"
3253,NA,"OCIZMNFNBDCOKS-UHFFFAOYSA-N","C9HF19O2S",533.939386452,"O=S(O)C(F)(F)C(F)(F)C(F)(F)C(F)(F)C(F)(F)C(F)(F)C(F)(F)C(F)(F)C(F)(F)F"
3254,NA,"RZOWBTUTXFOGCW-UHFFFAOYSA-N","C10HF21O2S",583.936192892,"O=S(O)C(F)(F)C(F)(F)C(F)(F)C(F)(F)C(F)(F)C(F)(F)C(F)(F)C(F)(F)C(F)(F)C(F)(F)F"
3255,NA,"DPAJOTXHYSBOMW-UHFFFAOYSA-N","C11HF23O2S",633.932999332,"O=S(O)C(F)(F)C(F)(F)C(F)(F)C(F)(F)C(F)(F)C(F)(F)C(F)(F)C(F)(F)C(F)(F)C(F)(F)C(F)(F)F"
3256,NA,"KNWFCLXIAQFCMA-UHFFFAOYSA-N","C12HF25O2S",683.929805772,"O=S(O)C(F)(F)C(F)(F)C(F)(F)C(F)(F)C(F)(F)C(F)(F)C(F)(F)C(F)(F)C(F)(F)C(F)(F)C(F)(F)C(F)(F)F"
3257,NA,"JIZDNRQFVBGFLX-UHFFFAOYSA-N","C11H18F5NO6S2",419.049570396,"CC(C)(CS(=O)(=O)O)N=C(O)CCS(=O)(=O)CCC(F)(F)C(F)(F)F"
3258,NA,"MDGZRVCSTWUTMU-UHFFFAOYSA-N","C13H18F9NO6S2",519.043183276,"CC(C)(CS(=O)(=O)O)N=C(O)CCS(=O)(=O)CCC(F)(F)C(F)(F)C(F)(F)C(F)(F)F"
3259,NA,"RZBHYDQKJKDSNP-UHFFFAOYSA-N","C15H18F13NO6S2",619.036796156,"CC(C)(CS(=O)(=O)O)N=C(O)CCS(=O)(=O)CCC(F)(F)C(F)(F)C(F)(F)C(F)(F)C(F)(F)C(F)(F)F"
3260,NA,"DEONGGUSFBJEHM-UHFFFAOYSA-N","C17H18F17NO6S2",719.030409036,"CC(C)(CS(=O)(=O)O)N=C(O)CCS(=O)(=O)CCC(F)(F)C(F)(F)C(F)(F)C(F)(F)C(F)(F)C(F)(F)C(F)(F)C(F)(F)F"
3261,NA,"LCYRBOVFNFWYTG-UHFFFAOYSA-N","C19H18F21NO6S2",819.024021916,"CC(C)(CS(=O)(=O)O)N=C(O)CCS(=O)(=O)CCC(F)(F)C(F)(F)C(F)(F)C(F)(F)C(F)(F)C(F)(F)C(F)(F)C(F)(F)C(F)(F)C(F)(F)F"
3262,NA,"UKVPTDUWGPDTQC-UHFFFAOYSA-N","C21H18F25NO6S2",919.017634796,"CC(C)(CS(=O)(=O)O)N=C(O)CCS(=O)(=O)CCC(F)(F)C(F)(F)C(F)(F)C(F)(F)C(F)(F)C(F)(F)C(F)(F)C(F)(F)C(F)(F)C(F)(F)C(F)(F)C(F)(F)F"
3263,NA,"QLIHOQMFKLHAJS-UHFFFAOYSA-N","C23H18F29NO6S2",1019.011247676,"CC(C)(CS(=O)(=O)O)N=C(O)CCS(=O)(=O)CCC(F)(F)C(F)(F)C(F)(F)C(F)(F)C(F)(F)C(F)(F)C(F)(F)C(F)(F)C(F)(F)C(F)(F)C(F)(F)C(F)(F)C(F)(F)C(F)(F)F"
3264,NA,"KVVLYHRZJIPMQE-UHFFFAOYSA-N","C7H9F5O2S",252.024341628,"O=C(O)CCSCCC(F)(F)C(F)(F)F"
3265,NA,"LJOPBCYYNFOVFB-UHFFFAOYSA-N","C9H9F9O2S",352.017954508,"O=C(O)CCSCCC(F)(F)C(F)(F)C(F)(F)C(F)(F)F"
3266,NA,"MIFDZEKQTGZSQE-UHFFFAOYSA-N","C13H9F17O2S",552.005180268,"O=C(O)CCSCCC(F)(F)C(F)(F)C(F)(F)C(F)(F)C(F)(F)C(F)(F)C(F)(F)C(F)(F)F"
3267,NA,"RZGYAHZLGBLHKH-UHFFFAOYSA-N","C15H9F21O2S",651.998793148,"O=C(O)CCSCCC(F)(F)C(F)(F)C(F)(F)C(F)(F)C(F)(F)C(F)(F)C(F)(F)C(F)(F)C(F)(F)C(F)(F)F"
3268,NA,"AZVVNQQEEGZMJW-UHFFFAOYSA-N","C17H9F25O2S",751.992406028,"O=C(O)CCSCCC(F)(F)C(F)(F)C(F)(F)C(F)(F)C(F)(F)C(F)(F)C(F)(F)C(F)(F)C(F)(F)C(F)(F)C(F)(F)C(F)(F)F"
3269,NA,"DKGZTPQLRHKMCI-UHFFFAOYSA-N","C19H9F29O2S",851.986018908,"O=C(O)CCSCCC(F)(F)C(F)(F)C(F)(F)C(F)(F)C(F)(F)C(F)(F)C(F)(F)C(F)(F)C(F)(F)C(F)(F)C(F)(F)C(F)(F)C(F)(F)C(F)(F)F"
3270,NA,"WTUCTMYLCMVYEX-UHFFFAOYSA-N","C4H5F3O2",142.02416406,"O=C(O)CCC(F)(F)F"
3271,NA,"HHSIXPRDVJARSI-UHFFFAOYSA-N","C5H5F5O2",192.0209705,"O=C(O)CCC(F)(F)C(F)(F)F"
3272,NA,"XRBTXCZLWOYSOS-UHFFFAOYSA-N","C12H5F19O2",541.99861558,"O=C(O)CCC(F)(F)C(F)(F)C(F)(F)C(F)(F)C(F)(F)C(F)(F)C(F)(F)C(F)(F)C(F)(F)F"
3273,NA,"TYIMLJMUPYPMLX-UHFFFAOYSA-N","C13H5F21O2",591.99542202,"O=C(O)CCC(F)(F)C(F)(F)C(F)(F)C(F)(F)C(F)(F)C(F)(F)C(F)(F)C(F)(F)C(F)(F)C(F)(F)F"
3274,NA,"MWMIHJWSUVCZKV-UHFFFAOYSA-N","C15H5F25O2",691.9890349,"O=C(O)CCC(F)(F)C(F)(F)C(F)(F)C(F)(F)C(F)(F)C(F)(F)C(F)(F)C(F)(F)C(F)(F)C(F)(F)C(F)(F)C(F)(F)F"
3275,NA,"KZRAGFKBVQEUIB-UHFFFAOYSA-N","C16H5F27O2",741.98584134,"O=C(O)CCC(F)(F)C(F)(F)C(F)(F)C(F)(F)C(F)(F)C(F)(F)C(F)(F)C(F)(F)C(F)(F)C(F)(F)C(F)(F)C(F)(F)C(F)(F)F"
3276,NA,"NTPNJVVAKGHGRI-UHFFFAOYSA-N","C17H5F29O2",791.98264778,"O=C(O)CCC(F)(F)C(F)(F)C(F)(F)C(F)(F)C(F)(F)C(F)(F)C(F)(F)C(F)(F)C(F)(F)C(F)(F)C(F)(F)C(F)(F)C(F)(F)C(F)(F)F"
3277,NA,"POGJNMOVQNQIGY-UHFFFAOYSA-N","C4H5F5O3S",227.98795612,"O=S(=O)(O)CCC(F)(F)C(F)(F)F"
3278,NA,"HROXNRPVGFCRKZ-UHFFFAOYSA-N","C14H5F25O3S",727.95602052,"O=S(=O)(O)CCC(F)(F)C(F)(F)C(F)(F)C(F)(F)C(F)(F)C(F)(F)C(F)(F)C(F)(F)C(F)(F)C(F)(F)C(F)(F)C(F)(F)F"
3279,NA,"SEGVHCXRUVNVCD-UHFFFAOYSA-N","C16H5F29O3S",827.9496334,"O=S(=O)(O)CCC(F)(F)C(F)(F)C(F)(F)C(F)(F)C(F)(F)C(F)(F)C(F)(F)C(F)(F)C(F)(F)C(F)(F)C(F)(F)C(F)(F)C(F)(F)C(F)(F)F"
3280,NA,"DFHLYTJEVQNNIW-UHFFFAOYSA-N","C18H5F33O3S",927.94324628,"O=S(=O)(O)CCC(F)(F)C(F)(F)C(F)(F)C(F)(F)C(F)(F)C(F)(F)C(F)(F)C(F)(F)C(F)(F)C(F)(F)C(F)(F)C(F)(F)C(F)(F)C(F)(F)C(F)(F)C(F)(F)F"
3281,NA,"JRUWCBWOPFBVFO-UHFFFAOYSA-N","C20H5F37O3S",1027.93685916,"O=S(=O)(O)CCC(F)(F)C(F)(F)C(F)(F)C(F)(F)C(F)(F)C(F)(F)C(F)(F)C(F)(F)C(F)(F)C(F)(F)C(F)(F)C(F)(F)C(F)(F)C(F)(F)C(F)(F)C(F)(F)C(F)(F)C(F)(F)F"
3282,NA,"SHFPPEVFPRXKDG-UHFFFAOYSA-N","C22H5F41O3S",1127.93047204,"O=S(=O)(O)CCC(F)(F)C(F)(F)C(F)(F)C(F)(F)C(F)(F)C(F)(F)C(F)(F)C(F)(F)C(F)(F)C(F)(F)C(F)(F)C(F)(F)C(F)(F)C(F)(F)C(F)(F)C(F)(F)C(F)(F)C(F)(F)C(F)(F)C(F)(F)F"
3283,NA,"NFSFEPNLUWBEDN-UHFFFAOYSA-N","C11H18F5NO4S2",387.059741156,"CC(C)(CS(=O)(=O)O)N=C(O)CCSCCC(F)(F)C(F)(F)F"
3284,NA,"VIHJAWYQCFERKN-UHFFFAOYSA-N","C13H18F9NO4S2",487.053354036,"CC(C)(CS(=O)(=O)O)N=C(O)CCSCCC(F)(F)C(F)(F)C(F)(F)C(F)(F)F"
3285,NA,"DKVATWZCDNHYCW-UHFFFAOYSA-N","C15H18F13NO4S2",587.046966916,"CC(C)(CS(=O)(=O)O)N=C(O)CCSCCC(F)(F)C(F)(F)C(F)(F)C(F)(F)C(F)(F)C(F)(F)F"
3286,NA,"JPUVFTMCVQSFAF-UHFFFAOYSA-N","C17H18F17NO4S2",687.040579796,"CC(C)(CS(=O)(=O)O)N=C(O)CCSCCC(F)(F)C(F)(F)C(F)(F)C(F)(F)C(F)(F)C(F)(F)C(F)(F)C(F)(F)F"
3287,NA,"VSQYJKSCQUHLGK-UHFFFAOYSA-N","C19H18F21NO4S2",787.034192676,"CC(C)(CS(=O)(=O)O)N=C(O)CCSCCC(F)(F)C(F)(F)C(F)(F)C(F)(F)C(F)(F)C(F)(F)C(F)(F)C(F)(F)C(F)(F)C(F)(F)F"
3288,NA,"MLRBWXVBYIXMHE-UHFFFAOYSA-N","C21H18F25NO4S2",887.027805556,"CC(C)(CS(=O)(=O)O)N=C(O)CCSCCC(F)(F)C(F)(F)C(F)(F)C(F)(F)C(F)(F)C(F)(F)C(F)(F)C(F)(F)C(F)(F)C(F)(F)C(F)(F)C(F)(F)F"
3289,NA,"OETXJTOSJNJQGJ-UHFFFAOYSA-N","C23H18F29NO4S2",987.021418436,"CC(C)(CS(=O)(=O)O)N=C(O)CCSCCC(F)(F)C(F)(F)C(F)(F)C(F)(F)C(F)(F)C(F)(F)C(F)(F)C(F)(F)C(F)(F)C(F)(F)C(F)(F)C(F)(F)C(F)(F)C(F)(F)F"
3290,NA,"LIJKQESROBUSFB-UHFFFAOYSA-N","C3HF5O4S",227.951570612,"O=C(C(F)(F)F)C(F)(F)S(=O)(=O)O"
3291,NA,"PBRJIIRPHMCUOX-UHFFFAOYSA-N","C4HF7O4S",277.948377052,"O=C(C(F)(F)F)C(F)(F)C(F)(F)S(=O)(=O)O"
3292,NA,"DONKAOMPIOYYDH-UHFFFAOYSA-N","C5HF9O4S",327.945183492,"O=C(C(F)(F)F)C(F)(F)C(F)(F)C(F)(F)S(=O)(=O)O"
3293,NA,"ORBWMSWREXEFCD-UHFFFAOYSA-N","C6HF11O4S",377.941989932,"O=C(C(F)(F)F)C(F)(F)C(F)(F)C(F)(F)C(F)(F)S(=O)(=O)O"
3294,NA,"HVPUHNYWAIKMTO-UHFFFAOYSA-N","C7HF13O4S",427.938796372,"O=C(C(F)(F)F)C(F)(F)C(F)(F)C(F)(F)C(F)(F)C(F)(F)S(=O)(=O)O"
3295,NA,"OTPHSARACINGEX-UHFFFAOYSA-N","C8HF15O4S",477.935602812,"O=C(C(F)(F)F)C(F)(F)C(F)(F)C(F)(F)C(F)(F)C(F)(F)C(F)(F)S(=O)(=O)O"
3296,NA,"PDOLHYOCFHGCQZ-UHFFFAOYSA-N","C9HF17O4S",527.932409252,"O=C(C(F)(F)F)C(F)(F)C(F)(F)C(F)(F)C(F)(F)C(F)(F)C(F)(F)C(F)(F)S(=O)(=O)O"
3297,NA,"KITFIULXZKOAJA-UHFFFAOYSA-N","C10HF19O4S",577.929215692,"O=C(C(F)(F)F)C(F)(F)C(F)(F)C(F)(F)C(F)(F)C(F)(F)C(F)(F)C(F)(F)C(F)(F)S(=O)(=O)O"
3298,NA,"ZWUFEEQIDUWGKJ-UHFFFAOYSA-N","C11HF21O4S",627.926022132,"O=C(C(F)(F)F)C(F)(F)C(F)(F)C(F)(F)C(F)(F)C(F)(F)C(F)(F)C(F)(F)C(F)(F)C(F)(F)S(=O)(=O)O"
3299,NA,"XIUIYQBDOORDHT-UHFFFAOYSA-N","C12HF23O4S",677.922828572,"O=C(C(F)(F)F)C(F)(F)C(F)(F)C(F)(F)C(F)(F)C(F)(F)C(F)(F)C(F)(F)C(F)(F)C(F)(F)C(F)(F)S(=O)(=O)O"
3300,NA,"UBIIITQIOLWUSS-UHFFFAOYSA-N","C13HF25O4S",727.919635012,"O=C(C(F)(F)F)C(F)(F)C(F)(F)C(F)(F)C(F)(F)C(F)(F)C(F)(F)C(F)(F)C(F)(F)C(F)(F)C(F)(F)C(F)(F)S(=O)(=O)O"
3301,NA,"NQAZNTGANUTLCR-UHFFFAOYSA-N","C14HF27O4S",777.916441452,"O=C(C(F)(F)F)C(F)(F)C(F)(F)C(F)(F)C(F)(F)C(F)(F)C(F)(F)C(F)(F)C(F)(F)C(F)(F)C(F)(F)C(F)(F)C(F)(F)S(=O)(=O)O"
3302,NA,"GPKYZQLMEPJAGJ-UHFFFAOYSA-N","C3H2F4O2",145.999092184,"O=C(O)C(F)C(F)(F)F"
3303,NA,"YOCXVTUVGZFVTK-UHFFFAOYSA-N","C4H2F6O2",195.995898624,"O=C(O)C(F)C(F)(F)C(F)(F)F"
3304,NA,"IORHNHBOXCYSCM-UHFFFAOYSA-N","C10H2F18O2",495.976737264,"O=C(O)C(F)C(F)(F)C(F)(F)C(F)(F)C(F)(F)C(F)(F)C(F)(F)C(F)(F)C(F)(F)F"
3305,NA,"OWXHAGXZCNXPEN-UHFFFAOYSA-N","C12H2F22O2",595.970350144,"O=C(O)C(F)C(F)(F)C(F)(F)C(F)(F)C(F)(F)C(F)(F)C(F)(F)C(F)(F)C(F)(F)C(F)(F)C(F)(F)F"
3306,NA,"BGNDRAXQKUSVSW-UHFFFAOYSA-N","C13H2F24O2",645.967156584,"O=C(O)C(F)C(F)(F)C(F)(F)C(F)(F)C(F)(F)C(F)(F)C(F)(F)C(F)(F)C(F)(F)C(F)(F)C(F)(F)C(F)(F)F"
3307,NA,"KEIGBWNCTJAAPQ-UHFFFAOYSA-N","C14H2F26O2",695.963963024,"O=C(O)C(F)C(F)(F)C(F)(F)C(F)(F)C(F)(F)C(F)(F)C(F)(F)C(F)(F)C(F)(F)C(F)(F)C(F)(F)C(F)(F)C(F)(F)F"
3308,NA,"JWXQUWZCZDZDFW-UHFFFAOYSA-N","C15H2F28O2",745.960769464,"O=C(O)C(F)C(F)(F)C(F)(F)C(F)(F)C(F)(F)C(F)(F)C(F)(F)C(F)(F)C(F)(F)C(F)(F)C(F)(F)C(F)(F)C(F)(F)C(F)(F)F"
3309,NA,"FSTPMVQHNXZCGF-UHFFFAOYSA-N","C16H2F30O2",795.957575904,"O=C(O)C(F)C(F)(F)C(F)(F)C(F)(F)C(F)(F)C(F)(F)C(F)(F)C(F)(F)C(F)(F)C(F)(F)C(F)(F)C(F)(F)C(F)(F)C(F)(F)C(F)(F)F"
3310,NA,"PNXDKJJICWAFME-UHFFFAOYSA-N","C17H2F32O2",845.954382344,"O=C(O)C(F)C(F)(F)C(F)(F)C(F)(F)C(F)(F)C(F)(F)C(F)(F)C(F)(F)C(F)(F)C(F)(F)C(F)(F)C(F)(F)C(F)(F)C(F)(F)C(F)(F)C(F)(F)F"
3311,NA,"IRUSCTOFXKKTEJ-UHFFFAOYSA-N","C7H14F5N2O3S",301.064529408,"C[N+](C)(O)CCCNS(=O)(=O)C(F)(F)C(F)(F)F"
3312,NA,"ZATCIJAOBYFUMT-UHFFFAOYSA-N","C8H14F7N2O3S",351.061335848,"C[N+](C)(O)CCCNS(=O)(=O)C(F)(F)C(F)(F)C(F)(F)F"
3313,NA,"LNQCZDDWRKBIOU-UHFFFAOYSA-N","C9H14F9N2O3S",401.058142288,"C[N+](C)(O)CCCNS(=O)(=O)C(F)(F)C(F)(F)C(F)(F)C(F)(F)F"
3314,NA,"BWPHRPKOQYDORE-UHFFFAOYSA-N","C10H14F11N2O3S",451.054948728,"C[N+](C)(O)CCCNS(=O)(=O)C(F)(F)C(F)(F)C(F)(F)C(F)(F)C(F)(F)F"
3315,NA,"HNQPFDARGVSSTQ-UHFFFAOYSA-N","C11H14F13N2O3S",501.051755168,"C[N+](C)(O)CCCNS(=O)(=O)C(F)(F)C(F)(F)C(F)(F)C(F)(F)C(F)(F)C(F)(F)F"
3316,NA,"ZFZXTIWQQPSEBR-UHFFFAOYSA-N","C12H14F15N2O3S",551.048561608,"C[N+](C)(O)CCCNS(=O)(=O)C(F)(F)C(F)(F)C(F)(F)C(F)(F)C(F)(F)C(F)(F)C(F)(F)F"
3317,NA,"RLWDIIAURKGCLI-UHFFFAOYSA-N","C13H14F17N2O3S",601.045368048,"C[N+](C)(O)CCCNS(=O)(=O)C(F)(F)C(F)(F)C(F)(F)C(F)(F)C(F)(F)C(F)(F)C(F)(F)C(F)(F)F"
3318,NA,"FAJUZULVBNLDIQ-UHFFFAOYSA-N","C14H14F19N2O3S",651.042174488,"C[N+](C)(O)CCCNS(=O)(=O)C(F)(F)C(F)(F)C(F)(F)C(F)(F)C(F)(F)C(F)(F)C(F)(F)C(F)(F)C(F)(F)F"
3319,NA,"SMMBTMHRWFTEEJ-UHFFFAOYSA-N","C15H14F21N2O3S",701.038980928,"C[N+](C)(O)CCCNS(=O)(=O)C(F)(F)C(F)(F)C(F)(F)C(F)(F)C(F)(F)C(F)(F)C(F)(F)C(F)(F)C(F)(F)C(F)(F)F"
3320,NA,"BFKFKGUILWQMCZ-UHFFFAOYSA-N","C16H14F23N2O3S",751.035787368,"C[N+](C)(O)CCCNS(=O)(=O)C(F)(F)C(F)(F)C(F)(F)C(F)(F)C(F)(F)C(F)(F)C(F)(F)C(F)(F)C(F)(F)C(F)(F)C(F)(F)F"
3321,NA,"CAIZFNIEGIYPCJ-UHFFFAOYSA-N","C17H14F25N2O3S",801.032593808,"C[N+](C)(O)CCCNS(=O)(=O)C(F)(F)C(F)(F)C(F)(F)C(F)(F)C(F)(F)C(F)(F)C(F)(F)C(F)(F)C(F)(F)C(F)(F)C(F)(F)C(F)(F)F"
3322,"421-85-2","KAKQVSNHTBLJCH-UHFFFAOYSA-N","CH2F3NO2S",148.975833964,"NS(=O)(=O)C(F)(F)F"
3323,NA,"QDUKVMNUAQTMQW-UHFFFAOYSA-N","C2H2F5NO2S",198.972640404,"NS(=O)(=O)C(F)(F)C(F)(F)F"
3324,NA,"FQKBJSUFBIZAKR-UHFFFAOYSA-N","C3H2F7NO2S",248.969446844,"NS(=O)(=O)C(F)(F)C(F)(F)C(F)(F)F"
3325,NA,"KTCODRNGNIXYDE-UHFFFAOYSA-N","C5H2F11NO2S",348.963059724,"NS(=O)(=O)C(F)(F)C(F)(F)C(F)(F)C(F)(F)C(F)(F)F"
3326,NA,"MJMAVQNOYGJJES-UHFFFAOYSA-N","C9H2F19NO2S",548.950285484,"NS(=O)(=O)C(F)(F)C(F)(F)C(F)(F)C(F)(F)C(F)(F)C(F)(F)C(F)(F)C(F)(F)C(F)(F)F"
3327,NA,"YUXIIBHHAPNFCQ-UHFFFAOYSA-N","C10H2F21NO2S",598.947091924,"NS(=O)(=O)C(F)(F)C(F)(F)C(F)(F)C(F)(F)C(F)(F)C(F)(F)C(F)(F)C(F)(F)C(F)(F)C(F)(F)F"
3328,NA,"ZDQDJVNQPNRZPQ-UHFFFAOYSA-N","C11H2F23NO2S",648.943898364,"NS(=O)(=O)C(F)(F)C(F)(F)C(F)(F)C(F)(F)C(F)(F)C(F)(F)C(F)(F)C(F)(F)C(F)(F)C(F)(F)C(F)(F)F"
3329,NA,"SQHSDHPLISGVJU-UHFFFAOYSA-N","C12H2F25NO2S",698.940704804,"NS(=O)(=O)C(F)(F)C(F)(F)C(F)(F)C(F)(F)C(F)(F)C(F)(F)C(F)(F)C(F)(F)C(F)(F)C(F)(F)C(F)(F)C(F)(F)F"
3330,NA,"XFRJXRLMSSZALI-UHFFFAOYSA-N","C13H2F27NO2S",748.937511244,"NS(=O)(=O)C(F)(F)C(F)(F)C(F)(F)C(F)(F)C(F)(F)C(F)(F)C(F)(F)C(F)(F)C(F)(F)C(F)(F)C(F)(F)C(F)(F)C(F)(F)F"
3331,NA,"IDWKAOWHXHBGAG-UHFFFAOYSA-N","C14H2F29NO2S",798.934317684,"NS(=O)(=O)C(F)(F)C(F)(F)C(F)(F)C(F)(F)C(F)(F)C(F)(F)C(F)(F)C(F)(F)C(F)(F)C(F)(F)C(F)(F)C(F)(F)C(F)(F)C(F)(F)F"
3332,NA,"RXPGWFYNBOAYKD-UHFFFAOYSA-N","C5H8F3NO4S",235.012613396,"CCN(CC(=O)O)S(=O)(=O)C(F)(F)F"
3333,NA,"UGZSEVFDTINITD-UHFFFAOYSA-N","C6H8F5NO4S",285.009419836,"CCN(CC(=O)O)S(=O)(=O)C(F)(F)C(F)(F)F"
3334,NA,"XIIFQUNTUAQHKS-UHFFFAOYSA-N","C7H8F7NO4S",335.006226276,"CCN(CC(=O)O)S(=O)(=O)C(F)(F)C(F)(F)C(F)(F)F"
3335,NA,"PEORYHIJPVLYKF-UHFFFAOYSA-N","C13H8F19NO4S",634.987064916,"CCN(CC(=O)O)S(=O)(=O)C(F)(F)C(F)(F)C(F)(F)C(F)(F)C(F)(F)C(F)(F)C(F)(F)C(F)(F)C(F)(F)F"
3336,NA,"JVFJQZWYIUNEHU-UHFFFAOYSA-N","C14H8F21NO4S",684.983871356,"CCN(CC(=O)O)S(=O)(=O)C(F)(F)C(F)(F)C(F)(F)C(F)(F)C(F)(F)C(F)(F)C(F)(F)C(F)(F)C(F)(F)C(F)(F)F"
3337,NA,"DFLGIZJVKUTRKU-UHFFFAOYSA-N","C15H8F23NO4S",734.980677796,"CCN(CC(=O)O)S(=O)(=O)C(F)(F)C(F)(F)C(F)(F)C(F)(F)C(F)(F)C(F)(F)C(F)(F)C(F)(F)C(F)(F)C(F)(F)C(F)(F)F"
3338,NA,"ZBHGIJNFOQARAQ-UHFFFAOYSA-N","C16H8F25NO4S",784.977484236,"CCN(CC(=O)O)S(=O)(=O)C(F)(F)C(F)(F)C(F)(F)C(F)(F)C(F)(F)C(F)(F)C(F)(F)C(F)(F)C(F)(F)C(F)(F)C(F)(F)C(F)(F)F"
3339,NA,"TUKINOUXIBERCU-UHFFFAOYSA-N","C17H8F27NO4S",834.974290676,"CCN(CC(=O)O)S(=O)(=O)C(F)(F)C(F)(F)C(F)(F)C(F)(F)C(F)(F)C(F)(F)C(F)(F)C(F)(F)C(F)(F)C(F)(F)C(F)(F)C(F)(F)C(F)(F)F"
3340,NA,"XULGLVIKWNENSX-UHFFFAOYSA-N","C18H8F29NO4S",884.971097116,"CCN(CC(=O)O)S(=O)(=O)C(F)(F)C(F)(F)C(F)(F)C(F)(F)C(F)(F)C(F)(F)C(F)(F)C(F)(F)C(F)(F)C(F)(F)C(F)(F)C(F)(F)C(F)(F)C(F)(F)F"
3341,NA,"YHAYRKGGBCCPEW-UHFFFAOYSA-N","C4H6F3NO4S",220.996963332,"CN(CC(=O)O)S(=O)(=O)C(F)(F)F"
3342,NA,"FXKAFEFAPQFHKH-UHFFFAOYSA-N","C5H6F5NO4S",270.993769772,"CN(CC(=O)O)S(=O)(=O)C(F)(F)C(F)(F)F"
3343,NA,"QXQNEIFHTSUFRH-UHFFFAOYSA-N","C6H6F7NO4S",320.990576212,"CN(CC(=O)O)S(=O)(=O)C(F)(F)C(F)(F)C(F)(F)F"
3344,NA,"SKGBGOQHXBAKKO-UHFFFAOYSA-N","C7H6F9NO4S",370.987382652,"CN(CC(=O)O)S(=O)(=O)C(F)(F)C(F)(F)C(F)(F)C(F)(F)F"
3345,NA,"PCJKVWPGABCQGW-UHFFFAOYSA-N","C8H6F11NO4S",420.984189092,"CN(CC(=O)O)S(=O)(=O)C(F)(F)C(F)(F)C(F)(F)C(F)(F)C(F)(F)F"
3346,NA,"YGKAWLSSJSOXNM-UHFFFAOYSA-N","C9H6F13NO4S",470.980995532,"CN(CC(=O)O)S(=O)(=O)C(F)(F)C(F)(F)C(F)(F)C(F)(F)C(F)(F)C(F)(F)F"
3347,NA,"LPJOBWYEYHXLOK-UHFFFAOYSA-N","C10H6F15NO4S",520.977801972,"CN(CC(=O)O)S(=O)(=O)C(F)(F)C(F)(F)C(F)(F)C(F)(F)C(F)(F)C(F)(F)C(F)(F)F"
3348,NA,"IWYNBPGKWRUYSA-UHFFFAOYSA-N","C12H6F19NO4S",620.971414852,"CN(CC(=O)O)S(=O)(=O)C(F)(F)C(F)(F)C(F)(F)C(F)(F)C(F)(F)C(F)(F)C(F)(F)C(F)(F)C(F)(F)F"
3349,NA,"YMUUIGFOSCRZFV-UHFFFAOYSA-N","C13H6F21NO4S",670.968221292,"CN(CC(=O)O)S(=O)(=O)C(F)(F)C(F)(F)C(F)(F)C(F)(F)C(F)(F)C(F)(F)C(F)(F)C(F)(F)C(F)(F)C(F)(F)F"
3350,NA,"YQVRFVXHDHXACO-UHFFFAOYSA-N","C14H6F23NO4S",720.965027732,"CN(CC(=O)O)S(=O)(=O)C(F)(F)C(F)(F)C(F)(F)C(F)(F)C(F)(F)C(F)(F)C(F)(F)C(F)(F)C(F)(F)C(F)(F)C(F)(F)F"
3351,NA,"GGPKKKKGXGUWFV-UHFFFAOYSA-N","C15H6F25NO4S",770.961834172,"CN(CC(=O)O)S(=O)(=O)C(F)(F)C(F)(F)C(F)(F)C(F)(F)C(F)(F)C(F)(F)C(F)(F)C(F)(F)C(F)(F)C(F)(F)C(F)(F)C(F)(F)F"
3352,NA,"SWBSZXAYQAUPHJ-UHFFFAOYSA-N","C16H6F27NO4S",820.958640612,"CN(CC(=O)O)S(=O)(=O)C(F)(F)C(F)(F)C(F)(F)C(F)(F)C(F)(F)C(F)(F)C(F)(F)C(F)(F)C(F)(F)C(F)(F)C(F)(F)C(F)(F)C(F)(F)F"
3353,NA,"GWQYTIZLVIIZLR-UHFFFAOYSA-N","C17H6F29NO4S",870.955447052,"CN(CC(=O)O)S(=O)(=O)C(F)(F)C(F)(F)C(F)(F)C(F)(F)C(F)(F)C(F)(F)C(F)(F)C(F)(F)C(F)(F)C(F)(F)C(F)(F)C(F)(F)C(F)(F)C(F)(F)F"
3354,NA,"XJBOVNHJBAOYQC-UHFFFAOYSA-N","C3H4F3NO4S",206.981313268,"O=C(O)CNS(=O)(=O)C(F)(F)F"
3355,NA,"YTHIFFDWQCJZGQ-UHFFFAOYSA-N","C4H4F5NO4S",256.978119708,"O=C(O)CNS(=O)(=O)C(F)(F)C(F)(F)F"
3356,NA,"MXFTXMQPMJCELP-UHFFFAOYSA-N","C5H4F7NO4S",306.974926148,"O=C(O)CNS(=O)(=O)C(F)(F)C(F)(F)C(F)(F)F"
3357,NA,"IIJKOWPVAXZAKE-UHFFFAOYSA-N","C6H4F9NO4S",356.971732588,"O=C(O)CNS(=O)(=O)C(F)(F)C(F)(F)C(F)(F)C(F)(F)F"
3358,NA,"LQFCGTRMRYTKLO-UHFFFAOYSA-N","C7H4F11NO4S",406.968539028,"O=C(O)CNS(=O)(=O)C(F)(F)C(F)(F)C(F)(F)C(F)(F)C(F)(F)F"
3359,NA,"QMSAJIZZWDYZCW-UHFFFAOYSA-N","C8H4F13NO4S",456.965345468,"O=C(O)CNS(=O)(=O)C(F)(F)C(F)(F)C(F)(F)C(F)(F)C(F)(F)C(F)(F)F"
3360,NA,"LAAXCIZXZCKWFF-UHFFFAOYSA-N","C9H4F15NO4S",506.962151908,"O=C(O)CNS(=O)(=O)C(F)(F)C(F)(F)C(F)(F)C(F)(F)C(F)(F)C(F)(F)C(F)(F)F"
3361,NA,"AYLOUUCBACYHAB-UHFFFAOYSA-N","C10H4F17NO4S",556.958958348,"O=C(O)CNS(=O)(=O)C(F)(F)C(F)(F)C(F)(F)C(F)(F)C(F)(F)C(F)(F)C(F)(F)C(F)(F)F"
3362,NA,"LHXUBUQWDJGYLZ-UHFFFAOYSA-N","C11H4F19NO4S",606.955764788,"O=C(O)CNS(=O)(=O)C(F)(F)C(F)(F)C(F)(F)C(F)(F)C(F)(F)C(F)(F)C(F)(F)C(F)(F)C(F)(F)F"
3363,NA,"CBOGALGRPGINMW-UHFFFAOYSA-N","C12H4F21NO4S",656.952571228,"O=C(O)CNS(=O)(=O)C(F)(F)C(F)(F)C(F)(F)C(F)(F)C(F)(F)C(F)(F)C(F)(F)C(F)(F)C(F)(F)C(F)(F)F"
3364,NA,"SYWXJJLKDNWTGC-UHFFFAOYSA-N","C13H4F23NO4S",706.949377668,"O=C(O)CNS(=O)(=O)C(F)(F)C(F)(F)C(F)(F)C(F)(F)C(F)(F)C(F)(F)C(F)(F)C(F)(F)C(F)(F)C(F)(F)C(F)(F)F"
3365,NA,"VJLSCYAVRSJKAY-UHFFFAOYSA-N","C14H4F25NO4S",756.946184108,"O=C(O)CNS(=O)(=O)C(F)(F)C(F)(F)C(F)(F)C(F)(F)C(F)(F)C(F)(F)C(F)(F)C(F)(F)C(F)(F)C(F)(F)C(F)(F)C(F)(F)F"
3366,NA,"CDABNXOIEGCXMN-UHFFFAOYSA-N","C15H4F27NO4S",806.942990548,"O=C(O)CNS(=O)(=O)C(F)(F)C(F)(F)C(F)(F)C(F)(F)C(F)(F)C(F)(F)C(F)(F)C(F)(F)C(F)(F)C(F)(F)C(F)(F)C(F)(F)C(F)(F)F"
3367,NA,"CQRRDWRLYBNJSX-UHFFFAOYSA-N","C16H4F29NO4S",856.939796988,"O=C(O)CNS(=O)(=O)C(F)(F)C(F)(F)C(F)(F)C(F)(F)C(F)(F)C(F)(F)C(F)(F)C(F)(F)C(F)(F)C(F)(F)C(F)(F)C(F)(F)C(F)(F)C(F)(F)F"
3368,NA,"FCYYNALTLZDPAJ-UHFFFAOYSA-N","C7H13F3N2O",198.097997696,"CN(C)CCCN=C(O)C(F)(F)F"
3369,NA,"MORJBDZUYXVUIZ-UHFFFAOYSA-N","C8H13F5N2O",248.094804136,"CN(C)CCCN=C(O)C(F)(F)C(F)(F)F"
3370,NA,"RKCBASOCGZNLGO-UHFFFAOYSA-N","C11H13F11N2O",398.085223456,"CN(C)CCCN=C(O)C(F)(F)C(F)(F)C(F)(F)C(F)(F)C(F)(F)F"
3371,NA,"STMOMAISLIDGHH-UHFFFAOYSA-N","C13H13F15N2O",498.078836336,"CN(C)CCCN=C(O)C(F)(F)C(F)(F)C(F)(F)C(F)(F)C(F)(F)C(F)(F)C(F)(F)F"
3372,NA,"JWHQEYMLFOXGFH-UHFFFAOYSA-N","C15H13F19N2O",598.072449216,"CN(C)CCCN=C(O)C(F)(F)C(F)(F)C(F)(F)C(F)(F)C(F)(F)C(F)(F)C(F)(F)C(F)(F)C(F)(F)F"
3373,NA,"OCNPDUCQWGCJRQ-UHFFFAOYSA-N","C16H13F21N2O",648.069255656,"CN(C)CCCN=C(O)C(F)(F)C(F)(F)C(F)(F)C(F)(F)C(F)(F)C(F)(F)C(F)(F)C(F)(F)C(F)(F)C(F)(F)F"
3374,NA,"FPPMMZOESICKHH-UHFFFAOYSA-N","C17H13F23N2O",698.066062096,"CN(C)CCCN=C(O)C(F)(F)C(F)(F)C(F)(F)C(F)(F)C(F)(F)C(F)(F)C(F)(F)C(F)(F)C(F)(F)C(F)(F)C(F)(F)F"
3375,NA,"ZHYDCNCENVYPGO-UHFFFAOYSA-N","C18H13F25N2O",748.062868536,"CN(C)CCCN=C(O)C(F)(F)C(F)(F)C(F)(F)C(F)(F)C(F)(F)C(F)(F)C(F)(F)C(F)(F)C(F)(F)C(F)(F)C(F)(F)C(F)(F)F"
3376,NA,"JEDLFUJJYLLNSM-UHFFFAOYSA-N","C19H13F27N2O",798.059674976,"CN(C)CCCN=C(O)C(F)(F)C(F)(F)C(F)(F)C(F)(F)C(F)(F)C(F)(F)C(F)(F)C(F)(F)C(F)(F)C(F)(F)C(F)(F)C(F)(F)C(F)(F)F"
3377,NA,"YNOFXSHQSDRKHC-UHFFFAOYSA-N","C20H13F29N2O",848.056481416,"CN(C)CCCN=C(O)C(F)(F)C(F)(F)C(F)(F)C(F)(F)C(F)(F)C(F)(F)C(F)(F)C(F)(F)C(F)(F)C(F)(F)C(F)(F)C(F)(F)C(F)(F)C(F)(F)F"
3378,NA,"GIQXXYONAVFBIM-UHFFFAOYSA-O","C9H16F3N2O3",257.111302032,"C[N+](C)(CCCN=C(O)C(F)(F)F)CC(=O)O"
3379,NA,"MNWPJWJYLZNXEX-UHFFFAOYSA-O","C10H16F5N2O3",307.108108472,"C[N+](C)(CCCN=C(O)C(F)(F)C(F)(F)F)CC(=O)O"
3380,NA,"GACGKWWKKHEXGO-UHFFFAOYSA-O","C11H16F7N2O3",357.104914912,"C[N+](C)(CCCN=C(O)C(F)(F)C(F)(F)C(F)(F)F)CC(=O)O"
3381,NA,"YLFVWOWTUGQPBN-UHFFFAOYSA-O","C12H16F9N2O3",407.101721352,"C[N+](C)(CCCN=C(O)C(F)(F)C(F)(F)C(F)(F)C(F)(F)F)CC(=O)O"
3382,NA,"JKZJZORBVVLINQ-UHFFFAOYSA-O","C13H16F11N2O3",457.098527792,"C[N+](C)(CCCN=C(O)C(F)(F)C(F)(F)C(F)(F)C(F)(F)C(F)(F)F)CC(=O)O"
3383,NA,"ZLXHLIZSFKQSIT-UHFFFAOYSA-O","C14H16F13N2O3",507.095334232,"C[N+](C)(CCCN=C(O)C(F)(F)C(F)(F)C(F)(F)C(F)(F)C(F)(F)C(F)(F)F)CC(=O)O"
3384,NA,"FTAFFTSOJBRORR-UHFFFAOYSA-O","C15H16F15N2O3",557.092140672,"C[N+](C)(CCCN=C(O)C(F)(F)C(F)(F)C(F)(F)C(F)(F)C(F)(F)C(F)(F)C(F)(F)F)CC(=O)O"
3385,NA,"BVWINCKFYGZCTM-UHFFFAOYSA-O","C16H16F17N2O3",607.088947112,"C[N+](C)(CCCN=C(O)C(F)(F)C(F)(F)C(F)(F)C(F)(F)C(F)(F)C(F)(F)C(F)(F)C(F)(F)F)CC(=O)O"
3386,NA,"SIPZTYNQWUTWPT-UHFFFAOYSA-O","C17H16F19N2O3",657.085753552,"C[N+](C)(CCCN=C(O)C(F)(F)C(F)(F)C(F)(F)C(F)(F)C(F)(F)C(F)(F)C(F)(F)C(F)(F)C(F)(F)F)CC(=O)O"
3387,NA,"LKAALQCVMWYDMN-UHFFFAOYSA-O","C18H16F21N2O3",707.082559992,"C[N+](C)(CCCN=C(O)C(F)(F)C(F)(F)C(F)(F)C(F)(F)C(F)(F)C(F)(F)C(F)(F)C(F)(F)C(F)(F)C(F)(F)F)CC(=O)O"
3388,NA,"WLNBQAVMIDCSHA-UHFFFAOYSA-O","C19H16F23N2O3",757.079366432,"C[N+](C)(CCCN=C(O)C(F)(F)C(F)(F)C(F)(F)C(F)(F)C(F)(F)C(F)(F)C(F)(F)C(F)(F)C(F)(F)C(F)(F)C(F)(F)F)CC(=O)O"
3389,NA,"ABORRGDTJNGTLT-UHFFFAOYSA-O","C20H16F25N2O3",807.076172872,"C[N+](C)(CCCN=C(O)C(F)(F)C(F)(F)C(F)(F)C(F)(F)C(F)(F)C(F)(F)C(F)(F)C(F)(F)C(F)(F)C(F)(F)C(F)(F)C(F)(F)F)CC(=O)O"
3390,NA,"HZASZDXZILDXSX-UHFFFAOYSA-O","C21H16F27N2O3",857.072979312,"C[N+](C)(CCCN=C(O)C(F)(F)C(F)(F)C(F)(F)C(F)(F)C(F)(F)C(F)(F)C(F)(F)C(F)(F)C(F)(F)C(F)(F)C(F)(F)C(F)(F)C(F)(F)F)CC(=O)O"
3391,NA,"SJRJLDYBLRALMF-UHFFFAOYSA-O","C22H16F29N2O3",907.069785752,"C[N+](C)(CCCN=C(O)C(F)(F)C(F)(F)C(F)(F)C(F)(F)C(F)(F)C(F)(F)C(F)(F)C(F)(F)C(F)(F)C(F)(F)C(F)(F)C(F)(F)C(F)(F)C(F)(F)F)CC(=O)O"
3392,NA,"RKSDGRVNLPLGDM-UHFFFAOYSA-N","C6H7F5O2S",238.008691564,"O=C(O)CSCCC(F)(F)C(F)(F)F"
3393,NA,"PNELWSDCUOTNRN-UHFFFAOYSA-N","C8H7F9O2S",338.002304444,"O=C(O)CSCCC(F)(F)C(F)(F)C(F)(F)C(F)(F)F"
3394,NA,"BSZHCWIIUVTLCY-UHFFFAOYSA-N","C10H7F13O2S",437.995917324,"O=C(O)CSCCC(F)(F)C(F)(F)C(F)(F)C(F)(F)C(F)(F)C(F)(F)F"
3395,NA,"YBSSUWWBMCSIPR-UHFFFAOYSA-N","C14H7F21O2S",637.983143084,"O=C(O)CSCCC(F)(F)C(F)(F)C(F)(F)C(F)(F)C(F)(F)C(F)(F)C(F)(F)C(F)(F)C(F)(F)C(F)(F)F"
3396,NA,"YCARPVQNSMHVBW-UHFFFAOYSA-N","C16H7F25O2S",737.976755964,"O=C(O)CSCCC(F)(F)C(F)(F)C(F)(F)C(F)(F)C(F)(F)C(F)(F)C(F)(F)C(F)(F)C(F)(F)C(F)(F)C(F)(F)C(F)(F)F"
3397,NA,"IZWXENARMGSBSJ-UHFFFAOYSA-N","C18H7F29O2S",837.970368844,"O=C(O)CSCCC(F)(F)C(F)(F)C(F)(F)C(F)(F)C(F)(F)C(F)(F)C(F)(F)C(F)(F)C(F)(F)C(F)(F)C(F)(F)C(F)(F)C(F)(F)C(F)(F)F"
3398,NA,"FMTKBYBWTWKODP-UHFFFAOYSA-N","C13H21F5N2O3S",380.119304632,"CN(C)CCCN=C(O)CC(SCCC(F)(F)C(F)(F)F)C(=O)O"
3399,NA,"AWPFFPREMNPLNR-UHFFFAOYSA-N","C15H21F9N2O3S",480.112917512,"CN(C)CCCN=C(O)CC(SCCC(F)(F)C(F)(F)C(F)(F)C(F)(F)F)C(=O)O"
3400,NA,"UOXQCULTEFPKHS-UHFFFAOYSA-N","C17H21F13N2O3S",580.106530392,"CN(C)CCCN=C(O)CC(SCCC(F)(F)C(F)(F)C(F)(F)C(F)(F)C(F)(F)C(F)(F)F)C(=O)O"
3401,NA,"DVWTYQIEHOTXTA-UHFFFAOYSA-N","C19H21F17N2O3S",680.100143272,"CN(C)CCCN=C(O)CC(SCCC(F)(F)C(F)(F)C(F)(F)C(F)(F)C(F)(F)C(F)(F)C(F)(F)C(F)(F)F)C(=O)O"
3402,NA,"PRJMXPHFBREQEJ-UHFFFAOYSA-N","C21H21F21N2O3S",780.093756152,"CN(C)CCCN=C(O)CC(SCCC(F)(F)C(F)(F)C(F)(F)C(F)(F)C(F)(F)C(F)(F)C(F)(F)C(F)(F)C(F)(F)C(F)(F)F)C(=O)O"
3403,NA,"LRKKAJMZNWVCEZ-UHFFFAOYSA-N","C23H21F25N2O3S",880.087369032,"CN(C)CCCN=C(O)CC(SCCC(F)(F)C(F)(F)C(F)(F)C(F)(F)C(F)(F)C(F)(F)C(F)(F)C(F)(F)C(F)(F)C(F)(F)C(F)(F)C(F)(F)F)C(=O)O"
3404,NA,"GVTXLPXYERSICB-UHFFFAOYSA-N","C25H21F29N2O3S",980.080981912,"CN(C)CCCN=C(O)CC(SCCC(F)(F)C(F)(F)C(F)(F)C(F)(F)C(F)(F)C(F)(F)C(F)(F)C(F)(F)C(F)(F)C(F)(F)C(F)(F)C(F)(F)C(F)(F)C(F)(F)F)C(=O)O"
3405,NA,"KAKCXEYGKQVTLB-UHFFFAOYSA-N","C11H18F5NO5S2",403.054655776,"CC(C)(CS(=O)(=O)O)N=C(O)CCS(=O)CCC(F)(F)C(F)(F)F"
3406,NA,"WVSBUXQVQMSEID-UHFFFAOYSA-N","C13H18F9NO5S2",503.048268656,"CC(C)(CS(=O)(=O)O)N=C(O)CCS(=O)CCC(F)(F)C(F)(F)C(F)(F)C(F)(F)F"
3407,NA,"AQNDOJSDPBVJMJ-UHFFFAOYSA-N","C15H18F13NO5S2",603.041881536,"CC(C)(CS(=O)(=O)O)N=C(O)CCS(=O)CCC(F)(F)C(F)(F)C(F)(F)C(F)(F)C(F)(F)C(F)(F)F"
3408,NA,"XKGMPVQXAFQLEK-UHFFFAOYSA-N","C17H18F17NO5S2",703.035494416,"CC(C)(CS(=O)(=O)O)N=C(O)CCS(=O)CCC(F)(F)C(F)(F)C(F)(F)C(F)(F)C(F)(F)C(F)(F)C(F)(F)C(F)(F)F"
3409,NA,"RBPHXVMHOXBREA-UHFFFAOYSA-N","C19H18F21NO5S2",803.029107296,"CC(C)(CS(=O)(=O)O)N=C(O)CCS(=O)CCC(F)(F)C(F)(F)C(F)(F)C(F)(F)C(F)(F)C(F)(F)C(F)(F)C(F)(F)C(F)(F)C(F)(F)F"
3410,NA,"ZXTHMTKRHMMIKX-UHFFFAOYSA-N","C21H18F25NO5S2",903.022720176,"CC(C)(CS(=O)(=O)O)N=C(O)CCS(=O)CCC(F)(F)C(F)(F)C(F)(F)C(F)(F)C(F)(F)C(F)(F)C(F)(F)C(F)(F)C(F)(F)C(F)(F)C(F)(F)C(F)(F)F"
3411,NA,"WVBYSMMNGSKPQI-UHFFFAOYSA-N","C23H18F29NO5S2",1003.016333056,"CC(C)(CS(=O)(=O)O)N=C(O)CCS(=O)CCC(F)(F)C(F)(F)C(F)(F)C(F)(F)C(F)(F)C(F)(F)C(F)(F)C(F)(F)C(F)(F)C(F)(F)C(F)(F)C(F)(F)C(F)(F)C(F)(F)F"
3412,NA,"HKLQMFWDLRJUJM-UHFFFAOYSA-O","C8H14F4NO2",232.096066568,"C[N+](C)(CCC(F)C(F)(F)F)CC(=O)O"
3413,NA,"DQLZALYEQOMXEM-UHFFFAOYSA-O","C9H14F6NO2",282.092873008,"C[N+](C)(CCC(F)C(F)(F)C(F)(F)F)CC(=O)O"
3414,NA,"LHLQHIBERWARPH-UHFFFAOYSA-O","C10H14F8NO2",332.089679448,"C[N+](C)(CCC(F)C(F)(F)C(F)(F)C(F)(F)F)CC(=O)O"
3415,NA,"XEKCYAFACUORAV-UHFFFAOYSA-O","C11H14F10NO2",382.086485888,"C[N+](C)(CCC(F)C(F)(F)C(F)(F)C(F)(F)C(F)(F)F)CC(=O)O"
3416,NA,"UHCSCHGCOSOIRD-UHFFFAOYSA-O","C12H14F12NO2",432.083292328,"C[N+](C)(CCC(F)C(F)(F)C(F)(F)C(F)(F)C(F)(F)C(F)(F)F)CC(=O)O"
3417,NA,"HSPASIOVBIOVQF-UHFFFAOYSA-O","C13H14F14NO2",482.080098768,"C[N+](C)(CCC(F)C(F)(F)C(F)(F)C(F)(F)C(F)(F)C(F)(F)C(F)(F)F)CC(=O)O"
3418,NA,"DYECIQLCZJYVHI-UHFFFAOYSA-O","C14H14F16NO2",532.076905208,"C[N+](C)(CCC(F)C(F)(F)C(F)(F)C(F)(F)C(F)(F)C(F)(F)C(F)(F)C(F)(F)F)CC(=O)O"
3419,NA,"IDYXEFMWTGUVRQ-UHFFFAOYSA-O","C15H14F18NO2",582.073711648,"C[N+](C)(CCC(F)C(F)(F)C(F)(F)C(F)(F)C(F)(F)C(F)(F)C(F)(F)C(F)(F)C(F)(F)F)CC(=O)O"
3420,NA,"YKRJQSGAXINGGE-UHFFFAOYSA-O","C16H14F20NO2",632.070518088,"C[N+](C)(CCC(F)C(F)(F)C(F)(F)C(F)(F)C(F)(F)C(F)(F)C(F)(F)C(F)(F)C(F)(F)C(F)(F)F)CC(=O)O"
3421,NA,"JONOCFCRPHBFKC-UHFFFAOYSA-O","C17H14F22NO2",682.067324528,"C[N+](C)(CCC(F)C(F)(F)C(F)(F)C(F)(F)C(F)(F)C(F)(F)C(F)(F)C(F)(F)C(F)(F)C(F)(F)C(F)(F)F)CC(=O)O"
3422,NA,"AIGDLYRKICIOLY-UHFFFAOYSA-O","C18H14F24NO2",732.064130968,"C[N+](C)(CCC(F)C(F)(F)C(F)(F)C(F)(F)C(F)(F)C(F)(F)C(F)(F)C(F)(F)C(F)(F)C(F)(F)C(F)(F)C(F)(F)F)CC(=O)O"
3423,NA,"UFOUJXOCGRSOFR-UHFFFAOYSA-O","C19H14F26NO2",782.060937408,"C[N+](C)(CCC(F)C(F)(F)C(F)(F)C(F)(F)C(F)(F)C(F)(F)C(F)(F)C(F)(F)C(F)(F)C(F)(F)C(F)(F)C(F)(F)C(F)(F)F)CC(=O)O"
3424,NA,"BSGPDZMTBOROCF-UHFFFAOYSA-O","C20H14F28NO2",832.057743848,"C[N+](C)(CCC(F)C(F)(F)C(F)(F)C(F)(F)C(F)(F)C(F)(F)C(F)(F)C(F)(F)C(F)(F)C(F)(F)C(F)(F)C(F)(F)C(F)(F)C(F)(F)F)CC(=O)O"
3425,NA,"SIEQZFKCXZWOSO-UHFFFAOYSA-O","C21H14F30NO2",882.054550288,"C[N+](C)(CCC(F)C(F)(F)C(F)(F)C(F)(F)C(F)(F)C(F)(F)C(F)(F)C(F)(F)C(F)(F)C(F)(F)C(F)(F)C(F)(F)C(F)(F)C(F)(F)C(F)(F)F)CC(=O)O"
3426,NA,"UXCUDTASSLFSGD-UHFFFAOYSA-O","C22H14F32NO2",932.051356728,"C[N+](C)(CCC(F)C(F)(F)C(F)(F)C(F)(F)C(F)(F)C(F)(F)C(F)(F)C(F)(F)C(F)(F)C(F)(F)C(F)(F)C(F)(F)C(F)(F)C(F)(F)C(F)(F)C(F)(F)F)CC(=O)O"
3427,NA,"PFTHXXFGNXBSHQ-UHFFFAOYSA-N","C9H17F3N2O4S",306.086112684,"CN(C)CCCN(CCC(=O)O)S(=O)(=O)C(F)(F)F"
3428,NA,"QUNYAXFBICVRQI-UHFFFAOYSA-N","C10H17F5N2O4S",356.082919124,"CN(C)CCCN(CCC(=O)O)S(=O)(=O)C(F)(F)C(F)(F)F"
3429,NA,"LJJSIOCEXBIIPP-UHFFFAOYSA-N","C11H17F7N2O4S",406.079725564,"CN(C)CCCN(CCC(=O)O)S(=O)(=O)C(F)(F)C(F)(F)C(F)(F)F"
3430,NA,"JCMFYPBVZPTDNQ-UHFFFAOYSA-N","C13H17F11N2O4S",506.073338444,"CN(C)CCCN(CCC(=O)O)S(=O)(=O)C(F)(F)C(F)(F)C(F)(F)C(F)(F)C(F)(F)F"
3431,NA,"AFBMPICOPALERX-UHFFFAOYSA-N","C15H17F15N2O4S",606.066951324,"CN(C)CCCN(CCC(=O)O)S(=O)(=O)C(F)(F)C(F)(F)C(F)(F)C(F)(F)C(F)(F)C(F)(F)C(F)(F)F"
3432,NA,"ZKEIYWCCEFPJMU-UHFFFAOYSA-N","C16H17F17N2O4S",656.063757764,"CN(C)CCCN(CCC(=O)O)S(=O)(=O)C(F)(F)C(F)(F)C(F)(F)C(F)(F)C(F)(F)C(F)(F)C(F)(F)C(F)(F)F"
3433,NA,"HUFQKOBOFCMIDA-UHFFFAOYSA-N","C17H17F19N2O4S",706.060564204,"CN(C)CCCN(CCC(=O)O)S(=O)(=O)C(F)(F)C(F)(F)C(F)(F)C(F)(F)C(F)(F)C(F)(F)C(F)(F)C(F)(F)C(F)(F)F"
3434,NA,"HNHBQQQTAMFSKF-UHFFFAOYSA-N","C18H17F21N2O4S",756.057370644,"CN(C)CCCN(CCC(=O)O)S(=O)(=O)C(F)(F)C(F)(F)C(F)(F)C(F)(F)C(F)(F)C(F)(F)C(F)(F)C(F)(F)C(F)(F)C(F)(F)F"
3435,NA,"PGYYHBFNRMSRQG-UHFFFAOYSA-N","C19H17F23N2O4S",806.054177084,"CN(C)CCCN(CCC(=O)O)S(=O)(=O)C(F)(F)C(F)(F)C(F)(F)C(F)(F)C(F)(F)C(F)(F)C(F)(F)C(F)(F)C(F)(F)C(F)(F)C(F)(F)F"
3436,NA,"WMVSWNJKGBPIDV-UHFFFAOYSA-N","C20H17F25N2O4S",856.050983524,"CN(C)CCCN(CCC(=O)O)S(=O)(=O)C(F)(F)C(F)(F)C(F)(F)C(F)(F)C(F)(F)C(F)(F)C(F)(F)C(F)(F)C(F)(F)C(F)(F)C(F)(F)C(F)(F)F"
3437,NA,"HQRYQOBWPQNBSX-UHFFFAOYSA-N","C21H17F27N2O4S",906.047789964,"CN(C)CCCN(CCC(=O)O)S(=O)(=O)C(F)(F)C(F)(F)C(F)(F)C(F)(F)C(F)(F)C(F)(F)C(F)(F)C(F)(F)C(F)(F)C(F)(F)C(F)(F)C(F)(F)C(F)(F)F"
3438,NA,"LZMVBFYDBBCXLA-UHFFFAOYSA-N","C22H17F29N2O4S",956.044596404,"CN(C)CCCN(CCC(=O)O)S(=O)(=O)C(F)(F)C(F)(F)C(F)(F)C(F)(F)C(F)(F)C(F)(F)C(F)(F)C(F)(F)C(F)(F)C(F)(F)C(F)(F)C(F)(F)C(F)(F)C(F)(F)F"
3439,NA,"UBADCRSMADBWHM-UHFFFAOYSA-O","C9H18F3N2O4S",307.093937716,"C[N+](C)(CCCNS(=O)(=O)C(F)(F)F)CCC(=O)O"
3440,NA,"STAWAOIHWCSWEM-UHFFFAOYSA-O","C10H18F5N2O4S",357.090744156,"C[N+](C)(CCCNS(=O)(=O)C(F)(F)C(F)(F)F)CCC(=O)O"
3441,NA,"CTCVZYAGLGZONY-UHFFFAOYSA-O","C11H18F7N2O4S",407.087550596,"C[N+](C)(CCCNS(=O)(=O)C(F)(F)C(F)(F)C(F)(F)F)CCC(=O)O"
3442,NA,"OJTPRDWFYBFBBB-UHFFFAOYSA-O","C12H18F9N2O4S",457.084357036,"C[N+](C)(CCCNS(=O)(=O)C(F)(F)C(F)(F)C(F)(F)C(F)(F)F)CCC(=O)O"
3443,NA,"OJVQPNOEIBXLJJ-UHFFFAOYSA-O","C13H18F11N2O4S",507.081163476,"C[N+](C)(CCCNS(=O)(=O)C(F)(F)C(F)(F)C(F)(F)C(F)(F)C(F)(F)F)CCC(=O)O"
3444,NA,"YMWSFPVNOMOHTB-UHFFFAOYSA-O","C14H18F13N2O4S",557.077969916,"C[N+](C)(CCCNS(=O)(=O)C(F)(F)C(F)(F)C(F)(F)C(F)(F)C(F)(F)C(F)(F)F)CCC(=O)O"
3445,NA,"MENQESNTUQCJLG-UHFFFAOYSA-O","C15H18F15N2O4S",607.074776356,"C[N+](C)(CCCNS(=O)(=O)C(F)(F)C(F)(F)C(F)(F)C(F)(F)C(F)(F)C(F)(F)C(F)(F)F)CCC(=O)O"
3446,NA,"JGIJAWAPBZLTJM-UHFFFAOYSA-O","C16H18F17N2O4S",657.071582796,"C[N+](C)(CCCNS(=O)(=O)C(F)(F)C(F)(F)C(F)(F)C(F)(F)C(F)(F)C(F)(F)C(F)(F)C(F)(F)F)CCC(=O)O"
3447,NA,"VPKXPKCCTBOFNY-UHFFFAOYSA-O","C17H18F19N2O4S",707.068389236,"C[N+](C)(CCCNS(=O)(=O)C(F)(F)C(F)(F)C(F)(F)C(F)(F)C(F)(F)C(F)(F)C(F)(F)C(F)(F)C(F)(F)F)CCC(=O)O"
3448,NA,"GJCJGLFCPFBNNK-UHFFFAOYSA-O","C18H18F21N2O4S",757.065195676,"C[N+](C)(CCCNS(=O)(=O)C(F)(F)C(F)(F)C(F)(F)C(F)(F)C(F)(F)C(F)(F)C(F)(F)C(F)(F)C(F)(F)C(F)(F)F)CCC(=O)O"
3449,NA,"SRBYRFVPYQFVMN-UHFFFAOYSA-O","C19H18F23N2O4S",807.062002116,"C[N+](C)(CCCNS(=O)(=O)C(F)(F)C(F)(F)C(F)(F)C(F)(F)C(F)(F)C(F)(F)C(F)(F)C(F)(F)C(F)(F)C(F)(F)C(F)(F)F)CCC(=O)O"
3450,NA,"LNMLYMDSBGLBEE-UHFFFAOYSA-O","C20H18F25N2O4S",857.058808556,"C[N+](C)(CCCNS(=O)(=O)C(F)(F)C(F)(F)C(F)(F)C(F)(F)C(F)(F)C(F)(F)C(F)(F)C(F)(F)C(F)(F)C(F)(F)C(F)(F)C(F)(F)F)CCC(=O)O"
3451,NA,"AJAHZPWDNQEVPD-UHFFFAOYSA-O","C21H18F27N2O4S",907.055614996,"C[N+](C)(CCCNS(=O)(=O)C(F)(F)C(F)(F)C(F)(F)C(F)(F)C(F)(F)C(F)(F)C(F)(F)C(F)(F)C(F)(F)C(F)(F)C(F)(F)C(F)(F)C(F)(F)F)CCC(=O)O"
3452,NA,"BTYKYSGIRPWURL-UHFFFAOYSA-O","C22H18F29N2O4S",957.052421436,"C[N+](C)(CCCNS(=O)(=O)C(F)(F)C(F)(F)C(F)(F)C(F)(F)C(F)(F)C(F)(F)C(F)(F)C(F)(F)C(F)(F)C(F)(F)C(F)(F)C(F)(F)C(F)(F)C(F)(F)F)CCC(=O)O"
3453,NA,"UUKVMFJGKXUQNE-UHFFFAOYSA-N","C6H13F3N2O2S",234.064983316,"CN(C)CCCNS(=O)(=O)C(F)(F)F"
3454,NA,"NUDDWLRMCQRPJR-UHFFFAOYSA-N","C7H13F5N2O2S",284.061789756,"CN(C)CCCNS(=O)(=O)C(F)(F)C(F)(F)F"
3455,NA,"MHWKVXOZNXDWGM-UHFFFAOYSA-N","C8H13F7N2O2S",334.058596196,"CN(C)CCCNS(=O)(=O)C(F)(F)C(F)(F)C(F)(F)F"
3456,NA,"TVLJAIBTBKYAFF-UHFFFAOYSA-N","C14H13F19N2O2S",634.039434836,"CN(C)CCCNS(=O)(=O)C(F)(F)C(F)(F)C(F)(F)C(F)(F)C(F)(F)C(F)(F)C(F)(F)C(F)(F)C(F)(F)F"
3457,NA,"CHPQMFPGKHMCPO-UHFFFAOYSA-N","C15H13F21N2O2S",684.036241276,"CN(C)CCCNS(=O)(=O)C(F)(F)C(F)(F)C(F)(F)C(F)(F)C(F)(F)C(F)(F)C(F)(F)C(F)(F)C(F)(F)C(F)(F)F"
3458,NA,"KPUGEISSBCTPLG-UHFFFAOYSA-N","C16H13F23N2O2S",734.033047716,"CN(C)CCCNS(=O)(=O)C(F)(F)C(F)(F)C(F)(F)C(F)(F)C(F)(F)C(F)(F)C(F)(F)C(F)(F)C(F)(F)C(F)(F)C(F)(F)F"
3459,NA,"LAJXAOGBSGLQAB-UHFFFAOYSA-N","C17H13F25N2O2S",784.029854156,"CN(C)CCCNS(=O)(=O)C(F)(F)C(F)(F)C(F)(F)C(F)(F)C(F)(F)C(F)(F)C(F)(F)C(F)(F)C(F)(F)C(F)(F)C(F)(F)C(F)(F)F"
3460,NA,"LQUXSVUOEXXMIE-UHFFFAOYSA-N","C18H13F27N2O2S",834.026660596,"CN(C)CCCNS(=O)(=O)C(F)(F)C(F)(F)C(F)(F)C(F)(F)C(F)(F)C(F)(F)C(F)(F)C(F)(F)C(F)(F)C(F)(F)C(F)(F)C(F)(F)C(F)(F)F"
3461,NA,"NFCGXJUNWWXXLS-UHFFFAOYSA-N","C19H13F29N2O2S",884.023467036,"CN(C)CCCNS(=O)(=O)C(F)(F)C(F)(F)C(F)(F)C(F)(F)C(F)(F)C(F)(F)C(F)(F)C(F)(F)C(F)(F)C(F)(F)C(F)(F)C(F)(F)C(F)(F)C(F)(F)F"
3462,NA,"GSBRHJCRQWTWPY-UHFFFAOYSA-O","C12H22F3N2O6S",379.115067084,"C[N+](C)(CCCN(CCC(=O)O)S(=O)(=O)C(F)(F)F)CCC(=O)O"
3463,NA,"FMDCTCMKJOJPJM-UHFFFAOYSA-O","C13H22F5N2O6S",429.111873524,"C[N+](C)(CCCN(CCC(=O)O)S(=O)(=O)C(F)(F)C(F)(F)F)CCC(=O)O"
3464,NA,"ZWZORHDEAVPZCQ-UHFFFAOYSA-O","C14H22F7N2O6S",479.108679964,"C[N+](C)(CCCN(CCC(=O)O)S(=O)(=O)C(F)(F)C(F)(F)C(F)(F)F)CCC(=O)O"
3465,NA,"MCEHNRJGXCTCKQ-UHFFFAOYSA-O","C15H22F9N2O6S",529.105486404,"C[N+](C)(CCCN(CCC(=O)O)S(=O)(=O)C(F)(F)C(F)(F)C(F)(F)C(F)(F)F)CCC(=O)O"
3466,NA,"QLIGAMYUVOZLHQ-UHFFFAOYSA-O","C16H22F11N2O6S",579.102292844,"C[N+](C)(CCCN(CCC(=O)O)S(=O)(=O)C(F)(F)C(F)(F)C(F)(F)C(F)(F)C(F)(F)F)CCC(=O)O"
3467,NA,"SFCBLTGKAPVNIN-UHFFFAOYSA-O","C17H22F13N2O6S",629.099099284,"C[N+](C)(CCCN(CCC(=O)O)S(=O)(=O)C(F)(F)C(F)(F)C(F)(F)C(F)(F)C(F)(F)C(F)(F)F)CCC(=O)O"
3468,NA,"PRJCXDOLFRWWKY-UHFFFAOYSA-O","C18H22F15N2O6S",679.095905724,"C[N+](C)(CCCN(CCC(=O)O)S(=O)(=O)C(F)(F)C(F)(F)C(F)(F)C(F)(F)C(F)(F)C(F)(F)C(F)(F)F)CCC(=O)O"
3469,NA,"HKUNNDLFJMXIOA-UHFFFAOYSA-O","C19H22F17N2O6S",729.092712164,"C[N+](C)(CCCN(CCC(=O)O)S(=O)(=O)C(F)(F)C(F)(F)C(F)(F)C(F)(F)C(F)(F)C(F)(F)C(F)(F)C(F)(F)F)CCC(=O)O"
3470,NA,"LAGDGWCXDGQTIP-UHFFFAOYSA-O","C20H22F19N2O6S",779.089518604,"C[N+](C)(CCCN(CCC(=O)O)S(=O)(=O)C(F)(F)C(F)(F)C(F)(F)C(F)(F)C(F)(F)C(F)(F)C(F)(F)C(F)(F)C(F)(F)F)CCC(=O)O"
3471,NA,"LFISAFCIRWYMPT-UHFFFAOYSA-O","C21H22F21N2O6S",829.086325044,"C[N+](C)(CCCN(CCC(=O)O)S(=O)(=O)C(F)(F)C(F)(F)C(F)(F)C(F)(F)C(F)(F)C(F)(F)C(F)(F)C(F)(F)C(F)(F)C(F)(F)F)CCC(=O)O"
3472,NA,"DZYOGKOIZFEPOF-UHFFFAOYSA-O","C22H22F23N2O6S",879.083131484,"C[N+](C)(CCCN(CCC(=O)O)S(=O)(=O)C(F)(F)C(F)(F)C(F)(F)C(F)(F)C(F)(F)C(F)(F)C(F)(F)C(F)(F)C(F)(F)C(F)(F)C(F)(F)F)CCC(=O)O"
3473,NA,"IWYJOULLBGXDGP-UHFFFAOYSA-O","C23H22F25N2O6S",929.079937924,"C[N+](C)(CCCN(CCC(=O)O)S(=O)(=O)C(F)(F)C(F)(F)C(F)(F)C(F)(F)C(F)(F)C(F)(F)C(F)(F)C(F)(F)C(F)(F)C(F)(F)C(F)(F)C(F)(F)F)CCC(=O)O"
3474,NA,"WWAOCSLBBCHKPS-UHFFFAOYSA-O","C24H22F27N2O6S",979.076744364,"C[N+](C)(CCCN(CCC(=O)O)S(=O)(=O)C(F)(F)C(F)(F)C(F)(F)C(F)(F)C(F)(F)C(F)(F)C(F)(F)C(F)(F)C(F)(F)C(F)(F)C(F)(F)C(F)(F)C(F)(F)F)CCC(=O)O"
3475,NA,"IHKJIYUKOFCLTP-UHFFFAOYSA-O","C25H22F29N2O6S",1029.073550804,"C[N+](C)(CCCN(CCC(=O)O)S(=O)(=O)C(F)(F)C(F)(F)C(F)(F)C(F)(F)C(F)(F)C(F)(F)C(F)(F)C(F)(F)C(F)(F)C(F)(F)C(F)(F)C(F)(F)C(F)(F)C(F)(F)F)CCC(=O)O"
3476,NA,"GHZVFCSLRUJFAP-UHFFFAOYSA-N","C10H17F5N2O4S",356.082919124,"CN(CCCNS(=O)(=O)CCC(F)(F)C(F)(F)F)CC(=O)O"
3477,NA,"SJGTWVYRTHIUMD-UHFFFAOYSA-N","C16H17F17N2O4S",656.063757764,"CN(CCCNS(=O)(=O)CCC(F)(F)C(F)(F)C(F)(F)C(F)(F)C(F)(F)C(F)(F)C(F)(F)C(F)(F)F)CC(=O)O"
3478,NA,"NQJSZDNXJOPLLW-UHFFFAOYSA-N","C18H17F21N2O4S",756.057370644,"CN(CCCNS(=O)(=O)CCC(F)(F)C(F)(F)C(F)(F)C(F)(F)C(F)(F)C(F)(F)C(F)(F)C(F)(F)C(F)(F)C(F)(F)F)CC(=O)O"
3479,NA,"INJGHHRKOVLLMG-UHFFFAOYSA-N","C20H17F25N2O4S",856.050983524,"CN(CCCNS(=O)(=O)CCC(F)(F)C(F)(F)C(F)(F)C(F)(F)C(F)(F)C(F)(F)C(F)(F)C(F)(F)C(F)(F)C(F)(F)C(F)(F)C(F)(F)F)CC(=O)O"
3480,NA,"HKWIOEFESKMYKZ-UHFFFAOYSA-N","C22H17F29N2O4S",956.044596404,"CN(CCCNS(=O)(=O)CCC(F)(F)C(F)(F)C(F)(F)C(F)(F)C(F)(F)C(F)(F)C(F)(F)C(F)(F)C(F)(F)C(F)(F)C(F)(F)C(F)(F)C(F)(F)C(F)(F)F)CC(=O)O"
3481,NA,"VFOJXEHRTNGBDB-UHFFFAOYSA-N","C6HF11O3S",361.947075312,"O=S(=O)(O)C1(F)C(F)(F)C(F)(F)C(F)(F)C(F)(F)C1(F)F"
3482,NA,"NOTIZSFOCIIJFB-UHFFFAOYSA-N","C7HF13O3S",411.943881752,"O=S(=O)(O)C1(F)C(F)(F)C(F)(F)C(F)(C(F)(F)F)C(F)(F)C1(F)F"
3483,NA,"ICKAEAFPESRWOT-UHFFFAOYSA-N","C8HF15O3S",461.940688192,"O=S(=O)(O)C1(F)C(F)(F)C(F)(F)C(F)(C(F)(F)C(F)(F)F)C(F)(F)C1(F)F"
3484,NA,"RWWJLJXCXZXQIB-UHFFFAOYSA-N","C9HF17O3S",511.937494632,"O=S(=O)(O)C1(F)C(F)(F)C(F)(F)C(F)(C(F)(F)C(F)(F)C(F)(F)F)C(F)(F)C1(F)F"
3485,NA,"OGJRFXPKJKXHKI-UHFFFAOYSA-N","C10HF19O3S",561.934301072,"O=S(=O)(O)C1(F)C(F)(F)C(F)(F)C(F)(C(F)(F)C(F)(F)C(F)(F)C(F)(F)F)C(F)(F)C1(F)F"
3486,NA,"IQMFCQKEICWTTF-UHFFFAOYSA-N","C11HF21O3S",611.931107512,"O=S(=O)(O)C1(F)C(F)(F)C(F)(F)C(F)(C(F)(F)C(F)(F)C(F)(F)C(F)(F)C(F)(F)F)C(F)(F)C1(F)F"
3487,NA,"IDSMUSCGNRAIQF-UHFFFAOYSA-N","C12HF23O3S",661.927913952,"O=S(=O)(O)C1(F)C(F)(F)C(F)(F)C(F)(C(F)(F)C(F)(F)C(F)(F)C(F)(F)C(F)(F)C(F)(F)F)C(F)(F)C1(F)F"
3488,"76-05-1","DTQVDTLACAAQTR-UHFFFAOYSA-N","C2HF3O2",113.992863932,"O=C(O)C(F)(F)F"
3489,NA,"LRMSQVBRUNSOJL-UHFFFAOYSA-N","C3HF5O2",163.989670372,"O=C(O)C(F)(F)C(F)(F)F"
3490,"83936-79-2","ITMCEJHCFYSIIV-UHFFFAOYSA-N","CHF3O3S",149.959849552,"O=S(=O)(O)C(F)(F)F"
3491,NA,"GKNWQHIXXANPTN-UHFFFAOYSA-N","C2HF5O3S",199.956655992,"O=S(=O)(O)C(F)(F)C(F)(F)F"
3492,NA,"XBWQFDNGNOOMDZ-UHFFFAOYSA-N","C3HF7O3S",249.953462432,"O=S(=O)(O)C(F)(F)C(F)(F)C(F)(F)F"
3493,NA,"UKHUPOMCGUFNAP-UHFFFAOYSA-N","C11HF23O3S",649.927913952,"O=S(=O)(O)C(F)(F)C(F)(F)C(F)(F)C(F)(F)C(F)(F)C(F)(F)C(F)(F)C(F)(F)C(F)(F)C(F)(F)C(F)(F)F"
3494,NA,"JMIXTHMPTMXARZ-UHFFFAOYSA-N","C13HF27O3S",749.921526832,"O=S(=O)(O)C(F)(F)C(F)(F)C(F)(F)C(F)(F)C(F)(F)C(F)(F)C(F)(F)C(F)(F)C(F)(F)C(F)(F)C(F)(F)C(F)(F)C(F)(F)F"
3495,NA,"APTHHQMMNKGQCK-UHFFFAOYSA-N","C14HF29O3S",799.918333272,"O=S(=O)(O)C(F)(F)C(F)(F)C(F)(F)C(F)(F)C(F)(F)C(F)(F)C(F)(F)C(F)(F)C(F)(F)C(F)(F)C(F)(F)C(F)(F)C(F)(F)C(F)(F)F"
3496,NA,"XEMFUSUHNOPSDA-UHFFFAOYSA-N","C15HF31O3S",849.915139712,"O=S(=O)(O)C(F)(F)C(F)(F)C(F)(F)C(F)(F)C(F)(F)C(F)(F)C(F)(F)C(F)(F)C(F)(F)C(F)(F)C(F)(F)C(F)(F)C(F)(F)C(F)(F)C(F)(F)F"
3497,NA,"QFAIDPCBDQJRJD-UHFFFAOYSA-N","C16HF33O3S",899.911946152,"O=S(=O)(O)C(F)(F)C(F)(F)C(F)(F)C(F)(F)C(F)(F)C(F)(F)C(F)(F)C(F)(F)C(F)(F)C(F)(F)C(F)(F)C(F)(F)C(F)(F)C(F)(F)C(F)(F)C(F)(F)F"
3498,NA,"WQKGMZXDKPCQCK-UHFFFAOYSA-N","C17HF35O3S",949.908752592,"O=S(=O)(O)C(F)(F)C(F)(F)C(F)(F)C(F)(F)C(F)(F)C(F)(F)C(F)(F)C(F)(F)C(F)(F)C(F)(F)C(F)(F)C(F)(F)C(F)(F)C(F)(F)C(F)(F)C(F)(F)C(F)(F)F"
3499,NA,"RBCFKLHQNQUYFE-UHFFFAOYSA-N","C18HF37O3S",999.905559032,"O=S(=O)(O)C(F)(F)C(F)(F)C(F)(F)C(F)(F)C(F)(F)C(F)(F)C(F)(F)C(F)(F)C(F)(F)C(F)(F)C(F)(F)C(F)(F)C(F)(F)C(F)(F)C(F)(F)C(F)(F)C(F)(F)C(F)(F)F"
3500,NA,"ACJWHIFZYFKOCK-UHFFFAOYSA-N","C19HF39O3S",1049.902365472,"O=S(=O)(O)C(F)(F)C(F)(F)C(F)(F)C(F)(F)C(F)(F)C(F)(F)C(F)(F)C(F)(F)C(F)(F)C(F)(F)C(F)(F)C(F)(F)C(F)(F)C(F)(F)C(F)(F)C(F)(F)C(F)(F)C(F)(F)C(F)(F)F"
3501,NA,"KSNKQSPJFRQSEI-UHFFFAOYSA-N","C3H3F3O2",128.008513996,"O=C(O)CC(F)(F)F"
3502,NA,"UVLNQGHDUGHTGV-UHFFFAOYSA-N","C4H3F5O2",178.005320436,"O=C(O)CC(F)(F)C(F)(F)F"
3503,NA,"ADQRHLTXZPZLHA-UHFFFAOYSA-N","C3H6F3NO2S",177.007134092,"CCNS(=O)(=O)C(F)(F)F"
3504,NA,"KXJBWHWYJPNGSY-UHFFFAOYSA-N","C4H6F5NO2S",227.003940532,"CCNS(=O)(=O)C(F)(F)C(F)(F)F"
3505,NA,"YLXKUKZPBUXBRV-UHFFFAOYSA-N","C5H6F7NO2S",277.000746972,"CCNS(=O)(=O)C(F)(F)C(F)(F)C(F)(F)F"
3506,NA,"SSTPSALUCQWOOV-UHFFFAOYSA-N","C6H6F9NO2S",326.997553412,"CCNS(=O)(=O)C(F)(F)C(F)(F)C(F)(F)C(F)(F)F"
3507,NA,"RUIVGYDYVAXAHW-UHFFFAOYSA-N","C7H6F11NO2S",376.994359852,"CCNS(=O)(=O)C(F)(F)C(F)(F)C(F)(F)C(F)(F)C(F)(F)F"
3508,NA,"YZWKMACAUDEEJL-UHFFFAOYSA-N","C11H6F19NO2S",576.981585612,"CCNS(=O)(=O)C(F)(F)C(F)(F)C(F)(F)C(F)(F)C(F)(F)C(F)(F)C(F)(F)C(F)(F)C(F)(F)F"
3509,NA,"NNOSWZHMYDYCSR-UHFFFAOYSA-N","C12H6F21NO2S",626.978392052,"CCNS(=O)(=O)C(F)(F)C(F)(F)C(F)(F)C(F)(F)C(F)(F)C(F)(F)C(F)(F)C(F)(F)C(F)(F)C(F)(F)F"
3510,NA,"UKGZNICKBRMNHL-UHFFFAOYSA-N","C13H6F23NO2S",676.975198492,"CCNS(=O)(=O)C(F)(F)C(F)(F)C(F)(F)C(F)(F)C(F)(F)C(F)(F)C(F)(F)C(F)(F)C(F)(F)C(F)(F)C(F)(F)F"
3511,NA,"BWJDOLYKJRIITN-UHFFFAOYSA-N","C14H6F25NO2S",726.972004932,"CCNS(=O)(=O)C(F)(F)C(F)(F)C(F)(F)C(F)(F)C(F)(F)C(F)(F)C(F)(F)C(F)(F)C(F)(F)C(F)(F)C(F)(F)C(F)(F)F"
3512,NA,"FKNCJNYDJNGCLA-UHFFFAOYSA-N","C15H6F27NO2S",776.968811372,"CCNS(=O)(=O)C(F)(F)C(F)(F)C(F)(F)C(F)(F)C(F)(F)C(F)(F)C(F)(F)C(F)(F)C(F)(F)C(F)(F)C(F)(F)C(F)(F)C(F)(F)F"
3513,NA,"GNVVFIASHGVZKM-UHFFFAOYSA-N","C16H6F29NO2S",826.965617812,"CCNS(=O)(=O)C(F)(F)C(F)(F)C(F)(F)C(F)(F)C(F)(F)C(F)(F)C(F)(F)C(F)(F)C(F)(F)C(F)(F)C(F)(F)C(F)(F)C(F)(F)C(F)(F)F"
3514,NA,"QXFRKSXYXQTUIP-UHFFFAOYSA-N","C4H5F5O4S",243.98287074,"O=S(=O)(O)OCCC(F)(F)C(F)(F)F"
3515,NA,"ZMKOLQPMWYJIKZ-UHFFFAOYSA-N","C6H5F9O4S",343.97648362,"O=S(=O)(O)OCCC(F)(F)C(F)(F)C(F)(F)C(F)(F)F"
3516,NA,"BGJBRLCWYHDOSY-UHFFFAOYSA-N","C8H5F13O4S",443.9700965,"O=S(=O)(O)OCCC(F)(F)C(F)(F)C(F)(F)C(F)(F)C(F)(F)C(F)(F)F"
3517,NA,"UWHCRBKABHKUTC-UHFFFAOYSA-N","C10H5F17O4S",543.96370938,"O=S(=O)(O)OCCC(F)(F)C(F)(F)C(F)(F)C(F)(F)C(F)(F)C(F)(F)C(F)(F)C(F)(F)F"
3518,NA,"OFTBQTJOEGXRAL-UHFFFAOYSA-N","C12H5F21O4S",643.95732226,"O=S(=O)(O)OCCC(F)(F)C(F)(F)C(F)(F)C(F)(F)C(F)(F)C(F)(F)C(F)(F)C(F)(F)C(F)(F)C(F)(F)F"
3519,NA,"HJDYDSUVNPUFQJ-UHFFFAOYSA-N","C14H5F25O4S",743.95093514,"O=S(=O)(O)OCCC(F)(F)C(F)(F)C(F)(F)C(F)(F)C(F)(F)C(F)(F)C(F)(F)C(F)(F)C(F)(F)C(F)(F)C(F)(F)C(F)(F)F"
3520,NA,"LVKHOPUPYPMZHO-UHFFFAOYSA-N","C16H5F29O4S",843.94454802,"O=S(=O)(O)OCCC(F)(F)C(F)(F)C(F)(F)C(F)(F)C(F)(F)C(F)(F)C(F)(F)C(F)(F)C(F)(F)C(F)(F)C(F)(F)C(F)(F)C(F)(F)C(F)(F)F"
3521,NA,"HSQNBEQRKQQAJD-UHFFFAOYSA-N","C7H9F3O4S",246.017364428,"O=C(CCC(F)(F)F)SCC(O)C(=O)O"
3522,NA,"RHPWYUWRQAOSMN-UHFFFAOYSA-N","C8H9F5O4S",296.014170868,"O=C(CCC(F)(F)C(F)(F)F)SCC(O)C(=O)O"
3523,NA,"OFIRBBJAZXSMEF-UHFFFAOYSA-N","C9H9F7O4S",346.010977308,"O=C(CCC(F)(F)C(F)(F)C(F)(F)F)SCC(O)C(=O)O"
3524,NA,"NRDXFJBYCLFNLQ-UHFFFAOYSA-N","C10H9F9O4S",396.007783748,"O=C(CCC(F)(F)C(F)(F)C(F)(F)C(F)(F)F)SCC(O)C(=O)O"
3525,NA,"KRGJZNGZPDYMKJ-UHFFFAOYSA-N","C11H9F11O4S",446.004590188,"O=C(CCC(F)(F)C(F)(F)C(F)(F)C(F)(F)C(F)(F)F)SCC(O)C(=O)O"
3526,NA,"IDBBZPRWLSKNKP-UHFFFAOYSA-N","C12H9F13O4S",496.001396628,"O=C(CCC(F)(F)C(F)(F)C(F)(F)C(F)(F)C(F)(F)C(F)(F)F)SCC(O)C(=O)O"
3527,NA,"WQBOPIXJALOYJO-UHFFFAOYSA-N","C13H9F15O4S",545.998203068,"O=C(CCC(F)(F)C(F)(F)C(F)(F)C(F)(F)C(F)(F)C(F)(F)C(F)(F)F)SCC(O)C(=O)O"
3528,NA,"XTIAWNMAMLUZHS-UHFFFAOYSA-N","C14H9F17O4S",595.995009508,"O=C(CCC(F)(F)C(F)(F)C(F)(F)C(F)(F)C(F)(F)C(F)(F)C(F)(F)C(F)(F)F)SCC(O)C(=O)O"
3529,NA,"SETPGCURJONUOI-UHFFFAOYSA-N","C15H9F19O4S",645.991815948,"O=C(CCC(F)(F)C(F)(F)C(F)(F)C(F)(F)C(F)(F)C(F)(F)C(F)(F)C(F)(F)C(F)(F)F)SCC(O)C(=O)O"
3530,NA,"QBWPDEXTFWEDCX-UHFFFAOYSA-N","C16H9F21O4S",695.988622388,"O=C(CCC(F)(F)C(F)(F)C(F)(F)C(F)(F)C(F)(F)C(F)(F)C(F)(F)C(F)(F)C(F)(F)C(F)(F)F)SCC(O)C(=O)O"
3531,NA,"MBGICQFGYUKRBM-UHFFFAOYSA-N","C17H9F23O4S",745.985428828,"O=C(CCC(F)(F)C(F)(F)C(F)(F)C(F)(F)C(F)(F)C(F)(F)C(F)(F)C(F)(F)C(F)(F)C(F)(F)C(F)(F)F)SCC(O)C(=O)O"
3532,NA,"NLOVNGBGCPLPCE-UHFFFAOYSA-N","C18H9F25O4S",795.982235268,"O=C(CCC(F)(F)C(F)(F)C(F)(F)C(F)(F)C(F)(F)C(F)(F)C(F)(F)C(F)(F)C(F)(F)C(F)(F)C(F)(F)C(F)(F)F)SCC(O)C(=O)O"
3533,NA,"BCWNKJBTBPTUJU-UHFFFAOYSA-N","C6H7F3O3S",216.006799744,"O=C(CO)SC(=O)CCC(F)(F)F"
3534,NA,"WGGGBRZZONDELT-UHFFFAOYSA-N","C7H7F5O3S",266.003606184,"O=C(CO)SC(=O)CCC(F)(F)C(F)(F)F"
3535,NA,"LWIRGTFBHUWRTD-UHFFFAOYSA-N","C8H7F7O3S",316.000412624,"O=C(CO)SC(=O)CCC(F)(F)C(F)(F)C(F)(F)F"
3536,NA,"XJMOHDJKPKAXLF-UHFFFAOYSA-N","C10H7F11O3S",415.994025504,"O=C(CO)SC(=O)CCC(F)(F)C(F)(F)C(F)(F)C(F)(F)C(F)(F)F"
3537,NA,"HIAXSNVILSUBBG-UHFFFAOYSA-N","C11H7F13O3S",465.990831944,"O=C(CO)SC(=O)CCC(F)(F)C(F)(F)C(F)(F)C(F)(F)C(F)(F)C(F)(F)F"
3538,NA,"KIRVKDFMFAPCAM-UHFFFAOYSA-N","C12H7F15O3S",515.987638384,"O=C(CO)SC(=O)CCC(F)(F)C(F)(F)C(F)(F)C(F)(F)C(F)(F)C(F)(F)C(F)(F)F"
3539,NA,"HMOBQFHWLPXVHG-UHFFFAOYSA-N","C13H7F17O3S",565.984444824,"O=C(CO)SC(=O)CCC(F)(F)C(F)(F)C(F)(F)C(F)(F)C(F)(F)C(F)(F)C(F)(F)C(F)(F)F"
3540,NA,"YVVUMCXDTOUGSE-UHFFFAOYSA-N","C14H7F19O3S",615.981251264,"O=C(CO)SC(=O)CCC(F)(F)C(F)(F)C(F)(F)C(F)(F)C(F)(F)C(F)(F)C(F)(F)C(F)(F)C(F)(F)F"
3541,NA,"VNTIGPXDXDYICC-UHFFFAOYSA-N","C15H7F21O3S",665.978057704,"O=C(CO)SC(=O)CCC(F)(F)C(F)(F)C(F)(F)C(F)(F)C(F)(F)C(F)(F)C(F)(F)C(F)(F)C(F)(F)C(F)(F)F"
3542,NA,"GWYOFYOLCQZDMP-UHFFFAOYSA-N","C16H7F23O3S",715.974864144,"O=C(CO)SC(=O)CCC(F)(F)C(F)(F)C(F)(F)C(F)(F)C(F)(F)C(F)(F)C(F)(F)C(F)(F)C(F)(F)C(F)(F)C(F)(F)F"
3543,NA,"OOEJHKXEHZUUOD-UHFFFAOYSA-N","C17H7F25O3S",765.971670584,"O=C(CO)SC(=O)CCC(F)(F)C(F)(F)C(F)(F)C(F)(F)C(F)(F)C(F)(F)C(F)(F)C(F)(F)C(F)(F)C(F)(F)C(F)(F)C(F)(F)F"
3544,NA,"BSDQHFGDJZUZKV-UHFFFAOYSA-N","C7H7F3O5S",259.996628984,"O=C(CCC(F)(F)F)SC(=O)C(O)C(=O)O"
3545,NA,"DPQYFRSFQUIUOK-UHFFFAOYSA-N","C8H7F5O5S",309.993435424,"O=C(CCC(F)(F)C(F)(F)F)SC(=O)C(O)C(=O)O"
3546,NA,"XPPFSLHQBCGTKP-UHFFFAOYSA-N","C9H7F7O5S",359.990241864,"O=C(CCC(F)(F)C(F)(F)C(F)(F)F)SC(=O)C(O)C(=O)O"
3547,NA,"HCSMNAZXZQFKPE-UHFFFAOYSA-N","C10H7F9O5S",409.987048304,"O=C(CCC(F)(F)C(F)(F)C(F)(F)C(F)(F)F)SC(=O)C(O)C(=O)O"
3548,NA,"IXPMWRBRPVCPCZ-UHFFFAOYSA-N","C11H7F11O5S",459.983854744,"O=C(CCC(F)(F)C(F)(F)C(F)(F)C(F)(F)C(F)(F)F)SC(=O)C(O)C(=O)O"
3549,NA,"ZZEDKUCBXPNWQQ-UHFFFAOYSA-N","C12H7F13O5S",509.980661184,"O=C(CCC(F)(F)C(F)(F)C(F)(F)C(F)(F)C(F)(F)C(F)(F)F)SC(=O)C(O)C(=O)O"
3550,NA,"BWIUSTSPHRDOKU-UHFFFAOYSA-N","C13H7F15O5S",559.977467624,"O=C(CCC(F)(F)C(F)(F)C(F)(F)C(F)(F)C(F)(F)C(F)(F)C(F)(F)F)SC(=O)C(O)C(=O)O"
3551,NA,"UFLGXWQVPDYAST-UHFFFAOYSA-N","C14H7F17O5S",609.974274064,"O=C(CCC(F)(F)C(F)(F)C(F)(F)C(F)(F)C(F)(F)C(F)(F)C(F)(F)C(F)(F)F)SC(=O)C(O)C(=O)O"
3552,NA,"KTKNHGYGKCVDBO-UHFFFAOYSA-N","C15H7F19O5S",659.971080504,"O=C(CCC(F)(F)C(F)(F)C(F)(F)C(F)(F)C(F)(F)C(F)(F)C(F)(F)C(F)(F)C(F)(F)F)SC(=O)C(O)C(=O)O"
3553,NA,"WZVZMROIPSBOQN-UHFFFAOYSA-N","C16H7F21O5S",709.967886944,"O=C(CCC(F)(F)C(F)(F)C(F)(F)C(F)(F)C(F)(F)C(F)(F)C(F)(F)C(F)(F)C(F)(F)C(F)(F)F)SC(=O)C(O)C(=O)O"
3554,NA,"QXZPVTMJPBWJCZ-UHFFFAOYSA-N","C17H7F23O5S",759.964693384,"O=C(CCC(F)(F)C(F)(F)C(F)(F)C(F)(F)C(F)(F)C(F)(F)C(F)(F)C(F)(F)C(F)(F)C(F)(F)C(F)(F)F)SC(=O)C(O)C(=O)O"
3555,NA,"PSDTXLCWRGHVEC-UHFFFAOYSA-N","C18H7F25O5S",809.961499824,"O=C(CCC(F)(F)C(F)(F)C(F)(F)C(F)(F)C(F)(F)C(F)(F)C(F)(F)C(F)(F)C(F)(F)C(F)(F)C(F)(F)C(F)(F)F)SC(=O)C(O)C(=O)O"
3556,NA,"RGLBDXFOAXZIFK-UHFFFAOYSA-N","C7H9F5O3S",268.019256248,"O=C(O)CCS(=O)CCC(F)(F)C(F)(F)F"
3557,NA,"XPQTZUGUBZQLBE-UHFFFAOYSA-N","C9H9F9O3S",368.012869128,"O=C(O)CCS(=O)CCC(F)(F)C(F)(F)C(F)(F)C(F)(F)F"
3558,NA,"DSUSHOGHCDVRGM-UHFFFAOYSA-N","C11H9F13O3S",468.006482008,"O=C(O)CCS(=O)CCC(F)(F)C(F)(F)C(F)(F)C(F)(F)C(F)(F)C(F)(F)F"
3559,NA,"JANBPLGBTYFSKD-UHFFFAOYSA-N","C13H9F17O3S",568.000094888,"O=C(O)CCS(=O)CCC(F)(F)C(F)(F)C(F)(F)C(F)(F)C(F)(F)C(F)(F)C(F)(F)C(F)(F)F"
3560,NA,"BSNGKNPLGVIHKH-UHFFFAOYSA-N","C15H9F21O3S",667.993707768,"O=C(O)CCS(=O)CCC(F)(F)C(F)(F)C(F)(F)C(F)(F)C(F)(F)C(F)(F)C(F)(F)C(F)(F)C(F)(F)C(F)(F)F"
3561,NA,"MJVLDZHGODXZBG-UHFFFAOYSA-N","C17H9F25O3S",767.987320648,"O=C(O)CCS(=O)CCC(F)(F)C(F)(F)C(F)(F)C(F)(F)C(F)(F)C(F)(F)C(F)(F)C(F)(F)C(F)(F)C(F)(F)C(F)(F)C(F)(F)F"
3562,NA,"CMWJHGPGUWUUGA-UHFFFAOYSA-N","C19H9F29O3S",867.980933528,"O=C(O)CCS(=O)CCC(F)(F)C(F)(F)C(F)(F)C(F)(F)C(F)(F)C(F)(F)C(F)(F)C(F)(F)C(F)(F)C(F)(F)C(F)(F)C(F)(F)C(F)(F)C(F)(F)F"
3563,NA,"IQEBYJVDVXBTQH-UHFFFAOYSA-N","C4H6F5NO2S",227.003940532,"NS(=O)(=O)CCC(F)(F)C(F)(F)F"
3564,NA,"KKHMBQUHTGIUDQ-UHFFFAOYSA-N","C6H6F9NO2S",326.997553412,"NS(=O)(=O)CCC(F)(F)C(F)(F)C(F)(F)C(F)(F)F"
3565,NA,"SLXFDSURWVHHMS-UHFFFAOYSA-N","C12H6F21NO2S",626.978392052,"NS(=O)(=O)CCC(F)(F)C(F)(F)C(F)(F)C(F)(F)C(F)(F)C(F)(F)C(F)(F)C(F)(F)C(F)(F)C(F)(F)F"
3566,NA,"GTPBLCVJIMOPSZ-UHFFFAOYSA-N","C14H6F25NO2S",726.972004932,"NS(=O)(=O)CCC(F)(F)C(F)(F)C(F)(F)C(F)(F)C(F)(F)C(F)(F)C(F)(F)C(F)(F)C(F)(F)C(F)(F)C(F)(F)C(F)(F)F"
3567,NA,"BGYCSPAHMJYNFX-UHFFFAOYSA-N","C16H6F29NO2S",826.965617812,"NS(=O)(=O)CCC(F)(F)C(F)(F)C(F)(F)C(F)(F)C(F)(F)C(F)(F)C(F)(F)C(F)(F)C(F)(F)C(F)(F)C(F)(F)C(F)(F)C(F)(F)C(F)(F)F"
3568,NA,"KJBJUTSBUKQIKR-UHFFFAOYSA-N","C3H2F2O2",108.002285744,"O=C(O)C=C(F)F"
3569,NA,"WKAYWQKZZYEPTI-UPHRSURJSA-N","C4H2F4O2",157.999092184,"O=C(O)/C=C(\F)C(F)(F)F"
3570,NA,"ZJJJWFMRGDMLHL-UPHRSURJSA-N","C5H2F6O2",207.995898624,"O=C(O)/C=C(\F)C(F)(F)C(F)(F)F"
3571,NA,"CMFAKTRZLATJOA-UPHRSURJSA-N","C6H2F8O2",257.992705064,"O=C(O)/C=C(\F)C(F)(F)C(F)(F)C(F)(F)F"
3572,NA,"KFEUVUQBWUUMBJ-UPHRSURJSA-N","C13H2F22O2",607.970350144,"O=C(O)/C=C(\F)C(F)(F)C(F)(F)C(F)(F)C(F)(F)C(F)(F)C(F)(F)C(F)(F)C(F)(F)C(F)(F)C(F)(F)F"
3573,NA,"HIEXNORFRSKMTO-UPHRSURJSA-N","C14H2F24O2",657.967156584,"O=C(O)/C=C(\F)C(F)(F)C(F)(F)C(F)(F)C(F)(F)C(F)(F)C(F)(F)C(F)(F)C(F)(F)C(F)(F)C(F)(F)C(F)(F)F"
3574,NA,"KBLXXGARPYHDBX-UPHRSURJSA-N","C16H2F28O2",757.960769464,"O=C(O)/C=C(\F)C(F)(F)C(F)(F)C(F)(F)C(F)(F)C(F)(F)C(F)(F)C(F)(F)C(F)(F)C(F)(F)C(F)(F)C(F)(F)C(F)(F)C(F)(F)F"
3575,NA,"CHJYKNDQMVDBKS-UHFFFAOYSA-N","C4H7F3O3S",192.006799744,"O=S(=O)(O)CCCC(F)(F)F"
3576,NA,"UDRQXDZZNFHSOS-UHFFFAOYSA-N","C5H7F5O3S",242.003606184,"O=S(=O)(O)CCCC(F)(F)C(F)(F)F"
3577,NA,"UKDPREJTHLLHNB-UHFFFAOYSA-N","C6H7F7O3S",292.000412624,"O=S(=O)(O)CCCC(F)(F)C(F)(F)C(F)(F)F"
3578,NA,"FGZLGQUWTLNTCB-UHFFFAOYSA-N","C8H7F11O3S",391.994025504,"O=S(=O)(O)CCCC(F)(F)C(F)(F)C(F)(F)C(F)(F)C(F)(F)F"
3579,NA,"BBLUPWBTADUGIW-UHFFFAOYSA-N","C10H7F15O3S",491.987638384,"O=S(=O)(O)CCCC(F)(F)C(F)(F)C(F)(F)C(F)(F)C(F)(F)C(F)(F)C(F)(F)F"
3580,NA,"STSRPXYSQHTPMX-UHFFFAOYSA-N","C11H7F17O3S",541.984444824,"O=S(=O)(O)CCCC(F)(F)C(F)(F)C(F)(F)C(F)(F)C(F)(F)C(F)(F)C(F)(F)C(F)(F)F"
3581,NA,"CJKQWERWGFLAJL-UHFFFAOYSA-N","C12H7F19O3S",591.981251264,"O=S(=O)(O)CCCC(F)(F)C(F)(F)C(F)(F)C(F)(F)C(F)(F)C(F)(F)C(F)(F)C(F)(F)C(F)(F)F"
3582,NA,"NVILYJOSPOBIFS-UHFFFAOYSA-N","C13H7F21O3S",641.978057704,"O=S(=O)(O)CCCC(F)(F)C(F)(F)C(F)(F)C(F)(F)C(F)(F)C(F)(F)C(F)(F)C(F)(F)C(F)(F)C(F)(F)F"
3583,NA,"AADNXIOZUHYXRJ-UHFFFAOYSA-N","C14H7F23O3S",691.974864144,"O=S(=O)(O)CCCC(F)(F)C(F)(F)C(F)(F)C(F)(F)C(F)(F)C(F)(F)C(F)(F)C(F)(F)C(F)(F)C(F)(F)C(F)(F)F"
3584,NA,"RNZMUOXPIZMDFT-UHFFFAOYSA-N","C15H7F25O3S",741.971670584,"O=S(=O)(O)CCCC(F)(F)C(F)(F)C(F)(F)C(F)(F)C(F)(F)C(F)(F)C(F)(F)C(F)(F)C(F)(F)C(F)(F)C(F)(F)C(F)(F)F"
3585,NA,"KMFGNJOCNALORD-UHFFFAOYSA-N","C16H7F27O3S",791.968477024,"O=S(=O)(O)CCCC(F)(F)C(F)(F)C(F)(F)C(F)(F)C(F)(F)C(F)(F)C(F)(F)C(F)(F)C(F)(F)C(F)(F)C(F)(F)C(F)(F)C(F)(F)F"
3586,NA,"QQASLJNDFHXIMH-UHFFFAOYSA-N","C17H7F29O3S",841.965283464,"O=S(=O)(O)CCCC(F)(F)C(F)(F)C(F)(F)C(F)(F)C(F)(F)C(F)(F)C(F)(F)C(F)(F)C(F)(F)C(F)(F)C(F)(F)C(F)(F)C(F)(F)C(F)(F)F"
3587,NA,"IJOCNCZJDBTBIP-UHFFFAOYSA-N","C2H4F3NO2S",162.991484028,"CNS(=O)(=O)C(F)(F)F"
3588,NA,"GCXWOVOUQXPQGA-UHFFFAOYSA-N","C3H4F5NO2S",212.988290468,"CNS(=O)(=O)C(F)(F)C(F)(F)F"
3589,NA,"BVYZEFGWAUUMDL-UHFFFAOYSA-N","C4H4F7NO2S",262.985096908,"CNS(=O)(=O)C(F)(F)C(F)(F)C(F)(F)F"
3590,NA,"HJFPHSXVPLEBIW-UHFFFAOYSA-N","C10H4F19NO2S",562.965935548,"CNS(=O)(=O)C(F)(F)C(F)(F)C(F)(F)C(F)(F)C(F)(F)C(F)(F)C(F)(F)C(F)(F)C(F)(F)F"
3591,NA,"AYBGRXUELWRNSY-UHFFFAOYSA-N","C11H4F21NO2S",612.962741988,"CNS(=O)(=O)C(F)(F)C(F)(F)C(F)(F)C(F)(F)C(F)(F)C(F)(F)C(F)(F)C(F)(F)C(F)(F)C(F)(F)F"
3592,NA,"XTYJZYCWZAWPFL-UHFFFAOYSA-N","C12H4F23NO2S",662.959548428,"CNS(=O)(=O)C(F)(F)C(F)(F)C(F)(F)C(F)(F)C(F)(F)C(F)(F)C(F)(F)C(F)(F)C(F)(F)C(F)(F)C(F)(F)F"
3593,NA,"NQFWIXJUMNDNQW-UHFFFAOYSA-N","C13H4F25NO2S",712.956354868,"CNS(=O)(=O)C(F)(F)C(F)(F)C(F)(F)C(F)(F)C(F)(F)C(F)(F)C(F)(F)C(F)(F)C(F)(F)C(F)(F)C(F)(F)C(F)(F)F"
3594,NA,"SUSLVQNXLQDQCP-UHFFFAOYSA-N","C14H4F27NO2S",762.953161308,"CNS(=O)(=O)C(F)(F)C(F)(F)C(F)(F)C(F)(F)C(F)(F)C(F)(F)C(F)(F)C(F)(F)C(F)(F)C(F)(F)C(F)(F)C(F)(F)C(F)(F)F"
3595,NA,"RHBPMWRRBNRWAE-UHFFFAOYSA-N","C15H4F29NO2S",812.949967748,"CNS(=O)(=O)C(F)(F)C(F)(F)C(F)(F)C(F)(F)C(F)(F)C(F)(F)C(F)(F)C(F)(F)C(F)(F)C(F)(F)C(F)(F)C(F)(F)C(F)(F)C(F)(F)F"
3596,NA,"GTXVIWDVXIVJGZ-UHFFFAOYSA-N","C9H18F5N2O4S",345.090744156,"C[N+](C)(CCO)CC(O)CNS(=O)(=O)C(F)(F)C(F)(F)F"
3597,NA,"XAFILQIIIAKTST-UHFFFAOYSA-N","C10H18F7N2O4S",395.087550596,"C[N+](C)(CCO)CC(O)CNS(=O)(=O)C(F)(F)C(F)(F)C(F)(F)F"
3598,NA,"TURDKCIJKOTGAN-UHFFFAOYSA-N","C11H18F9N2O4S",445.084357036,"C[N+](C)(CCO)CC(O)CNS(=O)(=O)C(F)(F)C(F)(F)C(F)(F)C(F)(F)F"
3599,NA,"LNLUFNCCCASEGP-UHFFFAOYSA-N","C12H18F11N2O4S",495.081163476,"C[N+](C)(CCO)CC(O)CNS(=O)(=O)C(F)(F)C(F)(F)C(F)(F)C(F)(F)C(F)(F)F"
3600,NA,"NEZVSQDIQCIHOO-UHFFFAOYSA-N","C13H18F13N2O4S",545.077969916,"C[N+](C)(CCO)CC(O)CNS(=O)(=O)C(F)(F)C(F)(F)C(F)(F)C(F)(F)C(F)(F)C(F)(F)F"
3601,NA,"DMVRDHDMALZZIC-UHFFFAOYSA-N","C14H18F15N2O4S",595.074776356,"C[N+](C)(CCO)CC(O)CNS(=O)(=O)C(F)(F)C(F)(F)C(F)(F)C(F)(F)C(F)(F)C(F)(F)C(F)(F)F"
3602,NA,"VLYUTRXLNYSYIR-UHFFFAOYSA-N","C15H18F17N2O4S",645.071582796,"C[N+](C)(CCO)CC(O)CNS(=O)(=O)C(F)(F)C(F)(F)C(F)(F)C(F)(F)C(F)(F)C(F)(F)C(F)(F)C(F)(F)F"
3603,NA,"KXFLBMWBWWDPTC-UHFFFAOYSA-N","C16H18F19N2O4S",695.068389236,"C[N+](C)(CCO)CC(O)CNS(=O)(=O)C(F)(F)C(F)(F)C(F)(F)C(F)(F)C(F)(F)C(F)(F)C(F)(F)C(F)(F)C(F)(F)F"
3604,NA,"YFDKZXXVUHCBLW-UHFFFAOYSA-N","C17H18F21N2O4S",745.065195676,"C[N+](C)(CCO)CC(O)CNS(=O)(=O)C(F)(F)C(F)(F)C(F)(F)C(F)(F)C(F)(F)C(F)(F)C(F)(F)C(F)(F)C(F)(F)C(F)(F)F"
3605,NA,"BYEWCCMKLLDHLC-UHFFFAOYSA-N","C18H18F23N2O4S",795.062002116,"C[N+](C)(CCO)CC(O)CNS(=O)(=O)C(F)(F)C(F)(F)C(F)(F)C(F)(F)C(F)(F)C(F)(F)C(F)(F)C(F)(F)C(F)(F)C(F)(F)C(F)(F)F"
3606,NA,"CNFAMKWLXIHLBE-UHFFFAOYSA-N","C19H18F25N2O4S",845.058808556,"C[N+](C)(CCO)CC(O)CNS(=O)(=O)C(F)(F)C(F)(F)C(F)(F)C(F)(F)C(F)(F)C(F)(F)C(F)(F)C(F)(F)C(F)(F)C(F)(F)C(F)(F)C(F)(F)F"
3607,NA,"SCBRLSKRVSUCKH-UHFFFAOYSA-N","C9H18F5N2O3S",329.095829536,"C[N+](C)(CCO)CCCNS(=O)(=O)C(F)(F)C(F)(F)F"
3608,NA,"DEVSAHFFCXFJBS-UHFFFAOYSA-N","C10H18F7N2O3S",379.092635976,"C[N+](C)(CCO)CCCNS(=O)(=O)C(F)(F)C(F)(F)C(F)(F)F"
3609,NA,"NGEDIHQFESSIKU-UHFFFAOYSA-N","C11H18F9N2O3S",429.089442416,"C[N+](C)(CCO)CCCNS(=O)(=O)C(F)(F)C(F)(F)C(F)(F)C(F)(F)F"
3610,NA,"LEPYLBONWYXBOI-UHFFFAOYSA-N","C12H18F11N2O3S",479.086248856,"C[N+](C)(CCO)CCCNS(=O)(=O)C(F)(F)C(F)(F)C(F)(F)C(F)(F)C(F)(F)F"
3611,NA,"IPCCWNWHJVOPTJ-UHFFFAOYSA-N","C13H18F13N2O3S",529.083055296,"C[N+](C)(CCO)CCCNS(=O)(=O)C(F)(F)C(F)(F)C(F)(F)C(F)(F)C(F)(F)C(F)(F)F"
3612,NA,"MSWCXVZOAMQIMJ-UHFFFAOYSA-N","C14H18F15N2O3S",579.079861736,"C[N+](C)(CCO)CCCNS(=O)(=O)C(F)(F)C(F)(F)C(F)(F)C(F)(F)C(F)(F)C(F)(F)C(F)(F)F"
3613,NA,"SRLSHPKHTWDZSN-UHFFFAOYSA-N","C15H18F17N2O3S",629.076668176,"C[N+](C)(CCO)CCCNS(=O)(=O)C(F)(F)C(F)(F)C(F)(F)C(F)(F)C(F)(F)C(F)(F)C(F)(F)C(F)(F)F"
3614,NA,"BOOZBURLDUOGNM-UHFFFAOYSA-N","C16H18F19N2O3S",679.073474616,"C[N+](C)(CCO)CCCNS(=O)(=O)C(F)(F)C(F)(F)C(F)(F)C(F)(F)C(F)(F)C(F)(F)C(F)(F)C(F)(F)C(F)(F)F"
3615,NA,"SNVRUYJUTWCWSZ-UHFFFAOYSA-N","C17H18F21N2O3S",729.070281056,"C[N+](C)(CCO)CCCNS(=O)(=O)C(F)(F)C(F)(F)C(F)(F)C(F)(F)C(F)(F)C(F)(F)C(F)(F)C(F)(F)C(F)(F)C(F)(F)F"
3616,NA,"LOPLSDVGUDYHPN-UHFFFAOYSA-N","C18H18F23N2O3S",779.067087496,"C[N+](C)(CCO)CCCNS(=O)(=O)C(F)(F)C(F)(F)C(F)(F)C(F)(F)C(F)(F)C(F)(F)C(F)(F)C(F)(F)C(F)(F)C(F)(F)C(F)(F)F"
3617,NA,"DDIAPCKUCONSLE-UHFFFAOYSA-N","C19H18F25N2O3S",829.063893936,"C[N+](C)(CCO)CCCNS(=O)(=O)C(F)(F)C(F)(F)C(F)(F)C(F)(F)C(F)(F)C(F)(F)C(F)(F)C(F)(F)C(F)(F)C(F)(F)C(F)(F)C(F)(F)F"
3618,NA,"FKAAEAHUKRGMBQ-UHFFFAOYSA-N","C9H18F5N2O2S",313.100914916,"CN(CCC[N+](C)(C)C)S(=O)(=O)C(F)(F)C(F)(F)F"
3619,NA,"MYOALHJBESBBPK-UHFFFAOYSA-N","C10H18F7N2O2S",363.097721356,"CN(CCC[N+](C)(C)C)S(=O)(=O)C(F)(F)C(F)(F)C(F)(F)F"
3620,NA,"YKUMGPJJYWLQDX-UHFFFAOYSA-N","C11H18F9N2O2S",413.094527796,"CN(CCC[N+](C)(C)C)S(=O)(=O)C(F)(F)C(F)(F)C(F)(F)C(F)(F)F"
3621,NA,"HLRMXWITAUKISG-UHFFFAOYSA-N","C12H18F11N2O2S",463.091334236,"CN(CCC[N+](C)(C)C)S(=O)(=O)C(F)(F)C(F)(F)C(F)(F)C(F)(F)C(F)(F)F"
3622,NA,"HYAHDHHGDLTMOV-UHFFFAOYSA-N","C13H18F13N2O2S",513.088140676,"CN(CCC[N+](C)(C)C)S(=O)(=O)C(F)(F)C(F)(F)C(F)(F)C(F)(F)C(F)(F)C(F)(F)F"
3623,NA,"IYBRQDTZWVOFKC-UHFFFAOYSA-N","C14H18F15N2O2S",563.084947116,"CN(CCC[N+](C)(C)C)S(=O)(=O)C(F)(F)C(F)(F)C(F)(F)C(F)(F)C(F)(F)C(F)(F)C(F)(F)F"
3624,NA,"CZLOVMCKXAUUND-UHFFFAOYSA-N","C15H18F17N2O2S",613.081753556,"CN(CCC[N+](C)(C)C)S(=O)(=O)C(F)(F)C(F)(F)C(F)(F)C(F)(F)C(F)(F)C(F)(F)C(F)(F)C(F)(F)F"
3625,NA,"BZTMKMQNPUYIMP-UHFFFAOYSA-N","C16H18F19N2O2S",663.078559996,"CN(CCC[N+](C)(C)C)S(=O)(=O)C(F)(F)C(F)(F)C(F)(F)C(F)(F)C(F)(F)C(F)(F)C(F)(F)C(F)(F)C(F)(F)F"
3626,NA,"AKDHERCPWXHTCA-UHFFFAOYSA-N","C17H18F21N2O2S",713.075366436,"CN(CCC[N+](C)(C)C)S(=O)(=O)C(F)(F)C(F)(F)C(F)(F)C(F)(F)C(F)(F)C(F)(F)C(F)(F)C(F)(F)C(F)(F)C(F)(F)F"
3627,NA,"DSGZNLZBXPZYRR-UHFFFAOYSA-N","C18H18F23N2O2S",763.072172876,"CN(CCC[N+](C)(C)C)S(=O)(=O)C(F)(F)C(F)(F)C(F)(F)C(F)(F)C(F)(F)C(F)(F)C(F)(F)C(F)(F)C(F)(F)C(F)(F)C(F)(F)F"
3628,NA,"UGSKOXVMGLBTHW-UHFFFAOYSA-N","C19H18F25N2O2S",813.068979316,"CN(CCC[N+](C)(C)C)S(=O)(=O)C(F)(F)C(F)(F)C(F)(F)C(F)(F)C(F)(F)C(F)(F)C(F)(F)C(F)(F)C(F)(F)C(F)(F)C(F)(F)C(F)(F)F"
3629,NA,"BPNYLKYMXUPITN-UHFFFAOYSA-N","C8H16F5N2O2S",299.085264852,"C[N+](C)(C)CCCNS(=O)(=O)C(F)(F)C(F)(F)F"
3630,NA,"CASSAIPKJYYJHB-UHFFFAOYSA-N","C9H16F7N2O2S",349.082071292,"C[N+](C)(C)CCCNS(=O)(=O)C(F)(F)C(F)(F)C(F)(F)F"
3631,NA,"VFXIIEQKSPWYPX-UHFFFAOYSA-N","C10H16F9N2O2S",399.078877732,"C[N+](C)(C)CCCNS(=O)(=O)C(F)(F)C(F)(F)C(F)(F)C(F)(F)F"
3632,NA,"CFFXMGKYQIYDHJ-UHFFFAOYSA-N","C11H16F11N2O2S",449.075684172,"C[N+](C)(C)CCCNS(=O)(=O)C(F)(F)C(F)(F)C(F)(F)C(F)(F)C(F)(F)F"
3633,NA,"OWBYGXNKMFLAMD-UHFFFAOYSA-N","C12H16F13N2O2S",499.072490612,"C[N+](C)(C)CCCNS(=O)(=O)C(F)(F)C(F)(F)C(F)(F)C(F)(F)C(F)(F)C(F)(F)F"
3634,NA,"QHNLSCKDDZDPTI-UHFFFAOYSA-N","C13H16F15N2O2S",549.069297052,"C[N+](C)(C)CCCNS(=O)(=O)C(F)(F)C(F)(F)C(F)(F)C(F)(F)C(F)(F)C(F)(F)C(F)(F)F"
3635,NA,"FGTDPZOJJFPWCB-UHFFFAOYSA-N","C14H16F17N2O2S",599.066103492,"C[N+](C)(C)CCCNS(=O)(=O)C(F)(F)C(F)(F)C(F)(F)C(F)(F)C(F)(F)C(F)(F)C(F)(F)C(F)(F)F"
3636,NA,"NPXHXKQJVSCTPM-UHFFFAOYSA-N","C15H16F19N2O2S",649.062909932,"C[N+](C)(C)CCCNS(=O)(=O)C(F)(F)C(F)(F)C(F)(F)C(F)(F)C(F)(F)C(F)(F)C(F)(F)C(F)(F)C(F)(F)F"
3637,NA,"RQEMETAZRZHLRW-UHFFFAOYSA-N","C16H16F21N2O2S",699.059716372,"C[N+](C)(C)CCCNS(=O)(=O)C(F)(F)C(F)(F)C(F)(F)C(F)(F)C(F)(F)C(F)(F)C(F)(F)C(F)(F)C(F)(F)C(F)(F)F"
3638,NA,"DMXWGJGOCKGFQD-UHFFFAOYSA-N","C17H16F23N2O2S",749.056522812,"C[N+](C)(C)CCCNS(=O)(=O)C(F)(F)C(F)(F)C(F)(F)C(F)(F)C(F)(F)C(F)(F)C(F)(F)C(F)(F)C(F)(F)C(F)(F)C(F)(F)F"
3639,NA,"TVLYDSKMDRYYNY-UHFFFAOYSA-N","C18H16F25N2O2S",799.053329252,"C[N+](C)(C)CCCNS(=O)(=O)C(F)(F)C(F)(F)C(F)(F)C(F)(F)C(F)(F)C(F)(F)C(F)(F)C(F)(F)C(F)(F)C(F)(F)C(F)(F)C(F)(F)F"
3640,NA,"BIHDSCMKAHYSNU-UHFFFAOYSA-O","C11H20F5N2O4S",371.10639422,"C[N+](C)(C)CCCN(CCC(=O)O)S(=O)(=O)C(F)(F)C(F)(F)F"
3641,NA,"RBDJPHYLSZMXME-UHFFFAOYSA-O","C12H20F7N2O4S",421.10320066,"C[N+](C)(C)CCCN(CCC(=O)O)S(=O)(=O)C(F)(F)C(F)(F)C(F)(F)F"
3642,NA,"NKBJZWLANCTRAP-UHFFFAOYSA-O","C13H20F9N2O4S",471.1000071,"C[N+](C)(C)CCCN(CCC(=O)O)S(=O)(=O)C(F)(F)C(F)(F)C(F)(F)C(F)(F)F"
3643,NA,"YIXDWVZQHRVKRT-UHFFFAOYSA-O","C14H20F11N2O4S",521.09681354,"C[N+](C)(C)CCCN(CCC(=O)O)S(=O)(=O)C(F)(F)C(F)(F)C(F)(F)C(F)(F)C(F)(F)F"
3644,NA,"JUXSJDOYJDYZRI-UHFFFAOYSA-O","C15H20F13N2O4S",571.09361998,"C[N+](C)(C)CCCN(CCC(=O)O)S(=O)(=O)C(F)(F)C(F)(F)C(F)(F)C(F)(F)C(F)(F)C(F)(F)F"
3645,NA,"XUHVBLODHHPVJU-UHFFFAOYSA-O","C16H20F15N2O4S",621.09042642,"C[N+](C)(C)CCCN(CCC(=O)O)S(=O)(=O)C(F)(F)C(F)(F)C(F)(F)C(F)(F)C(F)(F)C(F)(F)C(F)(F)F"
3646,NA,"IQXLKVNPHRXCIX-UHFFFAOYSA-O","C17H20F17N2O4S",671.08723286,"C[N+](C)(C)CCCN(CCC(=O)O)S(=O)(=O)C(F)(F)C(F)(F)C(F)(F)C(F)(F)C(F)(F)C(F)(F)C(F)(F)C(F)(F)F"
3647,NA,"ZKEMDIUNFGOWHL-UHFFFAOYSA-O","C18H20F19N2O4S",721.0840393,"C[N+](C)(C)CCCN(CCC(=O)O)S(=O)(=O)C(F)(F)C(F)(F)C(F)(F)C(F)(F)C(F)(F)C(F)(F)C(F)(F)C(F)(F)C(F)(F)F"
3648,NA,"LWXWIXXXFYKEDO-UHFFFAOYSA-O","C19H20F21N2O4S",771.08084574,"C[N+](C)(C)CCCN(CCC(=O)O)S(=O)(=O)C(F)(F)C(F)(F)C(F)(F)C(F)(F)C(F)(F)C(F)(F)C(F)(F)C(F)(F)C(F)(F)C(F)(F)F"
3649,NA,"KLGVFAKWOOZMGV-UHFFFAOYSA-O","C20H20F23N2O4S",821.07765218,"C[N+](C)(C)CCCN(CCC(=O)O)S(=O)(=O)C(F)(F)C(F)(F)C(F)(F)C(F)(F)C(F)(F)C(F)(F)C(F)(F)C(F)(F)C(F)(F)C(F)(F)C(F)(F)F"
3650,NA,"KLZCLFCPBHLBFF-UHFFFAOYSA-O","C21H20F25N2O4S",871.07445862,"C[N+](C)(C)CCCN(CCC(=O)O)S(=O)(=O)C(F)(F)C(F)(F)C(F)(F)C(F)(F)C(F)(F)C(F)(F)C(F)(F)C(F)(F)C(F)(F)C(F)(F)C(F)(F)C(F)(F)F"
3651,NA,"MDSIEXRRMIVSKW-UHFFFAOYSA-O","C12H20F5N2O6S",415.09622346,"C[N+](C)(CCCN(CCC(=O)O)S(=O)(=O)C(F)(F)C(F)(F)F)CC(=O)O"
3652,NA,"OCZGFNJNOHARAX-UHFFFAOYSA-O","C13H20F7N2O6S",465.0930299,"C[N+](C)(CCCN(CCC(=O)O)S(=O)(=O)C(F)(F)C(F)(F)C(F)(F)F)CC(=O)O"
3653,NA,"UHZQIGSIOSKJND-UHFFFAOYSA-O","C14H20F9N2O6S",515.08983634,"C[N+](C)(CCCN(CCC(=O)O)S(=O)(=O)C(F)(F)C(F)(F)C(F)(F)C(F)(F)F)CC(=O)O"
3654,NA,"MRVNAVPFCDGBMW-UHFFFAOYSA-O","C15H20F11N2O6S",565.08664278,"C[N+](C)(CCCN(CCC(=O)O)S(=O)(=O)C(F)(F)C(F)(F)C(F)(F)C(F)(F)C(F)(F)F)CC(=O)O"
3655,NA,"CEGZDKRLHFJHPK-UHFFFAOYSA-O","C16H20F13N2O6S",615.08344922,"C[N+](C)(CCCN(CCC(=O)O)S(=O)(=O)C(F)(F)C(F)(F)C(F)(F)C(F)(F)C(F)(F)C(F)(F)F)CC(=O)O"
3656,NA,"BQABKKQUURXTIL-UHFFFAOYSA-O","C17H20F15N2O6S",665.08025566,"C[N+](C)(CCCN(CCC(=O)O)S(=O)(=O)C(F)(F)C(F)(F)C(F)(F)C(F)(F)C(F)(F)C(F)(F)C(F)(F)F)CC(=O)O"
3657,NA,"ULHXOSJFOZQTHA-UHFFFAOYSA-O","C18H20F17N2O6S",715.0770621,"C[N+](C)(CCCN(CCC(=O)O)S(=O)(=O)C(F)(F)C(F)(F)C(F)(F)C(F)(F)C(F)(F)C(F)(F)C(F)(F)C(F)(F)F)CC(=O)O"
3658,NA,"SPPLMMJASBUFDX-UHFFFAOYSA-O","C19H20F19N2O6S",765.07386854,"C[N+](C)(CCCN(CCC(=O)O)S(=O)(=O)C(F)(F)C(F)(F)C(F)(F)C(F)(F)C(F)(F)C(F)(F)C(F)(F)C(F)(F)C(F)(F)F)CC(=O)O"
3659,NA,"KODGNBUMXWTFEL-UHFFFAOYSA-O","C20H20F21N2O6S",815.07067498,"C[N+](C)(CCCN(CCC(=O)O)S(=O)(=O)C(F)(F)C(F)(F)C(F)(F)C(F)(F)C(F)(F)C(F)(F)C(F)(F)C(F)(F)C(F)(F)C(F)(F)F)CC(=O)O"
3660,NA,"OGERKHCKCQYRLR-UHFFFAOYSA-O","C21H20F23N2O6S",865.06748142,"C[N+](C)(CCCN(CCC(=O)O)S(=O)(=O)C(F)(F)C(F)(F)C(F)(F)C(F)(F)C(F)(F)C(F)(F)C(F)(F)C(F)(F)C(F)(F)C(F)(F)C(F)(F)F)CC(=O)O"
3661,NA,"CSUVMGDFDVRQDK-UHFFFAOYSA-O","C22H20F25N2O6S",915.06428786,"C[N+](C)(CCCN(CCC(=O)O)S(=O)(=O)C(F)(F)C(F)(F)C(F)(F)C(F)(F)C(F)(F)C(F)(F)C(F)(F)C(F)(F)C(F)(F)C(F)(F)C(F)(F)C(F)(F)F)CC(=O)O"
3662,NA,"MPTGZYFGBSTCGO-UHFFFAOYSA-O","C8H13F5NO2",250.086644756,"C[N+](C)(CCC(F)(F)C(F)(F)F)CC(=O)O"
3663,NA,"VQTNPRGLRDLXML-UHFFFAOYSA-O","C10H13F9NO2",350.080257636,"C[N+](C)(CCC(F)(F)C(F)(F)C(F)(F)C(F)(F)F)CC(=O)O"
3664,NA,"GAEUOVYQCKBCJA-UHFFFAOYSA-O","C12H13F13NO2",450.073870516,"C[N+](C)(CCC(F)(F)C(F)(F)C(F)(F)C(F)(F)C(F)(F)C(F)(F)F)CC(=O)O"
3665,NA,"RROPBNJOTUKBHE-UHFFFAOYSA-O","C14H13F17NO2",550.067483396,"C[N+](C)(CCC(F)(F)C(F)(F)C(F)(F)C(F)(F)C(F)(F)C(F)(F)C(F)(F)C(F)(F)F)CC(=O)O"
3666,NA,"FJXADJOUUBPICV-UHFFFAOYSA-O","C16H13F21NO2",650.061096276,"C[N+](C)(CCC(F)(F)C(F)(F)C(F)(F)C(F)(F)C(F)(F)C(F)(F)C(F)(F)C(F)(F)C(F)(F)C(F)(F)F)CC(=O)O"
3667,NA,"ALUUWQJYDWNTPQ-UHFFFAOYSA-O","C18H13F25NO2",750.054709156,"C[N+](C)(CCC(F)(F)C(F)(F)C(F)(F)C(F)(F)C(F)(F)C(F)(F)C(F)(F)C(F)(F)C(F)(F)C(F)(F)C(F)(F)C(F)(F)F)CC(=O)O"
3668,NA,"RAQLALUWHXZVQW-UHFFFAOYSA-O","C20H13F29NO2",850.048322036,"C[N+](C)(CCC(F)(F)C(F)(F)C(F)(F)C(F)(F)C(F)(F)C(F)(F)C(F)(F)C(F)(F)C(F)(F)C(F)(F)C(F)(F)C(F)(F)C(F)(F)C(F)(F)F)CC(=O)O"
3669,NA,"CDMLTTAFLYOEEX-UHFFFAOYSA-O","C10H17F5NO2",278.117944884,"C[N+](C)(CCCCC(F)(F)C(F)(F)F)CC(=O)O"
3670,NA,"MIIJSWOFURFCFI-UHFFFAOYSA-O","C12H17F9NO2",378.111557764,"C[N+](C)(CCCCC(F)(F)C(F)(F)C(F)(F)C(F)(F)F)CC(=O)O"
3671,NA,"MJLPBBJRGAKZKE-UHFFFAOYSA-O","C14H17F13NO2",478.105170644,"C[N+](C)(CCCCC(F)(F)C(F)(F)C(F)(F)C(F)(F)C(F)(F)C(F)(F)F)CC(=O)O"
3672,NA,"LAETYYBCEXXABA-UHFFFAOYSA-O","C16H17F17NO2",578.098783524,"C[N+](C)(CCCCC(F)(F)C(F)(F)C(F)(F)C(F)(F)C(F)(F)C(F)(F)C(F)(F)C(F)(F)F)CC(=O)O"
3673,NA,"ABDQJWKYRAHRNQ-UHFFFAOYSA-O","C18H17F21NO2",678.092396404,"C[N+](C)(CCCCC(F)(F)C(F)(F)C(F)(F)C(F)(F)C(F)(F)C(F)(F)C(F)(F)C(F)(F)C(F)(F)C(F)(F)F)CC(=O)O"
3674,NA,"PQZAOVWBVTZSEU-UHFFFAOYSA-O","C20H17F25NO2",778.086009284,"C[N+](C)(CCCCC(F)(F)C(F)(F)C(F)(F)C(F)(F)C(F)(F)C(F)(F)C(F)(F)C(F)(F)C(F)(F)C(F)(F)C(F)(F)C(F)(F)F)CC(=O)O"
3675,NA,"GGMIYJFUSVEADJ-UHFFFAOYSA-O","C22H17F29NO2",878.079622164,"C[N+](C)(CCCCC(F)(F)C(F)(F)C(F)(F)C(F)(F)C(F)(F)C(F)(F)C(F)(F)C(F)(F)C(F)(F)C(F)(F)C(F)(F)C(F)(F)C(F)(F)C(F)(F)F)CC(=O)O"
3676,NA,"GIYNIOCHGMEMGI-UHFFFAOYSA-O","C24H17F33NO2",978.073235044,"C[N+](C)(CCCCC(F)(F)C(F)(F)C(F)(F)C(F)(F)C(F)(F)C(F)(F)C(F)(F)C(F)(F)C(F)(F)C(F)(F)C(F)(F)C(F)(F)C(F)(F)C(F)(F)C(F)(F)C(F)(F)F)CC(=O)O"
3677,NA,"KYVBQDHTMAHQFL-UHFFFAOYSA-O","C26H17F37NO2",1078.066847924,"C[N+](C)(CCCCC(F)(F)C(F)(F)C(F)(F)C(F)(F)C(F)(F)C(F)(F)C(F)(F)C(F)(F)C(F)(F)C(F)(F)C(F)(F)C(F)(F)C(F)(F)C(F)(F)C(F)(F)C(F)(F)C(F)(F)C(F)(F)F)CC(=O)O"
3678,NA,"YTPJWVYDZFTNTA-UHFFFAOYSA-O","C12H22F5N2O8S2",481.073773764,"C[N+](C)(CCCN(CC(=O)O)S(=O)(=O)C(F)(F)C(F)(F)F)CC(O)CS(=O)(=O)O"
3679,NA,"LIDJEVBUWGYUHC-UHFFFAOYSA-O","C13H22F7N2O8S2",531.070580204,"C[N+](C)(CCCN(CC(=O)O)S(=O)(=O)C(F)(F)C(F)(F)C(F)(F)F)CC(O)CS(=O)(=O)O"
3680,NA,"MSDRTNSYKMRDIE-UHFFFAOYSA-O","C14H22F9N2O8S2",581.067386644,"C[N+](C)(CCCN(CC(=O)O)S(=O)(=O)C(F)(F)C(F)(F)C(F)(F)C(F)(F)F)CC(O)CS(=O)(=O)O"
3681,NA,"NINMTDZMBDJKGM-UHFFFAOYSA-O","C15H22F11N2O8S2",631.064193084,"C[N+](C)(CCCN(CC(=O)O)S(=O)(=O)C(F)(F)C(F)(F)C(F)(F)C(F)(F)C(F)(F)F)CC(O)CS(=O)(=O)O"
3682,NA,"UDMWVFHEBLOKGY-UHFFFAOYSA-O","C16H22F13N2O8S2",681.060999524,"C[N+](C)(CCCN(CC(=O)O)S(=O)(=O)C(F)(F)C(F)(F)C(F)(F)C(F)(F)C(F)(F)C(F)(F)F)CC(O)CS(=O)(=O)O"
3683,NA,"MBXMWOCACGPDTH-UHFFFAOYSA-O","C17H22F15N2O8S2",731.057805964,"C[N+](C)(CCCN(CC(=O)O)S(=O)(=O)C(F)(F)C(F)(F)C(F)(F)C(F)(F)C(F)(F)C(F)(F)C(F)(F)F)CC(O)CS(=O)(=O)O"
3684,NA,"VIMHSWMKORHMFI-UHFFFAOYSA-O","C18H22F17N2O8S2",781.054612404,"C[N+](C)(CCCN(CC(=O)O)S(=O)(=O)C(F)(F)C(F)(F)C(F)(F)C(F)(F)C(F)(F)C(F)(F)C(F)(F)C(F)(F)F)CC(O)CS(=O)(=O)O"
3685,NA,"MFKNQQWTCVCXRH-UHFFFAOYSA-O","C19H22F19N2O8S2",831.051418844,"C[N+](C)(CCCN(CC(=O)O)S(=O)(=O)C(F)(F)C(F)(F)C(F)(F)C(F)(F)C(F)(F)C(F)(F)C(F)(F)C(F)(F)C(F)(F)F)CC(O)CS(=O)(=O)O"
3686,NA,"QGKAMOBAZXLIIV-UHFFFAOYSA-O","C20H22F21N2O8S2",881.048225284,"C[N+](C)(CCCN(CC(=O)O)S(=O)(=O)C(F)(F)C(F)(F)C(F)(F)C(F)(F)C(F)(F)C(F)(F)C(F)(F)C(F)(F)C(F)(F)C(F)(F)F)CC(O)CS(=O)(=O)O"
3687,NA,"NBURAJXBHZOVCY-UHFFFAOYSA-O","C21H22F23N2O8S2",931.045031724,"C[N+](C)(CCCN(CC(=O)O)S(=O)(=O)C(F)(F)C(F)(F)C(F)(F)C(F)(F)C(F)(F)C(F)(F)C(F)(F)C(F)(F)C(F)(F)C(F)(F)C(F)(F)F)CC(O)CS(=O)(=O)O"
3688,NA,"UGJUVWOFPBWBBN-UHFFFAOYSA-O","C22H22F25N2O8S2",981.041838164,"C[N+](C)(CCCN(CC(=O)O)S(=O)(=O)C(F)(F)C(F)(F)C(F)(F)C(F)(F)C(F)(F)C(F)(F)C(F)(F)C(F)(F)C(F)(F)C(F)(F)C(F)(F)C(F)(F)F)CC(O)CS(=O)(=O)O"
3689,NA,"ZXFIJNMYTSRKNX-UHFFFAOYSA-O","C11H18F5N2O6S",401.080573396,"C[N+](C)(CCCN(CC(=O)O)S(=O)(=O)C(F)(F)C(F)(F)F)CC(=O)O"
3690,NA,"MONIJQFNNNDUEZ-UHFFFAOYSA-O","C12H18F7N2O6S",451.077379836,"C[N+](C)(CCCN(CC(=O)O)S(=O)(=O)C(F)(F)C(F)(F)C(F)(F)F)CC(=O)O"
3691,NA,"DGXSKNFQKVNKMH-UHFFFAOYSA-O","C13H18F9N2O6S",501.074186276,"C[N+](C)(CCCN(CC(=O)O)S(=O)(=O)C(F)(F)C(F)(F)C(F)(F)C(F)(F)F)CC(=O)O"
3692,NA,"VTPGUYDGPUCAEA-UHFFFAOYSA-O","C14H18F11N2O6S",551.070992716,"C[N+](C)(CCCN(CC(=O)O)S(=O)(=O)C(F)(F)C(F)(F)C(F)(F)C(F)(F)C(F)(F)F)CC(=O)O"
3693,NA,"ACZNXOANYNRCGB-UHFFFAOYSA-O","C15H18F13N2O6S",601.067799156,"C[N+](C)(CCCN(CC(=O)O)S(=O)(=O)C(F)(F)C(F)(F)C(F)(F)C(F)(F)C(F)(F)C(F)(F)F)CC(=O)O"
3694,NA,"BVVHCHQCRULQLR-UHFFFAOYSA-O","C16H18F15N2O6S",651.064605596,"C[N+](C)(CCCN(CC(=O)O)S(=O)(=O)C(F)(F)C(F)(F)C(F)(F)C(F)(F)C(F)(F)C(F)(F)C(F)(F)F)CC(=O)O"
3695,NA,"LOQDFYZQYXVDCM-UHFFFAOYSA-O","C17H18F17N2O6S",701.061412036,"C[N+](C)(CCCN(CC(=O)O)S(=O)(=O)C(F)(F)C(F)(F)C(F)(F)C(F)(F)C(F)(F)C(F)(F)C(F)(F)C(F)(F)F)CC(=O)O"
3696,NA,"CGFBSQHJPZCGHC-UHFFFAOYSA-O","C18H18F19N2O6S",751.058218476,"C[N+](C)(CCCN(CC(=O)O)S(=O)(=O)C(F)(F)C(F)(F)C(F)(F)C(F)(F)C(F)(F)C(F)(F)C(F)(F)C(F)(F)C(F)(F)F)CC(=O)O"
3697,NA,"NVSNUTXHZLMRBP-UHFFFAOYSA-O","C19H18F21N2O6S",801.055024916,"C[N+](C)(CCCN(CC(=O)O)S(=O)(=O)C(F)(F)C(F)(F)C(F)(F)C(F)(F)C(F)(F)C(F)(F)C(F)(F)C(F)(F)C(F)(F)C(F)(F)F)CC(=O)O"
3698,NA,"WLGOKTSAESZFQW-UHFFFAOYSA-O","C20H18F23N2O6S",851.051831356,"C[N+](C)(CCCN(CC(=O)O)S(=O)(=O)C(F)(F)C(F)(F)C(F)(F)C(F)(F)C(F)(F)C(F)(F)C(F)(F)C(F)(F)C(F)(F)C(F)(F)C(F)(F)F)CC(=O)O"
3699,NA,"NAPQFPTWDCASCL-UHFFFAOYSA-O","C21H18F25N2O6S",901.048637796,"C[N+](C)(CCCN(CC(=O)O)S(=O)(=O)C(F)(F)C(F)(F)C(F)(F)C(F)(F)C(F)(F)C(F)(F)C(F)(F)C(F)(F)C(F)(F)C(F)(F)C(F)(F)C(F)(F)F)CC(=O)O"
3700,NA,"LLFTUSMFNWDEDC-UHFFFAOYSA-O","C12H22F5N2O4S",385.122044284,"CCN(CCC[N+](C)(C)CCC(=O)O)S(=O)(=O)C(F)(F)C(F)(F)F"
3701,NA,"XHGAPCZGWSKNQD-UHFFFAOYSA-O","C13H22F7N2O4S",435.118850724,"CCN(CCC[N+](C)(C)CCC(=O)O)S(=O)(=O)C(F)(F)C(F)(F)C(F)(F)F"
3702,NA,"WBNLOYCWDLOSDA-UHFFFAOYSA-O","C14H22F9N2O4S",485.115657164,"CCN(CCC[N+](C)(C)CCC(=O)O)S(=O)(=O)C(F)(F)C(F)(F)C(F)(F)C(F)(F)F"
3703,NA,"LBSPBWFYGOFCIQ-UHFFFAOYSA-O","C15H22F11N2O4S",535.112463604,"CCN(CCC[N+](C)(C)CCC(=O)O)S(=O)(=O)C(F)(F)C(F)(F)C(F)(F)C(F)(F)C(F)(F)F"
3704,NA,"HHYCXWVDFSFVAB-UHFFFAOYSA-O","C16H22F13N2O4S",585.109270044,"CCN(CCC[N+](C)(C)CCC(=O)O)S(=O)(=O)C(F)(F)C(F)(F)C(F)(F)C(F)(F)C(F)(F)C(F)(F)F"
3705,NA,"YFNREZCHPTXGOG-UHFFFAOYSA-O","C17H22F15N2O4S",635.106076484,"CCN(CCC[N+](C)(C)CCC(=O)O)S(=O)(=O)C(F)(F)C(F)(F)C(F)(F)C(F)(F)C(F)(F)C(F)(F)C(F)(F)F"
3706,NA,"GBGYYTHQBXPMJT-UHFFFAOYSA-O","C18H22F17N2O4S",685.102882924,"CCN(CCC[N+](C)(C)CCC(=O)O)S(=O)(=O)C(F)(F)C(F)(F)C(F)(F)C(F)(F)C(F)(F)C(F)(F)C(F)(F)C(F)(F)F"
3707,NA,"RBJMEAWKFVOWPA-UHFFFAOYSA-O","C19H22F19N2O4S",735.099689364,"CCN(CCC[N+](C)(C)CCC(=O)O)S(=O)(=O)C(F)(F)C(F)(F)C(F)(F)C(F)(F)C(F)(F)C(F)(F)C(F)(F)C(F)(F)C(F)(F)F"
3708,NA,"PNQZHZKQZOCDAV-UHFFFAOYSA-O","C20H22F21N2O4S",785.096495804,"CCN(CCC[N+](C)(C)CCC(=O)O)S(=O)(=O)C(F)(F)C(F)(F)C(F)(F)C(F)(F)C(F)(F)C(F)(F)C(F)(F)C(F)(F)C(F)(F)C(F)(F)F"
3709,NA,"VMWQMEQVQNSIPX-UHFFFAOYSA-O","C21H22F23N2O4S",835.093302244,"CCN(CCC[N+](C)(C)CCC(=O)O)S(=O)(=O)C(F)(F)C(F)(F)C(F)(F)C(F)(F)C(F)(F)C(F)(F)C(F)(F)C(F)(F)C(F)(F)C(F)(F)C(F)(F)F"
3710,NA,"RJYVOWFFQJENBF-UHFFFAOYSA-O","C22H22F25N2O4S",885.090108684,"CCN(CCC[N+](C)(C)CCC(=O)O)S(=O)(=O)C(F)(F)C(F)(F)C(F)(F)C(F)(F)C(F)(F)C(F)(F)C(F)(F)C(F)(F)C(F)(F)C(F)(F)C(F)(F)C(F)(F)F"
3711,NA,"BKQCWJRKBPDREK-UHFFFAOYSA-N","C7H13F3N2O4S",278.054812556,"CN(C)CCC(NS(=O)(=O)C(F)(F)F)C(=O)O"
3712,NA,"GAMXCGCAGYTOAK-UHFFFAOYSA-N","C8H13F5N2O4S",328.051618996,"CN(C)CCC(NS(=O)(=O)C(F)(F)C(F)(F)F)C(=O)O"
3713,NA,"JSJBNCSTHJGHKI-UHFFFAOYSA-N","C9H13F7N2O4S",378.048425436,"CN(C)CCC(NS(=O)(=O)C(F)(F)C(F)(F)C(F)(F)F)C(=O)O"
3714,NA,"PQERBXWZEAWIKC-UHFFFAOYSA-N","C10H13F9N2O4S",428.045231876,"CN(C)CCC(NS(=O)(=O)C(F)(F)C(F)(F)C(F)(F)C(F)(F)F)C(=O)O"
3715,NA,"URGNYSYSQBGAJW-UHFFFAOYSA-N","C11H13F11N2O4S",478.042038316,"CN(C)CCC(NS(=O)(=O)C(F)(F)C(F)(F)C(F)(F)C(F)(F)C(F)(F)F)C(=O)O"
3716,NA,"QWXDLYUKIWTNBJ-UHFFFAOYSA-N","C12H13F13N2O4S",528.038844756,"CN(C)CCC(NS(=O)(=O)C(F)(F)C(F)(F)C(F)(F)C(F)(F)C(F)(F)C(F)(F)F)C(=O)O"
3717,NA,"BEBICNQGLAIJFO-UHFFFAOYSA-N","C13H13F15N2O4S",578.035651196,"CN(C)CCC(NS(=O)(=O)C(F)(F)C(F)(F)C(F)(F)C(F)(F)C(F)(F)C(F)(F)C(F)(F)F)C(=O)O"
3718,NA,"IBBXFNROEQQQEX-UHFFFAOYSA-N","C14H13F17N2O4S",628.032457636,"CN(C)CCC(NS(=O)(=O)C(F)(F)C(F)(F)C(F)(F)C(F)(F)C(F)(F)C(F)(F)C(F)(F)C(F)(F)F)C(=O)O"
3719,NA,"XKLVPOQXZVRSQG-UHFFFAOYSA-N","C15H13F19N2O4S",678.029264076,"CN(C)CCC(NS(=O)(=O)C(F)(F)C(F)(F)C(F)(F)C(F)(F)C(F)(F)C(F)(F)C(F)(F)C(F)(F)C(F)(F)F)C(=O)O"
3720,NA,"DFNZTZKPEPBXPT-UHFFFAOYSA-N","C16H13F21N2O4S",728.026070516,"CN(C)CCC(NS(=O)(=O)C(F)(F)C(F)(F)C(F)(F)C(F)(F)C(F)(F)C(F)(F)C(F)(F)C(F)(F)C(F)(F)C(F)(F)F)C(=O)O"
3721,NA,"LECWVNYOBROZOD-UHFFFAOYSA-N","C17H13F23N2O4S",778.022876956,"CN(C)CCC(NS(=O)(=O)C(F)(F)C(F)(F)C(F)(F)C(F)(F)C(F)(F)C(F)(F)C(F)(F)C(F)(F)C(F)(F)C(F)(F)C(F)(F)F)C(=O)O"
3722,NA,"LPJZBVLAOBEOPV-UHFFFAOYSA-N","C18H13F25N2O4S",828.019683396,"CN(C)CCC(NS(=O)(=O)C(F)(F)C(F)(F)C(F)(F)C(F)(F)C(F)(F)C(F)(F)C(F)(F)C(F)(F)C(F)(F)C(F)(F)C(F)(F)C(F)(F)F)C(=O)O"
3723,NA,"KGHHSGOWWRCKMM-UHFFFAOYSA-N","C11H22F5N2O4S",373.122044284,"C[N+](C)(CCO)CCCN(CCO)S(=O)(=O)C(F)(F)C(F)(F)F"
3724,NA,"PLIUODCUGQMJPC-UHFFFAOYSA-N","C12H22F7N2O4S",423.118850724,"C[N+](C)(CCO)CCCN(CCO)S(=O)(=O)C(F)(F)C(F)(F)C(F)(F)F"
3725,NA,"JWBCFCBYPBNIEC-UHFFFAOYSA-N","C13H22F9N2O4S",473.115657164,"C[N+](C)(CCO)CCCN(CCO)S(=O)(=O)C(F)(F)C(F)(F)C(F)(F)C(F)(F)F"
3726,NA,"DPRKYPRZEPVBLC-UHFFFAOYSA-N","C14H22F11N2O4S",523.112463604,"C[N+](C)(CCO)CCCN(CCO)S(=O)(=O)C(F)(F)C(F)(F)C(F)(F)C(F)(F)C(F)(F)F"
3727,NA,"QWCSJPDFPIQWOG-UHFFFAOYSA-N","C15H22F13N2O4S",573.109270044,"C[N+](C)(CCO)CCCN(CCO)S(=O)(=O)C(F)(F)C(F)(F)C(F)(F)C(F)(F)C(F)(F)C(F)(F)F"
3728,NA,"HNEQXXSLGKCUAV-UHFFFAOYSA-N","C16H22F15N2O4S",623.106076484,"C[N+](C)(CCO)CCCN(CCO)S(=O)(=O)C(F)(F)C(F)(F)C(F)(F)C(F)(F)C(F)(F)C(F)(F)C(F)(F)F"
3729,NA,"ZCNOOAHITXLTCG-UHFFFAOYSA-N","C17H22F17N2O4S",673.102882924,"C[N+](C)(CCO)CCCN(CCO)S(=O)(=O)C(F)(F)C(F)(F)C(F)(F)C(F)(F)C(F)(F)C(F)(F)C(F)(F)C(F)(F)F"
3730,NA,"ADVPZMFFATULGR-UHFFFAOYSA-N","C18H22F19N2O4S",723.099689364,"C[N+](C)(CCO)CCCN(CCO)S(=O)(=O)C(F)(F)C(F)(F)C(F)(F)C(F)(F)C(F)(F)C(F)(F)C(F)(F)C(F)(F)C(F)(F)F"
3731,NA,"JCHZOWBNNQVSOU-UHFFFAOYSA-N","C19H22F21N2O4S",773.096495804,"C[N+](C)(CCO)CCCN(CCO)S(=O)(=O)C(F)(F)C(F)(F)C(F)(F)C(F)(F)C(F)(F)C(F)(F)C(F)(F)C(F)(F)C(F)(F)C(F)(F)F"
3732,NA,"QBPFKLDURIHGQL-UHFFFAOYSA-N","C20H22F23N2O4S",823.093302244,"C[N+](C)(CCO)CCCN(CCO)S(=O)(=O)C(F)(F)C(F)(F)C(F)(F)C(F)(F)C(F)(F)C(F)(F)C(F)(F)C(F)(F)C(F)(F)C(F)(F)C(F)(F)F"
3733,NA,"QYHGLERYORHMEJ-UHFFFAOYSA-N","C21H22F25N2O4S",873.090108684,"C[N+](C)(CCO)CCCN(CCO)S(=O)(=O)C(F)(F)C(F)(F)C(F)(F)C(F)(F)C(F)(F)C(F)(F)C(F)(F)C(F)(F)C(F)(F)C(F)(F)C(F)(F)C(F)(F)F"
3734,NA,"ZKZURHCBYVUVED-UHFFFAOYSA-O","C11H20F5N2O4S",371.10639422,"C[N+](C)(CCCNS(=O)(=O)CCC(F)(F)C(F)(F)F)CC(=O)O"
3735,NA,"YJYTVHLGCKPLQL-UHFFFAOYSA-O","C13H20F9N2O4S",471.1000071,"C[N+](C)(CCCNS(=O)(=O)CCC(F)(F)C(F)(F)C(F)(F)C(F)(F)F)CC(=O)O"
3736,NA,"OKOCIUJVPQKDLL-UHFFFAOYSA-O","C15H20F13N2O4S",571.09361998,"C[N+](C)(CCCNS(=O)(=O)CCC(F)(F)C(F)(F)C(F)(F)C(F)(F)C(F)(F)C(F)(F)F)CC(=O)O"
3737,NA,"OLIPKLFYFITKBO-UHFFFAOYSA-O","C19H20F21N2O4S",771.08084574,"C[N+](C)(CCCNS(=O)(=O)CCC(F)(F)C(F)(F)C(F)(F)C(F)(F)C(F)(F)C(F)(F)C(F)(F)C(F)(F)C(F)(F)C(F)(F)F)CC(=O)O"
3738,NA,"SFYHHUXPXRULAP-UHFFFAOYSA-O","C20H20F23N2O4S",821.07765218,"C[N+](C)(CCCNS(=O)(=O)CCC(F)(F)C(F)(F)C(F)(F)C(F)(F)C(F)(F)C(F)(F)C(F)(F)C(F)(F)C(F)(F)C(F)(F)C(F)(F)F)CC(=O)O"
3739,NA,"YXAFVGLROFTRER-UHFFFAOYSA-O","C21H20F25N2O4S",871.07445862,"C[N+](C)(CCCNS(=O)(=O)CCC(F)(F)C(F)(F)C(F)(F)C(F)(F)C(F)(F)C(F)(F)C(F)(F)C(F)(F)C(F)(F)C(F)(F)C(F)(F)C(F)(F)F)CC(=O)O"
3740,NA,"UBSZWJXDYPGIHZ-UHFFFAOYSA-O","C23H20F29N2O4S",971.0680715,"C[N+](C)(CCCNS(=O)(=O)CCC(F)(F)C(F)(F)C(F)(F)C(F)(F)C(F)(F)C(F)(F)C(F)(F)C(F)(F)C(F)(F)C(F)(F)C(F)(F)C(F)(F)C(F)(F)C(F)(F)F)CC(=O)O"
3741,NA,"FRGQFEVGSLUETE-UHFFFAOYSA-O","C25H20F33N2O4S",1071.06168438,"C[N+](C)(CCCNS(=O)(=O)CCC(F)(F)C(F)(F)C(F)(F)C(F)(F)C(F)(F)C(F)(F)C(F)(F)C(F)(F)C(F)(F)C(F)(F)C(F)(F)C(F)(F)C(F)(F)C(F)(F)C(F)(F)C(F)(F)F)CC(=O)O"
3742,NA,"AIWDNRHWNCMGTO-UHFFFAOYSA-N","C9H17F5N2O2S",312.093089884,"CN(C)CCCNS(=O)(=O)CCC(F)(F)C(F)(F)F"
3743,NA,"LBWQCIZBYQRQKR-UHFFFAOYSA-N","C11H17F9N2O2S",412.086702764,"CN(C)CCCNS(=O)(=O)CCC(F)(F)C(F)(F)C(F)(F)C(F)(F)F"
3744,NA,"ZTTYKAVGBUSOLX-UHFFFAOYSA-N","C15H17F17N2O2S",612.073928524,"CN(C)CCCNS(=O)(=O)CCC(F)(F)C(F)(F)C(F)(F)C(F)(F)C(F)(F)C(F)(F)C(F)(F)C(F)(F)F"
3745,NA,"XNVZJXUQXYVJRM-UHFFFAOYSA-N","C17H17F21N2O2S",712.067541404,"CN(C)CCCNS(=O)(=O)CCC(F)(F)C(F)(F)C(F)(F)C(F)(F)C(F)(F)C(F)(F)C(F)(F)C(F)(F)C(F)(F)C(F)(F)F"
3746,NA,"ZOZIPMFPEUHGBZ-UHFFFAOYSA-N","C19H17F25N2O2S",812.061154284,"CN(C)CCCNS(=O)(=O)CCC(F)(F)C(F)(F)C(F)(F)C(F)(F)C(F)(F)C(F)(F)C(F)(F)C(F)(F)C(F)(F)C(F)(F)C(F)(F)C(F)(F)F"
3747,NA,"WZZGQWVNJORBMX-UHFFFAOYSA-N","C21H17F29N2O2S",912.054767164,"CN(C)CCCNS(=O)(=O)CCC(F)(F)C(F)(F)C(F)(F)C(F)(F)C(F)(F)C(F)(F)C(F)(F)C(F)(F)C(F)(F)C(F)(F)C(F)(F)C(F)(F)C(F)(F)C(F)(F)F"
3748,NA,"HFCZNDZKSFLHND-UHFFFAOYSA-O","C12H22F3N2O3",299.158252224,"CC(C)OC(=O)C[N+](C)(C)CCCN=C(O)C(F)(F)F"
3749,NA,"WAMJMSTXRUKANF-UHFFFAOYSA-O","C13H22F5N2O3",349.155058664,"CC(C)OC(=O)C[N+](C)(C)CCCN=C(O)C(F)(F)C(F)(F)F"
3750,NA,"WLMXCGKCPWUHPY-UHFFFAOYSA-O","C14H22F7N2O3",399.151865104,"CC(C)OC(=O)C[N+](C)(C)CCCN=C(O)C(F)(F)C(F)(F)C(F)(F)F"
3751,NA,"CYHNVLYVMYYKSB-UHFFFAOYSA-O","C15H22F9N2O3",449.148671544,"CC(C)OC(=O)C[N+](C)(C)CCCN=C(O)C(F)(F)C(F)(F)C(F)(F)C(F)(F)F"
3752,NA,"NQRJERSPOAWTPC-UHFFFAOYSA-O","C16H22F11N2O3",499.145477984,"CC(C)OC(=O)C[N+](C)(C)CCCN=C(O)C(F)(F)C(F)(F)C(F)(F)C(F)(F)C(F)(F)F"
3753,NA,"UBBDJFOJLWJKHC-UHFFFAOYSA-O","C17H22F13N2O3",549.142284424,"CC(C)OC(=O)C[N+](C)(C)CCCN=C(O)C(F)(F)C(F)(F)C(F)(F)C(F)(F)C(F)(F)C(F)(F)F"
3754,NA,"KDTOZYJGVFIVPO-UHFFFAOYSA-O","C18H22F15N2O3",599.139090864,"CC(C)OC(=O)C[N+](C)(C)CCCN=C(O)C(F)(F)C(F)(F)C(F)(F)C(F)(F)C(F)(F)C(F)(F)C(F)(F)F"
3755,NA,"DLKJKOKTLCHZLW-UHFFFAOYSA-O","C19H22F17N2O3",649.135897304,"CC(C)OC(=O)C[N+](C)(C)CCCN=C(O)C(F)(F)C(F)(F)C(F)(F)C(F)(F)C(F)(F)C(F)(F)C(F)(F)C(F)(F)F"
3756,NA,"QIRUPFXKYCLJCZ-UHFFFAOYSA-O","C20H22F19N2O3",699.132703744,"CC(C)OC(=O)C[N+](C)(C)CCCN=C(O)C(F)(F)C(F)(F)C(F)(F)C(F)(F)C(F)(F)C(F)(F)C(F)(F)C(F)(F)C(F)(F)F"
3757,NA,"YMPFZDCUDSKEGU-UHFFFAOYSA-O","C21H22F21N2O3",749.129510184,"CC(C)OC(=O)C[N+](C)(C)CCCN=C(O)C(F)(F)C(F)(F)C(F)(F)C(F)(F)C(F)(F)C(F)(F)C(F)(F)C(F)(F)C(F)(F)C(F)(F)F"
3758,NA,"ZFCWUMVFGUVZJR-UHFFFAOYSA-O","C22H22F23N2O3",799.126316624,"CC(C)OC(=O)C[N+](C)(C)CCCN=C(O)C(F)(F)C(F)(F)C(F)(F)C(F)(F)C(F)(F)C(F)(F)C(F)(F)C(F)(F)C(F)(F)C(F)(F)C(F)(F)F"
3759,NA,"RKYVKYKFHBDWJZ-UHFFFAOYSA-O","C23H22F25N2O3",849.123123064,"CC(C)OC(=O)C[N+](C)(C)CCCN=C(O)C(F)(F)C(F)(F)C(F)(F)C(F)(F)C(F)(F)C(F)(F)C(F)(F)C(F)(F)C(F)(F)C(F)(F)C(F)(F)C(F)(F)F"
3760,NA,"KZJXLOIDMGPZES-UHFFFAOYSA-O","C24H22F27N2O3",899.119929504,"CC(C)OC(=O)C[N+](C)(C)CCCN=C(O)C(F)(F)C(F)(F)C(F)(F)C(F)(F)C(F)(F)C(F)(F)C(F)(F)C(F)(F)C(F)(F)C(F)(F)C(F)(F)C(F)(F)C(F)(F)F"
3761,NA,"BCRCKNYPLWNSAS-UHFFFAOYSA-O","C25H22F29N2O3",949.116735944,"CC(C)OC(=O)C[N+](C)(C)CCCN=C(O)C(F)(F)C(F)(F)C(F)(F)C(F)(F)C(F)(F)C(F)(F)C(F)(F)C(F)(F)C(F)(F)C(F)(F)C(F)(F)C(F)(F)C(F)(F)C(F)(F)F"
3762,NA,"HGVVUXOHQSJJII-UHFFFAOYSA-N","C11H19F5N2OS",322.113825328,"CN(C)CCCN=C(O)CSCCC(F)(F)C(F)(F)F"
3763,NA,"WRMYGBSKQYTLAI-UHFFFAOYSA-N","C13H19F9N2OS",422.107438208,"CN(C)CCCN=C(O)CSCCC(F)(F)C(F)(F)C(F)(F)C(F)(F)F"
3764,NA,"RZXVVGDDDOAQKE-UHFFFAOYSA-N","C15H19F13N2OS",522.101051088,"CN(C)CCCN=C(O)CSCCC(F)(F)C(F)(F)C(F)(F)C(F)(F)C(F)(F)C(F)(F)F"
3765,NA,"FDVMHCRVYYXNCE-UHFFFAOYSA-N","C17H19F17N2OS",622.094663968,"CN(C)CCCN=C(O)CSCCC(F)(F)C(F)(F)C(F)(F)C(F)(F)C(F)(F)C(F)(F)C(F)(F)C(F)(F)F"
3766,NA,"MBBHBJHYNQAGNW-UHFFFAOYSA-N","C19H19F21N2OS",722.088276848,"CN(C)CCCN=C(O)CSCCC(F)(F)C(F)(F)C(F)(F)C(F)(F)C(F)(F)C(F)(F)C(F)(F)C(F)(F)C(F)(F)C(F)(F)F"
3767,NA,"CCMUAEHIXDQRMG-UHFFFAOYSA-N","C21H19F25N2OS",822.081889728,"CN(C)CCCN=C(O)CSCCC(F)(F)C(F)(F)C(F)(F)C(F)(F)C(F)(F)C(F)(F)C(F)(F)C(F)(F)C(F)(F)C(F)(F)C(F)(F)C(F)(F)F"
3768,NA,"PGTNIUQCBDSFKO-UHFFFAOYSA-N","C23H19F29N2OS",922.075502608,"CN(C)CCCN=C(O)CSCCC(F)(F)C(F)(F)C(F)(F)C(F)(F)C(F)(F)C(F)(F)C(F)(F)C(F)(F)C(F)(F)C(F)(F)C(F)(F)C(F)(F)C(F)(F)C(F)(F)F"
3769,NA,"GDFBTJJLBWYQPJ-UHFFFAOYSA-O","C13H22F5N2O3S",381.127129664,"C[N+](C)(CCCN=C(O)CSCCC(F)(F)C(F)(F)F)CC(=O)O"
3770,NA,"BPAWUUWJZZQNHZ-UHFFFAOYSA-O","C15H22F9N2O3S",481.120742544,"C[N+](C)(CCCN=C(O)CSCCC(F)(F)C(F)(F)C(F)(F)C(F)(F)F)CC(=O)O"
3771,NA,"AMCIQVNAIRYFGE-UHFFFAOYSA-O","C17H22F13N2O3S",581.114355424,"C[N+](C)(CCCN=C(O)CSCCC(F)(F)C(F)(F)C(F)(F)C(F)(F)C(F)(F)C(F)(F)F)CC(=O)O"
3772,NA,"HCQLOKCIMHNDSL-UHFFFAOYSA-O","C19H22F17N2O3S",681.107968304,"C[N+](C)(CCCN=C(O)CSCCC(F)(F)C(F)(F)C(F)(F)C(F)(F)C(F)(F)C(F)(F)C(F)(F)C(F)(F)F)CC(=O)O"
3773,NA,"GIDYUKADFJBSAU-UHFFFAOYSA-O","C21H22F21N2O3S",781.101581184,"C[N+](C)(CCCN=C(O)CSCCC(F)(F)C(F)(F)C(F)(F)C(F)(F)C(F)(F)C(F)(F)C(F)(F)C(F)(F)C(F)(F)C(F)(F)F)CC(=O)O"
3774,NA,"DNBDZGIEFBKSNQ-UHFFFAOYSA-O","C23H22F25N2O3S",881.095194064,"C[N+](C)(CCCN=C(O)CSCCC(F)(F)C(F)(F)C(F)(F)C(F)(F)C(F)(F)C(F)(F)C(F)(F)C(F)(F)C(F)(F)C(F)(F)C(F)(F)C(F)(F)F)CC(=O)O"
3775,NA,"UUEANJVAKPUDGY-UHFFFAOYSA-O","C25H22F29N2O3S",981.088806944,"C[N+](C)(CCCN=C(O)CSCCC(F)(F)C(F)(F)C(F)(F)C(F)(F)C(F)(F)C(F)(F)C(F)(F)C(F)(F)C(F)(F)C(F)(F)C(F)(F)C(F)(F)C(F)(F)C(F)(F)F)CC(=O)O"
3776,NA,"DTVBTTHBJCMWJJ-UHFFFAOYSA-O","C12H22F5N2OS",337.137300424,"C[N+](C)(C)CCCN=C(O)CSCCC(F)(F)C(F)(F)F"
3777,NA,"SZZVGCHJFPICEG-UHFFFAOYSA-O","C14H22F9N2OS",437.130913304,"C[N+](C)(C)CCCN=C(O)CSCCC(F)(F)C(F)(F)C(F)(F)C(F)(F)F"
3778,NA,"FMRXMODDOJWYSC-UHFFFAOYSA-O","C16H22F13N2OS",537.124526184,"C[N+](C)(C)CCCN=C(O)CSCCC(F)(F)C(F)(F)C(F)(F)C(F)(F)C(F)(F)C(F)(F)F"
3779,NA,"CUWUAEIZIQXVPH-UHFFFAOYSA-O","C18H22F17N2OS",637.118139064,"C[N+](C)(C)CCCN=C(O)CSCCC(F)(F)C(F)(F)C(F)(F)C(F)(F)C(F)(F)C(F)(F)C(F)(F)C(F)(F)F"
3780,NA,"CQSCGACVKBDGKN-UHFFFAOYSA-O","C20H22F21N2OS",737.111751944,"C[N+](C)(C)CCCN=C(O)CSCCC(F)(F)C(F)(F)C(F)(F)C(F)(F)C(F)(F)C(F)(F)C(F)(F)C(F)(F)C(F)(F)C(F)(F)F"
3781,NA,"BFOFTYQXNZIURW-UHFFFAOYSA-O","C22H22F25N2OS",837.105364824,"C[N+](C)(C)CCCN=C(O)CSCCC(F)(F)C(F)(F)C(F)(F)C(F)(F)C(F)(F)C(F)(F)C(F)(F)C(F)(F)C(F)(F)C(F)(F)C(F)(F)C(F)(F)F"
3782,NA,"BQPKODALHRGABO-UHFFFAOYSA-O","C24H22F29N2OS",937.098977704,"C[N+](C)(C)CCCN=C(O)CSCCC(F)(F)C(F)(F)C(F)(F)C(F)(F)C(F)(F)C(F)(F)C(F)(F)C(F)(F)C(F)(F)C(F)(F)C(F)(F)C(F)(F)C(F)(F)C(F)(F)F"
3783,NA,"GFGZKRMLQICHCZ-UHFFFAOYSA-O","C12H22F5N2O2S",353.132215044,"C[N+](C)(C)CCCN=C(O)CS(=O)CCC(F)(F)C(F)(F)F"
3784,NA,"JZEBEOOOTZEKAO-UHFFFAOYSA-O","C14H22F9N2O2S",453.125827924,"C[N+](C)(C)CCCN=C(O)CS(=O)CCC(F)(F)C(F)(F)C(F)(F)C(F)(F)F"
3785,NA,"HIPOUODKNYHORG-UHFFFAOYSA-O","C16H22F13N2O2S",553.119440804,"C[N+](C)(C)CCCN=C(O)CS(=O)CCC(F)(F)C(F)(F)C(F)(F)C(F)(F)C(F)(F)C(F)(F)F"
3786,NA,"OFNWGUJSTVYMQS-UHFFFAOYSA-O","C18H22F17N2O2S",653.113053684,"C[N+](C)(C)CCCN=C(O)CS(=O)CCC(F)(F)C(F)(F)C(F)(F)C(F)(F)C(F)(F)C(F)(F)C(F)(F)C(F)(F)F"
3787,NA,"VYUVALFSIZCNOH-UHFFFAOYSA-O","C20H22F21N2O2S",753.106666564,"C[N+](C)(C)CCCN=C(O)CS(=O)CCC(F)(F)C(F)(F)C(F)(F)C(F)(F)C(F)(F)C(F)(F)C(F)(F)C(F)(F)C(F)(F)C(F)(F)F"
3788,NA,"JBSWJPQCRBHFJG-UHFFFAOYSA-O","C22H22F25N2O2S",853.100279444,"C[N+](C)(C)CCCN=C(O)CS(=O)CCC(F)(F)C(F)(F)C(F)(F)C(F)(F)C(F)(F)C(F)(F)C(F)(F)C(F)(F)C(F)(F)C(F)(F)C(F)(F)C(F)(F)F"
3789,NA,"VHVPAWSWRGZKJU-UHFFFAOYSA-O","C24H22F29N2O2S",953.093892324,"C[N+](C)(C)CCCN=C(O)CS(=O)CCC(F)(F)C(F)(F)C(F)(F)C(F)(F)C(F)(F)C(F)(F)C(F)(F)C(F)(F)C(F)(F)C(F)(F)C(F)(F)C(F)(F)C(F)(F)C(F)(F)F"
3790,NA,"LTKDEQWKUVHVTK-UHFFFAOYSA-O","C8H15F3NO2",214.10548838,"C[N+](C)(CCCC(F)(F)F)CC(=O)O"
3791,NA,"OTIWXZROVPCJSY-UHFFFAOYSA-O","C9H15F5NO2",264.10229482,"C[N+](C)(CCCC(F)(F)C(F)(F)F)CC(=O)O"
3792,NA,"NZUAZZQICWOSBK-UHFFFAOYSA-O","C10H15F7NO2",314.09910126,"C[N+](C)(CCCC(F)(F)C(F)(F)C(F)(F)F)CC(=O)O"
3793,NA,"AVZGNWJFUUZVEX-UHFFFAOYSA-O","C11H15F9NO2",364.0959077,"C[N+](C)(CCCC(F)(F)C(F)(F)C(F)(F)C(F)(F)F)CC(=O)O"
3794,NA,"AVOCDJCZFLQTCS-UHFFFAOYSA-O","C12H15F11NO2",414.09271414,"C[N+](C)(CCCC(F)(F)C(F)(F)C(F)(F)C(F)(F)C(F)(F)F)CC(=O)O"
3795,NA,"ABVFHPDFMSSHBA-UHFFFAOYSA-O","C13H15F13NO2",464.08952058,"C[N+](C)(CCCC(F)(F)C(F)(F)C(F)(F)C(F)(F)C(F)(F)C(F)(F)F)CC(=O)O"
3796,NA,"MUFIWHPMPKICTJ-UHFFFAOYSA-O","C14H15F15NO2",514.08632702,"C[N+](C)(CCCC(F)(F)C(F)(F)C(F)(F)C(F)(F)C(F)(F)C(F)(F)C(F)(F)F)CC(=O)O"
3797,NA,"CJIMRRXCPWBMFR-UHFFFAOYSA-O","C15H15F17NO2",564.08313346,"C[N+](C)(CCCC(F)(F)C(F)(F)C(F)(F)C(F)(F)C(F)(F)C(F)(F)C(F)(F)C(F)(F)F)CC(=O)O"
3798,NA,"RFIXIVBTEIYSPF-UHFFFAOYSA-O","C16H15F19NO2",614.0799399,"C[N+](C)(CCCC(F)(F)C(F)(F)C(F)(F)C(F)(F)C(F)(F)C(F)(F)C(F)(F)C(F)(F)C(F)(F)F)CC(=O)O"
3799,NA,"NITABSUALCJFEK-UHFFFAOYSA-O","C17H15F21NO2",664.07674634,"C[N+](C)(CCCC(F)(F)C(F)(F)C(F)(F)C(F)(F)C(F)(F)C(F)(F)C(F)(F)C(F)(F)C(F)(F)C(F)(F)F)CC(=O)O"
3800,NA,"HKFRVYTXFSKFKY-UHFFFAOYSA-O","C18H15F23NO2",714.07355278,"C[N+](C)(CCCC(F)(F)C(F)(F)C(F)(F)C(F)(F)C(F)(F)C(F)(F)C(F)(F)C(F)(F)C(F)(F)C(F)(F)C(F)(F)F)CC(=O)O"
3801,NA,"PDBKDEBABHDSKN-UHFFFAOYSA-O","C19H15F25NO2",764.07035922,"C[N+](C)(CCCC(F)(F)C(F)(F)C(F)(F)C(F)(F)C(F)(F)C(F)(F)C(F)(F)C(F)(F)C(F)(F)C(F)(F)C(F)(F)C(F)(F)F)CC(=O)O"
3802,NA,"FLRPYJKROJWYBH-UHFFFAOYSA-O","C20H15F27NO2",814.06716566,"C[N+](C)(CCCC(F)(F)C(F)(F)C(F)(F)C(F)(F)C(F)(F)C(F)(F)C(F)(F)C(F)(F)C(F)(F)C(F)(F)C(F)(F)C(F)(F)C(F)(F)F)CC(=O)O"
3803,NA,"CHHHPXDPRVOURF-UHFFFAOYSA-O","C21H15F29NO2",864.0639721,"C[N+](C)(CCCC(F)(F)C(F)(F)C(F)(F)C(F)(F)C(F)(F)C(F)(F)C(F)(F)C(F)(F)C(F)(F)C(F)(F)C(F)(F)C(F)(F)C(F)(F)C(F)(F)F)CC(=O)O"
3804,NA,"UYHVCQDXHHDLNQ-UHFFFAOYSA-O","C22H15F31NO2",914.06077854,"C[N+](C)(CCCC(F)(F)C(F)(F)C(F)(F)C(F)(F)C(F)(F)C(F)(F)C(F)(F)C(F)(F)C(F)(F)C(F)(F)C(F)(F)C(F)(F)C(F)(F)C(F)(F)C(F)(F)F)CC(=O)O"
3805,NA,"AOSMSZDJFZSEGJ-UHFFFAOYSA-N","C10H19F5NOS",296.110751328,"C[N+](C)(C)CC(O)CSCCC(F)(F)C(F)(F)F"
3806,NA,"MXPRINKCJCMRKD-UHFFFAOYSA-N","C12H19F9NOS",396.104364208,"C[N+](C)(C)CC(O)CSCCC(F)(F)C(F)(F)C(F)(F)C(F)(F)F"
3807,NA,"CNMMRRVECJZEIU-UHFFFAOYSA-N","C14H19F13NOS",496.097977088,"C[N+](C)(C)CC(O)CSCCC(F)(F)C(F)(F)C(F)(F)C(F)(F)C(F)(F)C(F)(F)F"
3808,NA,"VRHKIYMPKNNKRY-UHFFFAOYSA-N","C16H19F17NOS",596.091589968,"C[N+](C)(C)CC(O)CSCCC(F)(F)C(F)(F)C(F)(F)C(F)(F)C(F)(F)C(F)(F)C(F)(F)C(F)(F)F"
3809,NA,"QVLDZGBSRSYNFI-UHFFFAOYSA-N","C18H19F21NOS",696.085202848,"C[N+](C)(C)CC(O)CSCCC(F)(F)C(F)(F)C(F)(F)C(F)(F)C(F)(F)C(F)(F)C(F)(F)C(F)(F)C(F)(F)C(F)(F)F"
3810,NA,"XJAWIKKKHORGCJ-UHFFFAOYSA-N","C20H19F25NOS",796.078815728,"C[N+](C)(C)CC(O)CSCCC(F)(F)C(F)(F)C(F)(F)C(F)(F)C(F)(F)C(F)(F)C(F)(F)C(F)(F)C(F)(F)C(F)(F)C(F)(F)C(F)(F)F"
3811,NA,"VWYVXAXHEPGTBS-UHFFFAOYSA-N","C22H19F29NOS",896.072428608,"C[N+](C)(C)CC(O)CSCCC(F)(F)C(F)(F)C(F)(F)C(F)(F)C(F)(F)C(F)(F)C(F)(F)C(F)(F)C(F)(F)C(F)(F)C(F)(F)C(F)(F)C(F)(F)C(F)(F)F"
3812,NA,"JRYSZPMFUIXBBD-UHFFFAOYSA-N","C10H19F5NO2S",312.105665948,"C[N+](C)(C)CC(O)CS(=O)CCC(F)(F)C(F)(F)F"
3813,NA,"VXGPJVXGSGJOOJ-UHFFFAOYSA-N","C12H19F9NO2S",412.099278828,"C[N+](C)(C)CC(O)CS(=O)CCC(F)(F)C(F)(F)C(F)(F)C(F)(F)F"
3814,NA,"WBFVGXGYAJLRKX-UHFFFAOYSA-N","C14H19F13NO2S",512.092891708,"C[N+](C)(C)CC(O)CS(=O)CCC(F)(F)C(F)(F)C(F)(F)C(F)(F)C(F)(F)C(F)(F)F"
3815,NA,"LBARVAMNZJYCAW-UHFFFAOYSA-N","C16H19F17NO2S",612.086504588,"C[N+](C)(C)CC(O)CS(=O)CCC(F)(F)C(F)(F)C(F)(F)C(F)(F)C(F)(F)C(F)(F)C(F)(F)C(F)(F)F"
3816,NA,"QWJSEIPPFTYHTB-UHFFFAOYSA-N","C18H19F21NO2S",712.080117468,"C[N+](C)(C)CC(O)CS(=O)CCC(F)(F)C(F)(F)C(F)(F)C(F)(F)C(F)(F)C(F)(F)C(F)(F)C(F)(F)C(F)(F)C(F)(F)F"
3817,NA,"UDVZZVQFKYYHJU-UHFFFAOYSA-N","C20H19F25NO2S",812.073730348,"C[N+](C)(C)CC(O)CS(=O)CCC(F)(F)C(F)(F)C(F)(F)C(F)(F)C(F)(F)C(F)(F)C(F)(F)C(F)(F)C(F)(F)C(F)(F)C(F)(F)C(F)(F)F"
3818,NA,"FJLFBMMNNRYUDC-UHFFFAOYSA-N","C22H19F29NO2S",912.067343228,"C[N+](C)(C)CC(O)CS(=O)CCC(F)(F)C(F)(F)C(F)(F)C(F)(F)C(F)(F)C(F)(F)C(F)(F)C(F)(F)C(F)(F)C(F)(F)C(F)(F)C(F)(F)C(F)(F)C(F)(F)F"
3819,NA,"YWLQXJRHOSMNSL-UHFFFAOYSA-N","C7H13F5N2O2S",284.061789756,"NCCCNS(=O)(=O)CCC(F)(F)C(F)(F)F"
3820,NA,"ULYYJLSDAYALTK-UHFFFAOYSA-N","C15H13F21N2O2S",684.036241276,"NCCCNS(=O)(=O)CCC(F)(F)C(F)(F)C(F)(F)C(F)(F)C(F)(F)C(F)(F)C(F)(F)C(F)(F)C(F)(F)C(F)(F)F"
3821,NA,"QEGWZFGLGLSBNP-UHFFFAOYSA-N","C17H13F25N2O2S",784.029854156,"NCCCNS(=O)(=O)CCC(F)(F)C(F)(F)C(F)(F)C(F)(F)C(F)(F)C(F)(F)C(F)(F)C(F)(F)C(F)(F)C(F)(F)C(F)(F)C(F)(F)F"
3822,NA,"UVFBUUPLFPGUSX-UHFFFAOYSA-N","C19H13F29N2O2S",884.023467036,"NCCCNS(=O)(=O)CCC(F)(F)C(F)(F)C(F)(F)C(F)(F)C(F)(F)C(F)(F)C(F)(F)C(F)(F)C(F)(F)C(F)(F)C(F)(F)C(F)(F)C(F)(F)C(F)(F)F"
3823,NA,"KCBOGNUMNSAIRU-UHFFFAOYSA-N","C8H15F5N2O2S",298.07743982,"CNCCCNS(=O)(=O)CCC(F)(F)C(F)(F)F"
3824,NA,"QPDKOOMPTFKJDS-UHFFFAOYSA-N","C10H15F9N2O2S",398.0710527,"CNCCCNS(=O)(=O)CCC(F)(F)C(F)(F)C(F)(F)C(F)(F)F"
3825,NA,"ATVLXKVTLCASLQ-UHFFFAOYSA-N","C12H15F13N2O2S",498.06466558,"CNCCCNS(=O)(=O)CCC(F)(F)C(F)(F)C(F)(F)C(F)(F)C(F)(F)C(F)(F)F"
3826,NA,"YPXQLNCQZHMROL-UHFFFAOYSA-N","C14H15F17N2O2S",598.05827846,"CNCCCNS(=O)(=O)CCC(F)(F)C(F)(F)C(F)(F)C(F)(F)C(F)(F)C(F)(F)C(F)(F)C(F)(F)F"
3827,NA,"BUDNPAOPMOCASI-UHFFFAOYSA-N","C16H15F21N2O2S",698.05189134,"CNCCCNS(=O)(=O)CCC(F)(F)C(F)(F)C(F)(F)C(F)(F)C(F)(F)C(F)(F)C(F)(F)C(F)(F)C(F)(F)C(F)(F)F"
3828,NA,"CUZXRGNJNFPNKX-UHFFFAOYSA-N","C18H15F25N2O2S",798.04550422,"CNCCCNS(=O)(=O)CCC(F)(F)C(F)(F)C(F)(F)C(F)(F)C(F)(F)C(F)(F)C(F)(F)C(F)(F)C(F)(F)C(F)(F)C(F)(F)C(F)(F)F"
3829,NA,"SECPBFHNJSCINZ-UHFFFAOYSA-N","C20H15F29N2O2S",898.0391171,"CNCCCNS(=O)(=O)CCC(F)(F)C(F)(F)C(F)(F)C(F)(F)C(F)(F)C(F)(F)C(F)(F)C(F)(F)C(F)(F)C(F)(F)C(F)(F)C(F)(F)C(F)(F)C(F)(F)F"
3830,NA,"YGXARVZCRJFRPY-UHFFFAOYSA-N","C7H16F3N2",185.126558172,"C[N+](C)(C)CCNCC(F)(F)F"
3831,NA,"JJRUFSTYFRRVFN-UHFFFAOYSA-N","C8H16F5N2",235.123364612,"C[N+](C)(C)CCNCC(F)(F)C(F)(F)F"
3832,NA,"MASQDQAXSFKRGZ-UHFFFAOYSA-N","C9H16F7N2",285.120171052,"C[N+](C)(C)CCNCC(F)(F)C(F)(F)C(F)(F)F"
3833,NA,"DXEBCXGKLFUEMR-UHFFFAOYSA-N","C10H16F9N2",335.116977492,"C[N+](C)(C)CCNCC(F)(F)C(F)(F)C(F)(F)C(F)(F)F"
3834,NA,"SWYAGHWOEABPSX-UHFFFAOYSA-N","C11H16F11N2",385.113783932,"C[N+](C)(C)CCNCC(F)(F)C(F)(F)C(F)(F)C(F)(F)C(F)(F)F"
3835,NA,"BDVVRQOAPTUJIV-UHFFFAOYSA-N","C12H16F13N2",435.110590372,"C[N+](C)(C)CCNCC(F)(F)C(F)(F)C(F)(F)C(F)(F)C(F)(F)C(F)(F)F"
3836,NA,"QAZNKIGTIMFTTN-UHFFFAOYSA-N","C13H16F15N2",485.107396812,"C[N+](C)(C)CCNCC(F)(F)C(F)(F)C(F)(F)C(F)(F)C(F)(F)C(F)(F)C(F)(F)F"
3837,NA,"ZNEQXKZXMFOGNL-UHFFFAOYSA-N","C14H16F17N2",535.104203252,"C[N+](C)(C)CCNCC(F)(F)C(F)(F)C(F)(F)C(F)(F)C(F)(F)C(F)(F)C(F)(F)C(F)(F)F"
3838,NA,"JQRUOVBTHAZXSC-UHFFFAOYSA-N","C15H16F19N2",585.101009692,"C[N+](C)(C)CCNCC(F)(F)C(F)(F)C(F)(F)C(F)(F)C(F)(F)C(F)(F)C(F)(F)C(F)(F)C(F)(F)F"
3839,NA,"MLSWNZVAJYSRRR-UHFFFAOYSA-N","C16H16F21N2",635.097816132,"C[N+](C)(C)CCNCC(F)(F)C(F)(F)C(F)(F)C(F)(F)C(F)(F)C(F)(F)C(F)(F)C(F)(F)C(F)(F)C(F)(F)F"
3840,NA,"SUAOSZOSJVBTOT-UHFFFAOYSA-N","C17H16F23N2",685.094622572,"C[N+](C)(C)CCNCC(F)(F)C(F)(F)C(F)(F)C(F)(F)C(F)(F)C(F)(F)C(F)(F)C(F)(F)C(F)(F)C(F)(F)C(F)(F)F"
3841,NA,"QQYNKZVZSDRFEP-UHFFFAOYSA-N","C18H16F25N2",735.091429012,"C[N+](C)(C)CCNCC(F)(F)C(F)(F)C(F)(F)C(F)(F)C(F)(F)C(F)(F)C(F)(F)C(F)(F)C(F)(F)C(F)(F)C(F)(F)C(F)(F)F"
3842,NA,"JZSWLCIKJLZBAO-UHFFFAOYSA-N","C19H16F27N2",785.088235452,"C[N+](C)(C)CCNCC(F)(F)C(F)(F)C(F)(F)C(F)(F)C(F)(F)C(F)(F)C(F)(F)C(F)(F)C(F)(F)C(F)(F)C(F)(F)C(F)(F)C(F)(F)F"
3843,NA,"VYIOZPLBTGUCLK-UHFFFAOYSA-N","C20H16F29N2",835.085041892,"C[N+](C)(C)CCNCC(F)(F)C(F)(F)C(F)(F)C(F)(F)C(F)(F)C(F)(F)C(F)(F)C(F)(F)C(F)(F)C(F)(F)C(F)(F)C(F)(F)C(F)(F)C(F)(F)F"
3844,NA,"AOWQWRWPXIFXHO-UHFFFAOYSA-N","C5H12F2N",124.093780824,"C[N+](C)(C)CC(F)F"
3845,NA,"YGUCNFYUOQLFPO-UHFFFAOYSA-N","C6H12F4N",174.090587264,"C[N+](C)(C)CC(F)(F)C(F)F"
3846,NA,"RFYHXHHWAWLZTJ-UHFFFAOYSA-N","C7H12F6N",224.087393704,"C[N+](C)(C)CC(F)(F)C(F)(F)C(F)F"
3847,NA,"DBYHPYFYFNQPNI-UHFFFAOYSA-N","C8H12F8N",274.084200144,"C[N+](C)(C)CC(F)(F)C(F)(F)C(F)(F)C(F)F"
3848,NA,"SJKRMAOFFDGMAV-UHFFFAOYSA-N","C9H12F10N",324.081006584,"C[N+](C)(C)CC(F)(F)C(F)(F)C(F)(F)C(F)(F)C(F)F"
3849,NA,"YCMDSFXUUOBOAB-UHFFFAOYSA-N","C10H12F12N",374.077813024,"C[N+](C)(C)CC(F)(F)C(F)(F)C(F)(F)C(F)(F)C(F)(F)C(F)F"
3850,NA,"OKHFLPMEKVFJLU-UHFFFAOYSA-N","C11H12F14N",424.074619464,"C[N+](C)(C)CC(F)(F)C(F)(F)C(F)(F)C(F)(F)C(F)(F)C(F)(F)C(F)F"
3851,NA,"NVASEQFLTUIIQW-UHFFFAOYSA-N","C12H12F16N",474.071425904,"C[N+](C)(C)CC(F)(F)C(F)(F)C(F)(F)C(F)(F)C(F)(F)C(F)(F)C(F)(F)C(F)F"
3852,NA,"PWRUDNSKOXYHSS-UHFFFAOYSA-N","C13H12F18N",524.068232344,"C[N+](C)(C)CC(F)(F)C(F)(F)C(F)(F)C(F)(F)C(F)(F)C(F)(F)C(F)(F)C(F)(F)C(F)F"
3853,NA,"WQTVONPTPUFLPI-UHFFFAOYSA-N","C14H12F20N",574.065038784,"C[N+](C)(C)CC(F)(F)C(F)(F)C(F)(F)C(F)(F)C(F)(F)C(F)(F)C(F)(F)C(F)(F)C(F)(F)C(F)F"
3854,NA,"UGBLRKWXJPTLIO-UHFFFAOYSA-N","C15H12F22N",624.061845224,"C[N+](C)(C)CC(F)(F)C(F)(F)C(F)(F)C(F)(F)C(F)(F)C(F)(F)C(F)(F)C(F)(F)C(F)(F)C(F)(F)C(F)F"
3855,NA,"GEZUVNWLXUISGE-UHFFFAOYSA-N","C16H12F24N",674.058651664,"C[N+](C)(C)CC(F)(F)C(F)(F)C(F)(F)C(F)(F)C(F)(F)C(F)(F)C(F)(F)C(F)(F)C(F)(F)C(F)(F)C(F)(F)C(F)F"
3856,NA,"FZFDKQGOSXJCNH-UHFFFAOYSA-N","C17H12F26N",724.055458104,"C[N+](C)(C)CC(F)(F)C(F)(F)C(F)(F)C(F)(F)C(F)(F)C(F)(F)C(F)(F)C(F)(F)C(F)(F)C(F)(F)C(F)(F)C(F)(F)C(F)F"
3857,NA,"YACKKBTYRBYFTH-UHFFFAOYSA-N","C18H12F28N",774.052264544,"C[N+](C)(C)CC(F)(F)C(F)(F)C(F)(F)C(F)(F)C(F)(F)C(F)(F)C(F)(F)C(F)(F)C(F)(F)C(F)(F)C(F)(F)C(F)(F)C(F)(F)C(F)F"
3858,NA,"YZSYBCQSEUPOSW-UHFFFAOYSA-N","C9H18F4N",216.137537456,"CCCC[N+](C)(C)CC(F)(F)C(F)F"
3859,NA,"AKJJRMNJFNUCBX-UHFFFAOYSA-N","C11H18F8N",316.131150336,"CCCC[N+](C)(C)CC(F)(F)C(F)(F)C(F)(F)C(F)F"
3860,NA,"PMRZEMSRMHTFAF-UHFFFAOYSA-N","C13H18F12N",416.124763216,"CCCC[N+](C)(C)CC(F)(F)C(F)(F)C(F)(F)C(F)(F)C(F)(F)C(F)F"
3861,NA,"UCYLDCXNRXEUKB-UHFFFAOYSA-N","C15H18F16N",516.118376096,"CCCC[N+](C)(C)CC(F)(F)C(F)(F)C(F)(F)C(F)(F)C(F)(F)C(F)(F)C(F)(F)C(F)F"
3862,NA,"NFOYSQSHZBPXDE-UHFFFAOYSA-N","C17H18F20N",616.111988976,"CCCC[N+](C)(C)CC(F)(F)C(F)(F)C(F)(F)C(F)(F)C(F)(F)C(F)(F)C(F)(F)C(F)(F)C(F)(F)C(F)F"
3863,NA,"HZTTUOVTRHJJLW-UHFFFAOYSA-N","C19H18F24N",716.105601856,"CCCC[N+](C)(C)CC(F)(F)C(F)(F)C(F)(F)C(F)(F)C(F)(F)C(F)(F)C(F)(F)C(F)(F)C(F)(F)C(F)(F)C(F)(F)C(F)F"
3864,NA,"QVLQOBVLJDOVDT-UHFFFAOYSA-N","C21H18F28N",816.099214736,"CCCC[N+](C)(C)CC(F)(F)C(F)(F)C(F)(F)C(F)(F)C(F)(F)C(F)(F)C(F)(F)C(F)(F)C(F)(F)C(F)(F)C(F)(F)C(F)(F)C(F)(F)C(F)F"
3865,NA,"COLFCSATPVDDMB-UHFFFAOYSA-N","C6H14F2N",138.109430888,"CC[N+](C)(C)CC(F)F"
3866,NA,"JPIFTWNXYGHWSP-UHFFFAOYSA-N","C7H14F4N",188.106237328,"CC[N+](C)(C)CC(F)(F)C(F)F"
3867,NA,"IKJSQJVHPOURJC-UHFFFAOYSA-N","C8H14F6N",238.103043768,"CC[N+](C)(C)CC(F)(F)C(F)(F)C(F)F"
3868,NA,"XJKXNXWMILEJHI-UHFFFAOYSA-N","C9H14F8N",288.099850208,"CC[N+](C)(C)CC(F)(F)C(F)(F)C(F)(F)C(F)F"
3869,NA,"RJDWJHUOPKGFLK-UHFFFAOYSA-N","C10H14F10N",338.096656648,"CC[N+](C)(C)CC(F)(F)C(F)(F)C(F)(F)C(F)(F)C(F)F"
3870,NA,"PDVAXSHNTFSGFX-UHFFFAOYSA-N","C11H14F12N",388.093463088,"CC[N+](C)(C)CC(F)(F)C(F)(F)C(F)(F)C(F)(F)C(F)(F)C(F)F"
3871,NA,"LRHIPDFJDRBSNS-UHFFFAOYSA-N","C12H14F14N",438.090269528,"CC[N+](C)(C)CC(F)(F)C(F)(F)C(F)(F)C(F)(F)C(F)(F)C(F)(F)C(F)F"
3872,NA,"HOOPWYVZTHBQOJ-UHFFFAOYSA-N","C13H14F16N",488.087075968,"CC[N+](C)(C)CC(F)(F)C(F)(F)C(F)(F)C(F)(F)C(F)(F)C(F)(F)C(F)(F)C(F)F"
3873,NA,"MRUYRQVKBAUKKS-UHFFFAOYSA-N","C14H14F18N",538.083882408,"CC[N+](C)(C)CC(F)(F)C(F)(F)C(F)(F)C(F)(F)C(F)(F)C(F)(F)C(F)(F)C(F)(F)C(F)F"
3874,NA,"XZCDRIJWVICIDK-UHFFFAOYSA-N","C15H14F20N",588.080688848,"CC[N+](C)(C)CC(F)(F)C(F)(F)C(F)(F)C(F)(F)C(F)(F)C(F)(F)C(F)(F)C(F)(F)C(F)(F)C(F)F"
3875,NA,"ZDYKDAQCQLKCCB-UHFFFAOYSA-N","C16H14F22N",638.077495288,"CC[N+](C)(C)CC(F)(F)C(F)(F)C(F)(F)C(F)(F)C(F)(F)C(F)(F)C(F)(F)C(F)(F)C(F)(F)C(F)(F)C(F)F"
3876,NA,"NGXDZEUEAINSMT-UHFFFAOYSA-N","C17H14F24N",688.074301728,"CC[N+](C)(C)CC(F)(F)C(F)(F)C(F)(F)C(F)(F)C(F)(F)C(F)(F)C(F)(F)C(F)(F)C(F)(F)C(F)(F)C(F)(F)C(F)F"
3877,NA,"XJKUCUJLTIOBHV-UHFFFAOYSA-N","C18H14F26N",738.071108168,"CC[N+](C)(C)CC(F)(F)C(F)(F)C(F)(F)C(F)(F)C(F)(F)C(F)(F)C(F)(F)C(F)(F)C(F)(F)C(F)(F)C(F)(F)C(F)(F)C(F)F"
3878,NA,"YLPYREZYCZOPCK-UHFFFAOYSA-N","C19H14F28N",788.067914608,"CC[N+](C)(C)CC(F)(F)C(F)(F)C(F)(F)C(F)(F)C(F)(F)C(F)(F)C(F)(F)C(F)(F)C(F)(F)C(F)(F)C(F)(F)C(F)(F)C(F)(F)C(F)F"
3879,NA,"ZKQUIOUGNRZWOL-UHFFFAOYSA-N","C8H16F4N",202.121887392,"CCC[N+](C)(C)CC(F)(F)C(F)F"
3880,NA,"NFWZDXDWMWNNRL-UHFFFAOYSA-N","C10H16F8N",302.115500272,"CCC[N+](C)(C)CC(F)(F)C(F)(F)C(F)(F)C(F)F"
3881,NA,"AADAKTFUXKPWOT-UHFFFAOYSA-N","C12H16F12N",402.109113152,"CCC[N+](C)(C)CC(F)(F)C(F)(F)C(F)(F)C(F)(F)C(F)(F)C(F)F"
3882,NA,"KWSFHQVUYJBRBE-UHFFFAOYSA-N","C14H16F16N",502.102726032,"CCC[N+](C)(C)CC(F)(F)C(F)(F)C(F)(F)C(F)(F)C(F)(F)C(F)(F)C(F)(F)C(F)F"
3883,NA,"WXFFGQXSLBWATE-UHFFFAOYSA-N","C16H16F20N",602.096338912,"CCC[N+](C)(C)CC(F)(F)C(F)(F)C(F)(F)C(F)(F)C(F)(F)C(F)(F)C(F)(F)C(F)(F)C(F)(F)C(F)F"
3884,NA,"QUEPJHCNKLHPKU-UHFFFAOYSA-N","C18H16F24N",702.089951792,"CCC[N+](C)(C)CC(F)(F)C(F)(F)C(F)(F)C(F)(F)C(F)(F)C(F)(F)C(F)(F)C(F)(F)C(F)(F)C(F)(F)C(F)(F)C(F)F"
3885,NA,"SETLJDOHXWDYOT-UHFFFAOYSA-N","C20H16F28N",802.083564672,"CCC[N+](C)(C)CC(F)(F)C(F)(F)C(F)(F)C(F)(F)C(F)(F)C(F)(F)C(F)(F)C(F)(F)C(F)(F)C(F)(F)C(F)(F)C(F)(F)C(F)(F)C(F)F"
3886,NA,"AVRSLAOZVSVLOJ-UHFFFAOYSA-N","C8H15F5N",220.11246558,"CC[N+](C)(C)CCC(F)(F)C(F)(F)F"
3887,NA,"KTLJSIVEQKDMLX-UHFFFAOYSA-N","C10H15F9N",320.10607846,"CC[N+](C)(C)CCC(F)(F)C(F)(F)C(F)(F)C(F)(F)F"
3888,NA,"IQZDAKJFBFSQHA-UHFFFAOYSA-N","C12H15F13N",420.09969134,"CC[N+](C)(C)CCC(F)(F)C(F)(F)C(F)(F)C(F)(F)C(F)(F)C(F)(F)F"
3889,NA,"WKZMVVDRLRWKTL-UHFFFAOYSA-N","C14H15F17N",520.09330422,"CC[N+](C)(C)CCC(F)(F)C(F)(F)C(F)(F)C(F)(F)C(F)(F)C(F)(F)C(F)(F)C(F)(F)F"
3890,NA,"GTIXOMYNSVYTJK-UHFFFAOYSA-N","C16H15F21N",620.0869171,"CC[N+](C)(C)CCC(F)(F)C(F)(F)C(F)(F)C(F)(F)C(F)(F)C(F)(F)C(F)(F)C(F)(F)C(F)(F)C(F)(F)F"
3891,NA,"CMWVMNMGJHUCLD-UHFFFAOYSA-N","C18H15F25N",720.08052998,"CC[N+](C)(C)CCC(F)(F)C(F)(F)C(F)(F)C(F)(F)C(F)(F)C(F)(F)C(F)(F)C(F)(F)C(F)(F)C(F)(F)C(F)(F)C(F)(F)F"
3892,NA,"AQAZIUXBLHKDNA-UHFFFAOYSA-N","C20H15F29N",820.07414286,"CC[N+](C)(C)CCC(F)(F)C(F)(F)C(F)(F)C(F)(F)C(F)(F)C(F)(F)C(F)(F)C(F)(F)C(F)(F)C(F)(F)C(F)(F)C(F)(F)C(F)(F)C(F)(F)F"
3893,"68140-19-2","WEILNYJKAUGBAU-UHFFFAOYSA-N","C4H5F5S",180.00321226,"FC(F)(F)C(F)(F)CCS"
3894,NA,"VINOXRJHEBZURZ-UHFFFAOYSA-N","C14H5F25S",679.97127666,"FC(F)(F)C(F)(F)C(F)(F)C(F)(F)C(F)(F)C(F)(F)C(F)(F)C(F)(F)C(F)(F)C(F)(F)C(F)(F)C(F)(F)CCS"
3895,NA,"XOFPKZMZLGCCCE-UHFFFAOYSA-N","C16H5F29S",779.96488954,"FC(F)(F)C(F)(F)C(F)(F)C(F)(F)C(F)(F)C(F)(F)C(F)(F)C(F)(F)C(F)(F)C(F)(F)C(F)(F)C(F)(F)C(F)(F)C(F)(F)CCS"
3896,NA,"TUUJHDIWSQTICP-UHFFFAOYSA-N","C12H5F7N2O2",342.02392494,"[N-]=[N+]=C(C(=O)c1ccccc1)C(=O)C(F)(F)C(F)(F)C(F)(F)F"
3897,NA,"DEFDVRCZPOZAET-UHFFFAOYSA-N","C12H4F21N3",589.006989748,"[N-]=[N+]=NCCC(F)(F)C(F)(F)C(F)(F)C(F)(F)C(F)(F)C(F)(F)C(F)(F)C(F)(F)C(F)(F)C(F)(F)F"
3898,NA,"UPIFAZUWDVJBEO-UHFFFAOYSA-N","C16H4F19N3O",615.005097928,"[N-]=[N+]=NC(=O)c1ccc(C(F)(F)C(F)(F)C(F)(F)C(F)(F)C(F)(F)C(F)(F)C(F)(F)C(F)(F)C(F)(F)F)cc1"
3899,NA,"GYAWTXGPAGMMFQ-UHFFFAOYSA-N","C11H6F17N3",503.029026932,"[N-]=[N+]=NCCCC(F)(F)C(F)(F)C(F)(F)C(F)(F)C(F)(F)C(F)(F)C(F)(F)C(F)(F)F"
3900,NA,"OGBKVDKHMNTXID-UHFFFAOYSA-N","C20H2F34O4",951.941018024,"O=C(C=CC(=O)OC(F)(F)C(F)(F)C(F)(F)C(F)(F)C(F)(F)C(F)(F)C(F)(F)C(F)(F)F)OC(F)(F)C(F)(F)C(F)(F)C(F)(F)C(F)(F)C(F)(F)C(F)(F)C(F)(F)F"
3901,NA,"OGBKVDKHMNTXID-UHFFFAOYSA-N","C20H2F34O4",951.941018024,"O=C(C=CC(=O)OC(F)(F)C(F)(F)C(F)(F)C(F)(F)C(F)(F)C(F)(F)C(F)(F)C(F)(F)F)OC(F)(F)C(F)(F)C(F)(F)C(F)(F)C(F)(F)C(F)(F)C(F)(F)C(F)(F)F"
3902,NA,"OXYTULQNNXZBJK-UHFFFAOYSA-N","C16F30N9P",918.95352423,"[N-]=[N+]=NP1(N=[N+]=[N-])=NC(C(F)(F)C(F)(F)C(F)(F)C(F)(F)C(F)(F)C(F)(F)C(F)(F)F)=NC(C(F)(F)C(F)(F)C(F)(F)C(F)(F)C(F)(F)C(F)(F)C(F)(F)F)=N1"
3903,NA,"STUDPFBKDMTGFQ-UHFFFAOYSA-O","C22H24F23N2O3",801.141966688,"C[N+](C)(CCCNCC(O)CC(F)(F)C(F)(F)C(F)(F)C(F)(F)C(F)(F)C(F)(F)C(F)(F)C(F)(F)C(F)(C(F)(F)F)C(F)(F)F)CCC(=O)O"
3904,NA,"DQEDVGBNEFVPEU-UHFFFAOYSA-N","C9H6F13N3",403.035414052,"[N-]=[N+]=NCCCC(F)(F)C(F)(F)C(F)(F)C(F)(F)C(F)(F)C(F)(F)F"
3905,NA,"KAGVVOGIAJXMDE-UHFFFAOYSA-N","C8H4F13N3",389.019763988,"[N-]=[N+]=NCCC(F)(F)C(F)(F)C(F)(F)C(F)(F)C(F)(F)C(F)(F)F"
3906,"17587-22-3","SQNZLBOJCWQLGQ-UHFFFAOYSA-N","C10H11F7O2",296.064727132,"CC(C)(C)C(=O)CC(=O)C(F)(F)C(F)(F)C(F)(F)F"
3907,NA,"KTDHXHZTHVKJGC-UHFFFAOYSA-N","C20H10F26O4",808.01639252,"O=C(C=CC(=O)OCCC(F)(F)C(F)(F)C(F)(F)C(F)(F)C(F)(F)C(F)(F)F)OCCC(F)(F)C(F)(F)C(F)(F)C(F)(F)C(F)(F)C(F)(F)F"
3908,NA,"KTDHXHZTHVKJGC-UHFFFAOYSA-N","C20H10F26O4",808.01639252,"O=C(C=CC(=O)OCCC(F)(F)C(F)(F)C(F)(F)C(F)(F)C(F)(F)C(F)(F)F)OCCC(F)(F)C(F)(F)C(F)(F)C(F)(F)C(F)(F)C(F)(F)F"
3909,NA,"RONIKGBQXOKGOO-UHFFFAOYSA-O","C21H24F21N2O3",751.145160248,"C[N+](C)(CCCNCC(O)CC(F)(F)C(F)(F)C(F)(F)C(F)(F)C(F)(F)C(F)(F)C(F)(F)C(F)(F)C(F)(F)C(F)(F)F)CCC(=O)O"
3910,NA,"PFAQTZDSOYJCLX-UHFFFAOYSA-N","C6HF10N3O3",352.985823092,"[N-]=[N+]=NC(F)(F)C(F)(OC(F)(F)C(F)(F)C(F)(F)F)C(=O)O"
3911,NA,"ULSWUGAAPQZIFJ-UHFFFAOYSA-N","C14H7F17O4",562.007288444,"O=C(O)C=CC(=O)OCCC(F)(F)C(F)(F)C(F)(F)C(F)(F)C(F)(F)C(F)(F)C(F)(F)C(F)(F)F"
3912,NA,"XZONSUWWBDTFJB-UHFFFAOYSA-O","C18H16F19N2O4",685.080668172,"O=C(O)C[N+]1(CCO)CCN(C(=O)C(F)(F)C(F)(F)C(F)(F)C(F)(F)C(F)(F)C(F)(F)C(F)(F)C(F)(F)C(F)(F)F)CC1"
3913,NA,"HBCIQEOSBTUVDJ-UHFFFAOYSA-O","C16H18F17N2O4S",657.071582796,"C[N+](C)(C)CCCN(CC(=O)O)S(=O)(=O)C(F)(F)C(F)(F)C(F)(F)C(F)(F)C(F)(F)C(F)(F)C(F)(F)C(F)(F)F"
3914,NA,"PHLQZHXBMDKUNG-UHFFFAOYSA-O","C14H18F13N2O4S",557.077969916,"C[N+](C)(C)CCCN(CC(=O)O)S(=O)(=O)C(F)(F)C(F)(F)C(F)(F)C(F)(F)C(F)(F)C(F)(F)F"
3915,NA,"MYTOORQJRVEUKE-UHFFFAOYSA-O","C18H18F19N2O3",671.101403616,"C[N+](C)(CCCNC(=O)C(F)(F)C(F)(F)C(F)(F)C(F)(F)C(F)(F)C(F)(F)C(F)(F)C(F)(F)C(F)(F)F)CCC(=O)O"
3916,NA,"JREGIWWPXUQSBC-UHFFFAOYSA-O","C16H18F15N2O3",571.107790736,"C[N+](C)(CCCNC(=O)C(F)(F)C(F)(F)C(F)(F)C(F)(F)C(F)(F)C(F)(F)C(F)(F)F)CCC(=O)O"
3917,NA,"CUFYORGVHPVESH-UHFFFAOYSA-O","C24H24F27N2O3",901.135579568,"C[N+](C)(CCCNCC(O)CC(F)(F)C(F)(F)C(F)(F)C(F)(F)C(F)(F)C(F)(F)C(F)(F)C(F)(F)C(F)(F)C(F)(F)C(F)(C(F)(F)F)C(F)(F)F)CCC(=O)O"
3918,NA,"IYAILADQVOJMHN-UHFFFAOYSA-O","C19H24F17N2O3",651.151547368,"C[N+](C)(CCCNCC(O)CC(F)(F)C(F)(F)C(F)(F)C(F)(F)C(F)(F)C(F)(F)C(F)(F)C(F)(F)F)CCC(=O)O"
3919,NA,"CHXIOPKBQQWFAO-UHFFFAOYSA-O","C17H20F17N2O4S",671.08723286,"C[N+](C)(CCCNS(=O)(=O)CCC(F)(F)C(F)(F)C(F)(F)C(F)(F)C(F)(F)C(F)(F)C(F)(F)C(F)(F)F)CC(=O)O"
3920,NA,"STSGGDGRBYWSDX-UHFFFAOYSA-O","C16H22F13N2O4S",585.109270044,"C[N+](C)(CCCNS(=O)(=O)CCC(F)(F)C(F)(F)C(F)(F)C(F)(F)C(F)(F)C(F)(F)F)CCC(=O)O"
3921,NA,"FZCRAUGJBWCZQX-UHFFFAOYSA-O","C18H24F17N2O6S2",751.080433228,"C[N+](C)(CCO)CCCN(CCCS(=O)(=O)O)S(=O)(=O)C(F)(F)C(F)(F)C(F)(F)C(F)(F)C(F)(F)C(F)(F)C(F)(F)C(F)(F)F"
3922,NA,"WYFODDRZFDBDDF-UHFFFAOYSA-O","C16H24F13N2O6S2",651.086820348,"C[N+](C)(CCO)CCCN(CCCS(=O)(=O)O)S(=O)(=O)C(F)(F)C(F)(F)C(F)(F)C(F)(F)C(F)(F)C(F)(F)F"
3923,NA,"BMVKHABEHWPKKO-UHFFFAOYSA-N","C8H7F7N2O3",312.034489624,"CCOC(O)C(=[N+]=[N-])C(=O)C(F)(F)C(F)(F)C(F)(F)F"
3924,NA,"IXKVVULTIBZSFS-UHFFFAOYSA-O","C16H22F13N2O4S",585.109270044,"CN(CCC[N+](C)(C)CC(=O)O)S(=O)(=O)CCC(F)(F)C(F)(F)C(F)(F)C(F)(F)C(F)(F)C(F)(F)F"
3925,NA,"TUOHUMKQNSQWKE-UHFFFAOYSA-O","C17H24F13N2O4S",599.124920108,"CN(CCC[N+](C)(C)CCC(=O)O)S(=O)(=O)CCC(F)(F)C(F)(F)C(F)(F)C(F)(F)C(F)(F)C(F)(F)F"
3926,NA,"PAXFGBPGMBAFGA-UHFFFAOYSA-N","C5H3F9O3S",313.965918936,"O=S(=O)(O)CC(F)(F)C(F)(F)C(F)(F)C(F)(F)F"
3927,NA,"VQLVZRWGZRIQOG-UHFFFAOYSA-N","C6H3F11O3S",363.962725376,"O=S(=O)(O)CC(F)(F)C(F)(F)C(F)(F)C(F)(F)C(F)(F)F"
3928,NA,"AHKBHDQYKYNFLM-UHFFFAOYSA-N","C7H3F13O3S",413.959531816,"O=S(=O)(O)CC(F)(F)C(F)(F)C(F)(F)C(F)(F)C(F)(F)C(F)(F)F"
3929,NA,"FSVJFJWJQWUNCW-UHFFFAOYSA-N","C8H3F15O3S",463.956338256,"O=S(=O)(O)CC(F)(F)C(F)(F)C(F)(F)C(F)(F)C(F)(F)C(F)(F)C(F)(F)F"
3930,NA,"XQOQVKCBOSTYST-UHFFFAOYSA-O","C10H20F5N2O6S2",423.06829446,"C[N+](C)(CCCNS(=O)(=O)C(F)(F)C(F)(F)F)CC(O)CS(=O)(=O)O"
3931,NA,"MXUUQVSLPWLSPB-UHFFFAOYSA-O","C11H20F7N2O6S2",473.0651009,"C[N+](C)(CCCNS(=O)(=O)C(F)(F)C(F)(F)C(F)(F)F)CC(O)CS(=O)(=O)O"
3932,NA,"IPFOGZHHTZJCNU-UHFFFAOYSA-N","C14H5F23O2",641.99222846,"O=C(O)CCC(F)(F)C(F)(F)C(F)(F)C(F)(F)C(F)(F)C(F)(F)C(F)(F)C(F)(F)C(F)(F)C(F)(F)C(F)(F)F"
3933,NA,"FFQUPGMSRKIOLT-UHFFFAOYSA-N","C5H2F8O2",245.992705064,"O=C(O)C(F)C(F)(F)C(F)(F)C(F)(F)F"
3934,NA,"CYFXTKNPCJAIPM-UHFFFAOYSA-N","C6H2F10O2",295.989511504,"O=C(O)C(F)C(F)(F)C(F)(F)C(F)(F)C(F)(F)F"
3935,NA,"HWFPEKMIHWSKHB-UHFFFAOYSA-N","C7H2F12O2",345.986317944,"O=C(O)C(F)C(F)(F)C(F)(F)C(F)(F)C(F)(F)C(F)(F)F"
3936,NA,"CLSJUWFCSPJRFC-UHFFFAOYSA-N","C8H2F14O2",395.983124384,"O=C(O)C(F)C(F)(F)C(F)(F)C(F)(F)C(F)(F)C(F)(F)C(F)(F)F"
3937,NA,"CVAZURDPUJIKIQ-UHFFFAOYSA-N","C9H2F16O2",445.979930824,"O=C(O)C(F)C(F)(F)C(F)(F)C(F)(F)C(F)(F)C(F)(F)C(F)(F)C(F)(F)F"
3938,NA,"HFLWLMAASPISEA-UHFFFAOYSA-N","C11H2F20O2",545.973543704,"O=C(O)C(F)C(F)(F)C(F)(F)C(F)(F)C(F)(F)C(F)(F)C(F)(F)C(F)(F)C(F)(F)C(F)(F)F"
3940,NA,"ZYBNLNNCZHCXAC-UHFFFAOYSA-N","C7H2F15NO2S",448.956672604,"NS(=O)(=O)C(F)(F)C(F)(F)C(F)(F)C(F)(F)C(F)(F)C(F)(F)C(F)(F)F"
3942,NA,"FDPWFYCEGGGRIJ-UHFFFAOYSA-N","C12H17F9N2O4S",456.076532004,"CN(CCCNS(=O)(=O)CCC(F)(F)C(F)(F)C(F)(F)C(F)(F)F)CC(=O)O"
3943,NA,"DPEDKFNZJCKZOD-UHFFFAOYSA-N","C14H17F13N2O4S",556.070144884,"CN(CCCNS(=O)(=O)CCC(F)(F)C(F)(F)C(F)(F)C(F)(F)C(F)(F)C(F)(F)F)CC(=O)O"
3944,NA,"PMNVMTIBUIRJHZ-UHFFFAOYSA-N","C6H3F9O2",277.998933316,"O=C(O)CC(F)(F)C(F)(F)C(F)(F)C(F)(F)F"
3945,NA,"HIVKFEZPOKLBMW-UHFFFAOYSA-N","C11H3F19O2",527.982965516,"O=C(O)CC(F)(F)C(F)(F)C(F)(F)C(F)(F)C(F)(F)C(F)(F)C(F)(F)C(F)(F)C(F)(F)F"
3946,NA,"HLWBNHUBSITGAE-UHFFFAOYSA-N","C13H3F23O2",627.976578396,"O=C(O)CC(F)(F)C(F)(F)C(F)(F)C(F)(F)C(F)(F)C(F)(F)C(F)(F)C(F)(F)C(F)(F)C(F)(F)C(F)(F)F"
3947,NA,"DHZIKHSVLXMVQY-UHFFFAOYSA-N","C14H3F25O2",677.973384836,"O=C(O)CC(F)(F)C(F)(F)C(F)(F)C(F)(F)C(F)(F)C(F)(F)C(F)(F)C(F)(F)C(F)(F)C(F)(F)C(F)(F)C(F)(F)F"
3948,NA,"HPGZJVHJJKWFCQ-UHFFFAOYSA-N","C15H3F27O2",727.970191276,"O=C(O)CC(F)(F)C(F)(F)C(F)(F)C(F)(F)C(F)(F)C(F)(F)C(F)(F)C(F)(F)C(F)(F)C(F)(F)C(F)(F)C(F)(F)C(F)(F)F"
3949,NA,"IQKHSIMQZYNYHI-UHFFFAOYSA-N","C16H3F29O2",777.966997716,"O=C(O)CC(F)(F)C(F)(F)C(F)(F)C(F)(F)C(F)(F)C(F)(F)C(F)(F)C(F)(F)C(F)(F)C(F)(F)C(F)(F)C(F)(F)C(F)(F)C(F)(F)F"
3950,NA,"ZIUMOXWDLICQQC-UHFFFAOYSA-N","C8H6F13NO2S",426.991166292,"CCNS(=O)(=O)C(F)(F)C(F)(F)C(F)(F)C(F)(F)C(F)(F)C(F)(F)F"
3951,NA,"GQWDXFMOTBUZLJ-UHFFFAOYSA-N","C9H7F9O3S",365.997219064,"O=C(CO)SC(=O)CCC(F)(F)C(F)(F)C(F)(F)C(F)(F)F"
3952,NA,"VLQRWBZMXZAWNQ-UPHRSURJSA-N","C7H2F10O2",307.989511504,"O=C(O)/C=C(\F)C(F)(F)C(F)(F)C(F)(F)C(F)(F)F"
3953,NA,"WGIXJOMRYLUUNW-UPHRSURJSA-N","C9H2F14O2",407.983124384,"O=C(O)/C=C(\F)C(F)(F)C(F)(F)C(F)(F)C(F)(F)C(F)(F)C(F)(F)F"
3954,NA,"FYCCGCFZIIBHPG-UPHRSURJSA-N","C11H2F18O2",507.976737264,"O=C(O)/C=C(\F)C(F)(F)C(F)(F)C(F)(F)C(F)(F)C(F)(F)C(F)(F)C(F)(F)C(F)(F)F"
3955,NA,"MCWVTWBKTVCZGN-UPHRSURJSA-N","C15H2F26O2",707.963963024,"O=C(O)/C=C(\F)C(F)(F)C(F)(F)C(F)(F)C(F)(F)C(F)(F)C(F)(F)C(F)(F)C(F)(F)C(F)(F)C(F)(F)C(F)(F)C(F)(F)F"
3956,NA,"PPIMLCDQHGKLTQ-UHFFFAOYSA-N","C7H7F9O3S",341.997219064,"O=S(=O)(O)CCCC(F)(F)C(F)(F)C(F)(F)C(F)(F)F"
3957,NA,"IOWUCXUAEMDZQD-UHFFFAOYSA-N","C9H7F13O3S",441.990831944,"O=S(=O)(O)CCCC(F)(F)C(F)(F)C(F)(F)C(F)(F)C(F)(F)C(F)(F)F"
3958,NA,"HTCMYMUHUBWOPF-UHFFFAOYSA-N","C11H8F17NO5S2",620.957244096,"O=S(=O)(O)CCCNS(=O)(=O)C(F)(F)C(F)(F)C(F)(F)C(F)(F)C(F)(F)C(F)(F)C(F)(F)C(F)(F)F"
3959,NA,"LDZUATJHNVKUFE-UHFFFAOYSA-N","C5H2F10O3S",331.956497124,"O=S(=O)(O)C(F)C(F)(F)C(F)(F)C(F)(F)C(F)(F)F"
3960,NA,"KIPXGDWUGVFUJI-UHFFFAOYSA-N","C6H2F12O3S",381.953303564,"O=S(=O)(O)C(F)C(F)(F)C(F)(F)C(F)(F)C(F)(F)C(F)(F)F"
3961,NA,"MBJNUJYCIZSWTN-UHFFFAOYSA-N","C7H2F14O3S",431.950110004,"O=S(=O)(O)C(F)C(F)(F)C(F)(F)C(F)(F)C(F)(F)C(F)(F)C(F)(F)F"
3962,NA,"AUKDNQZDSZEYCA-UHFFFAOYSA-N","C8H2F16O3S",481.946916444,"O=S(=O)(O)C(F)C(F)(F)C(F)(F)C(F)(F)C(F)(F)C(F)(F)C(F)(F)C(F)(F)F"
3963,NA,"WYZIHTVRWYRUBX-UHFFFAOYSA-N","C9H2F18O3S",531.943722884,"O=S(=O)(O)C(F)C(F)(F)C(F)(F)C(F)(F)C(F)(F)C(F)(F)C(F)(F)C(F)(F)C(F)(F)F"
3964,NA,"AVMDQPIIAAPXNM-UHFFFAOYSA-N","C9H13F9N2O2S",384.055402636,"NCCCNS(=O)(=O)CCC(F)(F)C(F)(F)C(F)(F)C(F)(F)F"
3965,NA,"DLNFICFQUIYVBX-UHFFFAOYSA-N","C11H13F13N2O2S",484.049015516,"NCCCNS(=O)(=O)CCC(F)(F)C(F)(F)C(F)(F)C(F)(F)C(F)(F)C(F)(F)F"
3966,NA,"CPBMEZUPXKZJAL-UHFFFAOYSA-N","C13H13F17N2O2S",584.042628396,"NCCCNS(=O)(=O)CCC(F)(F)C(F)(F)C(F)(F)C(F)(F)C(F)(F)C(F)(F)C(F)(F)C(F)(F)F"
3967,NA,"IAOJMBJYSDDYNT-UHFFFAOYSA-N","C10H2F20O3S",581.940529324,"O=S(=O)(O)C(F)C(F)(F)C(F)(F)C(F)(F)C(F)(F)C(F)(F)C(F)(F)C(F)(F)C(F)(F)C(F)(F)F"
3968,NA,"LOVIQUHBGCYGEL-UHFFFAOYSA-N","C12H2F24O3S",681.934142204,"O=S(=O)(O)C(F)C(F)(F)C(F)(F)C(F)(F)C(F)(F)C(F)(F)C(F)(F)C(F)(F)C(F)(F)C(F)(F)C(F)(F)C(F)(F)F"
3969,NA,"RFAWKHMSOKDKBP-UHFFFAOYSA-O","C12H20F9N2O6S2",523.06190734,"C[N+](C)(CCCNS(=O)(=O)C(F)(F)C(F)(F)C(F)(F)C(F)(F)F)CC(O)CS(=O)(=O)O"
3970,NA,"HAXGEHTWBBRFFW-UHFFFAOYSA-O","C13H20F11N2O6S2",573.05871378,"C[N+](C)(CCCNS(=O)(=O)C(F)(F)C(F)(F)C(F)(F)C(F)(F)C(F)(F)F)CC(O)CS(=O)(=O)O"
3971,NA,"MEXQEENXUFLERY-UHFFFAOYSA-O","C14H20F13N2O6S2",623.05552022,"C[N+](C)(CCCNS(=O)(=O)C(F)(F)C(F)(F)C(F)(F)C(F)(F)C(F)(F)C(F)(F)F)CC(O)CS(=O)(=O)O"
3972,NA,"RGCDBPJRBNLCOC-UHFFFAOYSA-O","C15H20F15N2O6S2",673.05232666,"C[N+](C)(CCCNS(=O)(=O)C(F)(F)C(F)(F)C(F)(F)C(F)(F)C(F)(F)C(F)(F)C(F)(F)F)CC(O)CS(=O)(=O)O"
3973,NA,"ZKDHLDZZGVKZIS-UHFFFAOYSA-O","C16H20F17N2O6S2",723.0491331,"C[N+](C)(CCCNS(=O)(=O)C(F)(F)C(F)(F)C(F)(F)C(F)(F)C(F)(F)C(F)(F)C(F)(F)C(F)(F)F)CC(O)CS(=O)(=O)O"
3974,NA,"QSYMQOTXNVSRCF-UHFFFAOYSA-O","C17H20F19N2O6S2",773.04593954,"C[N+](C)(CCCNS(=O)(=O)C(F)(F)C(F)(F)C(F)(F)C(F)(F)C(F)(F)C(F)(F)C(F)(F)C(F)(F)C(F)(F)F)CC(O)CS(=O)(=O)O"
3975,NA,"UHNXIHGQTDHBMC-UHFFFAOYSA-O","C18H20F21N2O6S2",823.04274598,"C[N+](C)(CCCNS(=O)(=O)C(F)(F)C(F)(F)C(F)(F)C(F)(F)C(F)(F)C(F)(F)C(F)(F)C(F)(F)C(F)(F)C(F)(F)F)CC(O)CS(=O)(=O)O"
3976,NA,"KMPWPIDDCALGGQ-UHFFFAOYSA-O","C19H20F23N2O6S2",873.03955242,"C[N+](C)(CCCNS(=O)(=O)C(F)(F)C(F)(F)C(F)(F)C(F)(F)C(F)(F)C(F)(F)C(F)(F)C(F)(F)C(F)(F)C(F)(F)C(F)(F)F)CC(O)CS(=O)(=O)O"
3977,NA,"NVZJOAOTYVJILY-UHFFFAOYSA-O","C20H20F25N2O6S2",923.03635886,"C[N+](C)(CCCNS(=O)(=O)C(F)(F)C(F)(F)C(F)(F)C(F)(F)C(F)(F)C(F)(F)C(F)(F)C(F)(F)C(F)(F)C(F)(F)C(F)(F)C(F)(F)F)CC(O)CS(=O)(=O)O"
3978,NA,"MKABTQXTRQQXEW-UHFFFAOYSA-O","C14H28F5N2O8S2",511.120723956,"C[N+](C)(CCC(CO)N(CCCS(=O)(=O)O)S(=O)(=O)C(F)(F)C(F)(F)F)CC(O)CO"
3979,NA,"DVHYUBJUFWBZJS-UHFFFAOYSA-O","C15H28F7N2O8S2",561.117530396,"C[N+](C)(CCC(CO)N(CCCS(=O)(=O)O)S(=O)(=O)C(F)(F)C(F)(F)C(F)(F)F)CC(O)CO"
3980,NA,"OZDOVAUURBRYOC-UHFFFAOYSA-O","C16H28F9N2O8S2",611.114336836,"C[N+](C)(CCC(CO)N(CCCS(=O)(=O)O)S(=O)(=O)C(F)(F)C(F)(F)C(F)(F)C(F)(F)F)CC(O)CO"
3981,NA,"RVVWOEGMAPPRRS-UHFFFAOYSA-O","C17H28F11N2O8S2",661.111143276,"C[N+](C)(CCC(CO)N(CCCS(=O)(=O)O)S(=O)(=O)C(F)(F)C(F)(F)C(F)(F)C(F)(F)C(F)(F)F)CC(O)CO"
3982,NA,"TYXFDFHNVFUWGU-UHFFFAOYSA-O","C18H28F13N2O8S2",711.107949716,"C[N+](C)(CCC(CO)N(CCCS(=O)(=O)O)S(=O)(=O)C(F)(F)C(F)(F)C(F)(F)C(F)(F)C(F)(F)C(F)(F)F)CC(O)CO"
3983,NA,"IAOBAYYCZWPCRG-UHFFFAOYSA-O","C19H28F15N2O8S2",761.104756156,"C[N+](C)(CCC(CO)N(CCCS(=O)(=O)O)S(=O)(=O)C(F)(F)C(F)(F)C(F)(F)C(F)(F)C(F)(F)C(F)(F)C(F)(F)F)CC(O)CO"
3984,NA,"WYFSLQCQMUDKBO-UHFFFAOYSA-O","C20H28F17N2O8S2",811.101562596,"C[N+](C)(CCC(CO)N(CCCS(=O)(=O)O)S(=O)(=O)C(F)(F)C(F)(F)C(F)(F)C(F)(F)C(F)(F)C(F)(F)C(F)(F)C(F)(F)F)CC(O)CO"
3985,NA,"HJBNZIPPLGIOAQ-UHFFFAOYSA-O","C21H28F19N2O8S2",861.098369036,"C[N+](C)(CCC(CO)N(CCCS(=O)(=O)O)S(=O)(=O)C(F)(F)C(F)(F)C(F)(F)C(F)(F)C(F)(F)C(F)(F)C(F)(F)C(F)(F)C(F)(F)F)CC(O)CO"
3986,NA,"SBCOLDIZAAMVJP-UHFFFAOYSA-O","C22H28F21N2O8S2",911.095175476,"C[N+](C)(CCC(CO)N(CCCS(=O)(=O)O)S(=O)(=O)C(F)(F)C(F)(F)C(F)(F)C(F)(F)C(F)(F)C(F)(F)C(F)(F)C(F)(F)C(F)(F)C(F)(F)F)CC(O)CO"
3987,NA,"BVZPOCWBGSEIQW-UHFFFAOYSA-O","C23H28F23N2O8S2",961.091981916,"C[N+](C)(CCC(CO)N(CCCS(=O)(=O)O)S(=O)(=O)C(F)(F)C(F)(F)C(F)(F)C(F)(F)C(F)(F)C(F)(F)C(F)(F)C(F)(F)C(F)(F)C(F)(F)C(F)(F)F)CC(O)CO"
3988,NA,"KICIEOMLUSLNNK-UHFFFAOYSA-O","C24H28F25N2O8S2",1011.088788356,"C[N+](C)(CCC(CO)N(CCCS(=O)(=O)O)S(=O)(=O)C(F)(F)C(F)(F)C(F)(F)C(F)(F)C(F)(F)C(F)(F)C(F)(F)C(F)(F)C(F)(F)C(F)(F)C(F)(F)C(F)(F)F)CC(O)CO"
3989,NA,"GDVFZOZBFJNYEM-UHFFFAOYSA-O","C10H20F5N2O5S2",407.07337984,"C[N+](C)(CCCNS(=O)(=O)C(F)(F)C(F)(F)F)CCCS(=O)(=O)O"
3990,NA,"YKNXTHVJGQBLAC-UHFFFAOYSA-O","C11H20F7N2O5S2",457.07018628,"C[N+](C)(CCCNS(=O)(=O)C(F)(F)C(F)(F)C(F)(F)F)CCCS(=O)(=O)O"
3991,NA,"OKJADBQCVYOGPD-UHFFFAOYSA-O","C12H20F9N2O5S2",507.06699272,"C[N+](C)(CCCNS(=O)(=O)C(F)(F)C(F)(F)C(F)(F)C(F)(F)F)CCCS(=O)(=O)O"
3992,NA,"DNQQNHMQRHDWLQ-UHFFFAOYSA-O","C13H20F11N2O5S2",557.06379916,"C[N+](C)(CCCNS(=O)(=O)C(F)(F)C(F)(F)C(F)(F)C(F)(F)C(F)(F)F)CCCS(=O)(=O)O"
3993,NA,"HQZMVHMXSNFQPY-UHFFFAOYSA-O","C14H20F13N2O5S2",607.0606056,"C[N+](C)(CCCNS(=O)(=O)C(F)(F)C(F)(F)C(F)(F)C(F)(F)C(F)(F)C(F)(F)F)CCCS(=O)(=O)O"
3994,NA,"JBIBCIRUKQQRNB-UHFFFAOYSA-O","C15H20F15N2O5S2",657.05741204,"C[N+](C)(CCCNS(=O)(=O)C(F)(F)C(F)(F)C(F)(F)C(F)(F)C(F)(F)C(F)(F)C(F)(F)F)CCCS(=O)(=O)O"
3995,NA,"MCOWZVBRHLBAKI-UHFFFAOYSA-O","C16H20F17N2O5S2",707.05421848,"C[N+](C)(CCCNS(=O)(=O)C(F)(F)C(F)(F)C(F)(F)C(F)(F)C(F)(F)C(F)(F)C(F)(F)C(F)(F)F)CCCS(=O)(=O)O"
3996,NA,"AGFPQCKRKVBEQT-UHFFFAOYSA-O","C17H20F19N2O5S2",757.05102492,"C[N+](C)(CCCNS(=O)(=O)C(F)(F)C(F)(F)C(F)(F)C(F)(F)C(F)(F)C(F)(F)C(F)(F)C(F)(F)C(F)(F)F)CCCS(=O)(=O)O"
3997,NA,"XVKCEHFNFVIZKZ-UHFFFAOYSA-O","C18H20F21N2O5S2",807.04783136,"C[N+](C)(CCCNS(=O)(=O)C(F)(F)C(F)(F)C(F)(F)C(F)(F)C(F)(F)C(F)(F)C(F)(F)C(F)(F)C(F)(F)C(F)(F)F)CCCS(=O)(=O)O"
3998,NA,"WNTKNCKLXTYBMC-UHFFFAOYSA-O","C19H20F23N2O5S2",857.0446378,"C[N+](C)(CCCNS(=O)(=O)C(F)(F)C(F)(F)C(F)(F)C(F)(F)C(F)(F)C(F)(F)C(F)(F)C(F)(F)C(F)(F)C(F)(F)C(F)(F)F)CCCS(=O)(=O)O"
3999,NA,"MSLRQVCGJDXEOG-UHFFFAOYSA-O","C20H20F25N2O5S2",907.04144424,"C[N+](C)(CCCNS(=O)(=O)C(F)(F)C(F)(F)C(F)(F)C(F)(F)C(F)(F)C(F)(F)C(F)(F)C(F)(F)C(F)(F)C(F)(F)C(F)(F)C(F)(F)F)CCCS(=O)(=O)O"
4000,NA,"KGEFASUYBIEADJ-UHFFFAOYSA-O","C12H24F5N2O7S2",467.094509208,"C[N+](C)(CCO)CCCN(CC(O)CS(=O)(=O)O)S(=O)(=O)C(F)(F)C(F)(F)F"
4001,NA,"WJDDHHNKVYTKQH-UHFFFAOYSA-O","C13H24F7N2O7S2",517.091315648,"C[N+](C)(CCO)CCCN(CC(O)CS(=O)(=O)O)S(=O)(=O)C(F)(F)C(F)(F)C(F)(F)F"
4002,NA,"TUBYPRYDODWAGN-UHFFFAOYSA-O","C14H24F9N2O7S2",567.088122088,"C[N+](C)(CCO)CCCN(CC(O)CS(=O)(=O)O)S(=O)(=O)C(F)(F)C(F)(F)C(F)(F)C(F)(F)F"
4003,NA,"HGJWKHIULFVOFD-UHFFFAOYSA-O","C15H24F11N2O7S2",617.084928528,"C[N+](C)(CCO)CCCN(CC(O)CS(=O)(=O)O)S(=O)(=O)C(F)(F)C(F)(F)C(F)(F)C(F)(F)C(F)(F)F"
4004,NA,"QJSROAIHGCCBIH-UHFFFAOYSA-O","C16H24F13N2O7S2",667.081734968,"C[N+](C)(CCO)CCCN(CC(O)CS(=O)(=O)O)S(=O)(=O)C(F)(F)C(F)(F)C(F)(F)C(F)(F)C(F)(F)C(F)(F)F"
4005,NA,"GLWWOOLWIDRSSH-UHFFFAOYSA-O","C17H24F15N2O7S2",717.078541408,"C[N+](C)(CCO)CCCN(CC(O)CS(=O)(=O)O)S(=O)(=O)C(F)(F)C(F)(F)C(F)(F)C(F)(F)C(F)(F)C(F)(F)C(F)(F)F"
4006,NA,"KKJRHOQEQOYSBU-UHFFFAOYSA-O","C18H24F17N2O7S2",767.075347848,"C[N+](C)(CCO)CCCN(CC(O)CS(=O)(=O)O)S(=O)(=O)C(F)(F)C(F)(F)C(F)(F)C(F)(F)C(F)(F)C(F)(F)C(F)(F)C(F)(F)F"
4007,NA,"MXNKYMHOQFIVNC-UHFFFAOYSA-O","C19H24F19N2O7S2",817.072154288,"C[N+](C)(CCO)CCCN(CC(O)CS(=O)(=O)O)S(=O)(=O)C(F)(F)C(F)(F)C(F)(F)C(F)(F)C(F)(F)C(F)(F)C(F)(F)C(F)(F)C(F)(F)F"
4008,NA,"RFEIMQCLIVAGFG-UHFFFAOYSA-O","C20H24F21N2O7S2",867.068960728,"C[N+](C)(CCO)CCCN(CC(O)CS(=O)(=O)O)S(=O)(=O)C(F)(F)C(F)(F)C(F)(F)C(F)(F)C(F)(F)C(F)(F)C(F)(F)C(F)(F)C(F)(F)C(F)(F)F"
4009,NA,"NFRVOVRNTHJZII-UHFFFAOYSA-O","C21H24F23N2O7S2",917.065767168,"C[N+](C)(CCO)CCCN(CC(O)CS(=O)(=O)O)S(=O)(=O)C(F)(F)C(F)(F)C(F)(F)C(F)(F)C(F)(F)C(F)(F)C(F)(F)C(F)(F)C(F)(F)C(F)(F)C(F)(F)F"
4010,NA,"HTBYJDYCBGDBNK-UHFFFAOYSA-O","C22H24F25N2O7S2",967.062573608,"C[N+](C)(CCO)CCCN(CC(O)CS(=O)(=O)O)S(=O)(=O)C(F)(F)C(F)(F)C(F)(F)C(F)(F)C(F)(F)C(F)(F)C(F)(F)C(F)(F)C(F)(F)C(F)(F)C(F)(F)C(F)(F)F"
4011,NA,"QJHBXFMKTDUSPE-UHFFFAOYSA-O","C11H22F5N2O5S2",421.089029904,"CN(CCC[N+](C)(C)CCCS(=O)(=O)O)S(=O)(=O)C(F)(F)C(F)(F)F"
4012,NA,"VMDLDGNHALSQHL-UHFFFAOYSA-O","C12H22F7N2O5S2",471.085836344,"CN(CCC[N+](C)(C)CCCS(=O)(=O)O)S(=O)(=O)C(F)(F)C(F)(F)C(F)(F)F"
4013,NA,"ASTROXKUROKGII-UHFFFAOYSA-O","C13H22F9N2O5S2",521.082642784,"CN(CCC[N+](C)(C)CCCS(=O)(=O)O)S(=O)(=O)C(F)(F)C(F)(F)C(F)(F)C(F)(F)F"
4014,NA,"FLZXDOGZXYXNOM-UHFFFAOYSA-O","C14H22F11N2O5S2",571.079449224,"CN(CCC[N+](C)(C)CCCS(=O)(=O)O)S(=O)(=O)C(F)(F)C(F)(F)C(F)(F)C(F)(F)C(F)(F)F"
4015,NA,"MRKCUDDUFCQILC-UHFFFAOYSA-O","C15H22F13N2O5S2",621.076255664,"CN(CCC[N+](C)(C)CCCS(=O)(=O)O)S(=O)(=O)C(F)(F)C(F)(F)C(F)(F)C(F)(F)C(F)(F)C(F)(F)F"
4016,NA,"SRFZFGCQEDENOL-UHFFFAOYSA-O","C16H22F15N2O5S2",671.073062104,"CN(CCC[N+](C)(C)CCCS(=O)(=O)O)S(=O)(=O)C(F)(F)C(F)(F)C(F)(F)C(F)(F)C(F)(F)C(F)(F)C(F)(F)F"
4017,NA,"OSIWZSQNTZZICF-UHFFFAOYSA-O","C17H22F17N2O5S2",721.069868544,"CN(CCC[N+](C)(C)CCCS(=O)(=O)O)S(=O)(=O)C(F)(F)C(F)(F)C(F)(F)C(F)(F)C(F)(F)C(F)(F)C(F)(F)C(F)(F)F"
4018,NA,"JCGLUIIXGQIYGL-UHFFFAOYSA-O","C18H22F19N2O5S2",771.066674984,"CN(CCC[N+](C)(C)CCCS(=O)(=O)O)S(=O)(=O)C(F)(F)C(F)(F)C(F)(F)C(F)(F)C(F)(F)C(F)(F)C(F)(F)C(F)(F)C(F)(F)F"
4019,NA,"LUKMENCTCOEHHH-UHFFFAOYSA-O","C19H22F21N2O5S2",821.063481424,"CN(CCC[N+](C)(C)CCCS(=O)(=O)O)S(=O)(=O)C(F)(F)C(F)(F)C(F)(F)C(F)(F)C(F)(F)C(F)(F)C(F)(F)C(F)(F)C(F)(F)C(F)(F)F"
4020,NA,"KIIXRFXLLSLYBK-UHFFFAOYSA-O","C20H22F23N2O5S2",871.060287864,"CN(CCC[N+](C)(C)CCCS(=O)(=O)O)S(=O)(=O)C(F)(F)C(F)(F)C(F)(F)C(F)(F)C(F)(F)C(F)(F)C(F)(F)C(F)(F)C(F)(F)C(F)(F)C(F)(F)F"
4021,NA,"BPWUINMSGIKRIF-UHFFFAOYSA-O","C21H22F25N2O5S2",921.057094304,"CN(CCC[N+](C)(C)CCCS(=O)(=O)O)S(=O)(=O)C(F)(F)C(F)(F)C(F)(F)C(F)(F)C(F)(F)C(F)(F)C(F)(F)C(F)(F)C(F)(F)C(F)(F)C(F)(F)C(F)(F)F"
4022,NA,"RGGFXFBUPOFSTM-UHFFFAOYSA-O","C11H22F5N2O6S2",437.083944524,"C[N+](CCO)(CCCNS(=O)(=O)C(F)(F)C(F)(F)F)CCCS(=O)(=O)O"
4023,NA,"QWGJQHUJVJIYSN-UHFFFAOYSA-O","C12H22F7N2O6S2",487.080750964,"C[N+](CCO)(CCCNS(=O)(=O)C(F)(F)C(F)(F)C(F)(F)F)CCCS(=O)(=O)O"
4024,NA,"GSLAQWHDVRGCID-UHFFFAOYSA-O","C13H22F9N2O6S2",537.077557404,"C[N+](CCO)(CCCNS(=O)(=O)C(F)(F)C(F)(F)C(F)(F)C(F)(F)F)CCCS(=O)(=O)O"
4025,NA,"HLWUIPDYTTVITM-UHFFFAOYSA-O","C14H22F11N2O6S2",587.074363844,"C[N+](CCO)(CCCNS(=O)(=O)C(F)(F)C(F)(F)C(F)(F)C(F)(F)C(F)(F)F)CCCS(=O)(=O)O"
4026,NA,"PZPSGOXUBJAOCW-UHFFFAOYSA-O","C15H22F13N2O6S2",637.071170284,"C[N+](CCO)(CCCNS(=O)(=O)C(F)(F)C(F)(F)C(F)(F)C(F)(F)C(F)(F)C(F)(F)F)CCCS(=O)(=O)O"
4027,NA,"VLCJKIBJLLACFQ-UHFFFAOYSA-O","C16H22F15N2O6S2",687.067976724,"C[N+](CCO)(CCCNS(=O)(=O)C(F)(F)C(F)(F)C(F)(F)C(F)(F)C(F)(F)C(F)(F)C(F)(F)F)CCCS(=O)(=O)O"
4028,NA,"DXMSQLPTUXDTEM-UHFFFAOYSA-O","C17H22F17N2O6S2",737.064783164,"C[N+](CCO)(CCCNS(=O)(=O)C(F)(F)C(F)(F)C(F)(F)C(F)(F)C(F)(F)C(F)(F)C(F)(F)C(F)(F)F)CCCS(=O)(=O)O"
4029,NA,"UJMONHMGXBIDMI-UHFFFAOYSA-O","C18H22F19N2O6S2",787.061589604,"C[N+](CCO)(CCCNS(=O)(=O)C(F)(F)C(F)(F)C(F)(F)C(F)(F)C(F)(F)C(F)(F)C(F)(F)C(F)(F)C(F)(F)F)CCCS(=O)(=O)O"
4030,NA,"ULOQFXFYDKLBRU-UHFFFAOYSA-O","C19H22F21N2O6S2",837.058396044,"C[N+](CCO)(CCCNS(=O)(=O)C(F)(F)C(F)(F)C(F)(F)C(F)(F)C(F)(F)C(F)(F)C(F)(F)C(F)(F)C(F)(F)C(F)(F)F)CCCS(=O)(=O)O"
4031,NA,"DVJGIYNNCDTZFV-UHFFFAOYSA-O","C20H22F23N2O6S2",887.055202484,"C[N+](CCO)(CCCNS(=O)(=O)C(F)(F)C(F)(F)C(F)(F)C(F)(F)C(F)(F)C(F)(F)C(F)(F)C(F)(F)C(F)(F)C(F)(F)C(F)(F)F)CCCS(=O)(=O)O"
4032,NA,"OZSRBXOTXRLRCC-UHFFFAOYSA-O","C21H22F25N2O6S2",937.052008924,"C[N+](CCO)(CCCNS(=O)(=O)C(F)(F)C(F)(F)C(F)(F)C(F)(F)C(F)(F)C(F)(F)C(F)(F)C(F)(F)C(F)(F)C(F)(F)C(F)(F)C(F)(F)F)CCCS(=O)(=O)O"
4033,NA,"GMCPYOZYFBZIFS-UHFFFAOYSA-O","C12H24F5N2O6S2",451.099594588,"C[N+](C)(CCO)CCCN(CCCS(=O)(=O)O)S(=O)(=O)C(F)(F)C(F)(F)F"
4034,NA,"TXCJDGOAAYKATG-UHFFFAOYSA-O","C13H24F7N2O6S2",501.096401028,"C[N+](C)(CCO)CCCN(CCCS(=O)(=O)O)S(=O)(=O)C(F)(F)C(F)(F)C(F)(F)F"
4035,NA,"UFLUYVACICEHCZ-UHFFFAOYSA-O","C14H24F9N2O6S2",551.093207468,"C[N+](C)(CCO)CCCN(CCCS(=O)(=O)O)S(=O)(=O)C(F)(F)C(F)(F)C(F)(F)C(F)(F)F"
4036,NA,"QCCXYHHEWZOHKF-UHFFFAOYSA-O","C15H24F11N2O6S2",601.090013908,"C[N+](C)(CCO)CCCN(CCCS(=O)(=O)O)S(=O)(=O)C(F)(F)C(F)(F)C(F)(F)C(F)(F)C(F)(F)F"
4037,NA,"LGHFBKYMMQYVND-UHFFFAOYSA-O","C17H24F15N2O6S2",701.083626788,"C[N+](C)(CCO)CCCN(CCCS(=O)(=O)O)S(=O)(=O)C(F)(F)C(F)(F)C(F)(F)C(F)(F)C(F)(F)C(F)(F)C(F)(F)F"
4038,NA,"ZSVZRHPTZPXWJJ-UHFFFAOYSA-O","C19H24F19N2O6S2",801.077239668,"C[N+](C)(CCO)CCCN(CCCS(=O)(=O)O)S(=O)(=O)C(F)(F)C(F)(F)C(F)(F)C(F)(F)C(F)(F)C(F)(F)C(F)(F)C(F)(F)C(F)(F)F"
4039,NA,"XWMAPPWNSOJZPD-UHFFFAOYSA-O","C20H24F21N2O6S2",851.074046108,"C[N+](C)(CCO)CCCN(CCCS(=O)(=O)O)S(=O)(=O)C(F)(F)C(F)(F)C(F)(F)C(F)(F)C(F)(F)C(F)(F)C(F)(F)C(F)(F)C(F)(F)C(F)(F)F"
4040,NA,"QQFOGRCZCHZPBO-UHFFFAOYSA-O","C21H24F23N2O6S2",901.070852548,"C[N+](C)(CCO)CCCN(CCCS(=O)(=O)O)S(=O)(=O)C(F)(F)C(F)(F)C(F)(F)C(F)(F)C(F)(F)C(F)(F)C(F)(F)C(F)(F)C(F)(F)C(F)(F)C(F)(F)F"
4041,NA,"ZBLIHEVTDTZCAJ-UHFFFAOYSA-O","C22H24F25N2O6S2",951.067658988,"C[N+](C)(CCO)CCCN(CCCS(=O)(=O)O)S(=O)(=O)C(F)(F)C(F)(F)C(F)(F)C(F)(F)C(F)(F)C(F)(F)C(F)(F)C(F)(F)C(F)(F)C(F)(F)C(F)(F)C(F)(F)F"
4042,NA,"HWPNNNMIXSXSKH-UHFFFAOYSA-N","C24H18F34NO6P",1093.032883406,"O=P(OCCC(F)(F)C(F)(F)C(F)(F)C(F)(F)C(F)(F)C(F)(F)C(F)(F)C(F)(F)F)(OCCC(F)(F)C(F)(F)C(F)(F)C(F)(F)C(F)(F)C(F)(F)C(F)(F)C(F)(F)F)ON(CCO)CCO"
4043,NA,"VEFKRYAFYQTEHV-UHFFFAOYSA-N","C10H10F13O3PS",487.98806867,"O=P(O)(O)CCSCCC(F)(F)C(F)(F)C(F)(F)C(F)(F)C(F)(F)C(F)(F)F"
4044,NA,"VRLAHBOFJISSOO-UHFFFAOYSA-N","C12H10F17O3PS",587.98168155,"O=P(O)(O)CCSCCC(F)(F)C(F)(F)C(F)(F)C(F)(F)C(F)(F)C(F)(F)C(F)(F)C(F)(F)F"
4045,NA,"MDGALAPHMPWYQS-UHFFFAOYSA-N","C6H8F6O4S",290.004749056,"O=S(=O)(O)OCCC(F)C(F)C(F)C(F)(F)F"
4046,NA,"UTGAGDCMDRUBTA-UHFFFAOYSA-N","C18HF38O2P",1001.910738262,"O=P(O)(C(F)(F)C(F)(F)C(F)(F)C(F)(F)C(F)(F)C(F)(F)C(F)(F)C(F)(F)F)C(F)(F)C(F)(F)C(F)(F)C(F)(F)C(F)(F)C(F)(F)C(F)(F)C(F)(F)C(F)(F)C(F)(F)F"
4047,NA,"RKLDUEMWNXOSPP-UHFFFAOYSA-N","C10HF22O2P",601.936286742,"O=P(O)(C(F)(F)C(F)(F)C(F)(F)C(F)(F)F)C(F)(F)C(F)(F)C(F)(F)C(F)(F)C(F)(F)C(F)(F)F"
4048,NA,"JCIHFTIEOXQJHO-UHFFFAOYSA-N","C8H3F13O4",409.982375436,"O=C(O)COC(F)(F)C(F)(F)C(F)(F)OC(F)(F)C(F)(F)C(F)(F)F"
4049,NA,"UAYQEKBPFNNGSX-UHFFFAOYSA-N","C5H3F7O4",259.991956116,"O=C(O)COC(F)(F)C(F)(F)OC(F)(F)F"
4050,NA,"QLRRNFFYOHDQOQ-UHFFFAOYSA-N","C7H3F11O4",359.985568996,"O=C(O)COC(F)(F)C(F)(F)OC(F)(F)C(F)(F)C(F)(F)F"
4051,NA,"KRSYQGXCVSTLKV-UHFFFAOYSA-N","C8H3F13O3",393.987460816,"O=C(O)COC(F)(F)C(F)(F)C(F)(F)C(F)(F)C(F)(F)C(F)(F)F"
4052,NA,"BZDMESLXYNZRNC-UHFFFAOYSA-N","C9H3F15O5",475.974096496,"O=C(O)COC(F)(F)C(F)(F)OC(F)(F)C(F)(F)OC(F)(F)C(F)(F)C(F)(F)F"
4053,NA,"LQBYFRXNVGCIFD-UHFFFAOYSA-N","C10H3F17O5",525.970902936,"O=C(O)COC(F)(F)C(F)(F)OC(F)(F)C(F)(F)C(F)(F)OC(F)(F)C(F)(F)C(F)(F)F"
4054,NA,"GHVHGLNEHMMXAV-UHFFFAOYSA-N","C5H2F8O4",277.982534304,"O=C(O)C(F)OC(F)(F)C(F)(F)OC(F)(F)F"
4055,NA,"QDNOXDZXAQJYTE-UHFFFAOYSA-N","C8H2F14O4",427.972953624,"O=C(O)C(F)(F)C(F)C(F)(F)OC(F)(F)C(F)(F)OC(F)(F)C(F)(F)F"
4056,NA,"NHXHIJIMSICWIR-UHFFFAOYSA-N","C6H2F10O4",327.979340744,"O=C(O)C(F)OC(F)(F)C(F)(F)C(F)(F)OC(F)(F)F"
4057,NA,"LNAKEXMFSBKUQU-UHFFFAOYSA-N","C4H2F6O3",211.990813244,"O=C(O)C(F)(F)C(F)OC(F)(F)F"
4058,NA,"JLHBBZCGHLJPBC-UHFFFAOYSA-N","C10H2F18O7",575.951310364,"O=C(O)C(F)(F)C(F)C(F)(F)OC(F)(F)OC(F)(F)OC(F)(F)OC(F)(F)OC(F)(F)C(F)(F)F"
4059,NA,"RKROJFFHLYGHGC-UHFFFAOYSA-N","C9H2F16O7",525.954503924,"O=C(O)C(F)(F)C(F)OC(F)(F)OC(F)(F)OC(F)(F)OC(F)(F)OC(F)(F)C(F)(F)F"
4060,NA,"INYLLHFKCABKHI-UHFFFAOYSA-N","C8H2F14O6",459.962782864,"O=C(O)C(F)(F)C(F)OC(F)(F)C(F)(F)OC(F)(F)OC(F)(F)OC(F)(F)F"
4061,NA,"WEFXETMZOCKMMX-UHFFFAOYSA-N","C7H2F12O6",409.965976424,"O=C(O)C(F)(F)C(F)OC(F)(F)OC(F)(F)OC(F)(F)OC(F)(F)F"
4062,NA,"VJLPNUZLAJLMQV-UHFFFAOYSA-N","C9H2F16O6",509.959589304,"O=C(O)C(F)(F)C(F)C(F)(F)OC(F)(F)OC(F)(F)OC(F)(F)OC(F)(F)C(F)(F)F"
4063,NA,"KLFDTHVJLDHTLX-UHFFFAOYSA-N","C7H2F12O5",393.971061804,"O=C(O)C(F)(F)C(F)C(F)(F)OC(F)(F)OC(F)(F)OC(F)(F)F"
4064,NA,"RSDMTEBZKUOQKK-UHFFFAOYSA-N","C8H2F14O5",443.967868244,"O=C(O)C(F)(F)C(F)C(F)(F)OC(F)(F)C(F)(F)OC(F)(F)OC(F)(F)F"
4065,NA,"HSQKIMAYNZYBQK-UHFFFAOYSA-N","C8H6F10O4",356.010640872,"O=C(O)CCOC(F)(F)C(F)OC(F)(F)C(F)(F)C(F)(F)F"
4066,NA,"YCOATWMRSJDEFY-UHFFFAOYSA-N","C8H5F11O4",374.00121906,"O=C(O)CCOC(F)(F)C(F)(F)OC(F)(F)C(F)(F)C(F)(F)F"
4067,NA,"XLWPSCROLZWCFY-UHFFFAOYSA-N","C9H4F14O5",457.983518308,"O=C(O)COC(F)(F)C(F)OC(F)(F)C(F)(F)OC(F)(F)C(F)(F)C(F)(F)F"
4068,NA,"FLTHVWFEQOTAII-UHFFFAOYSA-N","C5H4F6O4",242.001377928,"O=C(O)COC(F)(F)C(F)OC(F)(F)F"
4069,NA,"PMLRCZDTMRVYDU-UHFFFAOYSA-N","C7H4F10O4",341.994990808,"O=C(O)COC(F)(F)C(F)OC(F)(F)C(F)(F)C(F)(F)F"
4070,NA,"ILJAMJMMAJVXGY-UHFFFAOYSA-N","C10H4F16O5",507.980324748,"O=C(O)COC(F)(F)C(F)OC(F)(F)C(F)(F)C(F)(F)OC(F)(F)C(F)(F)C(F)(F)F"
4071,NA,"WHGFMLVGYMAHGO-UHFFFAOYSA-N","C5H4F6O3",226.006463308,"O=C(O)COC(F)(F)C(F)C(F)(F)F"
4072,NA,"IHDYADYLSULBLI-UHFFFAOYSA-N","C8H4F12O3",375.996882628,"O=C(O)COC(F)(F)C(F)C(F)(F)C(F)(F)C(F)(F)C(F)(F)F"
4073,"17527-31-0","AVVYSSRKCWEPBH-UHFFFAOYSA-N","C7H7F5O2",218.036620564,"C=CC(=O)OCCC(F)(F)C(F)(F)F"
4074,NA,"HJILFNNSMFGNHW-UHFFFAOYSA-N","C8H9F10O4P",390.007877598,"O=P(O)(OCCC(F)(F)C(F)(F)F)OCCC(F)(F)C(F)(F)F"
4075,NA,"NPAZAXKIXOUKJR-UHFFFAOYSA-N","C4H6F5O4P",243.992386402,"O=P(O)(O)OCCC(F)(F)C(F)(F)F"
4076,NA,"MIJIUTZSZUSXNL-UHFFFAOYSA-N","C12H12F15O4P",536.023368794,"O=P(OCCC(F)(F)C(F)(F)F)(OCCC(F)(F)C(F)(F)F)OCCC(F)(F)C(F)(F)F"
4077,NA,"VWCCNJKABGONRR-UHFFFAOYSA-N","C12H9F18O4P",589.995103358,"O=P(O)(OCCC(F)(F)C(F)(F)C(F)(F)C(F)(F)F)OCCC(F)(F)C(F)(F)C(F)(F)C(F)(F)F"
4078,NA,"HGJOCYPJVZHOJZ-UHFFFAOYSA-N","C15H13F18NO2",581.065886616,"O=C(O)CCN(CCC(F)(F)C(F)(F)C(F)(F)C(F)(F)F)CCC(F)(F)C(F)(F)C(F)(F)C(F)(F)F"
4079,NA,"NUMHWGYJTPIALX-UHFFFAOYSA-N","C17H13F22NO2",681.059499496,"O=C(O)CCN(CCC(F)(F)C(F)(F)C(F)(F)C(F)(F)F)CCC(F)(F)C(F)(F)C(F)(F)C(F)(F)C(F)(F)C(F)(F)F"
4080,NA,"ZBYZGJHNVXCWAV-UHFFFAOYSA-N","C17H17F18O4PS2",722.001845614,"O=P1(O)OCC(CSCCC(F)(F)C(F)(F)C(F)(F)C(F)(F)F)(CSCCC(F)(F)C(F)(F)C(F)(F)C(F)(F)F)CO1"
4081,NA,"RTWBXVKDNXSYBW-UHFFFAOYSA-N","C14H9F22O4P",689.988716238,"O=P(O)(OCCC(F)(F)C(F)(F)C(F)(F)C(F)(F)F)OCCC(F)(F)C(F)(F)C(F)(F)C(F)(F)C(F)(F)C(F)(F)F"
4082,NA,"RUTLPOYFPHRJQB-UHFFFAOYSA-N","C10H9F14O4P",490.001490478,"O=P(O)(OCCC(F)(F)C(F)(F)F)OCCC(F)(F)C(F)(F)C(F)(F)C(F)(F)F"
4083,NA,"XNSNNRKDRFZRAD-UHFFFAOYSA-N","C19H13F26NO2",781.053112376,"O=C(O)CCN(CCC(F)(F)C(F)(F)C(F)(F)C(F)(F)C(F)(F)C(F)(F)F)CCC(F)(F)C(F)(F)C(F)(F)C(F)(F)C(F)(F)C(F)(F)F"
4084,NA,"BZLROYIEUXHARU-UHFFFAOYSA-N","C21H13F30NO2",881.046725256,"O=C(O)CCN(CCC(F)(F)C(F)(F)C(F)(F)C(F)(F)C(F)(F)C(F)(F)F)CCC(F)(F)C(F)(F)C(F)(F)C(F)(F)C(F)(F)C(F)(F)C(F)(F)C(F)(F)F"
4085,NA,"XHVRMGDVEUBXRV-UHFFFAOYSA-N","C19H17F22O4PS2",821.995458494,"O=P1(O)OCC(CSCCC(F)(F)C(F)(F)C(F)(F)C(F)(F)F)(CSCCC(F)(F)C(F)(F)C(F)(F)C(F)(F)C(F)(F)C(F)(F)F)CO1"
4086,NA,"JLCUCCJNTDLYSC-UHFFFAOYSA-N","C28H18F42NO6P",1293.020109166,"O=P(OCCC(F)(F)C(F)(F)C(F)(F)C(F)(F)C(F)(F)C(F)(F)C(F)(F)C(F)(F)C(F)(F)F)(OCCC(F)(F)C(F)(F)C(F)(F)C(F)(F)C(F)(F)C(F)(F)C(F)(F)C(F)(F)C(F)(F)C(F)(F)C(F)(F)F)ON(CCO)CCO"
4087,NA,"KJIHAZWZWKZPCJ-UHFFFAOYSA-N","C30H18F46NO6P",1393.013722046,"O=P(OCCC(F)(F)C(F)(F)C(F)(F)C(F)(F)C(F)(F)C(F)(F)C(F)(F)C(F)(F)C(F)(F)C(F)(F)F)(OCCC(F)(F)C(F)(F)C(F)(F)C(F)(F)C(F)(F)C(F)(F)C(F)(F)C(F)(F)C(F)(F)C(F)(F)C(F)(F)C(F)(F)F)ON(CCO)CCO"
4088,NA,"NOCOXFIGUJJQSD-UHFFFAOYSA-N","C34H18F54NO6P",1593.000947806,"O=P(OCCC(F)(F)C(F)(F)C(F)(F)C(F)(F)C(F)(F)C(F)(F)C(F)(F)C(F)(F)C(F)(F)C(F)(F)C(F)(F)C(F)(F)F)(OCCC(F)(F)C(F)(F)C(F)(F)C(F)(F)C(F)(F)C(F)(F)C(F)(F)C(F)(F)C(F)(F)C(F)(F)C(F)(F)C(F)(F)C(F)(F)C(F)(F)F)ON(CCO)CCO"
4089,NA,"YILWXQGFXIESNI-UHFFFAOYSA-N","C32H18F50NO6P",1493.007334926,"O=P(OCCC(F)(F)C(F)(F)C(F)(F)C(F)(F)C(F)(F)C(F)(F)C(F)(F)C(F)(F)C(F)(F)C(F)(F)C(F)(F)F)(OCCC(F)(F)C(F)(F)C(F)(F)C(F)(F)C(F)(F)C(F)(F)C(F)(F)C(F)(F)C(F)(F)C(F)(F)C(F)(F)C(F)(F)C(F)(F)F)ON(CCO)CCO"
4090,NA,"JMHDGTAYXOAVPX-UHFFFAOYSA-N","C12H18F10NO6P",493.071206126,"O=P(OCCC(F)(F)C(F)(F)F)(OCCC(F)(F)C(F)(F)F)ON(CCO)CCO"
4091,NA,"DUZMJMCJZQLZTA-UHFFFAOYSA-N","C16H18F18NO6P",693.058431886,"O=P(OCCC(F)(F)C(F)(F)F)(OCCC(F)(F)C(F)(F)C(F)(F)C(F)(F)C(F)(F)C(F)(F)F)ON(CCO)CCO"
4092,NA,"DRXRINZEKMUTRV-UHFFFAOYSA-N","C20H18F26NO6P",893.045657646,"O=P(OCCC(F)(F)C(F)(F)C(F)(F)C(F)(F)C(F)(F)F)(OCCC(F)(F)C(F)(F)C(F)(F)C(F)(F)C(F)(F)C(F)(F)C(F)(F)F)ON(CCO)CCO"
4093,NA,"KRDDYPINPUOOIY-UHFFFAOYSA-N","C18H18F22NO6P",793.052044766,"O=P(OCCC(F)(F)C(F)(F)C(F)(F)C(F)(F)F)(OCCC(F)(F)C(F)(F)C(F)(F)C(F)(F)C(F)(F)C(F)(F)F)ON(CCO)CCO"
4094,NA,"WBIRXIFKQPSYED-UHFFFAOYSA-N","C14H18F14NO6P",593.064819006,"O=P(OCCC(F)(F)C(F)(F)F)(OCCC(F)(F)C(F)(F)C(F)(F)C(F)(F)F)ON(CCO)CCO"
4095,NA,"HJMIHDBQAAYWPL-UHFFFAOYSA-N","C22H18F30NO6P",993.039270526,"O=P(OCCC(F)(F)C(F)(F)C(F)(F)C(F)(F)C(F)(F)C(F)(F)F)(OCCC(F)(F)C(F)(F)C(F)(F)C(F)(F)C(F)(F)C(F)(F)C(F)(F)C(F)(F)F)ON(CCO)CCO"
4096,NA,"LFRHEKIZCJIYQF-UHFFFAOYSA-N","C14H10F21O3PS",687.97529443,"O=P(O)(O)CCSCCC(F)(F)C(F)(F)C(F)(F)C(F)(F)C(F)(F)C(F)(F)C(F)(F)C(F)(F)C(F)(F)C(F)(F)F"
4097,NA,"HNGHLHASTNOVRJ-UHFFFAOYSA-N","C16H10F25O3PS",787.96890731,"O=P(O)(O)CCSCCC(F)(F)C(F)(F)C(F)(F)C(F)(F)C(F)(F)C(F)(F)C(F)(F)C(F)(F)C(F)(F)C(F)(F)C(F)(F)C(F)(F)F"
4098,NA,"FGHXPKFLHWWSTQ-UHFFFAOYSA-N","C18H10F29O3PS",887.96252019,"O=P(O)(O)CCSCCC(F)(F)C(F)(F)C(F)(F)C(F)(F)C(F)(F)C(F)(F)C(F)(F)C(F)(F)C(F)(F)C(F)(F)C(F)(F)C(F)(F)C(F)(F)C(F)(F)F"
4099,NA,"BCFOHFJVYTWWAM-UHFFFAOYSA-N","C20H10F33O3PS",987.95613307,"O=P(O)(O)CCSCCC(F)(F)C(F)(F)C(F)(F)C(F)(F)C(F)(F)C(F)(F)C(F)(F)C(F)(F)C(F)(F)C(F)(F)C(F)(F)C(F)(F)C(F)(F)C(F)(F)C(F)(F)C(F)(F)F"
4100,NA,"OJCVKTDAGXQAHQ-UHFFFAOYSA-N","C22H10F37O3PS",1087.94974595,"O=P(O)(O)CCSCCC(F)(F)C(F)(F)C(F)(F)C(F)(F)C(F)(F)C(F)(F)C(F)(F)C(F)(F)C(F)(F)C(F)(F)C(F)(F)C(F)(F)C(F)(F)C(F)(F)C(F)(F)C(F)(F)C(F)(F)C(F)(F)F"
4101,NA,"OQHPBAWRDFTVIX-UHFFFAOYSA-N","C6H10F5O3PS",288.00084291,"O=P(O)(O)CCSCCC(F)(F)C(F)(F)F"
4102,NA,"FYLJWBAXDKFEHB-UHFFFAOYSA-N","C24H10F41O3PS",1187.94335883,"O=P(O)(O)CCSCCC(F)(F)C(F)(F)C(F)(F)C(F)(F)C(F)(F)C(F)(F)C(F)(F)C(F)(F)C(F)(F)C(F)(F)C(F)(F)C(F)(F)C(F)(F)C(F)(F)C(F)(F)C(F)(F)C(F)(F)C(F)(F)C(F)(F)C(F)(F)F"
4103,NA,"OKVBJWPEKJVBCH-UHFFFAOYSA-N","C8H10F9O3PS",387.99445579,"O=P(O)(O)CCSCCC(F)(F)C(F)(F)C(F)(F)C(F)(F)F"
4104,NA,"XHQGPGPQFCYYLS-UHFFFAOYSA-N","C7H3F13O4S",429.954446436,"O=S(=O)(O)CC(F)(F)C(F)(F)C(F)(F)OC(F)(F)C(F)(F)C(F)(F)F"
4105,NA,"ULHQCGRTHRHPEJ-UHFFFAOYSA-N","C6H4F8O4",291.998184368,"O=C(O)COC(F)C(F)(F)OC(F)(F)C(F)(F)F"
4106,NA,"ZCUFLWDIGZIKMW-UHFFFAOYSA-N","C6H4F8O3",276.003269748,"O=C(O)CC(F)C(F)(F)C(F)(F)OC(F)(F)F"
4107,NA,"ZIJFPCAWCPOACO-UHFFFAOYSA-N","C7H4F10O3",326.000076188,"O=C(O)COC(F)C(F)(F)C(F)(F)C(F)(F)C(F)(F)F"
4108,NA,"XPPITGXHKDANFC-UHFFFAOYSA-N","C17HF33O3",879.939875152,"O=C(O)C(F)(F)C(F)(F)C(F)(F)C(F)(F)C(F)(F)C(F)(F)C(F)(F)C(F)(F)OC(F)(F)C(F)(F)C(F)(F)C(F)(F)C(F)(F)C(F)(F)C(F)(F)C(F)(F)F"
4109,NA,"SEOLKQFIWTZCMP-UHFFFAOYSA-O","C9H14F7N2O2",315.094350228,"C[N+](C)(O)CCCN=C(O)C(F)(F)C(F)(F)C(F)(F)F"
4110,NA,"ZUICBTWTXSFBLG-UHFFFAOYSA-O","C15H14F19N2O2",615.075188868,"C[N+](C)(O)CCCN=C(O)C(F)(F)C(F)(F)C(F)(F)C(F)(F)C(F)(F)C(F)(F)C(F)(F)C(F)(F)C(F)(F)F"
4111,NA,"YULFJYTUPAQITO-UHFFFAOYSA-O","C17H14F23N2O2",715.068801748,"C[N+](C)(O)CCCN=C(O)C(F)(F)C(F)(F)C(F)(F)C(F)(F)C(F)(F)C(F)(F)C(F)(F)C(F)(F)C(F)(F)C(F)(F)C(F)(F)F"
4112,NA,"RXBCPKUSJZKHFF-UHFFFAOYSA-O","C7H14F3N2O2",215.100737348,"C[N+](C)(O)CCCN=C(O)C(F)(F)F"
4113,NA,"LSBMWANXHYAPBS-UHFFFAOYSA-O","C12H14F13N2O2",465.084769548,"C[N+](C)(O)CCCN=C(O)C(F)(F)C(F)(F)C(F)(F)C(F)(F)C(F)(F)C(F)(F)F"
4114,NA,"SGHPMYAACKSMFM-UHFFFAOYSA-O","C11H14F11N2O2",415.087963108,"C[N+](C)(O)CCCN=C(O)C(F)(F)C(F)(F)C(F)(F)C(F)(F)C(F)(F)F"
4115,NA,"KFCMMRJYVQENCT-UHFFFAOYSA-O","C14H14F17N2O2",565.078382428,"C[N+](C)(O)CCCN=C(O)C(F)(F)C(F)(F)C(F)(F)C(F)(F)C(F)(F)C(F)(F)C(F)(F)C(F)(F)F"
4116,NA,"QRAQHIXMVCGVOI-UHFFFAOYSA-O","C20H14F29N2O2",865.059221068,"C[N+](C)(O)CCCN=C(O)C(F)(F)C(F)(F)C(F)(F)C(F)(F)C(F)(F)C(F)(F)C(F)(F)C(F)(F)C(F)(F)C(F)(F)C(F)(F)C(F)(F)C(F)(F)C(F)(F)F"
4117,NA,"DGUIFCCNZXLQHS-UHFFFAOYSA-O","C10H14F9N2O2",365.091156668,"C[N+](C)(O)CCCN=C(O)C(F)(F)C(F)(F)C(F)(F)C(F)(F)F"
4118,NA,"JDXWPCKLJWSBFU-UHFFFAOYSA-O","C8H14F5N2O2",265.097543788,"C[N+](C)(O)CCCN=C(O)C(F)(F)C(F)(F)F"
4119,NA,"GFQGPDQVDTXBNB-UHFFFAOYSA-O","C19H14F27N2O2",815.062414628,"C[N+](C)(O)CCCN=C(O)C(F)(F)C(F)(F)C(F)(F)C(F)(F)C(F)(F)C(F)(F)C(F)(F)C(F)(F)C(F)(F)C(F)(F)C(F)(F)C(F)(F)C(F)(F)F"
4120,NA,"JYCOEFRCPFFBKH-UHFFFAOYSA-O","C18H14F25N2O2",765.065608188,"C[N+](C)(O)CCCN=C(O)C(F)(F)C(F)(F)C(F)(F)C(F)(F)C(F)(F)C(F)(F)C(F)(F)C(F)(F)C(F)(F)C(F)(F)C(F)(F)C(F)(F)F"
4121,NA,"KGZZFCZCJXLWIL-UHFFFAOYSA-O","C16H14F21N2O2",665.071995308,"C[N+](C)(O)CCCN=C(O)C(F)(F)C(F)(F)C(F)(F)C(F)(F)C(F)(F)C(F)(F)C(F)(F)C(F)(F)C(F)(F)C(F)(F)F"
4122,NA,"ZLRHRFIWZRJFDV-UHFFFAOYSA-N","C4H4F4O2",160.014742248,"O=C(O)CC(F)C(F)(F)F"
4123,NA,"CMTAMCYWGPMWNV-UHFFFAOYSA-N","C10H4F16O2",459.995580888,"O=C(O)CC(F)C(F)(F)C(F)(F)C(F)(F)C(F)(F)C(F)(F)C(F)(F)C(F)(F)F"
4124,NA,"GRLFNRSOOKOYMF-UHFFFAOYSA-N","C12H4F20O2",559.989193768,"O=C(O)CC(F)C(F)(F)C(F)(F)C(F)(F)C(F)(F)C(F)(F)C(F)(F)C(F)(F)C(F)(F)C(F)(F)F"
4125,NA,"RVBYMZGLYMFAOA-UHFFFAOYSA-N","C17H4F30O2",809.973225968,"O=C(O)CC(F)C(F)(F)C(F)(F)C(F)(F)C(F)(F)C(F)(F)C(F)(F)C(F)(F)C(F)(F)C(F)(F)C(F)(F)C(F)(F)C(F)(F)C(F)(F)C(F)(F)F"
4126,NA,"DBWLRRNCLMQWOC-UHFFFAOYSA-N","C7H4F10O2",310.005161568,"O=C(O)CC(F)C(F)(F)C(F)(F)C(F)(F)C(F)(F)F"
4127,NA,"NUUFTYPOTUDOSL-UHFFFAOYSA-N","C16H4F28O2",759.976419528,"O=C(O)CC(F)C(F)(F)C(F)(F)C(F)(F)C(F)(F)C(F)(F)C(F)(F)C(F)(F)C(F)(F)C(F)(F)C(F)(F)C(F)(F)C(F)(F)C(F)(F)F"
4128,NA,"YEYQOACCYPPWHG-UHFFFAOYSA-N","C9H4F14O2",409.998774448,"O=C(O)CC(F)C(F)(F)C(F)(F)C(F)(F)C(F)(F)C(F)(F)C(F)(F)F"
4129,NA,"VRDYFGAPTXONQX-UHFFFAOYSA-N","C8H4F12O2",360.001968008,"O=C(O)CC(F)C(F)(F)C(F)(F)C(F)(F)C(F)(F)C(F)(F)F"
4130,NA,"CLHHACCUULBDGA-UHFFFAOYSA-N","C15H4F26O2",709.979613088,"O=C(O)CC(F)C(F)(F)C(F)(F)C(F)(F)C(F)(F)C(F)(F)C(F)(F)C(F)(F)C(F)(F)C(F)(F)C(F)(F)C(F)(F)C(F)(F)F"
4131,NA,"HHPCXQXRDOOGGQ-UHFFFAOYSA-N","C5H4F6O2",210.011548688,"O=C(O)CC(F)C(F)(F)C(F)(F)F"
4132,NA,"SHJWFIDAWODQSR-UHFFFAOYSA-N","C3H4F2O2",110.017935808,"O=C(O)CC(F)F"
4133,NA,"ZJROEBVHBRPCSG-UHFFFAOYSA-N","C14H4F24O2",659.982806648,"O=C(O)CC(F)C(F)(F)C(F)(F)C(F)(F)C(F)(F)C(F)(F)C(F)(F)C(F)(F)C(F)(F)C(F)(F)C(F)(F)C(F)(F)F"
4134,NA,"GIUVVQSZDOVZRH-UHFFFAOYSA-N","C13H4F22O2",609.986000208,"O=C(O)CC(F)C(F)(F)C(F)(F)C(F)(F)C(F)(F)C(F)(F)C(F)(F)C(F)(F)C(F)(F)C(F)(F)C(F)(F)F"
4135,NA,"NYRMLHNCVWNOOZ-UHFFFAOYSA-N","C11H4F18O2",509.992387328,"O=C(O)CC(F)C(F)(F)C(F)(F)C(F)(F)C(F)(F)C(F)(F)C(F)(F)C(F)(F)C(F)(F)F"
4136,NA,"FZLFLWRBHJMMPJ-UHFFFAOYSA-N","C10H12F10O4S",418.029662064,"O=S(=O)(O)OCC(F)(F)CC(F)(F)CC(F)(F)CC(F)(F)CC(F)F"
4137,NA,"SURJXGVIYDJNLJ-UHFFFAOYSA-N","C11H13F11O4S",450.035890316,"O=S(=O)(O)OCC(F)(F)CC(F)(F)CC(F)(F)CC(F)(F)CC(F)(F)CF"
4138,NA,"HEAGRZMCIKJQAO-UHFFFAOYSA-N","C5H7F5O4S",257.998520804,"O=S(=O)(O)OCC(F)(F)CC(F)(F)CF"
4139,NA,"FWRBXKPPCUVSIO-UHFFFAOYSA-N","C7H9F7O4S",322.010977308,"O=S(=O)(O)OCC(F)(F)CC(F)(F)CC(F)(F)CF"
4140,NA,"QKCQAPSOAOIYPT-UHFFFAOYSA-N","C8H10F8O4S",354.01720556,"O=S(=O)(O)OCC(F)(F)CC(F)(F)CC(F)(F)CC(F)F"
4141,NA,"JDNHZXOASPUQCS-UHFFFAOYSA-N","C9H11F9O4S",386.023433812,"O=S(=O)(O)OCC(F)(F)CC(F)(F)CC(F)(F)CC(F)(F)CF"
4142,NA,"VAJGLWNYOMVAOX-OWOJBTEDSA-N","C4HF5O2",175.989670372,"O=C(O)/C(F)=C(\F)C(F)(F)F"
4143,NA,"PVHDAXINLZCHGK-OWOJBTEDSA-N","C10HF17O2",475.970509012,"O=C(O)/C(F)=C(\F)C(F)(F)C(F)(F)C(F)(F)C(F)(F)C(F)(F)C(F)(F)C(F)(F)F"
4144,NA,"YAOJUPOBKHSZKS-OWOJBTEDSA-N","C12HF21O2",575.964121892,"O=C(O)/C(F)=C(\F)C(F)(F)C(F)(F)C(F)(F)C(F)(F)C(F)(F)C(F)(F)C(F)(F)C(F)(F)C(F)(F)F"
4145,NA,"PUUPFOPNQLTVIU-OWOJBTEDSA-N","C7HF11O2",325.980089692,"O=C(O)/C(F)=C(\F)C(F)(F)C(F)(F)C(F)(F)C(F)(F)F"
4146,NA,"WCGKQAIGSGCFQJ-OWOJBTEDSA-N","C16HF29O2",775.951347652,"O=C(O)/C(F)=C(\F)C(F)(F)C(F)(F)C(F)(F)C(F)(F)C(F)(F)C(F)(F)C(F)(F)C(F)(F)C(F)(F)C(F)(F)C(F)(F)C(F)(F)C(F)(F)F"
4147,NA,"YAVRCOAQRYCCEJ-OWOJBTEDSA-N","C9HF15O2",425.973702572,"O=C(O)/C(F)=C(\F)C(F)(F)C(F)(F)C(F)(F)C(F)(F)C(F)(F)C(F)(F)F"
4148,NA,"SXLYHJGUDTZHSJ-OWOJBTEDSA-N","C18HF33O2",875.944960532,"O=C(O)/C(F)=C(\F)C(F)(F)C(F)(F)C(F)(F)C(F)(F)C(F)(F)C(F)(F)C(F)(F)C(F)(F)C(F)(F)C(F)(F)C(F)(F)C(F)(F)C(F)(F)C(F)(F)C(F)(F)F"
4149,NA,"DMXIOOXVSKJXPM-OWOJBTEDSA-N","C15HF27O2",725.954541212,"O=C(O)/C(F)=C(\F)C(F)(F)C(F)(F)C(F)(F)C(F)(F)C(F)(F)C(F)(F)C(F)(F)C(F)(F)C(F)(F)C(F)(F)C(F)(F)C(F)(F)F"
4150,NA,"NZKAIQVCNVGSRE-OWOJBTEDSA-N","C5HF7O2",225.986476812,"O=C(O)/C(F)=C(\F)C(F)(F)C(F)(F)F"
4151,NA,"BOYYCJLTPMWQOO-OWOJBTEDSA-N","C14HF25O2",675.957734772,"O=C(O)/C(F)=C(\F)C(F)(F)C(F)(F)C(F)(F)C(F)(F)C(F)(F)C(F)(F)C(F)(F)C(F)(F)C(F)(F)C(F)(F)C(F)(F)F"
4152,NA,"RWYBDTNZTSNIJX-OWOJBTEDSA-N","C13HF23O2",625.960928332,"O=C(O)/C(F)=C(\F)C(F)(F)C(F)(F)C(F)(F)C(F)(F)C(F)(F)C(F)(F)C(F)(F)C(F)(F)C(F)(F)C(F)(F)F"
4153,NA,"OWJCSLDXKIWHJU-OWOJBTEDSA-N","C11HF19O2",525.967315452,"O=C(O)/C(F)=C(\F)C(F)(F)C(F)(F)C(F)(F)C(F)(F)C(F)(F)C(F)(F)C(F)(F)C(F)(F)F"
4154,NA,"MPWCZDGFWJEXBC-UHFFFAOYSA-N","C9H2F16O6",509.959589304,"O=C(O)C(F)C(F)(F)OC(F)(F)C(F)(F)OC(F)(F)C(F)(F)OC(F)(F)OC(F)(F)F"
4155,NA,"UXFQDBUNFRQOFI-UHFFFAOYSA-O","C13H14F15N2O2",515.081575988,"C[N+](C)(O)CCCN=C(O)C(F)(F)C(F)(F)C(F)(F)C(F)(F)C(F)(F)C(F)(F)C(F)(F)F"
4156,NA,"SWBAWODJBKJZOM-UHFFFAOYSA-N","C6H4F8O2",260.008355128,"CC(F)(F)C(F)(F)C(F)(F)C(F)(F)C(=O)O"
4157,NA,"JHRQSXIEKLLCPZ-UHFFFAOYSA-N","C4H6F4O4S",225.992292552,"O=S(=O)(O)OCC(F)(F)CC(F)F"
4158,NA,"DQQWYFPUSZOIPI-UHFFFAOYSA-N","C18H18F18O2",608.101937776,"O=C(O)C(F)C(F)C(F)C(F)C(F)C(F)C(F)C(F)C(F)C(F)C(F)C(F)C(F)C(F)C(F)C(F)C(F)F"
4159,NA,"RQCJXPUTLDJVFM-UHFFFAOYSA-N","C20H20F20O2",672.11439428,"O=C(O)C(F)C(F)C(F)C(F)C(F)C(F)C(F)C(F)C(F)C(F)C(F)C(F)C(F)C(F)C(F)C(F)C(F)C(F)C(F)F"
4160,NA,"WJKCPLYPONSZSG-UHFFFAOYSA-N","C4H4F4O2",160.014742248,"O=C(O)C(F)C(F)C(F)F"
4161,NA,"PWHGDQCHECDPFH-UHFFFAOYSA-N","C10H10F10O2",352.05211176,"O=C(O)C(F)C(F)C(F)C(F)C(F)C(F)C(F)C(F)C(F)F"
4162,NA,"ZWCWDTHALAZNOY-UHFFFAOYSA-N","C12H12F12O2",416.064568264,"O=C(O)C(F)C(F)C(F)C(F)C(F)C(F)C(F)C(F)C(F)C(F)C(F)F"
4163,NA,"WCQWVUJSEXGZSK-UHFFFAOYSA-N","C14H14F14O2",480.077024768,"O=C(O)C(F)C(F)C(F)C(F)C(F)C(F)C(F)C(F)C(F)C(F)C(F)C(F)C(F)F"
4164,NA,"BWXGYHLXNIYLPA-UHFFFAOYSA-N","C16H16F16O2",544.089481272,"O=C(O)C(F)C(F)C(F)C(F)C(F)C(F)C(F)C(F)C(F)C(F)C(F)C(F)C(F)C(F)C(F)F"
4165,NA,"WTVARZNOABXXMN-UHFFFAOYSA-N","C6H6F6O2",224.027198752,"O=C(O)C(F)C(F)C(F)C(F)C(F)F"
4166,NA,"HCFDEANGIDUOKH-UHFFFAOYSA-N","C8H8F8O2",288.039655256,"O=C(O)C(F)C(F)C(F)C(F)C(F)C(F)C(F)F"
4167,NA,"ULXYEINUTVZCLX-UHFFFAOYSA-N","C18H26F5O4P",432.148887042,"O=P(O)(O)CCCCCCCCCCCCOc1c(F)c(F)c(F)c(F)c1F"
4168,NA,"NTUQIHXUWNQRPZ-UHFFFAOYSA-N","C7H4F5O3P",261.981821718,"O=P(O)(O)Cc1c(F)c(F)c(F)c(F)c1F"
4169,NA,"NQOATFIVGQBQJJ-UHFFFAOYSA-N","C5H4F8O5S",327.965169988,"O=S(=O)(O)C(F)(F)C(F)(F)OC(F)(CO)C(F)(F)F"
4170,NA,"IGAGOUPABBGZET-UHFFFAOYSA-N","C5H4F8O4S",311.970255368,"CC(F)(OC(F)(F)C(F)(F)S(=O)(=O)O)C(F)(F)F"
4171,NA,"BCJLBXGKHDKUPC-UHFFFAOYSA-N","C27H13F42NO2",1181.027563896,"O=C(O)CCN(CCC(F)(F)C(F)(F)C(F)(F)C(F)(F)C(F)(F)C(F)(F)C(F)(F)C(F)(F)C(F)(F)C(F)(F)F)CCC(F)(F)C(F)(F)C(F)(F)C(F)(F)C(F)(F)C(F)(F)C(F)(F)C(F)(F)C(F)(F)C(F)(F)F"
4172,NA,"JRUAVNGKFIVARO-UHFFFAOYSA-N","C29H13F46NO2",1281.021176776,"O=C(O)CCN(CCC(F)(F)C(F)(F)C(F)(F)C(F)(F)C(F)(F)C(F)(F)C(F)(F)C(F)(F)C(F)(F)C(F)(F)C(F)(F)F)CCC(F)(F)C(F)(F)C(F)(F)C(F)(F)C(F)(F)C(F)(F)C(F)(F)C(F)(F)C(F)(F)C(F)(F)C(F)(F)F"
4173,NA,"WOZQZPXSVAMSFX-UHFFFAOYSA-N","C25H13F38NO2",1081.033951016,"O=C(O)CCN(CCC(F)(F)C(F)(F)C(F)(F)C(F)(F)C(F)(F)C(F)(F)C(F)(F)C(F)(F)C(F)(F)F)CCC(F)(F)C(F)(F)C(F)(F)C(F)(F)C(F)(F)C(F)(F)C(F)(F)C(F)(F)C(F)(F)F"
4174,NA,"ONLARGXXPRYRQW-UHFFFAOYSA-N","C31H13F50NO2",1381.014789656,"O=C(O)CCN(CCC(F)(F)C(F)(F)C(F)(F)C(F)(F)C(F)(F)C(F)(F)C(F)(F)C(F)(F)C(F)(F)C(F)(F)C(F)(F)C(F)(F)F)CCC(F)(F)C(F)(F)C(F)(F)C(F)(F)C(F)(F)C(F)(F)C(F)(F)C(F)(F)C(F)(F)C(F)(F)C(F)(F)C(F)(F)F"
4175,NA,"BBLFCNLVILKUEU-UHFFFAOYSA-N","C6H6F9O4P",343.985999282,"O=P(O)(O)OCCC(F)(F)C(F)(F)C(F)(F)C(F)(F)F"
4176,NA,"JWHDDIBCEJVFAK-UHFFFAOYSA-N","C26H12F43O4P",1235.978658954,"O=P(OCCC(F)(F)C(F)(F)C(F)(F)C(F)(F)F)(OCCC(F)(F)C(F)(F)C(F)(F)C(F)(F)C(F)(F)C(F)(F)C(F)(F)C(F)(F)F)OCCC(F)(F)C(F)(F)C(F)(F)C(F)(F)C(F)(F)C(F)(F)C(F)(F)C(F)(F)F"
4177,NA,"DKBSGVZCSNZTSB-UHFFFAOYSA-N","C28H12F47O4P",1335.972271834,"O=P(OCCC(F)(F)C(F)(F)C(F)(F)C(F)(F)C(F)(F)C(F)(F)F)(OCCC(F)(F)C(F)(F)C(F)(F)C(F)(F)C(F)(F)C(F)(F)C(F)(F)C(F)(F)F)OCCC(F)(F)C(F)(F)C(F)(F)C(F)(F)C(F)(F)C(F)(F)C(F)(F)C(F)(F)F"
4178,NA,"CJBCFHAFRXBPBY-UHFFFAOYSA-N","C18H9F30O4P",889.975941998,"O=P(O)(OCCC(F)(F)C(F)(F)C(F)(F)C(F)(F)C(F)(F)C(F)(F)C(F)(F)F)OCCC(F)(F)C(F)(F)C(F)(F)C(F)(F)C(F)(F)C(F)(F)C(F)(F)F"
4179,NA,"WSSHWFVRSCYVKF-UHFFFAOYSA-N","C23H13F34NO2",981.040338136,"O=C(O)CCN(CCC(F)(F)C(F)(F)C(F)(F)C(F)(F)C(F)(F)C(F)(F)C(F)(F)C(F)(F)F)CCC(F)(F)C(F)(F)C(F)(F)C(F)(F)C(F)(F)C(F)(F)C(F)(F)C(F)(F)F"
4180,NA,"NAGFOIMIKUARSC-UHFFFAOYSA-N","C29H17F42O4PS2",1321.963522894,"O=P1(O)OCC(CSCCC(F)(F)C(F)(F)C(F)(F)C(F)(F)C(F)(F)C(F)(F)C(F)(F)C(F)(F)C(F)(F)C(F)(F)F)(CSCCC(F)(F)C(F)(F)C(F)(F)C(F)(F)C(F)(F)C(F)(F)C(F)(F)C(F)(F)C(F)(F)C(F)(F)F)CO1"
4181,NA,"UIBFMZIBJBUUDT-UHFFFAOYSA-N","C27H17F38O4PS2",1221.969910014,"O=P1(O)OCC(CSCCC(F)(F)C(F)(F)C(F)(F)C(F)(F)C(F)(F)C(F)(F)C(F)(F)C(F)(F)C(F)(F)F)(CSCCC(F)(F)C(F)(F)C(F)(F)C(F)(F)C(F)(F)C(F)(F)C(F)(F)C(F)(F)C(F)(F)F)CO1"
4182,NA,"ZAHYNSINRUFKPV-UHFFFAOYSA-N","C31H17F46O4PS2",1421.957135774,"O=P1(O)OCC(CSCCC(F)(F)C(F)(F)C(F)(F)C(F)(F)C(F)(F)C(F)(F)C(F)(F)C(F)(F)C(F)(F)C(F)(F)C(F)(F)F)(CSCCC(F)(F)C(F)(F)C(F)(F)C(F)(F)C(F)(F)C(F)(F)C(F)(F)C(F)(F)C(F)(F)C(F)(F)C(F)(F)F)CO1"
4183,NA,"SCPIFMUEPWGXHC-UHFFFAOYSA-N","C33H17F50O4PS2",1521.950748654,"O=P1(O)OCC(CSCCC(F)(F)C(F)(F)C(F)(F)C(F)(F)C(F)(F)C(F)(F)C(F)(F)C(F)(F)C(F)(F)C(F)(F)C(F)(F)C(F)(F)F)(CSCCC(F)(F)C(F)(F)C(F)(F)C(F)(F)C(F)(F)C(F)(F)C(F)(F)C(F)(F)C(F)(F)C(F)(F)C(F)(F)C(F)(F)F)CO1"
4184,NA,"JYLAYASLBSEWJD-UHFFFAOYSA-N","C35H17F54O4PS2",1621.944361534,"O=P1(O)OCC(CSCCC(F)(F)C(F)(F)C(F)(F)C(F)(F)C(F)(F)C(F)(F)C(F)(F)C(F)(F)C(F)(F)C(F)(F)C(F)(F)C(F)(F)C(F)(F)F)(CSCCC(F)(F)C(F)(F)C(F)(F)C(F)(F)C(F)(F)C(F)(F)C(F)(F)C(F)(F)C(F)(F)C(F)(F)C(F)(F)C(F)(F)C(F)(F)F)CO1"
4185,NA,"ZDIGWFLREZTRFF-UHFFFAOYSA-N","C37H17F58O4PS2",1721.937974414,"O=P1(O)OCC(CSCCC(F)(F)C(F)(F)C(F)(F)C(F)(F)C(F)(F)C(F)(F)C(F)(F)C(F)(F)C(F)(F)C(F)(F)C(F)(F)C(F)(F)C(F)(F)C(F)(F)F)(CSCCC(F)(F)C(F)(F)C(F)(F)C(F)(F)C(F)(F)C(F)(F)C(F)(F)C(F)(F)C(F)(F)C(F)(F)C(F)(F)C(F)(F)C(F)(F)C(F)(F)F)CO1"
4186,NA,"IPWHZYSPFHBGAW-UHFFFAOYSA-N","C21H17F26O4PS2",921.989071374,"O=P1(O)OCC(CSCCC(F)(F)C(F)(F)C(F)(F)C(F)(F)C(F)(F)C(F)(F)F)(CSCCC(F)(F)C(F)(F)C(F)(F)C(F)(F)C(F)(F)C(F)(F)F)CO1"
4187,NA,"UAKXFOASBIRZGX-UHFFFAOYSA-N","C23H17F30O4PS2",1021.982684254,"O=P1(O)OCC(CSCCC(F)(F)C(F)(F)C(F)(F)C(F)(F)C(F)(F)C(F)(F)C(F)(F)F)(CSCCC(F)(F)C(F)(F)C(F)(F)C(F)(F)C(F)(F)C(F)(F)C(F)(F)F)CO1"
4188,NA,"VBKHRCNVQAOYRM-UHFFFAOYSA-N","C25H17F34O4PS2",1121.976297134,"O=P1(O)OCC(CSCCC(F)(F)C(F)(F)C(F)(F)C(F)(F)C(F)(F)C(F)(F)C(F)(F)C(F)(F)F)(CSCCC(F)(F)C(F)(F)C(F)(F)C(F)(F)C(F)(F)C(F)(F)C(F)(F)C(F)(F)F)CO1"
4189,NA,"UNHGDELWZYDWSR-UHFFFAOYSA-N","C7HClF12O4",411.937174832,"O=C(O)C(F)(F)C(F)(F)OC(F)(F)OC(F)(F)C(F)(Cl)C(F)(F)F"
4190,NA,"ZBAINDQOYROBDS-UHFFFAOYSA-N","C9HClF16O5",527.925702332,"O=C(O)C(F)(F)OC(F)(F)OC(F)(F)OC(F)(F)C(F)(F)C(F)(F)C(F)(Cl)C(F)(F)F"
4191,NA,"ZGVPJXLLRWFKCO-UHFFFAOYSA-N","C11HClF20O5",627.919315212,"O=C(O)C(F)(F)OC(F)(F)OC(F)(F)OC(F)(F)C(F)(F)C(F)(F)C(F)(F)C(F)(F)C(F)(Cl)C(F)(F)F"
4192,NA,"DLZSAWVFIWDWMS-UHFFFAOYSA-N","C10HClF18O5",577.922508772,"O=C(O)C(F)(F)OC(F)(F)OC(F)(F)OC(F)(F)C(F)(F)C(F)(F)C(F)(F)C(F)(Cl)C(F)(F)F"
4193,NA,"IDMFFDOPSTXAMN-UHFFFAOYSA-N","C8HF13O2",375.976896132,"O=C(O)C(F)(F)C(F)=C(F)C(F)(F)C(F)(F)C(F)(F)C(F)(F)F"
4194,NA,"ISFOHVALUYFNMH-OWOJBTEDSA-N","C10HF17O4",507.960338252,"O=C(O)C(F)(F)C(F)(F)O/C(F)=C(\F)OC(F)(F)C(F)(F)C(F)(F)C(F)(F)C(F)(F)F"
4195,NA,"UOLQFYWVMBPSHP-OWOJBTEDSA-N","C15HF27O4",757.944370452,"O=C(O)C(F)(F)C(F)(F)O/C(F)=C(\F)OC(F)(F)C(F)(F)C(F)(F)C(F)(F)C(F)(F)C(F)(F)C(F)(F)C(F)(F)C(F)(F)C(F)(F)F"
4196,NA,"JSLIHKWESAUERP-OWOJBTEDSA-N","C5HF7O4",257.976306052,"O=C(O)C(F)(F)O/C(F)=C(\F)OC(F)(F)F"
4197,NA,"HHPPPQCCSWNMOO-OWOJBTEDSA-N","C14HF25O4",707.947564012,"O=C(O)C(F)(F)C(F)(F)O/C(F)=C(\F)OC(F)(F)C(F)(F)C(F)(F)C(F)(F)C(F)(F)C(F)(F)C(F)(F)C(F)(F)C(F)(F)F"
4198,NA,"LKWWFOIMYHKADM-OWOJBTEDSA-N","C17HF31O4",857.937983332,"O=C(O)C(F)(F)C(F)(F)O/C(F)=C(\F)OC(F)(F)C(F)(F)C(F)(F)C(F)(F)C(F)(F)C(F)(F)C(F)(F)C(F)(F)C(F)(F)C(F)(F)C(F)(F)C(F)(F)F"
4199,NA,"FSIPEUXFIJDGST-OWOJBTEDSA-N","C7HF11O4",357.969918932,"O=C(O)C(F)(F)C(F)(F)O/C(F)=C(\F)OC(F)(F)C(F)(F)F"
4200,NA,"OLEHECMHDSBKRH-OWOJBTEDSA-N","C16HF29O4",807.941176892,"O=C(O)C(F)(F)C(F)(F)O/C(F)=C(\F)OC(F)(F)C(F)(F)C(F)(F)C(F)(F)C(F)(F)C(F)(F)C(F)(F)C(F)(F)C(F)(F)C(F)(F)C(F)(F)F"
4201,NA,"QLAUZPQTKNDVIB-OWOJBTEDSA-N","C6HF9O4",307.973112492,"O=C(O)C(F)(F)C(F)(F)O/C(F)=C(\F)OC(F)(F)F"
4202,NA,"BZNQLHSFUGOYSU-OWOJBTEDSA-N","C13HF23O4",657.950757572,"O=C(O)C(F)(F)C(F)(F)O/C(F)=C(\F)OC(F)(F)C(F)(F)C(F)(F)C(F)(F)C(F)(F)C(F)(F)C(F)(F)C(F)(F)F"
4203,NA,"VIPZKUVNIDUMPL-OWOJBTEDSA-N","C12HF21O4",607.953951132,"O=C(O)C(F)(F)C(F)(F)O/C(F)=C(\F)OC(F)(F)C(F)(F)C(F)(F)C(F)(F)C(F)(F)C(F)(F)C(F)(F)F"
4204,NA,"QXZLRWYVKRBCMX-OWOJBTEDSA-N","C11HF19O4",557.957144692,"O=C(O)C(F)(F)C(F)(F)O/C(F)=C(\F)OC(F)(F)C(F)(F)C(F)(F)C(F)(F)C(F)(F)C(F)(F)F"
4205,NA,"HKXHDOSZSLDSLS-OWOJBTEDSA-N","C9HF15O4",457.963531812,"O=C(O)C(F)(F)C(F)(F)O/C(F)=C(\F)OC(F)(F)C(F)(F)C(F)(F)C(F)(F)F"
4206,NA,"CLMABJDSULZUQH-UHFFFAOYSA-N","C15HF31O5S",881.904968952,"O=S(=O)(O)C(F)(F)C(F)(F)C(F)(F)OC(F)(F)C(F)(F)OC(F)(F)C(F)(F)C(F)(F)C(F)(F)C(F)(F)C(F)(F)C(F)(F)C(F)(F)C(F)(F)C(F)(F)F"
4207,NA,"FVCUTRVEMBBPPK-UHFFFAOYSA-N","C5HF11O5S",381.936904552,"O=S(=O)(O)C(F)(F)C(F)(F)C(F)(F)OC(F)(F)OC(F)(F)F"
4208,NA,"SWBWBVVITBMYQT-UHFFFAOYSA-N","C14HF29O5S",831.908162512,"O=S(=O)(O)C(F)(F)C(F)(F)C(F)(F)OC(F)(F)C(F)(F)OC(F)(F)C(F)(F)C(F)(F)C(F)(F)C(F)(F)C(F)(F)C(F)(F)C(F)(F)C(F)(F)F"
4209,NA,"ZKFJWFRLEQHUNY-UHFFFAOYSA-N","C4HF9O5S",331.940098112,"O=S(=O)(O)C(F)(F)C(F)(F)OC(F)(F)OC(F)(F)F"
4210,NA,"MAZQJLCACURGAW-UHFFFAOYSA-N","C17HF35O5S",981.898581832,"O=S(=O)(O)C(F)(F)C(F)(F)C(F)(F)OC(F)(F)C(F)(F)OC(F)(F)C(F)(F)C(F)(F)C(F)(F)C(F)(F)C(F)(F)C(F)(F)C(F)(F)C(F)(F)C(F)(F)C(F)(F)C(F)(F)F"
4211,NA,"RIOSTDKSNQKQON-UHFFFAOYSA-N","C16HF33O5S",931.901775392,"O=S(=O)(O)C(F)(F)C(F)(F)C(F)(F)OC(F)(F)C(F)(F)OC(F)(F)C(F)(F)C(F)(F)C(F)(F)C(F)(F)C(F)(F)C(F)(F)C(F)(F)C(F)(F)C(F)(F)C(F)(F)F"
4212,NA,"VQSDVTTZCBKZPN-UHFFFAOYSA-N","C13HF27O5S",781.911356072,"O=S(=O)(O)C(F)(F)C(F)(F)C(F)(F)OC(F)(F)C(F)(F)OC(F)(F)C(F)(F)C(F)(F)C(F)(F)C(F)(F)C(F)(F)C(F)(F)C(F)(F)F"
4213,NA,"WVMSKLLESNCNTP-UHFFFAOYSA-N","C3HF7O5S",281.943291672,"O=S(=O)(O)C(F)(F)OC(F)(F)OC(F)(F)F"
4214,NA,"ZPGIDKGAXIQGFT-UHFFFAOYSA-N","C8HF15O5S",493.930517432,"O=S(=O)(O)C(F)(F)C(F)(F)C(F)(F)OC(F)(C(F)(F)F)C(F)(F)OC(F)=C(F)F"
4215,NA,"LIWBRLMDAWDEEO-UHFFFAOYSA-N","C10HF19O5S",593.924130312,"O=S(=O)(O)C(F)(F)C(F)(F)C(F)(F)C(F)(F)C(F)(F)OC(F)(C(F)(F)F)C(F)(F)OC(F)=C(F)F"
4216,NA,"QQTHVHMUZXPJNX-UHFFFAOYSA-N","C15HF29O5S",843.908162512,"O=S(=O)(O)C(F)(F)C(F)(F)C(F)(F)C(F)(F)C(F)(F)C(F)(F)C(F)(F)C(F)(F)C(F)(F)C(F)(F)OC(F)(C(F)(F)F)C(F)(F)OC(F)=C(F)F"
4217,NA,"NJNUOCKFXJIREL-UHFFFAOYSA-N","C5HF9O5S",343.940098112,"O=S(=O)(O)C(F)(F)OC(F)(OC(F)=C(F)F)C(F)(F)F"
4218,NA,"QMUZMYOMHKZHBY-UHFFFAOYSA-N","C14HF27O5S",793.911356072,"O=S(=O)(O)C(F)(F)C(F)(F)C(F)(F)C(F)(F)C(F)(F)C(F)(F)C(F)(F)C(F)(F)C(F)(F)OC(F)(C(F)(F)F)C(F)(F)OC(F)=C(F)F"
4219,NA,"VYHGPKSSHPNGTF-UHFFFAOYSA-N","C4HF7O5S",293.943291672,"O=S(=O)(O)C(F)(F)OC(F)(F)OC(F)=C(F)F"
4220,NA,"IDOMFERLIDKADX-UHFFFAOYSA-N","C17HF33O5S",943.901775392,"O=S(=O)(O)C(F)(F)C(F)(F)C(F)(F)C(F)(F)C(F)(F)C(F)(F)C(F)(F)C(F)(F)C(F)(F)C(F)(F)C(F)(F)C(F)(F)OC(F)(C(F)(F)F)C(F)(F)OC(F)=C(F)F"
4221,NA,"OLORTTRYKDDZKG-UHFFFAOYSA-N","C16HF31O5S",893.904968952,"O=S(=O)(O)C(F)(F)C(F)(F)C(F)(F)C(F)(F)C(F)(F)C(F)(F)C(F)(F)C(F)(F)C(F)(F)C(F)(F)C(F)(F)OC(F)(C(F)(F)F)C(F)(F)OC(F)=C(F)F"
4222,NA,"AVQWJWJJCZJXQO-UHFFFAOYSA-N","C6HF11O5S",393.936904552,"O=S(=O)(O)C(F)(F)OC(F)(C(F)(F)F)C(F)(F)OC(F)=C(F)F"
4223,NA,"YESWLRNXQMJTNQ-UHFFFAOYSA-N","C13HF25O5S",743.914549632,"O=S(=O)(O)C(F)(F)C(F)(F)C(F)(F)C(F)(F)C(F)(F)C(F)(F)C(F)(F)C(F)(F)OC(F)(C(F)(F)F)C(F)(F)OC(F)=C(F)F"
4224,NA,"CJXQJKRHYBJQSR-UHFFFAOYSA-N","C12HF23O5S",693.917743192,"O=S(=O)(O)C(F)(F)C(F)(F)C(F)(F)C(F)(F)C(F)(F)C(F)(F)C(F)(F)OC(F)(C(F)(F)F)C(F)(F)OC(F)=C(F)F"
4225,NA,"WPUJFRSMUFWCEN-UHFFFAOYSA-N","C11HF21O5S",643.920936752,"O=S(=O)(O)C(F)(F)C(F)(F)C(F)(F)C(F)(F)C(F)(F)C(F)(F)OC(F)(C(F)(F)F)C(F)(F)OC(F)=C(F)F"
4226,NA,"PEOUNFBPPAZNCS-UHFFFAOYSA-N","C9HF17O5S",543.927323872,"O=S(=O)(O)C(F)(F)C(F)(F)C(F)(F)C(F)(F)OC(F)(C(F)(F)F)C(F)(F)OC(F)=C(F)F"
4227,NA,"JCBHODYAHCICNM-UHFFFAOYSA-N","C9H2F18O4S",547.938637504,"O=S(=O)(O)C(F)(F)C(F)(F)OC(F)(F)C(F)(F)C(F)(F)C(F)(F)C(F)(F)C(F)(F)C(F)F"
4228,NA,"RQDYDXBVJZKIMH-UHFFFAOYSA-N","C9H2F16O3",461.974845444,"O=C(O)C(F)(F)C(F)(F)C(F)(F)C(F)(F)C(F)(F)OC(F)(F)C(F)(F)C(F)F"
4229,NA,"VPIHVSPENKCNFU-UHFFFAOYSA-N","C11H2F22O4S",647.932250384,"O=S(=O)(O)C(F)(F)C(F)(F)OC(F)(F)C(F)(F)C(F)(F)C(F)(F)C(F)(F)C(F)(F)C(F)(F)C(F)(F)C(F)F"
4230,NA,"MZBFDXHHJYGSBE-UHFFFAOYSA-N","C11H2F20O3",561.968458324,"O=C(O)C(F)(F)C(F)(F)C(F)(F)C(F)(F)C(F)(F)OC(F)(F)C(F)(F)C(F)(F)C(F)(F)C(F)F"
4231,NA,"HQLKAJDEXGTPQS-UHFFFAOYSA-N","C16H2F30O3",811.952490524,"O=C(O)C(F)(F)C(F)(F)C(F)(F)C(F)(F)C(F)(F)OC(F)(F)C(F)(F)C(F)(F)C(F)(F)C(F)(F)C(F)(F)C(F)(F)C(F)(F)C(F)(F)C(F)F"
4232,NA,"XABQMMFIOLINOH-UHFFFAOYSA-N","C15H2F30O4S",847.919476144,"O=S(=O)(O)C(F)(F)C(F)(F)OC(F)(F)C(F)(F)C(F)(F)C(F)(F)C(F)(F)C(F)(F)C(F)(F)C(F)(F)C(F)(F)C(F)(F)C(F)(F)C(F)(F)C(F)F"
4233,NA,"ZZSXLKPVVPGLDY-UHFFFAOYSA-N","C15H2F28O3",761.955684084,"O=C(O)C(F)(F)C(F)(F)C(F)(F)C(F)(F)C(F)(F)OC(F)(F)C(F)(F)C(F)(F)C(F)(F)C(F)(F)C(F)(F)C(F)(F)C(F)(F)C(F)F"
4234,NA,"IBNVRFMUJJABRK-UHFFFAOYSA-N","C8H2F14O3",411.978039004,"O=C(O)C(F)(F)C(F)(F)C(F)(F)C(F)(F)C(F)(F)OC(F)(F)C(F)F"
4235,NA,"VWBZOBRRNFEMNX-UHFFFAOYSA-N","C17H2F32O3",861.949296964,"O=C(O)C(F)(F)C(F)(F)C(F)(F)C(F)(F)C(F)(F)OC(F)(F)C(F)(F)C(F)(F)C(F)(F)C(F)(F)C(F)(F)C(F)(F)C(F)(F)C(F)(F)C(F)(F)C(F)F"
4236,NA,"IYAFCGZBAFKFSQ-UHFFFAOYSA-N","C7H2F14O4S",447.945024624,"O=S(=O)(O)C(F)(F)C(F)(F)OC(F)(F)C(F)(F)C(F)(F)C(F)(F)C(F)F"
4237,NA,"HRGBZAKVZROZJT-UHFFFAOYSA-N","C14H2F28O4S",797.922669704,"O=S(=O)(O)C(F)(F)C(F)(F)OC(F)(F)C(F)(F)C(F)(F)C(F)(F)C(F)(F)C(F)(F)C(F)(F)C(F)(F)C(F)(F)C(F)(F)C(F)(F)C(F)F"
4238,NA,"UJAGTPUHXMGTQC-UHFFFAOYSA-N","C14H2F26O3",711.958877644,"O=C(O)C(F)(F)C(F)(F)C(F)(F)C(F)(F)C(F)(F)OC(F)(F)C(F)(F)C(F)(F)C(F)(F)C(F)(F)C(F)(F)C(F)(F)C(F)F"
4239,NA,"NQEXPPVVZJDGOS-UHFFFAOYSA-N","C13H2F26O4S",747.925863264,"O=S(=O)(O)C(F)(F)C(F)(F)OC(F)(F)C(F)(F)C(F)(F)C(F)(F)C(F)(F)C(F)(F)C(F)(F)C(F)(F)C(F)(F)C(F)(F)C(F)F"
4240,NA,"MNIFOXSPYKQPKT-UHFFFAOYSA-N","C13H2F24O3",661.962071204,"O=C(O)C(F)(F)C(F)(F)C(F)(F)C(F)(F)C(F)(F)OC(F)(F)C(F)(F)C(F)(F)C(F)(F)C(F)(F)C(F)(F)C(F)F"
4241,NA,"AMKUFNFJPLGNOB-UHFFFAOYSA-N","C12H2F24O4S",697.929056824,"O=S(=O)(O)C(F)(F)C(F)(F)OC(F)(F)C(F)(F)C(F)(F)C(F)(F)C(F)(F)C(F)(F)C(F)(F)C(F)(F)C(F)(F)C(F)F"
4242,NA,"OEPMCKNLVMSDBI-UHFFFAOYSA-N","C12H2F22O3",611.965264764,"O=C(O)C(F)(F)C(F)(F)C(F)(F)C(F)(F)C(F)(F)OC(F)(F)C(F)(F)C(F)(F)C(F)(F)C(F)(F)C(F)F"
4243,NA,"HPNVMLVFTBDYAB-UHFFFAOYSA-N","C10H2F20O4S",597.935443944,"O=S(=O)(O)C(F)(F)C(F)(F)OC(F)(F)C(F)(F)C(F)(F)C(F)(F)C(F)(F)C(F)(F)C(F)(F)C(F)F"
4244,NA,"SVIAFLBWHGCADR-UHFFFAOYSA-N","C10H2F18O3",511.971651884,"O=C(O)C(F)(F)C(F)(F)C(F)(F)C(F)(F)C(F)(F)OC(F)(F)C(F)(F)C(F)(F)C(F)F"
4245,NA,"QDAQTENNZLOXHP-UHFFFAOYSA-N","C10H2F18O5S",575.933552124,"O=C(O)C(F)(F)C(F)(F)C(F)(F)C(F)(F)C(F)(F)C(F)(F)C(F)(F)C(F)(F)C(F)(F)S(=O)(=O)O"
4246,NA,"UMULJDKCWQISRU-UHFFFAOYSA-N","C12H2F22O5S",675.927165004,"O=C(O)C(F)(F)C(F)(F)C(F)(F)C(F)(F)C(F)(F)C(F)(F)C(F)(F)C(F)(F)C(F)(F)C(F)(F)C(F)(F)S(=O)(=O)O"
4247,NA,"YVKLNCMLMLRTTP-UHFFFAOYSA-N","C7H2F12O5S",425.943132804,"O=C(O)C(F)(F)C(F)(F)C(F)(F)C(F)(F)C(F)(F)C(F)(F)S(=O)(=O)O"
4248,NA,"KZYYTRWRDOOLJG-UHFFFAOYSA-N","C6H2F10O5S",375.946326364,"O=C(O)C(F)(F)C(F)(F)C(F)(F)C(F)(F)C(F)(F)S(=O)(=O)O"
4249,NA,"HUHLYAIQHCBSHB-UHFFFAOYSA-N","C9H2F16O5S",525.936745684,"O=C(O)C(F)(F)C(F)(F)C(F)(F)C(F)(F)C(F)(F)C(F)(F)C(F)(F)C(F)(F)S(=O)(=O)O"
4250,NA,"NZOJHHBBDDKHSA-UHFFFAOYSA-N","C8H2F14O5S",475.939939244,"O=C(O)C(F)(F)C(F)(F)C(F)(F)C(F)(F)C(F)(F)C(F)(F)C(F)(F)S(=O)(=O)O"
4251,NA,"REUOXGDICSOUFC-UHFFFAOYSA-N","C15H2F28O5S",825.917584324,"O=C(O)C(F)(F)C(F)(F)C(F)(F)C(F)(F)C(F)(F)C(F)(F)C(F)(F)C(F)(F)C(F)(F)C(F)(F)C(F)(F)C(F)(F)C(F)(F)C(F)(F)S(=O)(=O)O"
4252,NA,"XGJLBNPYUPDHBQ-UHFFFAOYSA-N","C5H2F8O5S",325.949519924,"O=C(O)C(F)(F)C(F)(F)C(F)(F)C(F)(F)S(=O)(=O)O"
4253,NA,"NWMVQEZTZDXZDN-UHFFFAOYSA-N","C3H2F4O5S",225.955907044,"O=C(O)C(F)(F)C(F)(F)S(=O)(=O)O"
4254,NA,"PCSAWJSJZVWAFW-UHFFFAOYSA-N","C14H2F26O5S",775.920777884,"O=C(O)C(F)(F)C(F)(F)C(F)(F)C(F)(F)C(F)(F)C(F)(F)C(F)(F)C(F)(F)C(F)(F)C(F)(F)C(F)(F)C(F)(F)C(F)(F)S(=O)(=O)O"
4255,NA,"XWWXIYCHUACJDS-UHFFFAOYSA-N","C13H2F24O5S",725.923971444,"O=C(O)C(F)(F)C(F)(F)C(F)(F)C(F)(F)C(F)(F)C(F)(F)C(F)(F)C(F)(F)C(F)(F)C(F)(F)C(F)(F)C(F)(F)S(=O)(=O)O"
4256,NA,"VYZBXIUWTHRWKS-UHFFFAOYSA-N","C11H2F20O5S",625.930358564,"O=C(O)C(F)(F)C(F)(F)C(F)(F)C(F)(F)C(F)(F)C(F)(F)C(F)(F)C(F)(F)C(F)(F)C(F)(F)S(=O)(=O)O"
4257,NA,"MTEUBLAGYLDYFO-UHFFFAOYSA-N","C10HF19O4",545.957144692,"O=C(O)C(F)(F)C(F)(F)OC(F)(F)C(F)(F)OC(F)(F)C(F)(F)C(F)(F)C(F)(F)C(F)(F)F"
4258,NA,"XENYSAHFRLQUCG-UHFFFAOYSA-N","C15HF29O4",795.941176892,"O=C(O)C(F)(F)C(F)(F)OC(F)(F)C(F)(F)OC(F)(F)C(F)(F)C(F)(F)C(F)(F)C(F)(F)C(F)(F)C(F)(F)C(F)(F)C(F)(F)C(F)(F)F"
4259,NA,"XXSNOYRGXTXBED-UHFFFAOYSA-N","C14HF27O4",745.944370452,"O=C(O)C(F)(F)C(F)(F)OC(F)(F)C(F)(F)OC(F)(F)C(F)(F)C(F)(F)C(F)(F)C(F)(F)C(F)(F)C(F)(F)C(F)(F)C(F)(F)F"
4260,NA,"HHGYYOJQZFDHCO-UHFFFAOYSA-N","C17HF33O4",895.934789772,"O=C(O)C(F)(F)C(F)(F)OC(F)(F)C(F)(F)OC(F)(F)C(F)(F)C(F)(F)C(F)(F)C(F)(F)C(F)(F)C(F)(F)C(F)(F)C(F)(F)C(F)(F)C(F)(F)C(F)(F)F"
4261,NA,"QSCKZUZPQYPXBO-UHFFFAOYSA-N","C7HF13O4",395.966725372,"O=C(O)C(F)(F)C(F)(F)OC(F)(F)C(F)(F)OC(F)(F)C(F)(F)F"
4262,NA,"BDBDOWOWKNUULD-UHFFFAOYSA-N","C16HF31O4",845.937983332,"O=C(O)C(F)(F)C(F)(F)OC(F)(F)C(F)(F)OC(F)(F)C(F)(F)C(F)(F)C(F)(F)C(F)(F)C(F)(F)C(F)(F)C(F)(F)C(F)(F)C(F)(F)C(F)(F)F"
4263,NA,"MAFBCGJUHGFETL-UHFFFAOYSA-N","C13HF25O4",695.947564012,"O=C(O)C(F)(F)C(F)(F)OC(F)(F)C(F)(F)OC(F)(F)C(F)(F)C(F)(F)C(F)(F)C(F)(F)C(F)(F)C(F)(F)C(F)(F)F"
4264,NA,"OURXQGCAGGFAGO-UHFFFAOYSA-N","C12HF23O4",645.950757572,"O=C(O)C(F)(F)C(F)(F)OC(F)(F)C(F)(F)OC(F)(F)C(F)(F)C(F)(F)C(F)(F)C(F)(F)C(F)(F)C(F)(F)F"
4265,NA,"PMQHPWDSZPMXTA-UHFFFAOYSA-N","C11HF21O4",595.953951132,"O=C(O)C(F)(F)C(F)(F)OC(F)(F)C(F)(F)OC(F)(F)C(F)(F)C(F)(F)C(F)(F)C(F)(F)C(F)(F)F"
4266,NA,"NDNLRNCTOMKKLB-UHFFFAOYSA-N","C8H2F14O4",427.972953624,"O=C(O)C(F)(F)C(F)OC(F)(F)C(F)(F)OC(F)(F)C(F)(F)C(F)(F)F"
4267,NA,"NKQOGEBHROJBOU-UHFFFAOYSA-N","C6H2F12O5S",413.943132804,"O=S(=O)(O)C(F)(F)OC(F)(C(F)(F)F)C(F)(F)OC(F)(F)C(F)F"
4268,NA,"RVODMNZNWMCSJP-UHFFFAOYSA-N","C8H2F16O4S",497.941831064,"O=S(=O)(O)C(F)(F)C(F)(F)OC(F)(F)C(F)(F)C(F)(F)C(F)(F)C(F)(F)C(F)F"
4269,NA,"IPXPRHZHZKWBTN-UHFFFAOYSA-N","C7H2F12O3",361.981232564,"O=C(O)C(F)(F)C(F)(F)C(F)(F)C(F)(F)C(F)(F)OC(F)F"
4270,NA,"RCVMDFPBFMWJLU-UHFFFAOYSA-N","C6H2F10O3",311.984426124,"O=C(O)C(F)(F)C(F)(F)C(F)(F)C(F)(F)OC(F)F"
4271,NA,"UPHJWPQOBGWPJL-UHFFFAOYSA-N","C5H2F8O3",261.987619684,"O=C(O)C(F)(F)C(F)(F)C(F)(F)OC(F)F"
4272,NA,"AUUAIQGEFIEHRO-UHFFFAOYSA-N","C7HF13O5S",443.933710992,"O=S(=O)(O)C(F)(F)C(F)(F)OC(F)(C(F)(F)F)C(F)(F)OC(F)=C(F)F"
4273,NA,"CRHRBSUTDCXFIQ-UHFFFAOYSA-N","C6H2F12O4S",397.948218184,"O=S(=O)(O)C(F)(F)C(F)(F)OC(F)(F)C(F)(F)C(F)(F)C(F)F"
4274,NA,"BIHYOWYNLRGNHF-UHFFFAOYSA-N","C5HF11O4S",365.941989932,"O=S(=O)(O)C(F)(F)C(F)(F)OC(F)(F)C(F)(F)C(F)(F)F"
4275,NA,"MFFRLIXIJYISTE-UHFFFAOYSA-N","C5H2F10O4S",347.951411744,"O=S(=O)(O)C(F)(F)C(F)(F)OC(F)(F)C(F)(F)C(F)F"
4276,NA,"JOYBOBIZKIJEDU-UHFFFAOYSA-N","C4H2F8O4S",297.954605304,"O=S(=O)(O)C(F)(F)C(F)(F)OC(F)C(F)(F)F"
4277,NA,"QRQWHKPEXKBUDR-UHFFFAOYSA-N","C3H2F6O4S",247.957798864,"O=S(=O)(O)C(F)(F)OC(F)(F)C(F)F"
4278,NA,"YIBFJCKIOIVKIU-UHFFFAOYSA-N","C2H2F2O5S",175.959100604,"O=C(O)C(F)(F)S(=O)(=O)O"
4279,NA,"GCSHTDCBGCURHU-UHFFFAOYSA-N","C4HF7O4",245.976306052,"O=C(O)C(F)(F)OC(F)(F)OC(F)(F)F"
4280,NA,"HLTLIOAUICSKIK-UHFFFAOYSA-N","C18H3F33O2",877.960610596,"O=C(O)C(F)(F)C(F)(F)C(F)(F)C(F)(F)C(F)(F)C(F)(F)C(F)(F)C(F)(F)C(F)(F)C(F)(F)C(F)(F)C(F)(F)C(F)(F)C(F)(F)C(F)(F)CC(F)(F)F"
4281,NA,"LNXNFQYJCJAZNB-UHFFFAOYSA-N","C3HClF4O3",195.955034452,"O=C(O)C(F)(F)OC(F)(F)Cl"
4282,NA,"ZRQNPIHSXFIEHH-UHFFFAOYSA-N","C4HClF6O3",245.951840892,"O=C(O)C(F)(F)C(F)(F)OC(F)(F)Cl"
4283,NA,"FRPYCKDSMYHVPU-UHFFFAOYSA-N","C6HClF10O3",345.945453772,"O=C(O)C(F)(F)C(F)(F)C(F)(F)C(F)(F)OC(F)(F)Cl"
4284,NA,"NCLPKZQDZMRQQM-UHFFFAOYSA-N","C7HClF12O3",395.942260212,"O=C(O)C(F)(F)C(F)(F)C(F)(F)C(F)(F)C(F)(F)OC(F)(F)Cl"
4285,NA,"VRGDZEVNDIAPFW-UHFFFAOYSA-N","C8HClF14O3",445.939066652,"O=C(O)C(F)(F)C(F)(F)C(F)(F)C(F)(F)C(F)(F)C(F)(F)OC(F)(F)Cl"
4286,NA,"OKBOTOBRRXRELD-UHFFFAOYSA-N","C9HClF16O3",495.935873092,"O=C(O)C(F)(F)C(F)(F)C(F)(F)C(F)(F)C(F)(F)C(F)(F)C(F)(F)OC(F)(F)Cl"
4287,NA,"DTPIVSHXDZHQHH-UHFFFAOYSA-N","C10HClF18O3",545.932679532,"O=C(O)C(F)(F)C(F)(F)C(F)(F)C(F)(F)C(F)(F)C(F)(F)C(F)(F)C(F)(F)OC(F)(F)Cl"
4288,NA,"ZUMYQJVWMDGMHK-UHFFFAOYSA-N","C11HClF20O3",595.929485972,"O=C(O)C(F)(F)C(F)(F)C(F)(F)C(F)(F)C(F)(F)C(F)(F)C(F)(F)C(F)(F)C(F)(F)OC(F)(F)Cl"
4289,NA,"UJFFMVVGWXQGLT-UHFFFAOYSA-N","C12HClF22O3",645.926292412,"O=C(O)C(F)(F)C(F)(F)C(F)(F)C(F)(F)C(F)(F)C(F)(F)C(F)(F)C(F)(F)C(F)(F)C(F)(F)OC(F)(F)Cl"
4290,NA,"ONIXBRXEJFWMCD-UHFFFAOYSA-N","C13HClF24O3",695.923098852,"O=C(O)C(F)(F)C(F)(F)C(F)(F)C(F)(F)C(F)(F)C(F)(F)C(F)(F)C(F)(F)C(F)(F)C(F)(F)C(F)(F)OC(F)(F)Cl"
4291,NA,"MHBXRAOXFSEOLD-UHFFFAOYSA-N","C14HClF26O3",745.919905292,"O=C(O)C(F)(F)C(F)(F)C(F)(F)C(F)(F)C(F)(F)C(F)(F)C(F)(F)C(F)(F)C(F)(F)C(F)(F)C(F)(F)C(F)(F)OC(F)(F)Cl"
4292,NA,"FOWOLVGCFQWUQX-UHFFFAOYSA-N","C15HClF28O3",795.916711732,"O=C(O)C(F)(F)C(F)(F)C(F)(F)C(F)(F)C(F)(F)C(F)(F)C(F)(F)C(F)(F)C(F)(F)C(F)(F)C(F)(F)C(F)(F)C(F)(F)OC(F)(F)Cl"
4293,NA,"SUFBOCQXINFMGT-UHFFFAOYSA-N","C2H2ClF4O3P",215.936621114,"O=P(O)(O)C(F)(F)C(F)(F)Cl"
4294,NA,"LYDRDBAZTPTJMC-UHFFFAOYSA-N","C3H2ClF6O3P",265.933427554,"O=P(O)(O)C(F)(F)C(F)(F)C(F)(F)Cl"
4295,NA,"YNURAKYJAFSEEU-UHFFFAOYSA-N","C4H2ClF8O3P",315.930233994,"O=P(O)(O)C(F)(F)C(F)(F)C(F)(F)C(F)(F)Cl"
4296,NA,"CNLDAIMVBNTTEV-UHFFFAOYSA-N","C5H2ClF10O3P",365.927040434,"O=P(O)(O)C(F)(F)C(F)(F)C(F)(F)C(F)(F)C(F)(F)Cl"
4297,NA,"SSYJCIUXWUSGKG-UHFFFAOYSA-N","C6H2ClF12O3P",415.923846874,"O=P(O)(O)C(F)(F)C(F)(F)C(F)(F)C(F)(F)C(F)(F)C(F)(F)Cl"
4298,NA,"WLBMXIIYERXORE-UHFFFAOYSA-N","C7H2ClF14O3P",465.920653314,"O=P(O)(O)C(F)(F)C(F)(F)C(F)(F)C(F)(F)C(F)(F)C(F)(F)C(F)(F)Cl"
4299,NA,"JTUDXWNBUPNSAX-UHFFFAOYSA-N","C8H2ClF16O3P",515.917459754,"O=P(O)(O)C(F)(F)C(F)(F)C(F)(F)C(F)(F)C(F)(F)C(F)(F)C(F)(F)C(F)(F)Cl"
4300,NA,"SEBUYSCZYVGNGH-UHFFFAOYSA-N","C9H2ClF18O3P",565.914266194,"O=P(O)(O)C(F)(F)C(F)(F)C(F)(F)C(F)(F)C(F)(F)C(F)(F)C(F)(F)C(F)(F)C(F)(F)Cl"
4301,NA,"OPCSCMSBJNXDMU-UHFFFAOYSA-N","C10H2ClF20O3P",615.911072634,"O=P(O)(O)C(F)(F)C(F)(F)C(F)(F)C(F)(F)C(F)(F)C(F)(F)C(F)(F)C(F)(F)C(F)(F)C(F)(F)Cl"
4302,NA,"GPPUTXGPKPSSFZ-UHFFFAOYSA-N","C11H2ClF22O3P",665.907879074,"O=P(O)(O)C(F)(F)C(F)(F)C(F)(F)C(F)(F)C(F)(F)C(F)(F)C(F)(F)C(F)(F)C(F)(F)C(F)(F)C(F)(F)Cl"
4303,NA,"LSEMXMZAIPNVNG-UHFFFAOYSA-N","C12H2ClF24O3P",715.904685514,"O=P(O)(O)C(F)(F)C(F)(F)C(F)(F)C(F)(F)C(F)(F)C(F)(F)C(F)(F)C(F)(F)C(F)(F)C(F)(F)C(F)(F)C(F)(F)Cl"
4304,NA,"XAUJOZGXROQLNM-UHFFFAOYSA-N","C13H2ClF26O3P",765.901491954,"O=P(O)(O)C(F)(F)C(F)(F)C(F)(F)C(F)(F)C(F)(F)C(F)(F)C(F)(F)C(F)(F)C(F)(F)C(F)(F)C(F)(F)C(F)(F)C(F)(F)Cl"
4305,NA,"APMDNGSKLUOJIB-UHFFFAOYSA-N","C14H2ClF28O3P",815.898298394,"O=P(O)(O)C(F)(F)C(F)(F)C(F)(F)C(F)(F)C(F)(F)C(F)(F)C(F)(F)C(F)(F)C(F)(F)C(F)(F)C(F)(F)C(F)(F)C(F)(F)C(F)(F)Cl"
4306,NA,"FDIJSYZSPRGINL-UHFFFAOYSA-N","C15H2ClF30O3P",865.895104834,"O=P(O)(O)C(F)(F)C(F)(F)C(F)(F)C(F)(F)C(F)(F)C(F)(F)C(F)(F)C(F)(F)C(F)(F)C(F)(F)C(F)(F)C(F)(F)C(F)(F)C(F)(F)C(F)(F)Cl"
4307,NA,"HIMWTCKFJGGRGF-UHFFFAOYSA-N","C9H17F3N2O3",258.119127064,"OCCN(CCO)CCCN=C(O)C(F)(F)F"
4308,NA,"MSSWRUPDHLZDLW-UHFFFAOYSA-N","C10H17F5N2O3",308.115933504,"OCCN(CCO)CCCN=C(O)C(F)(F)C(F)(F)F"
4309,NA,"IRXFXFGJTFGCGQ-UHFFFAOYSA-N","C11H17F7N2O3",358.112739944,"OCCN(CCO)CCCN=C(O)C(F)(F)C(F)(F)C(F)(F)F"
4310,NA,"RUNWDMZNKKQZIZ-UHFFFAOYSA-N","C12H17F9N2O3",408.109546384,"OCCN(CCO)CCCN=C(O)C(F)(F)C(F)(F)C(F)(F)C(F)(F)F"
4311,NA,"HAMMJRVOENSISM-UHFFFAOYSA-N","C13H17F11N2O3",458.106352824,"OCCN(CCO)CCCN=C(O)C(F)(F)C(F)(F)C(F)(F)C(F)(F)C(F)(F)F"
4312,NA,"CREZXBAHQCHCIA-UHFFFAOYSA-N","C14H17F13N2O3",508.103159264,"OCCN(CCO)CCCN=C(O)C(F)(F)C(F)(F)C(F)(F)C(F)(F)C(F)(F)C(F)(F)F"
4313,NA,"RNRSACRWLQKPNI-UHFFFAOYSA-N","C16H17F17N2O3",608.096772144,"OCCN(CCO)CCCN=C(O)C(F)(F)C(F)(F)C(F)(F)C(F)(F)C(F)(F)C(F)(F)C(F)(F)C(F)(F)F"
4314,NA,"QDGQDUZVYYPQBZ-UHFFFAOYSA-N","C17H17F19N2O3",658.093578584,"OCCN(CCO)CCCN=C(O)C(F)(F)C(F)(F)C(F)(F)C(F)(F)C(F)(F)C(F)(F)C(F)(F)C(F)(F)C(F)(F)F"
4315,NA,"IURHBTWBVAGETD-UHFFFAOYSA-N","C18H17F21N2O3",708.090385024,"OCCN(CCO)CCCN=C(O)C(F)(F)C(F)(F)C(F)(F)C(F)(F)C(F)(F)C(F)(F)C(F)(F)C(F)(F)C(F)(F)C(F)(F)F"
4316,NA,"WEJLHCDNSQBMIN-UHFFFAOYSA-N","C19H17F23N2O3",758.087191464,"OCCN(CCO)CCCN=C(O)C(F)(F)C(F)(F)C(F)(F)C(F)(F)C(F)(F)C(F)(F)C(F)(F)C(F)(F)C(F)(F)C(F)(F)C(F)(F)F"
4317,NA,"JLGBWVPXGLUQGW-UHFFFAOYSA-N","C20H17F25N2O3",808.083997904,"OCCN(CCO)CCCN=C(O)C(F)(F)C(F)(F)C(F)(F)C(F)(F)C(F)(F)C(F)(F)C(F)(F)C(F)(F)C(F)(F)C(F)(F)C(F)(F)C(F)(F)F"
4318,NA,"OOCUISAVYKPDSI-UHFFFAOYSA-N","C21H17F27N2O3",858.080804344,"OCCN(CCO)CCCN=C(O)C(F)(F)C(F)(F)C(F)(F)C(F)(F)C(F)(F)C(F)(F)C(F)(F)C(F)(F)C(F)(F)C(F)(F)C(F)(F)C(F)(F)C(F)(F)F"
4319,NA,"NETMPQJPRYIIEV-UHFFFAOYSA-N","C22H17F29N2O3",908.077610784,"OCCN(CCO)CCCN=C(O)C(F)(F)C(F)(F)C(F)(F)C(F)(F)C(F)(F)C(F)(F)C(F)(F)C(F)(F)C(F)(F)C(F)(F)C(F)(F)C(F)(F)C(F)(F)C(F)(F)F"
4320,NA,"OILGCRKKBHSWRY-UHFFFAOYSA-N","C7H12F3NO4S",263.043913524,"CCOC(=O)CN(CC)S(=O)(=O)C(F)(F)F"
4321,NA,"WSLHLRRUYOQZFX-UHFFFAOYSA-N","C8H12F5NO4S",313.040719964,"CCOC(=O)CN(CC)S(=O)(=O)C(F)(F)C(F)(F)F"
4322,NA,"LKFYCAAUCQRIHC-UHFFFAOYSA-N","C9H12F7NO4S",363.037526404,"CCOC(=O)CN(CC)S(=O)(=O)C(F)(F)C(F)(F)C(F)(F)F"
4323,NA,"OJZAVVHFVWSNDX-UHFFFAOYSA-N","C15H12F19NO4S",663.018365044,"CCOC(=O)CN(CC)S(=O)(=O)C(F)(F)C(F)(F)C(F)(F)C(F)(F)C(F)(F)C(F)(F)C(F)(F)C(F)(F)C(F)(F)F"
4324,NA,"ILVXLCPNDSZACU-UHFFFAOYSA-N","C16H12F21NO4S",713.015171484,"CCOC(=O)CN(CC)S(=O)(=O)C(F)(F)C(F)(F)C(F)(F)C(F)(F)C(F)(F)C(F)(F)C(F)(F)C(F)(F)C(F)(F)C(F)(F)F"
4325,NA,"KUZNFPWNONULDO-UHFFFAOYSA-N","C17H12F23NO4S",763.011977924,"CCOC(=O)CN(CC)S(=O)(=O)C(F)(F)C(F)(F)C(F)(F)C(F)(F)C(F)(F)C(F)(F)C(F)(F)C(F)(F)C(F)(F)C(F)(F)C(F)(F)F"
4326,NA,"BKVYWHHMWBJVOF-UHFFFAOYSA-N","C19H16F25NO4S",829.040084492,"C.CCOC(=O)CN(CC)S(=O)(=O)C(F)(F)C(F)(F)C(F)(F)C(F)(F)C(F)(F)C(F)(F)C(F)(F)C(F)(F)C(F)(F)C(F)(F)C(F)(F)C(F)(F)F"
4327,NA,"JKJKPQDERLSPBE-UHFFFAOYSA-N","C19H12F27NO4S",863.005590804,"CCOC(=O)CN(CC)S(=O)(=O)C(F)(F)C(F)(F)C(F)(F)C(F)(F)C(F)(F)C(F)(F)C(F)(F)C(F)(F)C(F)(F)C(F)(F)C(F)(F)C(F)(F)C(F)(F)F"
4328,NA,"SJVJZBJNWQMCLB-UHFFFAOYSA-N","C20H12F29NO4S",913.002397244,"CCOC(=O)CN(CC)S(=O)(=O)C(F)(F)C(F)(F)C(F)(F)C(F)(F)C(F)(F)C(F)(F)C(F)(F)C(F)(F)C(F)(F)C(F)(F)C(F)(F)C(F)(F)C(F)(F)C(F)(F)F"
4329,NA,"XJAAVVLEUZQVNJ-UHFFFAOYSA-N","CH2F3O3P",149.969365214,"O=P(O)(O)C(F)(F)F"
4330,NA,"XLWUDBRTNPGWDQ-UHFFFAOYSA-N","C2H2F5O3P",199.966171654,"O=P(O)(O)C(F)(F)C(F)(F)F"
4331,NA,"XOCOKKRWJNSWQZ-UHFFFAOYSA-N","C3H2F7O3P",249.962978094,"O=P(O)(O)C(F)(F)C(F)(F)C(F)(F)F"
4332,NA,"KCZIAIJJDOASNM-UHFFFAOYSA-N","C5H2F11O3P",349.956590974,"O=P(O)(O)C(F)(F)C(F)(F)C(F)(F)C(F)(F)C(F)(F)F"
4333,NA,"SHUMMWZAADWKRL-UHFFFAOYSA-N","C7H2F15O3P",449.950203854,"O=P(O)(O)C(F)(F)C(F)(F)C(F)(F)C(F)(F)C(F)(F)C(F)(F)C(F)(F)F"
4334,NA,"YVVGYGKYTZGSFN-UHFFFAOYSA-N","C9H2F19O3P",549.943816734,"O=P(O)(O)C(F)(F)C(F)(F)C(F)(F)C(F)(F)C(F)(F)C(F)(F)C(F)(F)C(F)(F)C(F)(F)F"
4335,NA,"DSOMSBWSFAJEJN-UHFFFAOYSA-N","C11H2F23O3P",649.937429614,"O=P(O)(O)C(F)(F)C(F)(F)C(F)(F)C(F)(F)C(F)(F)C(F)(F)C(F)(F)C(F)(F)C(F)(F)C(F)(F)C(F)(F)F"
4336,NA,"JMTSMJGMVHUGPR-UHFFFAOYSA-N","C12H2F25O3P",699.934236054,"O=P(O)(O)C(F)(F)C(F)(F)C(F)(F)C(F)(F)C(F)(F)C(F)(F)C(F)(F)C(F)(F)C(F)(F)C(F)(F)C(F)(F)C(F)(F)F"
4337,NA,"WGLJRTYRTBOADG-UHFFFAOYSA-N","C13H2F27O3P",749.931042494,"O=P(O)(O)C(F)(F)C(F)(F)C(F)(F)C(F)(F)C(F)(F)C(F)(F)C(F)(F)C(F)(F)C(F)(F)C(F)(F)C(F)(F)C(F)(F)C(F)(F)F"
4338,NA,"ZOVNVCHSSKNZNU-UHFFFAOYSA-N","C14H2F29O3P",799.927848934,"O=P(O)(O)C(F)(F)C(F)(F)C(F)(F)C(F)(F)C(F)(F)C(F)(F)C(F)(F)C(F)(F)C(F)(F)C(F)(F)C(F)(F)C(F)(F)C(F)(F)C(F)(F)F"
4339,NA,"UZLZFUVWIVLLFJ-UHFFFAOYSA-N","C15H2F31O3P",849.924655374,"O=P(O)(O)C(F)(F)C(F)(F)C(F)(F)C(F)(F)C(F)(F)C(F)(F)C(F)(F)C(F)(F)C(F)(F)C(F)(F)C(F)(F)C(F)(F)C(F)(F)C(F)(F)C(F)(F)F"
4340,NA,"HUSLAJJCGFJKOZ-UHFFFAOYSA-N","C16H2F33O3P",899.921461814,"O=P(O)(O)C(F)(F)C(F)(F)C(F)(F)C(F)(F)C(F)(F)C(F)(F)C(F)(F)C(F)(F)C(F)(F)C(F)(F)C(F)(F)C(F)(F)C(F)(F)C(F)(F)C(F)(F)C(F)(F)F"
4341,NA,"QMZPNLRZLJOCPQ-UHFFFAOYSA-N","C17H2F35O3P",949.918268254,"O=P(O)(O)C(F)(F)C(F)(F)C(F)(F)C(F)(F)C(F)(F)C(F)(F)C(F)(F)C(F)(F)C(F)(F)C(F)(F)C(F)(F)C(F)(F)C(F)(F)C(F)(F)C(F)(F)C(F)(F)C(F)(F)F"
4342,NA,"JRJABWPWOWMOOH-UHFFFAOYSA-N","C18H2F37O3P",999.915074694,"O=P(O)(O)C(F)(F)C(F)(F)C(F)(F)C(F)(F)C(F)(F)C(F)(F)C(F)(F)C(F)(F)C(F)(F)C(F)(F)C(F)(F)C(F)(F)C(F)(F)C(F)(F)C(F)(F)C(F)(F)C(F)(F)C(F)(F)F"
4343,NA,"GFDRMFVWIXSGOK-UHFFFAOYSA-N","C19H2F39O3P",1049.911881134,"O=P(O)(O)C(F)(F)C(F)(F)C(F)(F)C(F)(F)C(F)(F)C(F)(F)C(F)(F)C(F)(F)C(F)(F)C(F)(F)C(F)(F)C(F)(F)C(F)(F)C(F)(F)C(F)(F)C(F)(F)C(F)(F)C(F)(F)C(F)(F)F"
4344,NA,"PPJGZBXTENXQQE-UHFFFAOYSA-N","C7H12F3NO4S",263.043913524,"CCN(CCCS(=O)(=O)O)C(=O)C(F)(F)F"
4345,NA,"PSLRZHROCLFRCL-UHFFFAOYSA-N","C8H12F5NO4S",313.040719964,"CCN(CCCS(=O)(=O)O)C(=O)C(F)(F)C(F)(F)F"
4346,NA,"KPRCNODYZGCVDW-UHFFFAOYSA-N","C9H12F7NO4S",363.037526404,"CCN(CCCS(=O)(=O)O)C(=O)C(F)(F)C(F)(F)C(F)(F)F"
4347,NA,"JCLVKDIYJUSHCB-UHFFFAOYSA-N","C15H12F19NO4S",663.018365044,"CCN(CCCS(=O)(=O)O)C(=O)C(F)(F)C(F)(F)C(F)(F)C(F)(F)C(F)(F)C(F)(F)C(F)(F)C(F)(F)C(F)(F)F"
4348,NA,"AQHATGLIUYWFCZ-UHFFFAOYSA-N","C16H12F21NO4S",713.015171484,"CCN(CCCS(=O)(=O)O)C(=O)C(F)(F)C(F)(F)C(F)(F)C(F)(F)C(F)(F)C(F)(F)C(F)(F)C(F)(F)C(F)(F)C(F)(F)F"
4349,NA,"ZZZWTKCRIQEZEN-UHFFFAOYSA-N","C17H12F23NO4S",763.011977924,"CCN(CCCS(=O)(=O)O)C(=O)C(F)(F)C(F)(F)C(F)(F)C(F)(F)C(F)(F)C(F)(F)C(F)(F)C(F)(F)C(F)(F)C(F)(F)C(F)(F)F"
4350,NA,"VLYIMTDJEDJUTL-UHFFFAOYSA-N","C18H12F25NO4S",813.008784364,"CCN(CCCS(=O)(=O)O)C(=O)C(F)(F)C(F)(F)C(F)(F)C(F)(F)C(F)(F)C(F)(F)C(F)(F)C(F)(F)C(F)(F)C(F)(F)C(F)(F)C(F)(F)F"
4351,NA,"ROZSIZOEKCEJJI-UHFFFAOYSA-N","C19H12F27NO4S",863.005590804,"CCN(CCCS(=O)(=O)O)C(=O)C(F)(F)C(F)(F)C(F)(F)C(F)(F)C(F)(F)C(F)(F)C(F)(F)C(F)(F)C(F)(F)C(F)(F)C(F)(F)C(F)(F)C(F)(F)F"
4352,NA,"DGQHGDXIQVVHKV-UHFFFAOYSA-N","C21H16F29NO4S",929.033697372,"C.CCN(CCCS(=O)(=O)O)C(=O)C(F)(F)C(F)(F)C(F)(F)C(F)(F)C(F)(F)C(F)(F)C(F)(F)C(F)(F)C(F)(F)C(F)(F)C(F)(F)C(F)(F)C(F)(F)C(F)(F)F"
4353,NA,"RUWFLJIOTXTTOI-RQOWECAXSA-N","C4HF5O3S",223.956655992,"O=S(=O)(O)/C(F)=C(\F)C(F)=C(F)F"
4354,NA,"VHJDCNHIGJYFDY-HNQUOIGGSA-N","C5HF7O3S",273.953462432,"O=S(=O)(O)C(F)(F)/C(F)=C(\F)C(F)=C(F)F"
4355,NA,"RGZUSRXEZWXFDN-ZPUQHVIOSA-N","C6HF9O3S",323.950268872,"O=S(=O)(O)C(F)(F)/C(F)=C(F)/C(F)=C(\F)C(F)(F)F"
4356,NA,"PQIAWGSTGHTHGC-ZPUQHVIOSA-N","C7HF11O3S",373.947075312,"O=S(=O)(O)C(F)(F)/C(F)=C(F)/C(F)=C(\F)C(F)(F)C(F)(F)F"
4357,NA,"IYTMMPVDULGAJN-ZPUQHVIOSA-N","C8HF13O3S",423.943881752,"O=S(=O)(O)C(F)(F)/C(F)=C(F)/C(F)=C(\F)C(F)(F)C(F)(F)C(F)(F)F"
4358,NA,"SVUMWJLZLMXQQO-ZPUQHVIOSA-N","C9HF15O3S",473.940688192,"O=S(=O)(O)C(F)(F)/C(F)=C(F)/C(F)=C(\F)C(F)(F)C(F)(F)C(F)(F)C(F)(F)F"
4359,NA,"FZEVWKWADWKWPY-ZPUQHVIOSA-N","C10HF17O3S",523.937494632,"O=S(=O)(O)C(F)(F)/C(F)=C(F)/C(F)=C(\F)C(F)(F)C(F)(F)C(F)(F)C(F)(F)C(F)(F)F"
4360,NA,"ZSGSSEZWOISPQL-ZPUQHVIOSA-N","C11HF19O3S",573.934301072,"O=S(=O)(O)C(F)(F)/C(F)=C(F)/C(F)=C(\F)C(F)(F)C(F)(F)C(F)(F)C(F)(F)C(F)(F)C(F)(F)F"
4361,NA,"OUXWEBZSPFDIRL-ZPUQHVIOSA-N","C12HF21O3S",623.931107512,"O=S(=O)(O)C(F)(F)/C(F)=C(F)/C(F)=C(\F)C(F)(F)C(F)(F)C(F)(F)C(F)(F)C(F)(F)C(F)(F)C(F)(F)F"
4362,NA,"AHFHKQARRBZNIN-ZPUQHVIOSA-N","C13HF23O3S",673.927913952,"O=S(=O)(O)C(F)(F)/C(F)=C(F)/C(F)=C(\F)C(F)(F)C(F)(F)C(F)(F)C(F)(F)C(F)(F)C(F)(F)C(F)(F)C(F)(F)F"
4363,NA,"XIUBJVBBLAJVKJ-ZPUQHVIOSA-N","C14HF25O3S",723.924720392,"O=S(=O)(O)C(F)(F)/C(F)=C(F)/C(F)=C(\F)C(F)(F)C(F)(F)C(F)(F)C(F)(F)C(F)(F)C(F)(F)C(F)(F)C(F)(F)C(F)(F)F"
4364,NA,"YKNHQUQKLIKCBN-ZPUQHVIOSA-N","C15HF27O3S",773.921526832,"O=S(=O)(O)C(F)(F)/C(F)=C(F)/C(F)=C(\F)C(F)(F)C(F)(F)C(F)(F)C(F)(F)C(F)(F)C(F)(F)C(F)(F)C(F)(F)C(F)(F)C(F)(F)F"
4365,NA,"KSAYJWCPIOJZMW-ZPUQHVIOSA-N","C16HF29O3S",823.918333272,"O=S(=O)(O)C(F)(F)/C(F)=C(F)/C(F)=C(\F)C(F)(F)C(F)(F)C(F)(F)C(F)(F)C(F)(F)C(F)(F)C(F)(F)C(F)(F)C(F)(F)C(F)(F)C(F)(F)F"
4366,NA,"MQMBFWIFIHROQE-ZPUQHVIOSA-N","C17HF31O3S",873.915139712,"O=S(=O)(O)C(F)(F)/C(F)=C(F)/C(F)=C(\F)C(F)(F)C(F)(F)C(F)(F)C(F)(F)C(F)(F)C(F)(F)C(F)(F)C(F)(F)C(F)(F)C(F)(F)C(F)(F)C(F)(F)F"
4367,NA,"ZMTMEBJACDIHEY-ZPUQHVIOSA-N","C18HF33O3S",923.911946152,"O=S(=O)(O)C(F)(F)/C(F)=C(F)/C(F)=C(\F)C(F)(F)C(F)(F)C(F)(F)C(F)(F)C(F)(F)C(F)(F)C(F)(F)C(F)(F)C(F)(F)C(F)(F)C(F)(F)C(F)(F)C(F)(F)F"
4368,NA,"WQBPMXXOBQMRHR-UHFFFAOYSA-N","C15HF29O4S",827.913247892,"O=S(=O)(O)C(F)(F)C(F)(F)C(F)(F)C(F)(F)C(F)(F)C(F)(F)C(F)(F)C(F)(F)C(F)(F)C(F)(F)C(F)(F)C(F)(F)C(F)(F)OC(F)=C(F)F"
4369,NA,"UANZZAXCOZVROY-UHFFFAOYSA-N","C16HF31O4S",877.910054332,"O=S(=O)(O)C(F)(F)C(F)(F)C(F)(F)C(F)(F)C(F)(F)C(F)(F)C(F)(F)C(F)(F)C(F)(F)C(F)(F)C(F)(F)C(F)(F)C(F)(F)C(F)(F)OC(F)=C(F)F"
4370,NA,"LICQDMCKJMKAEG-UHFFFAOYSA-N","C9H14F5NO5S",343.051284648,"O=C(O)CNCC(O)CS(=O)(=O)CCC(F)(F)C(F)(F)F"
4371,NA,"PZKRUKIIQCNDQD-UHFFFAOYSA-N","C11H14F9NO5S",443.044897528,"O=C(O)CNCC(O)CS(=O)(=O)CCC(F)(F)C(F)(F)C(F)(F)C(F)(F)F"
4372,NA,"OYKPFQGRSPXSQO-UHFFFAOYSA-N","C13H14F13NO5S",543.038510408,"O=C(O)CNCC(O)CS(=O)(=O)CCC(F)(F)C(F)(F)C(F)(F)C(F)(F)C(F)(F)C(F)(F)F"
4373,NA,"YCYJJCHMUXDEQS-UHFFFAOYSA-N","C15H14F17NO5S",643.032123288,"O=C(O)CNCC(O)CS(=O)(=O)CCC(F)(F)C(F)(F)C(F)(F)C(F)(F)C(F)(F)C(F)(F)C(F)(F)C(F)(F)F"
4374,NA,"GFTGIXHGGAZFPY-UHFFFAOYSA-N","C17H14F21NO5S",743.025736168,"O=C(O)CNCC(O)CS(=O)(=O)CCC(F)(F)C(F)(F)C(F)(F)C(F)(F)C(F)(F)C(F)(F)C(F)(F)C(F)(F)C(F)(F)C(F)(F)F"
4375,NA,"ZPKVVPVENPLYJW-UHFFFAOYSA-N","C19H14F25NO5S",843.019349048,"O=C(O)CNCC(O)CS(=O)(=O)CCC(F)(F)C(F)(F)C(F)(F)C(F)(F)C(F)(F)C(F)(F)C(F)(F)C(F)(F)C(F)(F)C(F)(F)C(F)(F)C(F)(F)F"
4376,NA,"QMSYLJOUSOUZMJ-UHFFFAOYSA-N","C9H14F5NO4S",327.056370028,"O=C(O)CNCC(O)CS(=O)CCC(F)(F)C(F)(F)F"
4377,NA,"UFLWSISCBZJPAJ-UHFFFAOYSA-N","C11H14F9NO4S",427.049982908,"O=C(O)CNCC(O)CS(=O)CCC(F)(F)C(F)(F)C(F)(F)C(F)(F)F"
4378,NA,"KDTYNHGBWPOLDI-UHFFFAOYSA-N","C13H14F13NO4S",527.043595788,"O=C(O)CNCC(O)CS(=O)CCC(F)(F)C(F)(F)C(F)(F)C(F)(F)C(F)(F)C(F)(F)F"
4379,NA,"GOSLPGKWSCKABJ-UHFFFAOYSA-N","C15H14F17NO4S",627.037208668,"O=C(O)CNCC(O)CS(=O)CCC(F)(F)C(F)(F)C(F)(F)C(F)(F)C(F)(F)C(F)(F)C(F)(F)C(F)(F)F"
4380,NA,"UETWPHWVROXAKZ-UHFFFAOYSA-N","C17H14F21NO4S",727.030821548,"O=C(O)CNCC(O)CS(=O)CCC(F)(F)C(F)(F)C(F)(F)C(F)(F)C(F)(F)C(F)(F)C(F)(F)C(F)(F)C(F)(F)C(F)(F)F"
4381,NA,"VIAAVEVSQLVFAL-UHFFFAOYSA-N","C19H14F25NO4S",827.024434428,"O=C(O)CNCC(O)CS(=O)CCC(F)(F)C(F)(F)C(F)(F)C(F)(F)C(F)(F)C(F)(F)C(F)(F)C(F)(F)C(F)(F)C(F)(F)C(F)(F)C(F)(F)F"
4382,NA,"MQQUKFNJARILOY-UHFFFAOYSA-N","C12H19F5N2O5S",398.093483808,"NC(CC(=O)O)CC(O)N=C(O)CCS(=O)CCC(F)(F)C(F)(F)F"
4383,NA,"AASDKOMLJQBCBU-UHFFFAOYSA-N","C14H19F9N2O5S",498.087096688,"NC(CC(=O)O)CC(O)N=C(O)CCS(=O)CCC(F)(F)C(F)(F)C(F)(F)C(F)(F)F"
4384,NA,"HLVWQZKDACYBRO-UHFFFAOYSA-N","C16H19F13N2O5S",598.080709568,"NC(CC(=O)O)CC(O)N=C(O)CCS(=O)CCC(F)(F)C(F)(F)C(F)(F)C(F)(F)C(F)(F)C(F)(F)F"
4385,NA,"FGDIBTRKFSJIPW-UHFFFAOYSA-N","C18H19F17N2O5S",698.074322448,"NC(CC(=O)O)CC(O)N=C(O)CCS(=O)CCC(F)(F)C(F)(F)C(F)(F)C(F)(F)C(F)(F)C(F)(F)C(F)(F)C(F)(F)F"
4386,NA,"BBADUDHBPXADSN-UHFFFAOYSA-N","C20H19F21N2O5S",798.067935328,"NC(CC(=O)O)CC(O)N=C(O)CCS(=O)CCC(F)(F)C(F)(F)C(F)(F)C(F)(F)C(F)(F)C(F)(F)C(F)(F)C(F)(F)C(F)(F)C(F)(F)F"
4387,NA,"XRDCGXORMCMVQG-UHFFFAOYSA-N","C22H19F25N2O5S",898.061548208,"NC(CC(=O)O)CC(O)N=C(O)CCS(=O)CCC(F)(F)C(F)(F)C(F)(F)C(F)(F)C(F)(F)C(F)(F)C(F)(F)C(F)(F)C(F)(F)C(F)(F)C(F)(F)C(F)(F)F"
4388,NA,"MRRFQXBKMNKXFT-UHFFFAOYSA-N","C9H14F5NO3S",311.061455408,"O=C(O)CNCC(O)CSCCC(F)(F)C(F)(F)F"
4389,NA,"NRYRSAAWKYDQIK-UHFFFAOYSA-N","C11H14F9NO3S",411.055068288,"O=C(O)CNCC(O)CSCCC(F)(F)C(F)(F)C(F)(F)C(F)(F)F"
4390,NA,"WRKCVGQMCYRVLB-UHFFFAOYSA-N","C13H14F13NO3S",511.048681168,"O=C(O)CNCC(O)CSCCC(F)(F)C(F)(F)C(F)(F)C(F)(F)C(F)(F)C(F)(F)F"
4391,NA,"NMWJAOYYULRVRU-UHFFFAOYSA-N","C15H14F17NO3S",611.042294048,"O=C(O)CNCC(O)CSCCC(F)(F)C(F)(F)C(F)(F)C(F)(F)C(F)(F)C(F)(F)C(F)(F)C(F)(F)F"
4392,NA,"KSWYEXWYIHSZGK-UHFFFAOYSA-N","C17H14F21NO3S",711.035906928,"O=C(O)CNCC(O)CSCCC(F)(F)C(F)(F)C(F)(F)C(F)(F)C(F)(F)C(F)(F)C(F)(F)C(F)(F)C(F)(F)C(F)(F)F"
4393,NA,"SKMRKBABKXXOJG-UHFFFAOYSA-N","C19H14F25NO3S",811.029519808,"O=C(O)CNCC(O)CSCCC(F)(F)C(F)(F)C(F)(F)C(F)(F)C(F)(F)C(F)(F)C(F)(F)C(F)(F)C(F)(F)C(F)(F)C(F)(F)C(F)(F)F"
4394,NA,"SXYAJRGVQLMCGA-UHFFFAOYSA-N","C12H19F5N2O4S",382.098569188,"NC(CC(=O)O)CC(O)N=C(O)CCSCCC(F)(F)C(F)(F)F"
4395,NA,"WKSFAFIEDZNPJQ-UHFFFAOYSA-N","C14H19F9N2O4S",482.092182068,"NC(CC(=O)O)CC(O)N=C(O)CCSCCC(F)(F)C(F)(F)C(F)(F)C(F)(F)F"
4396,NA,"CSQQXVQERAPRTC-UHFFFAOYSA-N","C16H19F13N2O4S",582.085794948,"NC(CC(=O)O)CC(O)N=C(O)CCSCCC(F)(F)C(F)(F)C(F)(F)C(F)(F)C(F)(F)C(F)(F)F"
4397,NA,"HBDXHCCKSYFKGK-UHFFFAOYSA-N","C18H19F17N2O4S",682.079407828,"NC(CC(=O)O)CC(O)N=C(O)CCSCCC(F)(F)C(F)(F)C(F)(F)C(F)(F)C(F)(F)C(F)(F)C(F)(F)C(F)(F)F"
4398,NA,"YZFBBUYKLAQVIU-UHFFFAOYSA-N","C20H19F21N2O4S",782.073020708,"NC(CC(=O)O)CC(O)N=C(O)CCSCCC(F)(F)C(F)(F)C(F)(F)C(F)(F)C(F)(F)C(F)(F)C(F)(F)C(F)(F)C(F)(F)C(F)(F)F"
4399,NA,"NGGREIQKVSOXIT-UHFFFAOYSA-N","C22H19F25N2O4S",882.066633588,"NC(CC(=O)O)CC(O)N=C(O)CCSCCC(F)(F)C(F)(F)C(F)(F)C(F)(F)C(F)(F)C(F)(F)C(F)(F)C(F)(F)C(F)(F)C(F)(F)C(F)(F)C(F)(F)F"
4400,NA,"ZMOPKVUAUJNFPC-UHFFFAOYNA-N","C12H3F19O4",571.972794756,"O=C(O)C(F)C(F)(F)C(F)(F)C(F)(F)C(F)(F)C(F)(F)C(F)(F)C(F)(F)C(F)(F)C(F)(F)C(=O)O"
4401,NA,"QOAVDLOXFVXQNR-UHFFFAOYNA-N","C13H3F21O4",621.969601196,"O=C(O)C(F)C(F)(F)C(F)(F)C(F)(F)C(F)(F)C(F)(F)C(F)(F)C(F)(F)C(F)(F)C(F)(F)C(F)(F)C(=O)O"
4402,NA,"SVYFBQKZSGNGTM-UHFFFAOYNA-N","C11H3F17O4",521.975988316,"O=C(O)C(F)C(F)(F)C(F)(F)C(F)(F)C(F)(F)C(F)(F)C(F)(F)C(F)(F)C(F)(F)C(=O)O"
4403,NA,"HSYOPEOFUYMWLD-UHFFFAOYSA-N","C5HF7O3",241.981391432,"O=C(O)C(F)(F)C(F)(F)C(F)(F)C(=O)F"
4404,NA,"DCQGNFBVBUFUSG-UHFFFAOYSA-N","C6HF9O3",291.978197872,"O=C(O)C(F)(F)C(F)(F)C(F)(F)C(F)(F)C(=O)F"
4405,NA,"ONPVMXQNYFIJHF-UHFFFAOYSA-N","C8HF13O3",391.971810752,"O=C(O)C(F)(F)C(F)(F)C(F)(F)C(F)(F)C(F)(F)C(F)(F)C(=O)F"
4406,NA,"DITKNWNKXRDXCO-UHFFFAOYSA-N","C7HF11O3",341.975004312,"O=C(O)C(F)(F)C(F)(F)C(F)(F)C(F)(F)C(F)(F)C(=O)F"
4407,NA,"JLHSQHRIUWOBET-UHFFFAOYNA-N","C16H6F29O3P",827.959149062,"CC(F)(F)C(F)(F)C(F)(F)C(F)(F)C(F)(F)C(F)(F)C(F)(F)C(F)(F)C(F)(F)C(F)(F)C(F)(F)C(F)(F)C(F)(F)C(C)(F)P(=O)(OF)OF"
4408,NA,"CNMHNACGIVXXQS-UHFFFAOYNA-N","C18H6F33O3P",927.952761942,"CC(F)(F)C(F)(F)C(F)(F)C(F)(F)C(F)(F)C(F)(F)C(F)(F)C(F)(F)C(F)(F)C(F)(F)C(F)(F)C(F)(F)C(F)(F)C(F)(F)C(F)(F)C(C)(F)P(=O)(OF)OF"
4409,NA,"GFHRTJWAAXYGSI-UHFFFAOYNA-N","C20H6F37O3P",1027.946374822,"CC(F)(F)C(F)(F)C(F)(F)C(F)(F)C(F)(F)C(F)(F)C(F)(F)C(F)(F)C(F)(F)C(F)(F)C(F)(F)C(F)(F)C(F)(F)C(F)(F)C(F)(F)C(F)(F)C(F)(F)C(C)(F)P(=O)(OF)OF"
4410,NA,"RYPPTVSOHOAMOT-UHFFFAOYNA-N","C4H6F5O3P",227.997471782,"CC(F)(F)C(C)(F)P(=O)(OF)OF"
4411,NA,"ROSMYQJTIMDYHM-UHFFFAOYNA-N","C22H6F41O3P",1127.939987702,"CC(F)(F)C(F)(F)C(F)(F)C(F)(F)C(F)(F)C(F)(F)C(F)(F)C(F)(F)C(F)(F)C(F)(F)C(F)(F)C(F)(F)C(F)(F)C(F)(F)C(F)(F)C(F)(F)C(F)(F)C(F)(F)C(F)(F)C(C)(F)P(=O)(OF)OF"
4412,NA,"SFZSOFCQWBCYMN-UHFFFAOYNA-N","C11H12F13O3PS",502.003718734,"CC(C)OP(=O)(F)OC(C)C(F)(F)C(F)(F)C(F)(F)C(F)(F)C(F)(F)C(F)SF"
4413,NA,"ZZLZWMXDZLNICV-UHFFFAOYNA-N","C13H12F17O3PS",601.997331614,"CC(C)OP(=O)(F)OC(C)C(F)(F)C(F)(F)C(F)(F)C(F)(F)C(F)(F)C(F)(F)C(F)(F)C(F)SF"
4414,NA,"ZQRPPSYKTJNLCV-UHFFFAOYSA-N","C9HF15O3",441.968617192,"O=C(O)C(F)(F)C(F)(F)C(F)(F)C(F)(F)C(F)(F)C(F)(F)C(F)(F)C(=O)F"
4415,NA,"XBDKYGSJPDHYKC-UHFFFAOYSA-N","C11HF19O3",541.962230072,"O=C(O)C(F)(F)C(F)(F)C(F)(F)C(F)(F)C(F)(F)C(F)(F)C(F)(F)C(F)(F)C(F)(F)C(=O)F"
4416,NA,"VXXCCKRIGIXSGT-UHFFFAOYSA-N","C16HF29O3",791.946262272,"O=C(O)C(F)(F)C(F)(F)C(F)(F)C(F)(F)C(F)(F)C(F)(F)C(F)(F)C(F)(F)C(F)(F)C(F)(F)C(F)(F)C(F)(F)C(F)(F)C(F)(F)C(=O)F"
4417,NA,"ZDRPDJIUHYJFAC-UHFFFAOYSA-N","C15HF27O3",741.949455832,"O=C(O)C(F)(F)C(F)(F)C(F)(F)C(F)(F)C(F)(F)C(F)(F)C(F)(F)C(F)(F)C(F)(F)C(F)(F)C(F)(F)C(F)(F)C(F)(F)C(=O)F"
4418,NA,"FLEPUIZAZZUUOT-UHFFFAOYSA-N","C17HF31O3",841.943068712,"O=C(O)C(F)(F)C(F)(F)C(F)(F)C(F)(F)C(F)(F)C(F)(F)C(F)(F)C(F)(F)C(F)(F)C(F)(F)C(F)(F)C(F)(F)C(F)(F)C(F)(F)C(F)(F)C(=O)F"
4419,NA,"JDBJDOPAPVDUIJ-UHFFFAOYSA-N","C14HF25O3",691.952649392,"O=C(O)C(F)(F)C(F)(F)C(F)(F)C(F)(F)C(F)(F)C(F)(F)C(F)(F)C(F)(F)C(F)(F)C(F)(F)C(F)(F)C(F)(F)C(=O)F"
4420,NA,"DBNZCUAZDODQPT-UHFFFAOYSA-N","C13HF23O3",641.955842952,"O=C(O)C(F)(F)C(F)(F)C(F)(F)C(F)(F)C(F)(F)C(F)(F)C(F)(F)C(F)(F)C(F)(F)C(F)(F)C(F)(F)C(=O)F"
4421,NA,"FCUCIGSSLJIKFH-UHFFFAOYSA-N","C12HF21O3",591.959036512,"O=C(O)C(F)(F)C(F)(F)C(F)(F)C(F)(F)C(F)(F)C(F)(F)C(F)(F)C(F)(F)C(F)(F)C(F)(F)C(=O)F"
4422,NA,"WERJOGAXKLAGNZ-UHFFFAOYSA-N","C10HF17O3",491.965423632,"O=C(O)C(F)(F)C(F)(F)C(F)(F)C(F)(F)C(F)(F)C(F)(F)C(F)(F)C(F)(F)C(=O)F"
4423,NA,"WQFRXJRDCBADLK-UHFFFAOYNA-N","C15H12F21O3PS",701.990944494,"CC(C)OP(=O)(F)OC(C)C(F)(F)C(F)(F)C(F)(F)C(F)(F)C(F)(F)C(F)(F)C(F)(F)C(F)(F)C(F)(F)C(F)SF"
4424,NA,"TXXPWNRVOKLUHP-UHFFFAOYNA-N","C17H12F25O3PS",801.984557374,"CC(C)OP(=O)(F)OC(C)C(F)(F)C(F)(F)C(F)(F)C(F)(F)C(F)(F)C(F)(F)C(F)(F)C(F)(F)C(F)(F)C(F)(F)C(F)(F)C(F)SF"
4425,NA,"PWPIEBCHEXSJGM-UHFFFAOYNA-N","C19H12F29O3PS",901.978170254,"CC(C)OP(=O)(F)OC(C)C(F)(F)C(F)(F)C(F)(F)C(F)(F)C(F)(F)C(F)(F)C(F)(F)C(F)(F)C(F)(F)C(F)(F)C(F)(F)C(F)(F)C(F)(F)C(F)SF"
4426,NA,"VWTFOEUVLADSER-UHFFFAOYNA-N","C21H12F33O3PS",1001.971783134,"CC(C)OP(=O)(F)OC(C)C(F)(F)C(F)(F)C(F)(F)C(F)(F)C(F)(F)C(F)(F)C(F)(F)C(F)(F)C(F)(F)C(F)(F)C(F)(F)C(F)(F)C(F)(F)C(F)(F)C(F)(F)C(F)SF"
4427,NA,"MBDBVCHCPSANMS-UHFFFAOYNA-N","C23H12F37O3PS",1101.965396014,"CC(C)OP(=O)(F)OC(C)C(F)(F)C(F)(F)C(F)(F)C(F)(F)C(F)(F)C(F)(F)C(F)(F)C(F)(F)C(F)(F)C(F)(F)C(F)(F)C(F)(F)C(F)(F)C(F)(F)C(F)(F)C(F)(F)C(F)(F)C(F)SF"
4428,NA,"KOPUJORQVSVONT-UHFFFAOYNA-N","C7H12F5O3PS",302.016492974,"CC(C)OP(=O)(F)OC(C)C(F)(F)C(F)SF"
4429,NA,"OJRLXOOOOHRBIY-UHFFFAOYNA-N","C25H12F41O3PS",1201.959008894,"CC(C)OP(=O)(F)OC(C)C(F)(F)C(F)(F)C(F)(F)C(F)(F)C(F)(F)C(F)(F)C(F)(F)C(F)(F)C(F)(F)C(F)(F)C(F)(F)C(F)(F)C(F)(F)C(F)(F)C(F)(F)C(F)(F)C(F)(F)C(F)(F)C(F)(F)C(F)SF"
4430,NA,"XOIJRJMZZDBCEA-UHFFFAOYNA-N","C9H12F9O3PS",402.010105854,"CC(C)OP(=O)(F)OC(C)C(F)(F)C(F)(F)C(F)(F)C(F)SF"
4431,NA,"VFNILYYVIBDMQP-NSCUHMNNSA-N","C15H10F21NO3S",683.0046068,"C/C=C/N(CCO)S(=O)(=O)C(F)(F)C(F)(F)C(F)(F)C(F)(F)C(F)(F)C(F)(F)C(F)(F)C(F)(F)C(F)(F)C(F)(F)F"
4432,NA,"JJMVXUYNNYFPJL-UHFFFAOYSA-N","C15H12F21NO3S",685.020256864,"CCCN(CCO)S(=O)(=O)C(F)(F)C(F)(F)C(F)(F)C(F)(F)C(F)(F)C(F)(F)C(F)(F)C(F)(F)C(F)(F)C(F)(F)F"
4433,NA,"BEMFLNGJKRQXJQ-UHFFFAOYSA-N","C17H10F23NO4S",760.99632786,"CCCCN(C(F)(F)C(F)(F)C(C(=O)O)=C(F)F)S(=O)(=O)C(F)(F)C(F)(F)C(F)(F)C(F)(F)C(F)(F)C(F)(F)C(F)(F)C(F)(F)F"
4434,NA,"COMMOBIKIQXITA-UHFFFAOYNA-N","C17H10F23NO3S",745.00141324,"C=C=CN(CCO)S(=O)(=O)C(F)(F)C(F)(F)C(F)(F)C(F)(F)C(F)(F)C(F)(F)C(F)(F)C(F)(F)C(F)(F)C(F)(F)C(F)(F)CF"
4435,NA,"KMYRITKGDMJNBQ-UHFFFAOYSA-N","C17H12F25NO3S",785.013869744,"CCCN(CCO)S(=O)(=O)C(F)(F)C(F)(F)C(F)(F)C(F)(F)C(F)(F)C(F)(F)C(F)(F)C(F)(F)C(F)(F)C(F)(F)C(F)(F)C(F)(F)F"
4436,NA,"PBQIRXVKVQKFHP-UHFFFAOYSA-N","C7H10F5NO4S",299.0250699,"O=CCCN(CCO)S(=O)(=O)C(F)(F)C(F)(F)F"
4437,NA,"LAGRJDHUCYIZQG-NSCUHMNNSA-N","C7H10F5NO3S",283.03015528,"C/C=C/N(CCO)S(=O)(=O)C(F)(F)C(F)(F)F"
4438,NA,"OYBRZLLRZNYTFO-UHFFFAOYSA-N","C7H12F5NO3S",285.045805344,"CCCN(CCO)S(=O)(=O)C(F)(F)C(F)(F)F"
4439,NA,"WJSLZBLBLVVDJF-UHFFFAOYSA-N","C9H10F9NO4S",399.01868278,"O=CCCN(CCO)S(=O)(=O)C(F)(F)C(F)(F)C(F)(F)C(F)(F)F"
4440,NA,"HVXBAUFUTWCOHX-NSCUHMNNSA-N","C9H10F9NO3S",383.02376816,"C/C=C/N(CCO)S(=O)(=O)C(F)(F)C(F)(F)C(F)(F)C(F)(F)F"
4441,NA,"FPXKPHRBKIFTQJ-UHFFFAOYSA-N","C15H10F21NO4S",698.99952142,"O=CCCN(CCO)S(=O)(=O)C(F)(F)C(F)(F)C(F)(F)C(F)(F)C(F)(F)C(F)(F)C(F)(F)C(F)(F)C(F)(F)C(F)(F)F"
4442,NA,"AAAKUHZHMHFJFG-NSCUHMNNSA-N","C13H10F17NO3S",583.01099392,"C/C=C/N(CCO)S(=O)(=O)C(F)(F)C(F)(F)C(F)(F)C(F)(F)C(F)(F)C(F)(F)C(F)(F)C(F)(F)F"
4443,NA,"NPPZDJIVRDFZPV-UHFFFAOYSA-N","C3H3F5O4S",229.967220676,"O=S(=O)(O)C(F)(F)C(F)(F)OCF"
4444,NA,"VTDLVODIYOMABU-UHFFFAOYSA-N","C9H3F17O4S",529.948059316,"O=S(=O)(O)C(F)(F)C(F)(F)C(F)(F)C(F)(F)C(F)(F)C(F)(F)C(F)(F)C(F)(F)OCF"
4445,NA,"KUAJRBMIIAVVDP-UHFFFAOYSA-N","C11H3F21O4S",629.941672196,"O=S(=O)(O)C(F)(F)C(F)(F)C(F)(F)C(F)(F)C(F)(F)C(F)(F)C(F)(F)C(F)(F)C(F)(F)C(F)(F)OCF"
4446,NA,"LVDCAMGPDMHYHN-UHFFFAOYSA-N","C6H3F11O4S",379.957639996,"O=S(=O)(O)C(F)(F)C(F)(F)C(F)(F)C(F)(F)C(F)(F)OCF"
4447,NA,"QRAKWNXGHKGVBU-UHFFFAOYSA-N","C16H3F31O4S",879.925704396,"O=S(=O)(O)C(F)(F)C(F)(F)C(F)(F)C(F)(F)C(F)(F)C(F)(F)C(F)(F)C(F)(F)C(F)(F)C(F)(F)C(F)(F)C(F)(F)C(F)(F)C(F)(F)C(F)(F)OCF"
4448,NA,"NVPRFHLRKVBQFL-UHFFFAOYSA-N","C15H3F29O4S",829.928897956,"O=S(=O)(O)C(F)(F)C(F)(F)C(F)(F)C(F)(F)C(F)(F)C(F)(F)C(F)(F)C(F)(F)C(F)(F)C(F)(F)C(F)(F)C(F)(F)C(F)(F)C(F)(F)OCF"
4449,NA,"ALVMPDYAYCUHRW-UHFFFAOYSA-N","C5H3F9O4S",329.960833556,"O=S(=O)(O)C(F)(F)C(F)(F)C(F)(F)C(F)(F)OCF"
4450,NA,"URRMPQAWHDOVPC-UHFFFAOYSA-N","C7H3F13O4S",429.954446436,"O=S(=O)(O)C(F)(F)C(F)(F)C(F)(F)C(F)(F)C(F)(F)C(F)(F)OCF"
4451,NA,"RUZOGPSAZIFNDB-UHFFFAOYSA-N","C14H3F27O4S",779.932091516,"O=S(=O)(O)C(F)(F)C(F)(F)C(F)(F)C(F)(F)C(F)(F)C(F)(F)C(F)(F)C(F)(F)C(F)(F)C(F)(F)C(F)(F)C(F)(F)C(F)(F)OCF"
4452,NA,"JGJALIPAGRSOHW-UHFFFAOYSA-N","C4H3F7O4S",279.964027116,"O=S(=O)(O)C(F)(F)C(F)(F)C(F)(F)OCF"
4453,NA,"GWXYKPUAGXIHOB-UHFFFAOYSA-N","C13H3F25O4S",729.935285076,"O=S(=O)(O)C(F)(F)C(F)(F)C(F)(F)C(F)(F)C(F)(F)C(F)(F)C(F)(F)C(F)(F)C(F)(F)C(F)(F)C(F)(F)C(F)(F)OCF"
4454,NA,"PMMOBQXDWHRFTK-UHFFFAOYSA-N","C12H3F23O4S",679.938478636,"O=S(=O)(O)C(F)(F)C(F)(F)C(F)(F)C(F)(F)C(F)(F)C(F)(F)C(F)(F)C(F)(F)C(F)(F)C(F)(F)C(F)(F)OCF"
4455,NA,"SBICQBKUVFCDLM-UHFFFAOYSA-N","C10H3F19O4S",579.944865756,"O=S(=O)(O)C(F)(F)C(F)(F)C(F)(F)C(F)(F)C(F)(F)C(F)(F)C(F)(F)C(F)(F)C(F)(F)OCF"
4456,NA,"FGFGLXZGRGOYCN-UHFFFAOYNA-N","C3H2F4O4S",209.960992424,"O=CC(F)(C(F)(F)F)S(=O)(=O)O"
4457,NA,"AZDHEHPWBYPYRE-UHFFFAOYNA-N","C9H2F16O4S",509.941831064,"O=CC(F)(C(F)(F)C(F)(F)C(F)(F)C(F)(F)C(F)(F)C(F)(F)C(F)(F)F)S(=O)(=O)O"
4458,NA,"BYVBFMMJBIFQCV-UHFFFAOYNA-N","C11H2F20O4S",609.935443944,"O=CC(F)(C(F)(F)C(F)(F)C(F)(F)C(F)(F)C(F)(F)C(F)(F)C(F)(F)C(F)(F)C(F)(F)F)S(=O)(=O)O"
4459,NA,"AORFZRJZDLHCJA-UHFFFAOYNA-N","C16H2F30O4S",859.919476144,"O=CC(F)(C(F)(F)C(F)(F)C(F)(F)C(F)(F)C(F)(F)C(F)(F)C(F)(F)C(F)(F)C(F)(F)C(F)(F)C(F)(F)C(F)(F)C(F)(F)C(F)(F)F)S(=O)(=O)O"
4460,NA,"DPTJPDVETAXTGI-UHFFFAOYNA-N","C6H2F10O4S",359.951411744,"O=CC(F)(C(F)(F)C(F)(F)C(F)(F)C(F)(F)F)S(=O)(=O)O"
4461,NA,"GFCIVIPYLJGOQS-UHFFFAOYNA-N","C15H2F28O4S",809.922669704,"O=CC(F)(C(F)(F)C(F)(F)C(F)(F)C(F)(F)C(F)(F)C(F)(F)C(F)(F)C(F)(F)C(F)(F)C(F)(F)C(F)(F)C(F)(F)C(F)(F)F)S(=O)(=O)O"
4462,NA,"VAYBAJODXWLSSU-UHFFFAOYNA-N","C5H2F8O4S",309.954605304,"O=CC(F)(C(F)(F)C(F)(F)C(F)(F)F)S(=O)(=O)O"
4463,NA,"WERLJXUSUCDZQQ-UHFFFAOYNA-N","C18H2F34O4S",959.913089024,"O=CC(F)(C(F)(F)C(F)(F)C(F)(F)C(F)(F)C(F)(F)C(F)(F)C(F)(F)C(F)(F)C(F)(F)C(F)(F)C(F)(F)C(F)(F)C(F)(F)C(F)(F)C(F)(F)C(F)(F)F)S(=O)(=O)O"
4464,NA,"HXWVASZEVQYKTF-UHFFFAOYNA-N","C17H2F32O4S",909.916282584,"O=CC(F)(C(F)(F)C(F)(F)C(F)(F)C(F)(F)C(F)(F)C(F)(F)C(F)(F)C(F)(F)C(F)(F)C(F)(F)C(F)(F)C(F)(F)C(F)(F)C(F)(F)C(F)(F)F)S(=O)(=O)O"
4465,NA,"FTONGRLETIXDAE-UHFFFAOYNA-N","C7H2F12O4S",409.948218184,"O=CC(F)(C(F)(F)C(F)(F)C(F)(F)C(F)(F)C(F)(F)F)S(=O)(=O)O"
4466,NA,"MAKPQPFNCWAQFQ-UHFFFAOYNA-N","C14H2F26O4S",759.925863264,"O=CC(F)(C(F)(F)C(F)(F)C(F)(F)C(F)(F)C(F)(F)C(F)(F)C(F)(F)C(F)(F)C(F)(F)C(F)(F)C(F)(F)C(F)(F)F)S(=O)(=O)O"
4467,NA,"HTYYVRNPYZHYOP-UHFFFAOYNA-N","C4H2F6O4S",259.957798864,"O=CC(F)(C(F)(F)C(F)(F)F)S(=O)(=O)O"
4468,NA,"RPKKYCLIYCPRGI-UHFFFAOYNA-N","C13H2F24O4S",709.929056824,"O=CC(F)(C(F)(F)C(F)(F)C(F)(F)C(F)(F)C(F)(F)C(F)(F)C(F)(F)C(F)(F)C(F)(F)C(F)(F)C(F)(F)F)S(=O)(=O)O"
4469,NA,"NJTFIOJKMSMTCA-UHFFFAOYNA-N","C12H2F22O4S",659.932250384,"O=CC(F)(C(F)(F)C(F)(F)C(F)(F)C(F)(F)C(F)(F)C(F)(F)C(F)(F)C(F)(F)C(F)(F)C(F)(F)F)S(=O)(=O)O"
4470,NA,"CZJYTCBFDCCJAI-UHFFFAOYNA-N","C10H2F18O4S",559.938637504,"O=CC(F)(C(F)(F)C(F)(F)C(F)(F)C(F)(F)C(F)(F)C(F)(F)C(F)(F)C(F)(F)F)S(=O)(=O)O"
4471,NA,"VJRYNNSVYQRANZ-UHFFFAOYSA-N","C3HClF6O4S",281.918826512,"O=S(=O)(O)C(F)(F)C(F)(F)OC(F)(F)Cl"
4472,NA,"YNXMTGRUFBDKCK-UHFFFAOYSA-N","C9HClF18O4S",581.899665152,"O=S(=O)(O)C(F)(F)C(F)(F)C(F)(F)C(F)(F)C(F)(F)C(F)(F)C(F)(F)C(F)(F)OC(F)(F)Cl"
4473,NA,"XWOIEFMRXHKQEU-UHFFFAOYSA-N","C11HClF22O4S",681.893278032,"O=S(=O)(O)C(F)(F)C(F)(F)C(F)(F)C(F)(F)C(F)(F)C(F)(F)C(F)(F)C(F)(F)C(F)(F)C(F)(F)OC(F)(F)Cl"
4474,NA,"NRSGCQNKZROBRP-UHFFFAOYSA-N","C14HClF28O4S",831.883697352,"O=S(=O)(O)C(F)(F)C(F)(F)C(F)(F)C(F)(F)C(F)(F)C(F)(F)C(F)(F)C(F)(F)C(F)(F)C(F)(F)C(F)(F)C(F)(F)C(F)(F)OC(F)(F)Cl"
4475,NA,"BJNTXNSVWVPWHA-UHFFFAOYSA-N","C5HClF10O4S",381.912439392,"O=S(=O)(O)C(F)(F)C(F)(F)C(F)(F)C(F)(F)OC(F)(F)Cl"
4476,NA,"WFSJBWDAODHDNZ-UHFFFAOYSA-N","C7HClF14O4S",481.906052272,"O=S(=O)(O)C(F)(F)C(F)(F)C(F)(F)C(F)(F)C(F)(F)C(F)(F)OC(F)(F)Cl"
4477,NA,"XRUIRPFJXMDLSA-UHFFFAOYSA-N","C4HClF8O4S",331.915632952,"O=S(=O)(O)C(F)(F)C(F)(F)C(F)(F)OC(F)(F)Cl"
4478,NA,"WSJUIIFMJMYUBF-UHFFFAOYSA-N","C13HClF26O4S",781.886890912,"O=S(=O)(O)C(F)(F)C(F)(F)C(F)(F)C(F)(F)C(F)(F)C(F)(F)C(F)(F)C(F)(F)C(F)(F)C(F)(F)C(F)(F)C(F)(F)OC(F)(F)Cl"
4479,NA,"KVQPTMRJUGXQHT-UHFFFAOYSA-N","C3HF7O4S",265.948377052,"O=S(=O)(O)C(F)(F)C(F)(F)OC(F)(F)F"
4480,NA,"RCQKFHHERKYFGR-UHFFFAOYSA-N","C17HF35O4S",965.903667212,"O=S(=O)(O)C(F)(F)C(F)(F)C(F)(F)C(F)(F)C(F)(F)C(F)(F)C(F)(F)C(F)(F)C(F)(F)C(F)(F)C(F)(F)C(F)(F)C(F)(F)C(F)(F)C(F)(F)C(F)(F)OC(F)(F)F"
4481,NA,"UTZOQXUWWISJQE-UHFFFAOYSA-N","C11HF23O4S",665.922828572,"O=S(=O)(O)C(F)(F)C(F)(F)C(F)(F)C(F)(F)C(F)(F)C(F)(F)C(F)(F)C(F)(F)C(F)(F)C(F)(F)OC(F)(F)F"
4482,NA,"YXPWJYYPIJKAGL-UHFFFAOYSA-N","C15HF31O4S",865.910054332,"O=S(=O)(O)C(F)(F)C(F)(F)C(F)(F)C(F)(F)C(F)(F)C(F)(F)C(F)(F)C(F)(F)C(F)(F)C(F)(F)C(F)(F)C(F)(F)C(F)(F)C(F)(F)OC(F)(F)F"
4483,NA,"ZDBWISAOVMMQGP-UHFFFAOYSA-N","C13HF27O4S",765.916441452,"O=S(=O)(O)C(F)(F)C(F)(F)C(F)(F)C(F)(F)C(F)(F)C(F)(F)C(F)(F)C(F)(F)C(F)(F)C(F)(F)C(F)(F)C(F)(F)OC(F)(F)F"
4484,NA,"GHUOBLWHWWIOLN-UHFFFAOYSA-N","C14HF29O4S",815.913247892,"O=S(=O)(O)C(F)(F)C(F)(F)C(F)(F)C(F)(F)C(F)(F)C(F)(F)C(F)(F)C(F)(F)C(F)(F)C(F)(F)C(F)(F)C(F)(F)C(F)(F)OC(F)(F)F"
4485,NA,"TTYOXVQDDBIUHB-UHFFFAOYSA-N","C9HF19O4S",565.929215692,"O=S(=O)(O)C(F)(F)C(F)(F)C(F)(F)C(F)(F)C(F)(F)C(F)(F)C(F)(F)C(F)(F)OC(F)(F)F"
4486,NA,"FDBWXQDTWDADFR-UHFFFAOYSA-N","C7HF15O4S",465.935602812,"O=S(=O)(O)C(F)(F)C(F)(F)C(F)(F)C(F)(F)C(F)(F)C(F)(F)OC(F)(F)F"
4487,NA,"LSQBKBDSUACNCG-UHFFFAOYSA-N","C5H5F5O3",208.01588512,"O=C(F)C(F)(F)C(F)(F)CC(O)O"
4488,NA,"PFQMXWGWLBXTCF-UHFFFAOYSA-N","C11H10F13NO4S",499.01229566,"O=C(O)CCNS(=O)(=O)CCC(F)(F)C(F)(F)C(F)(F)C(F)(F)C(F)(F)C(F)(F)F"
4489,NA,"JOZNZKNHTRLKIW-UHFFFAOYSA-N","C11H10F13NO3S",483.01738104,"O=CCCNS(=O)(=O)CCC(F)(F)C(F)(F)C(F)(F)C(F)(F)C(F)(F)C(F)(F)F"
4490,NA,"PEZFQVKGXTXLFT-UHFFFAOYSA-N","C32H50F17NO13S",1011.2731414,"CCN(CCOCCOCCOCCOCCOCCOCCOCCOCCOCCOCCO)S(=O)(=O)C(F)(F)C(F)(F)C(F)(F)C(F)(F)C(F)(F)C(F)(F)C(F)(F)C(F)(F)F"
4491,NA,"GFMUEDIKYIBDGG-UHFFFAOYSA-N","C34H54F17NO14S",1055.299356148,"CCN(CCOCCOCCOCCOCCOCCOCCOCCOCCOCCOCCOCCO)S(=O)(=O)C(F)(F)C(F)(F)C(F)(F)C(F)(F)C(F)(F)C(F)(F)C(F)(F)C(F)(F)F"
4492,NA,"ARVVMEDXNADRDG-UHFFFAOYSA-N","C36H58F17NO15S",1099.325570896,"CCN(CCOCCOCCOCCOCCOCCOCCOCCOCCOCCOCCOCCOCCO)S(=O)(=O)C(F)(F)C(F)(F)C(F)(F)C(F)(F)C(F)(F)C(F)(F)C(F)(F)C(F)(F)F"
4493,NA,"SRUUXDQSDCVXKD-UHFFFAOYSA-N","C38H62F17NO16S",1143.351785644,"CCN(CCOCCOCCOCCOCCOCCOCCOCCOCCOCCOCCOCCOCCOCCO)S(=O)(=O)C(F)(F)C(F)(F)C(F)(F)C(F)(F)C(F)(F)C(F)(F)C(F)(F)C(F)(F)F"
4494,NA,"ODMRBANYFAUUFW-UHFFFAOYSA-N","C40H66F17NO17S",1187.378000392,"CCN(CCOCCOCCOCCOCCOCCOCCOCCOCCOCCOCCOCCOCCOCCOCCO)S(=O)(=O)C(F)(F)C(F)(F)C(F)(F)C(F)(F)C(F)(F)C(F)(F)C(F)(F)C(F)(F)F"
4495,"68298-81-7","QXDNTOUKCXKKHT-UHFFFAOYSA-N","C13H14F15NO4S",565.040402228,"CCN(CCOCCO)S(=O)(=O)C(F)(F)C(F)(F)C(F)(F)C(F)(F)C(F)(F)C(F)(F)C(F)(F)F"
4496,"68298-80-6","YDFSXFDSBWMWLO-UHFFFAOYSA-N","C11H14F11NO4S",465.046789348,"CCN(CCOCCO)S(=O)(=O)C(F)(F)C(F)(F)C(F)(F)C(F)(F)C(F)(F)F"
4497,NA,"RQLWDNRVJUKIHI-UHFFFAOYSA-N","C15H18F15NO5S",609.066616976,"CCN(CCOCCOCCO)S(=O)(=O)C(F)(F)C(F)(F)C(F)(F)C(F)(F)C(F)(F)C(F)(F)C(F)(F)F"
4498,NA,"HRJLASDCBJWVKZ-UHFFFAOYSA-N","C14H18F13NO5S",559.069810536,"CCN(CCOCCOCCO)S(=O)(=O)C(F)(F)C(F)(F)C(F)(F)C(F)(F)C(F)(F)C(F)(F)F"
4499,NA,"HXKXDJLFBSNDDL-UHFFFAOYSA-N","C16H18F17NO5S",659.063423416,"CCN(CCOCCOCCO)S(=O)(=O)C(F)(F)C(F)(F)C(F)(F)C(F)(F)C(F)(F)C(F)(F)C(F)(F)C(F)(F)F"
4500,NA,"BAKAUFCFBXDOIL-UHFFFAOYSA-N","C13H18F11NO5S",509.073004096,"CCN(CCOCCOCCO)S(=O)(=O)C(F)(F)C(F)(F)C(F)(F)C(F)(F)C(F)(F)F"
4501,NA,"CBDAYLIOYNIKBY-UHFFFAOYSA-N","C17H22F15NO6S",653.092831724,"CCN(CCOCCOCCOCCO)S(=O)(=O)C(F)(F)C(F)(F)C(F)(F)C(F)(F)C(F)(F)C(F)(F)C(F)(F)F"
4502,NA,"GEYQKILWXGOLIK-UHFFFAOYSA-N","C16H22F13NO6S",603.096025284,"CCN(CCOCCOCCOCCO)S(=O)(=O)C(F)(F)C(F)(F)C(F)(F)C(F)(F)C(F)(F)C(F)(F)F"
4503,NA,"FPKYVUSWHGEBAW-UHFFFAOYSA-N","C18H22F17NO6S",703.089638164,"CCN(CCOCCOCCOCCO)S(=O)(=O)C(F)(F)C(F)(F)C(F)(F)C(F)(F)C(F)(F)C(F)(F)C(F)(F)C(F)(F)F"
4504,NA,"BIQOASKSZAEAMP-UHFFFAOYSA-N","C15H22F11NO6S",553.099218844,"CCN(CCOCCOCCOCCO)S(=O)(=O)C(F)(F)C(F)(F)C(F)(F)C(F)(F)C(F)(F)F"
4505,NA,"WGVDZTMWSOQBMD-UHFFFAOYSA-N","C19H26F15NO7S",697.119046472,"CCN(CCOCCOCCOCCOCCO)S(=O)(=O)C(F)(F)C(F)(F)C(F)(F)C(F)(F)C(F)(F)C(F)(F)C(F)(F)F"
4506,NA,"ZEUOMACHYBCMNJ-UHFFFAOYSA-N","C18H26F13NO7S",647.122240032,"CCN(CCOCCOCCOCCOCCO)S(=O)(=O)C(F)(F)C(F)(F)C(F)(F)C(F)(F)C(F)(F)C(F)(F)F"
4507,NA,"VXCNTHGDUBTQBX-UHFFFAOYSA-N","C20H26F17NO7S",747.115852912,"CCN(CCOCCOCCOCCOCCO)S(=O)(=O)C(F)(F)C(F)(F)C(F)(F)C(F)(F)C(F)(F)C(F)(F)C(F)(F)C(F)(F)F"
4508,NA,"NVZMMWHJJAVPIM-UHFFFAOYSA-N","C17H26F11NO7S",597.125433592,"CCN(CCOCCOCCOCCOCCO)S(=O)(=O)C(F)(F)C(F)(F)C(F)(F)C(F)(F)C(F)(F)F"
4509,NA,"OATHMZPJOUPNIN-UHFFFAOYSA-N","C21H30F15NO8S",741.14526122,"CCN(CCOCCOCCOCCOCCOCCO)S(=O)(=O)C(F)(F)C(F)(F)C(F)(F)C(F)(F)C(F)(F)C(F)(F)C(F)(F)F"
4510,NA,"SKWPYPIIXCBZHD-UHFFFAOYSA-N","C20H30F13NO8S",691.14845478,"CCN(CCOCCOCCOCCOCCOCCO)S(=O)(=O)C(F)(F)C(F)(F)C(F)(F)C(F)(F)C(F)(F)C(F)(F)F"
4511,NA,"XOFYXVVRHPRCEZ-UHFFFAOYSA-N","C22H30F17NO8S",791.14206766,"CCN(CCOCCOCCOCCOCCOCCO)S(=O)(=O)C(F)(F)C(F)(F)C(F)(F)C(F)(F)C(F)(F)C(F)(F)C(F)(F)C(F)(F)F"
4512,NA,"MQQKTQILFYQAKB-UHFFFAOYSA-N","C19H30F11NO8S",641.15164834,"CCN(CCOCCOCCOCCOCCOCCO)S(=O)(=O)C(F)(F)C(F)(F)C(F)(F)C(F)(F)C(F)(F)F"
4513,NA,"GKUWXASXVNDDFT-UHFFFAOYSA-N","C23H34F15NO9S",785.171475968,"CCN(CCOCCOCCOCCOCCOCCOCCO)S(=O)(=O)C(F)(F)C(F)(F)C(F)(F)C(F)(F)C(F)(F)C(F)(F)C(F)(F)F"
4514,NA,"KGWKPNIKRCLBBN-UHFFFAOYSA-N","C22H34F13NO9S",735.174669528,"CCN(CCOCCOCCOCCOCCOCCOCCO)S(=O)(=O)C(F)(F)C(F)(F)C(F)(F)C(F)(F)C(F)(F)C(F)(F)F"
4515,NA,"WGTGZLJXJVFIKO-UHFFFAOYSA-N","C24H34F17NO9S",835.168282408,"CCN(CCOCCOCCOCCOCCOCCOCCO)S(=O)(=O)C(F)(F)C(F)(F)C(F)(F)C(F)(F)C(F)(F)C(F)(F)C(F)(F)C(F)(F)F"
4516,NA,"RDTAYBUELAXHKP-UHFFFAOYSA-N","C21H34F11NO9S",685.177863088,"CCN(CCOCCOCCOCCOCCOCCOCCO)S(=O)(=O)C(F)(F)C(F)(F)C(F)(F)C(F)(F)C(F)(F)F"
4517,NA,"BINQLFFTHFROTC-UHFFFAOYSA-N","C25H38F15NO10S",829.197690716,"CCN(CCOCCOCCOCCOCCOCCOCCOCCO)S(=O)(=O)C(F)(F)C(F)(F)C(F)(F)C(F)(F)C(F)(F)C(F)(F)C(F)(F)F"
4518,NA,"LHKVOTPYHHRKSY-UHFFFAOYSA-N","C24H38F13NO10S",779.200884276,"CCN(CCOCCOCCOCCOCCOCCOCCOCCO)S(=O)(=O)C(F)(F)C(F)(F)C(F)(F)C(F)(F)C(F)(F)C(F)(F)F"
4519,NA,"KLXHHEWWHKVGFT-UHFFFAOYSA-N","C26H38F17NO10S",879.194497156,"CCN(CCOCCOCCOCCOCCOCCOCCOCCO)S(=O)(=O)C(F)(F)C(F)(F)C(F)(F)C(F)(F)C(F)(F)C(F)(F)C(F)(F)C(F)(F)F"
4520,NA,"BCENPODTOPUPCS-UHFFFAOYSA-N","C23H38F11NO10S",729.204077836,"CCN(CCOCCOCCOCCOCCOCCOCCOCCO)S(=O)(=O)C(F)(F)C(F)(F)C(F)(F)C(F)(F)C(F)(F)F"
4521,NA,"DJZCEOOTWIATQX-UHFFFAOYSA-N","C27H42F15NO11S",873.223905464,"CCN(CCOCCOCCOCCOCCOCCOCCOCCOCCO)S(=O)(=O)C(F)(F)C(F)(F)C(F)(F)C(F)(F)C(F)(F)C(F)(F)C(F)(F)F"
4522,NA,"AYGWPJRSUYTWQK-UHFFFAOYSA-N","C26H42F13NO11S",823.227099024,"CCN(CCOCCOCCOCCOCCOCCOCCOCCOCCO)S(=O)(=O)C(F)(F)C(F)(F)C(F)(F)C(F)(F)C(F)(F)C(F)(F)F"
4523,NA,"KHODLRGIHGQGFK-UHFFFAOYSA-N","C28H42F17NO11S",923.220711904,"CCN(CCOCCOCCOCCOCCOCCOCCOCCOCCO)S(=O)(=O)C(F)(F)C(F)(F)C(F)(F)C(F)(F)C(F)(F)C(F)(F)C(F)(F)C(F)(F)F"
4524,NA,"JLDNSQBEBAIZDN-UHFFFAOYSA-N","C25H42F11NO11S",773.230292584,"CCN(CCOCCOCCOCCOCCOCCOCCOCCOCCO)S(=O)(=O)C(F)(F)C(F)(F)C(F)(F)C(F)(F)C(F)(F)F"
4525,NA,"UXWLFCCFIPXSRE-UHFFFAOYSA-N","C30H46F17NO12S",967.246926652,"CCN(CCOCCOCCOCCOCCOCCOCCOCCOCCOCCO)S(=O)(=O)C(F)(F)C(F)(F)C(F)(F)C(F)(F)C(F)(F)C(F)(F)C(F)(F)C(F)(F)F"
4526,NA,"CFZBNHOLJSILRT-UHFFFAOYSA-N","C16H4F26O3",737.974527708,"O=C(O)COC(F)(F)C(F)(F)C(F)(F)C(F)(F)C(F)(F)C(F)(F)C(F)(F)C(F)(F)C(F)(F)C(F)(F)C(F)(F)C(F)=C(F)C(F)F"
4527,NA,"SDYKVUUUQXLRCQ-UHFFFAOYSA-N","C15H4F24O3",687.977721268,"O=C(O)COC(F)(F)C(F)(F)C(F)(F)C(F)(F)C(F)(F)C(F)(F)C(F)(F)C(F)(F)C(F)(F)C(F)(F)C(F)=C(F)C(F)F"
4528,NA,"ZEMXXTOEWPJUBP-UHFFFAOYNA-N","C5H4F4O3",188.009656868,"O=C(O)C(O)C(F)=C(F)C(F)F"
4529,NA,"FXLFQUZBMKYMAU-UHFFFAOYNA-N","C7H4F8O3",288.003269748,"O=C(O)C(O)C(F)(F)C(F)(F)C(F)=C(F)C(F)F"
4530,NA,"IDYLVRIPVWMXAA-ZPUQHVIOSA-N","C10HF15O2",437.973702572,"O=C(O)/C(F)=C(F)/C(F)=C(\F)C(F)(F)C(F)(F)C(F)(F)C(F)(F)C(F)(F)F"
4531,NA,"MGXFVZOGKZHORF-ZPUQHVIOSA-N","C12HF19O2",537.967315452,"O=C(O)/C(F)=C(F)/C(F)=C(\F)C(F)(F)C(F)(F)C(F)(F)C(F)(F)C(F)(F)C(F)(F)C(F)(F)F"
4532,NA,"BBFNPRBJSRSZIJ-ZPUQHVIOSA-N","C17HF29O2",787.951347652,"O=C(O)/C(F)=C(F)/C(F)=C(\F)C(F)(F)C(F)(F)C(F)(F)C(F)(F)C(F)(F)C(F)(F)C(F)(F)C(F)(F)C(F)(F)C(F)(F)C(F)(F)C(F)(F)F"
4533,NA,"TWAPVTBFJNEEDX-ZPUQHVIOSA-N","C16HF27O2",737.954541212,"O=C(O)/C(F)=C(F)/C(F)=C(\F)C(F)(F)C(F)(F)C(F)(F)C(F)(F)C(F)(F)C(F)(F)C(F)(F)C(F)(F)C(F)(F)C(F)(F)C(F)(F)F"
4534,NA,"HFYNNMJNZVXMEJ-ZPUQHVIOSA-N","C9HF13O2",387.976896132,"O=C(O)/C(F)=C(F)/C(F)=C(\F)C(F)(F)C(F)(F)C(F)(F)C(F)(F)F"
4535,NA,"BFPAORNOUZGNNF-ZPUQHVIOSA-N","C18HF31O2",837.948154092,"O=C(O)/C(F)=C(F)/C(F)=C(\F)C(F)(F)C(F)(F)C(F)(F)C(F)(F)C(F)(F)C(F)(F)C(F)(F)C(F)(F)C(F)(F)C(F)(F)C(F)(F)C(F)(F)C(F)(F)F"
4536,NA,"CQHPVHISFUZIBQ-ZPUQHVIOSA-N","C15HF25O2",687.957734772,"O=C(O)/C(F)=C(F)/C(F)=C(\F)C(F)(F)C(F)(F)C(F)(F)C(F)(F)C(F)(F)C(F)(F)C(F)(F)C(F)(F)C(F)(F)C(F)(F)F"
4537,NA,"CQLXBXICZCIENC-ZPUQHVIOSA-N","C14HF23O2",637.960928332,"O=C(O)/C(F)=C(F)/C(F)=C(\F)C(F)(F)C(F)(F)C(F)(F)C(F)(F)C(F)(F)C(F)(F)C(F)(F)C(F)(F)C(F)(F)F"
4538,NA,"OPSUHINMFPKOIN-ZPUQHVIOSA-N","C13HF21O2",587.964121892,"O=C(O)/C(F)=C(F)/C(F)=C(\F)C(F)(F)C(F)(F)C(F)(F)C(F)(F)C(F)(F)C(F)(F)C(F)(F)C(F)(F)F"
4539,NA,"ZUEFTCZUSVGCSY-ZPUQHVIOSA-N","C11HF17O2",487.970509012,"O=C(O)/C(F)=C(F)/C(F)=C(\F)C(F)(F)C(F)(F)C(F)(F)C(F)(F)C(F)(F)C(F)(F)F"
4540,"377-38-8","YUDUFRYTKFGQCL-UHFFFAOYSA-N","C4H2F4O4",189.988921424,"O=C(O)C(F)(F)C(F)(F)C(=O)O"
4541,NA,"FDYFJLNRDMUFBF-UHFFFAOYSA-N","C7H2F10O4",339.979340744,"O=C(O)C(F)(F)C(F)(F)C(F)(F)C(F)(F)C(F)(F)C(=O)O"
4542,NA,"MQYABYCFEIWYTI-UHFFFAOYNA-N","C21H19F21N2O4S",794.073020708,"O=C(O)CN=C(O)CN=C(O)CCSCC(F)(F)C(F)C(F)(F)C(F)C(F)(F)C(F)C(F)(F)C(F)C(F)(F)C(F)C(F)(F)C(F)C(F)(F)F"
4543,NA,"XZNJRQJDRVPWHG-UHFFFAOYSA-N","C18H14F21NO3S",723.035906928,"O=C(O)CN=C(O)CCSCCC(F)(F)C(F)(F)C(F)(F)C(F)(F)C(F)(F)C(F)(F)C(F)(F)C(F)(F)C(F)(F)C(F)(F)CF"
4544,NA,"OWODYFUPVULHKU-UHFFFAOYSA-N","C18H13F21O4S",724.019922516,"O=C(O)COC(=O)CCSCCCC(F)(F)C(F)(F)C(F)(F)C(F)(F)C(F)(F)C(F)(F)C(F)(F)C(F)(F)C(F)(F)C(F)(F)F"
4545,NA,"QUMJXIPRWBWNIT-UHFFFAOYNA-N","C23H19F25N2O4S",894.066633588,"NC(CC(O)=NC(O)CC=O)C(=O)CCSCC(F)(F)C(F)(F)C(F)(F)C(F)(F)C(F)(F)C(F)(F)C(F)(F)C(F)(F)C(F)(F)C(F)(F)C(F)C(F)C(F)(F)F"
4546,NA,"FKOHVYWHQNYZLU-UHFFFAOYNA-N","C20H14F25NO3S",823.029519808,"NC(CCCC(=O)O)C(=O)CCSC(F)(F)C(F)(F)C(F)(F)C(F)(F)C(F)(F)C(F)(F)C(F)(F)C(F)(F)C(F)(F)C(F)(F)C(F)(F)C(F)(F)F"
4547,NA,"HOUDGARILOOFIP-UHFFFAOYSA-N","C20H13F25O4S",824.013535396,"O=C(O)COC(=O)CCSCCCC(F)(F)C(F)(F)C(F)(F)C(F)(F)C(F)(F)C(F)(F)C(F)(F)C(F)(F)C(F)(F)C(F)(F)C(F)(F)C(F)(F)F"
4548,NA,"VJQWTNDSLHZPDF-UHFFFAOYNA-N","C13H19F5N2O4S",394.098569188,"NC(CC(O)=NC(O)CC=O)C(=O)CCSC(F)C(F)C(F)C(F)F"
4549,NA,"SOJYXOFPGBVLEH-UHFFFAOYNA-N","C10H14F5NO3S",323.061455408,"NC(CCCC(=O)O)C(=O)CCSC(F)(F)C(F)(F)F"
4550,NA,"SWHJTQLPMAISEB-UHFFFAOYSA-N","C10H13F5O4S",324.045470996,"O=C(O)COC(=O)CCSCCCC(F)(F)C(F)(F)F"
4551,NA,"JDLSWADNJKQZTG-UHFFFAOYNA-N","C15H19F9N2O4S",494.092182068,"NC(CC(O)=NC(O)CC=O)C(=O)CCSC(F)(F)C(F)(F)C(F)(F)C(F)(F)CCF"
4552,NA,"ONNLLCLTFIVJDF-UHFFFAOYNA-N","C12H14F9NO3S",423.055068288,"NC(CCCC(=O)O)C(=O)CCSC(F)(F)C(F)(F)C(F)(F)C(F)(F)F"
4553,NA,"ZYAOPFZHPAPIOO-UHFFFAOYSA-N","C12H13F9O4S",424.039083876,"O=C(O)COC(=O)CCSCCCC(F)(F)C(F)(F)C(F)(F)C(F)(F)F"
4554,NA,"WEGXZQKZNFHFPF-UHFFFAOYNA-N","C19H19F17N2O4S",694.079407828,"NC(CC(O)=NC(O)CC=O)C(=O)CCSCC(F)C(F)(F)C(F)(F)C(F)(F)C(F)(F)C(F)(F)C(F)(F)C(F)(F)C(F)F"
4555,NA,"BPVFGJROTVQQQU-UHFFFAOYSA-N","C16H13F17O4S",624.026309636,"O=C(O)COC(=O)CCSCCCC(F)(F)C(F)(F)C(F)(F)C(F)(F)C(F)(F)C(F)(F)C(F)(F)C(F)(F)F"
4556,NA,"AYPTUOXSKDGTDH-UHFFFAOYNA-N","C7H3F9O4",321.988762556,"O=C(O)C(F)C(F)(F)C(F)(F)C(F)(F)C(F)(F)C(=O)O"
4557,NA,"HMVWYRDVJWPYFR-UHFFFAOYNA-N","C16H3F27O4",771.960020516,"O=C(O)C(F)C(F)(F)C(F)(F)C(F)(F)C(F)(F)C(F)(F)C(F)(F)C(F)(F)C(F)(F)C(F)(F)C(F)(F)C(F)(F)C(F)(F)C(F)(F)C(=O)O"
4558,NA,"BXSSGHXDUJIUPU-UHFFFAOYNA-N","C6H3F7O4",271.991956116,"O=C(O)C(F)C(F)(F)C(F)(F)C(F)(F)C(=O)O"
4559,NA,"FPHOYYLCSLXCSH-UHFFFAOYNA-N","C8H3F11O4",371.985568996,"O=C(O)C(F)C(F)(F)C(F)(F)C(F)(F)C(F)(F)C(F)(F)C(=O)O"
4560,NA,"TZCNLEFTWVBTTI-UHFFFAOYNA-N","C15H3F25O4",721.963214076,"O=C(O)C(F)C(F)(F)C(F)(F)C(F)(F)C(F)(F)C(F)(F)C(F)(F)C(F)(F)C(F)(F)C(F)(F)C(F)(F)C(F)(F)C(F)(F)C(=O)O"
4561,NA,"ONKGNLIHUWVXRU-UHFFFAOYNA-N","C5H3F5O4",221.995149676,"O=C(O)C(F)C(F)(F)C(F)(F)C(=O)O"
4562,NA,"BJLZQHVYBLNTGP-UHFFFAOYNA-N","C14H3F23O4",671.966407636,"O=C(O)C(F)C(F)(F)C(F)(F)C(F)(F)C(F)(F)C(F)(F)C(F)(F)C(F)(F)C(F)(F)C(F)(F)C(F)(F)C(F)(F)C(=O)O"
4563,NA,"XRAWQSOJWGTYLQ-UHFFFAOYSA-N","C2HF5O4S",215.951570612,"O=S(=O)(O)C(F)(F)C(F)(F)OF"
4564,NA,"ZUGYTJRCLYEXMN-UHFFFAOYNA-N","C8H3F15O4S",479.951252876,"O=S(=O)(O)C(F)(F)C(F)(F)OC(F)(F)C(F)(F)C(F)(F)C(F)(F)C(F)C(F)F"
4565,NA,"MIEGYRXZBANDQZ-UHFFFAOYSA-N","C8H2F14O4S",459.945024624,"O=S(=O)(O)C(F)(F)C(F)(F)OC(F)(F)C(F)(F)C(F)(F)C(F)(F)C=C(F)F"
4566,NA,"HQRQCVQUYQIDFP-UHFFFAOYSA-N","C8HF17O5S",531.927323872,"O=S(=O)(O)C(F)(F)C(F)(F)OC(F)(F)C(F)(F)OC(F)(F)C(F)(F)C(F)(F)C(F)(F)F"
4567,NA,"QEXGUIKXGUGGDK-UHFFFAOYSA-N","C10HF21O5S",631.920936752,"O=S(=O)(O)C(F)(F)C(F)(F)OC(F)(F)C(F)(F)OC(F)(F)C(F)(F)C(F)(F)C(F)(F)C(F)(F)C(F)(F)F"
4568,NA,"IJKCGKQIBBSXPJ-UHFFFAOYSA-N","C6HF13O5S",431.933710992,"O=S(=O)(O)C(F)(F)C(F)(F)OC(F)(F)C(F)(F)OC(F)(F)C(F)(F)F"
4569,NA,"AHEJVWUSAORDCH-UHFFFAOYSA-N","C12HF25O5S",731.914549632,"O=S(=O)(O)C(F)(F)C(F)(F)OC(F)(F)C(F)(F)OC(F)(F)C(F)(F)C(F)(F)C(F)(F)C(F)(F)C(F)(F)C(F)(F)C(F)(F)F"
4570,NA,"UPIZUIXUJCSETO-UHFFFAOYSA-N","C11HF23O5S",681.917743192,"O=S(=O)(O)C(F)(F)C(F)(F)OC(F)(F)C(F)(F)OC(F)(F)C(F)(F)C(F)(F)C(F)(F)C(F)(F)C(F)(F)C(F)(F)F"
4571,NA,"ZEMFYFVMYBOUEZ-UHFFFAOYSA-N","C9HF19O5S",581.924130312,"O=S(=O)(O)C(F)(F)C(F)(F)OC(F)(F)C(F)(F)OC(F)(F)C(F)(F)C(F)(F)C(F)(F)C(F)(F)F"
4572,NA,"UHNWJBFXRJLPFV-UHFFFAOYSA-N","C7HF15O5S",481.930517432,"O=S(=O)(O)C(F)(F)C(F)(F)OC(F)(F)C(F)(F)OC(F)(F)C(F)(F)C(F)(F)F"
4573,NA,"XQZJLZLBWMGDSJ-UHFFFAOYSA-N","C6ClF12O4S",430.9014208,"O=[S](=O)C(F)(F)C(F)(F)OC(F)(F)C(F)(F)OC(F)(F)C(F)(F)Cl"
4574,NA,"MOFCTDSZBOCFNH-UHFFFAOYSA-N","C8ClF16O4S",530.89503368,"O=[S](=O)C(F)(F)C(F)(F)OC(F)(F)C(F)(F)OC(F)(F)C(F)(F)C(F)(F)C(F)(F)Cl"
4575,NA,"MDGDGDHFEMBDLI-UHFFFAOYSA-N","C12ClF24O4S",730.88225944,"O=[S](=O)C(F)(F)C(F)(F)OC(F)(F)C(F)(F)OC(F)(F)C(F)(F)C(F)(F)C(F)(F)C(F)(F)C(F)(F)C(F)(F)C(F)(F)Cl"
4576,NA,"GBSXNWOFCXBTOY-UHFFFAOYSA-N","C10ClF20O4S",630.88864656,"O=[S](=O)C(F)(F)C(F)(F)OC(F)(F)C(F)(F)OC(F)(F)C(F)(F)C(F)(F)C(F)(F)C(F)(F)C(F)(F)Cl"
4577,NA,"WUNPZROSUNKNLD-UHFFFAOYSA-N","C10HF21O4S",615.926022132,"O=S(=O)(O)C(F)(F)C(F)(F)OC(F)(F)C(F)(F)C(F)(F)C(F)(F)C(F)(F)C(F)(F)C(F)(F)C(F)(F)F"
4578,NA,"IUEDGKZDNYOLEI-UHFFFAOYSA-N","C12HF25O4S",715.919635012,"O=S(=O)(O)C(F)(F)C(F)(F)OC(F)(F)C(F)(F)C(F)(F)C(F)(F)C(F)(F)C(F)(F)C(F)(F)C(F)(F)C(F)(F)C(F)(F)F"
4579,NA,"OEHLPOCDSWQEFF-UHFFFAOYSA-N","C6HF13O4S",415.938796372,"O=S(=O)(O)C(F)(F)C(F)(F)OC(F)(F)C(F)(F)C(F)(F)C(F)(F)F"
4580,NA,"VFIFNBRMFPEUOK-UHFFFAOYSA-N","C8HF17O4S",515.932409252,"O=S(=O)(O)C(F)(F)C(F)(F)OC(F)(F)C(F)(F)C(F)(F)C(F)(F)C(F)(F)C(F)(F)F"
4581,NA,"YSSRIOHESAVGMC-UHFFFAOYSA-N","C9HF17O3",479.965423632,"O=C(O)C(F)(F)C(F)(F)C(F)(F)C(F)(F)C(F)(F)C(F)(F)C(F)(F)OC(F)(F)F"
4582,NA,"YJCULLIVLPEEKZ-UHFFFAOYSA-N","C13H5F21O3",607.99033664,"O=C(O)COCC(F)(F)C(F)(F)C(F)(F)C(F)(F)C(F)(F)C(F)(F)C(F)(F)C(F)(F)C(F)(F)C(F)(F)F"
4583,NA,"SLGIZWUGENNDSS-UHFFFAOYSA-N","C14H5F23O3",657.98714308,"O=C(O)COCC(F)(F)C(F)(F)C(F)(F)C(F)(F)C(F)(F)C(F)(F)C(F)(F)C(F)(F)C(F)(F)C(F)(F)C(F)(F)F"
4584,NA,"DGYHPBHYCWLZNB-UHFFFAOYSA-N","C9H5F13O3",408.00311088,"O=C(O)COCC(F)(F)C(F)(F)C(F)(F)C(F)(F)C(F)(F)C(F)(F)F"
4585,NA,"USPJBAQMHWWHRR-UHFFFAOYSA-N","C10H5F15O3",457.99991732,"O=C(O)COCC(F)(F)C(F)(F)C(F)(F)C(F)(F)C(F)(F)C(F)(F)C(F)(F)F"
4586,NA,"ZAGFGQKQIYHIHM-UHFFFAOYSA-N","C12H5F19O3",557.9935302,"O=C(O)COCC(F)(F)C(F)(F)C(F)(F)C(F)(F)C(F)(F)C(F)(F)C(F)(F)C(F)(F)C(F)(F)F"
4587,NA,"PPSVOQCBMRIXEP-UHFFFAOYSA-N","C11H4F16O3",487.990495508,"O=C(O)COC(F)(F)C(F)(F)C(F)(F)C(F)(F)C(F)(F)C(F)(F)C(F)=C(F)C(F)F"
4588,NA,"CEVDJUVDWPNUOX-UHFFFAOYSA-N","C6H4F6O3",238.006463308,"O=C(O)COC(F)(F)C(F)=C(F)C(F)F"
4589,NA,"LMPLODOPSZZGAI-UHFFFAOYSA-N","C8H4F10O3",338.000076188,"O=C(O)COC(F)(F)C(F)(F)C(F)(F)C(F)=C(F)C(F)F"
4590,NA,"JRJVNXPENFJCNA-UHFFFAOYSA-N","C14H4F22O3",637.980914828,"O=C(O)COC(F)(F)C(F)(F)C(F)(F)C(F)(F)C(F)(F)C(F)(F)C(F)(F)C(F)(F)C(F)(F)C(F)=C(F)C(F)F"
4591,NA,"QVQSTHXAIOXJIP-UHFFFAOYSA-N","C13H4F20O3",587.984108388,"O=C(O)COC(F)(F)C(F)(F)C(F)(F)C(F)(F)C(F)(F)C(F)(F)C(F)(F)C(F)(F)C(F)=C(F)C(F)F"
4592,NA,"ZIJLLEJLHGUHLF-UHFFFAOYSA-N","C12H4F18O3",537.987301948,"O=C(O)COC(F)(F)C(F)(F)C(F)(F)C(F)(F)C(F)(F)C(F)(F)C(F)(F)C(F)=C(F)C(F)F"
4593,NA,"MAACQGPZEAMQHE-UHFFFAOYSA-N","C10H4F14O3",437.993689068,"O=C(O)COC(F)(F)C(F)(F)C(F)(F)C(F)(F)C(F)(F)C(F)=C(F)C(F)F"
4594,NA,"SCXOBWLBQWHIFX-ZPUQHVIOSA-N","C7HF9O2",287.983283252,"O=C(O)/C(F)=C(F)/C(F)=C(\F)C(F)(F)C(F)(F)F"
4595,NA,"IRQLWLLJKGAFAG-ZPUQHVIOSA-N","C6HF7O2",237.986476812,"O=C(O)/C(F)=C(F)/C(F)=C(\F)C(F)(F)F"
4596,NA,"PNGOLHBOAAHQPB-ZPUQHVIOSA-N","C8HF11O2",337.980089692,"O=C(O)/C(F)=C(F)/C(F)=C(\F)C(F)(F)C(F)(F)C(F)(F)F"
4597,NA,"VPLLSESAUGXCDS-HNQUOIGGSA-N","C5HF5O2",187.989670372,"O=C(O)/C(F)=C(\F)C(F)=C(F)F"
4598,NA,"PJXYUQMFTNTTLI-UHFFFAOYSA-N","C12H2F20O4",589.963372944,"O=C(O)C(F)(F)C(F)(F)C(F)(F)C(F)(F)C(F)(F)C(F)(F)C(F)(F)C(F)(F)C(F)(F)C(F)(F)C(=O)O"
4599,NA,"FJWJTJGGZWHGJG-UHFFFAOYSA-N","C17H2F30O4",839.947405144,"O=C(O)C(F)(F)C(F)(F)C(F)(F)C(F)(F)C(F)(F)C(F)(F)C(F)(F)C(F)(F)C(F)(F)C(F)(F)C(F)(F)C(F)(F)C(F)(F)C(F)(F)C(F)(F)C(=O)O"
4600,NA,"AHPNUZPODAGHJZ-UHFFFAOYSA-N","C16H2F28O4",789.950598704,"O=C(O)C(F)(F)C(F)(F)C(F)(F)C(F)(F)C(F)(F)C(F)(F)C(F)(F)C(F)(F)C(F)(F)C(F)(F)C(F)(F)C(F)(F)C(F)(F)C(F)(F)C(=O)O"
4601,NA,"WRYSWXOLGMKBKW-UHFFFAOYSA-N","C9H2F14O4",439.972953624,"O=C(O)C(F)(F)C(F)(F)C(F)(F)C(F)(F)C(F)(F)C(F)(F)C(F)(F)C(=O)O"
4602,NA,"XOLPMAUNTYNKPF-UHFFFAOYSA-N","C15H2F26O4",739.953792264,"O=C(O)C(F)(F)C(F)(F)C(F)(F)C(F)(F)C(F)(F)C(F)(F)C(F)(F)C(F)(F)C(F)(F)C(F)(F)C(F)(F)C(F)(F)C(F)(F)C(=O)O"
4603,NA,"RZXRFBVDLRTOQW-UHFFFAOYSA-N","C11H2F18O4",539.966566504,"O=C(O)C(F)(F)C(F)(F)C(F)(F)C(F)(F)C(F)(F)C(F)(F)C(F)(F)C(F)(F)C(F)(F)C(=O)O"
4604,NA,"UPPYNYOCNDYVKC-UHFFFAOYNA-N","C17H19F13N2O4S",594.085794948,"O=C(O)CN=C(O)CN=C(O)CCSCCC(F)(F)C(F)(F)C(F)(F)C(F)(F)C(F)(F)C(F)C(F)CF"
4605,NA,"ICENWZFKQBXLLD-UHFFFAOYSA-N","C14H14F13NO3S",523.048681168,"O=C(O)CN=C(O)CCSCCC(F)(F)C(F)(F)C(F)(F)C(F)(F)C(F)(F)C(F)(F)CF"
4606,NA,"XXFSVAYXYBJXGQ-UHFFFAOYSA-N","C14H13F13O4S",524.032696756,"O=C(O)COC(=O)CCSCCCC(F)(F)C(F)(F)C(F)(F)C(F)(F)C(F)(F)C(F)(F)F"
4607,NA,"MRLPVROGOQAYDW-UHFFFAOYSA-N","C11HF21O3",579.959036512,"O=C(O)C(F)(F)C(F)(F)C(F)(F)C(F)(F)C(F)(F)C(F)(F)C(F)(F)C(F)(F)C(F)(F)OC(F)(F)F"
4608,NA,"GDCMLGUPOWUOIL-UHFFFAOYSA-N","C15HF29O3",779.946262272,"O=C(O)C(F)(F)C(F)(F)C(F)(F)C(F)(F)C(F)(F)C(F)(F)C(F)(F)C(F)(F)C(F)(F)C(F)(F)C(F)(F)C(F)(F)C(F)(F)OC(F)(F)F"
4609,NA,"KIRIUPWIMBVGOG-UHFFFAOYSA-N","C14HF27O3",729.949455832,"O=C(O)C(F)(F)C(F)(F)C(F)(F)C(F)(F)C(F)(F)C(F)(F)C(F)(F)C(F)(F)C(F)(F)C(F)(F)C(F)(F)C(F)(F)OC(F)(F)F"
4610,NA,"ARUMSHADURRXBN-UHFFFAOYSA-N","C12HF23O3",629.955842952,"O=C(O)C(F)(F)C(F)(F)C(F)(F)C(F)(F)C(F)(F)C(F)(F)C(F)(F)C(F)(F)C(F)(F)C(F)(F)OC(F)(F)F"
4611,NA,"BOQFNZNZFMLWHG-UHFFFAOYSA-N","C13HF25O3",679.952649392,"O=C(O)C(F)(F)C(F)(F)C(F)(F)C(F)(F)C(F)(F)C(F)(F)C(F)(F)C(F)(F)C(F)(F)C(F)(F)C(F)(F)OC(F)(F)F"
4612,NA,"VNGBANOXNNXMES-BQYQJAHWNA-N","C15H5F17O4S",603.96370938,"O=S(=O)(O)c1ccc(OC(F)(/C(=C(\F)C(F)(C(F)(F)F)C(F)(F)F)C(F)(F)F)C(F)(F)C(F)(F)F)cc1"
4613,NA,"GDNUBZLMHIOVLD-UHFFFAOYSA-N","C4H2F6O5S",275.952713484,"O=CC(F)(F)OC(F)(F)C(F)(F)S(=O)(=O)O"
4614,NA,"QGCIIJFCOLLTLU-UHFFFAOYSA-N","C6H2F10O6S",391.941240984,"O=C(O)C(F)(F)C(F)(F)OC(F)(F)C(F)(F)C(F)(F)S(=O)(=O)O"
4615,NA,"HMUGTRCGMCJEMD-UHFFFAOYSA-N","C4H2F6O5S",275.952713484,"O=C(O)C(F)(F)C(F)(F)C(F)(F)S(=O)(=O)O"
4616,NA,"BTFAYVOTLGLAAJ-UHFFFAOYSA-N","C18H4F32O2",859.970032408,"O=C(O)CC(F)C(F)(F)C(F)(F)C(F)(F)C(F)(F)C(F)(F)C(F)(F)C(F)(F)C(F)(F)C(F)(F)C(F)(F)C(F)(F)C(F)(F)C(F)(F)C(F)(F)C(F)(F)F"
4617,NA,"ZHRXLKJGSKWIRQ-OWOJBTEDSA-N","C6HF9O2",275.983283252,"O=C(O)/C(F)=C(\F)C(F)(F)C(F)(F)C(F)(F)F"
4618,NA,"OEQOUXAIMUOLEU-UHFFFAOYSA-N","C17H18F21N2O3S",729.070281056,"C[N+](C)(O)CCCNS(=O)(=O)CCC(F)(F)C(F)(F)C(F)(F)C(F)(F)C(F)(F)C(F)(F)C(F)(F)C(F)(F)C(F)(F)C(F)(F)F"
4619,NA,"CXZZTOLJZYOJOY-UHFFFAOYSA-N","C19H18F25N2O3S",829.063893936,"C[N+](C)(O)CCCNS(=O)(=O)CCC(F)(F)C(F)(F)C(F)(F)C(F)(F)C(F)(F)C(F)(F)C(F)(F)C(F)(F)C(F)(F)C(F)(F)C(F)(F)C(F)(F)F"
4620,NA,"KHAZIPNFUKXOFO-UHFFFAOYSA-N","C9H18F5N2O3S",329.095829536,"C[N+](C)(O)CCCNS(=O)(=O)CCC(F)(F)C(F)(F)F"
4621,NA,"HSPVAOUCPOEHAE-UHFFFAOYSA-N","C11H18F9N2O3S",429.089442416,"C[N+](C)(O)CCCNS(=O)(=O)CCC(F)(F)C(F)(F)C(F)(F)C(F)(F)F"
4622,NA,"QULJZDFLRUQGKR-UHFFFAOYSA-N","C13H18F13N2O3S",529.083055296,"C[N+](C)(O)CCCNS(=O)(=O)CCC(F)(F)C(F)(F)C(F)(F)C(F)(F)C(F)(F)C(F)(F)F"
4623,NA,"SBUYILVLLMPJLP-UHFFFAOYSA-N","C15H18F17N2O3S",629.076668176,"C[N+](C)(O)CCCNS(=O)(=O)CCC(F)(F)C(F)(F)C(F)(F)C(F)(F)C(F)(F)C(F)(F)C(F)(F)C(F)(F)F"
4624,NA,"ZQCRIOXXOXFNAS-UHFFFAOYSA-N","C6H3F9O3",293.993847936,"O=C(O)COC(F)(F)C(F)(F)C(F)(F)C(F)(F)F"
4625,NA,"PHFJMGZBPBUZQS-UHFFFAOYSA-N","C5H3F7O3",243.997041496,"O=C(O)COC(F)(F)C(F)(F)C(F)(F)F"
4626,NA,"QPPHWXRTCDRBIC-UHFFFAOYSA-N","C22H9F38O4P",1089.963167758,"O=P(O)(OCCC(F)(F)C(F)(F)C(F)(F)C(F)(F)C(F)(F)C(F)(F)C(F)(F)C(F)(F)C(F)(F)F)OCCC(F)(F)C(F)(F)C(F)(F)C(F)(F)C(F)(F)C(F)(F)C(F)(F)C(F)(F)C(F)(F)F"
4627,NA,"PCKSNCAPJGICIG-UHFFFAOYSA-N","C26H9F46O4P",1289.950393518,"O=P(O)(OCCC(F)(F)C(F)(F)C(F)(F)C(F)(F)C(F)(F)C(F)(F)C(F)(F)C(F)(F)C(F)(F)C(F)(F)C(F)(F)F)OCCC(F)(F)C(F)(F)C(F)(F)C(F)(F)C(F)(F)C(F)(F)C(F)(F)C(F)(F)C(F)(F)C(F)(F)C(F)(F)F"
4628,NA,"OYBYGZHBSDSBML-UHFFFAOYSA-N","C30H9F54O4P",1489.937619278,"O=P(O)(OCCC(F)(F)C(F)(F)C(F)(F)C(F)(F)C(F)(F)C(F)(F)C(F)(F)C(F)(F)C(F)(F)C(F)(F)C(F)(F)C(F)(F)C(F)(F)F)OCCC(F)(F)C(F)(F)C(F)(F)C(F)(F)C(F)(F)C(F)(F)C(F)(F)C(F)(F)C(F)(F)C(F)(F)C(F)(F)C(F)(F)C(F)(F)F"
4629,NA,"SRJYMNPZPNZELN-UHFFFAOYSA-N","C24H12F39O4P",1135.985046074,"O=P(OCCC(F)(F)C(F)(F)F)(OCCC(F)(F)C(F)(F)C(F)(F)C(F)(F)C(F)(F)C(F)(F)C(F)(F)C(F)(F)F)OCCC(F)(F)C(F)(F)C(F)(F)C(F)(F)C(F)(F)C(F)(F)C(F)(F)C(F)(F)F"
4630,NA,"MEFCXRDRBWAAPP-UHFFFAOYSA-N","C16H7F23O2",668.007878524,"C=CC(=O)OCCC(F)(F)C(F)(F)C(F)(F)C(F)(F)C(F)(F)C(F)(F)C(F)(F)C(F)(F)C(F)(F)C(F)(F)C(F)(F)F"
4631,NA,"CZUPZRMZGKHZGD-UHFFFAOYSA-N","C18H7F27O2",768.001491404,"C=CC(=O)OCCC(F)(F)C(F)(F)C(F)(F)C(F)(F)C(F)(F)C(F)(F)C(F)(F)C(F)(F)C(F)(F)C(F)(F)C(F)(F)C(F)(F)C(F)(F)F"
4632,NA,"HBWWNJPFLGFRPH-UHFFFAOYSA-N","C10H7F11O2",368.027039884,"C=CC(=O)OCCC(F)(F)C(F)(F)C(F)(F)C(F)(F)C(F)(F)F"
4633,NA,"BLCVCWDKPZTNAI-UHFFFAOYSA-N","C14H7F19O2",568.014265644,"C=CC(=O)OCCC(F)(F)C(F)(F)C(F)(F)C(F)(F)C(F)(F)C(F)(F)C(F)(F)C(F)(F)C(F)(F)F"
4634,NA,"JLMOIMFNFKVBGG-UHFFFAOYSA-N","C8H3F13O5",425.977290056,"O=C(O)COC(F)(F)C(F)(F)OC(F)(F)C(F)(F)C(F)(F)OC(F)(F)F"
4635,NA,"MIWOJKWIDYQFAX-UHFFFAOYSA-N","C8HF15O4",445.963531812,"O=C(O)C(F)(F)C(F)(F)OC(F)(F)C(F)(F)OC(F)(F)C(F)(F)C(F)(F)F"
4636,NA,"DFPNXQNFCGNFTJ-UHFFFAOYSA-N","C5HF9O4",295.973112492,"O=C(O)C(F)(F)C(F)(F)OC(F)(F)OC(F)(F)F"
4637,NA,"VBKMABHSSOZUEG-UHFFFAOYSA-N","C9HF17O4",495.960338252,"O=C(O)C(F)(F)C(F)(F)OC(F)(F)C(F)(F)OC(F)(F)C(F)(F)C(F)(F)C(F)(F)F"
4638,NA,"JZJXEBUWIKKBCI-UHFFFAOYSA-N","C6HF11O4",345.969918932,"O=C(O)C(F)(F)C(F)(F)OC(F)(F)C(F)(F)OC(F)(F)F"
4639,NA,"PUTZKRXUAXNDGG-OWOJBTEDSA-N","C8HF13O4",407.966725372,"O=C(O)C(F)(F)C(F)(F)O/C(F)=C(\F)OC(F)(F)C(F)(F)C(F)(F)F"
4640,NA,"NFPKGOYZJQGPFY-UHFFFAOYSA-N","C4H3F5O2",178.005320436,"O=C(O)C(F)(F)CC(F)(F)F"
4641,NA,"QJWOOTKIRTYVBZ-UHFFFAOYSA-N","C5H3F7O2",228.002126876,"O=C(O)C(F)(F)C(F)(F)CC(F)(F)F"
4642,NA,"HCNYNBZMJQNSCY-UHFFFAOYSA-N","C6H3F9O2",277.998933316,"O=C(O)C(F)(F)C(F)(F)C(F)(F)CC(F)(F)F"
4643,NA,"KFFYWBMSQDDELH-UHFFFAOYSA-N","C7H3F11O2",327.995739756,"O=C(O)C(F)(F)C(F)(F)C(F)(F)C(F)(F)CC(F)(F)F"
4644,NA,"DPQQJVHQPPNUIR-UHFFFAOYSA-N","C8H3F13O2",377.992546196,"O=C(O)C(F)(F)C(F)(F)C(F)(F)C(F)(F)C(F)(F)CC(F)(F)F"
4645,NA,"JWVGYFYOXOGABM-UHFFFAOYSA-N","C9H3F15O2",427.989352636,"O=C(O)C(F)(F)C(F)(F)C(F)(F)C(F)(F)C(F)(F)C(F)(F)CC(F)(F)F"
4646,NA,"XZHUSPDGVOSWEM-UHFFFAOYSA-N","C10H3F17O2",477.986159076,"O=C(O)C(F)(F)C(F)(F)C(F)(F)C(F)(F)C(F)(F)C(F)(F)C(F)(F)CC(F)(F)F"
4647,NA,"CTSKSWZOSHCZGV-UHFFFAOYSA-N","C11H3F19O2",527.982965516,"O=C(O)C(F)(F)C(F)(F)C(F)(F)C(F)(F)C(F)(F)C(F)(F)C(F)(F)C(F)(F)CC(F)(F)F"
4648,NA,"VJZRKDTXAPCWAF-UHFFFAOYSA-N","C12H3F21O2",577.979771956,"O=C(O)C(F)(F)C(F)(F)C(F)(F)C(F)(F)C(F)(F)C(F)(F)C(F)(F)C(F)(F)C(F)(F)CC(F)(F)F"
4649,NA,"TZOUVIGGQOBDDB-UHFFFAOYSA-N","C13H3F23O2",627.976578396,"O=C(O)C(F)(F)C(F)(F)C(F)(F)C(F)(F)C(F)(F)C(F)(F)C(F)(F)C(F)(F)C(F)(F)C(F)(F)CC(F)(F)F"
4650,NA,"KQYABGGTEKHZNV-UHFFFAOYSA-N","C14H3F25O2",677.973384836,"O=C(O)C(F)(F)C(F)(F)C(F)(F)C(F)(F)C(F)(F)C(F)(F)C(F)(F)C(F)(F)C(F)(F)C(F)(F)C(F)(F)CC(F)(F)F"
4651,NA,"IYBHKIZVNLWQPY-UHFFFAOYSA-N","C15H3F27O2",727.970191276,"O=C(O)C(F)(F)C(F)(F)C(F)(F)C(F)(F)C(F)(F)C(F)(F)C(F)(F)C(F)(F)C(F)(F)C(F)(F)C(F)(F)C(F)(F)CC(F)(F)F"
4652,NA,"GMQRVIJEDGIICW-UHFFFAOYSA-N","C16H3F29O2",777.966997716,"O=C(O)C(F)(F)C(F)(F)C(F)(F)C(F)(F)C(F)(F)C(F)(F)C(F)(F)C(F)(F)C(F)(F)C(F)(F)C(F)(F)C(F)(F)C(F)(F)CC(F)(F)F"
4653,NA,"JTPWERRONSNKHK-UHFFFAOYSA-N","C17H3F31O2",827.963804156,"O=C(O)C(F)(F)C(F)(F)C(F)(F)C(F)(F)C(F)(F)C(F)(F)C(F)(F)C(F)(F)C(F)(F)C(F)(F)C(F)(F)C(F)(F)C(F)(F)C(F)(F)CC(F)(F)F"
4654,NA,"GIRIFIKOTUPBFK-UHFFFAOYSA-N","C5HClF8O3",295.948647332,"O=C(O)C(F)(F)C(F)(F)C(F)(F)OC(F)(F)Cl"
4655,NA,"DIAYCAFMRNHNEA-UHFFFAOYSA-N","C8H4F12O4",391.991797248,"O=C(O)COC(F)(F)C(F)C(F)(F)OC(F)(F)C(F)(F)C(F)(F)F"
4656,NA,"FPJPEVFIMQBUHS-UHFFFAOYSA-N","C10H12F9NO4S",413.034332844,"CCN(CCCS(=O)(=O)O)C(=O)C(F)(F)C(F)(F)C(F)(F)C(F)(F)F"
4657,NA,"OSCBLTKRWQMNEZ-UHFFFAOYSA-N","C11H12F11NO4S",463.031139284,"CCN(CCCS(=O)(=O)O)C(=O)C(F)(F)C(F)(F)C(F)(F)C(F)(F)C(F)(F)F"
4658,NA,"PFFGXDNAVCEOSR-UHFFFAOYSA-N","C12H12F13NO4S",513.027945724,"CCN(CCCS(=O)(=O)O)C(=O)C(F)(F)C(F)(F)C(F)(F)C(F)(F)C(F)(F)C(F)(F)F"
4659,NA,"AKGRMFPMFPLGPZ-UHFFFAOYSA-N","C13H12F15NO4S",563.024752164,"CCN(CCCS(=O)(=O)O)C(=O)C(F)(F)C(F)(F)C(F)(F)C(F)(F)C(F)(F)C(F)(F)C(F)(F)F"
4660,NA,"FIWNAJCSYHMJOT-UHFFFAOYSA-N","C14H12F17NO4S",613.021558604,"CCN(CCCS(=O)(=O)O)C(=O)C(F)(F)C(F)(F)C(F)(F)C(F)(F)C(F)(F)C(F)(F)C(F)(F)C(F)(F)F"
4661,NA,"NTCXRUBOSUGPFP-UHFFFAOYSA-N","C3HF5O4S",227.951570612,"O=S(=O)(O)C(F)(F)OC(F)=C(F)F"
4662,NA,"BSJWZISVMPPTAG-UHFFFAOYSA-N","C4HF7O4S",277.948377052,"O=S(=O)(O)C(F)(F)C(F)(F)OC(F)=C(F)F"
4663,NA,"NTLHSYLHWWXHDY-UHFFFAOYSA-N","C5HF9O4S",327.945183492,"O=S(=O)(O)C(F)(F)C(F)(F)C(F)(F)OC(F)=C(F)F"
4664,NA,"IBEQDPCPELQVQL-UHFFFAOYSA-N","C6HF11O4S",377.941989932,"O=S(=O)(O)C(F)(F)C(F)(F)C(F)(F)C(F)(F)OC(F)=C(F)F"
4665,NA,"ODDJTPGCGOHEKF-UHFFFAOYSA-N","C7HF13O4S",427.938796372,"O=S(=O)(O)C(F)(F)C(F)(F)C(F)(F)C(F)(F)C(F)(F)OC(F)=C(F)F"
4666,NA,"WSXMBLBWFDIBIK-UHFFFAOYSA-N","C8HF15O4S",477.935602812,"O=S(=O)(O)C(F)(F)C(F)(F)C(F)(F)C(F)(F)C(F)(F)C(F)(F)OC(F)=C(F)F"
4667,NA,"SBHYFDWRFHWGCG-UHFFFAOYSA-N","C9HF17O4S",527.932409252,"O=S(=O)(O)C(F)(F)C(F)(F)C(F)(F)C(F)(F)C(F)(F)C(F)(F)C(F)(F)OC(F)=C(F)F"
4668,NA,"SPVKEWVOGTVFPM-UHFFFAOYSA-N","C10HF19O4S",577.929215692,"O=S(=O)(O)C(F)(F)C(F)(F)C(F)(F)C(F)(F)C(F)(F)C(F)(F)C(F)(F)C(F)(F)OC(F)=C(F)F"
4669,NA,"BFOVGCFHISDIDP-UHFFFAOYSA-N","C11HF21O4S",627.926022132,"O=S(=O)(O)C(F)(F)C(F)(F)C(F)(F)C(F)(F)C(F)(F)C(F)(F)C(F)(F)C(F)(F)C(F)(F)OC(F)=C(F)F"
4670,NA,"XIIVEGTVCOSMEF-UHFFFAOYSA-N","C12HF23O4S",677.922828572,"O=S(=O)(O)C(F)(F)C(F)(F)C(F)(F)C(F)(F)C(F)(F)C(F)(F)C(F)(F)C(F)(F)C(F)(F)C(F)(F)OC(F)=C(F)F"
4671,NA,"PTYLYQSEYNVAQM-UHFFFAOYSA-N","C13HF25O4S",727.919635012,"O=S(=O)(O)C(F)(F)C(F)(F)C(F)(F)C(F)(F)C(F)(F)C(F)(F)C(F)(F)C(F)(F)C(F)(F)C(F)(F)C(F)(F)OC(F)=C(F)F"
4672,NA,"NUTYEJULENQQSC-UHFFFAOYSA-N","C14HF27O4S",777.916441452,"O=S(=O)(O)C(F)(F)C(F)(F)C(F)(F)C(F)(F)C(F)(F)C(F)(F)C(F)(F)C(F)(F)C(F)(F)C(F)(F)C(F)(F)C(F)(F)OC(F)=C(F)F"
4673,NA,"WBLONSRMHCPJFQ-UHFFFAOYNA-N","C10H3F15O4",471.979181876,"O=C(O)C(F)C(F)(F)C(F)(F)C(F)(F)C(F)(F)C(F)(F)C(F)(F)C(F)(F)C(=O)O"
4674,NA,"ANWQAFOQTZKSNU-UHFFFAOYNA-N","C9H3F13O4",421.982375436,"O=C(O)C(F)C(F)(F)C(F)(F)C(F)(F)C(F)(F)C(F)(F)C(F)(F)C(=O)O"
4675,NA,"ADIILDCWTXKHFO-UHFFFAOYNA-N","C12H6F21O3P",627.971923302,"CC(F)(F)C(F)(F)C(F)(F)C(F)(F)C(F)(F)C(F)(F)C(F)(F)C(F)(F)C(F)(F)C(C)(F)P(=O)(OF)OF"
4676,NA,"WHYKSUZSNZGQFS-UHFFFAOYNA-N","C14H6F25O3P",727.965536182,"CC(F)(F)C(F)(F)C(F)(F)C(F)(F)C(F)(F)C(F)(F)C(F)(F)C(F)(F)C(F)(F)C(F)(F)C(F)(F)C(C)(F)P(=O)(OF)OF"
4677,NA,"PRRFOECLEWBMDV-UHFFFAOYSA-N","C8H7F7O2",268.033427004,"C=CC(=O)OCCC(F)(F)C(F)(F)C(F)(F)F"
4678,NA,"WCLZFOWGDSZKOW-UHFFFAOYNA-N","C6H6F9O3P",327.991084662,"CC(F)(F)C(F)(F)C(F)(F)C(C)(F)P(=O)(OF)OF"
4679,NA,"ASUFXYMRVNGVEW-UHFFFAOYNA-N","C8H6F13O3P",427.984697542,"CC(F)(F)C(F)(F)C(F)(F)C(F)(F)C(F)(F)C(C)(F)P(=O)(OF)OF"
4680,NA,"OGTWEZZNMLDQGP-UHFFFAOYNA-N","C10H6F17O3P",527.978310422,"CC(F)(F)C(F)(F)C(F)(F)C(F)(F)C(F)(F)C(F)(F)C(F)(F)C(C)(F)P(=O)(OF)OF"
4681,NA,"VHHBDJIRSNBYTL-UHFFFAOYSA-N","C9H12F9NO3S",385.039418224,"CCCN(CCO)S(=O)(=O)C(F)(F)C(F)(F)C(F)(F)C(F)(F)F"
4682,NA,"KPKNXLXTIGTOGM-UHFFFAOYSA-N","C13H10F17NO4S",599.00590854,"O=CCCN(CCO)S(=O)(=O)C(F)(F)C(F)(F)C(F)(F)C(F)(F)C(F)(F)C(F)(F)C(F)(F)C(F)(F)F"
4683,NA,"BCUUQYGJSXNMNW-UHFFFAOYSA-N","C6H5F7O3",258.01269156,"CC(O)(O)C(F)(F)C(F)(F)C(F)(F)C(=O)F"
4684,NA,"GDIYUSKIIANELG-UHFFFAOYSA-N","C7H5F9O3",308.009498,"CC(O)(O)C(F)(F)C(F)(F)C(F)(F)C(F)(F)C(=O)F"
4685,NA,"YDGYYISTVLSCCC-UHFFFAOYSA-N","C12H14F13NO4S",515.043595788,"CCN(CCOCCO)S(=O)(=O)C(F)(F)C(F)(F)C(F)(F)C(F)(F)C(F)(F)C(F)(F)F"
4686,NA,"PITHXNPHTSFHSW-UHFFFAOYSA-N","C14H14F17NO4S",615.037208668,"CCN(CCOCCO)S(=O)(=O)C(F)(F)C(F)(F)C(F)(F)C(F)(F)C(F)(F)C(F)(F)C(F)(F)C(F)(F)F"
4687,NA,"XMJWMIAGYHPANB-UHFFFAOYSA-N","C8H5F11O3",358.00630444,"O=C(O)COC(F)(F)C(F)(F)C(F)(F)C(F)(F)C(F)(F)CF"
4688,NA,"CINOPTADZZPUKJ-UHFFFAOYSA-N","C26H18F38NO6P",1193.026496286,"O=P(OCCC(F)(F)C(F)(F)C(F)(F)C(F)(F)C(F)(F)C(F)(F)C(F)(F)C(F)(F)F)(OCCC(F)(F)C(F)(F)C(F)(F)C(F)(F)C(F)(F)C(F)(F)C(F)(F)C(F)(F)C(F)(F)C(F)(F)F)ON(CCO)CCO"
4689,NA,"SHIWAXLJNZUDSW-UHFFFAOYNA-N","C16H14F17NO3S",623.042294048,"NC(CCCC(=O)O)C(=O)CCSC(F)(F)C(F)(F)C(F)(F)C(F)(F)C(F)(F)C(F)(F)C(F)(F)C(F)(F)F"
4690,NA,"PWMRBAFKFYHSPY-UHFFFAOYSA-N","C13H17F13N2O3S",528.075230264,"NCCCCN(CCCO)S(=O)(=O)C(F)(F)C(F)(F)C(F)(F)C(F)(F)C(F)(F)C(F)(F)F"
4691,NA,"UXGAQCSBFTUZAD-UHFFFAOYSA-N","C7HF13O3",379.971810752,"O=C(O)C(F)(F)C(F)(F)C(F)(F)C(F)(F)C(F)(F)OC(F)(F)F"
4692,NA,"IGAVKOUXMWZQOV-UHFFFAOYSA-N","C8HF15O3",429.968617192,"O=C(O)C(F)(F)C(F)(F)C(F)(F)C(F)(F)C(F)(F)C(F)(F)OC(F)(F)F"
4693,NA,"NGXUCWBHJUZJMK-UHFFFAOYSA-N","C11H5F17O3",507.99672376,"O=C(O)COCC(F)(F)C(F)(F)C(F)(F)C(F)(F)C(F)(F)C(F)(F)C(F)(F)C(F)(F)F"
4694,NA,"WZWMEAVQDWVDLV-UHFFFAOYNA-N","C9H4F12O3",387.996882628,"O=C(O)C(F)OCC(F)(F)C(F)(F)C(F)(F)C(F)=C(F)C(F)(F)F"
4695,NA,"UKSIVJMJWXWJRY-UHFFFAOYSA-N","C14H2F24O4",689.956985824,"O=C(O)C(F)(F)C(F)(F)C(F)(F)C(F)(F)C(F)(F)C(F)(F)C(F)(F)C(F)(F)C(F)(F)C(F)(F)C(F)(F)C(F)(F)C(=O)O"
4696,NA,"IKDIDBNVYPGSQG-UHFFFAOYSA-N","C13H2F22O4",639.960179384,"O=C(O)C(F)(F)C(F)(F)C(F)(F)C(F)(F)C(F)(F)C(F)(F)C(F)(F)C(F)(F)C(F)(F)C(F)(F)C(F)(F)C(=O)O"
4697,NA,"ZWETYIWVUKHRIY-UHFFFAOYSA-N","C10HF19O3",529.962230072,"O=C(O)C(F)(F)C(F)(F)C(F)(F)C(F)(F)C(F)(F)C(F)(F)C(F)(F)C(F)(F)OC(F)(F)F"
4698,NA,"CGZRLDHWESSDHL-UHFFFAOYSA-N","C6H3F9O4",309.988762556,"O=C(O)COC(F)(F)C(F)(F)OC(F)(F)C(F)(F)F"
4699,NA,"OLECHVVZXISXJP-UHFFFAOYSA-N","C11H10F13NOS",451.0275518,"N=C(O)CCSCCC(F)(F)C(F)(F)C(F)(F)C(F)(F)C(F)(F)C(F)(F)F"
4700,NA,"SSHUWZKETFGQSN-UHFFFAOYSA-N","C13H10F17NOS",551.02116468,"N=C(O)CCSCCC(F)(F)C(F)(F)C(F)(F)C(F)(F)C(F)(F)C(F)(F)C(F)(F)C(F)(F)F"
4701,NA,"CDTXXBIXFCIQNO-UHFFFAOYSA-N","C15H10F21NOS",651.01477756,"N=C(O)CCSCCC(F)(F)C(F)(F)C(F)(F)C(F)(F)C(F)(F)C(F)(F)C(F)(F)C(F)(F)C(F)(F)C(F)(F)F"
4702,NA,"CTQCCVAWHBFDMB-UHFFFAOYSA-N","C17H10F25NOS",751.00839044,"N=C(O)CCSCCC(F)(F)C(F)(F)C(F)(F)C(F)(F)C(F)(F)C(F)(F)C(F)(F)C(F)(F)C(F)(F)C(F)(F)C(F)(F)C(F)(F)F"
4703,NA,"SZVGIJOITCPDPM-UHFFFAOYSA-N","C10HClF20O4S",631.896471592,"O=S(=O)(O)C(F)(F)C(F)(F)OC(F)(F)C(F)(F)C(F)(F)C(F)(F)C(F)(F)C(F)(F)C(F)(F)C(F)(F)Cl"
4704,NA,"RUWAFPLNUJKITJ-UHFFFAOYSA-N","C6HF11O3",329.975004312,"O=C(O)C(F)(F)C(F)(F)C(F)(F)C(F)(F)OC(F)(F)F"
4705,NA,"AYKCZRUIUYNCNA-UHFFFAOYSA-N","C8H2F16O5S",513.936745684,"O=S(=O)(O)C(F)(F)C(F)(F)OC(F)(C(F)(F)F)C(F)(F)OC(F)(F)C(F)(F)C(F)F"
4706,NA,"AMJITZIMZIPWMJ-UHFFFAOYSA-N","C7H2F14O5S",463.939939244,"O=S(=O)(O)C(F)(F)C(F)(F)OC(F)(C(F)(F)F)C(F)(F)OC(F)(F)C(F)F"
4707,NA,"IHYMJUVQLSNPPP-UHFFFAOYSA-N","C3HF5O3",179.984584992,"O=C(O)C(F)(F)OC(F)(F)F"
4708,"61660-12-6","BFSVEUJCJYGSKA-UHFFFAOYSA-N","C16H20F17NO5SSi",689.05600001,"CCN(CCC[Si](OC)(OC)OC)S(=O)(=O)C(F)(F)C(F)(F)C(F)(F)C(F)(F)C(F)(F)C(F)(F)C(F)(F)C(F)(F)F"
4709,"78560-44-8","VIFIHLXNOOCGLJ-UHFFFAOYSA-N","C10H4Cl3F17Si",579.887639438,"FC(F)(F)C(F)(F)C(F)(F)C(F)(F)C(F)(F)C(F)(F)C(F)(F)C(F)(F)CC[Si](Cl)(Cl)Cl"
4710,NA,"HJIMAFKWSKZMBK-UHFFFAOYSA-N","C13H13F17O3Si",568.036250546,"CO[Si](CCC(F)(F)C(F)(F)C(F)(F)C(F)(F)C(F)(F)C(F)(F)C(F)(F)C(F)(F)F)(OC)OC"
4711,NA,"GNDNKCXEGXLUQQ-UHFFFAOYSA-N","C12H8F18S",526.005929216,"FC(F)(F)C(F)(F)C(F)(F)C(F)(F)CCSCCC(F)(F)C(F)(F)C(F)(F)C(F)(F)F"
4712,NA,"JJIYMJZOUDYVGW-UHFFFAOYSA-N","C14H8F22S",625.999542096,"FC(F)(F)C(F)(F)C(F)(F)C(F)(F)C(F)(F)CCSCCC(F)(F)C(F)(F)C(F)(F)C(F)(F)C(F)(F)F"
4713,NA,"JYSFLRKQMINJRB-UHFFFAOYSA-N","C16H8F26S",725.993154976,"FC(F)(F)C(F)(F)C(F)(F)C(F)(F)C(F)(F)C(F)(F)CCSCCC(F)(F)C(F)(F)C(F)(F)C(F)(F)C(F)(F)C(F)(F)F"
4714,NA,"FRAAVXBHCVTLNX-UHFFFAOYSA-N","C18H8F30S",825.986767856,"FC(F)(F)C(F)(F)C(F)(F)C(F)(F)C(F)(F)C(F)(F)C(F)(F)CCSCCC(F)(F)C(F)(F)C(F)(F)C(F)(F)C(F)(F)C(F)(F)C(F)(F)F"
4715,NA,"FLNNAZNQEVIOIU-UHFFFAOYSA-N","C22H8F38S",1025.973993616,"FC(F)(F)C(F)(F)C(F)(F)C(F)(F)C(F)(F)C(F)(F)C(F)(F)C(F)(F)C(F)(F)CCSCCC(F)(F)C(F)(F)C(F)(F)C(F)(F)C(F)(F)C(F)(F)C(F)(F)C(F)(F)C(F)(F)F"
4716,NA,"RKODDBUGNQNGFJ-UHFFFAOYSA-N","C24H8F42S",1125.967606496,"FC(F)(F)C(F)(F)C(F)(F)C(F)(F)C(F)(F)C(F)(F)C(F)(F)C(F)(F)C(F)(F)C(F)(F)CCSCCC(F)(F)C(F)(F)C(F)(F)C(F)(F)C(F)(F)C(F)(F)C(F)(F)C(F)(F)C(F)(F)C(F)(F)F"
4717,NA,"SNZILTHQUQUQLO-UHFFFAOYSA-N","C26H8F46S",1225.961219376,"FC(F)(F)C(F)(F)C(F)(F)C(F)(F)C(F)(F)C(F)(F)C(F)(F)C(F)(F)C(F)(F)C(F)(F)C(F)(F)CCSCCC(F)(F)C(F)(F)C(F)(F)C(F)(F)C(F)(F)C(F)(F)C(F)(F)C(F)(F)C(F)(F)C(F)(F)C(F)(F)F"
4718,NA,"AOEVWFUVAPMGLY-UHFFFAOYSA-N","C28H8F50S",1325.954832256,"FC(F)(F)C(F)(F)C(F)(F)C(F)(F)C(F)(F)C(F)(F)C(F)(F)C(F)(F)C(F)(F)C(F)(F)C(F)(F)C(F)(F)CCSCCC(F)(F)C(F)(F)C(F)(F)C(F)(F)C(F)(F)C(F)(F)C(F)(F)C(F)(F)C(F)(F)C(F)(F)C(F)(F)C(F)(F)F"
4719,NA,"MXULQXBCQZNRJY-UHFFFAOYSA-N","C30H8F54S",1425.948445136,"FC(F)(F)C(F)(F)C(F)(F)C(F)(F)C(F)(F)C(F)(F)C(F)(F)C(F)(F)C(F)(F)C(F)(F)C(F)(F)C(F)(F)C(F)(F)CCSCCC(F)(F)C(F)(F)C(F)(F)C(F)(F)C(F)(F)C(F)(F)C(F)(F)C(F)(F)C(F)(F)C(F)(F)C(F)(F)C(F)(F)C(F)(F)F"
4720,NA,"RZNUEKOMMAGTCZ-UHFFFAOYSA-N","C32H8F58S",1525.942058016,"FC(F)(F)C(F)(F)C(F)(F)C(F)(F)C(F)(F)C(F)(F)C(F)(F)C(F)(F)C(F)(F)C(F)(F)C(F)(F)C(F)(F)C(F)(F)C(F)(F)CCSCCC(F)(F)C(F)(F)C(F)(F)C(F)(F)C(F)(F)C(F)(F)C(F)(F)C(F)(F)C(F)(F)C(F)(F)C(F)(F)C(F)(F)C(F)(F)C(F)(F)F"
4721,NA,"OZXVFFYQJRWBKB-UHFFFAOYSA-N","C34H8F62S",1625.935670896,"FC(F)(F)C(F)(F)C(F)(F)C(F)(F)C(F)(F)C(F)(F)C(F)(F)C(F)(F)C(F)(F)C(F)(F)C(F)(F)C(F)(F)C(F)(F)C(F)(F)C(F)(F)CCSCCC(F)(F)C(F)(F)C(F)(F)C(F)(F)C(F)(F)C(F)(F)C(F)(F)C(F)(F)C(F)(F)C(F)(F)C(F)(F)C(F)(F)C(F)(F)C(F)(F)C(F)(F)F"
4722,NA,"YMMPOYAEIABFGV-UHFFFAOYSA-N","C36H8F66S",1725.929283776,"FC(F)(F)C(F)(F)C(F)(F)C(F)(F)C(F)(F)C(F)(F)C(F)(F)C(F)(F)C(F)(F)C(F)(F)C(F)(F)C(F)(F)C(F)(F)C(F)(F)C(F)(F)C(F)(F)CCSCCC(F)(F)C(F)(F)C(F)(F)C(F)(F)C(F)(F)C(F)(F)C(F)(F)C(F)(F)C(F)(F)C(F)(F)C(F)(F)C(F)(F)C(F)(F)C(F)(F)C(F)(F)C(F)(F)F"
4723,NA,"YUOKFQSFJADQHN-UHFFFAOYSA-N","C38H8F70S",1825.922896656,"FC(F)(F)C(F)(F)C(F)(F)C(F)(F)C(F)(F)C(F)(F)C(F)(F)C(F)(F)C(F)(F)C(F)(F)C(F)(F)C(F)(F)C(F)(F)C(F)(F)C(F)(F)C(F)(F)C(F)(F)CCSCCC(F)(F)C(F)(F)C(F)(F)C(F)(F)C(F)(F)C(F)(F)C(F)(F)C(F)(F)C(F)(F)C(F)(F)C(F)(F)C(F)(F)C(F)(F)C(F)(F)C(F)(F)C(F)(F)C(F)(F)F"
4724,NA,"NFBKRGIIKDVLRT-UHFFFAOYSA-N","C40H8F74S",1925.916509536,"FC(F)(F)C(F)(F)C(F)(F)C(F)(F)C(F)(F)C(F)(F)C(F)(F)C(F)(F)C(F)(F)C(F)(F)C(F)(F)C(F)(F)C(F)(F)C(F)(F)C(F)(F)C(F)(F)C(F)(F)C(F)(F)CCSCCC(F)(F)C(F)(F)C(F)(F)C(F)(F)C(F)(F)C(F)(F)C(F)(F)C(F)(F)C(F)(F)C(F)(F)C(F)(F)C(F)(F)C(F)(F)C(F)(F)C(F)(F)C(F)(F)C(F)(F)C(F)(F)F"
4725,"40723-80-6","PPXVPFPTMXFUDE-UHFFFAOYSA-N","C4H4F5I",273.927789228,"FC(F)(F)C(F)(F)CCI"
4726,NA,"AXKCKILDTKIEOJ-UHFFFAOYSA-N","C17H4F31I",923.886272948,"FC(F)(F)C(F)(F)C(F)(F)C(F)(F)C(F)(F)C(F)(F)C(F)(F)C(F)(F)C(F)(F)C(F)(F)C(F)(F)C(F)(F)C(F)(F)C(F)(F)C(F)(F)CCI"
4727,NA,"BAPYVUHBEQJSBS-UHFFFAOYSA-N","C19H4F35I",1023.879885828,"FC(F)(F)C(F)(F)C(F)(F)C(F)(F)C(F)(F)C(F)(F)C(F)(F)C(F)(F)C(F)(F)C(F)(F)C(F)(F)C(F)(F)C(F)(F)C(F)(F)C(F)(F)C(F)(F)C(F)(F)CCI"
4728,NA,"YZZOCUXLHPDRAH-UHFFFAOYSA-N","C8H6F12O",346.022703452,"OCCC(F)(F)C(F)(F)C(F)(F)C(F)(F)C(F)(F)C(F)F"
4729,NA,"IXVWKYDHPDEHMX-UHFFFAOYSA-N","C11H5F19S",529.98085734,"FC(F)(F)C(F)(F)C(F)(F)C(F)(F)C(F)(F)C(F)(F)C(F)(F)C(F)(F)C(F)(F)CCS"
4730,NA,"VAMVCQQDEDWVPJ-UHFFFAOYSA-N","C13H5F23S",629.97447022,"FC(F)(F)C(F)(F)C(F)(F)C(F)(F)C(F)(F)C(F)(F)C(F)(F)C(F)(F)C(F)(F)C(F)(F)C(F)(F)CCS"
4731,NA,"NWZBXAWRKDFIRO-UHFFFAOYSA-N","C15H5F27S",729.9680831,"FC(F)(F)C(F)(F)C(F)(F)C(F)(F)C(F)(F)C(F)(F)C(F)(F)C(F)(F)C(F)(F)C(F)(F)C(F)(F)C(F)(F)C(F)(F)CCS"
4732,NA,"YRGAPZBWQQLCQV-UHFFFAOYSA-N","C17H5F31S",829.96169598,"FC(F)(F)C(F)(F)C(F)(F)C(F)(F)C(F)(F)C(F)(F)C(F)(F)C(F)(F)C(F)(F)C(F)(F)C(F)(F)C(F)(F)C(F)(F)C(F)(F)C(F)(F)CCS"
4733,NA,"IPLJZZLVQSZCSD-UHFFFAOYSA-N","C18H5F33S",879.95850242,"FC(F)(F)C(F)(F)C(F)(F)C(F)(F)C(F)(F)C(F)(F)C(F)(F)C(F)(F)C(F)(F)C(F)(F)C(F)(F)C(F)(F)C(F)(F)C(F)(F)C(F)(F)C(F)(F)CCS"
4734,NA,"DBMZMTFIGKNIKP-UHFFFAOYSA-N","C19H5F35S",929.95530886,"FC(F)(F)C(F)(F)C(F)(F)C(F)(F)C(F)(F)C(F)(F)C(F)(F)C(F)(F)C(F)(F)C(F)(F)C(F)(F)C(F)(F)C(F)(F)C(F)(F)C(F)(F)C(F)(F)C(F)(F)CCS"
4735,NA,"NKZMYZDSQPHATB-UHFFFAOYSA-N","C20H5F37S",979.9521153,"FC(F)(F)C(F)(F)C(F)(F)C(F)(F)C(F)(F)C(F)(F)C(F)(F)C(F)(F)C(F)(F)C(F)(F)C(F)(F)C(F)(F)C(F)(F)C(F)(F)C(F)(F)C(F)(F)C(F)(F)C(F)(F)CCS"
4736,NA,"MXDVADSVBGDHGT-UHFFFAOYSA-O","C32H28F37N2O3S",1223.122982896,"CC(CNCCC[N+](C)(C)CC(=O)O)C(=O)CSCCC(F)(F)C(F)(F)C(F)(F)C(F)(F)C(F)(F)C(F)(F)C(F)(F)C(F)(F)C(F)(F)C(F)(F)C(F)(F)C(F)(F)C(F)(F)C(F)(F)C(F)(F)C(F)(F)C(F)(F)C(F)(F)F"
4737,NA,"FXYFNGBKSCLMDO-UHFFFAOYSA-O","C31H28F35N2O3S",1173.126176456,"CC(CNCCC[N+](C)(C)CC(=O)O)C(=O)CSCCC(F)(F)C(F)(F)C(F)(F)C(F)(F)C(F)(F)C(F)(F)C(F)(F)C(F)(F)C(F)(F)C(F)(F)C(F)(F)C(F)(F)C(F)(F)C(F)(F)C(F)(F)C(F)(F)C(F)(F)F"
4738,NA,"SECJFDBLWJILQN-UHFFFAOYSA-O","C30H28F33N2O3S",1123.129370016,"CC(CNCCC[N+](C)(C)CC(=O)O)C(=O)CSCCC(F)(F)C(F)(F)C(F)(F)C(F)(F)C(F)(F)C(F)(F)C(F)(F)C(F)(F)C(F)(F)C(F)(F)C(F)(F)C(F)(F)C(F)(F)C(F)(F)C(F)(F)C(F)(F)F"
4739,NA,"MWSLCKNXVAFKJJ-UHFFFAOYSA-O","C29H28F31N2O3S",1073.132563576,"CC(CNCCC[N+](C)(C)CC(=O)O)C(=O)CSCCC(F)(F)C(F)(F)C(F)(F)C(F)(F)C(F)(F)C(F)(F)C(F)(F)C(F)(F)C(F)(F)C(F)(F)C(F)(F)C(F)(F)C(F)(F)C(F)(F)C(F)(F)F"
4740,NA,"DIEPJFDLAGHBDF-UHFFFAOYSA-O","C28H28F29N2O3S",1023.135757136,"CC(CNCCC[N+](C)(C)CC(=O)O)C(=O)CSCCC(F)(F)C(F)(F)C(F)(F)C(F)(F)C(F)(F)C(F)(F)C(F)(F)C(F)(F)C(F)(F)C(F)(F)C(F)(F)C(F)(F)C(F)(F)C(F)(F)F"
4741,NA,"UWIJJQQBVDGYQV-UHFFFAOYSA-O","C27H28F27N2O3S",973.138950696,"CC(CNCCC[N+](C)(C)CC(=O)O)C(=O)CSCCC(F)(F)C(F)(F)C(F)(F)C(F)(F)C(F)(F)C(F)(F)C(F)(F)C(F)(F)C(F)(F)C(F)(F)C(F)(F)C(F)(F)C(F)(F)F"
4742,NA,"CHZMUZAGZWGREM-UHFFFAOYSA-O","C26H28F25N2O3S",923.142144256,"CC(CNCCC[N+](C)(C)CC(=O)O)C(=O)CSCCC(F)(F)C(F)(F)C(F)(F)C(F)(F)C(F)(F)C(F)(F)C(F)(F)C(F)(F)C(F)(F)C(F)(F)C(F)(F)C(F)(F)F"
4743,NA,"YUOGOHNDMHPPAZ-UHFFFAOYSA-O","C25H28F23N2O3S",873.145337816,"CC(CNCCC[N+](C)(C)CC(=O)O)C(=O)CSCCC(F)(F)C(F)(F)C(F)(F)C(F)(F)C(F)(F)C(F)(F)C(F)(F)C(F)(F)C(F)(F)C(F)(F)C(F)(F)F"
4744,NA,"JZWWWCDHLBBKGW-UHFFFAOYSA-O","C24H28F21N2O3S",823.148531376,"CC(CNCCC[N+](C)(C)CC(=O)O)C(=O)CSCCC(F)(F)C(F)(F)C(F)(F)C(F)(F)C(F)(F)C(F)(F)C(F)(F)C(F)(F)C(F)(F)C(F)(F)F"
4745,NA,"GDNLFFWCNVEIOZ-UHFFFAOYSA-O","C23H28F19N2O3S",773.151724936,"CC(CNCCC[N+](C)(C)CC(=O)O)C(=O)CSCCC(F)(F)C(F)(F)C(F)(F)C(F)(F)C(F)(F)C(F)(F)C(F)(F)C(F)(F)C(F)(F)F"
4746,NA,"WHOKWLXXEAMFBR-UHFFFAOYSA-O","C22H28F17N2O3S",723.154918496,"CC(CNCCC[N+](C)(C)CC(=O)O)C(=O)CSCCC(F)(F)C(F)(F)C(F)(F)C(F)(F)C(F)(F)C(F)(F)C(F)(F)C(F)(F)F"
4747,NA,"DOGCESLMNOUWOJ-UHFFFAOYSA-O","C21H28F15N2O3S",673.158112056,"CC(CNCCC[N+](C)(C)CC(=O)O)C(=O)CSCCC(F)(F)C(F)(F)C(F)(F)C(F)(F)C(F)(F)C(F)(F)C(F)(F)F"
4748,NA,"HQSPXUQWTIOVPU-UHFFFAOYSA-O","C20H28F13N2O3S",623.161305616,"CC(CNCCC[N+](C)(C)CC(=O)O)C(=O)CSCCC(F)(F)C(F)(F)C(F)(F)C(F)(F)C(F)(F)C(F)(F)F"
4749,NA,"YLCGAMYONWIXFA-UHFFFAOYSA-O","C19H28F11N2O3S",573.164499176,"CC(CNCCC[N+](C)(C)CC(=O)O)C(=O)CSCCC(F)(F)C(F)(F)C(F)(F)C(F)(F)C(F)(F)F"
4750,NA,"WNDKVPHFUPELRT-UHFFFAOYSA-O","C18H28F9N2O3S",523.167692736,"CC(CNCCC[N+](C)(C)CC(=O)O)C(=O)CSCCC(F)(F)C(F)(F)C(F)(F)C(F)(F)F"
4751,NA,"SHVZBHKMODHDAO-UHFFFAOYSA-O","C17H28F7N2O3S",473.170886296,"CC(CNCCC[N+](C)(C)CC(=O)O)C(=O)CSCCC(F)(F)C(F)(F)C(F)(F)F"
4752,NA,"ZZBPXBPRVLWKBV-UHFFFAOYSA-O","C16H28F5N2O3S",423.174079856,"CC(CNCCC[N+](C)(C)CC(=O)O)C(=O)CSCCC(F)(F)C(F)(F)F"
4753,NA,"RBEAMWDHELERAA-UHFFFAOYSA-N","C21H16F26O2S2",858.017655472,"CC(CCC(=O)O)(SCCC(F)(F)C(F)(F)C(F)(F)C(F)(F)C(F)(F)C(F)(F)F)SCCC(F)(F)C(F)(F)C(F)(F)C(F)(F)C(F)(F)C(F)(F)F"
4754,NA,"YKERFQMXXOSNPJ-UHFFFAOYSA-N","C23H16F30O2S2",958.011268352,"CC(CCC(=O)O)(SCCC(F)(F)C(F)(F)C(F)(F)C(F)(F)C(F)(F)C(F)(F)C(F)(F)F)SCCC(F)(F)C(F)(F)C(F)(F)C(F)(F)C(F)(F)C(F)(F)C(F)(F)F"
4755,NA,"QPLATIMCNWZCCD-UHFFFAOYSA-N","C25H16F34O2S2",1058.004881232,"CC(CCC(=O)O)(SCCC(F)(F)C(F)(F)C(F)(F)C(F)(F)C(F)(F)C(F)(F)C(F)(F)C(F)(F)F)SCCC(F)(F)C(F)(F)C(F)(F)C(F)(F)C(F)(F)C(F)(F)C(F)(F)C(F)(F)F"
4756,NA,"OYXVDSGDQJYZMH-UHFFFAOYSA-N","C27H16F38O2S2",1157.998494112,"CC(CCC(=O)O)(SCCC(F)(F)C(F)(F)C(F)(F)C(F)(F)C(F)(F)C(F)(F)C(F)(F)C(F)(F)C(F)(F)F)SCCC(F)(F)C(F)(F)C(F)(F)C(F)(F)C(F)(F)C(F)(F)C(F)(F)C(F)(F)C(F)(F)F"
4757,NA,"ZCLWPMOPRRLCFK-UHFFFAOYSA-N","C29H16F42O2S2",1257.992106992,"CC(CCC(=O)O)(SCCC(F)(F)C(F)(F)C(F)(F)C(F)(F)C(F)(F)C(F)(F)C(F)(F)C(F)(F)C(F)(F)C(F)(F)F)SCCC(F)(F)C(F)(F)C(F)(F)C(F)(F)C(F)(F)C(F)(F)C(F)(F)C(F)(F)C(F)(F)C(F)(F)F"
4758,NA,"QBVMEFSUEOJPSU-UHFFFAOYSA-N","C31H16F46O2S2",1357.985719872,"CC(CCC(=O)O)(SCCC(F)(F)C(F)(F)C(F)(F)C(F)(F)C(F)(F)C(F)(F)C(F)(F)C(F)(F)C(F)(F)C(F)(F)C(F)(F)F)SCCC(F)(F)C(F)(F)C(F)(F)C(F)(F)C(F)(F)C(F)(F)C(F)(F)C(F)(F)C(F)(F)C(F)(F)C(F)(F)F"
4759,NA,"CIRKCJNDSRNCDD-UHFFFAOYSA-N","C33H16F50O2S2",1457.979332752,"CC(CCC(=O)O)(SCCC(F)(F)C(F)(F)C(F)(F)C(F)(F)C(F)(F)C(F)(F)C(F)(F)C(F)(F)C(F)(F)C(F)(F)C(F)(F)C(F)(F)F)SCCC(F)(F)C(F)(F)C(F)(F)C(F)(F)C(F)(F)C(F)(F)C(F)(F)C(F)(F)C(F)(F)C(F)(F)C(F)(F)C(F)(F)F"
4760,NA,"MNKRXVZTGVVVAH-UHFFFAOYSA-N","C35H16F54O2S2",1557.972945632,"CC(CCC(=O)O)(SCCC(F)(F)C(F)(F)C(F)(F)C(F)(F)C(F)(F)C(F)(F)C(F)(F)C(F)(F)C(F)(F)C(F)(F)C(F)(F)C(F)(F)C(F)(F)F)SCCC(F)(F)C(F)(F)C(F)(F)C(F)(F)C(F)(F)C(F)(F)C(F)(F)C(F)(F)C(F)(F)C(F)(F)C(F)(F)C(F)(F)C(F)(F)F"
4761,NA,"KYBSVOBWZGJQCM-UHFFFAOYSA-N","C37H16F58O2S2",1657.966558512,"CC(CCC(=O)O)(SCCC(F)(F)C(F)(F)C(F)(F)C(F)(F)C(F)(F)C(F)(F)C(F)(F)C(F)(F)C(F)(F)C(F)(F)C(F)(F)C(F)(F)C(F)(F)C(F)(F)F)SCCC(F)(F)C(F)(F)C(F)(F)C(F)(F)C(F)(F)C(F)(F)C(F)(F)C(F)(F)C(F)(F)C(F)(F)C(F)(F)C(F)(F)C(F)(F)C(F)(F)F"
4762,NA,"QCEXFTBOSRPTSB-UHFFFAOYSA-N","C39H16F62O2S2",1757.960171392,"CC(CCC(=O)O)(SCCC(F)(F)C(F)(F)C(F)(F)C(F)(F)C(F)(F)C(F)(F)C(F)(F)C(F)(F)C(F)(F)C(F)(F)C(F)(F)C(F)(F)C(F)(F)C(F)(F)C(F)(F)F)SCCC(F)(F)C(F)(F)C(F)(F)C(F)(F)C(F)(F)C(F)(F)C(F)(F)C(F)(F)C(F)(F)C(F)(F)C(F)(F)C(F)(F)C(F)(F)C(F)(F)C(F)(F)F"
4763,NA,"PDTKZNZYWXPHMI-UHFFFAOYSA-N","C41H16F66O2S2",1857.953784272,"CC(CCC(=O)O)(SCCC(F)(F)C(F)(F)C(F)(F)C(F)(F)C(F)(F)C(F)(F)C(F)(F)C(F)(F)C(F)(F)C(F)(F)C(F)(F)C(F)(F)C(F)(F)C(F)(F)C(F)(F)C(F)(F)F)SCCC(F)(F)C(F)(F)C(F)(F)C(F)(F)C(F)(F)C(F)(F)C(F)(F)C(F)(F)C(F)(F)C(F)(F)C(F)(F)C(F)(F)C(F)(F)C(F)(F)C(F)(F)C(F)(F)F"
4764,NA,"OJBYJKUMFDCAAC-UHFFFAOYSA-N","C43H16F70O2S2",1957.947397152,"CC(CCC(=O)O)(SCCC(F)(F)C(F)(F)C(F)(F)C(F)(F)C(F)(F)C(F)(F)C(F)(F)C(F)(F)C(F)(F)C(F)(F)C(F)(F)C(F)(F)C(F)(F)C(F)(F)C(F)(F)C(F)(F)C(F)(F)F)SCCC(F)(F)C(F)(F)C(F)(F)C(F)(F)C(F)(F)C(F)(F)C(F)(F)C(F)(F)C(F)(F)C(F)(F)C(F)(F)C(F)(F)C(F)(F)C(F)(F)C(F)(F)C(F)(F)C(F)(F)F"
4765,NA,"CWFAESUIEQGGSD-UHFFFAOYSA-N","C45H16F74O2S2",2057.941010032,"CC(CCC(=O)O)(SCCC(F)(F)C(F)(F)C(F)(F)C(F)(F)C(F)(F)C(F)(F)C(F)(F)C(F)(F)C(F)(F)C(F)(F)C(F)(F)C(F)(F)C(F)(F)C(F)(F)C(F)(F)C(F)(F)C(F)(F)C(F)(F)F)SCCC(F)(F)C(F)(F)C(F)(F)C(F)(F)C(F)(F)C(F)(F)C(F)(F)C(F)(F)C(F)(F)C(F)(F)C(F)(F)C(F)(F)C(F)(F)C(F)(F)C(F)(F)C(F)(F)C(F)(F)C(F)(F)F"
4766,NA,"FBUPRCOWKSHCSF-UHFFFAOYSA-N","C5H4F5NS",204.998461228,"N#CSCCC(F)(F)C(F)(F)F"
4767,NA,"YZUZHAZGQIEGBZ-UHFFFAOYSA-N","C6H4F7NS",254.995267668,"N#CSCCC(F)(F)C(F)(F)C(F)(F)F"
4768,NA,"ZAHRCAFXDCRWJH-UHFFFAOYSA-N","C8H4F11NS",354.988880548,"N#CSCCC(F)(F)C(F)(F)C(F)(F)C(F)(F)C(F)(F)F"
4769,NA,"MBMLCFBXBXDRBT-UHFFFAOYSA-N","C10H4F15NS",454.982493428,"N#CSCCC(F)(F)C(F)(F)C(F)(F)C(F)(F)C(F)(F)C(F)(F)C(F)(F)F"
4770,NA,"HPXMAHCUVQSULD-UHFFFAOYSA-N","C12H4F19NS",554.976106308,"N#CSCCC(F)(F)C(F)(F)C(F)(F)C(F)(F)C(F)(F)C(F)(F)C(F)(F)C(F)(F)C(F)(F)F"
4771,NA,"HMEUBMUPSNHFOR-UHFFFAOYSA-N","C13H4F21NS",604.972912748,"N#CSCCC(F)(F)C(F)(F)C(F)(F)C(F)(F)C(F)(F)C(F)(F)C(F)(F)C(F)(F)C(F)(F)C(F)(F)F"
4772,NA,"YTJVVPBBHHVATI-UHFFFAOYSA-N","C14H4F23NS",654.969719188,"N#CSCCC(F)(F)C(F)(F)C(F)(F)C(F)(F)C(F)(F)C(F)(F)C(F)(F)C(F)(F)C(F)(F)C(F)(F)C(F)(F)F"
4773,NA,"GYWTXVRXAOQDHP-UHFFFAOYSA-N","C15H4F25NS",704.966525628,"N#CSCCC(F)(F)C(F)(F)C(F)(F)C(F)(F)C(F)(F)C(F)(F)C(F)(F)C(F)(F)C(F)(F)C(F)(F)C(F)(F)C(F)(F)F"
4774,NA,"AFVRFKOGFXLHEO-UHFFFAOYSA-N","C16H4F27NS",754.963332068,"N#CSCCC(F)(F)C(F)(F)C(F)(F)C(F)(F)C(F)(F)C(F)(F)C(F)(F)C(F)(F)C(F)(F)C(F)(F)C(F)(F)C(F)(F)C(F)(F)F"
4775,NA,"BAVPHXZUCVZXPF-UHFFFAOYSA-N","C17H4F29NS",804.960138508,"N#CSCCC(F)(F)C(F)(F)C(F)(F)C(F)(F)C(F)(F)C(F)(F)C(F)(F)C(F)(F)C(F)(F)C(F)(F)C(F)(F)C(F)(F)C(F)(F)C(F)(F)F"
4776,NA,"LJVZUIMAINXUKV-UHFFFAOYSA-N","C18H4F31NS",854.956944948,"N#CSCCC(F)(F)C(F)(F)C(F)(F)C(F)(F)C(F)(F)C(F)(F)C(F)(F)C(F)(F)C(F)(F)C(F)(F)C(F)(F)C(F)(F)C(F)(F)C(F)(F)C(F)(F)F"
4777,NA,"MKVVLDAZJYLHEJ-UHFFFAOYSA-N","C19H4F33NS",904.953751388,"N#CSCCC(F)(F)C(F)(F)C(F)(F)C(F)(F)C(F)(F)C(F)(F)C(F)(F)C(F)(F)C(F)(F)C(F)(F)C(F)(F)C(F)(F)C(F)(F)C(F)(F)C(F)(F)C(F)(F)F"
4778,NA,"LAKHVPBPTUXQDL-UHFFFAOYSA-N","C20H4F35NS",954.950557828,"N#CSCCC(F)(F)C(F)(F)C(F)(F)C(F)(F)C(F)(F)C(F)(F)C(F)(F)C(F)(F)C(F)(F)C(F)(F)C(F)(F)C(F)(F)C(F)(F)C(F)(F)C(F)(F)C(F)(F)C(F)(F)F"
4779,NA,"HZSRCBOBUPYNGJ-UHFFFAOYSA-N","C21H4F37NS",1004.947364268,"N#CSCCC(F)(F)C(F)(F)C(F)(F)C(F)(F)C(F)(F)C(F)(F)C(F)(F)C(F)(F)C(F)(F)C(F)(F)C(F)(F)C(F)(F)C(F)(F)C(F)(F)C(F)(F)C(F)(F)C(F)(F)C(F)(F)F"
4780,NA,"BZYXQBOBEARWCV-UHFFFAOYSA-N","C4H7F2NOS",155.021641284,"N=C(O)C(F)(F)CCS"
4781,NA,"RGJWGHNWEPFQCA-UHFFFAOYSA-N","C5H7F4NOS",205.018447724,"N=C(O)C(F)(F)C(F)(F)CCS"
4782,NA,"LUVRBGYQDFPNIN-UHFFFAOYSA-N","C6H7F6NOS",255.015254164,"N=C(O)C(F)(F)C(F)(F)C(F)(F)CCS"
4783,NA,"GUDBXIZGGYYRSL-UHFFFAOYSA-N","C7H7F8NOS",305.012060604,"N=C(O)C(F)(F)C(F)(F)C(F)(F)C(F)(F)CCS"
4784,NA,"AISYDWSWBMGOSO-UHFFFAOYSA-N","C8H7F10NOS",355.008867044,"N=C(O)C(F)(F)C(F)(F)C(F)(F)C(F)(F)C(F)(F)CCS"
4785,NA,"IOJHMNMVXIROMC-UHFFFAOYSA-N","C9H7F12NOS",405.005673484,"N=C(O)C(F)(F)C(F)(F)C(F)(F)C(F)(F)C(F)(F)C(F)(F)CCS"
4786,NA,"IWFKVAJTTKSFGO-UHFFFAOYSA-N","C10H7F14NOS",455.002479924,"N=C(O)C(F)(F)C(F)(F)C(F)(F)C(F)(F)C(F)(F)C(F)(F)C(F)(F)CCS"
4787,NA,"OGVWNIOGHGMCMJ-UHFFFAOYSA-N","C11H7F16NOS",504.999286364,"N=C(O)C(F)(F)C(F)(F)C(F)(F)C(F)(F)C(F)(F)C(F)(F)C(F)(F)C(F)(F)CCS"
4788,NA,"CNYCFBIEQDBDGE-UHFFFAOYSA-N","C12H7F18NOS",554.996092804,"N=C(O)C(F)(F)C(F)(F)C(F)(F)C(F)(F)C(F)(F)C(F)(F)C(F)(F)C(F)(F)C(F)(F)CCS"
4789,NA,"KIAJJVICODARQG-UHFFFAOYSA-N","C13H7F20NOS",604.992899244,"N=C(O)C(F)(F)C(F)(F)C(F)(F)C(F)(F)C(F)(F)C(F)(F)C(F)(F)C(F)(F)C(F)(F)C(F)(F)CCS"
4790,NA,"LUVDIHMFNPRENX-UHFFFAOYSA-N","C14H7F22NOS",654.989705684,"N=C(O)C(F)(F)C(F)(F)C(F)(F)C(F)(F)C(F)(F)C(F)(F)C(F)(F)C(F)(F)C(F)(F)C(F)(F)C(F)(F)CCS"
4791,NA,"OJKRDTPDLABGBG-UHFFFAOYSA-N","C15H7F24NOS",704.986512124,"N=C(O)C(F)(F)C(F)(F)C(F)(F)C(F)(F)C(F)(F)C(F)(F)C(F)(F)C(F)(F)C(F)(F)C(F)(F)C(F)(F)C(F)(F)CCS"
4792,NA,"ZECPBJFMILXLDM-UHFFFAOYSA-N","C16H7F26NOS",754.983318564,"N=C(O)C(F)(F)C(F)(F)C(F)(F)C(F)(F)C(F)(F)C(F)(F)C(F)(F)C(F)(F)C(F)(F)C(F)(F)C(F)(F)C(F)(F)C(F)(F)CCS"
4793,NA,"GJMBMJRNOANVAR-UHFFFAOYSA-N","C17H7F28NOS",804.980125004,"N=C(O)C(F)(F)C(F)(F)C(F)(F)C(F)(F)C(F)(F)C(F)(F)C(F)(F)C(F)(F)C(F)(F)C(F)(F)C(F)(F)C(F)(F)C(F)(F)C(F)(F)CCS"
4794,NA,"ACVSHTMATNOVNK-UHFFFAOYSA-N","C18H7F30NOS",854.976931444,"N=C(O)C(F)(F)C(F)(F)C(F)(F)C(F)(F)C(F)(F)C(F)(F)C(F)(F)C(F)(F)C(F)(F)C(F)(F)C(F)(F)C(F)(F)C(F)(F)C(F)(F)C(F)(F)CCS"
4795,NA,"ALSFYEMNPKGBHP-UHFFFAOYSA-N","C19H7F32NOS",904.973737884,"N=C(O)C(F)(F)C(F)(F)C(F)(F)C(F)(F)C(F)(F)C(F)(F)C(F)(F)C(F)(F)C(F)(F)C(F)(F)C(F)(F)C(F)(F)C(F)(F)C(F)(F)C(F)(F)C(F)(F)CCS"
4796,NA,"RBZPYTLFVKGVSH-UHFFFAOYSA-N","C20H7F34NOS",954.970544324,"N=C(O)C(F)(F)C(F)(F)C(F)(F)C(F)(F)C(F)(F)C(F)(F)C(F)(F)C(F)(F)C(F)(F)C(F)(F)C(F)(F)C(F)(F)C(F)(F)C(F)(F)C(F)(F)C(F)(F)C(F)(F)CCS"
4797,NA,"HOEJVOBGBRXNTK-UHFFFAOYSA-N","C4H6F2O2S",156.005656872,"O=C(O)C(F)(F)CCS"
4798,NA,"AOLQOEDGDBKIBY-UHFFFAOYSA-N","C5H6F4O2S",206.002463312,"O=C(O)C(F)(F)C(F)(F)CCS"
4799,NA,"JAFMHDWTKQAFNX-UHFFFAOYSA-N","C6H6F6O2S",255.999269752,"O=C(O)C(F)(F)C(F)(F)C(F)(F)CCS"
4800,NA,"GGFWPAWEVUMTHJ-UHFFFAOYSA-N","C7H6F8O2S",305.996076192,"O=C(O)C(F)(F)C(F)(F)C(F)(F)C(F)(F)CCS"
4801,NA,"AXZJPNAFPCZSBZ-UHFFFAOYSA-N","C8H6F10O2S",355.992882632,"O=C(O)C(F)(F)C(F)(F)C(F)(F)C(F)(F)C(F)(F)CCS"
4802,NA,"XHTZWGUEUSXOHD-UHFFFAOYSA-N","C9H6F12O2S",405.989689072,"O=C(O)C(F)(F)C(F)(F)C(F)(F)C(F)(F)C(F)(F)C(F)(F)CCS"
4803,NA,"WFLRVTNQIDAXHZ-UHFFFAOYSA-N","C10H6F14O2S",455.986495512,"O=C(O)C(F)(F)C(F)(F)C(F)(F)C(F)(F)C(F)(F)C(F)(F)C(F)(F)CCS"
4804,NA,"RSRMPNIDJDYKBE-UHFFFAOYSA-N","C11H6F16O2S",505.983301952,"O=C(O)C(F)(F)C(F)(F)C(F)(F)C(F)(F)C(F)(F)C(F)(F)C(F)(F)C(F)(F)CCS"
4805,NA,"YNZKCMMSYPLNIB-UHFFFAOYSA-N","C12H6F18O2S",555.980108392,"O=C(O)C(F)(F)C(F)(F)C(F)(F)C(F)(F)C(F)(F)C(F)(F)C(F)(F)C(F)(F)C(F)(F)CCS"
4806,NA,"STQUYXCFWSEXRD-UHFFFAOYSA-N","C13H6F20O2S",605.976914832,"O=C(O)C(F)(F)C(F)(F)C(F)(F)C(F)(F)C(F)(F)C(F)(F)C(F)(F)C(F)(F)C(F)(F)C(F)(F)CCS"
4807,NA,"HKJCITKJJFVCRO-UHFFFAOYSA-N","C14H6F22O2S",655.973721272,"O=C(O)C(F)(F)C(F)(F)C(F)(F)C(F)(F)C(F)(F)C(F)(F)C(F)(F)C(F)(F)C(F)(F)C(F)(F)C(F)(F)CCS"
4808,NA,"KVCCLSYVNYSALJ-UHFFFAOYSA-N","C15H6F24O2S",705.970527712,"O=C(O)C(F)(F)C(F)(F)C(F)(F)C(F)(F)C(F)(F)C(F)(F)C(F)(F)C(F)(F)C(F)(F)C(F)(F)C(F)(F)C(F)(F)CCS"
4809,NA,"SDLSYSLSGYIKGN-UHFFFAOYSA-N","C16H6F26O2S",755.967334152,"O=C(O)C(F)(F)C(F)(F)C(F)(F)C(F)(F)C(F)(F)C(F)(F)C(F)(F)C(F)(F)C(F)(F)C(F)(F)C(F)(F)C(F)(F)C(F)(F)CCS"
4810,NA,"JXAZGDSLCHFMJD-UHFFFAOYSA-N","C17H6F28O2S",805.964140592,"O=C(O)C(F)(F)C(F)(F)C(F)(F)C(F)(F)C(F)(F)C(F)(F)C(F)(F)C(F)(F)C(F)(F)C(F)(F)C(F)(F)C(F)(F)C(F)(F)C(F)(F)CCS"
4811,NA,"ZWWPEKBOMODETC-UHFFFAOYSA-N","C18H6F30O2S",855.960947032,"O=C(O)C(F)(F)C(F)(F)C(F)(F)C(F)(F)C(F)(F)C(F)(F)C(F)(F)C(F)(F)C(F)(F)C(F)(F)C(F)(F)C(F)(F)C(F)(F)C(F)(F)C(F)(F)CCS"
4812,NA,"HDYDZKDYWWCCEZ-UHFFFAOYSA-N","C19H6F32O2S",905.957753472,"O=C(O)C(F)(F)C(F)(F)C(F)(F)C(F)(F)C(F)(F)C(F)(F)C(F)(F)C(F)(F)C(F)(F)C(F)(F)C(F)(F)C(F)(F)C(F)(F)C(F)(F)C(F)(F)C(F)(F)CCS"
4813,NA,"WIGRKJVWKVYYSU-UHFFFAOYSA-N","C20H6F34O2S",955.954559912,"O=C(O)C(F)(F)C(F)(F)C(F)(F)C(F)(F)C(F)(F)C(F)(F)C(F)(F)C(F)(F)C(F)(F)C(F)(F)C(F)(F)C(F)(F)C(F)(F)C(F)(F)C(F)(F)C(F)(F)C(F)(F)CCS"
4814,NA,"OWABTPYVTDRCKH-UHFFFAOYSA-N","C9H5F15O3S",477.97198832,"O=S(=O)(O)CCC(F)(F)C(F)(F)C(F)(F)C(F)(F)C(F)(F)C(F)(F)C(F)(F)F"
4815,NA,"XGFVQBNLNBIJAI-UHFFFAOYSA-N","C11H5F19O3S",577.9656012,"O=S(=O)(O)CCC(F)(F)C(F)(F)C(F)(F)C(F)(F)C(F)(F)C(F)(F)C(F)(F)C(F)(F)C(F)(F)F"
4816,NA,"XXKFVYRCSDPCBZ-UHFFFAOYSA-N","C9H6F15O4P",493.976418602,"O=P(O)(O)OCCC(F)(F)C(F)(F)C(F)(F)C(F)(F)C(F)(F)C(F)(F)C(F)(F)F"
4817,NA,"RVMKCACFKFAJPS-UHFFFAOYSA-N","C6HF11O6",377.959748172,"O=C(O)C(F)(F)OC(F)(F)OC(F)(F)OC(F)(F)OC(F)(F)F"
4818,NA,"FVHYBZSZYQKTPP-UHFFFAOYSA-N","C7HF13O7",443.951469232,"O=C(O)C(F)(F)OC(F)(F)OC(F)(F)OC(F)(F)OC(F)(F)OC(F)(F)F"
4819,NA,"SJKDXZGLKADOQD-UHFFFAOYSA-N","C5HF9O5",311.968027112,"O=C(O)C(F)(F)OC(F)(F)OC(F)(F)OC(F)(F)F"
4820,"120068-37-3","ZOCSXAVNDGMNBV-UHFFFAOYSA-N","C12H4Cl2F6N4OS",435.938706428,"N#Cc1nn(-c2c(Cl)cc(C(F)(F)F)cc2Cl)c(N)c1S(=O)C(F)(F)F"
4821,NA,"JIHLBAMEMZLPGB-UHFFFAOYSA-N","C7HClF14O3",433.939066652,"OC(F)(F)C(F)(F)C(F)(F)OC(F)(F)OC(F)(F)C(F)(Cl)C(F)(F)F"
4822,NA,"DMUIISHAVDJNER-UHFFFAOYSA-N","C8HClF16O3",483.935873092,"OC(F)(F)C(F)(F)OC(F)(F)C(F)(F)C(F)(F)OC(F)(F)C(F)(Cl)C(F)(F)F"
4823,NA,"UHTKCIPILCEOJA-UHFFFAOYSA-N","C9HClF18O3",533.932679532,"OC(F)(F)C(F)(F)C(F)(F)OC(F)(F)C(F)(F)C(F)(F)OC(F)(F)C(F)(Cl)C(F)(F)F"
4824,NA,"AOIYRXABPRGGHS-UHFFFAOYSA-N","C10HClF20O3",583.929485972,"OC(F)(F)C(F)(F)C(F)(F)C(F)(F)OC(F)(F)C(F)(F)C(F)(F)OC(F)(F)C(F)(Cl)C(F)(F)F"
4825,NA,"XSSKLPHKSKZBBS-UHFFFAOYSA-N","C11HClF22O3",633.926292412,"OC(F)(F)C(F)(F)C(F)(F)C(F)(F)C(F)(F)OC(F)(F)C(F)(F)C(F)(F)OC(F)(F)C(F)(Cl)C(F)(F)F"
4826,NA,"FAQLPNWLZASUKV-UHFFFAOYSA-N","C9HClF18O4",549.927594152,"OC(F)(F)C(F)(F)C(F)(F)C(F)(F)OC(F)(F)OC(F)(F)OC(F)(F)C(F)(Cl)C(F)(F)F"
4827,NA,"QDPNMEDUAROFNI-UHFFFAOYSA-N","C10HClF20O4",599.924400592,"OC(F)(F)C(F)(F)C(F)(F)C(F)(F)C(F)(F)OC(F)(F)OC(F)(F)OC(F)(F)C(F)(Cl)C(F)(F)F"
4828,NA,"VDAVNAKURCVLJM-UHFFFAOYSA-N","C11HClF22O4",649.921207032,"OC(F)(F)C(F)(F)OC(F)(F)C(F)(F)C(F)(F)OC(F)(F)C(F)(F)C(F)(F)OC(F)(F)C(F)(Cl)C(F)(F)F"
4829,NA,"GWSHMMJFIUTMKZ-UHFFFAOYSA-N","C12HClF24O4",699.918013472,"OC(F)(F)C(F)(F)C(F)(F)OC(F)(F)C(F)(F)C(F)(F)OC(F)(F)C(F)(F)C(F)(F)OC(F)(F)C(F)(Cl)C(F)(F)F"
4830,NA,"FWVOQOHRXHZVQU-UHFFFAOYSA-N","C11HClF22O5",665.916121652,"OC(F)(F)C(F)(F)OC(F)(F)C(F)(F)C(F)(F)OC(F)(F)C(F)(F)OC(F)(F)OC(F)(Cl)C(F)(F)C(F)(F)F"
4831,NA,"FOWUYLWMZBBKDW-UHFFFAOYSA-N","C12HClF24O5",715.912928092,"OC(F)(F)C(F)(F)C(F)(F)OC(F)(F)C(F)(F)C(F)(F)OC(F)(F)C(F)(F)OC(F)(F)OC(F)(Cl)C(F)(F)C(F)(F)F"
4832,NA,"PMHIQNMSLJEUOM-UHFFFAOYSA-N","C12HCl2F21O6",709.881485732,"O=C(O)C(F)(F)C(F)(F)C(F)(F)C(F)(F)OC(F)(F)OC(F)(F)OC(F)(Cl)C(F)(F)OC(F)(F)C(F)(Cl)C(F)(F)F"
4833,NA,"FNCYQOZJPUCEMW-UHFFFAOYSA-N","C13HCl2F23O6",759.878292172,"O=C(O)C(F)(F)OC(F)(F)C(F)(F)C(F)(F)OC(F)(F)C(F)(F)C(F)(F)OC(F)(Cl)C(F)(F)OC(F)(F)C(F)(Cl)C(F)(F)F"
4834,NA,"VWROZEWOERGFDL-UHFFFAOYSA-N","C13H2ClF23O6",725.917264524,"O=C(O)C(F)(F)OC(F)(F)C(F)(F)C(F)(F)OC(F)(F)C(F)(F)C(F)(F)OC(F)C(F)(F)OC(F)(F)C(F)(Cl)C(F)(F)F"
4835,NA,"LHCABVBWHOKLCV-UHFFFAOYSA-N","C16H2ClF29O6",875.907683844,"O=C(O)C(F)(F)C(F)(F)C(F)(F)C(F)(F)OC(F)(F)C(F)(F)C(F)(F)OC(F)(F)C(F)(F)C(F)(F)OC(F)C(F)(F)OC(F)(F)C(F)(Cl)C(F)(F)F"
4836,NA,"XYEXGVGXNGEOFY-UHFFFAOYSA-N","C14H11F17O2S",566.020830332,"CC(CSCCC(F)(F)C(F)(F)C(F)(F)C(F)(F)C(F)(F)C(F)(F)C(F)(F)C(F)(F)F)C(=O)O"
4837,NA,"ITWQILFCGBFKOB-UHFFFAOYSA-N","C14H19F11NO4S2",538.0579855,NA
4838,NA,"FTFCPJACSSDJSI-UHFFFAOYSA-N","C16H19F15NO4S2",638.0515984,NA
4839,NA,"JZLICTXOXFCCDU-UHFFFAOYSA-N","C8HClF14O4",461.933981272,"O=C(O)C(F)(F)OC(F)(C(F)(F)F)C(F)(F)OC(F)(F)C(F)(Cl)C(F)(F)F"
4840,NA,"KOCZMHDAWFCDQS-UHFFFAOYSA-N","C12HClF22O6",693.911036272,"O=C(O)C(F)(F)OC(F)(C(F)(F)F)C(F)(F)OC(F)(OC(F)(OC(F)(F)C(F)(Cl)C(F)(F)F)C(F)(F)F)C(F)(F)F"
4841,NA,"WSUKXTDODKPVPK-UHFFFAOYSA-N","C13HClF24O6",743.907842712,"O=C(O)C(F)(F)OC(F)(C(F)(F)F)C(F)(F)OC(F)(C(F)(F)F)C(F)(F)OC(F)(OC(F)(F)C(F)(Cl)C(F)(F)F)C(F)(F)F"
4842,NA,"PGGWHWIYLXEJJT-UHFFFAOYSA-N","C15HClF28O7",859.896370212,"O=C(O)C(F)(F)OC(F)(C(F)(F)F)C(F)(F)OC(F)(OC(F)(C(F)(F)F)C(F)(F)OC(F)(OC(F)(F)C(F)(Cl)C(F)(F)F)C(F)(F)F)C(F)(F)F"
4843,NA,"HVFQTAZFUIOKCW-UHFFFAOYSA-N","C11HClF20O6",643.914229832,"O=C(O)C(F)(F)OC(F)(OC(F)(OC(F)(OC(F)(F)C(F)(Cl)C(F)(F)F)C(F)(F)F)C(F)(F)F)C(F)(F)F"
4844,NA,"NWHFHIOCZRMXSU-UHFFFAOYSA-N","C13HClF24O7",759.902757332,"O=C(O)C(F)(F)OC(F)(OC(F)(OC(F)(OC(F)(OC(F)(F)C(F)(Cl)C(F)(F)F)C(F)(F)F)C(F)(F)F)C(F)(F)F)C(F)(F)F"
4845,NA,"VWBHFMHYSNPDBL-UHFFFAOYSA-N","C14HClF26O6",793.904649152,"O=C(O)C(F)(F)OC(F)(C(F)(F)F)C(F)(F)OC(F)(C(F)(F)F)C(F)(F)OC(F)(C(F)(F)F)C(F)(F)OC(F)(F)C(F)(Cl)C(F)(F)F"
4846,NA,"ARTRAVYHFYBQOX-UHFFFAOYSA-N","C9H2F16O5",493.964674684,"O=C(O)C(F)(F)OC(F)(OC(F)(OC(F)(F)C(F)C(F)(F)F)C(F)(F)F)C(F)(F)F"
4847,NA,"KTNNDTHFMIYXPC-UHFFFAOYSA-N","C10H2F18O5",543.961481124,"O=C(O)C(F)(F)OC(F)(C(F)(F)F)C(F)(F)OC(F)(OC(F)(F)C(F)C(F)(F)F)C(F)(F)F"
4848,NA,"ZIEDVKOCNGBCDI-UHFFFAOYSA-N","C11H2F20O5",593.958287564,"O=C(O)C(F)(F)OC(F)(C(F)(F)F)C(F)(F)OC(F)(C(F)(F)F)C(F)(F)OC(F)(F)C(F)C(F)(F)F"
4849,NA,"VMXUXYBWSFQBPO-UHFFFAOYSA-N","C3HClF6O",201.962011652,"OC(F)(Cl)C(F)(F)C(F)(F)F"
4850,NA,"HTPXJOSPWNTNFU-UHFFFAOYSA-N","C3HClF6O",201.962011652,"OC(F)(F)C(F)(Cl)C(F)(F)F"
4851,NA,"HLXLYZKGRDKUOB-UHFFFAOYSA-N","C3HClF6O",201.962011652,"OC(F)(F)C(F)(F)C(F)(F)Cl"
4852,NA,"ILXARAKNYOEEAQ-UHFFFAOYSA-N","C3HClF6O",201.962011652,"OC(F)(C(F)(F)F)C(F)(F)Cl"
4853,NA,"LZLXZIXOJAUKES-UHFFFAOYSA-N","C6HClF12O2",367.947345592,"OC(F)(C(F)(F)F)C(F)(F)OC(F)(F)C(F)(Cl)C(F)(F)F"
4854,NA,"SSETYNCIDIGEBV-UHFFFAOYSA-N","C6HClF12O2",367.947345592,"OC(F)(C(F)(F)F)C(F)(F)OC(F)(C(F)(F)F)C(F)(F)Cl"
4855,NA,"XEXRVUDSYKGMKG-UHFFFAOYSA-N","C9HClF18O3",533.932679532,"OC(F)(C(F)(F)F)C(F)(F)OC(F)(C(F)(F)F)C(F)(F)OC(F)(F)C(F)(Cl)C(F)(F)F"
4856,NA,"WIPPJTHMOPTOBO-UHFFFAOYSA-N","C9HClF18O3",533.932679532,"OC(F)(C(F)(F)F)C(F)(F)OC(F)(C(F)(F)F)C(F)(F)OC(F)(C(F)(F)F)C(F)(F)Cl"
4857,NA,"CKFGGDZZCBQBPW-UHFFFAOYSA-N","C12HClF24O4",699.918013472,"OC(F)(C(F)(F)F)C(F)(F)OC(F)(C(F)(F)F)C(F)(F)OC(F)(C(F)(F)F)C(F)(F)OC(F)(F)C(F)(Cl)C(F)(F)F"
4858,NA,"SIBXOZBAFQCQCP-UHFFFAOYSA-N","C12HClF24O4",699.918013472,"OC(F)(C(F)(F)F)C(F)(F)OC(F)(C(F)(F)F)C(F)(F)OC(F)(C(F)(F)F)C(F)(F)OC(F)(C(F)(F)F)C(F)(F)Cl"
4859,NA,"XGQWJIQDEFVPDO-UHFFFAOYSA-N","C14HClF26O6",793.904649152,"O=C(O)C(F)(F)OC(F)(C(F)(F)F)C(F)(F)OC(F)(C(F)(F)F)C(F)(F)OC(F)(C(F)(F)F)C(F)(F)OC(F)(C(F)(F)F)C(F)(F)Cl"
4860,NA,"ZIGLJWRYQVXJAN-DUXPYHPUSA-N","C8H3F9O3",317.993847936,"O=C(O)OCC(F)(F)C(F)(F)/C(F)=C(\F)C(F)=C(F)F"
4861,NA,"UFRMHZYGNCTCND-UHFFFAOYSA-N","C3HF7O2",201.986476812,"OC(F)(F)C(F)(F)OC(F)(F)F"
4862,NA,"GGJBBLJHCNJXDX-UHFFFAOYSA-N","C4HF9O2",251.983283252,"OC(F)(F)C(F)(F)C(F)(F)OC(F)(F)F"
4863,NA,"SOXWXJBWQXSSBL-UHFFFAOYSA-N","C5HF11O2",301.980089692,"OC(F)(F)C(F)(F)C(F)(F)OC(F)(F)C(F)(F)F"
4864,NA,"ZJRDBBPOKPBHOB-UHFFFAOYSA-N","C3H2F6O2",183.995898624,"OC(F)C(F)(F)OC(F)(F)F"
4865,NA,"VYGDODIKEHJQCR-UHFFFAOYSA-N","C3H4F4O4S",211.976642488,"O=S(=O)(O)CC(F)OC(F)(F)F"
4866,NA,"CMOAIFUJADSUMY-UHFFFAOYSA-N","C4H4F6O5S",277.968363548,"O=S(=O)(O)COC(F)C(F)(F)OC(F)(F)F"
4867,NA,"BTZLOWXUIJOJSD-UHFFFAOYSA-N","C13H10F17NO4S",599.00590854,"CCCN(CC(=O)O)S(=O)(=O)C(F)(F)C(F)(F)C(F)(F)C(F)(F)C(F)(F)C(F)(F)C(F)(F)C(F)(F)F"
4868,NA,"KBTLKULFJCHRQJ-UHFFFAOYSA-N","C7H5F11O3S",377.97837544,"O=S(=O)(O)CCC(F)(F)C(F)(F)C(F)(F)C(F)(F)C(F)(F)F"
4869,NA,"JDUGBTRHBALQRW-UHFFFAOYSA-N","C11H6F19O4P",593.970031482,"O=P(O)(O)OCCC(F)(F)C(F)(F)C(F)(F)C(F)(F)C(F)(F)C(F)(F)C(F)(F)C(F)(F)C(F)(F)F"
4870,NA,"GOBYFXWGQOKJBR-UHFFFAOYSA-N","C13H6F23O4P",693.963644362,"O=P(O)(O)OCCC(F)(F)C(F)(F)C(F)(F)C(F)(F)C(F)(F)C(F)(F)C(F)(F)C(F)(F)C(F)(F)C(F)(F)C(F)(F)F"
4871,NA,"YWUBFJZSIGZKMP-UHFFFAOYSA-N","C15H6F27O4P",793.957257242,"O=P(O)(O)OCCC(F)(F)C(F)(F)C(F)(F)C(F)(F)C(F)(F)C(F)(F)C(F)(F)C(F)(F)C(F)(F)C(F)(F)C(F)(F)C(F)(F)C(F)(F)F"
4872,NA,"VCWDSNIRAAZWFY-UHFFFAOYSA-N","C8H2F14O4",427.972953624,"O=C(O)C(F)(F)C(F)(F)OC(F)(C(F)(F)F)C(F)(F)OC(F)C(F)(F)F"
4873,NA,"BDKPQGHXQQEJBT-OWOJBTEDSA-N","C4HF7O",197.991562192,"OC(F)(F)/C(F)=C(\F)C(F)(F)F"
4874,NA,"FDGNKXMFWTXRKO-UHFFFAOYSA-N","C15H5F17O4S",603.96370938,"O=S(=O)(O)c1ccccc1OC(F)(F)C(F)(F)C(F)(F)C(F)(F)C(F)(F)C(F)(F)C(F)(F)C(F)=C(F)F"
4875,NA,"NUTDLBJJFHBCML-UHFFFAOYSA-N","C7HClF12O4",411.937174832,"O=C(O)C(F)(F)OC(F)(OC(F)(F)C(F)(Cl)C(F)(F)F)C(F)(F)F"
4876,NA,"GEXXADHKKGBLLH-UHFFFAOYSA-N","C10HClF18O5",577.922508772,"O=C(O)C(F)(F)OC(F)(C(F)(F)F)C(F)(F)OC(F)(OC(F)(F)C(F)(Cl)C(F)(F)F)C(F)(F)F"
4877,NA,"APCMCTBTFIFLHC-UHFFFAOYSA-N","C9HClF16O5",527.925702332,"O=C(O)C(F)(F)OC(F)(OC(F)(OC(F)(F)C(F)(Cl)C(F)(F)F)C(F)(F)F)C(F)(F)F"
4878,NA,"PMQPFBCOUNOZGW-UHFFFAOYSA-N","C7H2F12O4",377.976147184,"O=C(O)C(F)(F)OC(F)(OC(F)(F)C(F)C(F)(F)F)C(F)(F)F"
4879,NA,"QZHHSLWDBZPXID-UHFFFAOYSA-N","C8H2F14O4",427.972953624,"O=C(O)C(F)(F)OC(F)(C(F)(F)F)C(F)(F)OC(F)(F)C(F)C(F)(F)F"
4880,NA,"ZBHDLXPWAJONSK-UHFFFAOYSA-N","C11HClF20O5",627.919315212,"O=C(O)C(F)(F)OC(F)(C(F)(F)F)C(F)(F)OC(F)(C(F)(F)F)C(F)(F)OC(F)(C(F)(F)F)C(F)(F)Cl"
4881,NA,"MVENKDVQNKIDEH-UHFFFAOYSA-N","C5H4F8O5S",327.965169988,"O=S(=O)(O)COC(F)C(F)(F)OC(F)(F)C(F)(F)F"
4882,NA,"AEMIKYUDMNDMLZ-OWOJBTEDSA-N","C5HF9O",247.988368632,"OC(F)(F)C(F)(F)/C(F)=C(\F)C(F)(F)F"
4883,NA,"ADFQWOLUKYLWCE-OWOJBTEDSA-N","C6HF11O",297.985175072,"OC(F)(F)C(F)(F)C(F)(F)/C(F)=C(\F)C(F)(F)F"
4884,NA,"NFMZAQRWTUWWTQ-OWOJBTEDSA-N","C7HF13O",347.981981512,"OC(F)(F)C(F)(F)C(F)(F)C(F)(F)/C(F)=C(\F)C(F)(F)F"
4885,NA,"GTPCZYUMOVUFSW-UHFFFAOYSA-N","C14H10F17NO4S",611.00590854,"C=CC(=O)OCCNCS(=O)(=O)C(F)(F)C(F)(F)C(F)(F)C(F)(F)C(F)(F)C(F)(F)C(F)(F)C(F)(F)F"
4886,NA,"JGRBOYAJYKVCOB-UHFFFAOYSA-N","C11HClF20O5",627.919315212,"O=C(O)C(F)(F)OC(F)(C(F)(F)F)C(F)(F)OC(F)(C(F)(F)F)C(F)(F)OC(F)(F)C(F)(Cl)C(F)(F)F"
4887,NA,"XMEPIHHHXCQAEX-UHFFFAOYSA-N","C13H17F13N2OS",496.085401024,"C[N+](C)([O-])CCCNSCCC(F)(F)C(F)(F)C(F)(F)C(F)(F)C(F)(F)C(F)(F)F"
4888,NA,"LMDVXEYWUKBXOF-UHFFFAOYSA-N","C16H8F26O",710.015998596,"FC(F)(F)C(F)(F)C(F)(F)C(F)(F)C(F)(F)C(F)(F)CCOCCC(F)(F)C(F)(F)C(F)(F)C(F)(F)C(F)(F)C(F)(F)F"
4889,NA,"QZNIYAZTGGBVEN-UHFFFAOYSA-N","C18H8F30O",810.009611476,"FC(F)(F)C(F)(F)C(F)(F)C(F)(F)C(F)(F)C(F)(F)CCOCCC(F)(F)C(F)(F)C(F)(F)C(F)(F)C(F)(F)C(F)(F)C(F)(F)C(F)(F)F"
4890,NA,"PGKHCFCCLBRYSO-UHFFFAOYSA-N","C20H8F34O",910.003224356,"FC(F)(F)C(F)(F)C(F)(F)C(F)(F)C(F)(F)C(F)(F)C(F)(F)C(F)(F)CCOCCC(F)(F)C(F)(F)C(F)(F)C(F)(F)C(F)(F)C(F)(F)C(F)(F)C(F)(F)F"
4891,NA,"WKBOFEOCNGZRNZ-UHFFFAOYSA-N","C22H8F38O",1009.996837236,"FC(F)(F)C(F)(F)C(F)(F)C(F)(F)C(F)(F)C(F)(F)C(F)(F)C(F)(F)CCOCCC(F)(F)C(F)(F)C(F)(F)C(F)(F)C(F)(F)C(F)(F)C(F)(F)C(F)(F)C(F)(F)C(F)(F)F"
4892,NA,"UNIPSADRQHYADG-UHFFFAOYSA-N","C24H8F42O",1109.990450116,"FC(F)(F)C(F)(F)C(F)(F)C(F)(F)C(F)(F)C(F)(F)C(F)(F)C(F)(F)C(F)(F)C(F)(F)CCOCCC(F)(F)C(F)(F)C(F)(F)C(F)(F)C(F)(F)C(F)(F)C(F)(F)C(F)(F)C(F)(F)C(F)(F)F"
4893,NA,"CDWRBBRSAKYQBQ-UHFFFAOYSA-N","C12H13F13O3",452.065711136,"OCCOCCOCCC(F)(F)C(F)(F)C(F)(F)C(F)(F)C(F)(F)C(F)(F)F"
4894,NA,"DKRJVADBRDZPTR-UHFFFAOYSA-N","C14H17F13O4",496.091925884,"OCCOCCOCCOCCC(F)(F)C(F)(F)C(F)(F)C(F)(F)C(F)(F)C(F)(F)F"
4895,NA,"UYENJBXPKVMORF-UHFFFAOYSA-N","C16H21F13O5",540.118140632,"OCCOCCOCCOCCOCCC(F)(F)C(F)(F)C(F)(F)C(F)(F)C(F)(F)C(F)(F)F"
4896,NA,"KTDPKMBOTZPWIX-UHFFFAOYSA-N","C18H25F13O6",584.14435538,"OCCOCCOCCOCCOCCOCCC(F)(F)C(F)(F)C(F)(F)C(F)(F)C(F)(F)C(F)(F)F"
4897,NA,"BQYGHXUAOMWKDB-UHFFFAOYSA-N","C20H29F13O7",628.170570128,"OCCOCCOCCOCCOCCOCCOCCC(F)(F)C(F)(F)C(F)(F)C(F)(F)C(F)(F)C(F)(F)F"
4898,NA,"ARVXJZZEKLIKCL-UHFFFAOYSA-N","C22H33F13O8",672.196784876,"OCCOCCOCCOCCOCCOCCOCCOCCC(F)(F)C(F)(F)C(F)(F)C(F)(F)C(F)(F)C(F)(F)F"
4899,NA,"SIRPGQGHBBIKGZ-UHFFFAOYSA-N","C24H37F13O9",716.222999624,"OCCOCCOCCOCCOCCOCCOCCOCCOCCC(F)(F)C(F)(F)C(F)(F)C(F)(F)C(F)(F)C(F)(F)F"
4900,NA,"FXZSYNXDEDCXIS-UHFFFAOYSA-N","C26H41F13O10",760.249214372,"OCCOCCOCCOCCOCCOCCOCCOCCOCCOCCC(F)(F)C(F)(F)C(F)(F)C(F)(F)C(F)(F)C(F)(F)F"
4901,NA,"FJVJXXCARPANEO-UHFFFAOYSA-N","C28H45F13O11",804.27542912,"OCCOCCOCCOCCOCCOCCOCCOCCOCCOCCOCCC(F)(F)C(F)(F)C(F)(F)C(F)(F)C(F)(F)C(F)(F)F"
4902,NA,"SWOGHCSMAYFEBO-UHFFFAOYSA-N","C30H49F13O12",848.301643868,"OCCOCCOCCOCCOCCOCCOCCOCCOCCOCCOCCOCCC(F)(F)C(F)(F)C(F)(F)C(F)(F)C(F)(F)C(F)(F)F"
4903,NA,"TYYJXXALPSRMOH-UHFFFAOYSA-N","C32H53F13O13",892.327858616,"OCCOCCOCCOCCOCCOCCOCCOCCOCCOCCOCCOCCOCCC(F)(F)C(F)(F)C(F)(F)C(F)(F)C(F)(F)C(F)(F)F"
4904,NA,"QAWYEUBJWPLQHI-UHFFFAOYSA-N","C34H57F13O14",936.354073364,"OCCOCCOCCOCCOCCOCCOCCOCCOCCOCCOCCOCCOCCOCCC(F)(F)C(F)(F)C(F)(F)C(F)(F)C(F)(F)C(F)(F)F"
4905,NA,"RKHVLZUBIHKVOA-UHFFFAOYSA-N","C18H12F26O2",754.042213344,"FC(F)(F)C(F)(F)C(F)(F)C(F)(F)C(F)(F)C(F)(F)CCOCCOCCC(F)(F)C(F)(F)C(F)(F)C(F)(F)C(F)(F)C(F)(F)F"
4906,NA,"XOCVYBPULUTGRI-UHFFFAOYSA-N","C20H16F26O3",798.068428092,"FC(F)(F)C(F)(F)C(F)(F)C(F)(F)C(F)(F)C(F)(F)CCOCCOCCOCCC(F)(F)C(F)(F)C(F)(F)C(F)(F)C(F)(F)C(F)(F)F"
4907,NA,"NUJJTICVGWPQML-UHFFFAOYSA-N","C22H20F26O4",842.09464284,"FC(F)(F)C(F)(F)C(F)(F)C(F)(F)C(F)(F)C(F)(F)CCOCCOCCOCCOCCC(F)(F)C(F)(F)C(F)(F)C(F)(F)C(F)(F)C(F)(F)F"
4908,NA,"XAEPHYWHFMHHEO-UHFFFAOYSA-N","C24H24F26O5",886.120857588,"FC(F)(F)C(F)(F)C(F)(F)C(F)(F)C(F)(F)C(F)(F)CCOCCOCCOCCOCCOCCC(F)(F)C(F)(F)C(F)(F)C(F)(F)C(F)(F)C(F)(F)F"
4909,NA,"BHYKVOGLSNUPHQ-UHFFFAOYSA-N","C26H28F26O6",930.147072336,"FC(F)(F)C(F)(F)C(F)(F)C(F)(F)C(F)(F)C(F)(F)CCOCCOCCOCCOCCOCCOCCC(F)(F)C(F)(F)C(F)(F)C(F)(F)C(F)(F)C(F)(F)F"
4910,NA,"HSNUYROJNMHFOT-UHFFFAOYSA-N","C28H32F26O7",974.173287084,"FC(F)(F)C(F)(F)C(F)(F)C(F)(F)C(F)(F)C(F)(F)CCOCCOCCOCCOCCOCCOCCOCCC(F)(F)C(F)(F)C(F)(F)C(F)(F)C(F)(F)C(F)(F)F"
4911,NA,"ZRPGBJOCETYMHB-UHFFFAOYSA-N","C30H36F26O8",1018.199501832,"FC(F)(F)C(F)(F)C(F)(F)C(F)(F)C(F)(F)C(F)(F)CCOCCOCCOCCOCCOCCOCCOCCOCCC(F)(F)C(F)(F)C(F)(F)C(F)(F)C(F)(F)C(F)(F)F"
4912,NA,"ZPTUSPYBFMYDNE-UHFFFAOYSA-N","C32H40F26O9",1062.22571658,"FC(F)(F)C(F)(F)C(F)(F)C(F)(F)C(F)(F)C(F)(F)CCOCCOCCOCCOCCOCCOCCOCCOCCOCCC(F)(F)C(F)(F)C(F)(F)C(F)(F)C(F)(F)C(F)(F)F"
4913,NA,"NKNHMYGPBLELQO-UHFFFAOYSA-N","C14H13F17O3",552.059324016,"OCCOCCOCCC(F)(F)C(F)(F)C(F)(F)C(F)(F)C(F)(F)C(F)(F)C(F)(F)C(F)(F)F"
4914,NA,"CILTUEZNISDYGU-UHFFFAOYSA-N","C16H17F17O4",596.085538764,"OCCOCCOCCOCCC(F)(F)C(F)(F)C(F)(F)C(F)(F)C(F)(F)C(F)(F)C(F)(F)C(F)(F)F"
4915,NA,"SBHNNEAUWILNGA-UHFFFAOYSA-N","C18H21F17O5",640.111753512,"OCCOCCOCCOCCOCCC(F)(F)C(F)(F)C(F)(F)C(F)(F)C(F)(F)C(F)(F)C(F)(F)C(F)(F)F"
4916,NA,"WQQKEMYYIRGCAX-UHFFFAOYSA-N","C20H25F17O6",684.13796826,"OCCOCCOCCOCCOCCOCCC(F)(F)C(F)(F)C(F)(F)C(F)(F)C(F)(F)C(F)(F)C(F)(F)C(F)(F)F"
4917,NA,"WIQZMKFUBSSZSR-UHFFFAOYSA-N","C22H29F17O7",728.164183008,"OCCOCCOCCOCCOCCOCCOCCC(F)(F)C(F)(F)C(F)(F)C(F)(F)C(F)(F)C(F)(F)C(F)(F)C(F)(F)F"
4918,NA,"JTPAFKBUCLDDHE-UHFFFAOYSA-N","C24H33F17O8",772.190397756,"OCCOCCOCCOCCOCCOCCOCCOCCC(F)(F)C(F)(F)C(F)(F)C(F)(F)C(F)(F)C(F)(F)C(F)(F)C(F)(F)F"
4919,NA,"NANWJVSAIKDAJZ-UHFFFAOYSA-N","C26H37F17O9",816.216612504,"OCCOCCOCCOCCOCCOCCOCCOCCOCCC(F)(F)C(F)(F)C(F)(F)C(F)(F)C(F)(F)C(F)(F)C(F)(F)C(F)(F)F"
4920,NA,"XSINCMWCICDEAN-UHFFFAOYSA-N","C14H9F21O2",608.026722148,"OCCOCCC(F)(F)C(F)(F)C(F)(F)C(F)(F)C(F)(F)C(F)(F)C(F)(F)C(F)(F)C(F)(F)C(F)(F)F"
4921,NA,"DBBAKWOHSBYVDC-UHFFFAOYSA-N","C16H13F21O3",652.052936896,"OCCOCCOCCC(F)(F)C(F)(F)C(F)(F)C(F)(F)C(F)(F)C(F)(F)C(F)(F)C(F)(F)C(F)(F)C(F)(F)F"
4922,NA,"ZOSNYXMDKVKKPR-UHFFFAOYSA-N","C18H17F21O4",696.079151644,"OCCOCCOCCOCCC(F)(F)C(F)(F)C(F)(F)C(F)(F)C(F)(F)C(F)(F)C(F)(F)C(F)(F)C(F)(F)C(F)(F)F"
4923,NA,"NRRNRSNNVISAKP-UHFFFAOYSA-N","C20H21F21O5",740.105366392,"OCCOCCOCCOCCOCCC(F)(F)C(F)(F)C(F)(F)C(F)(F)C(F)(F)C(F)(F)C(F)(F)C(F)(F)C(F)(F)C(F)(F)F"
4924,NA,"GJVPDDDLRXQQEE-UHFFFAOYSA-N","C22H25F21O6",784.13158114,"OCCOCCOCCOCCOCCOCCC(F)(F)C(F)(F)C(F)(F)C(F)(F)C(F)(F)C(F)(F)C(F)(F)C(F)(F)C(F)(F)C(F)(F)F"
4925,NA,"NMBLBFBSECLQNE-UHFFFAOYSA-N","C24H29F21O7",828.157795888,"OCCOCCOCCOCCOCCOCCOCCC(F)(F)C(F)(F)C(F)(F)C(F)(F)C(F)(F)C(F)(F)C(F)(F)C(F)(F)C(F)(F)C(F)(F)F"
4926,NA,"BZWHBGIPWKDCIO-UHFFFAOYSA-N","C26H33F21O8",872.184010636,"OCCOCCOCCOCCOCCOCCOCCOCCC(F)(F)C(F)(F)C(F)(F)C(F)(F)C(F)(F)C(F)(F)C(F)(F)C(F)(F)C(F)(F)C(F)(F)F"
4927,NA,"TUGVKYMLZWZEBQ-UHFFFAOYSA-N","C28H37F21O9",916.210225384,"OCCOCCOCCOCCOCCOCCOCCOCCOCCC(F)(F)C(F)(F)C(F)(F)C(F)(F)C(F)(F)C(F)(F)C(F)(F)C(F)(F)C(F)(F)C(F)(F)F"
4928,NA,"SRQNBZNOGXYYNQ-UHFFFAOYSA-N","C16H9F25O2",708.020335028,"OCCOCCC(F)(F)C(F)(F)C(F)(F)C(F)(F)C(F)(F)C(F)(F)C(F)(F)C(F)(F)C(F)(F)C(F)(F)C(F)(F)C(F)(F)F"
4929,NA,"ZLVLDVZBJJSSRW-UHFFFAOYSA-N","C18H13F25O3",752.046549776,"OCCOCCOCCC(F)(F)C(F)(F)C(F)(F)C(F)(F)C(F)(F)C(F)(F)C(F)(F)C(F)(F)C(F)(F)C(F)(F)C(F)(F)C(F)(F)F"
4930,NA,"BPZNDUIPPUQLRS-UHFFFAOYSA-N","C20H17F25O4",796.072764524,"OCCOCCOCCOCCC(F)(F)C(F)(F)C(F)(F)C(F)(F)C(F)(F)C(F)(F)C(F)(F)C(F)(F)C(F)(F)C(F)(F)C(F)(F)C(F)(F)F"
4931,NA,"AJVBAWNQCQPSFI-UHFFFAOYSA-N","C22H21F25O5",840.098979272,"OCCOCCOCCOCCOCCC(F)(F)C(F)(F)C(F)(F)C(F)(F)C(F)(F)C(F)(F)C(F)(F)C(F)(F)C(F)(F)C(F)(F)C(F)(F)C(F)(F)F"
4932,NA,"QOFIMJXOYVYACI-UHFFFAOYSA-N","C24H25F25O6",884.12519402,"OCCOCCOCCOCCOCCOCCC(F)(F)C(F)(F)C(F)(F)C(F)(F)C(F)(F)C(F)(F)C(F)(F)C(F)(F)C(F)(F)C(F)(F)C(F)(F)C(F)(F)F"
4933,NA,"BENAOEVNTVFYFD-UHFFFAOYSA-N","C26H29F25O7",928.151408768,"OCCOCCOCCOCCOCCOCCOCCC(F)(F)C(F)(F)C(F)(F)C(F)(F)C(F)(F)C(F)(F)C(F)(F)C(F)(F)C(F)(F)C(F)(F)C(F)(F)C(F)(F)F"
4934,NA,"LTSHZCMCJHTCHC-UHFFFAOYSA-N","C28H33F25O8",972.177623516,"OCCOCCOCCOCCOCCOCCOCCOCCC(F)(F)C(F)(F)C(F)(F)C(F)(F)C(F)(F)C(F)(F)C(F)(F)C(F)(F)C(F)(F)C(F)(F)C(F)(F)C(F)(F)F"
4935,NA,"WLNHDMHXIKVPSC-UHFFFAOYSA-N","C30H37F25O9",1016.203838264,"OCCOCCOCCOCCOCCOCCOCCOCCOCCC(F)(F)C(F)(F)C(F)(F)C(F)(F)C(F)(F)C(F)(F)C(F)(F)C(F)(F)C(F)(F)C(F)(F)C(F)(F)C(F)(F)F"
4936,NA,"XEIYJWYCXAITAP-UHFFFAOYSA-N","C18H9F29O2",808.013947908,"OCCOCCC(F)(F)C(F)(F)C(F)(F)C(F)(F)C(F)(F)C(F)(F)C(F)(F)C(F)(F)C(F)(F)C(F)(F)C(F)(F)C(F)(F)C(F)(F)C(F)(F)F"
4937,NA,"ANJOKTZXJDHQBF-UHFFFAOYSA-N","C20H13F29O3",852.040162656,"OCCOCCOCCC(F)(F)C(F)(F)C(F)(F)C(F)(F)C(F)(F)C(F)(F)C(F)(F)C(F)(F)C(F)(F)C(F)(F)C(F)(F)C(F)(F)C(F)(F)C(F)(F)F"
4938,NA,"JDCZUJIDTRVQAD-UHFFFAOYSA-N","C22H17F29O4",896.066377404,"OCCOCCOCCOCCC(F)(F)C(F)(F)C(F)(F)C(F)(F)C(F)(F)C(F)(F)C(F)(F)C(F)(F)C(F)(F)C(F)(F)C(F)(F)C(F)(F)C(F)(F)C(F)(F)F"
4939,NA,"XOHFNSDEJRVXJY-UHFFFAOYSA-N","C24H21F29O5",940.092592152,"OCCOCCOCCOCCOCCC(F)(F)C(F)(F)C(F)(F)C(F)(F)C(F)(F)C(F)(F)C(F)(F)C(F)(F)C(F)(F)C(F)(F)C(F)(F)C(F)(F)C(F)(F)C(F)(F)F"
4940,NA,"MKTILPAUTHOCHR-UHFFFAOYSA-N","C26H25F29O6",984.1188069,"OCCOCCOCCOCCOCCOCCC(F)(F)C(F)(F)C(F)(F)C(F)(F)C(F)(F)C(F)(F)C(F)(F)C(F)(F)C(F)(F)C(F)(F)C(F)(F)C(F)(F)C(F)(F)C(F)(F)F"
4941,NA,"OKPYXGVIHNSECZ-UHFFFAOYSA-N","C28H29F29O7",1028.145021648,"OCCOCCOCCOCCOCCOCCOCCC(F)(F)C(F)(F)C(F)(F)C(F)(F)C(F)(F)C(F)(F)C(F)(F)C(F)(F)C(F)(F)C(F)(F)C(F)(F)C(F)(F)C(F)(F)C(F)(F)F"
4942,NA,"NKGDYCLBCLNLHS-UHFFFAOYSA-N","C30H33F29O8",1072.171236396,"OCCOCCOCCOCCOCCOCCOCCOCCC(F)(F)C(F)(F)C(F)(F)C(F)(F)C(F)(F)C(F)(F)C(F)(F)C(F)(F)C(F)(F)C(F)(F)C(F)(F)C(F)(F)C(F)(F)C(F)(F)F"
4943,NA,"QXMOBQYRAVVFBK-UHFFFAOYSA-N","C32H37F29O9",1116.197451144,"OCCOCCOCCOCCOCCOCCOCCOCCOCCC(F)(F)C(F)(F)C(F)(F)C(F)(F)C(F)(F)C(F)(F)C(F)(F)C(F)(F)C(F)(F)C(F)(F)C(F)(F)C(F)(F)C(F)(F)C(F)(F)F"
4944,NA,"SNTAOBHOYDHXSQ-UHFFFAOYSA-N","C20H9F33O2",908.007560788,"OCCOCCC(F)(F)C(F)(F)C(F)(F)C(F)(F)C(F)(F)C(F)(F)C(F)(F)C(F)(F)C(F)(F)C(F)(F)C(F)(F)C(F)(F)C(F)(F)C(F)(F)C(F)(F)C(F)(F)F"
4945,NA,"WYAIOWWXIBVFJA-UHFFFAOYSA-N","C22H13F33O3",952.033775536,"OCCOCCOCCC(F)(F)C(F)(F)C(F)(F)C(F)(F)C(F)(F)C(F)(F)C(F)(F)C(F)(F)C(F)(F)C(F)(F)C(F)(F)C(F)(F)C(F)(F)C(F)(F)C(F)(F)C(F)(F)F"
4946,NA,"QNUUXWZJHKSFCW-UHFFFAOYSA-N","C24H17F33O4",996.059990284,"OCCOCCOCCOCCC(F)(F)C(F)(F)C(F)(F)C(F)(F)C(F)(F)C(F)(F)C(F)(F)C(F)(F)C(F)(F)C(F)(F)C(F)(F)C(F)(F)C(F)(F)C(F)(F)C(F)(F)C(F)(F)F"
4947,NA,"GZPVLEQATFCSRR-UHFFFAOYSA-N","C26H21F33O5",1040.086205032,"OCCOCCOCCOCCOCCC(F)(F)C(F)(F)C(F)(F)C(F)(F)C(F)(F)C(F)(F)C(F)(F)C(F)(F)C(F)(F)C(F)(F)C(F)(F)C(F)(F)C(F)(F)C(F)(F)C(F)(F)C(F)(F)F"
4948,NA,"NZNZMCHDOHROPD-UHFFFAOYSA-N","C28H25F33O6",1084.11241978,"OCCOCCOCCOCCOCCOCCC(F)(F)C(F)(F)C(F)(F)C(F)(F)C(F)(F)C(F)(F)C(F)(F)C(F)(F)C(F)(F)C(F)(F)C(F)(F)C(F)(F)C(F)(F)C(F)(F)C(F)(F)C(F)(F)F"
4949,NA,"SMYWWKYGRGKTJV-UHFFFAOYSA-N","C30H29F33O7",1128.138634528,"OCCOCCOCCOCCOCCOCCOCCC(F)(F)C(F)(F)C(F)(F)C(F)(F)C(F)(F)C(F)(F)C(F)(F)C(F)(F)C(F)(F)C(F)(F)C(F)(F)C(F)(F)C(F)(F)C(F)(F)C(F)(F)C(F)(F)F"
4950,NA,"DVSUNYGFRIWMQG-UHFFFAOYSA-N","C32H33F33O8",1172.164849276,"OCCOCCOCCOCCOCCOCCOCCOCCC(F)(F)C(F)(F)C(F)(F)C(F)(F)C(F)(F)C(F)(F)C(F)(F)C(F)(F)C(F)(F)C(F)(F)C(F)(F)C(F)(F)C(F)(F)C(F)(F)C(F)(F)C(F)(F)F"
4951,NA,"UTXGODOOMNKYOC-UHFFFAOYSA-N","C34H37F33O9",1216.191064024,"OCCOCCOCCOCCOCCOCCOCCOCCOCCC(F)(F)C(F)(F)C(F)(F)C(F)(F)C(F)(F)C(F)(F)C(F)(F)C(F)(F)C(F)(F)C(F)(F)C(F)(F)C(F)(F)C(F)(F)C(F)(F)C(F)(F)C(F)(F)F"
4952,NA,"ZFJGYVODBVRJGG-UHFFFAOYSA-N","C12H9F17O2",508.033109268,"OCCOCCC(F)(F)C(F)(F)C(F)(F)C(F)(F)C(F)(F)C(F)(F)C(F)(F)C(F)(F)F"
4953,NA,"TYXCFIBWIZZKIV-UHFFFAOYSA-O","C16H24F13N2O6S2",651.086820348,"C[N+](C)(CCCNS(=O)(=O)CCC(F)(F)C(F)(F)C(F)(F)C(F)(F)C(F)(F)C(F)(F)F)CC(O)CS(=O)(=O)O"
4954,NA,"HWQVRCIYKVSCHF-UHFFFAOYSA-N","C4HF9O4S",315.945183492,"O=S(=O)(O)OC(F)(F)C(F)(F)C(F)(F)C(F)(F)F"
4955,NA,"JSHYUYFUQIVENT-UHFFFAOYSA-N","C5HF11O4S",365.941989932,"O=S(=O)(O)OC(F)(F)C(F)(F)C(F)(F)C(F)(F)C(F)(F)F"
4956,NA,"PHHLZLAIQAUKFT-UHFFFAOYSA-N","C6HF13O4S",415.938796372,"O=S(=O)(O)OC(F)(F)C(F)(F)C(F)(F)C(F)(F)C(F)(F)C(F)(F)F"
4957,NA,"BFORGOVZIJSWDK-UHFFFAOYSA-N","C7HF15O4S",465.935602812,"O=S(=O)(O)OC(F)(F)C(F)(F)C(F)(F)C(F)(F)C(F)(F)C(F)(F)C(F)(F)F"
4958,NA,"YQJDGOJKITVCSR-UHFFFAOYSA-N","C8HF17O4S",515.932409252,"O=S(=O)(O)OC(F)(F)C(F)(F)C(F)(F)C(F)(F)C(F)(F)C(F)(F)C(F)(F)C(F)(F)F"
4959,NA,"YOYSFCJHJOVHRR-UHFFFAOYSA-N","C9HF19O4S",565.929215692,"O=S(=O)(O)OC(F)(F)C(F)(F)C(F)(F)C(F)(F)C(F)(F)C(F)(F)C(F)(F)C(F)(F)C(F)(F)F"
4960,NA,"NCHPBZMYWFNPGX-UHFFFAOYSA-N","C10HF21O4S",615.926022132,"O=S(=O)(O)OC(F)(F)C(F)(F)C(F)(F)C(F)(F)C(F)(F)C(F)(F)C(F)(F)C(F)(F)C(F)(F)C(F)(F)F"
4961,NA,"CWIAFBQLWOMNFY-UHFFFAOYSA-N","C6H6F8O4",294.013834432,"OCC(F)(F)OC(F)(F)C(F)(F)OC(F)(F)CO"
4962,NA,"PXMYQUXWTLQKLL-UHFFFAOYSA-N","C6H2F8O6",321.972363544,"O=C(O)C(F)(F)OC(F)(F)C(F)(F)OC(F)(F)C(=O)O"
4963,"1763-28-6","ZSBJCNVMTCMOBW-UHFFFAOYSA-N","C5H2F6O2",207.995898624,"O=C(O)C=C(C(F)(F)F)C(F)(F)F"
4964,NA,"PRHNILJSRYVRAY-UHFFFAOYSA-N","C6H3F7O2",240.002126876,"O=C(O)C=CC(F)(C(F)(F)F)C(F)(F)F"
4965,NA,"ACPUHIQZFSBBGQ-UHFFFAOYSA-N","C4H2F6O2",195.995898624,"O=C(O)C(F)(F)C(F)(F)C(F)F"
4966,NA,"NKULBUOBGILEAR-UHFFFAOYSA-N","C3H3F5O3S",213.972306056,"O=S(=O)(OCC(F)F)C(F)(F)F"
4967,"356-42-3","XETRHNFRKCNWAJ-UHFFFAOYSA-N","C6F10O3",309.96877606,"O=C(OC(=O)C(F)(F)C(F)(F)F)C(F)(F)C(F)(F)F"
4968,"20825-07-4","MGKBKOFWQWACLM-UHFFFAOYSA-N","C6H2F8O2",257.992705064,"O=C(CC(=O)C(F)(F)C(F)(F)F)C(F)(F)F"
4969,NA,"XNNJMXBWUMKLRR-UHFFFAOYSA-N","C4H4F6O4S",261.973448928,"O=S(=O)(OCCOC(F)(F)F)C(F)(F)F"
