"ID","CAS","INCHIKEY","FORMULA","MONOISOTOPIC_MASS","SMILES"
"DTXSID00108075","274917-96-3","-","-","-",NA
"DTXSID00108095","160901-25-7","-","-","-",NA
"DTXSID00108732","149935-01-3","-","-","-",NA
"DTXSID00145182","102488-47-1","AKYGPHVLITVSJE-UHFFFAOYSA-N","C10H10ClF13Si","440.00327139","C[Si](C)(Cl)CCC(F)(F)C(F)(F)C(F)(F)C(F)(F)C(F)(F)C(F)(F)F"
"DTXSID00166413","1584-03-8","FAEGGADNHFKDQX-UHFFFAOYSA-N","C6F12","299.98083864","FC(=C(C(F)(F)F)C(F)(F)F)C(F)(F)C(F)(F)F"
"DTXSID00184314","3021-63-4","OBAVAMUHCSFDSY-UHFFFAOYSA-N","C10F22","537.96487084","FC(F)(F)C(F)(C(F)(F)F)C(F)(F)C(F)(F)C(F)(F)C(F)(F)C(F)(C(F)(F)F)C(F)(F)F"
"DTXSID00184995","3102-79-2","PVBMWIXRKLGXPI-UHFFFAOYSA-N","C11H7Cl2F17Si","559.942261854","C[Si](Cl)(Cl)CCC(F)(F)C(F)(F)C(F)(F)C(F)(F)C(F)(F)C(F)(F)C(F)(F)C(F)(F)F"
"DTXSID00187143","335-65-9","KBHBUUBXEQUIMV-UHFFFAOYSA-N","C8HF17","419.980679772","FC(F)C(F)(F)C(F)(F)C(F)(F)C(F)(F)C(F)(F)C(F)(F)C(F)(F)F"
"DTXSID00188993","355-17-9","XJYXROGTQYHLTH-UHFFFAOYSA-N","C5H3F7O","212.007212256","CC(=O)C(F)(F)C(F)(F)C(F)(F)F"
"DTXSID00188998","355-63-5","CDAVUOSPHHTNBU-UHFFFAOYSA-N","C7F14","349.97764508","FC(F)=C(F)C(F)(F)C(F)(F)C(F)(F)C(F)(F)C(F)(F)F"
"DTXSID00189465","359-71-7","KCOKATNPCXDTEB-UHFFFAOYSA-N","C6F13N","332.98231586","FC(F)(F)N1C(F)(F)C(F)(F)C(F)(F)C(F)(F)C1(F)F"
"DTXSID00190839","374-97-0","SZBKCQKJQAYJJN-UHFFFAOYSA-N","C4H2ClF7","217.973325284","FC(F)(F)C(F)(F)C(F)(F)CCl"
"DTXSID00190950","375-82-6","STLNAVFVCIRZLL-UHFFFAOYSA-N","C7H3F13O","349.997631576","OCC(F)(F)C(F)(F)C(F)(F)C(F)(F)C(F)(F)C(F)(F)F"
"DTXSID00192353","39108-34-4","ALVYVCQIFHTIRD-UHFFFAOYSA-N","C10H5F17O3S","527.96879476","O=S(=O)(O)CCC(F)(F)C(F)(F)C(F)(F)C(F)(F)C(F)(F)C(F)(F)C(F)(F)C(F)(F)F"
"DTXSID00194615","4180-26-1","QXDKTLFTMZTCKT-UHFFFAOYSA-N","C12H6F16O2","486.011230952","C=CC(=O)OCC(F)(F)C(F)(F)C(F)(F)C(F)(F)C(F)(F)C(F)(F)C(F)(F)C(F)F"
"DTXSID00195203","424-37-3","ABKMQSRPKFUWEH-UHFFFAOYSA-N","C7H3F9O2","289.998933316","C=COC(=O)C(F)(F)C(F)(F)C(F)(F)C(F)(F)F"
"DTXSID00196230","4459-18-1","WIKBZUXHNPONPP-UHFFFAOYSA-N","C4F9I","345.89010198","FC(F)(F)C(I)(C(F)(F)F)C(F)(F)F"
"DTXSID00210900","6189-00-0","XPKCRLYGJRILBY-UHFFFAOYSA-N","C7HF15O","385.978787952","OC(C(F)(F)C(F)(F)F)(C(F)(F)C(F)(F)F)C(F)(F)C(F)(F)F"
"DTXSID00223797","73609-36-6","VBDMVWQNRXVEGC-UHFFFAOYSA-N","C9H7Cl2F13Si","459.948648974","C[Si](Cl)(Cl)CCC(F)(F)C(F)(F)C(F)(F)C(F)(F)C(F)(F)C(F)(F)F"
"DTXSID00226440","755-25-9","RMHCWMIZBMGHKV-UHFFFAOYSA-N","C6F12","299.98083864","FC(F)=C(F)C(F)(F)C(F)(F)C(F)(F)C(F)(F)F"
"DTXSID00227578","76752-82-4","QLNGJPWJYNIYOZ-UHFFFAOYSA-N","C14H17F17N2O2S","600.073928524","CCN(CC)CC.NS(=O)(=O)C(F)(F)C(F)(F)C(F)(F)C(F)(F)C(F)(F)C(F)(F)C(F)(F)C(F)(F)F"
"DTXSID00234929","85665-67-4","KBILFSVJKSICJV-UHFFFAOYSA-M","C14H17F17N2O3S","616.068843144","C[N+](C)(C)CCCNS(=O)(=O)C(F)(F)C(F)(F)C(F)(F)C(F)(F)C(F)(F)C(F)(F)C(F)(F)C(F)(F)F.[OH-]"
"DTXSID00239570","93762-10-8","KIAYLFPLRHWXFS-UHFFFAOYSA-M","C4F9KO3S","337.90615052","O=S(=O)([O-])C(F)(F)C(F)(C(F)(F)F)C(F)(F)F.[K+]"
"DTXSID00239595","93776-22-8","CMINTWUWWYYWET-UHFFFAOYSA-N","C28H12F50NO4P","1406.970555494","O=P([O-])(OCCC(F)(F)C(F)(F)C(F)(F)C(F)(F)C(F)(F)C(F)(F)C(F)(F)C(F)(F)C(F)(F)C(F)(F)C(F)(F)C(F)(F)F)OCCC(F)(F)C(F)(F)C(F)(F)C(F)(F)C(F)(F)C(F)(F)C(F)(F)C(F)(F)C(F)(F)C(F)(F)C(F)(F)C(F)(F)F.[NH4+]"
"DTXSID00239858","93894-54-3","QUQDQNCPLSSGOU-UHFFFAOYSA-N","C8H11F8NO4S","369.028104592","O=S(=O)(N(CCO)CCO)C(F)(F)C(F)(F)C(F)(F)C(F)F"
"DTXSID00240984","94200-56-3","XVPQHRLANPJWIF-UHFFFAOYSA-N","C13H6F23O4P","693.963644362","O=P(O)(O)OCCC(F)(F)C(F)(F)C(F)(F)C(F)(F)C(F)(F)C(F)(F)C(F)(F)C(F)(F)C(F)(C(F)(F)F)C(F)(F)F"
"DTXSID0027141","311-89-7","RVZRBWKZFJCCIB-UHFFFAOYSA-N","C12F27N","670.95996094","FC(F)(F)C(F)(F)C(F)(F)C(F)(F)N(C(F)(F)C(F)(F)C(F)(F)C(F)(F)F)C(F)(F)C(F)(F)C(F)(F)C(F)(F)F"
"DTXSID00335703","14312-89-1","JHROQORAJUWVCD-UHFFFAOYSA-N","C8H3F13O2","377.992546196","COC(=O)C(F)(F)C(F)(F)C(F)(F)C(F)(F)C(F)(F)C(F)(F)F"
"DTXSID00336619","117374-33-1","DCARDCAPXKDJAG-UHFFFAOYSA-N","C12H5F17O2","504.00180914","C=CCOC(=O)C(F)(F)C(F)(F)C(F)(F)C(F)(F)C(F)(F)C(F)(F)C(F)(F)C(F)(F)F"
"DTXSID00338835","75743-06-5","VIFUJIXWSIVXKN-UHFFFAOYSA-N","C18H26F7NO5","469.169920472","CC(C)CCOC(=O)CC(NC(=O)C(F)(F)C(F)(F)C(F)(F)F)C(=O)OCCC(C)C"
"DTXSID00344572","73980-71-9","BCQYNSPESDDJBZ-UHFFFAOYSA-N","C9H3F14NO2","422.994023416","CN(C(=O)C(F)(F)C(F)(F)C(F)(F)F)C(=O)C(F)(F)C(F)(F)C(F)(F)F"
"DTXSID00346051","376-97-6","MWZCKSUNMWRVIG-UHFFFAOYSA-N","C5H2F7I","321.908945604","FC(F)(F)C(F)(F)C(F)(F)C=CI"
"DTXSID00365621","82422-33-1","JEZNKLYJYJESLE-UHFFFAOYSA-N","C11H6F7NO3","333.023590592","O=C(O)c1ccccc1NC(=O)C(F)(F)C(F)(F)C(F)(F)F"
"DTXSID0036926","335-27-3","LOQGSOTUHASIHI-UHFFFAOYSA-N","C8F16","399.97445152","FC(F)(F)C1(F)C(F)(F)C(F)(F)C(F)(F)C(F)(C(F)(F)F)C1(F)F"
"DTXSID00369821","678-45-5","QYCPVKMFWNBDPV-UHFFFAOYSA-N","C8H2F12O4","389.976147184","O=C(O)C(F)(F)C(F)(F)C(F)(F)C(F)(F)C(F)(F)C(F)(F)C(=O)O"
"DTXSID00369826","307-37-9","NIRPXSQCRWXHNZ-UHFFFAOYSA-N","C10H3F19O","499.988050896","OCC(F)(F)C(F)(F)C(F)(F)C(F)(F)C(F)(F)C(F)(F)C(F)(F)C(F)(F)C(F)(F)F"
"DTXSID00370992","812-72-6","DPOFHGRLDJWXKJ-UHFFFAOYSA-N","C11H7F15O","440.025738144","C=CCOCC(F)(F)C(F)(F)C(F)(F)C(F)(F)C(F)(F)C(F)(F)C(F)(F)F"
"DTXSID00371287","128454-94-4","KVLSPRHWDKLGCE-UHFFFAOYSA-N","C8H2BrF13","423.913229024","FC(F)(F)C(F)(F)C(F)(F)C(C=CBr)(C(F)(F)F)C(F)(F)F"
"DTXSID00371601","335-48-8","RWWUGYJWSVESJC-UHFFFAOYSA-N","C4Br2F8","357.82389996","FC(F)(Br)C(F)(F)C(F)(F)C(F)(F)Br"
"DTXSID00375104","335-83-1","QPVJROJBHCURKR-UHFFFAOYSA-N","C13H5F19O2","553.99861558","C=CC(=O)OCC(F)(F)C(F)(F)C(F)(F)C(F)(F)C(F)(F)C(F)(F)C(F)(F)C(F)(F)C(F)(F)F"
"DTXSID00375109","77758-89-5","LQSJCHNACSIGQK-UHFFFAOYSA-M","C15H5F20IO3S","771.86847742","FC(F)(F)C(F)(F)C(F)(F)C(F)(F)C(F)(F)C(F)(F)C(F)(F)C(F)(F)[I+]c1ccccc1.O=S(=O)([O-])C(F)(F)F"
"DTXSID00377688","169289-58-1","USFGKFMVGHXGNG-UHFFFAOYSA-N","C8H3F13O5","425.977290056","COC(=O)C(F)(F)OC(F)(F)C(F)(F)OC(F)(F)C(F)(F)OC(F)(F)F"
"DTXSID00377825","308-28-1","YHNMNWOUFKIZLY-UHFFFAOYSA-N","C10F18O3","509.95600182","O=C(OC(=O)C(F)(F)C(F)(F)C(F)(F)C(F)(F)F)C(F)(F)C(F)(F)C(F)(F)C(F)(F)F"
"DTXSID00379248","129991-14-6","QOUXPUNWZRSOCX-UHFFFAOYSA-N","C9H5F13O2","392.00819626","O=C(O)CCC(C(F)(F)F)(C(F)(F)F)C(F)(F)C(F)(F)C(F)(F)F"
"DTXSID00379268","356-02-5","ISFKSWMQWIRDNC-UHFFFAOYSA-N","C6H5F7O2","242.01777694","O=C(O)CCC(F)(F)C(F)(F)C(F)(F)F"
"DTXSID00379288","7589-43-7","OPDPCHBOZHWKOZ-NTSWFWBYSA-N","C9H10F7I","377.97154586","FC(F)(F)C(F)(F)C(F)(F)[C@H]1CCCC[C@H]1I"
"DTXSID00379561","16753-33-6","YUFOZPVITJRTPY-UHFFFAOYSA-N","C19H3F35O2","927.957417036","COC(=O)C(F)(F)C(F)(F)C(F)(F)C(F)(F)C(F)(F)C(F)(F)C(F)(F)C(F)(F)C(F)(F)C(F)(F)C(F)(F)C(F)(F)C(F)(F)C(F)(F)C(F)(F)C(F)(F)C(F)(F)F"
"DTXSID00379566","203302-98-1","CJFAZQXPXXDAQR-UHFFFAOYSA-N","C12H3F21O2","577.979771956","COC(=O)C(F)(F)C(F)(F)C(F)(F)C(F)(F)C(F)(F)C(F)(F)C(F)(F)C(F)(F)C(F)(F)C(F)(F)F"
"DTXSID00379703","181042-39-7","QZDCHCYMFXJOCS-UHFFFAOYSA-N","C10H13F9O","320.082269016","OCCCCCCC(F)(F)C(F)(F)C(F)(F)C(F)(F)F"
"DTXSID00379783","25965-83-7","DZZAHYHMWKNGLC-UHFFFAOYSA-N","C11H7F11O2","380.027039884","C=C(C)C(=O)OCC1(F)C(F)(F)C(F)(F)C(F)(F)C(F)(F)C1(F)F"
"DTXSID00379829","41405-35-0","SQQWEKUYKNKPOG-UHFFFAOYSA-N","C7HClF12O","363.952430972","O=C(Cl)C(F)(F)C(F)(F)C(F)(F)C(F)(F)C(F)(F)C(F)F"
"DTXSID00379884","54009-81-3","BKXKCZGEIQKTBI-UHFFFAOYSA-N","C8H5F11O","326.0164752","FC(F)(F)C(F)(C(F)(F)F)C(F)(F)C(F)(F)CC1CO1"
"DTXSID00379925","52447-23-1","MPWXHQITWLFMQM-UHFFFAOYSA-N","C9ClF17O","481.93662204","O=C(Cl)C(F)(F)C(F)(F)C(F)(F)C(F)(F)C(F)(F)C(F)(F)C(F)(F)C(F)(F)F"
"DTXSID00379960","10331-08-5","ISIIJJQHILZBPB-UHFFFAOYSA-N","C8H4F14O","382.003859828","OCC(F)(F)C(F)(F)C(F)(F)C(F)(F)C(F)(F)C(F)(F)C(F)F"
"DTXSID00379980","242812-05-1","VEAHUEAEPJJBDN-UHFFFAOYSA-N","C12H11F13O2","434.055146452","CC(C)C(=O)OCCC(F)(F)C(F)(F)C(F)(F)C(F)(F)C(F)(F)C(F)(F)F"
"DTXSID00380031","376-03-4","XJRHWVMSUNRDCA-UHFFFAOYSA-N","C13F28","687.95529016","FC(F)(F)C(F)(F)C(F)(F)C(F)(F)C(F)(F)C(F)(F)C(F)(F)C(F)(F)C(F)(F)C(F)(F)C(F)(F)C(F)(F)C(F)(F)F"
"DTXSID00380056","307-46-0","MPAMAEMOVKLPRB-UHFFFAOYSA-N","C11H3F21O","549.984857336","OCC(F)(F)C(F)(F)C(F)(F)C(F)(F)C(F)(F)C(F)(F)C(F)(F)C(F)(F)C(F)(F)C(F)(F)F"
"DTXSID00380753","68734-62-3","XMIPIKYUVSCYKT-UHFFFAOYSA-N","C7H9F9O3SSi","371.989795658","C[Si](C)(C)OS(=O)(=O)C(F)(F)C(F)(F)C(F)(F)C(F)(F)F"
"DTXSID00380798","330562-44-2","BFMDZOWJRVLYPB-UHFFFAOYSA-N","C8H6F12O5","410.002361932","OCC(F)(F)OC(F)(F)C(F)(F)OC(F)(F)C(F)(F)OC(F)(F)CO"
"DTXSID00382070","423-46-1","QZFZPVVDBGXQTB-UHFFFAOYSA-N","C6H3F11O","300.000825136","OCC(F)(F)C(F)(F)C(F)(F)C(F)(F)C(F)(F)F"
"DTXSID00382151","136049-37-1","TXHZECVJWFWGDH-UHFFFAOYSA-N","C7H9F9O4SSi","387.984710278","C[Si](C)(C)OS(=O)(=O)C(F)(F)C(F)(F)OC(F)(F)C(F)(F)F"
"DTXSID00382171","90999-87-4","KKVIDVONCZYZLR-UHFFFAOYSA-N","C5H5F7O","214.02286232","OCCC(F)(C(F)(F)F)C(F)(F)F"
"DTXSID00382353","102488-50-6","XHHTUOVNMZYWFH-UHFFFAOYSA-N","C14H4Cl3F25Si","779.874865198","FC(F)(F)C(F)(F)C(F)(F)C(F)(F)C(F)(F)C(F)(F)C(F)(F)C(F)(F)C(F)(F)C(F)(F)C(F)(F)C(F)(F)CC[Si](Cl)(Cl)Cl"
"DTXSID00395302","284472-92-0","RTNPUWLBWXIECX-UHFFFAOYSA-N","C42H12F51P","1515.986226234","FC(F)(F)C(F)(F)C(F)(F)C(F)(F)C(F)(F)C(F)(F)C(F)(F)C(F)(F)c1ccc(P(c2ccc(C(F)(F)C(F)(F)C(F)(F)C(F)(F)C(F)(F)C(F)(F)C(F)(F)C(F)(F)F)cc2)c2ccc(C(F)(F)C(F)(F)C(F)(F)C(F)(F)C(F)(F)C(F)(F)C(F)(F)C(F)(F)F)cc2)cc1"
"DTXSID00399941","42409-05-2","SZQVETPSXXBSDR-UHFFFAOYSA-N","C6H3F9O3S","325.965918936","C=COS(=O)(=O)C(F)(F)C(F)(F)C(F)(F)C(F)(F)F"
"DTXSID00404882","377-66-2","KPTAUHCSUNOZRL-UHFFFAOYSA-N","C6H6F7NO2","257.028675972","O=C(NCCO)C(F)(F)C(F)(F)C(F)(F)F"
"DTXSID0041696","335-42-2","YYXWJNBPHDUWJP-UHFFFAOYSA-N","C4F8O","215.98214038","O=C(F)C(F)(F)C(F)(F)C(F)(F)F"
"DTXSID00437731","56347-79-6","UHASMEVRHWRZKF-UHFFFAOYSA-N","C12F22O6","657.93435856","O=C(OOC(=O)C(F)(OC(F)(F)C(F)(F)C(F)(F)F)C(F)(F)F)C(F)(OC(F)(F)C(F)(F)C(F)(F)F)C(F)(F)F"
"DTXSID00438405","62571-55-5","KAGVVOGIAJXMDE-UHFFFAOYSA-N","C8H4F13N3","389.019763988","[N-]=[N+]=NCCC(F)(F)C(F)(F)C(F)(F)C(F)(F)C(F)(F)C(F)(F)F"
"DTXSID00446247","64739-16-8","OUDRUNXDQLDNNJ-UHFFFAOYSA-N","C7H3F13O2","365.992546196","OC(O)C(F)(F)C(F)(F)C(F)(F)C(F)(F)C(F)(F)C(F)(F)F"
"DTXSID00451977","17352-09-9","QUAJSEUQBPUVAU-UHFFFAOYSA-N","C9H2F18O3S","531.943722884","O=S(=O)(OCC(F)(F)C(F)(F)C(F)(F)C(F)(F)C(F)(F)C(F)(F)C(F)(F)F)C(F)(F)F"
"DTXSID0046511","306-94-5","UWEYRJFJVCLAGH-UHFFFAOYSA-N","C10F18","461.97125796","FC1(F)C(F)(F)C(F)(F)C2(F)C(F)(F)C(F)(F)C(F)(F)C(F)(F)C2(F)C1(F)F"
"DTXSID00468500","865758-36-7","BYTTZNJBGFBIDO-UHFFFAOYSA-N","C31H22ClF17O2","784.103687364","COc1ccc(C(Cl)(c2ccc(CCC(F)(F)C(F)(F)C(F)(F)C(F)(F)C(F)(F)C(F)(F)C(F)(F)C(F)(F)F)cc2)c2ccc(OC)cc2)cc1"
"DTXSID00469991","75180-14-2","RYSDCNCCQRHRHH-UHFFFAOYSA-N","C7HF13","331.987066892","FC=C(F)C(F)(F)C(F)(F)C(F)(F)C(F)(F)C(F)(F)F"
"DTXSID00471973","52835-16-2","WYQHIAPIABYQRN-UHFFFAOYSA-N","C10H3F17O","461.991244456","FC(F)(F)C(F)(F)C(F)(F)C(F)(F)C(F)(F)C(F)(F)C(F)(F)C(F)(F)C1CO1"
"DTXSID0047583","423-39-2","PGRFXXCKHGIFSV-UHFFFAOYSA-N","C4F9I","345.89010198","FC(F)(F)C(F)(F)C(F)(F)C(F)(F)I"
"DTXSID00479232","90146-96-6","GYIWCCQPZCEECI-UHFFFAOYSA-N","C14H14F17O3P","584.040910678","CCOP(=O)(CCC(F)(F)C(F)(F)C(F)(F)C(F)(F)C(F)(F)C(F)(F)C(F)(F)C(F)(F)F)OCC"
"DTXSID00485237","61324-28-5","OTFLZXXBEWPSKG-UHFFFAOYSA-N","C9H5F7O","262.02286232","Oc1ccc(C(F)(F)C(F)(F)C(F)(F)F)cc1"
"DTXSID00490109","62315-18-8","HZTSIVKWPJZMNG-UHFFFAOYSA-N","C10H6F9NO","327.030567792","Nc1ccc(OC(F)(F)C(F)(F)C(F)(F)C(F)(F)F)cc1"
"DTXSID00507044","79851-20-0","WYVCRFJVDBZRMR-UHFFFAOYSA-N","C10H3Br2F7O","429.843886456","O=C(c1cc(Br)cc(Br)c1)C(F)(F)C(F)(F)C(F)(F)F"
"DTXSID00508475","62656-72-8","ANKPHPVKEKGBFK-UHFFFAOYSA-N","C7H7F7O","240.038512384","CC(C)C(=O)C(F)(C(F)(F)F)C(F)(F)F"
"DTXSID00512037","80791-11-3","CCESBRAIMMCXET-UHFFFAOYSA-N","C16H7F17O2","554.017459204","COC(=O)c1cccc(C(F)(F)C(F)(F)C(F)(F)C(F)(F)C(F)(F)C(F)(F)C(F)(F)C(F)(F)F)c1"
"DTXSID00525026","89129-68-0","GEBZHSIYCXKYAO-UHFFFAOYSA-N","C7H5F7O3","270.01269156","COC(=O)CC(=O)C(F)(F)C(F)(F)C(F)(F)F"
"DTXSID00526457","15435-88-8","YJYYFHCNTDFUQW-UHFFFAOYSA-N","C8H2F15NO2","428.984601604","O=C(NO)C(F)(F)C(F)(F)C(F)(F)C(F)(F)C(F)(F)C(F)(F)C(F)(F)F"
"DTXSID00534794","92914-86-8","NQDRASINBDLRQZ-UHFFFAOYSA-N","C11H3F17N2","486.002477836","FC(F)(F)C(F)(F)C(F)(F)C(F)(F)C(F)(F)C(F)(F)C(F)(F)C(F)(F)c1cn[nH]c1"
"DTXSID00542617","64028-04-2","AVSJNFOUJLIQJM-UHFFFAOYSA-N","C8F18O4","501.95091644","FC(F)(F)OC(F)(F)C(F)(F)OC(F)(F)C(F)(F)OC(F)(F)C(F)(F)OC(F)(F)F"
"DTXSID00544671","25080-17-5","FBDUOBZWJVSNCX-UHFFFAOYSA-N","C7F15IO","511.87543592","FC(F)(F)C(F)(OC(F)(F)C(F)(F)C(F)(F)C(F)(F)I)C(F)(F)F"
"DTXSID00551729","87017-97-8","HHWOBBVYBVGMFY-UHFFFAOYSA-N","C11H5F19O","514.00370096","OCCC(F)(F)C(F)(F)C(F)(F)C(F)(F)C(F)(F)C(F)(F)C(F)(F)C(F)(F)C(F)(F)F"
"DTXSID00551769","110260-75-8","RJTDDBAPCSPXHO-UHFFFAOYSA-N","C10H7F13O2","406.023846324","COC(=O)CCC(F)(F)C(F)(F)C(F)(F)C(F)(F)C(F)(F)C(F)(F)F"
"DTXSID00567042","89608-32-2","KNRUGROEDBQKNT-UHFFFAOYSA-N","C8H12F7ISi","395.964122454","C[Si](C)(C)C(I)CC(F)(F)C(F)(F)C(F)(F)F"
"DTXSID00567047","647-84-7","ITASBCIXGRCUAD-UHFFFAOYSA-N","C6H6F7IO","353.935160352","OCC(I)CC(F)(F)C(F)(F)C(F)(F)F"
"DTXSID00573007","38565-62-7","COCSOQXWZIWLBV-UHFFFAOYSA-N","C12H8F17I","601.939927996","FC(F)(F)C(F)(F)C(F)(F)C(F)(F)C(F)(F)C(F)(F)C(F)(F)C(F)(F)CCCCI"
"DTXSID00578936","8/07/2708","HWGNOHFZECDUBX-UHFFFAOYSA-N","C7H3F11O","312.000825136","CC(=O)C(F)(F)C(F)(F)C(F)(F)C(F)(F)C(F)(F)F"
"DTXSID00583368","609816-23-1","MNOIHTZEQBURKA-UHFFFAOYSA-N","C17H12F17N","553.069829124","NCc1ccc(CCC(F)(F)C(F)(F)C(F)(F)C(F)(F)C(F)(F)C(F)(F)C(F)(F)C(F)(F)F)cc1"
"DTXSID00583424","356056-13-8","HLHROOLJMZEEDN-UHFFFAOYSA-N","C12H19F9Si","362.111231118","CC(C)[SiH](CCC(F)(F)C(F)(F)C(F)(F)C(F)(F)F)C(C)C"
"DTXSID00583621","6792-31-0","LSSVYTAUPWOSRM-UHFFFAOYSA-N","C9F18","449.97125796","FC(=C(C(F)(F)F)C(F)(C(F)(F)F)C(F)(F)F)C(F)(C(F)(F)F)C(F)(F)F"
"DTXSID00584835","865758-37-8","FSYYFUVFEYRUHN-UHFFFAOYSA-N","C30H20ClF17O","754.09312268","COc1ccc(C(Cl)(c2ccccc2)c2ccc(CCC(F)(F)C(F)(F)C(F)(F)C(F)(F)C(F)(F)C(F)(F)C(F)(F)C(F)(F)F)cc2)cc1"
"DTXSID00585029","313475-52-4","XPWVKMRONQMDKR-UHFFFAOYSA-N","C15H16F19N2P","616.074771322","CCCC[n+]1ccn(CCC(F)(F)C(F)(F)C(F)(F)C(F)(F)C(F)(F)C(F)(F)F)c1.F[P-](F)(F)(F)(F)F"
"DTXSID0059794","307-34-6","YVBBRRALBYAZBM-UHFFFAOYSA-N","C8F18","437.97125796","FC(F)(F)C(F)(F)C(F)(F)C(F)(F)C(F)(F)C(F)(F)C(F)(F)C(F)(F)F"
"DTXSID0059796","307-60-8","WBYCUETVRCXUPE-UHFFFAOYSA-N","C12F25I","745.8645535","FC(F)(F)C(F)(F)C(F)(F)C(F)(F)C(F)(F)C(F)(F)C(F)(F)C(F)(F)C(F)(F)C(F)(F)C(F)(F)C(F)(F)I"
"DTXSID0059798","307-70-0","GJYLSFCFHFUODO-UHFFFAOYSA-N","C11H4F20O","531.994279148","OCC(F)(F)C(F)(F)C(F)(F)C(F)(F)C(F)(F)C(F)(F)C(F)(F)C(F)(F)C(F)(F)C(F)F"
"DTXSID0059829","335-66-0","ZILWJLIFAGWGLE-UHFFFAOYSA-N","C8F16O","415.96936614","O=C(F)C(F)(F)C(F)(F)C(F)(F)C(F)(F)C(F)(F)C(F)(F)C(F)(F)F"
"DTXSID0059875","355-03-3","SUYQQGZHVVTMNY-UHFFFAOYSA-N","C6F12O2S","363.94273888","O=S(=O)(F)C1(F)C(F)(F)C(F)(F)C(F)(F)C(F)(F)C1(F)F"
"DTXSID0059877","355-38-4","XATLHBQMSOZWBO-UHFFFAOYSA-N","C6F12O","315.97575326","O=C(F)C(F)(F)C(F)(F)C(F)(F)C(F)(F)C(F)(F)F"
"DTXSID0059879","355-80-6","JUGSKHLZINSXPQ-UHFFFAOYSA-N","C5H4F8O","232.013440508","OCC(F)(F)C(F)(F)C(F)(F)C(F)F"
"DTXSID0060147","507-63-1","KWXGJTSJUKTDQU-UHFFFAOYSA-N","C8F17I","545.87732774","FC(F)(F)C(F)(F)C(F)(F)C(F)(F)C(F)(F)C(F)(F)C(F)(F)C(F)(F)I"
"DTXSID0060985","678-77-3","QOLALWJWCONGMG-UHFFFAOYSA-N","C5Cl2F6O2","275.91795392","O=C(Cl)C(F)(F)C(F)(F)C(F)(F)C(=O)Cl"
"DTXSID00610941","262617-19-6","NGEYGRCDNBGSKG-UHFFFAOYSA-N","C12H8F10O","358.041547076","FC(F)(F)C(F)(F)C(F)(F)OC1(F)C2C3C=CC(C3)C2C1(F)F"
"DTXSID0061826","1623-05-8","KHXKESCWFMPTFT-UHFFFAOYSA-N","C5F10O","265.97894682","FC(F)=C(F)OC(F)(F)C(F)(F)C(F)(F)F"
"DTXSID00621512","156294-55-2","QZYAQRJJGPOBHO-UHFFFAOYSA-N","C9H11F7O2","284.064727132","CC1(COCC(F)(F)C(F)(F)C(F)(F)F)COC1"
"DTXSID00622963","31506-34-0","UUZCNLZINSJLSR-UHFFFAOYSA-N","C12H10F17NO2S","555.0160793","CCCCNS(=O)(=O)C(F)(F)C(F)(F)C(F)(F)C(F)(F)C(F)(F)C(F)(F)C(F)(F)C(F)(F)F"
"DTXSID00627110","36096-97-6","SUBCOGZKZCCKOV-UHFFFAOYSA-N","C15H23F9O","390.160519336","OCCCCCCCCCCCC(F)(F)C(F)(F)C(F)(F)C(F)(F)F"
"DTXSID00627413","96250-52-1","MYWZAYNXSFHVGM-UHFFFAOYSA-N","C13H6F18O2","536.008037392","C=C(F)C(=O)OCCC(F)(F)C(F)(F)C(F)(F)C(F)(F)C(F)(F)C(F)(F)C(F)(F)C(F)(F)F"
"DTXSID00631136","521084-64-0","GUXGHBVABOZQRZ-UHFFFAOYSA-N","C19H25F17O3Si","652.13015093","CCCO[Si](CCC(F)(F)C(F)(F)C(F)(F)C(F)(F)C(F)(F)C(F)(F)C(F)(F)C(F)(F)F)(OCCC)OCCC"
"DTXSID00631272","53826-16-7","XNAOJNAVGJFVSG-UHFFFAOYSA-N","C8H2F15I","509.896171364","FC(F)(I)CC(F)(F)C(F)(F)C(F)(F)C(F)(F)C(F)(F)C(F)(F)F"
"DTXSID00631439","59665-28-0","YCJFSPFBPAMUCR-UPHRSURJSA-N","C8HBr2F13","501.823741092","FC(F)(F)C(F)(F)C(F)(F)C(F)(F)C(F)(F)C(F)(F)/C(Br)=C/Br"
"DTXSID00634006","181214-75-5","YCXOPGWIXHEAFZ-UHFFFAOYSA-N","C7H5F11O","314.0164752","CCOC(F)(F)C(F)(F)C(F)(F)C(F)(F)C(F)(F)F"
"DTXSID00635255","821791-47-3","BJNZZIIYZAWKDD-UHFFFAOYSA-N","C10H5F10N","329.02623136","Nc1ccc(C(F)(F)C(F)(F)C(F)(F)C(F)(F)F)cc1F"
"DTXSID0065931","15742-62-8","MTWYDIQAJFAPGH-UHFFFAOYSA-N","C9F18O","465.96617258","O=C(F)C(F)(F)C(F)(F)C(F)(F)C(F)(F)C(F)(F)C(F)(C(F)(F)F)C(F)(F)F"
"DTXSID0066296","18017-31-7","JQXGQDNUXYODIT-UHFFFAOYSA-N","C7F14O","365.9725597","O=C(F)C(F)(F)C(F)(F)C(F)(F)C(F)(C(F)(F)F)C(F)(F)F"
"DTXSID00663078","67490-36-2","GGGJFCBJUNVNMG-UHFFFAOYSA-N","C4HF9O","235.988368632","FC(F)C(F)(F)C(F)(F)OC(F)(F)F"
"DTXSID00663114","942199-24-8","ZMOVGRSTRJMBKT-UHFFFAOYSA-N","C20F38O3","1009.92406622","O=C(OC(=O)C(F)(F)C(F)(F)C(F)(F)C(F)(F)C(F)(F)C(F)(F)C(F)(F)C(F)(F)C(F)(F)F)C(F)(F)C(F)(F)C(F)(F)C(F)(F)C(F)(F)C(F)(F)C(F)(F)C(F)(F)C(F)(F)F"
"DTXSID00672862","521069-01-2","OYYHZXTWPXQWOH-UHFFFAOYSA-N","C21H23ClF26O2Si3","920.027920966","C[Si](C)(CCC(F)(F)C(F)(F)C(F)(F)C(F)(F)C(F)(F)C(F)(F)F)O[Si](C)(Cl)O[Si](C)(C)CCC(F)(F)C(F)(F)C(F)(F)C(F)(F)C(F)(F)C(F)(F)F"
"DTXSID0067846","34449-89-3","ZSBOIPHQFKYRMG-UHFFFAOYSA-N","C8H10F9NO3S","371.02376816","CCN(CCO)S(=O)(=O)C(F)(F)C(F)(F)C(F)(F)C(F)(F)F"
"DTXSID0067848","34454-97-2","DSRUAYIFDCHEEV-UHFFFAOYSA-N","C7H8F9NO3S","357.008118096","CN(CCO)S(=O)(=O)C(F)(F)C(F)(F)C(F)(F)C(F)(F)F"
"DTXSID00681090","109134-39-6","SIUOAIYCRNJMLQ-UHFFFAOYSA-N","C8H13F7O3Si","318.052218346","CO[Si](CCC(F)(F)C(F)(F)C(F)(F)F)(OC)OC"
"DTXSID0068523","49859-70-3","HATNGDPVYXXGKR-UHFFFAOYSA-N","C14H14F13NO4S","539.043595788","C=CC(=O)OCCN(C)S(=O)(=O)CCC(F)(F)C(F)(F)C(F)(F)C(F)(F)C(F)(F)C(F)(F)F"
"DTXSID0069042","55716-11-5","BMPMIPFMFUBMNZ-UHFFFAOYSA-N","C6F13NO","348.97723048","FC(F)(F)C(F)(F)N1C(F)(F)C(F)(F)OC(F)(F)C1(F)F"
"DTXSID00698325","350716-42-6","NFEFLNJWJYPWIZ-UHFFFAOYSA-N","C22H15F17N2O3","678.08112208","CC(C)(CCC(F)(F)C(F)(F)C(F)(F)C(F)(F)C(F)(F)C(F)(F)C(F)(F)C(F)(F)F)OC(=O)ON=C(C#N)c1ccccc1"
"DTXSID0070869","67939-33-7","DSOQNQBWSKFGJG-UHFFFAOYSA-N","C12H14F9NO4S","439.049982908","C=C(C)C(=O)OCCN(CC)S(=O)(=O)C(F)(F)C(F)(F)C(F)(F)C(F)(F)F"
"DTXSID0071047","68052-68-6","VIZSCVXDHHKCBQ-UHFFFAOYSA-N","C17H8F29NO2","809.009196876","CC[NH3+].O=C([O-])C(F)(F)C(F)(F)C(F)(F)C(F)(F)C(F)(F)C(F)(F)C(F)(F)C(F)(F)C(F)(F)C(F)(F)C(F)(F)C(F)(C(F)(F)F)C(F)(F)F"
"DTXSID0071332","68239-73-6","IARCBLTVLGDOGQ-UHFFFAOYSA-N","C13H12F17NO3S","585.026643984","CN(CCCCO)S(=O)(=O)C(F)(F)C(F)(F)C(F)(F)C(F)(F)C(F)(F)C(F)(F)C(F)(F)C(F)(F)F"
"DTXSID0071334","68239-75-8","SKFXNBMYNHVVJU-UHFFFAOYSA-N","C15H20F15NO5SSi","639.05919357","CCN(CCC[Si](OC)(OC)OC)S(=O)(=O)C(F)(F)C(F)(F)C(F)(F)C(F)(F)C(F)(F)C(F)(F)C(F)(F)F"
"DTXSID0071889","68957-32-4","ISFCQODURJEALJ-UHFFFAOYSA-N","C10H8F13NO4S","484.996645596","CCN(CC(=O)O)S(=O)(=O)C(F)(F)C(F)(F)C(F)(F)C(F)(F)C(F)(F)C(F)(F)F"
"DTXSID0072352","71463-74-6","FACKVWCNYRYNFS-UHFFFAOYSA-N","C13H12F17NO3S","585.026643984","C1CC[NH2+]CC1.O=S(=O)([O-])C(F)(F)C(F)(F)C(F)(F)C(F)(F)C(F)(F)C(F)(F)C(F)(F)C(F)(F)F"
"DTXSID0072354","71463-79-1","FFASNDJXNSXXPR-UHFFFAOYSA-N","C12H13F15NO5PS","599.001253446","CCN(CCCP(=O)(O)O)S(=O)(=O)C(F)(F)C(F)(F)C(F)(F)C(F)(F)C(F)(F)C(F)(F)C(F)(F)F"
"DTXSID0072356","71463-81-5","TZKLRKQCIBXVQE-UHFFFAOYSA-N","C16H21F15NO5PS","655.063853702","CCOP(=O)(CCCN(CC)S(=O)(=O)C(F)(F)C(F)(F)C(F)(F)C(F)(F)C(F)(F)C(F)(F)C(F)(F)F)OCC"
"DTXSID0072772","73772-33-5","MXVCYFOUHPOTLU-UHFFFAOYSA-N","C13H17F13N2O4S","544.070144884","CC(=O)O.CN(C)CCCNS(=O)(=O)C(F)(F)C(F)(F)C(F)(F)C(F)(F)C(F)(F)C(F)(F)F"
"DTXSID0073118","163702-05-4","DFUYAWQUODQGFF-UHFFFAOYSA-N","C6H5F9O","264.01966876","CCOC(F)(F)C(F)(F)C(F)(F)C(F)(F)F"
"DTXSID00758594","93339-87-8","BMHLOJFRGFOQEG-UHFFFAOYSA-N","C7H7Br2F7O","397.875186584","CC(Br)C(O)(CBr)C(F)(F)C(F)(F)C(F)(F)F"
"DTXSID00758852","93822-96-9","AXAFCLDTLRJUCL-UHFFFAOYSA-N","C6F11IO","423.88182304","O=C(C(F)(F)C(F)(F)I)C(F)(C(F)(F)F)C(F)(F)F"
"DTXSID00760218","97294-02-5","GBTVYCBTXQALCR-UHFFFAOYSA-N","C9H9F9","288.056054268","CC(C)=CCC(F)(F)C(F)(F)C(F)(F)C(F)(F)F"
"DTXSID00763441","111144-99-1","IPXALQQGEQVBSM-UHFFFAOYSA-N","C12H9F7O","302.054162448","C=Cc1ccc(OCC(F)(F)C(F)(F)C(F)(F)F)cc1"
"DTXSID00774092","189160-58-5","SLUCZPNDVUNDLK-UHFFFAOYSA-N","C10H16F7NO3","331.101840912","OCCN(CCO)CC(O)CC(F)(F)C(F)(F)C(F)(F)F"
"DTXSID00775625","1799-92-4","HEVDQVCIAUCJDV-UHFFFAOYSA-N","C10H4F7NO4","335.002855148","O=C(Oc1ccc([N+](=O)[O-])cc1)C(F)(F)C(F)(F)C(F)(F)F"
"DTXSID00786953","40143-77-9","NKHVPWOARFMIPG-UHFFFAOYSA-N","C12HF26O2P","701.929899622","O=P(O)(C(F)(F)C(F)(F)C(F)(F)C(F)(F)C(F)(F)C(F)(F)F)C(F)(F)C(F)(F)C(F)(F)C(F)(F)C(F)(F)C(F)(F)F"
"DTXSID00818945","61282-83-5","INASZJPFWJZLGH-UHFFFAOYSA-N","C10H6F12O","370.022703452","CCC(C=O)=C(F)C(F)(F)C(F)(F)C(F)(F)C(F)(F)C(F)(F)F"
"DTXSID00825593","4/02/7098","LTXPBIMCWINHOI-UHFFFAOYSA-N","C7H2F14O","367.988209764","OC(F)(F)C(F)(F)C(F)(F)C(F)(F)C(F)(F)C(F)(F)C(F)F"
"DTXSID00832080","87613-26-1","UARYAHHBHPRGQL-UHFFFAOYSA-N","C8H8F7NO2","283.044326036","CCOC(=O)C=C(N)C(F)(F)C(F)(F)C(F)(F)F"
"DTXSID00838885","821806-42-2","DDWXIFAGBUZUHP-UHFFFAOYSA-N","C8H6ClF9O2","339.991261092","O=C(Cl)OCCCC(F)(F)C(F)(F)C(F)(F)C(F)(F)F"
"DTXSID00846723","917951-62-3","JLRPXCDIADORQL-UHFFFAOYSA-N","C5H2F8O2","245.992705064","O=C(O)C(F)C(F)(C(F)(F)F)C(F)(F)F"
"DTXSID00848040","90292-28-7","ZSBHSCZBWXUBAW-UHFFFAOYSA-N","C9H8F8","268.049826016","CC(C)=CC=C(F)C(F)(F)C(F)(F)C(F)(F)F"
"DTXSID00870523","382-31-0","LVFXLZRISXUAIL-UHFFFAOYSA-N","C4H4F6O","182.016634068","OCC(F)(F)C(F)C(F)(F)F"
"DTXSID00871631","51294-16-7","-",NA,NA,"*C(F)(F)F.*F.*F.FC1C(F)C(F)(F)C(F)(F)C2(F)C1C(F)(F)C(F)(F)C(F)(F)C2(F)F"
"DTXSID00874026","958445-44-8","PLWXPXSPYCHPTF-UHFFFAOYSA-N","C7H5F12NO4","395.00269628","O=C([O-])C(F)(F)C(F)OC(F)(F)C(F)(F)C(F)(F)OC(F)(F)F.[NH4+]"
"DTXSID00880026","2395-00-8","WPDDXKNWUVLZMQ-UHFFFAOYSA-M","C8F15KO2","451.92958422","O=C([O-])C(F)(F)C(F)(F)C(F)(F)C(F)(F)C(F)(F)C(F)(F)C(F)(F)F.[K+]"
"DTXSID00880122","307-50-6","TZOCNIUPCRBERM-UHFFFAOYSA-N","C11F23I","695.86774706","FC(F)(F)C(F)(F)C(F)(F)C(F)(F)C(F)(F)C(F)(F)C(F)(F)C(F)(F)C(F)(F)C(F)(F)C(F)(F)I"
"DTXSID00880127","335-93-3","HXWHIGAHMKKVBV-UHFFFAOYSA-M","C8AgF15O2","519.87097454","O=C([O-])C(F)(F)C(F)(F)C(F)(F)C(F)(F)C(F)(F)C(F)(F)C(F)(F)F.[Ag+]"
"DTXSID00880147","813-45-6","SIVXJSMXRSOFRR-UHFFFAOYSA-N","C7F14O","365.9725597","O=C(C(F)(F)C(F)(F)C(F)(F)F)C(F)(C(F)(F)F)C(F)(F)F"
"DTXSID00880203","4089-61-6","YXDMXTCECAQLHS-UHFFFAOYSA-N","C8H6F14N2O6S","523.972301992","NS(=O)(=O)C(F)(F)C(F)(F)OC(F)(C(F)(F)F)C(F)(F)OC(F)(C(=O)[O-])C(F)(F)F.[NH4+]"
"DTXSID00880208","5158-52-1","JREGIWWPXUQSBC-UHFFFAOYSA-N","C16H17F15N2O3","570.099965704","C[N+](C)(CCCNC(=O)C(F)(F)C(F)(F)C(F)(F)C(F)(F)C(F)(F)C(F)(F)C(F)(F)F)CCC(=O)[O-]"
"DTXSID00880223","15577-26-1","QGIJZPXLSMRDCW-UHFFFAOYSA-N","C14H7F19O2","568.014265644","C=CC(=O)OCCC(F)(F)C(F)(F)C(F)(F)C(F)(F)C(F)(F)C(F)(F)C(F)(C(F)(F)F)C(F)(F)F"
"DTXSID00880243","26738-51-2","NOCLWIPRQIWFMR-UHFFFAOYSA-N","C14HF29O4","783.941176892","FC(OC(F)(F)C(F)(OC(F)(F)C(F)(OC(F)(F)C(F)(OC(F)(F)C(F)(F)C(F)(F)F)C(F)(F)F)C(F)(F)F)C(F)(F)F)C(F)(F)F"
"DTXSID00880248","30320-26-4","KJIGYKCIAQBHEL-UHFFFAOYSA-N","C9F18","449.97125796","FC(F)(F)C(=C(C(F)(F)C(F)(F)F)C(F)(C(F)(F)F)C(F)(F)F)C(F)(F)F"
"DTXSID00880384","26658-70-8","-","-","-",NA
"DTXSID00880389","34451-28-0","WUHVTJLYXHSDMR-UHFFFAOYSA-N","C12H5F21S","579.97766378","FC(F)(F)C(F)(F)C(F)(F)C(F)(F)C(F)(F)C(F)(F)C(F)(F)C(F)(F)C(F)(F)C(F)(F)CCS"
"DTXSID00880420","41123-44-8","KDUYSMPJTYKVBA-UHFFFAOYSA-N","C15H8F20O2","600.020493896","C=C(C)C(=O)OC(F)C(F)(F)C(F)(F)C(F)(F)C(F)(F)C(F)(F)C(F)(F)C(F)(F)C(F)(F)C(F)(F)CF"
"DTXSID00880440","40905-85-9","-","-","-",NA
"DTXSID00880465","54009-78-8","DIDOQTSWDGCVSY-UHFFFAOYSA-N","C16H5F27O","725.99092672","FC(F)(F)C(F)(C(F)(F)F)C(F)(F)C(F)(F)C(F)(F)C(F)(F)C(F)(F)C(F)(F)C(F)(F)C(F)(F)C(F)(F)C(F)(F)CC1CO1"
"DTXSID00880485","55157-25-0","-","-","-",NA
"DTXSID00880521","61097-98-1","AUDGRIDGLXZITI-UHFFFAOYSA-N","C16F30O6","857.92158432","FC(F)(F)C1(F)OC(F)(OC(F)(C(F)(F)F)C(F)(OC2(F)OC(F)(C(F)(F)F)C(F)(F)OC2(F)C(F)(F)F)C(F)(F)F)C(F)(C(F)(F)F)OC1(F)F"
"DTXSID00880541","64018-25-3","TYIZCYGZKIZQIH-UHFFFAOYSA-N","C8H4ClF13","381.979394668","FC(F)(F)C(F)(F)C(F)(F)C(F)(F)C(F)(F)C(F)(F)CCCl"
"DTXSID00880566","66143-00-8","-","-","-",NA
"DTXSID00880581","68141-02-6","ADKVLNPBXBXIJO-UHFFFAOYSA-K","C24CrF45O6","1290.83814012","O=C([O-])C(F)(F)C(F)(F)C(F)(F)C(F)(F)C(F)(F)C(F)(F)C(F)(F)F.O=C([O-])C(F)(F)C(F)(F)C(F)(F)C(F)(F)C(F)(F)C(F)(F)C(F)(F)F.O=C([O-])C(F)(F)C(F)(F)C(F)(F)C(F)(F)C(F)(F)C(F)(F)C(F)(F)F.[Cr+3]"
"DTXSID00880607","68299-19-4","GVCNIACRPWZJPS-UHFFFAOYSA-M","C11H7F9NNaO5S2","490.951962584","O=S(=O)([O-])c1ccccc1CNS(=O)(=O)C(F)(F)C(F)(F)C(F)(F)C(F)(F)F.[Na+]"
"DTXSID00880940","69087-46-3","OHNPEJVXZTXULX-UHFFFAOYSA-N","C8HF13O4","407.966725372","O=C(O)C(F)(F)C(F)(F)OC(F)(C(F)(F)F)C(F)(F)OC(F)=C(F)F"
"DTXSID00880945","70073-44-8","-","-","-",NA
"DTXSID00880960","72779-04-5","KGMRHDNQVLRBQY-UHFFFAOYSA-N","C41H27F46N3O3S2","1547.075931844","Cc1ccc(NC(=O)OC(CSCCC(F)(F)C(F)(F)C(F)(F)C(F)(F)C(F)(F)C(F)(F)C(F)(F)C(F)(F)C(F)(C(F)(F)F)C(F)(F)F)CSCCC(F)(F)C(F)(F)C(F)(F)C(F)(F)C(F)(F)C(F)(F)C(F)(F)C(F)(F)C(F)(C(F)(F)F)C(F)(F)F)cc1NC(=O)N1CC1C"
"DTXSID00880965","73019-19-9","VSMLCKGSLXSQHO-UHFFFAOYSA-N","C46H60F17N3O4S","1073.40330814","CCCCCCCCCCCCCCCCCCNC(=O)c1ccc(Cc2ccc(C(=O)NCCN(CCC)S(=O)(=O)C(F)(F)C(F)(F)C(F)(F)C(F)(F)C(F)(F)C(F)(F)C(F)(F)C(F)(F)F)cc2)cc1"
"DTXSID00880980","78971-81-0","PSLCNUISXILWOY-UHFFFAOYSA-N","C9H6F12O","358.022703452","C=COCC(F)(F)C(F)(F)C(F)(F)C(F)(F)C(F)(F)C(F)F"
"DTXSID00880985","80909-29-1","BPGOAOSBJKHSJL-UHFFFAOYSA-M","C15H15F19INO","712.98949828","C[N+](C)(C)CC(O)CC(F)(F)C(F)(F)C(F)(F)C(F)(F)C(F)(F)C(F)(F)C(F)(C(F)(F)F)C(F)(F)F.[I-]"
"DTXSID00881013","86130-60-1","ULSWUGAAPQZIFJ-OWOJBTEDSA-N","C14H7F17O4","562.007288444","O=C(O)/C=C/C(=O)OCCC(F)(F)C(F)(F)C(F)(F)C(F)(F)C(F)(F)C(F)(F)C(F)(F)C(F)(F)F"
"DTXSID00881018","93776-01-3","SDPBQXWNUJEWDU-UHFFFAOYSA-N","C32H24F42O5","1286.095309108","CC(COCC(C)OCC(O)CC(F)(F)C(F)(F)C(F)(F)C(F)(F)C(F)(F)C(F)(F)C(F)(F)C(F)(F)C(F)(F)C(F)(F)F)OCC(O)CC(F)(F)C(F)(F)C(F)(F)C(F)(F)C(F)(F)C(F)(F)C(F)(F)C(F)(F)C(F)(F)C(F)(F)F"
"DTXSID00881053","93776-18-2","FLUXYIDFACKMRM-UHFFFAOYSA-M","C16H19F17INO3","723.013821208","C[N+](CCO)(CCO)CC(O)CC(F)(F)C(F)(F)C(F)(F)C(F)(F)C(F)(F)C(F)(F)C(F)(F)C(F)(F)F.[I-]"
"DTXSID00881058","93776-29-5","VTOKHKRGJLAVHV-UHFFFAOYSA-N","C34H9F62O4P","1689.924845038","O=P(O)(OCCC(F)(F)C(F)(F)C(F)(F)C(F)(F)C(F)(F)C(F)(F)C(F)(F)C(F)(F)C(F)(F)C(F)(F)C(F)(F)C(F)(F)C(F)(C(F)(F)F)C(F)(F)F)OCCC(F)(F)C(F)(F)C(F)(F)C(F)(F)C(F)(F)C(F)(F)C(F)(F)C(F)(F)C(F)(F)C(F)(F)C(F)(F)C(F)(F)C(F)(C(F)(F)F)C(F)(F)F"
"DTXSID00881073","93857-48-8","VYOMBRAEBXFKCI-UHFFFAOYSA-N","C18H12F33N2O4P","978.000774754","O=P([O-])([O-])OCCC(F)(F)C(F)(F)C(F)(F)C(F)(F)C(F)(F)C(F)(F)C(F)(F)C(F)(F)C(F)(F)C(F)(F)C(F)(F)C(F)(F)C(F)(F)C(F)(F)C(F)(F)C(F)(F)F.[NH4+].[NH4+]"
"DTXSID00881114","93857-55-7","PIWWVQNNYGQYGW-UHFFFAOYSA-N","C26H9F46O4P","1289.950393518","O=P(O)(OCCC(F)(F)C(F)(F)C(F)(F)C(F)(F)C(F)(F)C(F)(F)C(F)(F)C(F)(F)C(F)(C(F)(F)F)C(F)(F)F)OCCC(F)(F)C(F)(F)C(F)(F)C(F)(F)C(F)(F)C(F)(F)C(F)(F)C(F)(F)C(F)(C(F)(F)F)C(F)(F)F"
"DTXSID00881119","93894-57-6","-","-","-",NA
"DTXSID00881134","94094-26-5","GESMFLWHJHJCRF-UHFFFAOYSA-N","C35H61F9O4Si","744.419540942","CCCCCCCCCCCCC(C(=O)O)[Si](C)(CCC(F)(F)C(F)(F)C(F)(F)C(F)(F)F)C(CCCCCCCCCCCC)C(=O)O"
"DTXSID00881139","94158-67-5","WCTXFFMYNHVNSS-UHFFFAOYSA-N","C17H5F29O","775.98773316","FC(F)(F)C(F)(F)C(F)(F)C(F)(F)C(F)(F)C(F)(F)C(F)(F)C(F)(F)C(F)(F)C(F)(F)C(F)(F)C(F)(F)C(F)(F)C(F)(F)CC1CO1"
"DTXSID00881154","94159-82-7","CPUGKTXAIBCJQS-UHFFFAOYSA-N","C21H19F27N2O","828.106625168","CN(C)CCCNCC(O)CC(F)(F)C(F)(F)C(F)(F)C(F)(F)C(F)(F)C(F)(F)C(F)(F)C(F)(F)C(F)(F)C(F)(F)C(F)(C(F)(F)F)C(F)(F)F"
"DTXSID00881159","94159-86-1","XLLVATUSJHKQQF-UHFFFAOYSA-N","C13H9F17O2","520.033109268","C=COCC(O)CC(F)(F)C(F)(F)C(F)(F)C(F)(F)C(F)(F)C(F)(F)C(F)(F)C(F)(F)F"
"DTXSID00881174","94200-47-2","OMQPAVWTJXZJQO-UHFFFAOYSA-N","C15H14F25N2O5P","808.024113678","O=P([O-])([O-])OCC(O)CC(F)(F)C(F)(F)C(F)(F)C(F)(F)C(F)(F)C(F)(F)C(F)(F)C(F)(F)C(F)(F)C(F)(F)C(F)(F)C(F)(F)F.[NH4+].[NH4+]"
"DTXSID00881194","94291-78-8","NVEVDAOYRBYRNN-UHFFFAOYSA-N","C30H20F46NO6P","1395.02937211","O=P([O-])(OCCC(F)(F)C(F)(F)C(F)(F)C(F)(F)C(F)(F)C(F)(F)C(F)(F)C(F)(F)C(F)(C(F)(F)F)C(F)(F)F)OCCC(F)(F)C(F)(F)C(F)(F)C(F)(F)C(F)(F)C(F)(F)C(F)(F)C(F)(F)C(F)(C(F)(F)F)C(F)(F)F.OCC[NH2+]CCO"
"DTXSID00881275","67940-02-7","OIVDLFNGOVBNFE-UHFFFAOYSA-N","C12H14ClF15N2O2S","570.022499668","CN(C)CCC[NH2+]S(=O)(=O)C(F)(F)C(F)(F)C(F)(F)C(F)(F)C(F)(F)C(F)(F)C(F)(F)F.[Cl-]"
"DTXSID00881290","85631-40-9","-","-","-",NA
"DTXSID00881295","90218-70-5","-","-","-",NA
"DTXSID00881311","91032-01-8","-","-","-",NA
"DTXSID00881316","91081-09-3","-","-","-",NA
"DTXSID00881331","94133-91-2","WGHCYEUUCUZEBW-UHFFFAOYSA-M","C18H24F17N2NaO8S2","806.060031748","C[N+](C)(CCO)CCCN(CC(O)CS(=O)(=O)[O-])S(=O)(=O)C(F)(F)C(F)(F)C(F)(F)C(F)(F)C(F)(F)C(F)(F)C(F)(F)C(F)(F)F.[Na+].[OH-]"
"DTXSID00881336","119438-11-8","-","-","-",NA
"DTXSID00881351","34454-99-4","ASJXVGSUYQIIBC-UHFFFAOYSA-N","C6H6F9NO3S","342.992468032","O=S(=O)(NCCO)C(F)(F)C(F)(F)C(F)(F)C(F)(F)F"
"DTXSID00881376","137338-39-7","ZHXXMSNJEJNVHG-UHFFFAOYSA-N","C28H41F17","700.293681052","CCCCCCCCCCCCCCCCCCCCC(F)(F)C(F)(F)C(F)(F)C(F)(F)C(F)(F)C(F)(F)C(F)(F)C(F)(F)F"
"DTXSID00881831","148240-88-4","-","-","-",NA
"DTXSID00881836","80392-01-4","-","-","-",NA
"DTXSID00881851","393819-33-5","-","-","-",NA
"DTXSID00881856","65605-73-4","-","-","-",NA
"DTXSID00881871","59006-66-5","-","-","-",NA
"DTXSID00881876","65530-72-5","-","-","-",NA
"DTXSID00881891","128840-50-6","-","-","-",NA
"DTXSID00881896","297175-71-4","-","-","-",NA
"DTXSID00881912","182700-79-4","-","-","-",NA
"DTXSID00881917","163440-89-9","-","-","-",NA
"DTXSID00881932","179005-07-3","-","-","-",NA
"DTXSID00881937","68526-97-6","-","-","-",NA
"DTXSID00881957","28853-89-6","-","-","-",NA
"DTXSID00881992","172074-69-0","-","-","-",NA
"DTXSID00881997","68390-33-0","-","-","-",NA
"DTXSID00882000","160498-33-9","-","-","-",NA
"DTXSID00882005","212013-54-2","-","-","-",NA
"DTXSID00882020","141607-32-1","VXOHBWROOXTGPC-UHFFFAOYSA-N","C14H17F13N2O4S","556.070144884","CN(C)CCCN(CCC(=O)O)S(=O)(=O)C(F)(F)C(F)(F)C(F)(F)C(F)(F)C(F)(F)C(F)(F)F"
"DTXSID00882025","1003557-47-8","-","-","-",NA
"DTXSID00882560","68299-39-8","-","-","-",NA
"DTXSID00882565","68227-96-3","-","-","-",NA
"DTXSID00882580","115592-83-1","-","-","-",NA
"DTXSID00882585","71487-20-2","-","-","-",NA
"DTXSID00882601","142636-88-2","-","-","-",NA
"DTXSID00882621","503299-50-1","-","-","-",NA
"DTXSID00882626","1190931-27-1","-","-","-",NA
"DTXSID00882641","380843-06-1","-","-","-",NA
"DTXSID00882646","221455-64-7","-","-","-",NA
"DTXSID00882661","1279108-20-1","-","-","-",NA
"DTXSID00882666","1223402-68-3","-","-","-",NA
"DTXSID00882686","1431838-83-3","-","-","-",NA
"DTXSID00882702","1392191-75-1","-","-","-",NA
"DTXSID00882707","223929-64-4","-","-","-",NA
"DTXSID00882722","1378930-30-3","-","-","-",NA
"DTXSID00882727","306976-25-0","-","-","-",NA
"DTXSID00882742","863408-19-9","-","-","-",NA
"DTXSID00882762","118102-37-7","-","-","-",NA
"DTXSID00882767","445019-64-7","-","-","-",NA
"DTXSID00882782","255916-31-5","-","-","-",NA
"DTXSID00882787","273737-91-0","-","-","-",NA
"DTXSID00882803","177484-43-4","-","-","-",NA
"DTXSID00882808","253873-70-0","-","-","-",NA
"DTXSID00882823","129783-45-5","-","-","-",NA
"DTXSID00882843","71278-43-8","-","-","-",NA
"DTXSID00882848","65208-35-7","-","-","-",NA
"DTXSID00882863","510734-75-5","-","-","-",NA
"DTXSID00882868","167229-03-0","-","-","-",NA
"DTXSID00882883","52700-35-3","REAKSGRGUVKNJO-UHFFFAOYSA-N","C8F18O2","469.9610872","FC(F)(F)C(F)(F)OC(F)(F)C(F)(F)C(F)(F)OC(F)(F)C(F)(F)C(F)(F)F"
"DTXSID00882888","263756-45-2","-","-","-",NA
"DTXSID00882904","594864-11-6","-","-","-",NA
"DTXSID00882909","68805-70-9","-","-","-",NA
"DTXSID00882924","93705-98-7","-","-","-",NA
"DTXSID00882929","944578-05-6","-","-","-",NA
"DTXSID00882944","182700-81-8","-","-","-",NA
"DTXSID00882949","161075-39-4","-","-","-",NA
"DTXSID00882964","251099-16-8","MCKSGFHQKXIVKF-UHFFFAOYSA-M","C30H48F17NO3S","825.308345136","CCCCCCCCCC[N+](C)(C)CCCCCCCCCC.O=S(=O)([O-])C(F)(F)C(F)(F)C(F)(F)C(F)(F)C(F)(F)C(F)(F)C(F)(F)C(F)(F)F"
"DTXSID00882969","68608-14-0","-","-","-",NA
"DTXSID00882984","221455-63-6","-","-","-",NA
"DTXSID00882989","214334-16-4","-","-","-",NA
"DTXSID00883012","65605-56-3","-","-","-",NA
"DTXSID00883017","510732-48-6","-","-","-",NA
"DTXSID00883032","95325-75-0","-","-","-",NA
"DTXSID00883037","148240-85-1","-","-","-",NA
"DTXSID00883052","69531-49-3","-","-","-",NA
"DTXSID00883057","68310-18-9","-","-","-",NA
"DTXSID00883072","661476-43-3","-","-","-",NA
"DTXSID00883077","192662-29-6","-","-","-",NA
"DTXSID00883370","356-26-3","NPUHUJNJOILQJC-UHFFFAOYSA-N","C6H7F7O2","244.033427004","CCOC(O)C(F)(F)C(F)(F)C(F)(F)F"
"DTXSID00883911","2923-93-5","FVSDJPACEHXABM-UHFFFAOYSA-N","C32H41F7N2O4","650.295455332","CCCCC(Oc1ccc(C(C)(C)CC)cc1C(C)(C)CC)C(=O)Nc1ccc(NC(=O)C(F)(F)C(F)(F)C(F)(F)F)c(O)c1"
"DTXSID00884509","13140-24-4","WWLDXJJOBWJDPA-UHFFFAOYSA-N","C21F42O7","1161.89733758","O=C(F)C(F)(OC(F)(F)C(F)(OC(F)(F)C(F)(OC(F)(F)C(F)(OC(F)(F)C(F)(OC(F)(F)C(F)(OC(F)(F)C(F)(F)C(F)(F)F)C(F)(F)F)C(F)(F)F)C(F)(F)F)C(F)(F)F)C(F)(F)F)C(F)(F)F"
"DTXSID00891758","68081-83-4","-","-","-",NA
"DTXSID00892326","70887-88-6","BKOBFLVYTXYFQZ-UHFFFAOYSA-N","C8H2F12O2","357.986317944","O=C(O)C=C(F)C(F)(F)C(F)(F)C(F)(F)C(F)(F)C(F)(F)F"
"DTXSID00892442","13252-14-7","OIVQVBDAMYDDEM-UHFFFAOYSA-N","C9HF17O4","495.960338252","O=C(O)C(F)(OC(F)(F)C(F)(OC(F)(F)C(F)(F)C(F)(F)F)C(F)(F)F)C(F)(F)F"
"DTXSID00893252","36591-89-6","GQEFKWJVEUMAIH-UHFFFAOYSA-N","C7F16","387.97445152","FC(F)(F)C(F)(F)C(C(F)(F)F)(C(F)(F)F)C(F)(F)C(F)(F)F"
"DTXSID00893292","71076-47-6","NXGSATACKGXTHF-UHFFFAOYSA-N","C10F22","537.96487084","FC(F)(F)C(C(F)(F)F)(C(F)(F)F)C(F)(F)C(F)(F)C(C(F)(F)F)(C(F)(F)F)C(F)(F)F"
"DTXSID00893297","85228-95-1","BEYPTICLYWNJEV-UHFFFAOYSA-M","C18H9F17NNaO5S","696.982767408","CN(CC(=O)[O-])S(=O)(=O)c1ccc(OC(F)=C(F)C(F)(F)C(F)(F)C(F)(F)C(F)(F)C(F)(F)C(F)(F)C(F)(F)F)cc1.[Na+]"
"DTXSID00893318","109669-84-3","JJVWYDNIARNCCI-UHFFFAOYSA-K","C19H21ClF17N2Na3O12S3","991.936677372","O=C(O)C[N+](CCC[N-]S(=O)(=O)C(F)(F)C(F)(F)C(F)(F)C(F)(F)C(F)(F)C(F)(F)C(F)(F)C(F)(F)F)(CC(O)CS(=O)(=O)[O-])CC(O)CS(=O)(=O)[O-].[Cl-].[Na+].[Na+].[Na+]"
"DTXSID00893338","118945-65-6","ZQMSTIVEUWHCPI-UHFFFAOYSA-N","C14F26","661.95848372","FC(F)(F)C(F)(C(F)(F)F)C(F)(F)C1(F)C(F)(F)C(F)(F)C(F)(F)C2(F)C(F)(F)C(F)(F)C(F)(F)C(F)(F)C21F"
"DTXSID00893353","149868-74-6","CJFKXWNLDPYAPA-UHFFFAOYSA-N","C12H9F17O","492.038194648","CC(O)CCC(F)(F)C(F)(F)C(F)(F)C(F)(F)C(F)(F)C(F)(F)C(F)(F)C(F)(F)F"
"DTXSID00893358","158658-62-9","JHIIGTLQSATSSP-UHFFFAOYSA-M","C21H20F17IN2O3S","829.99679124","C[N+](C)(C)CCCNS(=O)(=O)c1ccc(OC(=C(C(F)(C(F)(F)F)C(F)(F)F)C(F)(C(F)(F)F)C(F)(F)F)C(F)(F)F)cc1.[I-]"
"DTXSID00893373","258341-99-0","YMJXZEIVAYQAPQ-UHFFFAOYSA-M","C29H21F17O3S2","804.066066272","Cc1cc(C)c([S+](c2ccccc2)c2ccccc2)c(C)c1.O=S(=O)([O-])C(F)(F)C(F)(F)C(F)(F)C(F)(F)C(F)(F)C(F)(F)C(F)(F)C(F)(F)F"
"DTXSID00893378","304658-31-9","DJAOEKZXQIPPOC-UHFFFAOYSA-N","C20H9F14NO4","593.030802848","O=C(Oc1ccc(-c2ccc(O)cc2)cc1)C(F)(C(F)(F)F)C(F)(F)N1C(F)(F)C(F)(F)OC(F)(F)C1(F)F"
"DTXSID00893398","484023-69-0","RITPSQAJCYYEAG-UHFFFAOYSA-N","C8H12F9NO4S","389.034332844","O=S(=O)([O-])CCCCOC(F)(F)C(F)(F)C(F)(F)C(F)(F)F.[NH4+]"
"DTXSID00893530","277749-00-5","SQZKYYKNHHTOIT-UHFFFAOYSA-M","C20H28F15NO2","599.188052436","CCC[N+](CCC)(CCC)CCC.O=C([O-])C(F)(F)C(F)(F)C(F)(F)C(F)(F)C(F)(F)C(F)(F)C(F)(F)F"
"DTXSID00894022","110494-69-4","-","-","-",NA
"DTXSID00895155","158118-01-5","RGRJUIGTKHAMBM-UHFFFAOYSA-N","C5H3F9","234.009104076","CC(F)(F)C(F)(F)C(F)(F)C(F)(F)F"
"DTXSID00895170","1190430-19-3","YGGBKWYCPRYWRI-UHFFFAOYSA-N","C10H13F9","304.087354396","CCCCCCC(F)(F)C(F)(F)C(F)(F)C(F)(F)F"
"DTXSID00895175","883543-64-4","ZATDVKHJLFLLDD-UHFFFAOYSA-N","C7H9F7O","242.054162448","OCCCCC(F)(F)C(F)(F)C(F)(F)F"
"DTXSID00895190","136483-77-7","WUKSEPWXPNRVEU-UHFFFAOYSA-N","C6H3Cl2F9","315.946809436","FC(F)(F)C(F)(F)C(F)(F)C(F)(F)C(Cl)CCl"
"DTXSID00895195","53626-95-2","MRPSASLEFZGUCD-UHFFFAOYSA-N","C8H6F11I","437.933858612","FC(F)(CCI)CC(F)(F)C(F)(F)C(F)(F)C(F)(F)F"
"DTXSID00895211","110927-72-5","CVDYYPTVATXTLA-UHFFFAOYSA-N","C6H2ClF9","279.970131724","C=C(Cl)C(F)(F)C(F)(F)C(F)(F)C(F)(F)F"
"DTXSID00895216","29971-79-7","YHENNDIJPANXOC-UHFFFAOYSA-N","C7F16","387.97445152","FC(F)(F)C(F)(F)C(F)(F)C(C(F)(F)F)(C(F)(F)F)C(F)(F)F"
"DTXSID00895231","887111-61-7","YWSYXYXSEWRSMA-UHFFFAOYSA-N","C7H2F12","313.996488704","FC(F)(F)C(F)(F)C=CC(F)(F)C(F)(F)C(F)(F)F"
"DTXSID00895236","1789721-11-4","ZANMBCLWKBTGQM-UHFFFAOYSA-N","C16H24F9I","514.077902748","CCCCCCCCCCC(I)CC(F)(F)C(F)(F)C(F)(F)C(F)(F)F"
"DTXSID00895251","109574-81-4","PVUKLHKMFFSKDP-UHFFFAOYSA-N","C8H8F9IO","417.947616856","OCCC(I)CC(F)(F)C(F)(F)C(F)(F)C(F)(F)F"
"DTXSID00895256","7618-17-9","UBEKWJSJCWEAHM-UHFFFAOYSA-N","C7H6F10O","296.025897012","CC(O)C(F)(F)C(F)C(F)(F)C(F)(F)C(F)(F)F"
"DTXSID00895271","172701-28-9","QRCWNXLGRHSPPF-UHFFFAOYSA-N","C12H16F9IO","474.010217112","OCCCCCCC(I)CC(F)(F)C(F)(F)C(F)(F)C(F)(F)F"
"DTXSID00895276","1244062-17-6","YSLCLCFQFQCLPG-UHFFFAOYSA-N","C14H9F21","576.036892908","CCCCC(F)(F)C(F)(F)C(F)(F)C(F)(F)C(F)(F)C(F)(F)C(F)(F)C(F)(F)C(F)(F)C(F)(F)F"
"DTXSID00895291","7621-51-4","IBDDYNPOMOFBDI-UHFFFAOYSA-N","C8HF15","381.983873332","FC=C(F)C(F)(F)C(F)(F)C(F)(F)C(F)(F)C(F)(F)C(F)(F)F"
"DTXSID00895296","200817-54-5","YIQQEZHSYXXRHO-UHFFFAOYSA-N","C17H15F21","618.0838431","CCCCCCCC(F)(F)C(F)(F)C(F)(F)C(F)(F)C(F)(F)C(F)(F)C(F)(F)C(F)(F)C(F)(F)C(F)(F)F"
"DTXSID00895312","96791-81-0","HIRWAQFMDABHLG-UHFFFAOYSA-N","C16H16F17I","658.002528252","CCCCCCC(I)CC(F)(F)C(F)(F)C(F)(F)C(F)(F)C(F)(F)C(F)(F)C(F)(F)C(F)(F)F"
"DTXSID00895317","123629-50-5","HVZLGRLQYFSTSP-UHFFFAOYSA-N","C12H12F13I","529.977615244","CCCCC(I)CC(C(F)(F)F)(C(F)(F)F)C(F)(F)C(F)(F)C(F)(F)F"
"DTXSID00895332","53749-64-7","ZPTLSCUEQZRKEY-UHFFFAOYSA-N","C14H4F26","665.989783848","FC(F)(F)C(F)(F)C(F)(F)C(F)(F)C(F)(F)C(F)(F)CCC(F)(F)C(F)(F)C(F)(F)C(F)(F)C(F)(F)C(F)(F)F"
"DTXSID00895337","1221157-07-8","NPQMDAVNEUDJNS-UHFFFAOYSA-N","C10H16F9NSi","349.090830022","CN(C)[Si](C)(C)CCC(F)(F)C(F)(F)C(F)(F)C(F)(F)F"
"DTXSID00895352","38550-44-6","JIDYQTCBVGBFDH-UHFFFAOYSA-N","C9H6F13IO","503.925579672","OCC(I)CC(F)(F)C(F)(F)C(F)(F)C(F)(F)C(F)(F)C(F)(F)F"
"DTXSID00895357","200817-56-7","GQYLDQKHNZGRQD-UHFFFAOYSA-N","C24H29F21","716.193393548","CCCCCCCCCCCCCCC(F)(F)C(F)(F)C(F)(F)C(F)(F)C(F)(F)C(F)(F)C(F)(F)C(F)(F)C(F)(F)C(F)(F)F"
"DTXSID00895372","176979-17-2","PGTZMAVZAHEJCS-UHFFFAOYSA-N","C18H20F17I","686.03382838","CCCCCCCCC(I)CC(F)(F)C(F)(F)C(F)(F)C(F)(F)C(F)(F)C(F)(F)C(F)(F)C(F)(F)F"
"DTXSID00895377","1661005-79-3","MWYPGZOEGJJCBI-UHFFFAOYSA-N","C6H3F11O","300.000825136","FC(F)OCC(F)(F)C(F)(F)C(F)(F)C(F)(F)F"
"DTXSID00895392","129838-40-0","NVHAUPRAVYZZAV-UHFFFAOYSA-N","C18H16F21I","757.996141132","CCCCCCC(I)CC(F)(F)C(F)(F)C(F)(F)C(F)(F)C(F)(F)C(F)(F)C(F)(F)C(F)(F)C(F)(F)C(F)(F)F"
"DTXSID00895397","40735-25-9","LKBRVJJAQWSEDF-UHFFFAOYSA-N","C15H12F18I2","787.874104344","FC(F)(F)C(F)(F)C(F)(F)C(F)(F)CC(I)CCCC(I)CC(F)(F)C(F)(F)C(F)(F)C(F)(F)F"
"DTXSID00895413","647-91-6","YLOUSLWKRLJSPV-UHFFFAOYSA-N","C8H4F14O","382.003859828","FC(F)(F)C(F)(F)C(F)(F)COCC(F)(F)C(F)(F)C(F)(F)F"
"DTXSID00895418","54949-99-4","INSNDRBNHLKUKX-UHFFFAOYSA-N","C8H9F9O2","308.045883508","OCCOCCC(F)(F)C(F)(F)C(F)(F)C(F)(F)F"
"DTXSID00895433","93454-74-1","CZCMNCOQMXNFTL-UHFFFAOYSA-N","C28H33F25","844.218306556","CCCCCCCCCCCCCCCCC(F)(F)C(F)(F)C(F)(F)C(F)(F)C(F)(F)C(F)(F)C(F)(F)C(F)(F)C(F)(F)C(F)(F)C(F)(F)C(F)(F)F"
"DTXSID00895438","63391-84-4","LAFIDLOOPJPAPN-UHFFFAOYSA-N","C8H7F9O","290.035318824","C=COCCC(F)(F)C(F)(F)C(F)(F)C(F)(F)F"
"DTXSID00895453","89109-72-8","PVFJLWHOPPXJMD-UHFFFAOYSA-N","C32H41F25","900.280906812","CCCCCCCCCCCCCCCCCCCCC(F)(F)C(F)(F)C(F)(F)C(F)(F)C(F)(F)C(F)(F)C(F)(F)C(F)(F)C(F)(F)C(F)(F)C(F)(F)C(F)(F)F"
"DTXSID00895458","82416-71-5","QXLCIRIVPLDAGS-UHFFFAOYSA-N","C9F17N","444.97592874","N#CC(F)(F)C(F)(F)C(F)(F)C(F)(F)C(F)(F)C(F)(F)C(F)(F)C(F)(F)F"
"DTXSID00895473","356-06-9","JJRRHZPKVSFERJ-UHFFFAOYSA-N","C6H5F7O2","242.01777694","CC(=O)OCC(F)(F)C(F)(F)C(F)(F)F"
"DTXSID00895478","25600-64-0","ACXWRVKTAODIKP-UHFFFAOYSA-N","C8H9F7O2","270.049077068","CC(=O)OCCCC(F)(F)C(F)(F)C(F)(F)F"
"DTXSID00895493","108156-21-4","BTGGZMZAVPCGMB-UHFFFAOYSA-N","C5H2ClF7O2","261.963154524","O=C(Cl)OCC(F)(F)C(F)(F)C(F)(F)F"
"DTXSID00895498","875628-33-4","SRUNWUZJMCJMBZ-UHFFFAOYSA-N","C7H7F9OS","310.007389824","OCCCSC(F)(F)C(F)(F)C(F)(F)C(F)(F)F"
"DTXSID00895514","140834-59-9","FZCXKUMBLKTHGQ-UHFFFAOYSA-N","C13H4F21N","573.000841748","N#CCCC(F)(F)C(F)(F)C(F)(F)C(F)(F)C(F)(F)C(F)(F)C(F)(F)C(F)(F)C(F)(F)C(F)(F)F"
"DTXSID00895519","34642-43-8","TWIYDBQRYCWOAU-UHFFFAOYSA-N","C4HF9O2S","283.955354252","O=S(O)C(F)(F)C(F)(F)C(F)(F)C(F)(F)F"
"DTXSID00895534","100550-10-5","PFAVUDZZGGYFMU-UHFFFAOYSA-N","C34H20F50","1378.07666164","FC(F)(F)C(F)(F)C(F)(F)C(F)(F)C(F)(F)C(F)(F)C(F)(F)C(F)(F)C(F)(F)C(F)(F)C(F)(F)C(F)(F)CCCCCCCCCCC(F)(F)C(F)(F)C(F)(F)C(F)(F)C(F)(F)C(F)(F)C(F)(F)C(F)(F)C(F)(F)C(F)(F)C(F)(F)C(F)(F)F"
"DTXSID00895539","595-00-6","BSHXXSFAHRWMFQ-UHFFFAOYSA-N","C8H5F11O","326.0164752","C=COCC(F)(F)C(F)(F)C(F)(F)C(F)(F)C(F)(F)F"
"DTXSID00895554","558-95-2","OLVCKTXXONYSKV-UHFFFAOYSA-N","C9F18O","465.96617258","O=C(F)C(F)(F)C(F)(F)C(F)(F)C(F)(F)C(F)(F)C(F)(F)C(F)(F)C(F)(F)F"
"DTXSID00895559","80459-24-1","ZEYGPNNBXJHOQZ-UHFFFAOYSA-N","C15H6F25IO","803.906418312","OCC(I)CC(F)(F)C(F)(F)C(F)(F)C(F)(F)C(F)(F)C(F)(F)C(F)(F)C(F)(F)C(F)(F)C(F)(F)C(F)(F)C(F)(F)F"
"DTXSID00895574","1244062-18-7","VUFRWFCKWJGTIS-UHFFFAOYSA-N","C26H31F21","742.209043612","CCCCCCCCCCCCCCC=CC(F)(F)C(F)(F)C(F)(F)C(F)(F)C(F)(F)C(F)(F)C(F)(F)C(F)(F)C(F)(F)C(F)(F)F"
"DTXSID00895579","117543-54-1","OCVCPUQNCRNBAZ-UHFFFAOYSA-N","C17H21F13O","488.138482152","OCCCCCCCCCC=CC(F)(F)C(F)(F)C(F)(F)C(F)(F)C(F)(F)C(F)(F)F"
"DTXSID00895594","36390-03-1","KITTVGNDOMMVHM-UHFFFAOYSA-N","C9H7F9O4","350.020062684","O=C(O)C(CCC(F)(F)C(F)(F)C(F)(F)C(F)(F)F)C(=O)O"
"DTXSID00895599","136772-44-6","KEJVZDCMLYTKNV-UHFFFAOYSA-N","C15H25F13O2Si3","568.09547649","C[Si](C)(C)O[Si](C)(CCC(F)(F)C(F)(F)C(F)(F)C(F)(F)C(F)(F)C(F)(F)F)O[Si](C)(C)C"
"DTXSID00895610","124472-66-8","PNUCNEMEVBKDJF-UHFFFAOYSA-M","C17H30F9NO3S","499.1802688","CCCC[N+](C)(CCCC)CCCC.O=S(=O)([O-])C(F)(F)C(F)(F)C(F)(F)C(F)(F)F"
"DTXSID00895615","170118-61-3","FZHOYNJTYKXPSU-ONEGZZNKSA-N","C8H7F7O2","268.033427004","CCO/C=C/C(=O)C(F)(F)C(F)(F)C(F)(F)F"
"DTXSID00895630","731858-15-4","YDZRIUKPHPDSAY-UHFFFAOYSA-N","C12H6F21O2P","611.977008682","O=[PH](O)CCC(F)(F)C(F)(F)C(F)(F)C(F)(F)C(F)(F)C(F)(F)C(F)(F)C(F)(F)C(F)(F)C(F)(F)F"
"DTXSID00895635","378-08-5","SVXWRCWGDAYFHY-UHFFFAOYSA-N","C8H9F7O3","286.043991688","CC(=O)OC(C)OCC(F)(F)C(F)(F)C(F)(F)F"
"DTXSID00895650","20084-49-5","NTCFPSIOLPOKNV-UHFFFAOYSA-N","C10H5F15O","426.01008808","FC(F)(F)C(F)(F)C(F)(F)C(F)(F)C(F)(F)C(F)(F)C(F)(F)CC1CO1"
"DTXSID00895655","7365-36-8","QIUJCCVBRUUHMI-UHFFFAOYSA-N","C18H29F7O2","410.205577708","CCCCCCCCCCCCCCOC(=O)C(F)(F)C(F)(F)C(F)(F)F"
"DTXSID00895670","157829-77-1","IWLWYBHBNRALOG-UHFFFAOYSA-N","C12H4BrF13","473.928879088","FC(F)(F)C(F)(F)C(F)(F)C(F)(F)C(F)(F)C(F)(F)c1cccc(Br)c1"
"DTXSID00895675","240497-36-3","WFZSJBMGELYANT-UHFFFAOYSA-N","C24H17F27Sn","937.992107184","FC(F)(F)C(F)(F)C(F)(F)C(F)(F)C[CH2][Sn]([CH2]CC(F)(F)C(F)(F)C(F)(F)C(F)(F)F)([CH2]CC(F)(F)C(F)(F)C(F)(F)C(F)(F)F)[c]1ccccc1"
"DTXSID00895690","75668-24-5","JOIQPQYVCOJAAJ-UHFFFAOYSA-N","C7H8F7NO","255.049411416","CCCNC(=O)C(F)(F)C(F)(F)C(F)(F)F"
"DTXSID00895695","172897-75-5","JKKXNKBRXVZRAQ-UHFFFAOYSA-N","C8F16O3","447.95919538","O=C(F)C(F)(F)OC(F)(F)C(F)(F)OC(F)(F)C(F)(F)C(F)(F)C(F)(F)F"
"DTXSID00895711","340157-97-3","AFJHWCKFHITISQ-UHFFFAOYSA-N","C16H8BrF17","601.953792096","FC(F)(F)C(F)(F)C(F)(F)C(F)(F)C(F)(F)C(F)(F)C(F)(F)C(F)(F)CCc1cccc(Br)c1"
"DTXSID00895716","317810-57-4","BYLZHFMTBONWJX-UHFFFAOYSA-N","C8H5F7N2","262.0340957","Nc1ccc(C(F)(F)C(F)(F)C(F)(F)F)nc1"
"DTXSID00895731","28439-77-2","POBMIGAYJSMHRI-UHFFFAOYSA-N","C13H8F7N","311.054496796","Cc1nccc2c(C(F)(F)C(F)(F)C(F)(F)F)cccc12"
"DTXSID00895736","1606997-42-5","URUMHCVCHWMNCV-UHFFFAOYSA-N","C10H5F9S2","359.96889614","FC(F)(F)C(F)(F)C(F)(F)C(F)(F)SSc1ccccc1"
"DTXSID00895751","336-30-1","NDFMNNOBKSRVCH-UHFFFAOYSA-N","C12H18F7NO","325.127661736","CC(C)CN(CC(C)C)C(=O)C(F)(F)C(F)(F)C(F)(F)F"
"DTXSID00895756","106203-17-2","ADUVQDXZSJUGJY-UHFFFAOYSA-N","C7H6F7NO2","269.028675972","COC(=O)C=C(N)C(F)(F)C(F)(F)C(F)(F)F"
"DTXSID00895913","158018-94-1","WBUMDKALJWQLNV-UHFFFAOYSA-N","C9H10F9NO","319.06186792","CCN(CC)C(=O)C(F)(F)C(F)(F)C(F)(F)C(F)(F)F"
"DTXSID00895918","75668-28-9","MNNLGTKVUUOSTQ-UHFFFAOYSA-N","C10H14F7NO","297.096361608","CCCCCCNC(=O)C(F)(F)C(F)(F)C(F)(F)F"
"DTXSID00895933","141822-33-5","NFDMREXGTSXTER-UHFFFAOYSA-N","C14H10F13N","439.06056618","CN(C)c1ccc(C(F)(F)C(F)(F)C(F)(F)C(F)(F)C(F)(F)C(F)(F)F)cc1"
"DTXSID00895938","158018-93-0","BPUDDBGLNYFQPY-UHFFFAOYSA-N","C7H6F9NO","291.030567792","CCNC(=O)C(F)(F)C(F)(F)C(F)(F)C(F)(F)F"
"DTXSID00895953","376-88-5","COCVUMHUMYGVPV-UHFFFAOYSA-N","C9H10F7NO4","329.04980534","CCOC(=O)CC(C[N+](=O)[O-])C(F)(F)C(F)(F)C(F)(F)F"
"DTXSID00895958","1469980-27-5","PHNKFQLUMVJFOV-UHFFFAOYSA-N","C7H3F9O3","305.993847936","O=C1OCC(C(F)(F)C(F)(F)C(F)(F)C(F)(F)F)O1"
"DTXSID00895973","2284-51-7","UTGSQSVMPFAJMN-UHFFFAOYSA-N","C16H26F7NO","381.190261992","CCCCCCCCCCCCNC(=O)C(F)(F)C(F)(F)C(F)(F)F"
"DTXSID00895978","1401315-53-4","PKFAUAHQDYFZIK-UHFFFAOYSA-N","C12H7F17O4","538.007288444","CCOC(=O)C(O)(O)C(F)(F)C(F)(F)C(F)(F)C(F)(F)C(F)(F)C(F)(F)C(F)(F)C(F)(F)F"
"DTXSID00895993","1608112-38-4","HRDRZDZAIJKOFP-UHFFFAOYSA-N","C12H5F9S","351.99682514","FC(F)(F)C(F)(F)C(F)(F)C(F)(F)c1cc2ccccc2s1"
"DTXSID00895998","1608112-36-2","PIOPUHSIOSKTAD-UHFFFAOYSA-N","C12H5F9O","336.01966876","FC(F)(F)C(F)(F)C(F)(F)C(F)(F)c1cc2ccccc2o1"
"DTXSID00896001","1441382-30-4","JUGRINNZISZBSO-UHFFFAOYSA-N","C13H8F13NO","441.039830736","Oc1cccc(NCC(F)(F)C(F)(F)C(F)(F)C(F)(F)C(F)(F)C(F)(F)F)c1"
"DTXSID00896006","114810-52-5","PXAIBOJBLYQOTQ-UHFFFAOYSA-N","C10H5F13O3","420.00311088","O=C1OCC(CC(F)(F)C(F)(F)C(F)(F)C(F)(F)C(F)(F)C(F)(F)F)O1"
"DTXSID00896021","2195-67-7","AIZAMOOEHGSUGQ-UHFFFAOYSA-N","C11H6F7N3","313.044994732","FC(F)(F)C(F)(F)C(F)(F)c1nc(-c2ccccc2)n[nH]1"
"DTXSID00896026","81769-57-5","DFIGPMQDPGDKNY-UHFFFAOYSA-N","C13H3F21N2","585.996090716","FC(F)(F)C(F)(F)C(F)(F)C(F)(F)C(F)(F)C(F)(F)C(F)(F)C(F)(F)C(F)(F)C(F)(F)c1cnc[nH]1"
"DTXSID00896041","188034-84-6","SXHOQRUJCYWAHB-UHFFFAOYSA-N","C17H9F17O3","584.028023888","O=C(O)c1ccc(OCCC(F)(F)C(F)(F)C(F)(F)C(F)(F)C(F)(F)C(F)(F)C(F)(F)C(F)(F)F)cc1"
"DTXSID00896046","169213-95-0","HEUFZSZJOXKACQ-UHFFFAOYSA-N","C13H9F17O2","520.033109268","OC1OCCCC1C(F)(F)C(F)(F)C(F)(F)C(F)(F)C(F)(F)C(F)(F)C(F)(F)C(F)(F)F"
"DTXSID00896061","332031-88-6","JTGBBOHHRPKBBF-UHFFFAOYSA-N","C10H5F8NO","307.02433954","O=C(Nc1cccc(F)c1)C(F)(F)C(F)(F)C(F)(F)F"
"DTXSID00896066","37696-86-9","DJXYIBRHPIHIPY-UHFFFAOYSA-N","C20H26F15NO","581.177487752","CCCCCCCCCCCCNC(=O)C(F)(F)C(F)(F)C(F)(F)C(F)(F)C(F)(F)C(F)(F)C(F)(F)F"
"DTXSID00896081","132114-64-8","XMLQJCWVPGBECK-UHFFFAOYSA-N","C13H16F9NO4","421.093561972","CCOC(=O)CNC(CC(=O)OCC)C(F)(F)C(F)(F)C(F)(F)C(F)(F)F"
"DTXSID00896086","1270179-93-5","KRVYEQXJBYQTOX-UHFFFAOYSA-N","C10H10F13NO2S","455.02246642","CCN(CC)S(=O)(=O)C(F)(F)C(F)(F)C(F)(F)C(F)(F)C(F)(F)C(F)(F)F"
"DTXSID00896102","156465-44-0","ZIIYMRHOENVDHP-UHFFFAOYSA-N","C5F10O3S","329.94084706","O=S1(=O)OC(F)(F)C1(F)C(F)(F)C(F)(F)C(F)(F)F"
"DTXSID00896107","1608112-35-1","IRBXNKVJFDBXNO-UHFFFAOYSA-N","C13H8F9N","349.051303236","Cn1c(C(F)(F)C(F)(F)C(F)(F)C(F)(F)F)cc2ccccc21"
"DTXSID00896122","145663-05-4","JHRCIENNXYHXBC-UHFFFAOYSA-N","C8H5F7N2O2","294.02392494","Cc1[nH]c(=O)[nH]c(=O)c1C(F)(F)C(F)(F)C(F)(F)F"
"DTXSID00896127","117750-26-2","LQBBBOUZXWMQFY-UHFFFAOYSA-N","C32H30F17NO","767.20559432","N#Cc1ccc(-c2ccc(OCCCCCCCCCCCC(F)(F)C(F)(F)C(F)(F)C(F)(F)C(F)(F)C(F)(F)C(F)(F)C(F)(F)F)cc2)cc1"
"DTXSID00896142","313366-93-7","IUSKDJJOYQLBDY-UHFFFAOYSA-N","C15H6F17NO","539.017793552","O=C(Nc1ccccc1)C(F)(F)C(F)(F)C(F)(F)C(F)(F)C(F)(F)C(F)(F)C(F)(F)C(F)(F)F"
"DTXSID00896147","76848-59-4","WIAOFRAJPPTYEE-UHFFFAOYSA-N","C12H4ClF13O2S","493.941294908","O=S(=O)(c1ccc(Cl)cc1)C(F)(F)C(F)(F)C(F)(F)C(F)(F)C(F)(F)C(F)(F)F"
"DTXSID00896162","71623-69-3","GEWCUVLRHIXPLH-UHFFFAOYSA-N","C10H7F9N2O2","358.036381444","COc1ncc(C(F)(F)C(F)(F)C(F)(F)C(F)(F)F)c(OC)n1"
"DTXSID00896167","73602-46-7","ISODSYQUAODSLH-UHFFFAOYSA-N","C15H12F17NO","545.064743744","O=C(NC1CCCCC1)C(F)(F)C(F)(F)C(F)(F)C(F)(F)C(F)(F)C(F)(F)C(F)(F)C(F)(F)F"
"DTXSID00896182","344282-15-1","QHWBQYJWYBHGBR-UHFFFAOYSA-N","C15H5F18NO","557.00837174","O=C(Nc1ccccc1F)C(F)(F)C(F)(F)C(F)(F)C(F)(F)C(F)(F)C(F)(F)C(F)(F)C(F)(F)F"
"DTXSID00896187","57338-64-4","XZNQZBAZHBPEEQ-UHFFFAOYSA-N","C17H6F26N4O2","792.007559152","Nc1nc(OCC(F)(F)C(F)(F)C(F)(F)C(F)(F)C(F)(F)C(F)(F)F)nc(OCC(F)(F)C(F)(F)C(F)(F)C(F)(F)C(F)(F)C(F)(F)F)n1"
"DTXSID00896203","445258-05-9","GIDNPWTXZXYTBY-UHFFFAOYSA-N","C16H11F13N2O","494.066379832","CCc1ccc(C=NNC(=O)C(F)(F)C(F)(F)C(F)(F)C(F)(F)C(F)(F)C(F)(F)F)cc1"
"DTXSID00896208","164796-44-5","ZVYZWOLDZMWXAQ-UHFFFAOYSA-N","C13H5F13N2O3","484.00925888","O=C(Nc1ccc([N+](=O)[O-])cc1)C(F)(F)C(F)(F)C(F)(F)C(F)(F)C(F)(F)C(F)(F)F"
"DTXSID00896223","748785-00-4","OXEFQYACCKRTBE-UHFFFAOYSA-N","C22H14F7NO","441.096361608","O=C(Nc1ccc(C(F)(F)C(F)(F)C(F)(F)F)cc1-c1ccccc1)c1ccccc1"
"DTXSID00896228","146304-76-9","FTSLLNVJWFPHQG-UHFFFAOYSA-N","C14H5F13N2O","464.01942964","FC(F)(F)C(F)(F)C(F)(F)C(F)(F)C(F)(F)C(F)(F)c1nc(-c2ccccc2)no1"
"DTXSID00896243","96146-02-0","WCNIPVACNGFZEZ-UHFFFAOYSA-N","C13H7F9N2O","378.041466824","Oc1cc(C(F)(F)C(F)(F)C(F)(F)C(F)(F)F)nn1-c1ccccc1"
"DTXSID00896248","1164461-08-8","KNTVPOWEBPJFKR-SOFGYWHQSA-N","C15H13F7N2O3","402.081439816","COc1cccc(C(=O)NN/C(C)=C/C(=O)C(F)(F)C(F)(F)C(F)(F)F)c1"
"DTXSID00896263","1428370-26-6","OSNHQRSDSSUDCW-UHFFFAOYSA-N","C12H7ClF9NO4S","466.964060364","CC(=O)Nc1ccc(OS(=O)(=O)C(F)(F)C(F)(F)C(F)(F)C(F)(F)F)cc1Cl"
"DTXSID00896268","546063-97-2","CEOUNYCXGKQTNL-UHFFFAOYSA-N","C16H15F7N2O3","416.09708988","O=C(N1CCN(Cc2ccc3c(c2)OCO3)CC1)C(F)(F)C(F)(F)C(F)(F)F"
"DTXSID00896283","351346-36-6","FVSATDQRASQLEK-UHFFFAOYSA-N","C14H9F7N6S","426.049762828","Cc1cc(C)nc(Sc2ccc3nnc(C(F)(F)C(F)(F)C(F)(F)F)n3n2)n1"
"DTXSID00896288","92589-42-9","YTOFLHPVWVZTSR-UHFFFAOYSA-N","C37H47ClF10N2O6","840.296297104","CCCCCCCCCCCCCCCOc1cccc(OC(CC)C(=O)Nc2cc(O)c(NC(=O)C(F)(F)C(F)(F)C(F)(F)F)cc2OC(F)(F)C(F)Cl)c1"
"DTXSID00896304","105774-97-8","KVLZYXPNBHIUMY-UPHRSURJSA-N","C5F9I","357.89010198","F/C(I)=C(/F)C(F)(C(F)(F)F)C(F)(F)F"
"DTXSID00896309","662-20-4","DEYAKVNIRRRJGO-UHFFFAOYSA-N","C4H2F7NO","213.002461224","NC(=O)C(F)(C(F)(F)F)C(F)(F)F"
"DTXSID00896324","242142-80-9","HDJVNLHEEQBBJS-UHFFFAOYSA-N","C13H4F23I","723.899047188","FC(F)(F)C(F)(C(F)(F)F)C(F)(F)C(F)(F)C(F)(F)C(F)(F)C(F)(F)C(F)(F)C(F)(F)C(F)(F)CCI"
"DTXSID00896329","81790-00-3","JEEJFXFTYPLCSR-UHFFFAOYSA-N","C6H3F7N2","236.018445636","FC(F)(F)C(F)(c1ncc[nH]1)C(F)(F)F"
"DTXSID00896344","82959-21-5","BEVYZLZJBYNEOB-UHFFFAOYSA-N","C11H7F7O","288.038512384","O=C(CC(F)(C(F)(F)F)C(F)(F)F)c1ccccc1"
"DTXSID00896349","58935-89-0","JPAVGZWMFGAFCC-UHFFFAOYSA-N","C10H8F15NO","443.036637176","NCC(O)CC(F)(F)C(F)(F)C(F)(F)C(F)(F)C(F)(C(F)(F)F)C(F)(F)F"
"DTXSID00896364","235772-91-5","LHQQPWDNJJTKPI-UHFFFAOYSA-N","C9F16O","427.96936614","O=C(C(F)=C(F)C(F)(C(F)(F)F)C(F)(F)F)C(F)(C(F)(F)F)C(F)(F)F"
"DTXSID00896369","136264-73-8","HVSWWIQGNBXLNG-UHFFFAOYSA-N","C10Cl3F11","433.88899346","Fc1c(F)c(C(F)(C(F)(F)F)C(F)(F)F)c(F)c(F)c1C(Cl)(Cl)Cl"
"DTXSID00896384","1262665-49-5","MAVMQOJBPKOBEB-UHFFFAOYSA-N","C10H5BrF9NO","404.94107986","Nc1c(Br)cc(C(F)(C(F)(F)F)C(F)(F)F)cc1OC(F)F"
"DTXSID00896389","1355553-97-7","BWHCIIWTBRIJMZ-UHFFFAOYSA-N","C12H9F7O2S","350.021148068","CSc1c(C(F)(C(F)(F)F)C(F)(F)F)ccc(C(=O)O)c1C"
"DTXSID00896400","1355554-16-3","CYBKWPNQAIVNCQ-UHFFFAOYSA-N","C15H15F7O2S","392.06809826","Cc1c(C(=O)O)ccc(C(F)(C(F)(F)F)C(F)(F)F)c1SC(C)(C)C"
"DTXSID00896405","1355554-68-5","DBHZHJRABYVYDT-UHFFFAOYSA-N","C15H15F7O2S","392.06809826","CCCSc1c(C(F)(C(F)(F)F)C(F)(F)F)ccc(C(=O)O)c1CC"
"DTXSID00896420","66432-83-5","IQHBQABYZVSJRR-UHFFFAOYSA-N","C17H7F17O3","582.012373824","COC(=O)c1ccc(OC(=C(C(F)(C(F)(F)F)C(F)(F)F)C(F)(C(F)(F)F)C(F)(F)F)C(F)(F)F)cc1"
"DTXSID00896425","1355554-39-0","OWMOEIOYKZKBPX-UHFFFAOYSA-N","C15H15F7O3S","408.06301288","Cc1c(C(=O)O)ccc(C(F)(C(F)(F)F)C(F)(F)F)c1S(=O)C(C)(C)C"
"DTXSID00896440","1355554-54-9","YBVHCEZVUUHBRF-UHFFFAOYSA-N","C15H15F7O4S","424.0579275","Cc1c(C(=O)O)ccc(C(F)(C(F)(F)F)C(F)(F)F)c1S(=O)(=O)CC(C)C"
"DTXSID00896445","1355554-97-0","MGDNOIZUFPTLFP-UHFFFAOYSA-N","C16H17F7O3S","422.078662944","CCCCS(=O)c1c(C(F)(C(F)(F)F)C(F)(F)F)ccc(C(=O)O)c1CC"
"DTXSID00896460","862133-15-1","HBHOXSNCXYUTMG-UHFFFAOYSA-N","C25H16ClF9N2O2","582.075659412","Cc1cc(C(F)(C(F)(F)F)C(F)(F)F)cc(C)c1NC(=O)c1cccc(NC(=O)c2ccc(F)cc2Cl)c1F"
"DTXSID00896465","862134-26-7","MWWUKIVQAYLTRT-UHFFFAOYSA-N","C26H18F10N2O2","580.120860016","Cc1cc(C(F)(C(F)(F)F)C(F)(F)F)cc(C)c1NC(=O)c1cccc(N(C)C(=O)c2ccc(F)cc2F)c1F"
"DTXSID00896480","1737-33-3","CHGCVCJWHFBIQY-UHFFFAOYSA-N","C8H3F15O","399.994438016","FC(F)C(F)(F)C(F)(F)C(F)(F)C(F)(F)C(F)(F)COC(F)(F)F"
"DTXSID00896485","722470-55-5","NYLOQLXZAVKZQM-UHFFFAOYSA-N","C13H10BrF5N2O3","415.97949538","CC1=NN(C(=O)c2ccc(Br)cc2)C(O)(C(F)(F)OC(F)(F)F)C1"
"DTXSID00896501","243128-40-7","PBCSXNBWNQQSMF-UHFFFAOYSA-N","C8H5F11O3","358.00630444","O=C(O)CCC(F)(OC(F)(F)C(F)(F)C(F)(F)F)C(F)(F)F"
"DTXSID00896506","183873-54-3","FOVHLTOENOSCBW-UHFFFAOYSA-N","C10H9F11O3","386.037604568","CC(C)COC(=O)C(F)(OC(F)(F)C(F)(F)C(F)(F)F)C(F)(F)F"
"DTXSID00896521","340034-61-9","FXZCUFFOPKNPDY-UHFFFAOYSA-N","C14H17F11O3","442.100204824","CCCCC(CC)COC(=O)C(F)(OC(F)(F)C(F)(F)C(F)(F)F)C(F)(F)F"
"DTXSID00896526","61098-01-9","CGVSQESGRSXVJM-UHFFFAOYSA-N","C22F46O6","1233.89603584","FC(F)(F)C(F)(F)C(F)(F)OC(F)(C(F)(F)F)C(F)(F)OC(F)(C(F)(F)F)C(F)(F)OC(F)(C(F)(F)F)C(F)(OC(F)(F)C(F)(OC(F)(F)C(F)(OC(F)(F)C(F)(F)C(F)(F)F)C(F)(F)F)C(F)(F)F)C(F)(F)F"
"DTXSID00896541","176702-74-2","MEEVEXZVBMARMB-UHFFFAOYSA-N","C13H10F17NO3","551.03892292","CCN(CC)C(=O)C(F)(OC(F)(F)C(F)(OC(F)(F)C(F)(F)C(F)(F)F)C(F)(F)F)C(F)(F)F"
"DTXSID00896546","145510-90-3","XOVAMVVSIWHBQI-UHFFFAOYSA-N","C15H11F17O4","578.038588572","O=C(OC1CCCCC1)C(F)(OC(F)(F)C(F)(OC(F)(F)C(F)(F)C(F)(F)F)C(F)(F)F)C(F)(F)F"
"DTXSID00896561","16031-04-2","QQZFVLFYMUODCG-UHFFFAOYSA-N","C5ClF10IO","427.8522725","FC(F)(F)C(F)(OC(F)(F)C(F)(Cl)I)C(F)(F)F"
"DTXSID00896566","93776-06-8","FEEORIGTDOMEJN-UHFFFAOYSA-N","C34H45F25O11","1104.25626776","COCCOCCOCCOCCOCCOCCOCCOCCOCCOCC(O)CC(F)(F)C(F)(F)C(F)(F)C(F)(F)C(F)(F)C(F)(F)C(F)(F)C(F)(F)C(F)(F)C(F)(F)C(F)(F)C(F)(F)F"
"DTXSID00896581","1882109-71-8","LMMJTWPCVVCSMX-UHFFFAOYSA-N","C8HF15O2","413.973702572","O=C(O)C(F)(C(F)(F)F)C(C(F)(F)F)(C(F)(F)F)C(F)(F)C(F)(F)F"
"DTXSID00896586","1882109-76-3","FGXQAZCGBWVETF-UHFFFAOYSA-N","C8HF15O2","413.973702572","O=C(O)C(F)(C(F)(F)C(F)(F)C(F)(F)F)C(F)(C(F)(F)F)C(F)(F)F"
"DTXSID00896602","1812247-17-8","RSKSDKSQFDVCFE-UHFFFAOYSA-N","C8HF15O2","413.973702572","O=C(O)C(C(F)(F)F)(C(F)(F)F)C(F)(F)C(F)(F)C(F)(F)C(F)(F)F"
"DTXSID00896607","13845-92-6","GLHFHOMOSBNTAR-UHFFFAOYSA-N","C5F8O2","243.977055","FC(F)=C(F)OC(F)(F)OC(F)=C(F)F"
"DTXSID00896622","133921-38-7","OOIOCQXPBHHQGB-UHFFFAOYSA-N","C19HF37O2","963.938573412","O=C(O)C(F)(F)C(F)(F)C(F)(F)C(F)(F)C(F)(F)C(F)(F)C(F)(F)C(F)(F)C(F)(F)C(F)(F)C(F)(F)C(F)(F)C(F)(F)C(F)(F)C(F)(F)C(F)(F)C(F)(F)C(F)(F)F"
"DTXSID00896627","21049-36-5","HSYXZPMOVCRLEQ-UHFFFAOYSA-M","C7F13KO2","401.93277778","O=C([O-])C(F)(F)C(F)(F)C(F)(F)C(F)(F)C(F)(F)C(F)(F)F.[K+]"
"DTXSID00896642","95091-35-3","SSRGSKSPRMHCLK-UHFFFAOYSA-M","C4F7KO2","251.94235846","O=C([O-])C(F)(C(F)(F)F)C(F)(F)F.[K+]"
"DTXSID00896647","67118-55-2","JEDKCJRGYITGMG-UHFFFAOYSA-M","C6F11KO3","367.93088596","O=C([O-])C(F)(OC(F)(F)C(F)(F)C(F)(F)F)C(F)(F)F.[K+]"
"DTXSID00896662","131294-67-2","VSDPIAWMPOHVMW-AATRIKPKSA-N","C10H11F9","302.071704332","CCCC/C=C/C(F)(F)C(F)(F)C(F)(F)C(F)(F)F"
"DTXSID00896667","83706-96-1","PJZRJKWUZCHGGW-OWOJBTEDSA-N","C7H5F9O","276.01966876","OC/C=C/C(F)(F)C(F)(F)C(F)(F)C(F)(F)F"
"DTXSID00896682","56184-40-8","CNVIZYKCNXLGGZ-UPHRSURJSA-N","C10F19I","607.87413418","F/C(I)=C(/F)C(F)(F)C(F)(F)C(F)(F)C(F)(F)C(F)(F)C(F)(F)C(F)(F)C(F)(F)F"
"DTXSID00896687","51249-68-4","JISMRVMIFFWXIX-OWOJBTEDSA-N","C16H2F30","763.967746664","FC(F)(F)C(F)(F)C(F)(F)C(F)(F)C(F)(F)C(F)(F)/C=C/C(F)(F)C(F)(F)C(F)(F)C(F)(F)C(F)(F)C(F)(F)C(F)(F)C(F)(F)F"
"DTXSID00896703","147290-12-8","DKOGAQUJJHTCEE-UHFFFAOYSA-N","C14H6F25O3P","727.965536182","O=P(O)(O)CCC(F)(F)C(F)(F)C(F)(F)C(F)(F)C(F)(F)C(F)(F)C(F)(F)C(F)(F)C(F)(F)C(F)(F)C(F)(F)C(F)(F)F"
"DTXSID00896708","854095-13-9","IUUVQAYNLGBYHS-UHFFFAOYSA-N","C16H14F21O3P","684.034523558","CCOP(=O)(CCC(F)(F)C(F)(F)C(F)(F)C(F)(F)C(F)(F)C(F)(F)C(F)(F)C(F)(F)C(F)(F)C(F)(F)F)OCC"
"DTXSID00896723","267648-90-8","QJNFXQRNAOKHEU-UHFFFAOYSA-N","C19H11F9S","442.043775332","FC(F)(F)C(F)(F)C(F)(F)C(F)(F)C1SC2c3ccccc3C1c1ccccc12"
"DTXSID00896728","518358-34-4","RPEOQCBWVUKKRF-UHFFFAOYSA-N","C20H3F25NP","762.960391226","Fc1c(F)c(F)c(P(NCC(F)(F)C(F)(F)C(F)(F)C(F)(F)C(F)(F)C(F)(F)C(F)(F)F)c2c(F)c(F)c(F)c(F)c2F)c(F)c1F"
"DTXSID00896743","134330-91-9","LHQQPWDNJJTKPI-OWOJBTEDSA-N","C9F16O","427.96936614","O=C(/C(F)=C(\F)C(F)(C(F)(F)F)C(F)(F)F)C(F)(C(F)(F)F)C(F)(F)F"
"DTXSID00896748","115783-72-7","HMHOHHNZGMYVFY-UHFFFAOYSA-N","C8Br2F16O2","589.80095496","FC(F)(F)C(F)(F)C(F)(F)OC(F)(C(F)(F)F)C(F)(F)OC(F)(Br)C(F)(F)Br"
"DTXSID00896824","1026739-75-2","JHDDOTOJUMBYKS-UHFFFAOYSA-N","C9H4F14O3","425.993689068","O=C(OCC(F)(F)C(F)(F)C(F)(F)F)OCC(F)(F)C(F)(F)C(F)(F)F"
"DTXSID00896965","41006-41-1","NZTIKPWWXCHFQI-UHFFFAOYSA-N","C4ClF9OS","301.92146728","O=S(Cl)C(F)(F)C(F)(F)C(F)(F)C(F)(F)F"
"DTXSID00896980","327176-80-7","VHKGZTFLSZRKOS-UHFFFAOYSA-N","C15H16F17NO2","565.090958492","CC[NH+](CC)CC.O=C([O-])C(F)(F)C(F)(F)C(F)(F)C(F)(F)C(F)(F)C(F)(F)C(F)(F)C(F)(F)F"
"DTXSID00896985","2/05/3108","TYWLMXXVTNXETF-UHFFFAOYSA-N","C8H8F7IO2","395.945725036","CC(=O)OCC(I)CC(F)(F)C(F)(F)C(F)(F)F"
"DTXSID00897013","1887067-55-1","KYIISKPQNCJEAU-UHFFFAOYSA-N","C18H12F27O4P","836.004207434","O=P(OCCC(F)(F)C(F)(F)C(F)(F)C(F)(F)F)(OCCC(F)(F)C(F)(F)C(F)(F)C(F)(F)F)OCCC(F)(F)C(F)(F)C(F)(F)C(F)(F)F"
"DTXSID00897018","149981-59-9","FLHPCAVTMZPEEL-UHFFFAOYSA-N","C11H8F14N2O2","466.036222576","O=C(NCCCNC(=O)C(F)(F)C(F)(F)C(F)(F)F)C(F)(F)C(F)(F)C(F)(F)F"
"DTXSID00897033","582-00-3","FJLOSCMSQHIRBF-UHFFFAOYSA-N","C14H8F7NO","339.049411416","O=C(Nc1ccc2ccccc2c1)C(F)(F)C(F)(F)C(F)(F)F"
"DTXSID00897093","902456-09-1","ISTSQSORQULSAL-NEBJRPIFSA-N","C50H52F17N4O8P","1190.325130994","COc1ccc(C(OC[C@H]2O[C@@H](n3cc(C)c(=O)[nH]c3=O)C[C@@H]2OP(OCCC#N)N(C(C)C)C(C)C)(c2ccc(CCC(F)(F)C(F)(F)C(F)(F)C(F)(F)C(F)(F)C(F)(F)C(F)(F)C(F)(F)F)cc2)c2ccc(OC)cc2)cc1"
"DTXSID00897098","88434-83-7","SNKIMEDNKDQKAP-UUEFVBAFSA-N","C12H16F7NO5","387.091670152","CCCCOC(O)[C@H](CC(=O)O)NC(=O)C(F)(F)C(F)(F)C(F)(F)F"
"DTXSID00897154","88435-87-4","FYWCNWDCUWMVFO-RXMQYKEDSA-N","C11H12F7NO5","371.060370024","CCOC(=O)[C@@H](CCC(=O)O)NC(=O)C(F)(F)C(F)(F)C(F)(F)F"
"DTXSID00897295","17978-75-5","DVVPWGWHENFRIG-VNGPFPIXSA-K","C30H30ErF21O6","1051.1009994","CC(C)(C)/C([O-])=C/C(=O)C(F)(F)C(F)(F)C(F)(F)F.CC(C)(C)/C([O-])=C/C(=O)C(F)(F)C(F)(F)C(F)(F)F.CC(C)(C)/C([O-])=C/C(=O)C(F)(F)C(F)(F)C(F)(F)F.[Er+3]"
"DTXSID00897472","124232-75-3","FMMYORNQKAYREA-UHFFFAOYSA-N","C21H12F14N2O2","590.067522704","O=C(Nc1ccc(Cc2ccc(NC(=O)C(F)(F)C(F)(F)C(F)(F)F)cc2)cc1)C(F)(F)C(F)(F)C(F)(F)F"
"DTXSID00897477","120623-45-2","SKCZEAZINGMGHC-KOVVAJLHSA-N","C25H31F7O3Si","540.193068922","C[C@]12CC[C@@H]3c4ccc(O[Si](C)(C)C)cc4CC[C@H]3[C@@H]1CC[C@@H]2OC(=O)C(F)(F)C(F)(F)C(F)(F)F"
"DTXSID00897492","103229-77-2","ZDDYAQBRMKIGMY-OWOJBTEDSA-N","C6F10O","277.97894682","O=C(F)/C(F)=C(\F)C(F)(C(F)(F)F)C(F)(F)F"
"DTXSID00897497","240129-42-4","QWJXJQBUJMOZHY-LFYMXAFLSA-N","C27H39F7O2","528.283828028","CC(CCCC(F)(C(F)(F)F)C(F)(F)F)[C@H]1CC[C@H]2[C@@H]3[C@@H](O)C=C4C[C@@H](O)CC[C@]4(C)[C@H]3CC[C@]12C"
"DTXSID00897513","937038-66-9","VNYLKYHGXJNTML-UHFFFAOYSA-N","C12BF28K","725.92830224","F[B-](F)(C(F)(F)C(F)(F)C(F)(F)C(F)(F)C(F)(F)C(F)(F)F)C(F)(F)C(F)(F)C(F)(F)C(F)(F)C(F)(F)C(F)(F)F.[K+]"
"DTXSID00897518","106065-05-8","AFXHAJXBZYXHDO-UHFFFAOYSA-N","C10CrF9NO5","436.90433",NA
"DTXSID00897538","37338-48-0","-","-","-",NA
"DTXSID00897553","63225-56-9","KNDITIWLOWMIIQ-UHFFFAOYSA-N","C8H8F13NO4S","460.996645596","O=S(=O)([O-])OCCC(F)(F)C(F)(F)C(F)(F)C(F)(F)C(F)(F)C(F)(F)F.[NH4+]"
"DTXSID00897558","115340-96-0","-","-","-",NA
"DTXSID00897593","154946-65-3","-","-","-",NA
"DTXSID00897598","374928-93-5","-","-","-",NA
"DTXSID00897614","65605-60-9","-","-","-",NA
"DTXSID00897619","333784-46-6","-","-","-",NA
"DTXSID00897634","161212-20-0","-","-","-",NA
"DTXSID00897639","1334473-84-5","-","-","-",NA
"DTXSID00897654","1645850-46-9","-","-","-",NA
"DTXSID00897659","161308-24-3","-","-","-",NA
"DTXSID00897674","161308-20-9","-","-","-",NA
"DTXSID00897679","161308-21-0","-","-","-",NA
"DTXSID00897694","161212-23-3","-","-","-",NA
"DTXSID00897699","161212-12-0","-","-","-",NA
"DTXSID00897710","1708962-19-9","-","-","-",NA
"DTXSID00897715","548479-70-5","-","-","-",NA
"DTXSID0094104","25120-52-9","-","-","-",NA
"DTXSID0098007","68391-09-3","-","-","-",NA
"DTXSID10106921","156559-18-1","-","-","-",NA
"DTXSID10107372","193635-71-1","-","-","-",NA
"DTXSID10108081","274918-10-4","-","-","-",NA
"DTXSID10108324","878545-84-7","-","-","-",NA
"DTXSID10108728","57570-64-6","-","-","-",NA
"DTXSID10160684","13846-22-5","KGJWCQOEERZJMB-UHFFFAOYSA-N","C7F12O2","343.97066788","FC(F)=C(F)OC(F)(F)C(F)(F)C(F)(F)OC(F)=C(F)F"
"DTXSID10171538","1841-46-9","XAENZTGUQXVFPQ-UHFFFAOYSA-N","C13H8F16O2","500.026881016","C=C(C)C(=O)OCC(F)(F)C(F)(F)C(F)(F)C(F)(F)C(F)(F)C(F)(F)C(F)(F)C(F)F"
"DTXSID10184724","307-33-5","SYVYTZLRTMPUCD-UHFFFAOYSA-N","C8ClF17","453.94170742","FC(F)(F)C(F)(F)C(F)(F)C(F)(F)C(F)(F)C(F)(F)C(F)(F)C(F)(F)Cl"
"DTXSID10184729","307-87-9","BZYSOYLWVDQYMZ-UHFFFAOYSA-N","C12H5F17O2","504.00180914","C=CC(=O)OCC(F)(F)C(F)(F)C(F)(F)C(F)(F)C(F)(F)C(F)(F)C(F)(F)C(F)(F)F"
"DTXSID10185115","31185-69-0","AORZBMCWTIRHFH-UHFFFAOYSA-N","C8H3F15O2","415.989352636","OC(O)C(F)(F)C(F)(F)C(F)(F)C(F)(F)C(F)(F)C(F)(F)C(F)(F)F"
"DTXSID10187139","335-10-4","YJDMCDWHXOSSHI-UHFFFAOYSA-N","C4HF7O2","213.986476812","O=C(O)C(F)(C(F)(F)F)C(F)(F)F"
"DTXSID10190840","374-99-2","WBGBQSRNXPVFDB-UHFFFAOYSA-N","C4H4F7N","199.023196668","NCC(F)(F)C(F)(F)C(F)(F)F"
"DTXSID10190946","375-02-0","IQJZGNJYXIIMGP-UHFFFAOYSA-N","C4HF7O","197.991562192","O=CC(F)(F)C(F)(F)C(F)(F)F"
"DTXSID10191034","376-22-7","UAFOIVDGAVVKTE-UHFFFAOYSA-N","C9F18","449.97125796","FC(F)=C(F)C(F)(F)C(F)(F)C(F)(F)C(F)(F)C(F)(F)C(F)(F)C(F)(F)F"
"DTXSID10191039","376-77-2","PWMJXZJISGDARB-UHFFFAOYSA-N","C5F10","249.9840322","FC1(F)C(F)(F)C(F)(F)C(F)(F)C1(F)F"
"DTXSID10191135","377-00-4","NLGMQMZUOBUPCW-UHFFFAOYSA-N","C5H2F7NO","225.002461224","O=C=NCC(F)(F)C(F)(F)C(F)(F)F"
"DTXSID10191317","37881-62-2","FDGCJTUAVVJFMB-UHFFFAOYSA-N","C6F10O2","293.97386144","O=C(F)C(F)(F)C(F)(F)C(F)(F)C(F)(F)C(=O)F"
"DTXSID10192889","39823-55-7","JRJHYWMITKGGTN-UHFFFAOYSA-N","C24F49I","1345.82623078","FC(F)(F)C(F)(F)C(F)(F)C(F)(F)C(F)(F)C(F)(F)C(F)(F)C(F)(F)C(F)(F)C(F)(F)C(F)(F)C(F)(F)C(F)(F)C(F)(F)C(F)(F)C(F)(F)C(F)(F)C(F)(F)C(F)(F)C(F)(F)C(F)(F)C(F)(F)C(F)(F)C(F)(F)I"
"DTXSID10193639","40630-61-3","SSTHBHCRNGPPAI-UHFFFAOYSA-N","C12H10F17NO4S","587.00590854","O=S(=O)(N(CCO)CCO)C(F)(F)C(F)(F)C(F)(F)C(F)(F)C(F)(F)C(F)(F)C(F)(F)C(F)(F)F"
"DTXSID10204138","55591-23-6","DVRQSALCLMEVIH-UHFFFAOYSA-N","C6ClF13O2S","417.90999478","O=S(=O)(Cl)C(F)(F)C(F)(F)C(F)(F)C(F)(F)C(F)(F)C(F)(F)F"
"DTXSID10205721","57101-59-4","RTAZGRONMASOMW-UHFFFAOYSA-N","C30F57N3","1484.91820554","FC(F)(F)C(F)(F)C(F)(F)C(F)(F)C(F)(F)C(F)(F)C(F)(F)C(F)(F)C(F)(F)c1nc(C(F)(F)C(F)(F)C(F)(F)C(F)(F)C(F)(F)C(F)(F)C(F)(F)C(F)(F)C(F)(F)F)nc(C(F)(F)C(F)(F)C(F)(F)C(F)(F)C(F)(F)C(F)(F)C(F)(F)C(F)(F)C(F)(F)F)n1"
"DTXSID10206379","57678-00-9","YOGVMPHDBJJLTR-UHFFFAOYSA-N","C32H20F50NO6P","1495.02298499","O=P([O-])(OCCC(F)(F)C(F)(F)C(F)(F)C(F)(F)C(F)(F)C(F)(F)C(F)(F)C(F)(F)C(F)(F)C(F)(F)C(F)(F)C(F)(F)F)OCCC(F)(F)C(F)(F)C(F)(F)C(F)(F)C(F)(F)C(F)(F)C(F)(F)C(F)(F)C(F)(F)C(F)(F)C(F)(F)C(F)(F)F.OCC[NH2+]CCO"
"DTXSID10225601","74612-30-9","JHCJWHBMXWOYDE-UHFFFAOYSA-N","C12H10ClF17Si","539.99688427","C[Si](C)(Cl)CCC(F)(F)C(F)(F)C(F)(F)C(F)(F)C(F)(F)C(F)(F)C(F)(F)C(F)(F)F"
"DTXSID10226012","75042-07-8","ARASDBXKTNNGSC-UHFFFAOYSA-N","C20H10F14N2O2","576.05187264","O=C(Nc1ccc(-c2ccc(NC(=O)C(F)(F)C(F)(F)C(F)(F)F)cc2)cc1)C(F)(F)C(F)(F)C(F)(F)F"
"DTXSID10232971","84100-13-0","QAFBNSWDAGQWLF-UHFFFAOYSA-N","C7H3F11","296.005910516","C=CC(F)(F)C(F)(F)C(F)(F)C(F)(F)C(F)(F)F"
"DTXSID10240839","94158-63-1","QOFPQLOFSZXYPY-UHFFFAOYSA-N","C22H7F35O2","967.988717164","C=CC(=O)OCCC(F)(F)C(F)(F)C(F)(F)C(F)(F)C(F)(F)C(F)(F)C(F)(F)C(F)(F)C(F)(F)C(F)(F)C(F)(F)C(F)(F)C(F)(F)C(F)(F)C(F)(C(F)(F)F)C(F)(F)F"
"DTXSID10241124","94231-57-9","FPBNSCOPAZCJAV-UHFFFAOYSA-N","C14H5F21O2","603.99542202","C=CC(=O)OCC(F)(F)C(F)(F)C(F)(F)C(F)(F)C(F)(F)C(F)(F)C(F)(F)C(F)(F)C(F)(F)C(F)(F)F"
"DTXSID10241205","94237-07-7","ODHLIRVOARWQJW-UHFFFAOYSA-N","C17H31F13O3Si4","642.114267832","C[Si](C)(C)O[Si](CCC(F)(F)C(F)(F)C(F)(F)C(F)(F)C(F)(F)C(F)(F)F)(O[Si](C)(C)C)O[Si](C)(C)C"
"DTXSID10285765","425-21-8","OTTCSFSJPPWLBV-UHFFFAOYSA-N","C7H9F7O","242.054162448","CCCC(O)C(F)(F)C(F)(F)C(F)(F)F"
"DTXSID10293289","4314-49-2","MZLYKMPRNWAFSI-UHFFFAOYSA-N","C5HF7N2O2","253.992624812","O=c1nc(C(F)(F)C(F)(F)C(F)(F)F)[nH]o1"
"DTXSID10325413","86273-64-5","ZZYRMCDLVWNXGP-UHFFFAOYSA-N","C10H6F14N2O2","452.020572512","O=C(NCCNC(=O)C(F)(F)C(F)(F)C(F)(F)F)C(F)(F)C(F)(F)C(F)(F)F"
"DTXSID1032646","4151-50-2","CCEKAJIANROZEO-UHFFFAOYSA-N","C10H6F17NO2S","526.984779172","CCNS(=O)(=O)C(F)(F)C(F)(F)C(F)(F)C(F)(F)C(F)(F)C(F)(F)C(F)(F)C(F)(F)F"
"DTXSID10335698","13038-26-1","OSDPSOBLGQUCQX-UHFFFAOYSA-N","C6H3F9O2","277.998933316","COC(=O)C(F)(F)C(F)(F)C(F)(F)C(F)(F)F"
"DTXSID10336766","111918-97-9","UVEQCEJZVJUIQQ-UHFFFAOYSA-N","C24H33F15O2","638.224103596","CCCCCCCCCCCCCCCC(=O)OCC(F)(F)C(F)(F)C(F)(F)C(F)(F)C(F)(F)C(F)(F)C(F)(F)F"
"DTXSID10336882","2994-16-3","FBFAFFNIDITULK-UHFFFAOYSA-N","C14H21F7O2","354.142977452","CCCCCCCCCCOC(=O)C(F)(F)C(F)(F)C(F)(F)F"
"DTXSID10336923","400-57-7","ABJHYFXBHBSPMK-UHFFFAOYSA-N","C22H37F7O2","466.268177964","CCCCCCCCCCCCCCCCCCOC(=O)C(F)(F)C(F)(F)C(F)(F)F"
"DTXSID10338588","107650-06-6","DAHZCNRVTNHGGR-UHFFFAOYSA-N","C9H7F13O2","394.023846324","OCC(O)CC(F)(F)C(F)(F)C(F)(F)C(F)(F)C(F)(F)C(F)(F)F"
"DTXSID10344962","126681-21-8","WSFZYWPCOFAVSE-UHFFFAOYSA-N","C8H2F13I","471.899364924","FC(F)(F)C(F)(F)C(F)(F)C(C=CI)(C(F)(F)F)C(F)(F)F"
"DTXSID10346749","92835-82-0","AAIXLNBYXIVUKR-UHFFFAOYSA-N","C6H4F7IO","351.919510288","OCC(I)=CC(F)(F)C(F)(F)C(F)(F)F"
"DTXSID10370988","15242-17-8","FXUHCQHWDACOKK-UHFFFAOYSA-N","C6H5F7O","226.02286232","C=CCOC(F)(C(F)(F)F)C(F)(F)F"
"DTXSID10371374","674786-75-5","ZXPKQENNVJKVQL-UHFFFAOYSA-N","C20H17F17O6","676.075368004","CCOC(=O)CC1(C(=O)OCC)CC(CC(F)(F)C(F)(F)C(F)(F)C(F)(F)C(F)(F)C(F)(F)C(F)(F)C(F)(F)F)OC1=O"
"DTXSID1037303","375-85-9","ZWBAMYVPMDSJGQ-UHFFFAOYSA-N","C7HF13O2","363.976896132","O=C(O)C(F)(F)C(F)(F)C(F)(F)C(F)(F)C(F)(F)C(F)(F)F"
"DTXSID10375110","1/03/2264","QKYNDPROJKKCEU-UHFFFAOYSA-N","C15F32","787.94890304","FC(F)(F)C(F)(F)C(F)(F)C(F)(F)C(F)(F)C(F)(F)C(F)(F)C(F)(F)C(F)(F)C(F)(F)C(F)(F)C(F)(F)C(F)(F)C(F)(F)C(F)(F)F"
"DTXSID10379254","1765-92-0","YXNWXQYDINSHJC-UHFFFAOYSA-N","C6H5F7O","226.02286232","FC(F)(F)C(F)(F)C(F)(F)CC1CO1"
"DTXSID10379274","4316-00-1","MPDWEHWICQEPCD-UHFFFAOYSA-N","C9H10F7I","377.97154586","FC(F)(F)C(F)(C1CCCCC1I)C(F)(F)F"
"DTXSID10379279","57325-40-3","DZBBLQUHQSLWOV-UHFFFAOYSA-N","C9H11F7","252.074897892","CCCCC=CC(F)(F)C(F)(F)C(F)(F)F"
"DTXSID10379294","107432-46-2","WXGLHUFWWLOFCN-UHFFFAOYSA-N","C5F11IO","411.88182304","FC(F)(F)C(F)(I)OC(F)(F)C(F)(F)C(F)(F)F"
"DTXSID10379310","54052-90-3","LMVLEDTVXAGBJV-UHFFFAOYSA-N","C7H6F6O2","236.027198752","C=CC(=O)OCC(F)(F)C(F)C(F)(F)F"
"DTXSID10379719","336-06-1","NGSYNEZFBAPQFK-UHFFFAOYSA-N","C6Cl2F8O2","325.91476036","O=C(Cl)C(F)(F)C(F)(F)C(F)(F)C(F)(F)C(=O)Cl"
"DTXSID10379779","97571-69-2","CAKZCCWLOCDNJK-UHFFFAOYSA-N","C10F20O5","579.9426375","FC1(F)OC(F)(F)C(F)(F)OC(F)(F)C(F)(F)OC(F)(F)C(F)(F)OC(F)(F)C(F)(F)OC1(F)F"
"DTXSID10379810","232587-50-7","ZVOWIXGGKDLFPF-UHFFFAOYSA-N","C10H3F19O","499.988050896","OCC(F)(F)C(F)(C(F)(F)F)C(F)(F)C(F)(F)C(F)(F)C(F)(C(F)(F)F)C(F)(F)F"
"DTXSID10379815","400626-82-6","KJWVJLNGXBWWIH-UHFFFAOYSA-N","C11F22O","565.95978546","FC(F)(F)C(F)(F)C(F)(F)OC1(F)C(F)(F)C(F)(F)C(F)(F)C(F)(C(F)(F)C(F)(F)F)C1(F)F"
"DTXSID10379835","423-49-4","RWJCANHSJXNRDM-UHFFFAOYSA-N","C7H4F13N","349.013615988","NCC(F)(F)C(F)(F)C(F)(F)C(F)(F)C(F)(F)C(F)(F)F"
"DTXSID10379855","120464-27-9","UFXJXRIUXCGTRG-UHFFFAOYSA-N","C16H19F13","458.127917468","CCCCCCCCC=CC(F)(F)C(F)(F)C(F)(F)C(F)(F)C(F)(F)C(F)(F)F"
"DTXSID10379870","129257-23-4","YGVRSXJNRYYOAC-UHFFFAOYSA-N","C10H5F13N2","400.02451502","Cc1cc(C(F)(F)C(F)(F)C(F)(F)C(F)(F)C(F)(F)C(F)(F)F)n[nH]1"
"DTXSID10379911","88752-37-8","WNVNMSONKCMAPU-UHFFFAOYSA-N","C16H11F19O3","612.040480392","C=C(C)C(=O)OCC(O)CC(F)(F)C(F)(F)C(F)(F)C(F)(F)C(F)(F)C(F)(F)C(F)(C(F)(F)F)C(F)(F)F"
"DTXSID10379931","558-96-3","OWIAIPIQXHPUHV-UHFFFAOYSA-N","C9BrF19","547.88799828","FC(F)(F)C(F)(F)C(F)(F)C(F)(F)C(F)(F)C(F)(F)C(F)(F)C(F)(F)C(F)(F)Br"
"DTXSID10379991","1651-41-8","FQTWAKFTSLUFFS-UHFFFAOYSA-N","C11H7F17O","478.022544584","OCCCC(F)(F)C(F)(F)C(F)(F)C(F)(F)C(F)(F)C(F)(F)C(F)(F)C(F)(F)F"
"DTXSID10380022","1766-41-2","AXFFGMPNSZVEDX-UHFFFAOYSA-N","C24F50","1237.920161","FC(F)(F)C(F)(F)C(F)(F)C(F)(F)C(F)(F)C(F)(F)C(F)(F)C(F)(F)C(F)(F)C(F)(F)C(F)(F)C(F)(F)C(F)(F)C(F)(F)C(F)(F)C(F)(F)C(F)(F)C(F)(F)C(F)(F)C(F)(F)C(F)(F)C(F)(F)C(F)(F)C(F)(F)F"
"DTXSID10381190","678-32-0","HSLSYHFNCGWUKN-UHFFFAOYSA-N","C7Br2F14","507.81431928","FC(F)(F)C(F)(F)C(F)(F)C(F)(F)C(F)(F)C(F)(Br)C(F)(F)Br"
"DTXSID10381978","154628-00-9","BREOHRVZEZMFOB-UHFFFAOYSA-N","C20H29F13","516.206167788","CCCCCCCCCCCCCCC(F)(F)C(F)(F)C(F)(F)C(F)(F)C(F)(F)C(F)(F)F"
"DTXSID10381993","55003-96-8","KTDHXHZTHVKJGC-UHFFFAOYSA-N","C20H10F26O4","808.01639252","O=C(C=CC(=O)OCCC(F)(F)C(F)(F)C(F)(F)C(F)(F)C(F)(F)C(F)(F)F)OCCC(F)(F)C(F)(F)C(F)(F)C(F)(F)C(F)(F)C(F)(F)F"
"DTXSID10382142","1561-52-0","AWVOEAIUILBLRE-UHFFFAOYSA-N","C3F7IO","311.88821016","FC(F)(F)OC(F)(F)C(F)(F)I"
"DTXSID10382147","125070-38-4","FAQXMAJQQVDRQM-UHFFFAOYSA-N","C7H7F9O2","294.030233444","OCC(O)CC(F)(F)C(F)(F)C(F)(F)C(F)(F)F"
"DTXSID10382162","141522-69-2","BMPCOBJGKAQEOM-UHFFFAOYSA-N","C17H7F17O2","566.017459204","O=C(CC(=O)C(F)(F)C(F)(F)C(F)(F)C(F)(F)C(F)(F)C(F)(F)C(F)(F)C(F)(F)F)c1ccccc1"
"DTXSID10382167","72848-57-8","KLAVPNKIYBZAOK-UHFFFAOYSA-N","C6ClF11O2","347.94111734","O=C(Cl)C(F)(OC(F)(F)C(F)(F)C(F)(F)F)C(F)(F)F"
"DTXSID10382501","171198-24-6","HWGNHDXQPMGZNI-UHFFFAOYSA-M","C7CsF13O2","495.874523","O=C([O-])C(F)(F)C(F)(F)C(F)(F)C(F)(F)C(F)(F)C(F)(F)F.[Cs+]"
"DTXSID10392660","83766-52-3","ZQTZVMUNYIDMJV-UHFFFAOYSA-N","C14H6F17N","511.022878932","Nc1ccc(C(F)(F)C(F)(F)C(F)(F)C(F)(F)C(F)(F)C(F)(F)C(F)(F)C(F)(F)F)cc1"
"DTXSID10395919","2262-49-9","JBUOTOPAJZUSGM-UHFFFAOYSA-N","C14H14F17NO4S","615.037208668","CCCN(CC(O)CO)S(=O)(=O)C(F)(F)C(F)(F)C(F)(F)C(F)(F)C(F)(F)C(F)(F)C(F)(F)C(F)(F)F"
"DTXSID10402617","61881-15-0","OUULXEWNDSSVGI-UHFFFAOYSA-N","C11H10F13NO","419.0554808","CCN(CC)C(=O)C(F)(F)C(F)(F)C(F)(F)C(F)(F)C(F)(F)C(F)(F)F"
"DTXSID10404732","325459-92-5","MTUBRWIMDWTZST-UHFFFAOYSA-N","C48H24F51P","1600.080126618","FC(F)(F)C(F)(F)C(F)(F)C(F)(F)C(F)(F)C(F)(F)C(F)(F)C(F)(F)CCc1ccc(P(c2ccc(CCC(F)(F)C(F)(F)C(F)(F)C(F)(F)C(F)(F)C(F)(F)C(F)(F)C(F)(F)F)cc2)c2ccc(CCC(F)(F)C(F)(F)C(F)(F)C(F)(F)C(F)(F)C(F)(F)C(F)(F)C(F)(F)F)cc2)cc1"
"DTXSID10420770","24120-18-1","PCINQRFLHHIVBS-OWOJBTEDSA-N","C20H6F30O4","879.978705272","O=C(/C=C/C(=O)OCC(F)(F)C(F)(F)C(F)(F)C(F)(F)C(F)(F)C(F)(F)C(F)(F)F)OCC(F)(F)C(F)(F)C(F)(F)C(F)(F)C(F)(F)C(F)(F)C(F)(F)F"
"DTXSID10437924","147274-18-8","UAEMJXPBHSWBQB-UHFFFAOYSA-N","C10H9F13O2","408.039496388","OCC(O)CCC(F)(F)C(F)(F)C(F)(F)C(F)(F)C(F)(F)C(F)(F)F"
"DTXSID10442957","322647-83-6","JKFFEJFWOMHYDX-UHFFFAOYSA-N","C32H17F26P","926.065270894","FC(F)(F)C(F)(F)C(F)(F)C(Cc1ccc(P(c2ccccc2)c2ccc(CC(C(F)(F)F)(C(F)(F)F)C(F)(F)C(F)(F)C(F)(F)F)cc2)cc1)(C(F)(F)F)C(F)(F)F"
"DTXSID10456372","58671-28-6","RXUXOXUTRBXSOE-UHFFFAOYSA-N","C8H3F9N2O2","330.005081316","O=c1[nH]cc(C(F)(F)C(F)(F)C(F)(F)C(F)(F)F)c(=O)[nH]1"
"DTXSID10461880","1005-73-8","FHQKLIHFKVAEEP-UHFFFAOYSA-N","C5H2F6","176.006069384","FC1(F)C=CC(F)(F)C1(F)F"
"DTXSID1047029","306-91-2","QKENRHXGDUPTEM-UHFFFAOYSA-N","C14F24","623.96167728","FC1(F)C(F)(F)C(F)(F)C2(F)C(F)(C1(F)F)C(F)(F)C(F)(F)C1(F)C(F)(F)C(F)(F)C(F)(F)C(F)(F)C12F"
"DTXSID10471560","64435-67-2","CZWWAAJCRNYGSO-UHFFFAOYSA-N","C11H6F13N","399.029266052","Cn1cccc1C(F)(F)C(F)(F)C(F)(F)C(F)(F)C(F)(F)C(F)(F)F"
"DTXSID1047578","2043-55-2","CXHFIVFPHDGZIS-UHFFFAOYSA-N","C6H4F9I","373.921402108","FC(F)(F)C(F)(F)C(F)(F)C(F)(F)CCI"
"DTXSID10508547","1526-49-4","UXPOTXZXGAMKLV-UHFFFAOYSA-N","C6H5F7O2","242.01777694","CCOC(=O)C(F)(C(F)(F)F)C(F)(F)F"
"DTXSID10520385","67036-08-2","JLQHDTDAQBOUBB-UHFFFAOYSA-N","C12H5F7O","298.02286232","O=C(C#Cc1ccccc1)C(F)(F)C(F)(F)C(F)(F)F"
"DTXSID10534164","92746-93-5","OSZDQCXIGLZJLU-UHFFFAOYSA-N","C11H5F17O3","507.99672376","O=C(OCCO)C(F)(F)C(F)(F)C(F)(F)C(F)(F)C(F)(F)C(F)(F)C(F)(F)C(F)(F)F"
"DTXSID10542188","58431-34-8","SCKQHGHUQPSXRW-UHFFFAOYSA-N","C12F27OP","703.92556319","O=P(C(F)(F)C(F)(F)C(F)(F)C(F)(F)F)(C(F)(F)C(F)(F)C(F)(F)C(F)(F)F)C(F)(F)C(F)(F)C(F)(F)C(F)(F)F"
"DTXSID10548701","32687-76-6","RWRPNOCBTYVGOR-UHFFFAOYSA-N","C14H2F24O4","689.956985824","O=C(OOC(=O)C(F)(F)C(F)(F)C(F)(F)C(F)(F)C(F)(F)C(F)F)C(F)(F)C(F)(F)C(F)(F)C(F)(F)C(F)(F)C(F)F"
"DTXSID10551730","1545-59-1","IGLKFKBLLGNRCU-UHFFFAOYSA-N","C13H5F23O","613.99731384","OCCC(F)(F)C(F)(F)C(F)(F)C(F)(F)C(F)(F)C(F)(F)C(F)(F)C(F)(F)C(F)(F)C(F)(F)C(F)(F)F"
"DTXSID10553693","65240-03-1","KOMNASVXVBACPE-UHFFFAOYSA-N","C10H5F7O3","306.01269156","O=C(c1ccc(O)cc1O)C(F)(F)C(F)(F)C(F)(F)F"
"DTXSID10555314","119403-54-2","IHKGKJQHIIWIAQ-UHFFFAOYSA-N","C13H5F13N2","436.02451502","FC(F)(F)C(F)(F)C(F)(F)C(F)(F)C(F)(F)C(F)(F)c1nc2ccccc2[nH]1"
"DTXSID10561152","26649-23-0","NCZCIONFCQOOAM-UHFFFAOYSA-N","C7H4F9N","273.020003108","N#CCCC(F)(F)C(F)(F)C(F)(F)C(F)(F)F"
"DTXSID10576342","85877-79-8","IJROHELDTBDTPH-UHFFFAOYSA-N","C9H13F9O3Si","368.049024786","CO[Si](CCC(F)(F)C(F)(F)C(F)(F)C(F)(F)F)(OC)OC"
"DTXSID10582322","917966-97-3","XBIGHPJVWBVBPS-UHFFFAOYSA-N","C8H9F9O2S","340.017954508","O=S(CCO)CCC(F)(F)C(F)(F)C(F)(F)C(F)(F)F"
"DTXSID10583354","356056-15-0","BFRDVGYAJGMBJI-UHFFFAOYSA-N","C16H19F17Si","562.098456878","CC(C)[SiH](CCC(F)(F)C(F)(F)C(F)(F)C(F)(F)C(F)(F)C(F)(F)C(F)(F)C(F)(F)F)C(C)C"
"DTXSID10583713","892155-19-0","CFPZGZWDWLUKFW-UHFFFAOYSA-N","C14H9F13OS","472.016652768","Oc1ccc(SCCC(F)(F)C(F)(F)C(F)(F)C(F)(F)C(F)(F)C(F)(F)F)cc1"
"DTXSID10584184","194999-85-4","DJBAOXYQCAKLPH-UHFFFAOYSA-M","C24H26F9IO3S","692.050367672","CC(C)(C)c1ccc([I+]c2ccc(C(C)(C)C)cc2)cc1.O=S(=O)([O-])C(F)(F)C(F)(F)C(F)(F)C(F)(F)F"
"DTXSID10584841","865758-47-0","WKTBNLMPYCYJER-UHFFFAOYSA-N","C31H23F17O3","766.137574336","COc1ccc(C(O)(c2ccc(CCC(F)(F)C(F)(F)C(F)(F)C(F)(F)C(F)(F)C(F)(F)C(F)(F)C(F)(F)F)cc2)c2ccc(OC)cc2)cc1"
"DTXSID10599394","755-42-0","XODUVTJXUOOAKV-UHFFFAOYSA-N","C5H6F7N","213.038846732","CNCC(F)(F)C(F)(F)C(F)(F)F"
"DTXSID10608258","77758-84-0","GGWYKYDTNLXUMF-UHFFFAOYSA-M","C13H5F16IO3S","671.87486454","FC(F)(F)C(F)(F)C(F)(F)C(F)(F)C(F)(F)C(F)(F)[I+]c1ccccc1.O=S(=O)([O-])C(F)(F)F"
"DTXSID1061073","754-34-7","XTGYEAXBNRVNQU-UHFFFAOYSA-N","C3F7I","295.89329554","FC(F)(F)C(F)(F)C(F)(F)I"
"DTXSID10616671","423-66-5","SARRNFIJRWNPDT-UHFFFAOYSA-N","C13HF27","669.964711972","FC(F)C(F)(F)C(F)(F)C(F)(F)C(F)(F)C(F)(F)C(F)(F)C(F)(F)C(F)(F)C(F)(F)C(F)(F)C(F)(F)C(F)(F)F"
"DTXSID1062122","2043-47-2","JCMNMOBHVPONLD-UHFFFAOYSA-N","C6H5F9O","264.01966876","OCCC(F)(F)C(F)(F)C(F)(F)C(F)(F)F"
"DTXSID1062124","2043-54-1","HVWXRMINOYZYCK-UHFFFAOYSA-N","C12H4F21I","673.902240748","FC(F)(F)C(F)(F)C(F)(F)C(F)(F)C(F)(F)C(F)(F)C(F)(F)C(F)(F)C(F)(F)C(F)(F)CCI"
"DTXSID10621407","866-24-0","HPQDRJIVNDILHK-UHFFFAOYSA-N","C5H4Cl3F7Si","329.903607238","FC(F)(F)C(F)(F)C(F)(F)CC[Si](Cl)(Cl)Cl"
"DTXSID10624392","2355-31-9","QNDHIRFIMVNHBN-UHFFFAOYSA-N","C11H6F17NO4S","570.974608412","CN(CC(=O)O)S(=O)(=O)C(F)(F)C(F)(F)C(F)(F)C(F)(F)C(F)(F)C(F)(F)C(F)(F)C(F)(F)F"
"DTXSID10625627","51502-43-3","ZIBMBDGKVCYGHR-UHFFFAOYSA-N","C7H3F11O3","343.990654376","COC(=O)C(F)(F)C(F)(F)OC(F)(C(F)(F)F)C(F)(F)F"
"DTXSID10628658","58671-35-5","JTJAXTDUPYESRS-RRKCRQDMSA-N","C13H11F9N2O5","446.052425432","O=c1[nH]c(=O)n([C@H]2C[C@H](O)[C@@H](CO)O2)cc1C(F)(F)C(F)(F)C(F)(F)C(F)(F)F"
"DTXSID10631440","59665-25-7","OKURPQGPBHMFLE-UHFFFAOYSA-N","C8H2Br3F13","581.749903224","FC(F)(F)C(F)(F)C(F)(F)C(F)(F)C(F)(F)C(F)(F)C(Br)(Br)CBr"
"DTXSID1064083","6014-75-1","LFEGLDRNIDJMKB-UHFFFAOYSA-N","C18H9F25O2","732.020335028","C=C(C)C(=O)OCCC(F)(F)C(F)(F)C(F)(F)C(F)(F)C(F)(F)C(F)(F)C(F)(F)C(F)(F)C(F)(F)C(F)(F)C(F)(F)C(F)(F)F"
"DTXSID10659927","588668-97-7","XHXQVKHBZXYEKL-UHFFFAOYSA-N","C3F6KNO4S2","330.88100048","O=S1(=O)[N-]S(=O)(=O)C(F)(F)C(F)(F)C1(F)F.[K+]"
"DTXSID1066071","16517-11-6","ZTSDOGSKTICNPQ-UHFFFAOYSA-N","C18HF35O2","913.941766972","O=C(O)C(F)(F)C(F)(F)C(F)(F)C(F)(F)C(F)(F)C(F)(F)C(F)(F)C(F)(F)C(F)(F)C(F)(F)C(F)(F)C(F)(F)C(F)(F)C(F)(F)C(F)(F)C(F)(F)C(F)(F)F"
"DTXSID10662951","7589-44-8","OPDPCHBOZHWKOZ-PHDIDXHHSA-N","C9H10F7I","377.97154586","FC(F)(F)C(F)(F)C(F)(F)[C@@H]1CCCC[C@H]1I"
"DTXSID10663105","16005-49-5","NNJIYASXBPPIGU-UHFFFAOYSA-N","C5BrF11O","363.89568714","FC(F)(F)C(F)(OC(F)(F)C(F)(F)Br)C(F)(F)F"
"DTXSID1067330","27619-91-6","WYMPCOCJUKZUBF-UHFFFAOYSA-N","C12H4ClF21O2S","645.928520668","O=S(=O)(Cl)CCC(F)(F)C(F)(F)C(F)(F)C(F)(F)C(F)(F)C(F)(F)C(F)(F)C(F)(F)C(F)(F)C(F)(F)F"
"DTXSID1067629","31506-32-8","SRMWNTGHXHOWBT-UHFFFAOYSA-N","C9H4F17NO2S","512.969129108","CNS(=O)(=O)C(F)(F)C(F)(F)C(F)(F)C(F)(F)C(F)(F)C(F)(F)C(F)(F)C(F)(F)F"
"DTXSID1068146","38850-60-1","XXEJCEXMBHWWLY-UHFFFAOYSA-N","C14H19F13N2O5S2","606.052780568","CN(C)CCCN(CCCS(=O)(=O)O)S(=O)(=O)C(F)(F)C(F)(F)C(F)(F)C(F)(F)C(F)(F)C(F)(F)F"
"DTXSID1068770","52584-45-9","YRGZRQQDHPUQBE-UHFFFAOYSA-M","C16H4F19NaO4S","675.942460068","O=S(=O)([O-])c1ccc(OC(=C(C(F)(F)F)C(C(F)(F)F)(C(F)(F)C(F)(F)F)C(F)(F)C(F)(F)F)C(F)(F)F)cc1.[Na+]"
"DTXSID1068772","52591-27-2","GYUPEJSTJSFVRR-UHFFFAOYSA-N","C9H7F9O2","318.030233444","C=CC(=O)OCCC(F)(F)C(F)(F)C(F)(F)C(F)(F)F"
"DTXSID10694136","1582-32-7","UGHJWZHBCXGSAY-UHFFFAOYSA-N","C7F14","349.97764508","FC(=C(F)C(F)(F)C(F)(F)C(F)(F)C(F)(F)F)C(F)(F)F"
"DTXSID10694151","80289-21-0","LWEFRUQWNHGRQM-UHFFFAOYSA-L","C20H20CuF14O4","653.0434017","CC(C)(C)C([O-])=CC(=O)C(F)(F)C(F)(F)C(F)(F)F.CC(C)(C)C([O-])=CC(=O)C(F)(F)C(F)(F)C(F)(F)F.[Cu+2]"
"DTXSID10699808","1427-89-0","YKPDENKQKRPNPA-UHFFFAOYSA-N","C14H6F14O","456.019509892","O=C(c1ccccc1)C(F)(F)C(F)(F)C(F)(F)C(F)(F)C(F)(F)C(F)(F)C(F)F"
"DTXSID1070220","65104-66-7","OWAQRMVKMUUGIA-UHFFFAOYSA-N","C24H9F37O2","1032.001173668","C=C(C)C(=O)OCCC(F)(F)C(F)(F)C(F)(F)C(F)(F)C(F)(F)C(F)(F)C(F)(F)C(F)(F)C(F)(F)C(F)(F)C(F)(F)C(F)(F)C(F)(F)C(F)(F)C(F)(F)C(F)(F)C(F)(F)C(F)(F)F"
"DTXSID1070511","67584-60-5","ADSKDYCFRLKFDJ-UHFFFAOYSA-N","C12H12F11NO4S","475.031139284","C=C(C)C(=O)OCCN(C)S(=O)(=O)C(F)(F)C(F)(F)C(F)(F)C(F)(F)C(F)(F)F"
"DTXSID1070513","67584-62-7","PVNCAZFPZMEICM-UHFFFAOYSA-M","C11H7F15KNO4S","572.949333684","CCN(CC(=O)[O-])S(=O)(=O)C(F)(F)C(F)(F)C(F)(F)C(F)(F)C(F)(F)C(F)(F)C(F)(F)F.[K+]"
"DTXSID1070800","67905-19-5","OJMBMWRMTMHMSZ-UHFFFAOYSA-N","C16HF31O2","813.948154092","O=C(O)C(F)(F)C(F)(F)C(F)(F)C(F)(F)C(F)(F)C(F)(F)C(F)(F)C(F)(F)C(F)(F)C(F)(F)C(F)(F)C(F)(F)C(F)(F)C(F)(F)C(F)(F)F"
"DTXSID1070854","67923-61-9","FANHPMCIAHYLOD-UHFFFAOYSA-N","C11H11F15NO6PS","600.980518002","CCN(CCOP(=O)(O)O)S(=O)(=O)C(F)(F)C(F)(F)C(F)(F)C(F)(F)C(F)(F)C(F)(F)C(F)(F)F"
"DTXSID1070983","68015-84-9","YSXXTTJIKUEKFH-UHFFFAOYSA-N","C9H8F13NO2","409.034745356","CCN.O=C(O)C(F)(F)C(F)(F)C(F)(F)C(F)(C(F)(F)F)C(F)(F)F"
"DTXSID1070985","68015-86-1","IBCYNFOMOJBVTA-UHFFFAOYSA-N","C11H8F17NO2","509.028358236","CCN.O=C(O)C(F)(F)C(F)(F)C(F)(F)C(F)(F)C(F)(F)C(F)(C(F)(F)F)C(F)(F)F"
"DTXSID1071080","68084-62-8","BEYGZFVOTUDDJK-UHFFFAOYSA-N","C13H10F15NO4S","561.0091021","C=CC(=O)OCCN(C)S(=O)(=O)C(F)(F)C(F)(F)C(F)(F)C(F)(F)C(F)(F)C(F)(F)C(F)(F)F"
"DTXSID10711635","139060-76-7","XPEYWJSDSRRHBK-UHFFFAOYSA-N","C7H3F11","296.005910516","C=CC(F)(F)C(F)(F)C(F)(C(F)(F)F)C(F)(F)F"
"DTXSID1071371","68298-09-9","ZEIOJAPXFDPENM-UHFFFAOYSA-N","C13H8F13NO2S","489.006816356","O=S(=O)(NCc1ccccc1)C(F)(F)C(F)(F)C(F)(F)C(F)(F)C(F)(F)C(F)(F)F"
"DTXSID1071373","68298-12-4","GFZPUWKGPNHWHD-UHFFFAOYSA-N","C5H4F9NO2S","312.981903348","CNS(=O)(=O)C(F)(F)C(F)(F)C(F)(F)C(F)(F)F"
"DTXSID1071660","68555-71-5","SZZXUXGPSCPVMV-UHFFFAOYSA-M","C11H7F15NNaO4S","556.975396284","CCN(CC(=O)[O-])S(=O)(=O)C(F)(F)C(F)(F)C(F)(F)C(F)(F)C(F)(F)C(F)(F)C(F)(F)F.[Na+]"
"DTXSID1071662","68555-73-7","HINASMOVWHGCAK-UHFFFAOYSA-N","C11H10F15NO3S","521.01418748","CCN(CCO)S(=O)(=O)C(F)(F)C(F)(F)C(F)(F)C(F)(F)C(F)(F)C(F)(F)C(F)(F)F"
"DTXSID1071664","68555-75-9","UYIBZOUSVFOPJK-UHFFFAOYSA-N","C9H8F13NO3S","457.001730976","CN(CCO)S(=O)(=O)C(F)(F)C(F)(F)C(F)(F)C(F)(F)C(F)(F)C(F)(F)F"
"DTXSID1071666","68555-77-1","XMRMVBVJGSKMEN-UHFFFAOYSA-N","C9H13F9N2O2S","384.055402636","CN(C)CCCNS(=O)(=O)C(F)(F)C(F)(F)C(F)(F)C(F)(F)F"
"DTXSID1071668","68555-79-3","YEORWLLYWQFDEW-UHFFFAOYSA-N","C11H12F11NO4S","463.031139284","CCOC(=O)CN(CC)S(=O)(=O)C(F)(F)C(F)(F)C(F)(F)C(F)(F)C(F)(F)F"
"DTXSID1071903","68957-54-0","SGKAKWJMQQSXDU-UHFFFAOYSA-N","C13H12F15NO4S","563.024752164","CCOC(=O)CN(CC)S(=O)(=O)C(F)(F)C(F)(F)C(F)(F)C(F)(F)C(F)(F)C(F)(F)C(F)(F)F"
"DTXSID1071905","68957-60-8","JMNCANKNSXHVCP-UHFFFAOYSA-N","C10H14ClF11N2O2S","470.028886788","CN(C)CCCNS(=O)(=O)C(F)(F)C(F)(F)C(F)(F)C(F)(F)C(F)(F)F.Cl"
"DTXSID1071907","68957-62-0","WMOMXEHEPXLIAV-UHFFFAOYSA-N","C9H6F15NO2S","476.987972732","CCNS(=O)(=O)C(F)(F)C(F)(F)C(F)(F)C(F)(F)C(F)(F)C(F)(F)C(F)(F)F"
"DTXSID1071953","69013-34-9","PUQQCLQURHMROM-UHFFFAOYSA-N","C19H13F19NO7PS","790.984695566","CN(CCOP(=O)(O)O)S(=O)(=O)c1ccc(OC(=C(C(F)(F)F)C(C(F)(F)F)(C(F)(F)C(F)(F)F)C(F)(F)C(F)(F)F)C(F)(F)F)cc1"
"DTXSID10720484","88951-27-3","OYZREMJZZYHBTI-UHFFFAOYSA-N","C13H11F13O2","446.055146452","O=C(O)C1CCC(C(F)(F)C(F)(F)C(F)(F)C(F)(F)C(F)(F)C(F)(F)F)CC1"
"DTXSID1072050","70225-16-0","VAWRKOLUZUTBLC-UHFFFAOYSA-N","C10H12F13NO5S","505.022860344","O=S(=O)([O-])C(F)(F)C(F)(F)C(F)(F)C(F)(F)C(F)(F)C(F)(F)F.OCC[NH2+]CCO"
"DTXSID1072052","70225-18-2","HOHGVZJHMJGPDP-UHFFFAOYSA-N","C8H12F9NO5S","405.029247464","O=S(=O)([O-])C(F)(F)C(F)(F)C(F)(F)C(F)(F)F.OCC[NH2+]CCO"
"DTXSID1072054","70225-22-8","DENZIOFHNROMAE-UHFFFAOYSA-L","C20H32F18N4O8S3","894.109484944","C[N+](C)(C)CCCNS(=O)(=O)C(F)(F)C(F)(F)C(F)(F)C(F)(F)F.C[N+](C)(C)CCCNS(=O)(=O)C(F)(F)C(F)(F)C(F)(F)C(F)(F)F.O=S(=O)([O-])[O-]"
"DTXSID1072056","70225-26-2","ZYOSJTVTMOLODL-UHFFFAOYSA-L","C28H32F34N4O8S3","1294.083936464","C[N+](C)(C)CCCNS(=O)(=O)C(F)(F)C(F)(F)C(F)(F)C(F)(F)C(F)(F)C(F)(F)C(F)(F)C(F)(F)F.C[N+](C)(C)CCCNS(=O)(=O)C(F)(F)C(F)(F)C(F)(F)C(F)(F)C(F)(F)C(F)(F)C(F)(F)C(F)(F)F.O=S(=O)([O-])[O-]"
"DTXSID10721759","335-90-0","UGHTUIRCLKFTAQ-UHFFFAOYSA-M","C14H16F15IN2O","640.006784432","C[N+](C)(C)CCCNC(F)(F)C(F)(F)C(F)(F)C(F)(F)C(F)(F)C(F)(F)C(F)(F)C(=O)F.[I-]"
"DTXSID1072557","72276-06-3","JDZXXQOQZYTYCL-UHFFFAOYSA-N","C20H14F25NO4S","839.024434428","C=CC(=O)OCCN(C)S(=O)(=O)CCC(F)(F)C(F)(F)C(F)(F)C(F)(F)C(F)(F)C(F)(F)C(F)(F)C(F)(F)C(F)(F)C(F)(F)C(F)(F)C(F)(F)F"
"DTXSID1072559","72276-08-5","VYFGRTSCBLVROZ-UHFFFAOYSA-N","C24H14F33NO4S","1039.011660188","C=CC(=O)OCCN(C)S(=O)(=O)CCC(F)(F)C(F)(F)C(F)(F)C(F)(F)C(F)(F)C(F)(F)C(F)(F)C(F)(F)C(F)(F)C(F)(F)C(F)(F)C(F)(F)C(F)(F)C(F)(F)C(F)(F)C(F)(F)F"
"DTXSID1074595","1547-26-8","ZHKVUSSHABANQG-UHFFFAOYSA-N","C5H3F7","196.012297636","C=C(F)C(F)(F)C(F)(F)C(F)F"
"DTXSID10746043","54675-89-7","-","-","-",NA
"DTXSID1074915","51851-37-7","AVYKQOAMZCAHRG-UHFFFAOYSA-N","C14H19F13O3Si","510.089587858","CCO[Si](CCC(F)(F)C(F)(F)C(F)(F)C(F)(F)C(F)(F)C(F)(F)F)(OCC)OCC"
"DTXSID10750741","88951-17-1","QMBKVVQPTHZMIX-UHFFFAOYSA-N","C15H13F15O2","510.067602956","COC(=O)C1CCC(C(F)(F)C(F)(F)C(F)(F)C(F)(F)C(F)(F)C(F)(F)C(F)(F)F)CC1"
"DTXSID1075222","28677-00-1","-","-","-",NA
"DTXSID1075305","10493-43-3","GWTYBAOENKSFAY-UHFFFAOYSA-N","C4F8O","215.98214038","FC(F)=C(F)OC(F)(F)C(F)(F)F"
"DTXSID10757210","91481-65-1","IEIUNVABWRASPD-UHFFFAOYSA-N","C8H9F7O3","286.043991688","CC(C)(C)OOC(=O)C(F)(F)C(F)(F)C(F)(F)F"
"DTXSID10770580","142030-27-1","KHEZQPBUHOLTCH-UHFFFAOYSA-N","C7H4Cl2F9N","342.957708468","FC(F)(F)C(F)(F)C(F)(F)C(F)(F)CCN=C(Cl)Cl"
"DTXSID10776885","154628-01-0","UKFBBTCWDMDAGL-UHFFFAOYSA-N","C24H37F13","572.268768044","CCCCCCCCCCCCCCCCCCC(F)(F)C(F)(F)C(F)(F)C(F)(F)C(F)(F)C(F)(F)F"
"DTXSID10801469","647-60-9","VGUUXTQDEISKCQ-UHFFFAOYSA-N","C12H7F9O","338.035318824","Cc1ccc(C(=O)C(F)(F)C(F)(F)C(F)(F)C(F)(F)F)cc1"
"DTXSID10806398","62656-67-1","AULFSFAAKNRJFT-UHFFFAOYSA-N","C11H8F7NO2","319.044326036","O=C(COC(F)(C(F)(F)F)C(F)(F)F)Nc1ccccc1"
"DTXSID10823025","74338-55-9","NUPKTKVGELCXPF-UHFFFAOYSA-N","C9H4F12","340.012138768","C=CC=C(F)C(F)(F)C(F)(F)C(F)(F)C(F)(F)C(F)(F)F"
"DTXSID10830991","88021-94-7","LRMSPWCOOHABFD-UHFFFAOYSA-N","C8H7F7O2","268.033427004","COC(=O)C(C)=CC(F)(F)C(F)(F)C(F)(F)F"
"DTXSID10833689","854992-57-7","FVBNTOULJJXFBP-UHFFFAOYSA-N","C11H5F9O","324.01966876","FC(OC(F)(F)C(F)(F)C(F)(F)F)=C(F)c1ccccc1"
"DTXSID10840171","813-06-9","RZGXSYUEDNRGNQ-UHFFFAOYSA-N","C7H5F7O2","254.01777694","COC(=O)C=CC(F)(F)C(F)(F)C(F)(F)F"
"DTXSID10840257","808758-67-0","URQWBWDZOCEUFQ-UHFFFAOYSA-N","C24H41F9","500.306455292","CCCCCCCCCCCCCCCCCCCCC(F)(F)C(F)(F)C(F)(F)C(F)(F)F"
"DTXSID10848036","90292-33-4","AQGWVKJSVXSZGI-UHFFFAOYSA-N","C10H12F8","284.081126144","CC(C)(C)CC=C(F)C(F)(F)C(F)(F)C(F)(F)F"
"DTXSID10861881","336-59-4","UFFSXJKVKBQEHC-UHFFFAOYSA-N","C8F14O3","409.96238894","O=C(OC(=O)C(F)(F)C(F)(F)C(F)(F)F)C(F)(F)C(F)(F)C(F)(F)F"
"DTXSID10871521","NOCAS_871521","INWWPBCQHLHWRD-UHFFFAOYSA-N","C9H7F13","362.034017084","CCCC(F)(F)C(F)(F)C(F)(F)C(F)(F)C(F)(F)C(F)(F)F"
"DTXSID10880118","335-14-8","PGEGLCABYUJXKS-UHFFFAOYSA-N","C7F16","387.97445152","FC(F)(F)C(F)(F)C(F)(C(F)(F)F)C(F)(C(F)(F)F)C(F)(F)F"
"DTXSID10880133","357-26-6","ZVJOQYFQSQJDDX-UHFFFAOYSA-N","C4F8","199.98722576","FC(F)=C(F)C(F)(F)C(F)(F)F"
"DTXSID10880138","376-04-5","DSXBFFPIBZRADQ-UHFFFAOYSA-N","C13F27I","795.86135994","FC(F)(F)C(F)(F)C(F)(F)C(F)(F)C(F)(F)C(F)(F)C(F)(F)C(F)(F)C(F)(F)C(F)(F)C(F)(F)C(F)(F)C(F)(F)I"
"DTXSID10880158","558-69-0","CPMLSIADGFUFBX-UHFFFAOYSA-N","C7F16","387.97445152","FC(F)(F)C(F)(F)C(F)(F)C(F)(C(F)(F)F)C(F)(F)C(F)(F)F"
"DTXSID10880193","3330-16-3","QRLOKTBZZPZAMX-UHFFFAOYSA-N","C11HF23O3","617.955842952","FC(OC(F)(F)C(F)(OC(F)(F)C(F)(OC(F)(F)C(F)(F)C(F)(F)F)C(F)(F)F)C(F)(F)F)C(F)(F)F"
"DTXSID10880198","3709-70-4","SAPOZTRFWJZUFT-UPHRSURJSA-N","C6F12","299.98083864","F/C(=C(\F)C(F)(C(F)(F)F)C(F)(F)F)C(F)(F)F"
"DTXSID10880219","15364-19-9","MUCVGEGAZDOIDJ-UHFFFAOYSA-N","C19H21F17O","588.132095032","OCCCCCCCCCC=CC(F)(F)C(F)(F)C(F)(F)C(F)(F)C(F)(F)C(F)(F)C(F)(F)C(F)(F)F"
"DTXSID10880234","24407-09-8","VAHMONSDBBIGFL-UHFFFAOYSA-N","C15H9F19O3","598.024830328","C=CC(=O)OCC(O)CC(F)(F)C(F)(F)C(F)(F)C(F)(F)C(F)(F)C(F)(F)C(F)(C(F)(F)F)C(F)(F)F"
"DTXSID10880370","25038-71-5","-","-","-",NA
"DTXSID10880375","25398-32-7","-","-","-",NA
"DTXSID10880411","38436-16-7","GNWPMNDXBHUSCC-UHFFFAOYSA-N","C7H7Cl2F9Si","359.955036094","FC(F)(F)C(F)(F)C(F)(F)C(F)(F)CC[SiH2]C(Cl)Cl"
"DTXSID10880416","38565-54-7","KVLHRMQNRDJRKW-UHFFFAOYSA-N","C13H5F21O","576.0005074","FC(F)(F)C(F)(F)C(F)(F)C(F)(F)C(F)(F)C(F)(F)C(F)(F)C(F)(F)C(F)(F)C(F)(F)CC1CO1"
"DTXSID10880456","52956-82-8","YVLOLDWQUHHGGU-UHFFFAOYSA-N","C18H7F27O2","768.001491404","C=CC(=O)OCCC(F)(F)C(F)(F)C(F)(F)C(F)(F)C(F)(F)C(F)(F)C(F)(F)C(F)(F)C(F)(F)C(F)(F)C(F)(C(F)(F)F)C(F)(F)F"
"DTXSID10880471","54009-79-9","OKXFOOHGEWKLIY-UHFFFAOYSA-N","C20H5F35O","925.97815248","FC(F)(F)C(F)(C(F)(F)F)C(F)(F)C(F)(F)C(F)(F)C(F)(F)C(F)(F)C(F)(F)C(F)(F)C(F)(F)C(F)(F)C(F)(F)C(F)(F)C(F)(F)C(F)(F)C(F)(F)CC1CO1"
"DTXSID10880476","54950-04-8","ULSWUGAAPQZIFJ-UPHRSURJSA-N","C14H7F17O4","562.007288444","O=C(O)/C=C\C(=O)OCCC(F)(F)C(F)(F)C(F)(F)C(F)(F)C(F)(F)C(F)(F)C(F)(F)C(F)(F)F"
"DTXSID10880491","57678-02-1","KFODOQJFFHAVNR-UHFFFAOYSA-N","C12H17F13NO6P","549.058590754","O=P(O)(O)OCCC(F)(F)C(F)(F)C(F)(F)C(F)(F)C(F)(F)C(F)(F)F.OCCNCCO"
"DTXSID10880496","59493-72-0","FOTMZACPROQVJX-UHFFFAOYSA-N","C22H20F19IN2O2","832.02661206","C[N+](C)(C)CCCNC(=O)c1ccc(OC(F)(F)C(F)(F)C(F)(F)C(F)(F)C(F)(F)C(F)(F)C(F)(F)C(F)(F)C(F)(F)F)cc1.[I-]"
"DTXSID10880512","59587-39-2","NMWHJIDTWMZRAO-UHFFFAOYSA-N","C8H8F13NO3S","445.001730976","O=S(=O)([O-])CCC(F)(F)C(F)(F)C(F)(F)C(F)(F)C(F)(F)C(F)(F)F.[NH4+]"
"DTXSID10880517","60917-27-3","-","-","-",NA
"DTXSID10880532","63654-41-1","-","-","-",NA
"DTXSID10880552","65975-15-7","JKPQYAMTJKRMMG-UHFFFAOYSA-N","C26F53I","1445.81984366","FC(F)(F)C(F)(F)C(F)(F)C(F)(F)C(F)(F)C(F)(F)C(F)(F)C(F)(F)C(F)(F)C(F)(F)C(F)(F)C(F)(F)C(F)(F)C(F)(F)C(F)(F)C(F)(F)C(F)(F)C(F)(F)C(F)(F)C(F)(F)C(F)(F)C(F)(F)C(F)(F)C(F)(F)C(F)(F)C(F)(F)I"
"DTXSID10880577","67939-95-1","MSVMTPPQSPGOSK-UHFFFAOYSA-M","C10H16F9IN2O2S","525.983350732","C[N+](C)(C)CCCNS(=O)(=O)C(F)(F)C(F)(F)C(F)(F)C(F)(F)F.[I-]"
"DTXSID10880597","68259-11-0","QGKJZVRFHDAXTC-UHFFFAOYSA-N","C5H4F9NO2","281.009832348","O=C([O-])C(F)(F)C(F)(F)C(F)(F)C(F)(F)F.[NH4+]"
"DTXSID10880618","68957-55-1","RHGJXQKTIMJLCF-UHFFFAOYSA-M","C11H16ClF11N2O2S","484.044536852","C[N+](C)(C)CCCNS(=O)(=O)C(F)(F)C(F)(F)C(F)(F)C(F)(F)C(F)(F)F.[Cl-]"
"DTXSID10880956","72220-43-0","JJLGTKPBDCVRTR-UHFFFAOYSA-N","C9H15F7IO2P","445.97426189","CCOP(CC)OCC.FC(F)(F)C(F)(I)C(F)(F)F"
"DTXSID10880976","74499-71-1","-","-","-",NA
"DTXSID10880991","84029-54-9","-","-","-",NA
"DTXSID10880996","84100-12-9","OMUNRUKWZBLGRN-UHFFFAOYSA-N","C8H5F9","272.02475414","C=CCC(=C(F)C(F)(F)C(F)(F)F)C(F)(F)F"
"DTXSID10881004","85284-15-7","MOCCJVUOTMVYOZ-UHFFFAOYSA-M","C15H4F17NaO4S","625.945653628","O=S(=O)([O-])c1ccc(OC(F)(C(=C(F)C(F)(C(F)(F)F)C(F)(F)F)C(F)(F)F)C(F)(F)C(F)(F)F)cc1.[Na+]"
"DTXSID10881009","85711-89-3","-","-","-",NA
"DTXSID10881024","93776-07-9","PQQMYDRGSSPSSH-UHFFFAOYSA-N","C32H45F21O11","1004.26265488","COCCOCCOCCOCCOCCOCCOCCOCCOCCOCC(O)CC(F)(F)C(F)(F)C(F)(F)C(F)(F)C(F)(F)C(F)(F)C(F)(F)C(F)(F)C(F)(F)C(F)(F)F"
"DTXSID10881029","93776-13-7","RONIKGBQXOKGOO-UHFFFAOYSA-N","C21H23F21N2O3","750.137335216","C[N+](C)(CCCNCC(O)CC(F)(F)C(F)(F)C(F)(F)C(F)(F)C(F)(F)C(F)(F)C(F)(F)C(F)(F)C(F)(F)C(F)(F)F)CCC(=O)[O-]"
"DTXSID10881064","93819-97-7","HAONZHJETGCXMD-UHFFFAOYSA-N","C20H14F19NO5S","741.028929728","O=S(=O)(c1ccc(OC(=C(C(F)(F)F)C(C(F)(F)F)(C(F)(F)C(F)(F)F)C(F)(F)C(F)(F)F)C(F)(F)F)cc1)N(CCO)CCO"
"DTXSID10881069","93857-45-5","FSJLLRNJLNPGBZ-UHFFFAOYSA-N","C12H12F21N2O4P","678.019936114","O=P([O-])([O-])OCCC(F)(F)C(F)(F)C(F)(F)C(F)(F)C(F)(F)C(F)(F)C(F)(F)C(F)(F)C(F)(F)C(F)(F)F.[NH4+].[NH4+]"
"DTXSID10881120","93894-65-6","-","-","-",NA
"DTXSID10881125","93894-71-4","ZGKQZNCLVBOAST-UHFFFAOYSA-N","C9H4F17NO2S","512.969129108","CNS(=O)(=O)C(F)(F)C(F)(F)C(F)(F)C(F)(F)C(F)(F)C(F)(C(F)(F)F)C(F)(F)F"
"DTXSID10881140","94158-68-6","RKMNPJDKZVNTFV-UHFFFAOYSA-N","C19H5F33O","875.98134604","FC(F)(F)C(F)(F)C(F)(F)C(F)(F)C(F)(F)C(F)(F)C(F)(F)C(F)(F)C(F)(F)C(F)(F)C(F)(F)C(F)(F)C(F)(F)C(F)(F)C(F)(F)C(F)(F)CC1CO1"
"DTXSID10881165","94159-91-8","LXBFURBCWJWTTM-UHFFFAOYSA-N","C17H11F17O2","570.048759332","OC(COc1ccccc1)CC(F)(F)C(F)(F)C(F)(F)C(F)(F)C(F)(F)C(F)(F)C(F)(F)C(F)(F)F"
"DTXSID10881185","94228-79-2","-","-","-",NA
"DTXSID10881281","68891-98-5","LFKPHGCGHJUPOU-UHFFFAOYSA-I","C16H28Cl4Cr2F13NO9S","900.883044",NA
"DTXSID10881286","83846-71-3","CZHAQBXHTVRAAA-UHFFFAOYSA-N","C10H8F10O2","350.036461696","C=CCC(C(=O)OC)(C(F)(F)F)C(F)(F)C(F)(F)C(F)(F)F"
"DTXSID10881302","90480-57-2","-","-","-",NA
"DTXSID10881307","90622-71-2","-","-","-",NA
"DTXSID10881322","91770-94-4","-","-","-",NA
"DTXSID10881327","92332-25-7","-","-","-",NA
"DTXSID10881362","59493-70-8","QTARAUXTILIVID-UHFFFAOYSA-M","C21H20F17IN2O3S","829.99679124","C[N+](C)(C)CCCNS(=O)(=O)c1ccc(OC(F)=C(F)C(F)(F)C(F)(F)C(F)(F)C(F)(F)C(F)(F)C(F)(F)C(F)(F)F)cc1.[I-]"
"DTXSID10881367","54572-17-7","SSSVHFOLCNGWKK-OLQVQODUSA-N","C16F34O4","901.92536796","FC(F)(F)C(F)(F)C(F)(F)OC(F)(F)[C@](F)(OC(F)(F)C(F)(F)C(F)(F)F)[C@](F)(OC(F)(F)C(F)(F)C(F)(F)F)C(F)(F)OC(F)(F)C(F)(F)C(F)(F)F"
"DTXSID10881847","98219-29-5","-","-","-",NA
"DTXSID10881862","148240-80-6","-","-","-",NA
"DTXSID10881867","245331-49-1","-","-","-",NA
"DTXSID10881882","65530-55-4","-","-","-",NA
"DTXSID10881887","31623-04-8","-","-","-",NA
"DTXSID10881903","101940-12-9","-","-","-",NA
"DTXSID10881908","105960-50-7","-","-","-",NA
"DTXSID10881923","131324-06-6","-","-","-",NA
"DTXSID10881928","160965-19-5","-","-","-",NA
"DTXSID10881943","70969-47-0","-","-","-",NA
"DTXSID10881948","31784-04-0","-","-","-",NA
"DTXSID10881963","82682-08-4","-","-","-",NA
"DTXSID10881968","115287-18-8","-","-","-",NA
"DTXSID10881983","110972-60-6","-","-","-",NA
"DTXSID10882011","82030-84-0","-","-","-",NA
"DTXSID10882016","160402-15-3","-","-","-",NA
"DTXSID10882571","119973-85-2","-","-","-",NA
"DTXSID10882576","1430799-96-4","-","-","-",NA
"DTXSID10882591","142636-90-6","-","-","-",NA
"DTXSID10882596","152286-22-1","-","-","-",NA
"DTXSID10882612","1017237-78-3","-","-","-",NA
"DTXSID10882617","145724-84-1","-","-","-",NA
"DTXSID10882632","110570-84-8","-","-","-",NA
"DTXSID10882637","256488-93-4","-","-","-",NA
"DTXSID10882652","83563-58-0","-","-","-",NA
"DTXSID10882657","68735-91-1","-","-","-",NA
"DTXSID10882672","328389-91-9","-","-","-",NA
"DTXSID10882677","503621-81-6","-","-","-",NA
"DTXSID10882692","831241-91-9","-","-","-",NA
"DTXSID10882697","185701-88-6","-","-","-",NA
"DTXSID10882713","306975-85-9","-","-","-",NA
"DTXSID10882733","509086-57-1","-","-","-",NA
"DTXSID10882738","459415-06-6","-","-","-",NA
"DTXSID10882753","1071022-26-8","-","-","-",NA
"DTXSID10882758","182700-77-2","-","-","-",NA
"DTXSID10882773","1378930-04-1","-","-","-",NA
"DTXSID10882778","211697-45-9","-","-","-",NA
"DTXSID10882793","1620400-25-0","-","-","-",NA
"DTXSID10882798","162568-17-4","-","-","-",NA
"DTXSID10882814","1187311-45-0","-","-","-",NA
"DTXSID10882819","104075-34-5","-","-","-",NA
"DTXSID10882834","70788-53-3","-","-","-",NA
"DTXSID10882839","51142-49-5","-","-","-",NA
"DTXSID10882854","68988-54-5","-","-","-",NA
"DTXSID10882859","37382-64-2","-","-","-",NA
"DTXSID10882874","196316-34-4","-","-","-",NA
"DTXSID10882879","90062-89-8","-","-","-",NA
"DTXSID10882894","105060-59-1","-","-","-",NA
"DTXSID10882899","511271-19-5","-","-","-",NA
"DTXSID10882910","104242-01-5","-","-","-",NA
"DTXSID10882915","681800-09-9","-","-","-",NA
"DTXSID10882930","105656-63-1","-","-","-",NA
"DTXSID10882935","65605-69-8","-","-","-",NA
"DTXSID10882950","161278-39-3","-","-","-",NA
"DTXSID10882955","65530-68-9","-","-","-",NA
"DTXSID10882970","71550-17-9","-","-","-",NA
"DTXSID10882975","122304-67-0","-","-","-",NA
"DTXSID10882990","68187-25-7","-","-","-",NA
"DTXSID10882995","212335-64-3","-","-","-",NA
"DTXSID10883003","245331-40-2","-","-","-",NA
"DTXSID10883008","82030-85-1","-","-","-",NA
"DTXSID10883023","306980-27-8","-","-","-",NA
"DTXSID10883028","332350-93-3","-","-","-",NA
"DTXSID10883043","68259-38-1","-","-","-",NA
"DTXSID10883068","765585-55-5","-","-","-",NA
"DTXSID10883083","329238-24-6","-","-","-",NA
"DTXSID10883088","722538-68-3","-","-","-",NA
"DTXSID10884373","7345-49-5","NVLMRLQANVCTOG-UHFFFAOYSA-N","C6F8O4","287.96688424","O=C1OC(C(=O)F)(C(F)(F)F)OC1(F)C(F)(F)F"
"DTXSID10884510","13140-25-5","GYBQTMUKFVWQKV-UHFFFAOYSA-N","C24F48O8","1327.88267152","O=C(F)C(F)(OC(F)(F)C(F)(OC(F)(F)C(F)(OC(F)(F)C(F)(OC(F)(F)C(F)(OC(F)(F)C(F)(OC(F)(F)C(F)(OC(F)(F)C(F)(F)C(F)(F)F)C(F)(F)F)C(F)(F)F)C(F)(F)F)C(F)(F)F)C(F)(F)F)C(F)(F)F)C(F)(F)F"
"DTXSID10886372","59852-65-2","FRXPWPKRXZUZRK-UHFFFAOYSA-N","C23HF47O7","1281.897178712","FC(OC(F)(F)C(F)(OC(F)(F)C(F)(OC(F)(F)C(F)(OC(F)(F)C(F)(OC(F)(F)C(F)(OC(F)(F)C(F)(OC(F)(F)C(F)(F)C(F)(F)F)C(F)(F)F)C(F)(F)F)C(F)(F)F)C(F)(F)F)C(F)(F)F)C(F)(F)F)C(F)(F)F"
"DTXSID10892519","171184-15-9","MUFIWHPMPKICTJ-UHFFFAOYSA-N","C14H14F15NO2","513.078501988","C[N+](C)(CCCC(F)(F)C(F)(F)C(F)(F)C(F)(F)C(F)(F)C(F)(F)C(F)(F)F)CC(=O)[O-]"
"DTXSID10893283","70900-34-4","GTJOXUVLBSSMBG-UHFFFAOYSA-N","C29H30F17N3O8S","903.14821566","C=C(C)C(=O)OCC(C)O/C(O)=N/c1cc(/N=C(\O)OCCCCNCS(=O)(=O)C(F)(F)C(F)(F)C(F)(F)C(F)(F)C(F)(F)C(F)(F)C(F)(F)C(F)(F)F)ccc1C"
"DTXSID10893304","96288-56-1","AVAVXFBRAQABKB-UHFFFAOYSA-N","C14F26","661.95848372","FC(=C(F)C(C(F)(F)F)(C(F)(F)F)C(F)(F)F)C(F)(F)C(F)(F)C(F)=C(F)C(C(F)(F)F)(C(F)(F)F)C(F)(F)F"
"DTXSID10893309","102061-82-5","KSGPZCLVYJGMFY-UHFFFAOYSA-M","C4F9NaO2S","305.9372985","O=S([O-])C(F)(F)C(F)(F)C(F)(F)C(F)(F)F.[Na+]"
"DTXSID10893344","119107-97-0","MCVDPFNNIYSXKJ-UHFFFAOYSA-N","C14F26","661.95848372","FC(F)(F)C(C(F)(F)F)(C(F)(F)F)C1(F)C(F)(F)C(F)(F)C2(F)C(F)(F)C(F)(F)C(F)(F)C(F)(F)C2(F)C1(F)F"
"DTXSID10893349","144728-59-6","WQZTYCMAGDYRFR-UHFFFAOYSA-N","C4Cl2F8O3S","349.88174598","O=S(=O)(F)C(F)(F)C(F)(F)OC(F)(Cl)C(F)(F)Cl"
"DTXSID10893364","190394-25-3","TWYKYBTVPCIVEN-UHFFFAOYSA-N","C17H14F6S2","396.044111768","Cc1cc(C2=C(c3cc(C)sc3C)C(F)(F)C(F)(F)C2(F)F)c(C)s1"
"DTXSID10893384","369371-42-6","YYUAHFLVASYSIG-UHFFFAOYSA-N","C5Cl2F10O2","351.9115668","FC(F)(OC(F)(F)C(F)(F)F)OC(F)(Cl)C(F)(F)Cl"
"DTXSID10893400","484023-83-8","COOSUDXRANCQCF-UHFFFAOYSA-N","C9H15F9N2O6S2","482.02278218","CCN(CC(O)CS(=O)(=O)[O-])S(=O)(=O)C(F)(F)C(F)(F)C(F)(F)C(F)(F)F.[NH4+]"
"DTXSID10893405","701909-41-3","CVMPVWSYSNATQO-UHFFFAOYSA-N","C9H6ClF9O2","351.991261092","C=C(Cl)C(=O)OCCC(F)(F)C(F)(F)C(F)(F)C(F)(F)F"
"DTXSID10893420","10495-86-0","JVOBCNJNVHFARE-UHFFFAOYSA-M","C4H3F7NO2","230.005200876","N.O=C([O-])C(F)(F)C(F)(F)C(F)(F)F"
"DTXSID10893546","1189052-95-6","QCTIZHWNBDDDDN-UHFFFAOYSA-M","C8H5F13NaO3P","449.96664179","O=P([O-])(O)CCC(F)(F)C(F)(F)C(F)(F)C(F)(F)C(F)(F)C(F)(F)F.[Na+]"
"DTXSID10893561","29763-53-9","-","-","-",NA
"DTXSID10893566","186043-67-4","-","-","-",NA
"DTXSID10894957","662-35-1","XALFNZSGFNPWSM-UHFFFAOYSA-N","C4H2F8","202.002875824","FCC(F)(F)C(F)(F)C(F)(F)F"
"DTXSID10895161","154381-51-8","MDZDBKLCYXUTQA-UHFFFAOYSA-N","C7H7F9","262.040404204","CCCC(F)(F)C(F)(F)C(F)(F)C(F)(F)F"
"DTXSID10895166","69125-78-6","GCGLJPKSBPQKMM-UHFFFAOYSA-N","C12H19F7","296.137498148","CCCCCCCCCC(F)(F)C(F)(F)C(F)(F)F"
"DTXSID10895181","38436-18-9","PEPWIAVLPDLJMQ-UHFFFAOYSA-N","C8H8BrF9","353.966566336","FC(F)(F)C(F)(F)C(F)(F)C(F)(F)CCCCBr"
"DTXSID10895186","1446355-42-5","VYXXEPNGYRIBCL-UHFFFAOYSA-N","C5H6F7N","213.038846732","CC(N)C(F)(F)C(F)(F)C(F)(F)F"
"DTXSID10895202","343627-66-7","CNYBSNUPKFWYHL-UHFFFAOYSA-N","C8H4F14","366.008945208","FC(F)(F)C(F)(F)CCC(F)(F)C(F)(F)C(F)(F)C(F)(F)F"
"DTXSID10895207","69125-80-0","UXOMJEKWJPXIKA-UHFFFAOYSA-N","C12H13F13","404.080967276","CCCCCCC(F)(F)C(F)(F)C(F)(F)C(F)(F)C(F)(F)C(F)(F)F"
"DTXSID10895222","425-22-9","UFFMDNJCTCOCIX-UHFFFAOYSA-N","C7H7F7O","240.038512384","CCCC(=O)C(F)(F)C(F)(F)C(F)(F)F"
"DTXSID10895227","133310-69-7","JXIKOKQJJJIZMC-UHFFFAOYSA-N","C20H33F9","444.243855036","CCCCCCCCCCCCCCCCC(F)(F)C(F)(F)C(F)(F)C(F)(F)F"
"DTXSID10895242","887111-62-8","JSQOTUOXUHPDPI-UHFFFAOYSA-N","C7H2F12","313.996488704","FC(F)(F)C=CC(F)(F)C(F)(F)C(F)(F)C(F)(F)F"
"DTXSID10895247","2266-43-5","TZDLXSQBIYOTMV-UHFFFAOYSA-N","C6H7F7O2","244.033427004","OCCOCC(F)(F)C(F)(F)C(F)(F)F"
"DTXSID10895262","99324-99-9","MGKUEUKJRIEPLH-UHFFFAOYSA-N","C12H8BrF17","553.953792096","FC(F)(F)C(F)(F)C(F)(F)C(F)(F)C(F)(F)C(F)(F)C(F)(F)C(F)(F)CCCCBr"
"DTXSID10895267","66563-68-6","PLYVHXBRPARTON-UHFFFAOYSA-N","C12HF25","619.967905532","FC(F)C(F)(F)C(F)(F)C(F)(F)C(F)(F)C(F)(F)C(F)(F)C(F)(F)C(F)(F)C(F)(F)C(F)(F)C(F)(F)F"
"DTXSID10895282","1835252-00-0","PYHMZNIOZVWFDK-UHFFFAOYSA-N","C16H16F18","550.096458472","FC(F)(F)C(F)(F)C(F)(F)C(F)(F)CCCCCCCCC(F)(F)C(F)(F)C(F)(F)C(F)(F)F"
"DTXSID10895287","100646-05-7","UAEWLONMSWUOCA-OWOJBTEDSA-N","C7F14","349.97764508","F/C(=C(/F)C(F)(F)C(F)(F)C(F)(F)F)C(F)(F)C(F)(F)F"
"DTXSID10895303","1516885-18-9","IBDDYNPOMOFBDI-UPHRSURJSA-N","C8HF15","381.983873332","F/C=C(\F)C(F)(F)C(F)(F)C(F)(F)C(F)(F)C(F)(F)C(F)(F)F"
"DTXSID10895308","863126-43-6","SUWPKSRVVDLYGW-UHFFFAOYSA-N","C23H35F13","558.25311798","CCCCCCCCCCCCCCCCCC(F)(F)C(F)(F)C(F)(F)C(F)(F)C(F)(F)C(F)(F)F"
"DTXSID10895323","641617-25-6","KWEXQPFKOSBNKY-UHFFFAOYSA-N","C12H3F22I","691.892818936","FC(F)(F)C(F)(F)CC(I)C(F)(F)C(F)(F)C(F)(F)C(F)(F)C(F)(F)C(F)(F)C(F)(F)C(F)(F)F"
"DTXSID10895328","755-02-2","WOBDSRMWHWAQFO-UHFFFAOYSA-N","C9H5F15O","414.01008808","OCCC(F)(F)C(F)(F)C(F)(F)C(F)(F)C(F)(F)C(F)(F)C(F)(F)F"
"DTXSID10895343","871311-24-9","XVPKYBWEMFZZBF-UHFFFAOYSA-N","C23H31F17","630.215430732","CCCCCCCCCCCCCCCC(F)(F)C(F)(F)C(F)(F)C(F)(F)C(F)(F)C(F)(F)C(F)(F)C(F)(F)F"
"DTXSID10895348","129838-39-7","ARVPOVRKBXQPNT-UHFFFAOYSA-N","C17H14F21I","743.980491068","CCCCCC(I)CC(F)(F)C(F)(F)C(F)(F)C(F)(F)C(F)(F)C(F)(F)C(F)(F)C(F)(F)C(F)(F)C(F)(F)F"
"DTXSID10895363","109574-88-1","HLLNKYADPLDRRE-BQYQJAHWSA-N","C12H14F9I","455.999652428","CCCCCC/C(I)=C\C(F)(F)C(F)(F)C(F)(F)C(F)(F)F"
"DTXSID10895368","25385-72-2","PYNBSVWCXUUDTG-UHFFFAOYSA-N","C7H9F7O3","274.043991688","OCC(O)COCC(F)(F)C(F)(F)C(F)(F)F"
"DTXSID10895383","90499-31-3","QELQLGDYULEYAR-UHFFFAOYSA-N","C20H17F25","732.093106044","CCCCCCCCC(F)(F)C(F)(F)C(F)(F)C(F)(F)C(F)(F)C(F)(F)C(F)(F)C(F)(F)C(F)(F)C(F)(F)C(F)(F)C(F)(F)F"
"DTXSID10895388","51249-65-1","KYXQAESZJQBCRU-UHFFFAOYSA-N","C10H2BrF17","523.906841904","C=C(Br)C(F)(F)C(F)(F)C(F)(F)C(F)(F)C(F)(F)C(F)(F)C(F)(F)C(F)(F)F"
"DTXSID10895404","117948-74-0","WIQPYNBDVBQYTG-UHFFFAOYSA-N","C27H37F19","722.259187364","CCCCCCCCCCCCCCCCCCC(F)(F)C(F)(F)C(F)(F)C(F)(F)C(F)(F)C(F)(F)C(F)(F)C(F)(F)C(F)(F)F"
"DTXSID10895409","84551-43-9","FSOCDJTVKIHJDC-UHFFFAOYSA-N","C10H2F18","463.986908024","FC(F)(F)C(F)(F)C(F)(F)C(F)(F)C=CC(F)(F)C(F)(F)C(F)(F)C(F)(F)F"
"DTXSID10895424","129838-43-3","FJKLXOLDHXTHSH-UHFFFAOYSA-N","C22H24F21I","814.058741388","CCCCCCCCCCC(I)CC(F)(F)C(F)(F)C(F)(F)C(F)(F)C(F)(F)C(F)(F)C(F)(F)C(F)(F)C(F)(F)C(F)(F)F"
"DTXSID10895429","1980786-99-9","OLZXZQQEKJLLNV-UHFFFAOYSA-N","C15H17F13","444.112267404","CCCCCCCC=CC(F)(F)C(F)(F)C(F)(F)C(F)(F)C(F)(F)C(F)(F)F"
"DTXSID10895444","38787-60-9","AEYWRUOLWSDNSX-UHFFFAOYSA-N","C14H13F15","466.077773716","CCCCCC=CC(F)(F)C(F)(F)C(F)(F)C(F)(F)C(F)(F)C(F)(F)C(F)(F)F"
"DTXSID10895449","1257261-91-8","RHVLWEBCYIGSTH-UHFFFAOYSA-N","C26H32F21I","870.121341644","CCCCCCCCCCCCCCC(I)CC(F)(F)C(F)(F)C(F)(F)C(F)(F)C(F)(F)C(F)(F)C(F)(F)C(F)(F)C(F)(F)C(F)(F)F"
"DTXSID10895464","181765-99-1","KKJPHRCNXGNPOP-UHFFFAOYSA-N","C18H4F34","865.977009608","FC(F)(F)C(F)(F)C(F)(F)C(F)(F)C(F)(F)C(F)(F)C(F)(F)C(F)(F)CCC(F)(F)C(F)(F)C(F)(F)C(F)(F)C(F)(F)C(F)(F)C(F)(F)C(F)(F)F"
"DTXSID10895469","226909-72-4","BRWBDEIUJSDQGV-UHFFFAOYSA-N","C7H3F13O","349.997631576","COC(F)(F)C(F)(F)C(F)(F)C(F)(F)C(F)(F)C(F)(F)F"
"DTXSID10895484","424-66-8","CZQIYZIRNWFMOA-UHFFFAOYSA-N","C8H9F7O2","270.049077068","CCOC(=O)CCC(F)(F)C(F)(F)C(F)(F)F"
"DTXSID10895489","135984-68-8","KDGIOTBLYAPNRR-UHFFFAOYSA-N","C10H3F17O","461.991244456","O=CCC(F)(F)C(F)(F)C(F)(F)C(F)(F)C(F)(F)C(F)(F)C(F)(F)C(F)(F)F"
"DTXSID10895500","10325-10-7","GKSUAUQGBVCVPS-UHFFFAOYSA-N","C7H8F7NO2","271.044326036","NC(CCC(F)(F)C(F)(F)C(F)(F)F)C(=O)O"
"DTXSID10895505","773136-96-2","XZJVATYZWYQTRZ-UHFFFAOYSA-N","C7H7F7O2","256.033427004","CCOC(=O)CC(F)(F)C(F)(F)C(F)(F)F"
"DTXSID10895520","663-24-1","BABBVHCTEIQUCJ-UHFFFAOYSA-N","C4H4F7N3","227.029344668","N=C(NN)C(F)(F)C(F)(F)C(F)(F)F"
"DTXSID10895525","150618-42-1","ZYTPQABOCYJUBI-UHFFFAOYSA-N","C6H6F7NO2","257.028675972","NC(CC(=O)O)C(F)(F)C(F)(F)C(F)(F)F"
"DTXSID10895540","356056-16-1","RUODWQBAJXCKCP-UHFFFAOYSA-N","C18H19F21Si","662.092069758","CC(C)[SiH](CCC(F)(F)C(F)(F)C(F)(F)C(F)(F)C(F)(F)C(F)(F)C(F)(F)C(F)(F)C(F)(F)C(F)(F)F)C(C)C"
"DTXSID10895545","460744-98-3","SELAZSIAMBJAMF-UHFFFAOYSA-N","C22H10F34I2","1173.8329058","FC(F)(F)C(F)(F)C(F)(F)C(F)(F)C(F)(F)C(F)(F)C(F)(F)C(F)(F)CC(I)CCC(I)CC(F)(F)C(F)(F)C(F)(F)C(F)(F)C(F)(F)C(F)(F)C(F)(F)C(F)(F)F"
"DTXSID10895560","17165-56-9","TXTPUXJYPUSDTQ-UHFFFAOYSA-N","C8H7F7O2","268.033427004","C=CCC(=O)OCC(F)(F)C(F)(F)C(F)(F)F"
"DTXSID10895565","197963-86-3","TVUYDMUUUVSPGO-UHFFFAOYSA-N","C8H5F13O","364.01328164","CC(F)(F)OCC(F)(F)C(F)(F)C(F)(F)C(F)(F)C(F)(F)F"
"DTXSID10895580","200337-06-0","GZRYWICPWYMXLU-UHFFFAOYSA-N","C11H9F7S","306.031318828","FC(F)(F)C(F)(F)C(F)(F)CSCc1ccccc1"
"DTXSID10895585","261503-42-8","UVJKQOBSOWPCAF-UHFFFAOYSA-N","C9BrF17O","525.88610646","O=C(Br)C(F)(F)C(F)(F)C(F)(F)C(F)(F)C(F)(F)C(F)(F)C(F)(F)C(F)(F)F"
"DTXSID10895601","731858-13-2","DENBKPDEQGHEGM-UHFFFAOYSA-N","C10H6F17O2P","511.983395802","O=[PH](O)CCC(F)(F)C(F)(F)C(F)(F)C(F)(F)C(F)(F)C(F)(F)C(F)(F)C(F)(F)F"
"DTXSID10895606","867373-18-0","LLZYNMSKUBJCMK-UHFFFAOYSA-M","C17H16F9NO3S2","517.042789352","Cn1cc([S+]2CCCC2)c2ccccc21.O=S(=O)([O-])C(F)(F)C(F)(F)C(F)(F)C(F)(F)F"
"DTXSID10895621","560-01-0","CQNVNDNWIKZAAI-UHFFFAOYSA-N","C12H17F7O2","326.111677324","CCCCCCC(C)OC(=O)C(F)(F)C(F)(F)C(F)(F)F"
"DTXSID10895626","142502-68-9","LQERGGUGOIACQD-IWQZZHSRSA-N","C10H2F16O","441.985016204","O=C/C=C(\F)C(F)(F)C(F)(F)C(F)(F)C(F)(F)C(F)(F)C(F)(F)C(F)(F)F"
"DTXSID10895641","1598-17-0","VLFHADDJTCJDHD-UHFFFAOYSA-N","C11H10F14O3","456.04063926","OC(COCC(F)(F)C(F)(F)C(F)(F)F)COCC(F)(F)C(F)(F)C(F)(F)F"
"DTXSID10895646","355-90-8","BWCQJJODWLOTSV-UHFFFAOYSA-N","C7H8F7NO3","287.039240656","CCC(C(O)C(F)(F)C(F)(F)C(F)(F)F)[N+](=O)[O-]"
"DTXSID10895661","129560-95-8","PLQJITIKAMFDGJ-UHFFFAOYSA-N","C10H7F7O2","292.033427004","Oc1ccc(OCC(F)(F)C(F)(F)C(F)(F)F)cc1"
"DTXSID10895666","252237-39-1","PMWXDQPVJHEZJK-UHFFFAOYSA-N","C12H6F21O3P","627.971923302","O=P(O)(O)CCC(F)(F)C(F)(F)C(F)(F)C(F)(F)C(F)(F)C(F)(F)C(F)(F)C(F)(F)C(F)(F)C(F)(F)F"
"DTXSID10895681","158148-63-1","ZJNFZKRETOIRSX-UHFFFAOYSA-N","C6H3F7N2","236.018445636","FC(F)(F)C(F)(F)C(F)(F)c1cc[nH]n1"
"DTXSID10895686","82941-37-5","KBIQOBROPFYGIY-UHFFFAOYSA-N","C9H7F9O3","334.025148064","CCOC(=O)CC(=O)C(F)(F)C(F)(F)C(F)(F)C(F)(F)F"
"DTXSID10895702","377-67-3","VVMBYVDOZXJXRJ-UHFFFAOYSA-N","C8H10F7NO","269.06506148","CCCCNC(=O)C(F)(F)C(F)(F)C(F)(F)F"
"DTXSID10895707","216389-85-4","NNGYYMQQINPHJN-UHFFFAOYSA-N","C12H9F13O2","432.039496388","C=CC(=O)OCCCC(F)(F)C(F)(F)C(F)(F)C(F)(F)C(F)(F)C(F)(F)F"
"DTXSID10895722","119534-79-1","QSHAXUHMVBEXQL-UHFFFAOYSA-N","C12H6F13N","411.029266052","Nc1cccc(C(F)(F)C(F)(F)C(F)(F)C(F)(F)C(F)(F)C(F)(F)F)c1"
"DTXSID10895727","96497-21-1","HINXQBCQQBVCIK-UHFFFAOYSA-N","C20H8F34S","925.980380736","FC(F)(F)C(F)(F)C(F)(F)C(F)(F)C(F)(F)C(F)(F)C(F)(F)C(F)(F)CCSCCC(F)(F)C(F)(F)C(F)(F)C(F)(F)C(F)(F)C(F)(F)C(F)(F)C(F)(F)F"
"DTXSID10895742","4314-38-9","AEYHDUCQLIENJA-UHFFFAOYSA-N","C8H3F15N2O","428.000586016","N=C(NO)C(F)(F)C(F)(F)C(F)(F)C(F)(F)C(F)(F)C(F)(F)C(F)(F)F"
"DTXSID10895747","1652-60-4","GHAHNTDCKCXNGO-UHFFFAOYSA-N","C14H9F17O2","532.033109268","C=CC(=O)OCCCC(F)(F)C(F)(F)C(F)(F)C(F)(F)C(F)(F)C(F)(F)C(F)(F)C(F)(F)F"
"DTXSID10895762","99156-01-1","WYUJXBVCEHNYGY-UHFFFAOYSA-N","C12H7F17O2","506.017459204","CCCOC(=O)C(F)(F)C(F)(F)C(F)(F)C(F)(F)C(F)(F)C(F)(F)C(F)(F)C(F)(F)F"
"DTXSID10895924","1205020-79-6","DUNFVEYOBISODU-UHFFFAOYSA-N","C8H3F15O3S","463.956338256","O=S(=O)(OCC(F)(F)C(F)C(F)(F)F)C(F)(F)C(F)(F)C(F)(F)C(F)(F)F"
"DTXSID10895929","54640-64-1","PQEMXLVPFPSANM-UHFFFAOYSA-N","C11H3F17O2","489.986159076","C=COC(=O)C(F)(F)C(F)(F)C(F)(F)C(F)(F)C(F)(F)C(F)(F)C(F)(F)C(F)(F)F"
"DTXSID10895944","1207299-71-5","AYVOAECFQMWJCP-UHFFFAOYSA-N","C12H3F9N2","346.015252076","N#Cc1ccc(C(F)(F)C(F)(F)C(F)(F)C(F)(F)F)cc1C#N"
"DTXSID10895949","171183-94-1","LQZYLEQZOOPJPB-UHFFFAOYSA-N","C14H4F16O","492.000666268","O=C(c1ccc(C(F)(F)C(F)(F)C(F)(F)C(F)(F)C(F)(F)C(F)(F)F)cc1)C(F)(F)F"
"DTXSID10895964","2802-65-5","JZAVLGVXYZAKEC-UHFFFAOYSA-N","C12H18F7NO2","341.122576356","CCCCNC(CC(=O)OCC)C(F)(F)C(F)(F)C(F)(F)F"
"DTXSID10895969","1463530-16-6","UKBIKHOGARYBLY-UHFFFAOYSA-N","C11H4F11NO2","391.006638788","O=[N+]([O-])c1cccc(C(F)(F)C(F)(F)C(F)(F)C(F)(F)C(F)(F)F)c1"
"DTXSID10895984","886046-97-5","QYPSGGGCZLRESW-UHFFFAOYSA-N","C18H4F32O2","859.970032408","O=C(OCCC(F)(F)C(F)(F)C(F)(F)C(F)(F)C(F)(F)C(F)(F)C(F)(F)C(F)(F)F)C(F)(F)C(F)(F)C(F)(F)C(F)(F)C(F)(F)C(F)(F)C(F)(F)F"
"DTXSID10895989","610778-27-3","LBMZHXLUTIBSLQ-UHFFFAOYSA-N","C11H6BrF9O","403.945830892","COc1ccc(Br)cc1C(F)(F)C(F)(F)C(F)(F)C(F)(F)F"
"DTXSID10896012","570420-18-7","GHDJJZIELAHLLV-UHFFFAOYSA-N","C11H10F13NO","419.0554808","CCCCNC(=O)C(F)(F)C(F)(F)C(F)(F)C(F)(F)C(F)(F)C(F)(F)F"
"DTXSID10896017","425-19-4","IWRCISRUSCEZDU-UHFFFAOYSA-N","C9H10F7NO","281.06506148","O=C(N1CCCCC1)C(F)(F)C(F)(F)C(F)(F)F"
"DTXSID10896032","1574401-92-5","OAIGYRUBDFKAAL-UHFFFAOYSA-N","C11H8F7NO2","319.044326036","CCOC(=O)c1ccc(C(F)(F)C(F)(F)C(F)(F)F)nc1"
"DTXSID10896037","1606997-40-3","IRRRBLZNXPWFNN-UHFFFAOYSA-N","C9H7F9O3S","365.997219064","C=C(C(=O)OCC)S(=O)C(F)(F)C(F)(F)C(F)(F)C(F)(F)F"
"DTXSID10896052","183997-46-8","RGOZNZUAXTXBNG-UHFFFAOYSA-N","C12H6F11NO3","421.017203472","O=[N+]([O-])c1ccc(OCC(F)(F)C(F)(F)C(F)(F)C(F)(F)C(F)(F)F)cc1"
"DTXSID10896057","49676-56-4","INMZEORJCBRDMK-UHFFFAOYSA-N","C21H12F26O4","822.032042584","C=C(CC(=O)OCCC(F)(F)C(F)(F)C(F)(F)C(F)(F)C(F)(F)C(F)(F)F)C(=O)OCCC(F)(F)C(F)(F)C(F)(F)C(F)(F)C(F)(F)C(F)(F)F"
"DTXSID10896072","82633-48-5","WDDUCRITVXHQAD-UHFFFAOYSA-N","C7H4BrF7N2","327.944607768","Cc1[nH]nc(C(F)(F)C(F)(F)C(F)(F)F)c1Br"
"DTXSID10896077","1610931-27-5","QENSCMVCZIDXKK-UHFFFAOYSA-N","C11F14O","413.9725597","O=C(c1c(F)c(F)c(F)c(F)c1F)C(F)(F)C(F)(F)C(F)(F)C(F)(F)F"
"DTXSID10896092","121806-65-3","YEIBSCGJNXTENL-UHFFFAOYSA-N","C10H5ClF7NO","322.994789","O=C(Nc1ccccc1Cl)C(F)(F)C(F)(F)C(F)(F)F"
"DTXSID10896097","70501-47-2","MKTHGMLBIHQPEW-UHFFFAOYSA-N","C6H3F7N4O","280.019508256","O=C(Nc1ncn[nH]1)C(F)(F)C(F)(F)C(F)(F)F"
"DTXSID10896113","42108-79-2","ZECNIRGDHSDXDI-UHFFFAOYSA-N","C11H11F9O3S","394.028519192","O=S(=O)(OC1=CCCCCC1)C(F)(F)C(F)(F)C(F)(F)C(F)(F)F"
"DTXSID10896118","6826-38-6","IXFBWEUABZKVQQ-UHFFFAOYSA-N","C10H4F7N3O2","331.019173908","O=[N+]([O-])c1ccc2nc(C(F)(F)C(F)(F)C(F)(F)F)[nH]c2c1"
"DTXSID10896133","331716-84-8","VPYYGEWLNDRXQW-UHFFFAOYSA-N","C16H8F17NO2","569.028358236","O=C(OCCC(F)(F)C(F)(F)C(F)(F)C(F)(F)C(F)(F)C(F)(F)C(F)(F)C(F)(F)F)c1cccnc1"
"DTXSID10896138","121806-69-7","XZJKCRYZTLHEGA-UHFFFAOYSA-N","C10H4Cl2F7NO","356.955816648","O=C(Nc1c(Cl)cccc1Cl)C(F)(F)C(F)(F)C(F)(F)F"
"DTXSID10896153","121806-67-5","UFJLYZKVFUIJGQ-UHFFFAOYSA-N","C10H4Cl2F7NO","356.955816648","O=C(Nc1cc(Cl)ccc1Cl)C(F)(F)C(F)(F)C(F)(F)F"
"DTXSID10896158","1161917-33-4","VQOJLJBNCWMMCA-UHFFFAOYSA-N","C24H21F21O3S","788.087608152","CCCCCCOc1ccc(S(=O)(=O)CCC(F)(F)C(F)(F)C(F)(F)C(F)(F)C(F)(F)C(F)(F)C(F)(F)C(F)(F)C(F)(F)C(F)(F)F)cc1"
"DTXSID10896173","38506-72-8","ZHZVFKZCPDCNHG-UHFFFAOYSA-N","C19H11Cl2F17O2","663.986464692","CC(=O)Oc1cc(Cl)ccc1CC(Cl)CC(F)(F)C(F)(F)C(F)(F)C(F)(F)C(F)(F)C(F)(F)C(F)(F)C(F)(F)F"
"DTXSID10896178","1427176-20-2","HEHHZSJJWMGGNV-UHFFFAOYSA-N","C12H14F13NO4S","515.043595788","COCCN(CCOC)S(=O)(=O)C(F)(F)C(F)(F)C(F)(F)C(F)(F)C(F)(F)C(F)(F)F"
"DTXSID10896193","445258-02-6","UHBSTFSCOKJDGJ-UHFFFAOYSA-N","C15H9F13N2O","480.050729768","Cc1ccc(C=NNC(=O)C(F)(F)C(F)(F)C(F)(F)C(F)(F)C(F)(F)C(F)(F)F)cc1"
"DTXSID10896198","446043-85-2","UBMTYFFPSPVBSP-UHFFFAOYSA-N","C28H8F26S4","965.909367976","FC(F)(F)C(F)(F)C(F)(F)C(F)(F)C(F)(F)C(F)(F)c1ccc(-c2ccc(-c3ccc(-c4ccc(C(F)(F)C(F)(F)C(F)(F)C(F)(F)C(F)(F)C(F)(F)F)s4)s3)s2)s1"
"DTXSID10896214","164796-46-7","CUOUHXHRFRMHRU-UHFFFAOYSA-N","C15H5F17N2O3","584.00287176","O=C(Nc1ccc([N+](=O)[O-])cc1)C(F)(F)C(F)(F)C(F)(F)C(F)(F)C(F)(F)C(F)(F)C(F)(F)C(F)(F)F"
"DTXSID10896219","1440968-24-0","MGIMXTVIKFQOFZ-UHFFFAOYSA-N","C10H8F9NO3S","393.008118096","O=C(NS(=O)(=O)C(F)(F)C(F)(F)C(F)(F)C(F)(F)F)C1C=CCC1"
"DTXSID10896234","853928-88-8","VRIWOBCDHBKITR-UHFFFAOYSA-N","C19H12F17NO5","657.044402224","COc1cc(C=O)c([N+](=O)[O-])cc1OCCCC(F)(F)C(F)(F)C(F)(F)C(F)(F)C(F)(F)C(F)(F)C(F)(F)C(F)(F)F"
"DTXSID10896239","203200-82-2","GTEXASFKPWBCFJ-FPLPWBNLSA-N","C19H11F17N2O2","622.054907332","C/C(=C/C(=O)C(F)(F)C(F)(F)C(F)(F)C(F)(F)C(F)(F)C(F)(F)C(F)(F)C(F)(F)F)NNC(=O)c1ccccc1"
"DTXSID10896254","1451750-40-5","ZQIQNJHMQQDDOD-UHFFFAOYSA-N","C12H5Cl2F9O5S","501.9091036","COC(=O)c1ccc(Cl)c(OS(=O)(=O)C(F)(F)C(F)(F)C(F)(F)C(F)(F)F)c1Cl"
"DTXSID10896259","113584-34-2","YZKLWOAXLICVPM-UHFFFAOYSA-N","C15H13F17N2O3S","624.037543016","CCC(=O)N1CCN(S(=O)(=O)C(F)(F)C(F)(F)C(F)(F)C(F)(F)C(F)(F)C(F)(F)C(F)(F)C(F)(F)F)CC1"
"DTXSID10896274","376380-76-6","YOOBVPCHJTZLKY-UHFFFAOYSA-N","C16H11F7O6","432.044385612","COc1c2c(c(OC)c3occc13)OC(O)(C(F)(F)C(F)(F)C(F)(F)F)CC2=O"
"DTXSID10896279","1588522-06-8","AYQOWJCWAQIBSR-UHFFFAOYSA-N","C16H10F9N3O3S","495.02991616","Cc1nnc2n1-c1ccccc1C(OS(=O)(=O)C(F)(F)C(F)(F)C(F)(F)C(F)(F)F)=CC2"
"DTXSID10896294","182243-54-5","WRAHZJQESWMXQC-UHFFFAOYSA-N","C4H4F7N","199.023196668","NCC(F)(C(F)(F)F)C(F)(F)F"
"DTXSID10896299","161094-94-6","IJWSNNHYHDWJKB-UHFFFAOYSA-N","C9H12F7I","379.987195924","CCCCC(I)CC(F)(C(F)(F)F)C(F)(F)F"
"DTXSID10896310","2396-25-0","NJXBUSGNXYPYDN-UHFFFAOYSA-N","C9H4F8","264.018525888","Fc1ccc(C(F)(C(F)(F)F)C(F)(F)F)cc1"
"DTXSID10896315","71360-30-0","HMCZBEORMIKDPZ-UHFFFAOYSA-N","C9H5F7O","262.02286232","Oc1ccc(C(F)(C(F)(F)F)C(F)(F)F)cc1"
"DTXSID10896330","353273-22-0","HJVLSXWSPYGSIV-UHFFFAOYSA-N","C11H7F7O","288.038512384","CC(=O)c1ccc(C(F)(C(F)(F)F)C(F)(F)F)cc1"
"DTXSID10896335","353272-53-4","GLWMETZJHQNWOV-UHFFFAOYSA-N","C10H6BrF7","337.954109832","Cc1cc(C(F)(C(F)(F)F)C(F)(F)F)ccc1Br"
"DTXSID10896350","1816285-38-7","SHNGPLQIBLIMHR-UHFFFAOYSA-N","C8H3BrF7N","324.933708736","FC(F)(F)C(F)(c1cncc(Br)c1)C(F)(F)F"
"DTXSID10896355","1770825-71-2","PLSVLVAJUFTDOY-UHFFFAOYSA-N","C10H7BrF7N","352.965008864","Cc1cc(C(F)(C(F)(F)F)C(F)(F)F)cc(Br)c1N"
"DTXSID10896370","1353009-38-7","TZCHQKSQEHQAMP-UHFFFAOYSA-N","C10H16F7NO2S","347.078997292","CNCCCCS(=O)(=O)CCC(F)(C(F)(F)F)C(F)(F)F"
"DTXSID10896375","103697-21-8","OZQNQQRUDNMYNL-UHFFFAOYSA-N","C9F18O","465.96617258","FC(F)(F)C(F)(F)C1(C(F)(C(F)(F)F)C(F)(F)F)OC1(C(F)(F)F)C(F)(F)F"
"DTXSID10896390","1355553-99-9","HCUYGOAWRHDYLA-UHFFFAOYSA-N","C13H11F7O2S","364.036798132","CCSc1c(C(F)(C(F)(F)F)C(F)(F)F)ccc(C(=O)O)c1C"
"DTXSID10896395","1355554-05-0","LJQYAZUPTSCPSX-UHFFFAOYSA-N","C14H13F7O2S","378.052448196","Cc1c(C(=O)O)ccc(C(F)(C(F)(F)F)C(F)(F)F)c1SC(C)C"
"DTXSID10896411","1355554-74-3","LUCAYPQGWNVYFO-UHFFFAOYSA-N","C16H17F7O2S","406.083748324","CCc1c(C(=O)O)ccc(C(F)(C(F)(F)F)C(F)(F)F)c1SCC(C)C"
"DTXSID10896416","1355554-21-0","ZGWWTUUDEMTZJF-UHFFFAOYSA-N","C13H11F7O3S","380.031712752","CCS(=O)c1c(C(F)(C(F)(F)F)C(F)(F)F)ccc(C(=O)O)c1C"
"DTXSID10896431","1355555-15-5","PXNMPRLSQFHPTD-UHFFFAOYSA-N","C15H15F7O4S","424.0579275","CCc1c(C(=O)O)ccc(C(F)(C(F)(F)F)C(F)(F)F)c1S(=O)(=O)C(C)C"
"DTXSID10896436","1355554-99-2","SSVYLSFHMOYLBO-UHFFFAOYSA-N","C16H17F7O3S","422.078662944","CCc1c(C(=O)O)ccc(C(F)(C(F)(F)F)C(F)(F)F)c1S(=O)CC(C)C"
"DTXSID10896451","862130-66-3","UIANMSRJAQSTDA-UHFFFAOYSA-N","C25H17F9N2O2","548.114631764","Cc1cc(C(F)(C(F)(F)F)C(F)(F)F)cc(C)c1NC(=O)c1cccc(NC(=O)c2ccc(F)cc2F)c1"
"DTXSID10896456","862130-69-6","CQOOKANOPDEYCK-UHFFFAOYSA-N","C25H17Cl2F7N2O2","580.055530684","Cc1cc(C(F)(C(F)(F)F)C(F)(F)F)cc(C)c1NC(=O)c1cccc(NC(=O)c2ccc(Cl)cc2Cl)c1"
"DTXSID10896471","2356-61-8","MEVYDFZGEHEVSM-UHFFFAOYSA-N","C3HF7O","185.991562192","FC(F)C(F)(F)OC(F)(F)F"
"DTXSID10896476","681-08-3","WPJULLVPGWXWQS-UHFFFAOYSA-N","C5F12O","303.97575326","FC(F)(F)OC(C(F)(F)F)(C(F)(F)F)C(F)(F)F"
"DTXSID10896491","1482416-52-3","VAXWUAHPDZRLAP-UHFFFAOYSA-N","C16BrF33O5","977.84021646","FC(F)(F)C(F)(F)OC(F)(F)C(F)(OC(F)(F)C(F)(OC(F)(F)C(F)(OC(F)(F)C(F)(OC(F)(F)C(F)(F)Br)C(F)(F)F)C(F)(F)F)C(F)(F)F)C(F)(F)F"
"DTXSID10896496","119511-16-9","PQMAXQVNXSOWGI-UHFFFAOYSA-N","C9H7F11O2","356.027039884","C=CCOCC(F)(OC(F)(F)C(F)(F)C(F)(F)F)C(F)(F)F"
"DTXSID10896512","183873-57-6","FEZXWXKYEADKJL-UHFFFAOYSA-N","C12H13F11O3","414.068904696","CCCCCCOC(=O)C(F)(OC(F)(F)C(F)(F)C(F)(F)F)C(F)(F)F"
"DTXSID10896517","145510-88-9","BQAMBTZSSKIMFP-UHFFFAOYSA-N","C12H7F17O4","538.007288444","CC(C)OC(=O)C(F)(OC(F)(F)C(F)(OC(F)(F)C(F)(F)C(F)(F)F)C(F)(F)F)C(F)(F)F"
"DTXSID10896532","147224-19-9","LEVIEIRQHLCBDF-UHFFFAOYSA-N","C13H7F11O3","420.021954504","O=C(OCc1ccccc1)C(F)(OC(F)(F)C(F)(F)C(F)(F)F)C(F)(F)F"
"DTXSID10896537","928655-42-9","NCAHMWXMGORZAL-UHFFFAOYSA-N","C17H14F23NO3","717.060642368","CCCNCCCC(F)(OC(F)(F)C(F)(OC(F)(F)C(F)(OC(F)(F)C(F)(F)C(F)(F)F)C(F)(F)F)C(F)(F)F)C(F)(F)F"
"DTXSID10896552","1233312-87-2","QAIUGEQQBSAKLV-UHFFFAOYSA-N","C22H8F30O7","953.979099196","OCc1cc(OC(F)(F)C(F)OC(F)(F)C(F)(F)C(F)(F)F)c(OC(F)(F)C(F)OC(F)(F)C(F)(F)C(F)(F)F)c(OC(F)(F)C(F)OC(F)(F)C(F)(F)C(F)(F)F)c1"
"DTXSID10896557","176702-76-4","SDCKSDMRHLPCBU-UHFFFAOYSA-N","C13H8F17NO4","565.018187476","O=C(N1CCOCC1)C(F)(OC(F)(F)C(F)(OC(F)(F)C(F)(F)C(F)(F)F)C(F)(F)F)C(F)(F)F"
"DTXSID10896572","1882109-62-7","YAMSANNBBMRZIT-UHFFFAOYSA-N","C8HF15O2","413.973702572","O=C(O)C(C(F)(F)F)(C(F)(F)F)C(C(F)(F)F)(C(F)(F)F)C(F)(F)F"
"DTXSID10896577","1882109-67-2","BRACVULZXKBSDR-UHFFFAOYSA-N","C8HF15O2","413.973702572","O=C(O)C(F)(F)C(C(F)(F)F)(C(F)(F)C(F)(F)F)C(F)(F)C(F)(F)F"
"DTXSID10896592","35605-76-6","NJLCWERAEIXEIB-UHFFFAOYSA-N","C8HF15O2","413.973702572","O=C(O)C(F)(C(F)(F)C(F)(F)F)C(F)(F)C(F)(F)C(F)(F)C(F)(F)F"
"DTXSID10896597","1144512-18-4","RGXLMLZPWKONOH-UHFFFAOYSA-N","C8HF15O2","413.973702572","O=C(O)C(F)(F)C(F)(F)C(F)(C(F)(F)F)C(F)(F)C(F)(F)C(F)(F)F"
"DTXSID10896613","903523-21-7","WTMCNJASEWFOJJ-UHFFFAOYSA-N","C5HClF8O3","295.948647332","O=C(O)C(F)(F)OC(F)(C(F)(F)F)C(F)(F)Cl"
"DTXSID10896618","62361-02-8","GHVOMBWCWWGKJR-UHFFFAOYSA-N","C10H3F15O4","471.979181876","COC(=O)C(F)(F)C(F)(F)C(F)(F)OC(F)(C(F)(F)F)C(F)(F)OC(F)=C(F)F"
"DTXSID10896633","60453-92-1","QBJDFZSOZNDVDE-UHFFFAOYSA-M","C4F9NaO3S","321.93221312","O=S(=O)([O-])C(F)(F)C(F)(F)C(F)(F)C(F)(F)F.[Na+]"
"DTXSID10896638","96513-97-2","QFICKAQEFXZVIZ-UHFFFAOYSA-N","C7H4F13NO3","396.998359848","O=C([O-])C(F)(OC(F)(F)C(F)(F)C(F)(F)C(F)(F)F)C(F)(F)F.[NH4+]"
"DTXSID10896653","1195164-59-0","UJQUPNIPLJTIOV-UHFFFAOYSA-M","C8F15NaO2","435.95564682","O=C([O-])C(F)(C(F)(F)C(F)(F)F)C(F)(F)C(F)(F)C(F)(F)C(F)(F)F.[Na+]"
"DTXSID10896658","157430-71-2","MWZCKSUNMWRVIG-OWOJBTEDSA-N","C5H2F7I","321.908945604","FC(F)(F)C(F)(F)C(F)(F)/C=C/I"
"DTXSID10896673","185911-29-9","UXYQQIJQHQGVRW-UHFFFAOYSA-N","C8H7F13O3Si","425.995687474","O[Si](O)(O)CCC(F)(F)C(F)(F)C(F)(F)C(F)(F)C(F)(F)C(F)(F)F"
"DTXSID10896678","51249-66-2","NNVSZWKJFYBJPR-OWOJBTEDSA-N","C12H2F22","563.980520904","FC(F)(F)C(F)(F)C(F)(F)C(F)(F)/C=C/C(F)(F)C(F)(F)C(F)(F)C(F)(F)C(F)(F)C(F)(F)F"
"DTXSID10896693","627909-24-4","AQQVULYFDVBMHP-UHFFFAOYSA-N","C10H14F9O3P","384.053684918","CCOP(=O)(CCC(F)(F)C(F)(F)C(F)(F)C(F)(F)F)OCC"
"DTXSID10896698","92678-93-8","KNBHSQUSQNUBFN-UHFFFAOYSA-M","C10H5F17NaO3P","549.96025467","O=P([O-])(O)CCC(F)(F)C(F)(F)C(F)(F)C(F)(F)C(F)(F)C(F)(F)C(F)(F)C(F)(F)F.[Na+]"
"DTXSID10896714","88951-20-6","GCSSQLSSPUPLPE-OLQVQODUSA-N","C11H12F9NO","345.077517984","NC(=O)[C@H]1CC[C@@H](C(F)(F)C(F)(F)C(F)(F)C(F)(F)F)CC1"
"DTXSID10896719","496032-46-3","WQPHWZFYAVBLJS-UHFFFAOYSA-N","C16H12F7O3P","416.041228414","O=P(O)(OC(c1ccccc1)C(F)(F)C(F)(F)C(F)(F)F)c1ccccc1"
"DTXSID10896734","355822-08-1","QIXJBQLHXCUZTC-UHFFFAOYSA-N","C19H14F9NO2","459.088082668","O=c1cc(C(F)(F)C(F)(F)C(F)(F)C(F)(F)F)c2cc3c4c(c2o1)CCCN4CCC3"
"DTXSID10896739","24716-84-5","YSIHFHRTEHLZRU-OWOJBTEDSA-N","C5H2F7I","321.908945604","FC(F)(F)C(F)(/C=C/I)C(F)(F)F"
"DTXSID10896754","155286-99-0","PDVMAVDZLRSWDV-UHFFFAOYSA-I","C26H27F17K5N5O12S","1150.929080444","O=C([O-])CNCCN(CCN(CCN(CCN(CC(=O)[O-])S(=O)(=O)C(F)(F)C(F)(F)C(F)(F)C(F)(F)C(F)(F)C(F)(F)C(F)(F)C(F)(F)F)CC(=O)[O-])CC(=O)[O-])CC(=O)[O-].[K+].[K+].[K+].[K+].[K+]"
"DTXSID10896759","904037-24-7","KXQOFJJFAGOINP-UHFFFAOYSA-N","C6H3F11O2","315.995739756","OC(O)C(F)(F)C(F)(F)C(F)(F)C(F)(F)C(F)(F)F"
"DTXSID10896956","1424379-19-0","MCRGIZNXLJZDQW-UHFFFAOYSA-N","C8F15I","507.8805213","FI(F)C#CC(F)(F)C(F)(F)C(F)(F)C(F)(F)C(F)(F)C(F)(F)F"
"DTXSID10896971","143457-82-3","YRMJFUWKGIHZHN-UHFFFAOYSA-N","C20H24BaF14O5","748.045266148","CC(C)(C)C(=O)CC(=O)C(F)(F)C(F)(F)C(F)(F)F.CC(C)(C)C(=O)CC(=O)C(F)(F)C(F)(F)C(F)(F)F.O.[Ba+2]"
"DTXSID10896991","6780-81-0","BBXKVTNUHGNTHE-UHFFFAOYSA-N","C8H4ClF14O3P","479.936303378","O=P(Cl)(OCC(F)(F)C(F)(F)C(F)(F)F)OCC(F)(F)C(F)(F)C(F)(F)F"
"DTXSID10897004","322392-46-1","OAJRTQKSHFARBK-UHFFFAOYSA-N","C12H12F7NO","319.080711544","NC(Cc1ccccc1)C(O)C(F)(F)C(F)(F)C(F)(F)F"
"DTXSID10897024","1612778-34-3","IPFAAVDLIDTUNL-JZLKGKFRSA-N","C11H6F9NOS","371.002638792","O=[S@](/N=C/c1ccccc1)C(F)(F)C(F)(F)C(F)(F)C(F)(F)F"
"DTXSID10897029","123665-83-8","PFBTUZNXHWKDNA-UHFFFAOYSA-N","C14H14F14N2O2","508.083172768","O=C(NCCCCCCNC(=O)C(F)(F)C(F)(F)C(F)(F)F)C(F)(F)C(F)(F)C(F)(F)F"
"DTXSID10897044","76121-99-8","HBFPETJZCPEQFV-MKWAYWHRSA-M","C10H10AgF7O2","401.9619991","CC(C)(C)/C([O-])=C/C(=O)C(F)(F)C(F)(F)C(F)(F)F.[Ag+]"
"DTXSID10897302","42942-19-8","AXAOXUFTLNFOHV-JHQPOVGHSA-K","C30H30F21O6Pr","1026.0783591","[2H]C([2H])([2H])C(C(=O)/C=C(\[O-])C(F)(F)C(F)(F)C(F)(F)F)(C([2H])([2H])[2H])C([2H])([2H])[2H].[2H]C([2H])([2H])C(C(=O)/C=C(\[O-])C(F)(F)C(F)(F)C(F)(F)F)(C([2H])([2H])[2H])C([2H])([2H])[2H].[2H]C([2H])([2H])C(C(=O)/C=C(\[O-])C(F)(F)C(F)(F)C(F)(F)F)(C([2H])([2H])[2H])C([2H])([2H])[2H].[Pr+3]"
"DTXSID10897307","34788-82-4","ODBVBAQADHJDQG-UHFFFAOYSA-N","C42H42EuF21O6","1194.185836984","CC12CCC([C-](C(=O)C(F)(F)C(F)(F)C(F)(F)F)C1=O)C2(C)C.CC12CCC([C-](C(=O)C(F)(F)C(F)(F)C(F)(F)F)C1=O)C2(C)C.CC12CCC([C-](C(=O)C(F)(F)C(F)(F)C(F)(F)F)C1=O)C2(C)C.[Eu+3]"
"DTXSID10897468","25642-22-2","SQOWQAGMMNBLLE-UHFFFAOYSA-N","C13H11F7N2O4","392.060704372","COC(=O)Nc1ccc(NC(=O)OC)c(C(F)(F)C(F)(F)C(F)(F)F)c1"
"DTXSID10897483","326475-44-9","MZTBKPXOTLFJPW-UHFFFAOYSA-L","C83H27Cl2F97P2Pd","3103.845102824","FC(F)(F)C(F)(F)C(F)(F)C(F)(F)CC(F)(F)C(F)(F)C(F)(F)c1ccc(P(c2ccc(C(F)(F)C(F)(F)C(F)(F)C(F)(F)C(F)(F)C(F)(F)C(F)(F)C(F)(F)F)cc2)c2ccc(C(F)(F)C(F)(F)C(F)(F)C(F)(F)C(F)(F)C(F)(F)C(F)(F)C(F)(F)F)cc2)cc1.FC(F)C(F)(F)C(F)(F)C(F)(F)C(F)(F)C(F)(F)C(F)(F)c1ccc(P(c2ccc(C(F)(F)C(F)(F)C(F)(F)C(F)(F)C(F)(F)C(F)(F)C(F)(F)C(F)(F)F)cc2)c2ccc(C(F)(F)C(F)(F)C(F)(F)C(F)(F)C(F)(F)C(F)(F)C(F)(F)C(F)(F)F)cc2)cc1.[Cl-].[Cl-].[Pd+2]"
"DTXSID10897488","76848-68-5","BGIQSHQSDJMBJM-UHFFFAOYSA-O","C25H26F13N2O5S2","745.107555792","CCN1c2ccc(S(=O)(=O)C(F)(F)C(F)(F)C(F)(F)C(F)(F)C(F)(F)C(F)(F)F)cc2[NH+](CC)C1C.Cc1ccc(S(=O)(=O)O)cc1"
"DTXSID10897504","1401422-21-6","VTRKCHXDEIVAGQ-VSVFBYLCSA-N","C54H57F17N7O8P","1285.373478154","COc1ccc(C(OC[C@H]2OC(n3cnc4c(=O)[nH]c(NC(=O)C(C)C)nc43)C[C@@H]2OP(OCCC#N)N(C(C)C)C(C)C)(c2ccc(CCC(F)(F)C(F)(F)C(F)(F)C(F)(F)C(F)(F)C(F)(F)C(F)(F)C(F)(F)F)cc2)c2ccc(OC)cc2)cc1"
"DTXSID10897524","165663-65-0","JQQZWNQVWNPMOY-UHFFFAOYSA-N","C9H6F11NO2","369.022288852","C=CC/N=C(/O)C(F)(OC(F)(F)C(F)(F)C(F)(F)F)C(F)(F)F"
"DTXSID10897544","174080-50-3","BUSXJIQRFNBMLP-UHFFFAOYSA-N","C12H6F17NO3","535.007622792","C=CCNC(=O)C(F)(OC(F)(F)C(F)(OC(F)(F)C(F)(F)C(F)(F)F)C(F)(F)F)C(F)(F)F"
"DTXSID10897549","15715-47-6","MRUZESNNSQUIOL-UHFFFAOYSA-K","C24AlF45O6","1265.87917125","O=C([O-])C(F)(F)C(F)(F)C(F)(F)C(F)(F)C(F)(C(F)(F)F)C(F)(F)F.O=C([O-])C(F)(F)C(F)(F)C(F)(F)C(F)(F)C(F)(C(F)(F)F)C(F)(F)F.O=C([O-])C(F)(F)C(F)(F)C(F)(F)C(F)(F)C(F)(C(F)(F)F)C(F)(F)F.[Al+3]"
"DTXSID10897564","94475-68-0","-","-","-",NA
"DTXSID10897584","90451-86-8","-","-","-",NA
"DTXSID10897605","1214752-87-0","-","-","-",NA
"DTXSID10897620","65605-65-4","-","-","-",NA
"DTXSID10897625","335593-06-1","-","-","-",NA
"DTXSID10897640","500701-62-2","-","-","-",NA
"DTXSID10897645","65605-66-5","-","-","-",NA
"DTXSID10897660","190062-24-9","-","-","-",NA
"DTXSID10897665","51798-33-5","-","-","-",NA
"DTXSID10897680","1645852-09-0","-","-","-",NA
"DTXSID10897685","161212-10-8","-","-","-",NA
"DTXSID10897701","161308-17-4","-","-","-",NA
"DTXSID10897706","161308-16-3","-","-","-",NA
"DTXSID1094068","25038-89-5","-","-","-",NA
"DTXSID1095404","65059-79-2","-","-","-",NA
"DTXSID20104574","72905-91-0","-","-","-",NA
"DTXSID20106235","125476-71-3","-","-","-",NA
"DTXSID20108072","274917-93-0","-","-","-",NA
"DTXSID20108077","274918-01-3","-","-","-",NA
"DTXSID20108097","306976-55-6","-","-","-",NA
"DTXSID20144319","101896-21-3","UQHBROJZQLWASU-UHFFFAOYSA-N","C19H24F19N2O8P","800.096688538","O=P(OCCC(F)(F)C(F)(F)C(F)(F)C(F)(F)C(F)(F)C(F)(F)C(F)(F)C(F)(F)C(F)(F)F)(ON(CCO)CCO)ON(CCO)CCO"
"DTXSID20153820","122998-72-5","RIRVFUKJSNBDFN-UHFFFAOYSA-N","C47HF95O15","2609.779850232","OOOOOOOOOOOOOOOC(F)(F)C(F)(F)C(F)(F)C(F)(F)C(F)(F)C(F)(F)C(F)(F)C(F)(F)C(F)(F)C(F)(F)C(F)(F)C(F)(F)C(F)(F)C(F)(F)C(F)(F)C(F)(F)C(F)(F)C(F)(F)C(F)(F)C(F)(F)C(F)(F)C(F)(F)C(F)(F)C(F)(F)C(F)(F)C(F)(F)C(F)(F)C(F)(F)C(F)(F)C(F)(F)C(F)(F)C(F)(F)C(F)(F)C(F)(F)C(F)(F)C(F)(F)C(F)(F)C(F)(F)C(F)(F)C(F)(F)C(F)(F)C(F)(F)C(F)(F)C(F)(F)C(F)(F)C(F)(F)C(F)(F)F"
"DTXSID20158476","134051-91-5","NENILPRVDJSLAG-UHFFFAOYSA-N","C25H38F13N2O4P","708.236161186","O=P(OCCCCCCCCCCCC(F)(F)C(F)(F)C(F)(F)C(F)(F)C(F)(F)C(F)(F)F)(N1CCOCC1)N1CCOCC1"
"DTXSID20163727","147492-59-9","FEBCMJRMESQQMH-UHFFFAOYSA-N","C16H21F13","460.143567532","CCCCCCCCCCC(F)(F)C(F)(F)C(F)(F)C(F)(F)C(F)(F)C(F)(F)F"
"DTXSID20170895","1800-91-5","PDFSXHZXNZCKNF-UHFFFAOYSA-N","C10H6F12","354.027788832","C=CC(F)(F)C(F)(F)C(F)(F)C(F)(F)C(F)(F)C(F)(F)C=C"
"DTXSID20176059","21674-38-4","BFAUAMWYFFXWLX-UHFFFAOYSA-N","C24F45N3","1184.9373669","FC(F)(F)C(F)(F)C(F)(F)C(F)(F)C(F)(F)C(F)(F)C(F)(F)c1nc(C(F)(F)C(F)(F)C(F)(F)C(F)(F)C(F)(F)C(F)(F)C(F)(F)F)nc(C(F)(F)C(F)(F)C(F)(F)C(F)(F)C(F)(F)C(F)(F)C(F)(F)F)n1"
"DTXSID20178912","24216-05-5","PEVCFUGKAIGEMQ-UHFFFAOYSA-N","C22H5ClF30N2O4S","997.91795192","O=C(Nc1ccc(S(=O)(=O)Cl)cc1NC(=O)C(F)(F)C(F)(F)C(F)(F)C(F)(F)C(F)(F)C(F)(F)C(F)(F)F)C(F)(F)C(F)(F)C(F)(F)C(F)(F)C(F)(F)C(F)(F)C(F)(F)F"
"DTXSID20179883","252237-40-4","DEXIXSRZQUFPIK-UHFFFAOYSA-N","C8H6F13O3P","427.984697542","O=P(O)(O)CCC(F)(F)C(F)(F)C(F)(F)C(F)(F)C(F)(F)C(F)(F)F"
"DTXSID20188995","355-37-3","XJSRKJAHJGCPGC-UHFFFAOYSA-N","C6HF13","319.987066892","FC(F)C(F)(F)C(F)(F)C(F)(F)C(F)(F)C(F)(F)F"
"DTXSID20189326","358-21-4","ORNGPPZBMMHKPM-UHFFFAOYSA-N","C4F10O","253.97894682","FC(F)(F)C(F)(F)OC(F)(F)C(F)(F)F"
"DTXSID20191242","378-03-0","MPQDGDVBZJSJIA-UHFFFAOYSA-N","C6HF11O3","329.975004312","O=C(O)C(F)(F)C(F)(F)OC(F)(F)C(F)(F)C(F)(F)F"
"DTXSID20195124","423-95-0","RJYUFWDUKZUCSP-UHFFFAOYSA-N","C9HClF16O","463.946043852","O=C(Cl)C(F)(F)C(F)(F)C(F)(F)C(F)(F)C(F)(F)C(F)(F)C(F)(F)C(F)F"
"DTXSID20195169","4236-15-1","NSAFUDAPGVUPIP-UHFFFAOYSA-N","C13H12F17NO3S","585.026643984","CCCN(CCO)S(=O)(=O)C(F)(F)C(F)(F)C(F)(F)C(F)(F)C(F)(F)C(F)(F)C(F)(F)C(F)(F)F"
"DTXSID20206380","57678-05-4","MCYKSXMNSXNCIY-UHFFFAOYSA-N","C12H6F21O4P","643.966837922","O=P(O)(O)OCCC(F)(F)C(F)(F)C(F)(F)C(F)(F)C(F)(F)C(F)(F)C(F)(F)C(F)(F)C(F)(F)C(F)(F)F"
"DTXSID20207771","59006-65-4","XBZLJCYNLZUIGP-UHFFFAOYSA-N","C9H7F9O2","318.030233444","C=C(C)C(=O)OCC(F)(F)C(F)(F)C(F)(F)C(F)(F)F"
"DTXSID20208223","59536-17-3","SXBMPMGQGCCPFW-UHFFFAOYSA-M","C15H4F17NaO4S","625.945653628","O=S(=O)([O-])c1ccc(OC(F)(F)C(F)=C(F)C(F)(F)C(F)(F)C(F)(F)C(F)(F)C(F)(F)C(F)(F)F)cc1.[Na+]"
"DTXSID20209134","6037-91-8","OURRZLCUWZZPKV-UHFFFAOYSA-N","C4F7IO","323.88821016","FC(F)=C(F)OC(F)(F)C(F)(F)I"
"DTXSID20234486","85284-17-9","VLOGHPGPUCKSEA-UHFFFAOYSA-M","C12H4F11NaO4S","475.955234308","O=S(=O)([O-])c1ccc(OC(=C(C(F)(F)F)C(F)(F)F)C(F)(F)C(F)(F)F)cc1.[Na+]"
"DTXSID20234926","85665-64-1","LTDRWTUOFBENPA-UHFFFAOYSA-N","C11H12F13NO3S","485.033031104","CCCN(CCO)S(=O)(=O)C(F)(F)C(F)(F)C(F)(F)C(F)(F)C(F)(F)C(F)(F)F"
"DTXSID20239572","93762-12-0","QSEWDLHUEPHPCY-UHFFFAOYSA-N","C8H10F9NO4S","387.01868278","O=S(=O)(N(CCO)CCO)C(F)(F)C(F)(C(F)(F)F)C(F)(F)F"
"DTXSID20239597","93776-24-0","PAJVLINIFULMHT-UHFFFAOYSA-N","C22H12F38NO4P","1106.989716854","O=P([O-])(OCCC(F)(F)C(F)(F)C(F)(F)C(F)(F)C(F)(F)C(F)(F)C(F)(C(F)(F)F)C(F)(F)F)OCCC(F)(F)C(F)(F)C(F)(F)C(F)(F)C(F)(F)C(F)(F)C(F)(C(F)(F)F)C(F)(F)F.[NH4+]"
"DTXSID20240840","94158-64-2","WSPGUHLVXPTGNB-UHFFFAOYSA-N","C21H9F31O2","882.010754348","C=C(C)C(=O)OCCC(F)(F)C(F)(F)C(F)(F)C(F)(F)C(F)(F)C(F)(F)C(F)(F)C(F)(F)C(F)(F)C(F)(F)C(F)(F)C(F)(F)C(F)(C(F)(F)F)C(F)(F)F"
"DTXSID20241211","94237-17-9","KPVGLNAGKNDXKJ-UHFFFAOYSA-N","C11H13Cl2F13OSi2","533.967440316","C[Si](C)(C)O[Si](Cl)(Cl)CCC(F)(F)C(F)(F)C(F)(F)C(F)(F)C(F)(F)C(F)(F)F"
"DTXSID20285776","559-91-1","UKYZDGAVBNKBPQ-UHFFFAOYSA-N","C10H5F7O","274.02286232","O=C(c1ccccc1)C(F)(F)C(F)(F)C(F)(F)F"
"DTXSID20296261","355-91-9","PAESHGHUQXDFGZ-UHFFFAOYSA-N","C6H5F7N2O4","302.01375418","O=[N+]([O-])CC(C[N+](=O)[O-])C(F)(F)C(F)(F)C(F)(F)F"
"DTXSID2029905","865-86-1","FLXYIZWPNQYPIT-UHFFFAOYSA-N","C12H5F21O","564.0005074","OCCC(F)(F)C(F)(F)C(F)(F)C(F)(F)C(F)(F)C(F)(F)C(F)(F)C(F)(F)C(F)(F)C(F)(F)F"
"DTXSID20315906","424-54-4","CIAFXLYUEVKNBA-UHFFFAOYSA-N","C8H8F7NO","267.049411416","O=C(N1CCCC1)C(F)(F)C(F)(F)C(F)(F)F"
"DTXSID2032421","29457-72-5","XVCUGNWRDDNCRD-UHFFFAOYSA-M","C8F17LiO3S","505.94567415","O=S(=O)([O-])C(F)(F)C(F)(F)C(F)(F)C(F)(F)C(F)(F)C(F)(F)C(F)(F)C(F)(F)F.[Li+]"
"DTXSID20326739","69481-44-3","LJUFPWCKMGTCMC-UHFFFAOYSA-N","C11H5F7O2","302.01777694","O=C(C(=O)C(F)(F)C(F)(F)C(F)(F)F)c1ccccc1"
"DTXSID20330472","29214-37-7","XONFSEOHZGSMJG-UHFFFAOYSA-N","C9H2F18O4S2","579.910708504","O=S(=O)(CS(=O)(=O)C(F)(F)C(F)(F)C(F)(F)C(F)(F)F)C(F)(F)C(F)(F)C(F)(F)C(F)(F)F"
"DTXSID20331161","17631-67-3","SPSMGGNCLUZKBY-UHFFFAOYSA-N","C30H30F21GdO6","1043.0948102","CC(C)(C)C(=O)[CH-]C(=O)C(F)(F)C(F)(F)C(F)(F)F.CC(C)(C)C(=O)[CH-]C(=O)C(F)(F)C(F)(F)C(F)(F)F.CC(C)(C)C(=O)[CH-]C(=O)C(F)(F)C(F)(F)C(F)(F)F.[Gd+3]"
"DTXSID20335129","918-22-9","SWAPKQWKFYIOJS-UHFFFAOYSA-N","C6Br2F12","457.81751284","FC(F)(Br)C(F)(F)C(F)(F)C(F)(F)C(F)(F)C(F)(F)Br"
"DTXSID20335700","424-18-0","NJXMLQHJFDKLKL-UHFFFAOYSA-N","C7H3F11O2","327.995739756","COC(=O)C(F)(F)C(F)(F)C(F)(F)C(F)(F)C(F)(F)F"
"DTXSID20337244","355-22-6","CZPWXOSMOFCBOR-UHFFFAOYSA-N","C6H7F7O","228.038512384","CC(C)(O)C(F)(F)C(F)(F)C(F)(F)F"
"DTXSID20337446","34143-74-3","URJIJZCEKHSLHA-UHFFFAOYSA-N","C10H5F17S","479.9840509","FC(F)(F)C(F)(F)C(F)(F)C(F)(F)C(F)(F)C(F)(F)C(F)(F)C(F)(F)CCS"
"DTXSID20337466","2648-47-7","BQFRALWVZATVGY-UHFFFAOYSA-N","C5H2F8O","229.997790444","O=CC(F)(F)C(F)(F)C(F)(F)C(F)F"
"DTXSID20340298","29723-32-8","ZMEUDXSOKSBVSN-DNTJNYDQSA-N","C12H10F7N","301.07014686","FC(F)(F)C(F)(F)C(F)(F)/C=N/CCc1ccccc1"
"DTXSID20371103","120674-92-2","NPLOLZJLEABUQT-UHFFFAOYSA-N","C12F26Hg","839.92912672","FC(F)(F)C(F)(F)C(F)(F)[C]([Hg][C](C(F)(F)F)(C(F)(F)F)C(F)(F)C(F)(F)C(F)(F)F)(C(F)(F)F)C(F)(F)F"
"DTXSID20371305","51249-64-0","KSXRFZHNNOXBLE-UHFFFAOYSA-N","C8H2BrF13","423.913229024","C=C(Br)C(F)(F)C(F)(F)C(F)(F)C(F)(F)C(F)(F)C(F)(F)F"
"DTXSID20371481","16486-98-9","UUDAHXKFALCGJQ-UHFFFAOYSA-N","C8ClF16I","561.8477772","FC(F)(Cl)C(F)(F)C(F)(F)C(F)(F)C(F)(F)C(F)(F)C(F)(F)C(F)(F)I"
"DTXSID20371921","158607-41-1","UQZFWRDNDBASDI-UHFFFAOYSA-N","C14H5F23O2","641.99222846","CCOC(=O)C(F)(F)C(F)(F)C(F)(F)C(F)(F)C(F)(F)C(F)(F)C(F)(F)C(F)(F)C(F)(F)C(F)(F)C(F)(F)F"
"DTXSID20372190","648-42-0","OLXJWIOOAUUDHX-UHFFFAOYSA-N","C7H7F7O","240.038512384","C=CCOCC(F)(F)C(F)(F)C(F)(F)F"
"DTXSID20377827","2358-22-7","SMJYTRJJHRJAED-UHFFFAOYSA-N","C7H2F13NO","362.992880544","NC(=O)C(F)(F)C(F)(F)C(F)(F)C(F)(F)C(F)(F)C(F)(F)F"
"DTXSID20379361","16059-16-8","TYEUBAWEDRQJFN-UHFFFAOYSA-N","C30H18F48N3O6P3","1520.964199746","FC(F)C(F)(F)C(F)(F)C(F)(F)COP1(OCC(F)(F)C(F)(F)C(F)(F)C(F)F)=NP(OCC(F)(F)C(F)(F)C(F)(F)C(F)F)(OCC(F)(F)C(F)(F)C(F)(F)C(F)F)=NP(OCC(F)(F)C(F)(F)C(F)(F)C(F)F)(OCC(F)(F)C(F)(F)C(F)(F)C(F)F)=N1"
"DTXSID20379422","131771-31-8","QBAODHXWEYFWJU-UHFFFAOYSA-N","C14H10F17IO","643.95049268","FC(F)(F)C(F)(F)C(F)(F)C(F)(F)C(F)(F)C(F)(F)C(F)(F)C(F)(F)CC1COCC1CI"
"DTXSID20379427","375-51-9","FBJVLVWUMYWJMY-UHFFFAOYSA-N","C4F9I","345.89010198","FC(F)(F)C(F)(F)C(F)(I)C(F)(F)F"
"DTXSID20379563","203303-00-8","QHUMNQRKSPEXJP-UHFFFAOYSA-N","C16H3F29O2","777.966997716","COC(=O)C(F)(F)C(F)(F)C(F)(F)C(F)(F)C(F)(F)C(F)(F)C(F)(F)C(F)(F)C(F)(F)C(F)(F)C(F)(F)C(F)(F)C(F)(F)C(F)(F)F"
"DTXSID20379700","375-17-7","ZQTIKDIHRRLSRV-UHFFFAOYSA-N","C4HF9","219.993454012","FC(F)C(F)(F)C(F)(F)C(F)(F)F"
"DTXSID20379806","118694-32-9","PCEMNVWCINQDOH-UHFFFAOYSA-N","C14F30","737.9520966","FC(F)(F)C(F)(C(F)(F)F)C(F)(F)C(F)(F)C(F)(F)C(F)(F)C(F)(F)C(F)(F)C(F)(F)C(F)(F)C(F)(C(F)(F)F)C(F)(F)F"
"DTXSID20379861","86994-47-0","QJNMSQFOKUQZBA-UHFFFAOYSA-N","C13H11F13O3","462.050061072","C=C(C)C(=O)OCC(O)CC(F)(F)C(F)(F)C(F)(F)C(F)(F)C(F)(F)C(F)(F)F"
"DTXSID20379886","31200-98-3","RRPJMPARBFYNMD-UHFFFAOYSA-N","C11H5F19O","514.00370096","OCCC(F)(F)C(F)(F)C(F)(F)C(F)(F)C(F)(F)C(F)(F)C(F)(C(F)(F)F)C(F)(F)F"
"DTXSID20379907","16083-62-8","MGICORPGWNJZPY-UHFFFAOYSA-N","C10H6F15IO","553.922386112","OCC(I)CC(F)(F)C(F)(F)C(F)(F)C(F)(F)C(F)(C(F)(F)F)C(F)(F)F"
"DTXSID20379927","80793-20-0","ZYHWHNDIVSRFMS-NSCUHMNNSA-N","C9H5F13","360.01836702","C/C=C/C(F)(F)C(F)(F)C(F)(F)C(F)(F)C(F)(F)C(F)(F)F"
"DTXSID20379947","34451-26-8","GTPHVVCYEWPQFE-UHFFFAOYSA-N","C8H5F13S","379.99043802","FC(F)(F)C(F)(F)C(F)(F)C(F)(F)C(F)(F)C(F)(F)CCS"
"DTXSID20379982","230295-05-3","OHNVFWYDJQNNQO-UHFFFAOYSA-N","C13H5F17O4","547.99163838","C=C(CC(=O)OC(F)(F)C(F)(F)C(F)(F)C(F)(F)C(F)(F)C(F)(F)C(F)(F)C(F)(F)F)C(=O)O"
"DTXSID20380250","226575-14-0","WBIQBVWPTRRHCM-UHFFFAOYSA-N","C5H3F7O","212.007212256","C=CC(F)(OC(F)(F)F)C(F)(F)F"
"DTXSID20380674","88562-41-8","YOIHZDOLVJDWDY-UHFFFAOYSA-N","C5H3F7","196.012297636","C=CC(F)(C(F)(F)F)C(F)(F)F"
"DTXSID20380871","93706-76-4","DCXZWVLJCYXHDV-UHFFFAOYSA-N","C15H11F17O3","562.043673952","C=C(C)C(=O)OCC(O)CC(F)(F)C(F)(F)C(F)(F)C(F)(F)C(F)(F)C(F)(F)C(F)(F)C(F)(F)F"
"DTXSID20381045","317817-24-6","WDIFKQOHZPTQIR-UHFFFAOYSA-N","C10H3F19O4","547.972794756","OCC(F)(F)OC(F)(F)C(F)(F)OC(F)(F)C(F)(F)OC(F)(F)C(F)(F)C(F)(F)C(F)(F)F"
"DTXSID20382052","212563-43-4","GBDROMNKGSCMDH-UHFFFAOYSA-N","C7H2F13I","459.899364924","FC(F)(F)C(F)(F)C(F)(F)C(F)(F)C(F)(F)C(F)(F)CI"
"DTXSID20382072","67103-05-3","CAAQNKVBCKOIAP-UHFFFAOYSA-N","C14H3F25","645.983555596","C=CC(F)(F)C(F)(F)C(F)(F)C(F)(F)C(F)(F)C(F)(F)C(F)(F)C(F)(F)C(F)(F)C(F)(F)C(F)(F)C(F)(F)F"
"DTXSID20382153","62038-08-8","NBBJALWGNSZLRP-UHFFFAOYSA-N","C7F13N","344.98231586","N#CC(F)(F)C(F)(F)C(F)(F)C(F)(F)C(F)(F)C(F)(F)F"
"DTXSID20382158","16627-71-7","ZNBGTBKGFZMWKR-UHFFFAOYSA-N","C7H4F12O","332.007053388","FC(F)C(F)(F)OCC(F)(F)C(F)(F)C(F)(F)C(F)F"
"DTXSID20382274","2/03/6401","DJQMSULGPPSGHC-UHFFFAOYSA-N","C5H3F9O3S","313.965918936","COS(=O)(=O)C(F)(F)C(F)(F)C(F)(F)C(F)(F)F"
"DTXSID20382355","885275-56-9","CBZXLVMVIMSMCZ-UHFFFAOYSA-N","C20H19F25O3Si","810.070426498","CCO[Si](CCC(F)(F)C(F)(F)C(F)(F)C(F)(F)C(F)(F)C(F)(F)C(F)(F)C(F)(F)C(F)(F)C(F)(F)C(F)(F)C(F)(F)F)(OCC)OCC"
"DTXSID20382618","16083-64-0","DQVFKOBJDNVRJK-UHFFFAOYSA-N","C10H6F15IO","553.922386112","OCC(I)CC(F)(F)C(F)(F)C(F)(F)C(F)(F)C(F)(F)C(F)(F)C(F)(F)F"
"DTXSID20399867","62315-07-5","HNVMERIRLUAKLX-UHFFFAOYSA-N","C16H9F9N2O2","432.052031508","O=C(Nc1ccc(OC(F)(F)C(F)(F)C(F)(F)C(F)(F)F)cc1)c1cccnc1"
"DTXSID20402082","133310-72-2","IWIJPSWAAIRVQF-UHFFFAOYSA-N","C22H29F17","616.199780668","CCCCCCCCCCCCCCC(F)(F)C(F)(F)C(F)(F)C(F)(F)C(F)(F)C(F)(F)C(F)(F)C(F)(F)F"
"DTXSID2042301","79070-11-4","-","-","-",NA
"DTXSID20433053","91543-34-9","KINYELQWZVVDLB-UHFFFAOYSA-N","C12F29P","725.92745501","FC(F)(F)C(F)(F)C(F)(F)C(F)(F)P(F)(F)(C(F)(F)C(F)(F)C(F)(F)C(F)(F)F)C(F)(F)C(F)(F)C(F)(F)C(F)(F)F"
"DTXSID20434227","143469-51-6","CNLNFEHEUBCQRA-UHFFFAOYSA-N","C7H3F7O2","252.002126876","O=C1C=CC(C(F)(F)C(F)(F)C(F)(F)F)O1"
"DTXSID20440585","133331-77-8","WRYIIOKOQSICTB-UHFFFAOYSA-N","C14H17F13","432.112267404","CCCCCCCCC(F)(F)C(F)(F)C(F)(F)C(F)(F)C(F)(F)C(F)(F)F"
"DTXSID20444220","139175-50-1","CVTWASMMVSOPEW-UHFFFAOYSA-N","C11H8F17N","477.038528996","NCCCC(F)(F)C(F)(F)C(F)(F)C(F)(F)C(F)(F)C(F)(F)C(F)(F)C(F)(F)F"
"DTXSID20446284","201740-73-0","XBCIYHZQPNYTIF-UHFFFAOYSA-N","C24H12F39N3Sn","1202.943042664","[N-]=[N+]=[N][Sn]([CH2]CC(F)(F)C(F)(F)C(F)(F)C(F)(F)C(F)(F)C(F)(F)F)([CH2]CC(F)(F)C(F)(F)C(F)(F)C(F)(F)C(F)(F)C(F)(F)F)[CH2]CC(F)(F)C(F)(F)C(F)(F)C(F)(F)C(F)(F)C(F)(F)F"
"DTXSID2044630","2641-34-1","YSIGVPOSKQLNTO-UHFFFAOYSA-N","C9F18O3","497.95600182","O=C(F)C(F)(OC(F)(F)C(F)(OC(F)(F)C(F)(F)C(F)(F)F)C(F)(F)F)C(F)(F)F"
"DTXSID20451116","556050-48-7","XLFQCGUSTBBBAK-UHFFFAOYSA-N","C20H14F13NO5","595.066439408","O=C(OCc1ccc(CCC(F)(F)C(F)(F)C(F)(F)C(F)(F)C(F)(F)C(F)(F)F)cc1)ON1C(=O)CCC1=O"
"DTXSID20454425","2398-75-6","PACASBRIKDMTSP-UHFFFAOYSA-N","C10H5F9","296.02475414","FC(F)(F)C(F)(F)C(F)(F)C(F)(F)c1ccccc1"
"DTXSID20459495","38436-17-8","RTGGFPLAKRCINA-UHFFFAOYSA-N","C6H5F9","248.02475414","CCC(F)(F)C(F)(F)C(F)(F)C(F)(F)F"
"DTXSID20462500","680187-85-3","AXBAJZBYMBZLLS-UHFFFAOYSA-N","C8H3F13OS","393.969702576","C=CS(=O)C(F)(F)C(F)(F)C(F)(F)C(F)(F)C(F)(F)C(F)(F)F"
"DTXSID20464266","852527-50-5","SAQMTNGZQLPXJU-UHFFFAOYSA-N","C11H9F13INO","544.952128768","O=C(CI)NCCCC(F)(F)C(F)(F)C(F)(F)C(F)(F)C(F)(F)C(F)(F)F"
"DTXSID20465531","56112-35-7","VNEGZSKUFZUCAV-UHFFFAOYSA-N","C10H5F7O","274.02286232","O=C(c1ccccc1)C(F)(C(F)(F)F)C(F)(F)F"
"DTXSID20471970","60023-26-9","QMPHOSZUUXOKIV-UHFFFAOYSA-N","C11H9F13O2","420.039496388","CCOC(=O)CCC(F)(F)C(F)(F)C(F)(F)C(F)(F)C(F)(F)C(F)(F)F"
"DTXSID2047565","2043-57-4","NVVZEKTVIXIUKW-UHFFFAOYSA-N","C8H4F13I","473.915014988","FC(F)(F)C(F)(F)C(F)(F)C(F)(F)C(F)(F)C(F)(F)CCI"
"DTXSID20476364","40161-59-9","BQLMQSIVUSOLBF-UHFFFAOYSA-N","C9H4F7I","371.924595668","FC(F)(F)C(F)(c1ccc(I)cc1)C(F)(F)F"
"DTXSID20477472","228569-98-0","JHHFZIKMVTVDED-UHFFFAOYSA-N","C11H16F9N","333.113903492","CNCCCCCCC(F)(F)C(F)(F)C(F)(F)C(F)(F)F"
"DTXSID20485239","61324-30-9","HATCNXLXAZKUEN-UHFFFAOYSA-N","C9H6F7NO","277.033761352","Nc1cc(C(F)(F)C(F)(F)C(F)(F)F)ccc1O"
"DTXSID20508972","67727-74-6","ZZUHWLUVQQXPAI-UHFFFAOYSA-N","C15H4BrF17O3","633.907235828","O=C(c1ccc(Br)cc1)C(F)(OC(F)(F)C(F)(OC(F)(F)C(F)(F)C(F)(F)F)C(F)(F)F)C(F)(F)F"
"DTXSID20512034","65440-93-9","CDMCLELUDINUDU-UHFFFAOYSA-N","C12H5F13","396.01836702","FC(F)(F)C(F)(F)C(F)(F)C(F)(F)C(F)(F)C(F)(F)c1ccccc1"
"DTXSID20535647","40735-32-8","REVTURCVXSGZNE-UHFFFAOYSA-N","C10H12F9I","429.984002364","CCCCC(I)CC(F)(F)C(F)(F)C(F)(F)C(F)(F)F"
"DTXSID20556918","120903-40-4","QCWQPRUOTXVNSB-UHFFFAOYSA-N","C8F13NO","372.97723048","N#CC(F)(F)C(F)(F)C(F)(F)C(F)(F)C(F)(F)OC(F)=C(F)F"
"DTXSID20566779","143094-26-2","FYNRUUHZYNMDNP-UHFFFAOYSA-N","C11H5F13N2","412.02451502","Nc1ccncc1C(F)(F)C(F)(F)C(F)(F)C(F)(F)C(F)(F)C(F)(F)F"
"DTXSID20570533","172287-15-9","OJIWQOOBUZRMCG-UHFFFAOYSA-N","C8H7F9O2","306.030233444","CCOC(=O)CC(F)(F)C(F)(F)C(F)(F)C(F)(F)F"
"DTXSID20577986","140834-64-6","QSFHSDZDCSCCGQ-UHFFFAOYSA-N","C8H7F9O","290.035318824","CC(=O)CCC(F)(F)C(F)(F)C(F)(F)C(F)(F)F"
"DTXSID20583360","240497-26-1","IXGCTPQSODDMDJ-UHFFFAOYSA-N","C18H13F27Sn","861.960807056","FC(F)(F)C(F)(F)C(F)(F)C(F)(F)C[CH2][SnH]([CH2]CC(F)(F)C(F)(F)C(F)(F)C(F)(F)F)[CH2]CC(F)(F)C(F)(F)C(F)(F)C(F)(F)F"
"DTXSID20584837","916770-15-5","CBCNBGCPSUHKHN-UHFFFAOYSA-N","C21H12ClF26N3O2","867.020288024","FC(F)(F)C(F)(F)C(F)(F)C(F)(F)C(F)(F)C(F)(F)CCCOc1nc(Cl)nc(OCCCC(F)(F)C(F)(F)C(F)(F)C(F)(F)C(F)(F)C(F)(F)F)n1"
"DTXSID20595367","88951-28-4","RSWLJPUDHSYLBQ-UHFFFAOYSA-N","C14H11F15O2","496.051952892","O=C(O)C1CCC(C(F)(F)C(F)(F)C(F)(F)C(F)(F)C(F)(F)C(F)(F)C(F)(F)F)CC1"
"DTXSID2060331","558-97-4","YYCFEDCTRHSPLB-UHFFFAOYSA-N","C9F19I","595.87413418","FC(F)(F)C(F)(F)C(F)(F)C(F)(F)C(F)(F)C(F)(F)C(F)(F)C(F)(F)C(F)(F)I"
"DTXSID20607131","92886-04-9","IBWLYZQXVSGTFO-UHFFFAOYSA-N","C17H16F18O2S2","658.030429712","CC(CCC(=O)O)(SCCC(F)(F)C(F)(F)C(F)(F)C(F)(F)F)SCCC(F)(F)C(F)(F)C(F)(F)C(F)(F)F"
"DTXSID2060965","662-50-0","FOBJABJCODOMEO-UHFFFAOYSA-N","C4H2F7NO","213.002461224","NC(=O)C(F)(F)C(F)(F)C(F)(F)F"
"DTXSID2061147","812-94-2","ZDKQQLGFDAYLPC-UHFFFAOYSA-N","C9H12F9NO3S","385.039418224","CN(CCCCO)S(=O)(=O)C(F)(F)C(F)(F)C(F)(F)C(F)(F)F"
"DTXSID20615933","384-04-3","GHWUXRFRFCNVJI-UHFFFAOYSA-N","C5F8","211.98722576","FC(F)=C(F)C(=C(F)F)C(F)(F)F"
"DTXSID2061729","1492-87-1","PGYDZCBTWHHAQX-UHFFFAOYSA-N","C12H14F9NO4S","439.049982908","C=CC(=O)OCCCCN(C)S(=O)(=O)C(F)(F)C(F)(F)C(F)(F)C(F)(F)F"
"DTXSID20625517","45291-33-6","WSEQBIVQCARAMW-UHFFFAOYSA-N","C9H3F15O2","427.989352636","O=C(O)CC(F)(F)C(F)(F)C(F)(F)C(F)(F)C(F)(F)C(F)(F)C(F)(F)F"
"DTXSID2062747","2965-52-8","BZZAKKWGRKFWJJ-UHFFFAOYSA-N","C24H19F34N2O8PS2","1203.977753678","CCN(CCOP(=O)(O)OCCN(CC)S(=O)(=O)C(F)(F)C(F)(F)C(F)(F)C(F)(F)C(F)(F)C(F)(F)C(F)(F)C(F)(F)F)S(=O)(=O)C(F)(F)C(F)(F)C(F)(F)C(F)(F)C(F)(F)C(F)(F)C(F)(F)C(F)(F)F"
"DTXSID20629515","99325-17-4","SDVKQEYHUIMFIB-UHFFFAOYSA-N","C8H4F13I","473.915014988","FC(F)(I)CC(F)(F)CC(F)(F)C(F)(F)C(F)(F)C(F)(F)F"
"DTXSID2063050","6/08/3486","OUFXTVSYOAPUKM-UHFFFAOYSA-N","C7F15I","495.8805213","FC(F)(F)C(F)(C(F)(F)F)C(F)(F)C(F)(F)C(F)(F)C(F)(F)I"
"DTXSID2063214","3872-25-1","MNUZXTVANFJFPD-UHFFFAOYSA-M","C5F11KO3S","387.90295696","O=S(=O)([O-])C(F)(F)C(F)(F)C(F)(F)C(F)(F)C(F)(F)F.[K+]"
"DTXSID2065969","15899-31-7","WIXVASFEKZIRFM-UHFFFAOYSA-N","C9HF17O2","463.970509012","O=C(O)C(F)(F)C(F)(F)C(F)(F)C(F)(F)C(F)(F)C(F)(C(F)(F)F)C(F)(F)F"
"DTXSID20660160","27617-34-1","AUFAGMAKCNOJNR-UHFFFAOYSA-N","C18H3F35O6","979.937075516","OCC(F)(OC(F)(F)C(F)(OC(F)(F)C(F)(OC(F)(F)C(F)(OC(F)(F)C(F)(OC(F)(F)C(F)(F)C(F)(F)F)C(F)(F)F)C(F)(F)F)C(F)(F)F)C(F)(F)F)C(F)(F)F"
"DTXSID2066064","16486-96-7","CQXLVCXAWBBSDD-UHFFFAOYSA-N","C13HF25O2","663.957734772","O=C(O)C(F)(F)C(F)(F)C(F)(F)C(F)(F)C(F)(F)C(F)(F)C(F)(F)C(F)(F)C(F)(F)C(F)(C(F)(F)F)C(F)(F)F"
"DTXSID2067327","27619-88-1","VKUQIBIIJYOHSC-UHFFFAOYSA-N","C6H4ClF9O2S","345.947682028","O=S(=O)(Cl)CCC(F)(F)C(F)(F)C(F)(F)C(F)(F)F"
"DTXSID2067329","27619-90-5","BXLIWKCKMHDVHE-UHFFFAOYSA-N","C10H4ClF17O2S","545.934907788","O=S(=O)(Cl)CCC(F)(F)C(F)(F)C(F)(F)C(F)(F)C(F)(F)C(F)(F)C(F)(F)C(F)(F)F"
"DTXSID2067535","30046-31-2","DBXLDZXWSFMBRB-UHFFFAOYSA-N","C14H4F25I","773.895853628","FC(F)(F)C(F)(F)C(F)(F)C(F)(F)C(F)(F)C(F)(F)C(F)(F)C(F)(F)C(F)(F)C(F)(F)C(F)(F)C(F)(F)CCI"
"DTXSID2068557","50598-29-3","GRXIBAUTCQPULC-UHFFFAOYSA-N","C15H8F17NO2S","589.000429236","O=S(=O)(NCc1ccccc1)C(F)(F)C(F)(F)C(F)(F)C(F)(F)C(F)(F)C(F)(F)C(F)(F)C(F)(F)F"
"DTXSID2069361","59778-97-1","XLGBPNZHUPJRPB-UHFFFAOYSA-N","C22H9F33O2","932.007560788","C=C(C)C(=O)OCCC(F)(F)C(F)(F)C(F)(F)C(F)(F)C(F)(F)C(F)(F)C(F)(F)C(F)(F)C(F)(F)C(F)(F)C(F)(F)C(F)(F)C(F)(F)C(F)(F)C(F)(F)C(F)(F)F"
"DTXSID20694127","120695-78-5","BJZGOHYMGKSXBU-OWOJBTEDSA-N","C6F11I","407.88690842","F/C(=C(/F)C(F)(C(F)(F)F)C(F)(F)F)C(F)(F)I"
"DTXSID20694203","502457-69-4","WJDQWIRUUMDSKH-UHFFFAOYSA-N","C8H8F6O","234.047934196","CC(=CC(=O)CC(F)(F)F)CC(F)(F)F"
"DTXSID20700297","122179-35-5","WCXHKBNLYSFANT-UHFFFAOYSA-N","C16H20F18OSi2","626.07652628","C[Si](C)(C)O[Si](C)(C(F)(F)C(F)(F)C(F)(F)CCC(F)(F)F)C(F)(F)C(F)(F)C(F)(F)CCC(F)(F)F"
"DTXSID20701380","70910-41-7","UQUBSYBWYVTSRS-UHFFFAOYSA-N","C12H7F17O2","506.017459204","CC(C)OC(=O)C(F)(F)C(F)(F)C(F)(F)C(F)(F)C(F)(F)C(F)(F)C(F)(F)C(F)(F)F"
"DTXSID2070217","65104-63-4","ZVYZCXJEWPRVAQ-UHFFFAOYSA-N","C20H4F37I","1073.876692268","FC(F)(F)C(F)(F)C(F)(F)C(F)(F)C(F)(F)C(F)(F)C(F)(F)C(F)(F)C(F)(F)C(F)(F)C(F)(F)C(F)(F)C(F)(F)C(F)(F)C(F)(F)C(F)(F)C(F)(F)C(F)(F)CCI"
"DTXSID2070219","65104-65-6","FDCQNVKWWMNRQN-UHFFFAOYSA-N","C20H5F37O","963.97495892","OCCC(F)(F)C(F)(F)C(F)(F)C(F)(F)C(F)(F)C(F)(F)C(F)(F)C(F)(F)C(F)(F)C(F)(F)C(F)(F)C(F)(F)C(F)(F)C(F)(F)C(F)(F)C(F)(F)C(F)(F)C(F)(F)F"
"DTXSID2070342","65702-24-1","UKNLPYXLGGKLMW-UHFFFAOYSA-N","C11H4ClF19O2S","595.931714228","O=S(=O)(Cl)CCC(F)(F)C(F)(F)C(F)(F)C(F)(F)C(F)(F)C(F)(F)C(F)(F)C(F)(F)C(F)(F)F"
"DTXSID2070500","67584-48-9","OEYYQKXFSDVKJI-UHFFFAOYSA-N","C9H6F13NO2S","438.991166292","C=CCNS(=O)(=O)C(F)(F)C(F)(F)C(F)(F)C(F)(F)C(F)(F)C(F)(F)F"
"DTXSID2070502","67584-50-3","FGUIJRKFZDKNCE-UHFFFAOYSA-N","C12H11Cl3F15NO2SSi","650.910582462","CCN(CCC[Si](Cl)(Cl)Cl)S(=O)(=O)C(F)(F)C(F)(F)C(F)(F)C(F)(F)C(F)(F)C(F)(F)C(F)(F)F"
"DTXSID2070504","67584-52-5","VJZIVFKBUDETNE-UHFFFAOYSA-M","C9H7F11KNO4S","472.955720804","CCN(CC(=O)[O-])S(=O)(=O)C(F)(F)C(F)(F)C(F)(F)C(F)(F)C(F)(F)F.[K+]"
"DTXSID2070506","67584-54-7","RFJQYRXZGNILIY-UHFFFAOYSA-N","C12H13F15N2O2S","534.045821956","CN(C)CCCNS(=O)(=O)C(F)(F)C(F)(F)C(F)(F)C(F)(F)C(F)(F)C(F)(F)C(F)(F)F"
"DTXSID2070508","67584-56-9","FZWFDJBZTLTRGH-UHFFFAOYSA-N","C11H10F11NO4S","461.01548922","C=CC(=O)OCCN(C)S(=O)(=O)C(F)(F)C(F)(F)C(F)(F)C(F)(F)C(F)(F)F"
"DTXSID2070924","67969-65-7","WKGHYGHEIVLMOZ-UHFFFAOYSA-N","C10H11F13NO6PS","550.983711562","CCN(CCOP(=O)(O)O)S(=O)(=O)C(F)(F)C(F)(F)C(F)(F)C(F)(F)C(F)(F)C(F)(F)F"
"DTXSID2071368","68298-06-6","ZCIQIKYETQVARM-UHFFFAOYSA-N","C12H12F11NO4S","475.031139284","C=CC(=O)OCCN(CC)S(=O)(=O)C(F)(F)C(F)(F)C(F)(F)C(F)(F)C(F)(F)F"
"DTXSID20715083","423-47-2","RVXNCBTYCJIUBK-UHFFFAOYSA-N","C10H11F11N2O2","400.064488012","C1CNCCN1.O=C(O)C(F)(F)C(F)(F)C(F)(F)C(F)(F)C(F)(F)F"
"DTXSID2071655","68555-66-8","OEIUCKZRGRKVRL-UHFFFAOYSA-M","C7F15NaO2S","455.92771782","O=S([O-])C(F)(F)C(F)(F)C(F)(F)C(F)(F)C(F)(F)C(F)(F)C(F)(F)F.[Na+]"
"DTXSID2071657","68555-68-0","VWFMQKTZSJCNCT-UHFFFAOYSA-M","C8H7F9NNaO4S","406.984976964","CCN(CC(=O)[O-])S(=O)(=O)C(F)(F)C(F)(F)C(F)(F)C(F)(F)F.[Na+]"
"DTXSID2071659","68555-70-4","XAXWDRWBIJWGHX-UHFFFAOYSA-M","C10H7F13NNaO4S","506.978589844","CCN(CC(=O)[O-])S(=O)(=O)C(F)(F)C(F)(F)C(F)(F)C(F)(F)C(F)(F)C(F)(F)F.[Na+]"
"DTXSID2072049","70225-14-8","OHPZNXYJAZBDSJ-UHFFFAOYSA-N","C12H12F17NO5S","605.016473224","O=S(=O)([O-])C(F)(F)C(F)(F)C(F)(F)C(F)(F)C(F)(F)C(F)(F)C(F)(F)C(F)(F)F.OCC[NH2+]CCO"
"DTXSID20721508","131628-34-7","BARAZKHHMOWWQY-UHFFFAOYSA-N","C7H3F11O","312.000825136","C=CC(F)(OC(F)(F)C(F)(F)C(F)(F)F)C(F)(F)F"
"DTXSID2072594","72785-08-1","UUBYZMXGONPVTR-UHFFFAOYSA-N","C16H19F17N2O5S2","706.046393448","CN(C)CCCN(CCCS(=O)(=O)O)S(=O)(=O)C(F)(F)C(F)(F)C(F)(F)C(F)(F)C(F)(F)C(F)(F)C(F)(F)C(F)(F)F"
"DTXSID20730539","922524-02-5","LASSFECWGDYERA-UHFFFAOYSA-N","C9H3F16I","541.902399616","FC(F)(F)C(I)CC(F)(F)C(F)(F)C(F)(F)C(F)(F)C(F)(F)C(F)(F)F"
"DTXSID2073229","697-11-0","QVHWOZCZUNPZPW-UHFFFAOYSA-N","C4F6","161.99041932","FC1=C(F)C(F)(F)C1(F)F"
"DTXSID2074376","78560-44-8","VIFIHLXNOOCGLJ-UHFFFAOYSA-N","C10H4Cl3F17Si","579.887639438","FC(F)(F)C(F)(F)C(F)(F)C(F)(F)C(F)(F)C(F)(F)C(F)(F)C(F)(F)CC[Si](Cl)(Cl)Cl"
"DTXSID20756890","90999-86-3","PPGVHBFAAPSLEH-UHFFFAOYSA-N","C7H7F7O","240.038512384","C=COCCC(F)(C(F)(F)F)C(F)(F)F"
"DTXSID20758051","92604-91-6","GASXCMFGMORIFO-UHFFFAOYSA-N","C10H3F15O","423.994438016","CC(=O)C(F)=C(F)C(F)(F)C(F)(F)C(F)(F)C(F)(F)C(F)(F)C(F)(F)F"
"DTXSID20758056","92610-11-2","QSMWTZRYLVVETD-UHFFFAOYSA-N","C12H12F12","384.074739024","CCCCCC=C(F)C(F)(F)C(F)(F)C(F)(F)C(F)(F)C(F)(F)F"
"DTXSID20758652","93416-26-3","HXWIYJXMXCMXIC-UHFFFAOYSA-N","C13H6F11NO","401.027374232","Cc1ccc2nc(C(F)(F)C(F)(F)C(F)(F)C(F)(F)C(F)(F)F)oc2c1"
"DTXSID20758692","93491-54-4","ZEVGQZNTYAKDNY-UHFFFAOYSA-N","C14H10F17NO2","547.0440083","C=CC(=O)OCCN(C)C(F)(F)C(F)(F)C(F)(F)C(F)(F)C(F)(F)C(F)(F)C(F)(F)C(F)(F)F"
"DTXSID20761863","105602-69-5","FDLCNAFIXQUBBQ-UHFFFAOYSA-N","C11H11F9O","330.066618952","CC(C)(C)C(=O)C=CC(F)(F)C(F)(F)C(F)(F)C(F)(F)F"
"DTXSID20767880","130192-28-8","RRVJDNIZJSRAIP-UHFFFAOYSA-N","C8H4F7NO2","279.013025908","C=C(C#N)C(=O)OCC(F)(F)C(F)(F)C(F)(F)F"
"DTXSID20772777","198283-43-1","QFVRNIYYIPHRNY-UHFFFAOYSA-N","C10H7F17Si","478.004556494","C[SiH](C)C(F)(F)C(F)(F)C(F)(F)C(F)(F)C(F)(F)C(F)(F)C(F)(F)C(F)(F)F"
"DTXSID20774317","188838-46-2","TXUFJTGLMQILHR-UHFFFAOYSA-N","C10H12F7NO","295.080711544","CC(C)(C)C(N)=CC(=O)C(F)(F)C(F)(F)C(F)(F)F"
"DTXSID20829831","88191-88-2","YNFDBEHTSFFTEH-UHFFFAOYSA-N","C7H3F7N2OS","295.985431256","O=c1cc(C(F)(F)C(F)(F)C(F)(F)F)[nH]c(=S)[nH]1"
"DTXSID20838983","821789-63-3","HNLQYAWUSZHFES-UHFFFAOYSA-N","C17H8F13NO","489.039830736","O=c1ccn(-c2ccc(C(F)(F)C(F)(F)C(F)(F)C(F)(F)C(F)(F)C(F)(F)F)cc2)cc1"
"DTXSID20854880","922524-04-7","IWKJBTWWSDUWMD-UHFFFAOYSA-N","C9HF18I","577.883555992","FC(F)(F)C(I)C(F)(F)C(F)(F)C(F)(F)C(F)(F)C(F)(F)C(F)(F)C(F)(F)F"
"DTXSID20858545","165325-62-2","LCACBPBFZQHXSG-UHFFFAOYSA-N","C24H12F39O4P","1135.985046074","O=P(OCCC(F)(F)C(F)(F)C(F)(F)C(F)(F)C(F)(F)C(F)(F)F)(OCCC(F)(F)C(F)(F)C(F)(F)C(F)(F)C(F)(F)C(F)(F)F)OCCC(F)(F)C(F)(F)C(F)(F)C(F)(F)C(F)(F)C(F)(F)F"
"DTXSID20861913","375-72-4","LUYQYZLEHLTPBH-UHFFFAOYSA-N","C4F10O2S","301.94593244","O=S(=O)(F)C(F)(F)C(F)(F)C(F)(F)C(F)(F)F"
"DTXSID20870500","306-98-9","GHBZJUJZNRLHBI-UHFFFAOYSA-N","C8F16","399.97445152","FC(F)(F)C1(F)C(F)(F)C(F)(F)C(F)(F)C(F)(F)C1(F)C(F)(F)F"
"DTXSID20873011","79780-39-5","CFCRODHVHXGTPC-UHFFFAOYSA-N","C12HF25O3S","699.924720392","O=S(=O)(O)C(F)(F)C(F)(F)C(F)(F)C(F)(F)C(F)(F)C(F)(F)C(F)(F)C(F)(F)C(F)(F)C(F)(F)C(F)(F)C(F)(F)F"
"DTXSID20874028","914637-49-3","ABFCFCPCGMHSRX-UHFFFAOYSA-N","C8H5F11O2","342.01138982","O=C(O)CCC(F)(F)C(F)(F)C(F)(F)C(F)(F)C(F)(F)F"
"DTXSID20880028","3830-45-3","HHJPUGPQEALNIL-UHFFFAOYSA-M","C10F19NaO2","535.9492597","O=C([O-])C(F)(F)C(F)(F)C(F)(F)C(F)(F)C(F)(F)C(F)(F)C(F)(F)C(F)(F)C(F)(F)F.[Na+]"
"DTXSID20880124","309-88-6","BNTFCVMJHBNJAR-UHFFFAOYSA-N","C7H11F6N","223.079568672","CCN(CC)C(F)(F)C(F)C(F)(F)F"
"DTXSID20880129","355-28-2","PJRIQFXPYMVWOU-UHFFFAOYSA-N","C5H3F9O","250.004018696","OCC(F)(F)C(F)(F)C(F)(F)C(F)(F)F"
"DTXSID20880149","1516-64-9","WSJULBMCKQTTIG-OWOJBTEDSA-N","C4F8","199.98722576","F/C(=C(/F)C(F)(F)F)C(F)(F)F"
"DTXSID20880169","1726-50-7","XRFUZLYVDISQAA-UHFFFAOYSA-N","C6H2F10O2","295.989511504","O=C(O)C(F)(F)C(F)(F)C(F)(F)C(F)(F)C(F)F"
"DTXSID20880189","2994-71-0","RBTROQHBNLSUTL-UHFFFAOYSA-N","C6F12","299.98083864","FC(F)(F)C1(F)C(F)(F)C(F)(F)C1(F)C(F)(F)F"
"DTXSID20880200","3871-50-9","XNRRVUAVPGUTPQ-UHFFFAOYSA-M","C12H7F17NNaO4S","606.972202724","CCN(CC(=O)[O-])S(=O)(=O)C(F)(F)C(F)(F)C(F)(F)C(F)(F)C(F)(F)C(F)(F)C(F)(F)C(F)(F)F.[Na+]"
"DTXSID20880205","4149-60-4","ORBBVPFDROYXQS-UHFFFAOYSA-N","C9H4F17NO2","480.997058108","O=C([O-])C(F)(F)C(F)(F)C(F)(F)C(F)(F)C(F)(F)C(F)(F)C(F)(F)C(F)(F)F.[NH4+]"
"DTXSID20880220","15453-08-4","ZHOFEJCLMUIOIW-UHFFFAOYSA-N","C5F8O","227.98214038","FC(F)=C(F)C(F)(F)C1(F)OC1(F)F"
"DTXSID20880225","16083-87-7","KFXCWKVNSWWAAO-UHFFFAOYSA-N","C19H9F27O3","798.012056088","C=CC(=O)OCC(O)CC(F)(F)C(F)(F)C(F)(F)C(F)(F)C(F)(F)C(F)(F)C(F)(F)C(F)(F)C(F)(F)C(F)(F)C(F)(C(F)(F)F)C(F)(F)F"
"DTXSID20880240","26650-09-9","RJSWEHLKQSQEHW-UHFFFAOYSA-N","C9H4F13NS","404.985686988","N#CSCCC(F)(F)C(F)(F)C(F)(F)C(F)(F)C(F)(F)C(F)(F)F"
"DTXSID20880361","6884-92-0","KILAEWKBSYBMGO-UHFFFAOYSA-N","C11H10F14O2","440.04572464","C1CCOC1.OC(C(F)(C(F)(F)F)C(F)(F)F)C(F)(C(F)(F)F)C(F)(F)F"
"DTXSID20880366","25101-47-7","-","-","-",NA
"DTXSID20880402","34761-47-2","QDHLRGOEEBWEIB-UHFFFAOYSA-N","C15F30O5","829.9266697","O=C(F)C(F)(OC(F)(F)C(F)(OC(F)(F)C(F)(OC(F)(F)C(F)(OC(F)(F)C(F)(F)C(F)(F)F)C(F)(F)F)C(F)(F)F)C(F)(F)F)C(F)(F)F"
"DTXSID20880422","47795-34-6","VUXJDZVQYBZCFC-UHFFFAOYSA-N","C14H5F23O","625.99731384","FC(F)(F)C(F)(C(F)(F)F)C(F)(F)C(F)(F)C(F)(F)C(F)(F)C(F)(F)C(F)(F)C(F)(F)C(F)(F)CC1CO1"
"DTXSID20880427","51032-47-4","UZYQQZDQGZFHEK-UHFFFAOYSA-M","C15H7F17NNaO5S2","690.939188344","O=S(=O)([O-])c1ccccc1CNS(=O)(=O)C(F)(F)C(F)(F)C(F)(F)C(F)(F)C(F)(F)C(F)(F)C(F)(F)C(F)(F)F.[Na+]"
"DTXSID20880442","50285-19-3","NNZABWQPYXLJGH-UHFFFAOYSA-N","C9F20","487.9680644","FC(F)(F)C(F)(F)C(C(F)(F)F)(C(F)(F)C(F)(F)F)C(F)(C(F)(F)F)C(F)(F)F"
"DTXSID20880462","54009-73-3","SGZKPGFLGSWOJX-UHFFFAOYSA-N","C12H8F19O5P","623.980596166","O=P(O)(O)OCC(O)CC(F)(F)C(F)(F)C(F)(F)C(F)(F)C(F)(F)C(F)(F)C(F)(C(F)(F)F)C(F)(F)F"
"DTXSID20880487","56357-87-0","-","-","-",NA
"DTXSID20880528","63295-27-2","KUDKLDDNJRWOJT-UHFFFAOYSA-N","C14H8F23O5P","723.974209046","O=P(O)(O)OCC(O)CC(F)(F)C(F)(F)C(F)(F)C(F)(F)C(F)(F)C(F)(F)C(F)(F)C(F)(F)C(F)(C(F)(F)F)C(F)(F)F"
"DTXSID20880543","64264-44-4","WTBPTHWHWVYYJV-UHFFFAOYSA-N","C13H13F17NO6PS","664.992974506","CCCN(CCOP(=O)(O)O)S(=O)(=O)C(F)(F)C(F)(F)C(F)(F)C(F)(F)C(F)(F)C(F)(F)C(F)(F)C(F)(F)F"
"DTXSID20880548","64376-86-9","-","-","-",NA
"DTXSID20880563","66396-73-4","LIXQMBUPLJAAOE-UHFFFAOYSA-N","C7H6F8O","258.029090572","C=COCC(F)(F)C(F)(F)C(F)(F)C(F)F"
"DTXSID20880568","67824-44-6","FYPAMSWJAKTIGA-UHFFFAOYSA-N","C12H7F19O2","544.014265644","OCC(O)CC(F)(F)C(F)(F)C(F)(F)C(F)(F)C(F)(F)C(F)(F)C(F)(C(F)(F)F)C(F)(F)F"
"DTXSID20880583","68156-00-3","XLCQIAITJZQFTE-UHFFFAOYSA-N","C8F16O2S","463.93635176","O=S(=O)(F)C1(C(F)(F)F)C(F)(F)C(F)(F)C(F)(F)C(F)(F)C1(F)C(F)(F)F"
"DTXSID20880604","68298-74-8","XCLCXQRFYCAXDN-UHFFFAOYSA-N","C26H28F13N3O8S","789.138952716","C=C(C)C(=O)OCC(C)OC(=O)Nc1cc(NC(=O)OCCN(CC)S(=O)(=O)C(F)(F)C(F)(F)C(F)(F)C(F)(F)C(F)(F)C(F)(F)F)ccc1C"
"DTXSID20880609","68299-21-8","CBPJEOWQPIKXNL-UHFFFAOYSA-M","C13H7F13NNaO5S2","590.945575464","O=S(=O)([O-])c1ccccc1CNS(=O)(=O)C(F)(F)C(F)(F)C(F)(F)C(F)(F)C(F)(F)C(F)(F)F.[Na+]"
"DTXSID20880942","69661-30-9","ROKBKBIVJKPRAG-UHFFFAOYSA-N","C10F20O","515.96297902","FC(F)(F)C(F)(F)C1(C(F)(F)F)C(F)(C(F)(F)F)OC(F)(C(F)(F)F)C1(F)C(F)(F)F"
"DTXSID20880947","70259-85-7","KTMCAOSDNBNPRO-UHFFFAOYSA-M","C4HF8KO3S","319.915572332","O=S(=O)([O-])C(F)(F)C(F)(F)C(F)(F)C(F)F.[K+]"
"DTXSID20880962","72828-80-9","PQKROKRLQONMBH-UHFFFAOYSA-N","C13H18F8O2","358.117905576","CCCCC(=O)OCC(F)(F)C(F)(F)C(F)(F)C(F)(F)CCC"
"DTXSID20880967","73928-40-2","IBBCNYCWBLECNN-UHFFFAOYSA-N","C7HF13O","347.981981512","FC(F)=C(F)OC(F)(F)C(F)(F)C(F)(F)C(F)(F)C(F)F"
"DTXSID20880982","80153-82-8","HDLFODOGTBJVKF-UHFFFAOYSA-N","C6HF11O4","345.969918932","O=C(O)C(F)(F)OC(F)(F)C(F)(F)OC(F)(F)C(F)(F)F"
"DTXSID20880987","81190-38-7","UUJYCTIQEWIWAQ-UHFFFAOYSA-M","C16H24F13N2NaO8S2","706.066418868","C[N+](C)(CCO)CCCN(CC(O)CS(=O)(=O)[O-])S(=O)(=O)C(F)(F)C(F)(F)C(F)(F)C(F)(F)C(F)(F)C(F)(F)F.[Na+].[OH-]"
"DTXSID20881010","85720-78-1","JTAGPVKELVRAHG-UHFFFAOYSA-N","C6H2F12","301.996488704","FC(C(F)C(F)(C(F)(F)F)C(F)(F)F)C(F)(F)F"
"DTXSID20881015","88248-34-4","-","-","-",NA
"DTXSID20881030","93776-14-8","IYAILADQVOJMHN-UHFFFAOYSA-N","C19H23F17N2O3","650.143722336","C[N+](C)(CCCNCC(O)CC(F)(F)C(F)(F)C(F)(F)C(F)(F)C(F)(F)C(F)(F)C(F)(F)C(F)(F)F)CCC(=O)[O-]"
"DTXSID20881055","93776-28-4","FXCLFLOUGBGIGW-UHFFFAOYSA-N","C38H12F70NO4P","1906.938619894","O=P([O-])(OCCC(F)(F)C(F)(F)C(F)(F)C(F)(F)C(F)(F)C(F)(F)C(F)(F)C(F)(F)C(F)(F)C(F)(F)C(F)(F)C(F)(F)C(F)(F)C(F)(F)C(F)(C(F)(F)F)C(F)(F)F)OCCC(F)(F)C(F)(F)C(F)(F)C(F)(F)C(F)(F)C(F)(F)C(F)(F)C(F)(F)C(F)(F)C(F)(F)C(F)(F)C(F)(F)C(F)(F)C(F)(F)C(F)(C(F)(F)F)C(F)(F)F.[NH4+]"
"DTXSID20881111","93857-52-4","MRVZZWAFWXEGFD-UHFFFAOYSA-N","C17H12F31N2O4P","928.003968314","O=P([O-])([O-])OCCC(F)(F)C(F)(F)C(F)(F)C(F)(F)C(F)(F)C(F)(F)C(F)(F)C(F)(F)C(F)(F)C(F)(F)C(F)(F)C(F)(F)C(F)(C(F)(F)F)C(F)(F)F.[NH4+].[NH4+]"
"DTXSID20881116","93894-52-1","DMRUAQMVQHUQQD-UHFFFAOYSA-N","C8F18O5S2","581.88997306","O=S(=O)(OS(=O)(=O)C(F)(F)C(F)(C(F)(F)F)C(F)(F)F)C(F)(F)C(F)(C(F)(F)F)C(F)(F)F"
"DTXSID20881131","94042-95-2","VFPWQVQGSDBHJW-UHFFFAOYSA-M","C18H4F23NaO4S","775.936072948","O=S(=O)([O-])c1ccc(OC(F)=C(C(F)(C(F)(F)F)C(F)(F)C(F)(F)F)C(C(F)(F)F)(C(F)(F)C(F)(F)F)C(F)(F)C(F)(F)F)cc1.[Na+]"
"DTXSID20881136","94158-61-9","RAGJTPVWQPJXKH-UHFFFAOYSA-N","C19H23F17O4","638.132488956","CCCCOCCOCCOCC(O)CC(F)(F)C(F)(F)C(F)(F)C(F)(F)C(F)(F)C(F)(F)C(F)(F)C(F)(F)F"
"DTXSID20881151","94159-80-5","FYKFVLMDMBLILP-UHFFFAOYSA-N","C18H19F21N2O","678.116205848","CN(C)CCCNCC(O)CC(F)(F)C(F)(F)C(F)(F)C(F)(F)C(F)(F)C(F)(F)C(F)(F)C(F)(F)C(F)(F)C(F)(F)F"
"DTXSID20881156","94159-83-8","IBEWQQXACSADKT-UHFFFAOYSA-N","C19H19F23N2O","728.113012288","CN(C)CCCNC(O)CCC(F)(F)C(F)(F)C(F)(F)C(F)(F)C(F)(F)C(F)(F)C(F)(F)C(F)(F)C(F)(C(F)(F)F)C(F)(F)F"
"DTXSID20881171","94200-44-9","AGKXMXVIKUJGIA-UHFFFAOYSA-N","C19H8F33O5P","973.958241246","O=P(O)(O)OCC(O)CC(F)(F)C(F)(F)C(F)(F)C(F)(F)C(F)(F)C(F)(F)C(F)(F)C(F)(F)C(F)(F)C(F)(F)C(F)(F)C(F)(F)C(F)(F)C(F)(F)C(F)(F)C(F)(F)F"
"DTXSID20881176","94200-49-4","SYIONWFFQGTSLC-UHFFFAOYSA-N","C19H14F33N2O5P","1008.011339438","O=P([O-])([O-])OCC(O)CC(F)(F)C(F)(F)C(F)(F)C(F)(F)C(F)(F)C(F)(F)C(F)(F)C(F)(F)C(F)(F)C(F)(F)C(F)(F)C(F)(F)C(F)(F)C(F)(F)C(F)(F)C(F)(F)F.[NH4+].[NH4+]"
"DTXSID20881196","94333-56-9","GSGMLVXKSLFVQP-UHFFFAOYSA-N","C11H4F16O2","471.995580888","FC(F)(F)C(=C1C(F)(C(F)(F)F)OCCOC1(C(F)(F)F)C(F)(F)F)C(F)(F)F"
"DTXSID20881232","73353-25-0","PYARMOUCKHFGKQ-UHFFFAOYSA-N","C20H25F19N2O4","718.15109346","C[N+](C)(CCCNCC(O)CC(F)(F)C(F)(F)C(F)(F)C(F)(F)C(F)(F)C(F)(F)C(F)(C(F)(F)F)C(F)(F)F)CCC(=O)O.[OH-]"
"DTXSID20881277","68758-55-4","VDZHRFMUCNLGTO-UHFFFAOYSA-N","C21H12F29NO4S","925.002397244","C=CC(=O)OCCN(C)S(=O)(=O)CC(F)(F)C(F)(F)C(F)(F)C(F)(F)C(F)(F)C(F)(F)C(F)(F)C(F)(F)C(F)(F)C(F)(F)C(F)(F)C(F)(F)C(F)(F)C(F)(F)F"
"DTXSID20881292","85681-64-7","-","-","-",NA
"DTXSID20881297","90268-45-4","-","-","-",NA
"DTXSID20881313","63513-12-2","AIOYDPRIRKONCK-UHFFFAOYSA-N","C16H8F17O4P","617.988875106","O=P(O)(O)Cc1ccc(OC(F)=C(F)C(F)(F)C(F)(F)C(F)(F)C(F)(F)C(F)(F)C(F)(F)C(F)(F)F)cc1"
"DTXSID20881318","28285-49-6","XIEKHWZMGUGSHG-UHFFFAOYSA-N","C12Cl6F16O4","721.76722608","O=C(OOC(=O)C(F)(F)C(F)(Cl)C(F)(F)C(F)(Cl)C(F)(F)Cl)C(F)(F)C(F)(Cl)C(F)(F)C(F)(Cl)C(F)(F)Cl"
"DTXSID20881333","106376-37-8","INMDAGXEYRBPRG-UHFFFAOYSA-N","C10H4Cl2F7NO","356.955816648","O=C(Nc1ccc(Cl)c(Cl)c1)C(F)(F)C(F)(F)C(F)(F)F"
"DTXSID20881338","132182-92-4","QKAGYSDHEJITFV-UHFFFAOYSA-N","C7H3F13O","349.997631576","COC(F)(C(F)(F)C(F)(F)F)C(F)(C(F)(F)F)C(F)(F)F"
"DTXSID20881353","39847-37-5","KRQOMVHYHHRBPT-UHFFFAOYSA-N","C5HF12NO4S2","430.915538152","O=S(=O)(NS(=O)(=O)C(F)(F)C(F)(F)C(F)(F)C(F)(F)F)C(F)(F)F"
"DTXSID20881358","32609-65-7","IDXNJDWGFALBDP-UHFFFAOYSA-M","C12H12F15NO2","487.062851924","C[N+](C)(C)C.O=C([O-])C(F)(F)C(F)(F)C(F)(F)C(F)(F)C(F)(F)C(F)(F)C(F)(F)F"
"DTXSID20881833","71608-38-3","-","-","-",NA
"DTXSID20881838","148240-84-0","-","-","-",NA
"DTXSID20881853","262292-17-1","-","-","-",NA
"DTXSID20881858","90366-81-7","-","-","-",NA
"DTXSID20881873","74499-44-8","-","-","-",NA
"DTXSID20881878","80632-82-2","-","-","-",NA
"DTXSID20881893","238420-68-3","-","-","-",NA
"DTXSID20881898","71608-40-7","-","-","-",NA
"DTXSID20881914","141615-38-5","-","-","-",NA
"DTXSID20881919","71608-60-1","-","-","-",NA
"DTXSID20881934","176590-84-4","-","-","-",NA
"DTXSID20881939","882878-48-0","-","-","-",NA
"DTXSID20881954","1331750-98-1","-","-","-",NA
"DTXSID20881959","161075-14-5","-","-","-",NA
"DTXSID20881974","160994-59-2","-","-","-",NA
"DTXSID20881979","475654-94-5","-","-","-",NA
"DTXSID20881994","186406-48-4","-","-","-",NA
"DTXSID20881999","72623-70-2","-","-","-",NA
"DTXSID20882002","65530-82-7","-","-","-",NA
"DTXSID20882007","287391-07-5","-","-","-",NA
"DTXSID20882022","172616-04-5","GYXGVPIUSNEEIR-UHFFFAOYSA-N","C12H17F9N2O4S","456.076532004","CN(C)CCCN(CCC(=O)O)S(=O)(=O)C(F)(F)C(F)(F)C(F)(F)C(F)(F)F"
"DTXSID20882027","1235969-57-9","-","-","-",NA
"DTXSID20882562","116984-14-6","-","-","-",NA
"DTXSID20882567","68649-26-3","-","-","-",NA
"DTXSID20882582","68867-60-7","-","-","-",NA
"DTXSID20882587","510732-30-6","-","-","-",NA
"DTXSID20882603","1333523-10-6","-","-","-",NA
"DTXSID20882608","72869-27-3","-","-","-",NA
"DTXSID20882623","221455-72-7","-","-","-",NA
"DTXSID20882628","144468-32-6","-","-","-",NA
"DTXSID20882643","65605-62-1","-","-","-",NA
"DTXSID20882648","223586-53-6","-","-","-",NA
"DTXSID20882663","93611-23-5","-","-","-",NA
"DTXSID20882668","116018-07-6","-","-","-",NA
"DTXSID20882683","503621-79-2","-","-","-",NA
"DTXSID20882688","235775-93-6","-","-","-",NA
"DTXSID20882704","479074-93-6","-","-","-",NA
"DTXSID20882709","182700-82-9","-","-","-",NA
"DTXSID20882724","306974-28-7","-","-","-",NA
"DTXSID20882729","152286-16-3","-","-","-",NA
"DTXSID20882744","68541-79-7","-","-","-",NA
"DTXSID20882749","1071022-25-7","-","-","-",NA
"DTXSID20882764","72480-32-1","-","-","-",NA
"DTXSID20882769","71832-66-1","-","-","-",NA
"DTXSID20882784","219795-01-4","-","-","-",NA
"DTXSID20882789","68784-73-6","-","-","-",NA
"DTXSID20882800","99908-28-8","-","-","-",NA
"DTXSID20882805","73019-28-0","-","-","-",NA
"DTXSID20882820","154532-82-8","-","-","-",NA
"DTXSID20882825","152521-12-5","-","-","-",NA
"DTXSID20882840","65605-58-5","-","-","-",NA
"DTXSID20882845","152521-13-6","-","-","-",NA
"DTXSID20882860","65104-43-0","-","-","-",NA
"DTXSID20882865","127133-66-8","-","-","-",NA
"DTXSID20882880","306979-40-8","-","-","-",NA
"DTXSID20882885","306975-62-2","-","-","-",NA
"DTXSID20882901","146349-51-1","-","-","-",NA
"DTXSID20882906","98561-41-2","-","-","-",NA
"DTXSID20882921","754191-93-0","-","-","-",NA
"DTXSID20882926","160305-97-5","-","-","-",NA
"DTXSID20882941","68541-80-0","-","-","-",NA
"DTXSID20882946","511271-18-4","-","-","-",NA
"DTXSID20882961","71002-41-0","-","-","-",NA
"DTXSID20882966","69991-67-9","-","-","-",NA
"DTXSID20882981","98561-40-1","-","-","-",NA
"DTXSID20882986","399026-30-3","-","-","-",NA
"DTXSID20883014","160336-17-4","-","-","-",NA
"DTXSID20883019","68877-51-0","-","-","-",NA
"DTXSID20883034","209482-18-8","-","-","-",NA
"DTXSID20883039","161075-06-5","-","-","-",NA
"DTXSID20883054","193018-53-0","-","-","-",NA
"DTXSID20883074","95370-51-7","-","-","-",NA
"DTXSID20883079","259725-95-6","-","-","-",NA
"DTXSID20892363","504435-11-4","JEDHLIXWSMGAEZ-UHFFFAOYSA-N","C8HF15O3","429.968617192","O=C(O)C(F)(OC(F)(F)C(F)(F)C(F)(F)C(F)(F)C(F)(F)F)C(F)(F)F"
"DTXSID20892444","52481-85-3","ANKSFLDOVZNXOJ-UHFFFAOYSA-N","C18HF35O7","993.916340072","O=C(O)C(F)(OC(F)(F)C(F)(OC(F)(F)C(F)(OC(F)(F)C(F)(OC(F)(F)C(F)(OC(F)(F)C(F)(F)C(F)(F)F)C(F)(F)F)C(F)(F)F)C(F)(F)F)C(F)(F)F)C(F)(F)F"
"DTXSID20892949","77958-18-0","BVWINCKFYGZCTM-UHFFFAOYSA-N","C16H15F17N2O3","606.08112208","C[N+](C)(CCCNC(=O)C(F)(F)C(F)(F)C(F)(F)C(F)(F)C(F)(F)C(F)(F)C(F)(F)C(F)(F)F)CC(=O)[O-]"
"DTXSID20893294","75032-94-9","DPBDNYKNXXGMEK-UHFFFAOYSA-M","C23H33F12NaO5S","672.175478076","CCCCCCCCCCCCCCC(C(=O)OCC(F)(F)C(F)(F)C(F)(F)C(F)(F)C(F)(F)C(F)F)S(=O)(=O)[O-].[Na+]"
"DTXSID20893299","87988-69-0","YINRKAIEOIJBGL-UHFFFAOYSA-N","C13H10F17NO4S","599.00590854","CCN(CC(=O)OC)S(=O)(=O)C(F)(F)C(F)(F)C(F)(F)C(F)(F)C(F)(F)C(F)(F)C(F)(F)C(F)(F)F"
"DTXSID20893310","103188-55-2","QXTVEUMPQVYRDN-UHFFFAOYSA-N","C12F26","637.95848372","FC(F)(F)C(F)(C(F)(F)F)C(F)(F)C(F)(F)C(F)(F)C(F)(F)C(F)(F)C(F)(F)C(F)(C(F)(F)F)C(F)(F)F"
"DTXSID20893335","118914-93-5","KOQYZEXXQFIMRZ-UHFFFAOYSA-N","C14F26","661.95848372","FC(F)(F)C(F)(F)C(F)(F)C(F)(F)C1(F)C(F)(F)C(F)(F)C(F)(F)C2(F)C(F)(F)C(F)(F)C(F)(F)C(F)(F)C12F"
"DTXSID20893350","149724-40-3","QNJQVMDRNCBIRJ-UHFFFAOYSA-N","C10H8F17NO3S","544.995343856","O=S(=O)([O-])CCC(F)(F)C(F)(F)C(F)(F)C(F)(F)C(F)(F)C(F)(F)C(F)(F)C(F)(F)F.[NH4+]"
"DTXSID20893355","153273-33-7","XLTINEVRECWPSA-UHFFFAOYSA-N","C8F18","437.97125796","FC(F)(F)C(F)(F)C(F)(F)C(F)(F)C(F)(C(F)(F)F)C(F)(F)C(F)(F)F"
"DTXSID20893370","231630-88-9","RZZCMOKELUIWLJ-UHFFFAOYSA-N","C20HF35N2O","949.953000352","O=C(n1nc(C(F)(F)C(F)(F)C(F)(F)C(F)(F)C(F)(F)C(F)(F)F)cc1C(F)(F)C(F)(F)C(F)(F)C(F)(F)C(F)(F)C(F)(F)F)C(F)(F)C(F)(F)C(F)(F)C(F)(F)F"
"DTXSID20895157","2708-54-5","ZVUIWLHHBDVANB-UHFFFAOYSA-N","C8H11F7","240.074897892","CCCCCC(F)(F)C(F)(F)C(F)(F)F"
"DTXSID20895172","23885-16-7","NEOGUXPCNJGTPD-UHFFFAOYSA-N","C11H16F7I","408.018496052","CCCCCCC(I)CC(F)(F)C(F)(F)C(F)(F)F"
"DTXSID20895177","106873-69-2","USNIVSXISHIFBJ-UHFFFAOYSA-N","C15H25F7","338.18444834","CCCCCCCCCCCCC(F)(F)C(F)(F)C(F)(F)F"
"DTXSID20895192","214196-02-8","DXAWILAHNRJMEV-UHFFFAOYSA-N","C14H21F9","360.149954652","CCCCCCCCCCC(F)(F)C(F)(F)C(F)(F)C(F)(F)F"
"DTXSID20895197","935553-88-1","CAANKOCZJQMYMU-UHFFFAOYSA-N","C7H3F12I","441.908786736","FC(F)(F)C(I)CC(F)(F)C(F)(F)C(F)(F)C(F)(F)F"
"DTXSID20895213","181997-60-4","YRVYJBQNWNWCQB-UHFFFAOYSA-N","C10H8BrF13","453.960179216","FC(F)(F)C(F)(F)C(F)(F)C(F)(F)C(F)(F)C(F)(F)CCCCBr"
"DTXSID20895218","66249-21-6","XBCWZRARCMLNAN-UHFFFAOYSA-N","C6HF11","281.990260452","FC=C(F)C(F)(F)C(F)(F)C(F)(F)C(F)(F)F"
"DTXSID20895233","679-03-8","FJRYHIWIYHYOTE-UHFFFAOYSA-N","C6H5F7O","226.02286232","OCC=CC(F)(F)C(F)(F)C(F)(F)F"
"DTXSID20895238","80233-96-1","HWYUEAAHUZJSMM-UHFFFAOYSA-N","C7H6F9IO","403.931966792","OCC(I)CC(F)(F)C(F)(F)C(F)(F)C(F)(F)F"
"DTXSID20895253","81664-99-5","MKCLKYVGKLMDNW-UHFFFAOYSA-N","C10H7F7","260.043597764","FC(F)(F)C(F)(F)C(F)(F)Cc1ccccc1"
"DTXSID20895258","25431-48-5","IABUHMJGHDOUKS-UHFFFAOYSA-N","C12H10F15I","565.95877162","CCCC(I)CC(F)(F)C(F)(F)C(F)(F)C(F)(F)C(F)(F)C(F)(F)C(F)(F)F"
"DTXSID20895273","250738-42-2","XOFRRGPGZOTKDI-UHFFFAOYSA-N","C15H11F21","590.052542972","CCCCCC(F)(F)C(F)(F)C(F)(F)C(F)(F)C(F)(F)C(F)(F)C(F)(F)C(F)(F)C(F)(F)C(F)(F)F"
"DTXSID20895278","51249-63-9","ZYFLRTOFRKYGGJ-UHFFFAOYSA-N","C10H3Br2F17","603.833004036","FC(F)(F)C(F)(F)C(F)(F)C(F)(F)C(F)(F)C(F)(F)C(F)(F)C(F)(F)C(Br)CBr"
"DTXSID20895293","58292-95-8","JWOJAGFUNODSPU-UHFFFAOYSA-N","C8F13I","469.88371486","FC(F)(F)C(F)(F)C(F)(F)C(F)(F)C(F)(F)C(F)(F)C#CI"
"DTXSID20895298","2357-30-4","WJNIYEZAXUFEOA-UHFFFAOYSA-N","C12H10F14I2","673.8648414","FC(F)(F)C(F)(F)C(F)(F)CC(I)CCC(I)CC(F)(F)C(F)(F)C(F)(F)F"
"DTXSID20895314","107831-93-6","FOSSNNCPAUONPQ-WAYWQWQTSA-N","C10H10F9I","427.9683523","CCCC/C(I)=C/C(F)(F)C(F)(F)C(F)(F)C(F)(F)F"
"DTXSID20895319","131294-52-5","UURKBNXZEIUWQO-UHFFFAOYSA-N","C12H17F9O","348.113569144","CCCCCCCC(O)C(F)(F)C(F)(F)C(F)(F)C(F)(F)F"
"DTXSID20895334","125635-85-0","QXMBAJLLUZGNPY-UHFFFAOYSA-N","C19H19F21","646.115143228","CCCCCCCCCC(F)(F)C(F)(F)C(F)(F)C(F)(F)C(F)(F)C(F)(F)C(F)(F)C(F)(F)C(F)(F)C(F)(F)F"
"DTXSID20895339","935477-04-6","IKEULTDRFFGVIG-UHFFFAOYSA-N","C9H2F16","413.990101584","FC(F)(F)C(F)(F)C=CC(F)(F)C(F)(F)C(F)(F)C(F)(F)C(F)(F)F"
"DTXSID20895354","89109-70-6","JJGNXYKBILNAHA-UHFFFAOYSA-N","C18H13F25","704.061805916","CCCCCCC(F)(F)C(F)(F)C(F)(F)C(F)(F)C(F)(F)C(F)(F)C(F)(F)C(F)(F)C(F)(F)C(F)(F)C(F)(F)C(F)(F)F"
"DTXSID20895359","125635-86-1","YKNQZBAXZDMIMH-UHFFFAOYSA-N","C21H23F21","674.146443356","CCCCCCCCCCCC(F)(F)C(F)(F)C(F)(F)C(F)(F)C(F)(F)C(F)(F)C(F)(F)C(F)(F)C(F)(F)C(F)(F)F"
"DTXSID20895374","677324-20-8","CNVVZDDARHANKR-UHFFFAOYSA-N","C21H25F19","638.16528698","CCCCCCCCCCCCC(F)(F)C(F)(F)C(F)(F)C(F)(F)C(F)(F)C(F)(F)C(F)(F)C(F)(F)C(F)(F)F"
"DTXSID20895379","56734-81-7","WJSFZGPTEQNWCB-UHFFFAOYSA-N","C8H3F13O","361.997631576","O=CCC(F)(F)C(F)(F)C(F)(F)C(F)(F)C(F)(F)C(F)(F)F"
"DTXSID20895394","117948-75-1","IZFBCDCLTPWKSX-UHFFFAOYSA-N","C29H41F19","750.290487492","CCCCCCCCCCCCCCCCCCCCC(F)(F)C(F)(F)C(F)(F)C(F)(F)C(F)(F)C(F)(F)C(F)(F)C(F)(F)C(F)(F)F"
"DTXSID20895399","677324-31-1","RTCMPAJWKUGKPP-UHFFFAOYSA-N","C23H23F25","774.140056236","CCCCCCCCCCCC(F)(F)C(F)(F)C(F)(F)C(F)(F)C(F)(F)C(F)(F)C(F)(F)C(F)(F)C(F)(F)C(F)(F)C(F)(F)C(F)(F)F"
"DTXSID20895410","52299-24-8","AUBOIAPNLUHLAF-UHFFFAOYSA-N","C4H2F9O3P","299.959784534","O=P(O)(O)C(F)(F)C(F)(F)C(F)(F)C(F)(F)F"
"DTXSID20895415","86563-87-3","OEBKCCWRUFDDOM-UHFFFAOYSA-N","C10H2F18","463.986908024","FC(F)(F)C(F)(F)C=CC(F)(F)C(F)(F)C(F)(F)C(F)(F)C(F)(F)C(F)(F)F"
"DTXSID20895430","335-53-5","CUPWBYQOIFVEGA-UHFFFAOYSA-N","C6ClF11O","331.94620272","O=C(Cl)C(F)(F)C(F)(F)C(F)(F)C(F)(F)C(F)(F)F"
"DTXSID20895435","1184-97-0","ITRARIZTIUSJFX-UHFFFAOYSA-N","C7H3F13O","349.997631576","FC(C(F)(F)F)C(F)(F)OCC(F)(F)C(F)(F)C(F)(F)F"
"DTXSID20895450","1257261-95-2","DNSUCKWMGCYBEZ-UHFFFAOYSA-N","C28H40F17I","826.19032902","CCCCCCCCCCCCCCCCCCC(I)CC(F)(F)C(F)(F)C(F)(F)C(F)(F)C(F)(F)C(F)(F)C(F)(F)C(F)(F)F"
"DTXSID20895455","24768-65-8","CKIFXJXKYOEESC-UHFFFAOYSA-N","C18F38","937.93932236","FC(F)(F)C(F)(F)C(F)(F)C(F)(F)C(F)(F)C(F)(F)C(F)(F)C(F)(F)C(F)(F)C(F)(F)C(F)(F)C(F)(F)C(F)(F)C(F)(F)C(F)(F)C(F)(F)C(F)(F)C(F)(F)F"
"DTXSID20895470","307-36-8","DCHFZFZWTAMCEN-UHFFFAOYSA-N","C10H4F19N","499.004035308","NCC(F)(F)C(F)(F)C(F)(F)C(F)(F)C(F)(F)C(F)(F)C(F)(F)C(F)(F)C(F)(F)F"
"DTXSID20895475","100550-08-1","ZMQIJLTXHUSDCM-UHFFFAOYSA-N","C24H16F34","950.070909992","FC(F)(F)C(F)(F)C(F)(F)C(F)(F)C(F)(F)C(F)(F)C(F)(F)C(F)(F)CCCCCCCCC(F)(F)C(F)(F)C(F)(F)C(F)(F)C(F)(F)C(F)(F)C(F)(F)C(F)(F)F"
"DTXSID20895490","1559-07-5","YDXXJZKOOOJVEE-UHFFFAOYSA-N","C8H9F7O2","270.049077068","CCCCOC(=O)C(F)(F)C(F)(F)C(F)(F)F"
"DTXSID20895495","425-68-3","ZWEZQJCJOMYJJZ-UHFFFAOYSA-N","C7H7F7O2","256.033427004","CC(=O)OCCC(F)(F)C(F)(F)C(F)(F)F"
"DTXSID20895511","66249-23-8","UCNNHLVACSTCPR-UHFFFAOYSA-N","C12H5F9","320.02475414","FC(F)(F)C(F)(F)C(F)(F)C(F)(F)C#Cc1ccccc1"
"DTXSID20895516","10325-14-1","MGASSUZKIICAIW-UHFFFAOYSA-N","C8H10F7NO2","285.0599761","NC(CCCC(F)(F)C(F)(F)C(F)(F)F)C(=O)O"
"DTXSID20895531","176676-70-3","VQXBYKPWJNOTLT-UHFFFAOYSA-N","C15H5F27O","713.99092672","OCCC(F)(F)C(F)(F)C(F)(F)C(F)(F)C(F)(F)C(F)(F)C(F)(F)C(F)(F)C(F)(F)C(F)(F)C(F)(F)C(F)(F)C(F)(F)F"
"DTXSID20895536","82486-22-4","YODYACHGCKMUMD-UHFFFAOYSA-N","C12H7F17O","490.022544584","CC(=O)CCC(F)(F)C(F)(F)C(F)(F)C(F)(F)C(F)(F)C(F)(F)C(F)(F)C(F)(F)F"
"DTXSID20895551","1244062-16-5","RCYQBTCBMWWCTR-UHFFFAOYSA-N","C24H31F17","642.215430732","CCCCCCCCCCCCCCC=CC(F)(F)C(F)(F)C(F)(F)C(F)(F)C(F)(F)C(F)(F)C(F)(F)C(F)(F)F"
"DTXSID20895556","1221157-06-7","DKYNEOPFAVUOTD-UHFFFAOYSA-N","C14H16F17NSi","549.078055782","CN(C)[Si](C)(C)CCC(F)(F)C(F)(F)C(F)(F)C(F)(F)C(F)(F)C(F)(F)C(F)(F)C(F)(F)F"
"DTXSID20895571","136905-37-8","MSMPYUBTQHQODZ-UHFFFAOYSA-N","C9H9F9O2","320.045883508","CCOC(=O)CCC(F)(F)C(F)(F)C(F)(F)C(F)(F)F"
"DTXSID20895576","74061-32-8","YBLQRBSRKLDXKR-UHFFFAOYSA-N","C12H5BF17I","609.9257583","FC(F)(F)C(F)(F)C(F)(F)C(F)(F)C(F)(F)C(F)(F)[I+]c1ccccc1.F[B-](F)(F)F"
"DTXSID20895591","4314-42-5","SYNCJBMZJQYPLW-UHFFFAOYSA-N","C5H4F7NO","227.018111288","CNC(=O)C(F)(F)C(F)(F)C(F)(F)F"
"DTXSID20895596","118425-75-5","DQZLODWGSHAXSQ-UHFFFAOYSA-N","C7H4F7N","235.023196668","FC(F)(F)C(F)(F)C(F)(F)c1ccc[nH]1"
"DTXSID20895612","56773-55-8","HZLJOGAIEWEAAH-UHFFFAOYSA-M","C18H32F9NO3S","513.195918864","CCCCC[N+](CCC)(CCC)CCC.O=S(=O)([O-])C(F)(F)C(F)(F)C(F)(F)C(F)(F)F"
"DTXSID20895617","757-72-2","XARNYZYNECWSDC-UHFFFAOYSA-N","C12H6ClF21O3Si","659.943940882","FC(F)(F)C(F)(F)C(F)(F)CO[Si](Cl)(OCC(F)(F)C(F)(F)C(F)(F)F)OCC(F)(F)C(F)(F)C(F)(F)F"
"DTXSID20895632","1621953-16-9","DNAXFVIUOFWRIJ-UHFFFAOYSA-N","C16H7Cl3F26Si","825.896743514","FC(F)(F)C(F)(F)C(F)(F)C(F)(F)C(F)(F)C(F)(F)CCC(C[Si](Cl)(Cl)Cl)C(F)(F)C(F)(F)C(F)(F)C(F)(F)C(F)(F)C(F)(F)F"
"DTXSID20895637","136022-86-1","LYZCGZWGQVKVSU-UHFFFAOYSA-N","C11H5F17O2","492.00180914","CC(C(=O)O)C(F)(F)C(F)(F)C(F)(F)C(F)(F)C(F)(F)C(F)(F)C(F)(F)C(F)(F)F"
"DTXSID20895652","1263361-03-0","HCQGOEPPLQBECU-UHFFFAOYSA-N","C15H11F17NO3P","607.020509582","Cc1ccc(N)cc1.O=P(O)(O)C(F)(F)C(F)(F)C(F)(F)C(F)(F)C(F)(F)C(F)(F)C(F)(F)C(F)(F)F"
"DTXSID20895657","864551-40-6","CUXBFMXZUCCELK-UHFFFAOYSA-N","C12H2F20O","541.978629084","O=CC=C(F)C(F)(F)C(F)(F)C(F)(F)C(F)(F)C(F)(F)C(F)(F)C(F)(F)C(F)(F)C(F)(F)F"
"DTXSID20895672","203201-14-3","LOPUACNVJXKLKA-UHFFFAOYSA-N","C12H5F17O2","504.00180914","CC(=O)CC(=O)C(F)(F)C(F)(F)C(F)(F)C(F)(F)C(F)(F)C(F)(F)C(F)(F)C(F)(F)F"
"DTXSID20895677","37858-03-0","RWFSINLLADOLPV-UHFFFAOYSA-N","C10H7F13O2","406.023846324","CC(=O)OCCC(F)(F)C(F)(F)C(F)(F)C(F)(F)C(F)(F)C(F)(F)F"
"DTXSID20895692","223260-92-2","KOWLYEPMLCWOSK-UHFFFAOYSA-N","C6H3F9N2O2","306.005081316","NC(=C[N+](=O)[O-])C(F)(F)C(F)(F)C(F)(F)C(F)(F)F"
"DTXSID20895697","1444474-83-2","YOBKMDFEVAZUIO-UHFFFAOYSA-N","C12H13F9O3","376.072098256","CCOC(=O)CC(=O)CCCC(F)(F)C(F)(F)C(F)(F)C(F)(F)F"
"DTXSID20895713","1036375-28-6","SDJUPHWJHCYGLN-UHFFFAOYSA-N","C6H3F11O3S","363.962725376","O=S(=O)(OCC(F)F)C(F)(F)C(F)(F)C(F)(F)C(F)(F)F"
"DTXSID20895718","156575-40-5","FYYKNAPCRXPWEY-UHFFFAOYSA-N","C9H7F13O3S","441.990831944","CS(=O)(=O)OCCC(F)(F)C(F)(F)C(F)(F)C(F)(F)C(F)(F)C(F)(F)F"
"DTXSID20895733","96308-32-6","JBRMEHMMXZSKCN-UHFFFAOYSA-N","C11H6F7NO","301.033761352","N#Cc1ccc(OCC(F)(F)C(F)(F)C(F)(F)F)cc1"
"DTXSID20895738","307-96-0","SBMFZWPPSPRLTN-UHFFFAOYSA-N","C12H9F15O2","470.036302828","CCCCOC(=O)C(F)(F)C(F)(F)C(F)(F)C(F)(F)C(F)(F)C(F)(F)C(F)(F)F"
"DTXSID20895753","19108-38-4","MOMGZHIBLGUISR-UHFFFAOYSA-N","C10F14","385.97764508","Fc1c(F)c(F)c(C(F)(F)C(F)(F)C(F)(F)C(F)(F)F)c(F)c1F"
"DTXSID20895758","118334-94-4","ZYIBENCKBXFJSL-UHFFFAOYSA-N","C7H4F12O3S","395.968953628","CC(OS(=O)(=O)C(F)(F)C(F)(F)C(F)(F)C(F)(F)F)C(F)(F)F"
"DTXSID20895915","123524-58-3","PTWQEKZPSMBKGD-UHFFFAOYSA-N","C14H9F13","424.049667148","Cc1ccc(C)c(C(F)(F)C(F)(F)C(F)(F)C(F)(F)C(F)(F)C(F)(F)F)c1"
"DTXSID20895930","84224-48-6","YXLCUSYNDAFUJJ-UHFFFAOYSA-N","C8H7F9O3S","353.997219064","CC(C)=COS(=O)(=O)C(F)(F)C(F)(F)C(F)(F)C(F)(F)F"
"DTXSID20895935","93704-25-7","KZKAFTRHTVZIGR-UHFFFAOYSA-N","C17H21F15O6","606.109861692","OCCOCCOCCOCCOCCOC(F)(F)C(F)(F)C(F)(F)C(F)(F)C(F)(F)C(F)(F)C(F)(F)F"
"DTXSID20895950","125672-20-0","JUWKOBUPPPSOGZ-UHFFFAOYSA-N","C14H18F13NO","463.118081056","CC(C)N(CC(O)C(F)(F)C(F)(F)C(F)(F)C(F)(F)C(F)(F)C(F)(F)F)C(C)C"
"DTXSID20895955","120219-44-5","MJKJTIXPWVPDKF-UHFFFAOYSA-N","C14H22F7NO","353.158961864","CCCCCCCCCCNC(=O)C(F)(F)C(F)(F)C(F)(F)F"
"DTXSID20895970","109230-68-4","AZABPWAOUQABLY-UHFFFAOYSA-N","C10H6F7NO3","321.023590592","O=[N+]([O-])c1ccc(OCC(F)(F)C(F)(F)C(F)(F)F)cc1"
"DTXSID20895975","1422444-58-3","BNKPDMYYQVYLGE-UHFFFAOYSA-N","C12H11F7O3","336.059641752","COc1cc(OC)c(C(F)(F)C(F)(F)C(F)(F)F)c(OC)c1"
"DTXSID20895990","1608112-39-5","PZDHVRNTCYBOHX-UHFFFAOYSA-N","C12H5F9S","351.99682514","FC(F)(F)C(F)(F)C(F)(F)C(F)(F)c1csc2ccccc12"
"DTXSID20895995","1463530-19-9","PINWBOMNCWQGMS-UHFFFAOYSA-N","C12H5F11N2","386.02770858","N#Cc1ccc(N)cc1C(F)(F)C(F)(F)C(F)(F)C(F)(F)C(F)(F)F"
"DTXSID20896003","424-01-1","GZUJPJBXZUVMML-UHFFFAOYSA-N","C11H6F15NO","453.020987112","C=CC(=O)NCC(F)(F)C(F)(F)C(F)(F)C(F)(F)C(F)(F)C(F)(F)C(F)(F)F"
"DTXSID20896008","1608112-33-9","OCWLROAYBFHECC-UHFFFAOYSA-N","C12H6F9N","335.035653172","FC(F)(F)C(F)(F)C(F)(F)C(F)(F)c1c[nH]c2ccccc12"
"DTXSID20896023","161123-65-5","XROHYIPGSYETHB-UHFFFAOYSA-N","C8H7F9O4S","369.992133684","CCOC(=O)CS(=O)(=O)C(F)(F)C(F)(F)C(F)(F)C(F)(F)F"
"DTXSID20896028","188492-56-0","BWEHYGNVCKYQCH-UHFFFAOYSA-N","C13H11F9O3S","418.028519192","Cc1ccc(S(=O)(=O)OCCC(F)(F)C(F)(F)C(F)(F)C(F)(F)F)cc1"
"DTXSID20896043","33496-54-7","VAZPBMQLECGKFX-UHFFFAOYSA-N","C14H12F17NO","533.064743744","CCCCCNC(=O)C(F)(F)C(F)(F)C(F)(F)C(F)(F)C(F)(F)C(F)(F)C(F)(F)C(F)(F)F"
"DTXSID20896048","58301-28-3","NRAFXYRAMCXRGD-UHFFFAOYSA-N","C9H6F13NO2","407.019095292","O=C(NCCO)C(F)(F)C(F)(F)C(F)(F)C(F)(F)C(F)(F)C(F)(F)F"
"DTXSID20896063","33496-55-8","HFBBZVYAWZNJKL-UHFFFAOYSA-N","C17H18F17NO","575.111693936","CCCCCCCCNC(=O)C(F)(F)C(F)(F)C(F)(F)C(F)(F)C(F)(F)C(F)(F)C(F)(F)C(F)(F)F"
"DTXSID20896068","308-67-8","GZPNVRALAPIZMQ-UHFFFAOYSA-N","C10H5BrF7NO","366.94427342","O=C(Nc1ccc(Br)cc1)C(F)(F)C(F)(F)C(F)(F)F"
"DTXSID20896083","34111-24-5","PUJWRMJJJYQDFD-UHFFFAOYSA-N","C21H26F17NO","631.174294192","CCCCCCCCCCCCNC(=O)C(F)(F)C(F)(F)C(F)(F)C(F)(F)C(F)(F)C(F)(F)C(F)(F)C(F)(F)F"
"DTXSID20896088","1301739-79-6","FAXXTHFQCHDQLQ-UHFFFAOYSA-N","C12H15F9INO2","503.0003807","CC(C)(C)OC(=O)NCC(I)CC(F)(F)C(F)(F)C(F)(F)C(F)(F)F"
"DTXSID20896104","1692915-43-7","XVRXVWFWFXRWSP-UHFFFAOYSA-N","C11H7F7N4","328.055893764","Nc1ccc(-c2n[nH]c(C(F)(F)C(F)(F)C(F)(F)F)n2)cc1"
"DTXSID20896109","1401315-55-6","DPCIODUZKZAIGF-UHFFFAOYSA-N","C11H7F13O2","418.023846324","OC1(C(F)(F)C(F)(F)C(F)(F)C(F)(F)C(F)(F)C(F)(F)F)C=CCCO1"
"DTXSID20896124","90791-28-9","BYYHYKYPFROLEU-UHFFFAOYSA-N","C12H10F7NO","317.06506148","Cc1ccc(NC(=O)C(F)(F)C(F)(F)C(F)(F)F)c(C)c1"
"DTXSID20896129","57338-65-5","YPGCCGOAPJDVQF-UHFFFAOYSA-N","C10H6F13N5O","459.036476672","Nc1nc(N)nc(OCC(F)(F)C(F)(F)C(F)(F)C(F)(F)C(F)(F)C(F)(F)F)n1"
"DTXSID20896144","110388-02-8","RSSYTIJSFBLSQT-UHFFFAOYSA-N","C12H10F15NO3","501.04211648","O=C(NCCOCCO)C(F)(F)C(F)(F)C(F)(F)C(F)(F)C(F)(F)C(F)(F)C(F)(F)F"
"DTXSID20896149","868275-40-5","WQIUWPXBEHWYBX-MRVPVSSYSA-N","C13H10F7NO3","361.05489072","O=C(O)[C@@H](Cc1ccccc1)NC(=O)C(F)(F)C(F)(F)C(F)(F)F"
"DTXSID20896164","1335496-60-0","ORKNYFGKPMRLBL-UHFFFAOYSA-N","C27H37F13O3Si2","712.207364964","CC(C)(C)[Si](C)(C)OCc1cc(CO[Si](C)(C)C(C)(C)C)cc(C(=O)C(F)(F)C(F)(F)C(F)(F)C(F)(F)C(F)(F)C(F)(F)F)c1"
"DTXSID20896169","1456900-48-3","IQHFWDNZUPFZQI-UHFFFAOYSA-N","C12H16F9NO2S","409.075803732","O=S(=O)(NC1CCCCCCC1)C(F)(F)C(F)(F)C(F)(F)C(F)(F)F"
"DTXSID20896184","121806-70-0","YGYLNZMGQILRCE-UHFFFAOYSA-N","C10H3Cl3F7NO","390.916844296","O=C(Nc1cc(Cl)c(Cl)cc1Cl)C(F)(F)C(F)(F)C(F)(F)F"
"DTXSID20896189","106790-26-5","VXIXTPSCZIRXQF-UHFFFAOYSA-N","C17H22F17NO5SSi","703.071650074","CCO[Si](CCCNS(=O)(=O)C(F)(F)C(F)(F)C(F)(F)C(F)(F)C(F)(F)C(F)(F)C(F)(F)C(F)(F)F)(OCC)OCC"
"DTXSID20896200","165618-97-3","VABWMMCIAMBZFP-UHFFFAOYSA-N","C11H9F7N2O3S","382.022210688","NS(=O)(=O)c1ccc(CNC(=O)C(F)(F)C(F)(F)C(F)(F)F)cc1"
"DTXSID20896205","23375-29-3","UJIJCTJJFCYMGG-UHFFFAOYSA-N","C10H4F11NO2S","410.978709788","O=S(=O)(Nc1ccc(F)cc1F)C(F)(F)C(F)(F)C(F)(F)C(F)(F)F"
"DTXSID20896220","1610931-28-6","PCLWKPYPGDOCHW-UHFFFAOYSA-N","C11HF13N2","407.993214892","Fc1c(F)c(F)c2c(C(F)(F)C(F)(F)C(F)(F)C(F)(F)F)n[nH]c2c1F"
"DTXSID20896225","1335496-61-1","BVXZMRRINBBFRU-UHFFFAOYSA-N","C27H38F13NO3Si2","727.218263996","CC(C)(C)[Si](C)(C)OCc1cc(CO[Si](C)(C)C(C)(C)C)cc(C(=NO)C(F)(F)C(F)(F)C(F)(F)C(F)(F)C(F)(F)C(F)(F)F)c1"
"DTXSID20896240","62315-29-1","WVBXTQVJWWYEHC-UHFFFAOYSA-N","C16H10ClF9N2O2","468.02870922","Cl.O=C(Nc1ccc(OC(F)(F)C(F)(F)C(F)(F)C(F)(F)F)cc1)c1ccncc1"
"DTXSID20896245","475630-76-3","SLFFYWPTBAEHFV-UHFFFAOYSA-N","C13H9F9O6S","463.997612988","COC(=O)c1c(OC)cccc1OS(=O)(=O)C(F)(F)C(F)(F)C(F)(F)C(F)(F)F"
"DTXSID20896260","304435-60-7","URBCHCXZUQVVLP-UHFFFAOYSA-N","C15H14F7N3O","385.102509608","CC1(C)Cc2ccccc2C(NNC(=O)C(F)(F)C(F)(F)C(F)(F)F)=N1"
"DTXSID20896265","2212-77-3","MYYIQTVLQVKKEC-UHFFFAOYSA-N","C24H4Cl4F30O4","1065.838465928","O=C(OCC(F)(F)C(F)(F)C(F)(F)C(F)(F)C(F)(F)C(F)(F)C(F)(F)F)c1c(Cl)c(Cl)c(Cl)c(Cl)c1C(=O)OCC(F)(F)C(F)(F)C(F)(F)C(F)(F)C(F)(F)C(F)(F)C(F)(F)F"
"DTXSID20896280","281189-83-1","DPPZXQLFUUGHRN-UHFFFAOYSA-N","C17H13F9N2O2S","480.055402636","CCOC(=O)C1=C(C(F)(F)C(F)(F)C(F)(F)C(F)(F)F)NC(=S)NC1c1ccccc1"
"DTXSID20896285","1234571-87-9","SDZMKQKEKPKKLS-UHFFFAOYSA-N","C12H2F18N2O6S2","675.906685744","O=c1c(NS(=O)(=O)C(F)(F)C(F)(F)C(F)(F)C(F)(F)F)c(NS(=O)(=O)C(F)(F)C(F)(F)C(F)(F)C(F)(F)F)c1=O"
"DTXSID20896301","378-34-7","CHPJUEBSVFTIRX-UHFFFAOYSA-N","C9H5F7","246.0279477","FC(F)(F)C(F)(c1ccccc1)C(F)(F)F"
"DTXSID20896306","883882-12-0","KVLZYXPNBHIUMY-OWOJBTEDSA-N","C5F9I","357.89010198","F/C(I)=C(\F)C(F)(C(F)(F)F)C(F)(F)F"
"DTXSID20896321","1006627-74-2","RLTYZSOFMJFAHD-IWQZZHSRSA-N","C6H4F7IO","351.919510288","OC/C(I)=C/C(F)(C(F)(F)F)C(F)(F)F"
"DTXSID20896326","2396-15-8","QRMLHTWYKDXVNL-UHFFFAOYSA-N","C9H6F7N","261.038846732","Nc1ccccc1C(F)(C(F)(F)F)C(F)(F)F"
"DTXSID20896341","273735-43-6","XXGNKVWIUWGEOH-UHFFFAOYSA-N","C11H10F7N","289.07014686","Cc1cc(C(F)(C(F)(F)F)C(F)(F)F)cc(C)c1N"
"DTXSID20896346","81790-01-4","WHCXBYPPHAFLJW-UHFFFAOYSA-N","C6H3F7N2","236.018445636","FC(F)(F)C(F)(c1cnc[nH]1)C(F)(F)F"
"DTXSID20896361","1630969-89-9","BHBBDCWGTJHGCX-UHFFFAOYSA-N","C11H9ClF7N","323.031174508","CCc1cc(C(F)(C(F)(F)F)C(F)(F)F)cc(Cl)c1N"
"DTXSID20896366","238098-38-9","FHPZIZFWTWOOQW-UHFFFAOYSA-N","C10H6F7NO2","305.028675972","Cc1cc(C(F)(C(F)(F)F)C(F)(F)F)ccc1[N+](=O)[O-]"
"DTXSID20896381","80384-59-4","RUKXKUXHBRQYLK-UHFFFAOYSA-N","C7H3F7N2O2","280.008274876","O=c1[nH]cc(C(F)(C(F)(F)F)C(F)(F)F)c(=O)[nH]1"
"DTXSID20896386","610778-18-2","PIDMBACJRPFEPM-UHFFFAOYSA-N","C16H10BrF15O","581.96755034","Oc1ccc(Br)cc1CCCC(F)(F)C(F)(F)C(F)(F)C(F)(F)C(F)(C(F)(F)F)C(F)(F)F"
"DTXSID20896402","1419865-30-7","LERGYWUZPMSASV-UHFFFAOYSA-N","C11F12O","375.97575326","O=C1c2c(F)c(F)c(F)c(F)c2C1(F)C(F)(C(F)(F)F)C(F)(F)F"
"DTXSID20896407","20017-51-0","PVICYOGEJBAIKN-UHFFFAOYSA-N","C12F17NO2","512.96575798","O=[N+]([O-])c1c(F)c(F)c(C(F)(C(F)(F)F)C(F)(F)F)c(F)c1C(F)(C(F)(F)F)C(F)(F)F"
"DTXSID20896422","1355555-09-7","GQADKNZFMBVXHH-UHFFFAOYSA-N","C13H11F7O4S","396.026627372","CCc1c(C(=O)O)ccc(C(F)(C(F)(F)F)C(F)(F)F)c1S(C)(=O)=O"
"DTXSID20896427","1355554-50-5","DHRYMCIAADJXIM-UHFFFAOYSA-N","C14H13F7O4S","410.042277436","Cc1c(C(=O)O)ccc(C(F)(C(F)(F)F)C(F)(F)F)c1S(=O)(=O)C(C)C"
"DTXSID20896442","1355555-13-3","NRFZIUTWAUXCMQ-UHFFFAOYSA-N","C15H15F7O4S","424.0579275","CCCS(=O)(=O)c1c(C(F)(C(F)(F)F)C(F)(F)F)ccc(C(=O)O)c1CC"
"DTXSID20896447","1355555-21-3","TTYMXZBACADDNW-UHFFFAOYSA-N","C16H17F7O4S","438.073577564","CCc1c(C(=O)O)ccc(C(F)(C(F)(F)F)C(F)(F)F)c1S(=O)(=O)CC(C)C"
"DTXSID20896462","862130-96-9","BQHJNOSKESPACB-UHFFFAOYSA-N","C25H14F12N2O2","602.086366328","Cc1cc(C(F)(C(F)(F)F)C(F)(F)F)cc(C)c1NC(=O)c1cccc(NC(=O)c2c(F)c(F)c(F)c(F)c2F)c1"
"DTXSID20896467","862134-29-0","OYWNCANTEISSJB-UHFFFAOYSA-N","C26H18ClF9N2O2","596.091309476","Cc1cc(C(F)(C(F)(F)F)C(F)(F)F)cc(C)c1NC(=O)c1cccc(N(C)C(=O)c2ccc(F)cc2Cl)c1F"
"DTXSID20896482","67710-48-9","RODHNODFUBONAV-UHFFFAOYSA-N","C4H2F7NO2","228.997375844","NC(=O)C(F)(OC(F)(F)F)C(F)(F)F"
"DTXSID20896487","1482416-44-3","CGHGTHHVJHGUNI-UHFFFAOYSA-N","C7BrF15O2","479.88421464","FC(F)(F)C(F)(F)OC(F)(F)C(F)(OC(F)(F)C(F)(F)Br)C(F)(F)F"
"DTXSID20896503","84123-65-9","NRZXKIZZNBTMRQ-UHFFFAOYSA-N","C9H5F11O3","370.00630444","C=CCOC(=O)C(F)(OC(F)(F)C(F)(F)C(F)(F)F)C(F)(F)F"
"DTXSID20896508","183873-55-4","NEIGUPRBJAEGKO-UHFFFAOYSA-N","C11H11F11O3","400.053254632","CCCCCOC(=O)C(F)(OC(F)(F)C(F)(F)C(F)(F)F)C(F)(F)F"
"DTXSID20896523","17559-01-2","DQIUCVXYBXGOCT-UHFFFAOYSA-N","C12H5F17O4","535.99163838","C=CC(=O)OCC(F)(OC(F)(F)C(F)(OC(F)(F)C(F)(F)C(F)(F)F)C(F)(F)F)C(F)(F)F"
"DTXSID20896528","129051-94-1","MIVANNXDZNEYJP-UHFFFAOYSA-N","C13H8F10O2","386.036461696","C=Cc1ccccc1OC(F)(F)C(F)OC(F)(F)C(F)(F)C(F)(F)F"
"DTXSID20896543","1268707-97-6","SPYFBCUYAPDEFD-UHFFFAOYSA-N","C13H6F10O6","448.000470112","O=C(O)c1cc(OC(F)(F)C(F)OC(F)(F)C(F)(F)C(F)(F)F)cc(C(=O)O)c1"
"DTXSID20896548","60799-27-1","MVLBMYHONBYWAB-UHFFFAOYSA-N","C15BrF23O2","727.8714404","Fc1c(F)c(C(F)(F)C(F)(OC(F)(F)C(F)(OC(F)(F)C(F)(F)C(F)(F)F)C(F)(F)F)C(F)(F)F)c(F)c(F)c1Br"
"DTXSID20896563","28793-36-4","JWVXDTVHAVXNHK-UHFFFAOYSA-N","C8H5F11O3","358.00630444","O=C(O)CCC(F)(F)C(F)(F)OC(F)(C(F)(F)F)C(F)(F)F"
"DTXSID20896568","1882109-58-1","KMHDVPWWYHOSMO-UHFFFAOYSA-N","C8HF15O2","413.973702572","O=C(O)C(C(F)(F)C(F)(F)F)(C(F)(F)C(F)(F)F)C(F)(F)C(F)(F)F"
"DTXSID20896583","1882109-73-0","XREGJQQQMQWWNN-UHFFFAOYSA-N","C8HF15O2","413.973702572","O=C(O)C(F)(C(F)(F)F)C(F)(F)C(C(F)(F)F)(C(F)(F)F)C(F)(F)F"
"DTXSID20896588","1882109-78-5","WWMBSMIBXPWLPT-UHFFFAOYSA-N","C8HF15O2","413.973702572","O=C(O)C(F)(F)C(F)(C(F)(F)C(F)(F)F)C(F)(F)C(F)(F)C(F)(F)F"
"DTXSID20896604","1812247-19-0","XATJWKOXFKNUBI-UHFFFAOYSA-N","C8HF15O2","413.973702572","O=C(O)C(F)(C(F)(F)F)C(F)(F)C(F)(C(F)(F)F)C(F)(F)C(F)(F)F"
"DTXSID20896609","58979-41-2","NVGFEPAMFSXOAC-UHFFFAOYSA-N","C29HF59O9","1613.867846592","FC(OC(F)(F)C(F)(OC(F)(F)C(F)(OC(F)(F)C(F)(OC(F)(F)C(F)(OC(F)(F)C(F)(OC(F)(F)C(F)(OC(F)(F)C(F)(OC(F)(F)C(F)(OC(F)(F)C(F)(F)C(F)(F)F)C(F)(F)F)C(F)(F)F)C(F)(F)F)C(F)(F)F)C(F)(F)F)C(F)(F)F)C(F)(F)F)C(F)(F)F)C(F)(F)F"
"DTXSID20896624","2966-54-3","UDYXGZXUMUTLSW-UHFFFAOYSA-M","C4F7KO2","251.94235846","O=C([O-])C(F)(F)C(F)(F)C(F)(F)F.[K+]"
"DTXSID20896629","1604816-60-5","BCNRCFKVKQFNHN-UHFFFAOYSA-M","C8H8F9KO3S","393.968750776","O=S(=O)([O-])CCCCC(F)(F)C(F)(F)C(F)(F)C(F)(F)F.[K+]"
"DTXSID20896644","93644-65-6","XZLCERRVJCHNSR-UHFFFAOYSA-N","C7H4F15NO5S","498.957066528","O=S(=O)([O-])C(F)(F)C(F)(F)OC(F)(C(F)(F)F)C(F)(F)OC(F)(F)C(F)(F)F.[NH4+]"
"DTXSID20896649","13058-06-5","XPJUIQUTJIIQNM-UHFFFAOYSA-N","C8H4F15NO2","431.000251668","O=C([O-])C(F)(C(F)(F)C(F)(F)F)C(F)(F)C(F)(F)C(F)(F)C(F)(F)F.[NH4+]"
"DTXSID20896664","113999-54-5","IICPDVVTTGLPAT-BQYQJAHWSA-N","C12H15F9","330.10300446","CCCCCC/C=C/C(F)(F)C(F)(F)C(F)(F)C(F)(F)F"
"DTXSID20896669","813458-04-7","GBPUJUQSLWLDFG-UHFFFAOYSA-N","C12H10F18O2","528.03933752","CCOC(F)(F)C(F)(C(F)(F)F)C(F)(F)F.CCOC(F)(F)C(F)(F)C(F)(F)C(F)(F)F"
"DTXSID20896684","51249-69-5","FFKSEFSHRPFWNW-OWOJBTEDSA-N","C14H2F26","663.974133784","FC(F)(F)C(F)(F)C(F)(F)C(F)(F)/C=C/C(F)(F)C(F)(F)C(F)(F)C(F)(F)C(F)(F)C(F)(F)C(F)(F)C(F)(F)F"
"DTXSID20896689","99325-08-3","HUIAECWNXSPFSH-IWQZZHSRSA-N","C9H4F13IO","501.909929608","OC/C(I)=C/C(F)(F)C(F)(F)C(F)(F)C(F)(F)C(F)(F)C(F)(F)F"
"DTXSID20896700","88951-22-8","XHYURWMFYFFMBL-OLQVQODUSA-N","C10H11F7O2","296.064727132","O=C(O)[C@H]1CC[C@@H](C(F)(F)C(F)(F)C(F)(F)F)CC1"
"DTXSID20896705","88951-18-2","BMXVWOGRMNOISH-OLQVQODUSA-N","C10H12F7NO","295.080711544","NC(=O)[C@H]1CC[C@@H](C(F)(F)C(F)(F)C(F)(F)F)CC1"
"DTXSID20896720","133911-24-7","HGSDUSCXQFLBKU-UHFFFAOYSA-N","C11H8F14N2O2","466.036222576","CC(CNC(=O)C(F)(F)C(F)(F)C(F)(F)F)NC(=O)C(F)(F)C(F)(F)C(F)(F)F"
"DTXSID20896725","174778-59-7","ZOJXKNFPVLSDMX-UHFFFAOYSA-N","C11H10BF7N2O3","362.06727012","NCC(=O)Nc1ccc(C(F)(F)C(F)(F)C(F)(F)F)c(B(O)O)c1"
"DTXSID20896740","83706-99-4","LJGTZTYTTFGFAE-UPHRSURJSA-N","C6H5F7O","226.02286232","OC/C=C\C(F)(C(F)(F)F)C(F)(F)F"
"DTXSID20896745","150225-65-3","NPGWPCYQBUMSNZ-UHFFFAOYSA-N","C19H11F17N2O3","638.049821952","CC(=O)Nc1cc(NC(C)=O)cc(OC(=C(C(F)(C(F)(F)F)C(F)(F)F)C(F)(C(F)(F)F)C(F)(F)F)C(F)(F)F)c1"
"DTXSID20896760","96288-51-6","BJZGOHYMGKSXBU-UHFFFAOYSA-N","C6F11I","407.88690842","FC(=C(F)C(F)(C(F)(F)F)C(F)(F)F)C(F)(F)I"
"DTXSID20896826","1980044-62-9","QGKNMQUBVNOYTQ-UHFFFAOYSA-N","C32H14F50I2","1601.838657448","FC(F)(F)C(F)(F)C(F)(F)C(F)(F)C(F)(F)C(F)(F)C(F)(F)C(F)(F)C(F)(F)C(F)(F)C(F)(F)C(F)(F)CC(I)CCCCC(I)CC(F)(F)C(F)(F)C(F)(F)C(F)(F)C(F)(F)C(F)(F)C(F)(F)C(F)(F)C(F)(F)C(F)(F)C(F)(F)C(F)(F)F"
"DTXSID20896967","755-53-3","XJNAPTARYFQVEU-UHFFFAOYSA-N","C12H6BF21O3","608.007467072","FC(F)(F)C(F)(F)C(F)(F)COB(OCC(F)(F)C(F)(F)C(F)(F)F)OCC(F)(F)C(F)(F)C(F)(F)F"
"DTXSID20896982","95682-66-9","SAAKVDDBERRVJG-UHFFFAOYSA-N","C14H12F17NO2","549.059658364","C1CC[NH2+]CC1.O=C([O-])C(F)(F)C(F)(F)C(F)(F)C(F)(F)C(F)(F)C(F)(F)C(F)(F)C(F)(F)F"
"DTXSID20897015","308-13-4","ZWOIEMQQRPMRSE-UHFFFAOYSA-N","C12F22O3","609.9496147","O=C(OC(=O)C(F)(F)C(F)(F)C(F)(F)C(F)(F)C(F)(F)F)C(F)(F)C(F)(F)C(F)(F)C(F)(F)C(F)(F)F"
"DTXSID20897030","872345-66-9","GPJMQJWDAKPFTJ-UHFFFAOYSA-O","C16H17F18N3O4S2","721.037305984","CCCCN1C=C[NH+](C)C1.O=S(=O)([N-]S(=O)(=O)C(F)(F)C(F)(F)C(F)(F)C(F)(F)F)C(F)(F)C(F)(F)C(F)(F)C(F)(F)F"
"DTXSID20897050","1612778-40-1","SKRZJWSQDLAOAY-WDTQFDANSA-N","C11H5F10NOS","388.99321698","O=[S@](/N=C/c1ccccc1F)C(F)(F)C(F)(F)C(F)(F)C(F)(F)F"
"DTXSID20897090","1401422-19-2","TXKZBRQFTAORHN-PXGSZKCMSA-N","C56H55F17N5O8P","1279.35168009","COc1ccc(C(OC[C@H]2O[C@@H](n3ccc(NC(=O)c4ccccc4)nc3=O)C[C@@H]2OP(OCCC#N)N(C(C)C)C(C)C)(c2ccc(CCC(F)(F)C(F)(F)C(F)(F)C(F)(F)C(F)(F)C(F)(F)C(F)(F)C(F)(F)F)cc2)c2ccc(OC)cc2)cc1"
"DTXSID20897095","95215-99-9","OXYTULQNNXZBJK-UHFFFAOYSA-N","C16F30N9P","918.95352423","[N-]=[N+]=NP1(N=[N+]=[N-])=NC(C(F)(F)C(F)(F)C(F)(F)C(F)(F)C(F)(F)C(F)(F)C(F)(F)F)=NC(C(F)(F)C(F)(F)C(F)(F)C(F)(F)C(F)(F)C(F)(F)C(F)(F)F)=N1"
"DTXSID20897151","630-31-9","AXSZZMTVULMQKP-UHFFFAOYSA-M","C14H5ClF14N2O4","565.9714294","N#[N+]c1ccc(Cl)cc1.O=C(O)C(F)(F)C(F)(F)C(F)(F)F.O=C([O-])C(F)(F)C(F)(F)C(F)(F)F"
"DTXSID20897176","4234-23-5","SPNFQXXYDXWCJV-UHFFFAOYSA-N","C11H4F21NO2","580.990670988","O=C([O-])C(F)(F)C(F)(F)C(F)(F)C(F)(F)C(F)(F)C(F)(F)C(F)(F)C(F)(F)C(F)(F)C(F)(F)F.[NH4+]"
"DTXSID20897196","136022-83-8","YFSDHUFAFMHXNT-KSJARQFSSA-N","C16H11F13N4O4","570.057271692","CCC(/C=N/Nc1ccc([N+](=O)[O-])cc1[N+](=O)[O-])C(F)(F)C(F)(F)C(F)(F)C(F)(F)C(F)(F)C(F)(F)F"
"DTXSID20897252","467220-81-1","DUFTUFALYLRYFJ-SQOUGZDYSA-N","C8H9F7O5","318.033820928","OC[C@H]1O[C@H](O)[C@@](O)(C(F)(F)C(F)(F)C(F)(F)F)[C@@H]1O"
"DTXSID20897297","17978-77-7","GZFHBLZCACQJBL-VNGPFPIXSA-K","C30H30F21O6Pr","1026.0783591","CC(C)(C)/C([O-])=C/C(=O)C(F)(F)C(F)(F)C(F)(F)F.CC(C)(C)/C([O-])=C/C(=O)C(F)(F)C(F)(F)C(F)(F)F.CC(C)(C)/C([O-])=C/C(=O)C(F)(F)C(F)(F)C(F)(F)F.[Pr+3]"
"DTXSID20897313","172916-27-7","XXMBMRDOCHFMET-XGZBPOEQSA-M","C31H45F17O10P","931.24788901","CCCCCCCCCC(CCC(F)(F)C(F)(F)C(F)(F)C(F)(F)C(F)(F)C(F)(F)C(F)(F)C(F)(F)F)OCCCCCOP(=O)([O-])OCC(O)C(O)C(O)C(O)C=O"
"DTXSID20897459","139225-92-6","ILHSDNSKBVJICM-UHFFFAOYSA-N","C30H21F14OP","694.110647002","CC(C)=C(C(C(=O)C(F)(F)C(F)(F)C(F)(F)F)=P(c1ccccc1)(c1ccccc1)c1ccccc1)C(F)(F)C(F)(F)C(F)(F)F"
"DTXSID20897474","305848-92-4","XXSCNRBBJCKWNZ-UHFFFAOYSA-N","C22H16F30N2O2","910.073274352","OC(NC1CCCCC1NC(O)C(F)(F)C(F)(F)C(F)(F)C(F)(F)C(F)(F)C(F)(F)C(F)(F)F)C(F)(F)C(F)(F)C(F)(F)C(F)(F)C(F)(F)C(F)(F)C(F)(F)F"
"DTXSID20897479","92340-26-6","ONPDQMOENAOQAM-UHFFFAOYSA-M","C16H13F17KNO6S","708.982919556","CCN(CCOC(=O)CCC(=O)[O-])S(=O)(=O)C(F)(F)C(F)(F)C(F)(F)C(F)(F)C(F)(F)C(F)(F)C(F)(F)C(F)(F)F.[K+]"
"DTXSID20897494","1402929-36-5","YQAPCAVWNDLIRB-UHFFFAOYSA-N","C12H5BF14O2","458.01590488","OB(O)c1cc(C(F)(C(F)(F)F)C(F)(F)F)cc(C(F)(C(F)(F)F)C(F)(F)F)c1"
"DTXSID20897499","240129-21-9","HYKMGIMCEAITDZ-YGWWPRODSA-N","C27H39F7O2","528.283828028","CC(CCCC(F)(C(F)(F)F)C(F)(F)F)[C@H]1CC[C@H]2[C@@H]3C[C@@H]4O[C@@]45C[C@@H](O)CC[C@]5(C)[C@H]3CC[C@]12C"
"DTXSID20897530","1645842-67-6","-","-","-",NA
"DTXSID20897550","63225-59-2","DSZVJBLTLPXMKN-UHFFFAOYSA-N","C14H8F25NO4S","760.977484236","O=S(=O)([O-])OCCC(F)(F)C(F)(F)C(F)(F)C(F)(F)C(F)(F)C(F)(F)C(F)(F)C(F)(F)C(F)(F)C(F)(F)C(F)(F)C(F)(F)F.[NH4+]"
"DTXSID20897555","220237-47-8","VQLCZXOPOODRDY-KTKRTIGZSA-N","C26H37F13O2","628.258597284","CCCCCCCC/C=C\CCCCCCCC(=O)OCCC(F)(F)C(F)(F)C(F)(F)C(F)(F)C(F)(F)C(F)(F)F"
"DTXSID20897575","15739-82-9","-","-","-",NA
"DTXSID20897590","68586-13-0","-","-","-",NA
"DTXSID20897595","1627515-87-0","-","-","-",NA
"DTXSID20897611","1158951-86-0","-","-","-",NA
"DTXSID20897616","65605-72-3","-","-","-",NA
"DTXSID20897631","64346-91-4","-","-","-",NA
"DTXSID20897636","162492-12-8","-","-","-",NA
"DTXSID20897651","1221681-75-9","-","-","-",NA
"DTXSID20897656","374928-92-4","-","-","-",NA
"DTXSID20897671","161212-19-7","-","-","-",NA
"DTXSID20897676","1374418-39-9","-","-","-",NA
"DTXSID20897691","1648540-20-8","-","-","-",NA
"DTXSID20897696","161212-26-6","-","-","-",NA
"DTXSID20897712","52550-44-4","-","-","-",NA
"DTXSID20897717","136846-15-6","-","-","-",NA
"DTXSID2095073","60918-85-6","-","-","-",NA
"DTXSID2095312","64155-70-0","-","-","-",NA
"DTXSID30103159","69991-61-3","-","-","-",NA
"DTXSID30105335","88645-28-7","-","-","-",NA
"DTXSID30106680","147129-88-2","-","-","-",NA
"DTXSID30107177","175449-31-7","-","-","-",NA
"DTXSID30108846","200513-42-4","-","-","-",NA
"DTXSID30144320","101896-22-4","SCLANBGRWSJHLY-UHFFFAOYSA-N","C26H18F38NO6P","1193.026496286","O=P(OCCC(F)(F)C(F)(F)C(F)(F)C(F)(F)C(F)(F)C(F)(F)C(F)(F)C(F)(F)C(F)(F)F)(OCCC(F)(F)C(F)(F)C(F)(F)C(F)(F)C(F)(F)C(F)(F)C(F)(F)C(F)(F)C(F)(F)F)ON(CCO)CCO"
"DTXSID30172360","1895-26-7","FHENBBPEACDTCF-UHFFFAOYSA-N","C24H9F42O4P","1189.956780638","O=P(O)(OCCC(F)(F)C(F)(F)C(F)(F)C(F)(F)C(F)(F)C(F)(F)C(F)(F)C(F)(F)C(F)(F)C(F)(F)F)OCCC(F)(F)C(F)(F)C(F)(F)C(F)(F)C(F)(F)C(F)(F)C(F)(F)C(F)(F)C(F)(F)C(F)(F)F"
"DTXSID30180102","25444-35-3","PPKJGFABEANLHW-UHFFFAOYSA-N","C13H4ClF15O2S","543.938101348","O=S(=O)(Cl)c1ccc(C(F)(F)C(F)(F)C(F)(F)C(F)(F)C(F)(F)C(F)(F)C(F)(F)F)cc1"
"DTXSID30182964","28788-68-3","ZFHKTQUHJNUDNH-UHFFFAOYSA-N","C7H3F11O","312.000825136","OCC1(F)C(F)(F)C(F)(F)C(F)(F)C(F)(F)C1(F)F"
"DTXSID30184726","307-59-5","WNZGTRLARPEMIG-UHFFFAOYSA-N","C12F26","637.95848372","FC(F)(F)C(F)(F)C(F)(F)C(F)(F)C(F)(F)C(F)(F)C(F)(F)C(F)(F)C(F)(F)C(F)(F)C(F)(F)C(F)(F)F"
"DTXSID30190948","375-50-8","JILAKKYYZPDQBE-UHFFFAOYSA-N","C4F8I2","453.79617176","FC(F)(I)C(F)(F)C(F)(F)C(F)(F)I"
"DTXSID30204796","56236-41-0","VMVIOLQWKUPXMI-BYPYZUCNSA-N","C9H7ClF7NO2","329.005353684","O=C(Cl)[C@@H]1CCCN1C(=O)C(F)(F)C(F)(F)C(F)(F)F"
"DTXSID30232271","83329-16-2","ACTHRCNAGIBPKA-UHFFFAOYSA-N","C8H4F14N2O","410.010007828","O=NN(CC(F)(F)C(F)(F)C(F)(F)F)CC(F)(F)C(F)(F)C(F)(F)F"
"DTXSID30233046","84145-17-5","OUJAXDQRZMGUOM-UHFFFAOYSA-N","C8H5F9O2","304.01458338","C=CCOC(=O)C(F)(F)C(F)(F)C(F)(F)C(F)(F)F"
"DTXSID30235040","85737-06-0","ZPYGRBTUNITHKJ-UHFFFAOYSA-N","C4BrF7O","275.90207426","FC(F)=C(F)OC(F)(F)C(F)(F)Br"
"DTXSID30235262","85938-56-3","YIQVOMZDSOSAQY-UHFFFAOYSA-N","C11H9F15N2O","470.047536208","NCCCNC(=O)C(F)(F)C(F)(F)C(F)(F)C(F)(F)C(F)(F)C(F)(F)C(F)(F)F"
"DTXSID30239942","93962-52-8","OCCOAYPOGQDEOQ-UHFFFAOYSA-N","C12F26S2","701.90262572","FC(F)(F)C(F)(F)C(F)(F)C(F)(F)C(F)(F)C(F)(F)SSC(F)(F)C(F)(F)C(F)(F)C(F)(F)C(F)(F)C(F)(F)F"
"DTXSID30241126","94231-59-1","VHQPVCVRRDZXSW-UHFFFAOYSA-N","C19H6F35O4P","993.944483002","O=P(O)(O)OCCC(F)(F)C(F)(F)C(F)(F)C(F)(F)C(F)(F)C(F)(F)C(F)(F)C(F)(F)C(F)(F)C(F)(F)C(F)(F)C(F)(F)C(F)(F)C(F)(F)C(F)(C(F)(F)F)C(F)(F)F"
"DTXSID30277501","788-41-0","WDXFZSLMIIPQCF-UHFFFAOYSA-N","C6F12O","315.97575326","FC1(F)OC(F)(F)C(F)(F)C(F)(F)C(F)(F)C1(F)F"
"DTXSID30289321","1515-05-5","OFXVRTCUSIFORW-UHFFFAOYSA-N","C4H3F7N2O","228.013360256","NNC(=O)C(F)(F)C(F)(F)C(F)(F)F"
"DTXSID30292734","4314-29-8","ORSKKCUOGCUQSI-UHFFFAOYSA-N","C6H5ClF7NO","274.994789","O=C(NCCCl)C(F)(F)C(F)(F)C(F)(F)F"
"DTXSID30309992","59727-25-2","IXEUDEKRZXOLQA-UHFFFAOYSA-N","C9H7F7N2O3","324.034489624","O=c1[nH]cc(COCC(F)(F)C(F)(F)C(F)(F)F)c(=O)[nH]1"
"DTXSID3031860","335-76-2","PCIUEQPBYFRTEM-UHFFFAOYSA-N","C10HF19O2","513.967315452","O=C(O)C(F)(F)C(F)(F)C(F)(F)C(F)(F)C(F)(F)C(F)(F)C(F)(F)C(F)(F)C(F)(F)F"
"DTXSID3031862","307-24-4","PXUULQAPEKKVAH-UHFFFAOYSA-N","C6HF11O2","313.980089692","O=C(O)C(F)(F)C(F)(F)C(F)(F)C(F)(F)C(F)(F)F"
"DTXSID3031864","1763-23-1","YFSUTJLHUFNCNZ-UHFFFAOYSA-N","C8HF17O3S","499.937494632","O=S(=O)(O)C(F)(F)C(F)(F)C(F)(F)C(F)(F)C(F)(F)C(F)(F)C(F)(F)C(F)(F)F"
"DTXSID30335837","307-49-3","VCIVYCHKSHULON-UHFFFAOYSA-N","C11F24","587.96167728","FC(F)(F)C(F)(F)C(F)(F)C(F)(F)C(F)(F)C(F)(F)C(F)(F)C(F)(F)C(F)(F)C(F)(F)C(F)(F)F"
"DTXSID30338641","375-48-4","CVEIKEYTQKDDQK-UHFFFAOYSA-N","C4BrF9","297.90396608","FC(F)(F)C(F)(F)C(F)(F)C(F)(F)Br"
"DTXSID30340244","424-16-8","OXJVZWUUXGCJLH-UHFFFAOYSA-N","C14H10F12O3S","486.01590382","Cc1ccc(S(=O)(=O)OCC(F)(F)C(F)(F)C(F)(F)C(F)(F)C(F)(F)C(F)F)cc1"
"DTXSID30340966","29723-29-3","GLZLEBAUVDLNEX-UHFFFAOYSA-N","C12H10F7NO","317.06506148","O=C(NCCc1ccccc1)C(F)(F)C(F)(F)C(F)(F)F"
"DTXSID30342046","87461-67-4","UXRKKLGONWLJCQ-UHFFFAOYSA-N","C12H9F7O3","334.043991688","COc1ccc(COC(=O)C(F)(F)C(F)(F)C(F)(F)F)cc1"
"DTXSID30371331","234443-24-4","ZWRZDAJOBBXUHV-UHFFFAOYSA-N","C5H2BrF7","273.922809704","C=C(Br)C(F)(C(F)(F)F)C(F)(F)F"
"DTXSID30375112","330562-47-5","IKLGPUSJUIHNMO-UHFFFAOYSA-N","C9BrF19O3","595.87274214","FC(F)(Br)OC(F)(F)C(F)(F)OC(F)(F)C(F)(F)OC(F)(F)C(F)(F)C(F)(F)C(F)(F)F"
"DTXSID3037707","29420-49-3","LVTHXRLARFLXNR-UHFFFAOYSA-M","C4F9KO3S","337.90615052","O=S(=O)([O-])C(F)(F)C(F)(F)C(F)(F)C(F)(F)F.[K+]"
"DTXSID3037709","3871-99-6","RSCGQEBKFSGWJT-UHFFFAOYSA-M","C6F13KO3S","437.8997634","O=S(=O)([O-])C(F)(F)C(F)(F)C(F)(F)C(F)(F)C(F)(F)C(F)(F)F.[K+]"
"DTXSID30379276","22052-84-2","HRXXERHTOVVTQF-UHFFFAOYSA-N","C4H3F7O","200.007212256","COC(F)(C(F)(F)F)C(F)(F)F"
"DTXSID30379418","53638-10-1","ZDRHSXVFEQIXGS-UHFFFAOYSA-N","C10H3F18I","591.899206056","FC(F)(F)C(F)(F)C(F)(F)C(F)(F)CC(I)C(F)(F)C(F)(F)C(F)(F)C(F)(F)F"
"DTXSID30379711","261503-81-5","BKZHJOQMNQCFAE-UHFFFAOYSA-N","C5ClF9O3","313.93922552","O=C(Cl)C(F)(F)OC(F)(F)C(F)(F)OC(F)(F)F"
"DTXSID30379791","147874-76-8","ZFNFUONJWJUELL-UHFFFAOYSA-N","C10H2F16O2","457.979930824","O=C(CC(=O)C(F)(F)C(F)(F)C(F)(F)C(F)(F)C(F)(F)C(F)(F)F)C(F)(F)F"
"DTXSID30379852","142502-76-9","BYPGRUVLTPMKIS-UHFFFAOYSA-N","C10H9F13O2","408.039496388","COC(CC(F)(F)C(F)(F)C(F)(F)C(F)(F)C(F)(F)C(F)(F)F)OC"
"DTXSID30379857","80793-17-5","SKRWRXWNQFQGRU-UHFFFAOYSA-N","C8H5F13","348.01836702","CCC(F)(F)C(F)(F)C(F)(F)C(F)(F)C(F)(F)C(F)(F)F"
"DTXSID30379877","20017-49-6","CKGPOWZUEZFLPG-UHFFFAOYSA-N","C10F14","385.97764508","Fc1c(F)c(C(F)(C(F)(F)F)C(F)(F)F)c(F)c(F)c1C(F)(F)F"
"DTXSID30379897","89076-11-9","CEUQRWZHUUPZGD-UHFFFAOYSA-N","C7H5F11O","314.0164752","OCCC(F)(F)C(F)(F)C(F)(C(F)(F)F)C(F)(F)F"
"DTXSID30379913","65726-35-4","MFHOUSVHHLOPGM-UHFFFAOYSA-N","C12H6F19IO","653.915998992","OCC(I)CC(F)(F)C(F)(F)C(F)(F)C(F)(F)C(F)(F)C(F)(F)C(F)(C(F)(F)F)C(F)(F)F"
"DTXSID30379933","125370-60-7","AVKVPTNDWAGIMH-UHFFFAOYSA-N","C12H8F16O2","488.026881016","FC(F)C(F)(F)C(F)(F)C(F)(F)C(F)(F)C(F)(F)C(F)(F)C(F)(F)COCC1CO1"
"DTXSID30379938","242142-82-1","FRVXTIVSYJQTRB-UHFFFAOYSA-N","C18H3F35O","899.962502416","OCC(F)(F)C(F)(F)C(F)(F)C(F)(F)C(F)(F)C(F)(F)C(F)(F)C(F)(F)C(F)(F)C(F)(F)C(F)(F)C(F)(F)C(F)(F)C(F)(F)C(F)(F)C(F)(F)C(F)(F)F"
"DTXSID30379973","129794-54-3","LNZANUNVXAAVRW-UHFFFAOYSA-N","C14H13F17O","520.069494776","OCCCCCCC(F)(F)C(F)(F)C(F)(F)C(F)(F)C(F)(F)C(F)(F)C(F)(F)C(F)(F)F"
"DTXSID30380044","232267-34-4","OZJOKWZATUYTID-UHFFFAOYSA-N","C9H3F17O","449.991244456","OCC(F)(F)C(F)(C(F)(F)F)C(F)(F)C(C(F)(F)F)(C(F)(F)F)C(F)(F)F"
"DTXSID30380766","307-93-7","UCRSPYLHWASUKR-UHFFFAOYSA-N","C10H3F15O2","439.989352636","C=COC(=O)C(F)(F)C(F)(F)C(F)(F)C(F)(F)C(F)(F)C(F)(F)C(F)(F)F"
"DTXSID30382003","21652-57-3","TWWJQNJBBMHHAO-UHFFFAOYSA-N","C10H4BrF17","525.922491968","FC(F)(F)C(F)(F)C(F)(F)C(F)(F)C(F)(F)C(F)(F)C(F)(F)C(F)(F)CCBr"
"DTXSID30382048","1992-91-2","GGHXTGYWFGCELG-UHFFFAOYSA-N","C6H7F7O2","244.033427004","OCC(O)CC(F)(F)C(F)(F)C(F)(F)F"
"DTXSID30382063","151772-58-6","PPWRLPJIHGWGFH-UHFFFAOYSA-N","C5HF9O4","295.973112492","O=C(O)C(F)(F)OC(F)(F)C(F)(F)OC(F)(F)F"
"DTXSID30382068","307-40-4","ZNCMYBRWOIPANY-UHFFFAOYSA-N","C10H2F19NO","512.983299864","NC(=O)C(F)(F)C(F)(F)C(F)(F)C(F)(F)C(F)(F)C(F)(F)C(F)(F)C(F)(F)C(F)(F)F"
"DTXSID30382104","865-79-2","QDGYPYFSHOUVLE-UHFFFAOYSA-N","C9HClF16O2","479.940958472","O=C(O)C(F)(F)C(F)(F)C(F)(F)C(F)(F)C(F)(F)C(F)(F)C(F)(F)C(F)(F)Cl"
"DTXSID30382149","25065-50-3","PCGUNVYNJIFBQT-UHFFFAOYSA-N","C7H4F12O","332.007053388","OCC(F)(C(F)C(F)(C(F)(F)F)C(F)(F)F)C(F)(F)F"
"DTXSID30382169","78693-85-3","XKYXNXAJMRFZSX-UHFFFAOYSA-N","C8H3F15O2","415.989352636","OCC(F)(OC(F)(F)C(F)(F)C(F)(F)C(F)(F)C(F)(F)F)C(F)(F)F"
"DTXSID3038939","754-91-6","RRRXPPIDPYTNJG-UHFFFAOYSA-N","C8H2F17NO2S","498.953479044","NS(=O)(=O)C(F)(F)C(F)(F)C(F)(F)C(F)(F)C(F)(F)C(F)(F)C(F)(F)C(F)(F)F"
"DTXSID30391554","325459-90-3","CCDZSLNFIBUPNY-UHFFFAOYSA-N","C14H4BrF17","573.922491968","FC(F)(F)C(F)(F)C(F)(F)C(F)(F)C(F)(F)C(F)(F)C(F)(F)C(F)(F)c1cccc(Br)c1"
"DTXSID30395178","2253-14-7","HFCSJMGXADMMTI-UHFFFAOYSA-N","C5H2F9I","359.905752044","FC(F)(F)C(F)(F)C(F)(F)C(F)(F)CI"
"DTXSID30396867","90177-96-1","XZJPYETUABEQFI-UHFFFAOYSA-N","C8H6F12O2","362.017618072","OCC(F)(F)C(F)(F)C(F)(F)C(F)(F)C(F)(F)C(F)(F)CO"
"DTXSID30401167","119489-67-7","FQQMUCAKAYUZFS-UHFFFAOYSA-N","C14H6F17N","511.022878932","Nc1cccc(C(F)(F)C(F)(F)C(F)(F)C(F)(F)C(F)(F)C(F)(F)C(F)(F)C(F)(F)F)c1"
"DTXSID3040148","335-77-3","HYWZIAVPBSTISZ-UHFFFAOYSA-N","C10HF21O3S","599.931107512","O=S(=O)(O)C(F)(F)C(F)(F)C(F)(F)C(F)(F)C(F)(F)C(F)(F)C(F)(F)C(F)(F)C(F)(F)C(F)(F)F"
"DTXSID30403303","342889-38-7","CDBCINRKCMNDNI-UHFFFAOYSA-N","C48H24F51P","1600.080126618","FC(F)(F)C(F)(F)C(F)(F)C(F)(F)C(F)(F)C(F)(F)C(F)(F)C(F)(F)CCc1cccc(P(c2cccc(CCC(F)(F)C(F)(F)C(F)(F)C(F)(F)C(F)(F)C(F)(F)C(F)(F)C(F)(F)F)c2)c2cccc(CCC(F)(F)C(F)(F)C(F)(F)C(F)(F)C(F)(F)C(F)(F)C(F)(F)C(F)(F)F)c2)c1"
"DTXSID30412359","325459-91-4","VQWYSTZTOSMTTA-UHFFFAOYSA-N","C42H12F51P","1515.986226234","FC(F)(F)C(F)(F)C(F)(F)C(F)(F)C(F)(F)C(F)(F)C(F)(F)C(F)(F)c1cccc(P(c2cccc(C(F)(F)C(F)(F)C(F)(F)C(F)(F)C(F)(F)C(F)(F)C(F)(F)C(F)(F)F)c2)c2cccc(C(F)(F)C(F)(F)C(F)(F)C(F)(F)C(F)(F)C(F)(F)C(F)(F)C(F)(F)F)c2)c1"
"DTXSID3042009","2991-51-7","OSIVISXRDMXJQR-UHFFFAOYSA-M","C12H7F17KNO4S","622.946140124","CCN(CC(=O)[O-])S(=O)(=O)C(F)(F)C(F)(F)C(F)(F)C(F)(F)C(F)(F)C(F)(F)C(F)(F)C(F)(F)F.[K+]"
"DTXSID30433024","142083-52-1","XYTVKPCMDPOOFB-UHFFFAOYSA-N","C10H4F18","466.002558088","FC(F)(F)C(F)(F)C(F)(F)C(F)(F)CCC(F)(F)C(F)(F)C(F)(F)C(F)(F)F"
"DTXSID3044596","16090-14-5","KTCQQCLZUOZFEI-UHFFFAOYSA-N","C7F14O4S","445.92937456","O=S(=O)(F)C(F)(F)C(F)(F)OC(F)(C(F)(F)F)C(F)(F)OC(F)=C(F)F"
"DTXSID30450630","114262-65-6","ODAJPMXNUNVRLV-UHFFFAOYSA-N","C10H6F9N","311.035653172","Nc1ccc(C(F)(F)C(F)(F)C(F)(F)C(F)(F)F)cc1"
"DTXSID30454097","350608-55-8","YPQKUXRTMVAZPK-UHFFFAOYSA-N","C12H14F13O3P","484.047297798","CCOP(=O)(CCC(F)(F)C(F)(F)C(F)(F)C(F)(F)C(F)(F)C(F)(F)F)OCC"
"DTXSID30458858","84246-29-7","WOAGDWWRYOZHDS-UHFFFAOYSA-N","C3HF6NO4S2","292.925118832","O=S1(=O)NS(=O)(=O)C(F)(F)C(F)(F)C1(F)F"
"DTXSID3046613","678-26-2","NJCBUSHGCBERSK-UHFFFAOYSA-N","C5F12","287.98083864","FC(F)(F)C(F)(F)C(F)(F)C(F)(F)C(F)(F)F"
"DTXSID3047558","2144-53-8","CDXFIRXEAJABAZ-UHFFFAOYSA-N","C12H9F13O2","432.039496388","C=C(C)C(=O)OCCC(F)(F)C(F)(F)C(F)(F)C(F)(F)C(F)(F)C(F)(F)F"
"DTXSID30478718","494798-73-1","KOLANEVLEDPTQG-UHFFFAOYSA-N","C18H11F17O2","582.048759332","O=Cc1ccc(OCCCC(F)(F)C(F)(F)C(F)(F)C(F)(F)C(F)(F)C(F)(F)C(F)(F)C(F)(F)F)cc1"
"DTXSID30510389","74067-16-6","ALAFITPQQICBPX-UHFFFAOYSA-N","C7H3F9O3","305.993847936","COC(=O)C(=O)C(F)(F)C(F)(F)C(F)(F)C(F)(F)F"
"DTXSID3051599","1187-93-5","BLTXWCKMNMYXEA-UHFFFAOYSA-N","C3F6O","165.98533394","FC(F)=C(F)OC(F)(F)F"
"DTXSID30520382","89965-72-0","ROHDSIATPNZYDZ-UHFFFAOYSA-N","C12H5F7O","298.02286232","O=C(C#CC(F)(F)C(F)(F)C(F)(F)F)c1ccccc1"
"DTXSID3052856","2923-26-4","UIMRWXUIVFZGSD-UHFFFAOYSA-M","C6F11NaO2","335.96203394","O=C([O-])C(F)(F)C(F)(F)C(F)(F)C(F)(F)C(F)(F)F.[Na+]"
"DTXSID30535037","82721-68-4","WITWPGGAZCIZSI-UHFFFAOYSA-N","C9H7F9O","302.035318824","CC(C)(O)C#CC(F)(F)C(F)(F)C(F)(F)C(F)(F)F"
"DTXSID30541335","90715-84-7","MDXORTHIGOLQOD-UHFFFAOYSA-N","C7H5F7N2O2","282.02392494","O=C1NCC(C(F)(F)C(F)(F)C(F)(F)F)C(=O)N1"
"DTXSID30544200","96383-57-2","GHCQRPYPKRXNOF-UHFFFAOYSA-N","C11H7F13O3","434.018760944","C=COC(=O)OCCC(F)(F)C(F)(F)C(F)(F)C(F)(F)C(F)(F)C(F)(F)F"
"DTXSID30563299","126814-93-5","XYEQEZYFDSQCMY-UHFFFAOYSA-N","C11H11F13O3","438.050061072","OCC(O)COCCC(F)(F)C(F)(F)C(F)(F)C(F)(F)C(F)(F)C(F)(F)F"
"DTXSID30567035","141478-83-3","WIUSQJBYVPBFHT-UHFFFAOYSA-N","C9H7F7O2","280.033427004","O=C1CCCC1C(=O)C(F)(F)C(F)(F)C(F)(F)F"
"DTXSID30583412","240497-37-4","GHTDTEBNYTUTDL-UHFFFAOYSA-M","C18H12BrF27Sn","939.871319124","FC(F)(F)C(F)(F)C(F)(F)C(F)(F)C[CH2][Sn]([Br])([CH2]CC(F)(F)C(F)(F)C(F)(F)C(F)(F)F)[CH2]CC(F)(F)C(F)(F)C(F)(F)C(F)(F)F"
"DTXSID3059890","360-89-4","WSJULBMCKQTTIG-UHFFFAOYSA-N","C4F8","199.98722576","FC(=C(F)C(F)(F)F)C(F)(F)F"
"DTXSID30599058","149790-22-7","LWAHZPPAFSQPGA-UHFFFAOYSA-N","C30H12F51O4P","1435.965884714","O=P(OCCC(F)(F)C(F)(F)C(F)(F)C(F)(F)C(F)(F)C(F)(F)C(F)(F)C(F)(F)F)(OCCC(F)(F)C(F)(F)C(F)(F)C(F)(F)C(F)(F)C(F)(F)C(F)(F)C(F)(F)F)OCCC(F)(F)C(F)(F)C(F)(F)C(F)(F)C(F)(F)C(F)(F)C(F)(F)C(F)(F)F"
"DTXSID3059921","376-06-7","RUDINRUXCKIXAJ-UHFFFAOYSA-N","C14HF27O2","713.954541212","O=C(O)C(F)(F)C(F)(F)C(F)(F)C(F)(F)C(F)(F)C(F)(F)C(F)(F)C(F)(F)C(F)(F)C(F)(F)C(F)(F)C(F)(F)C(F)(F)F"
"DTXSID3059923","376-18-1","MSXVQELLSMPBFD-UHFFFAOYSA-N","C9H4F16O","432.000666268","OCC(F)(F)C(F)(F)C(F)(F)C(F)(F)C(F)(F)C(F)(F)C(F)(F)C(F)F"
"DTXSID3059925","376-50-1","UBMQHNSEGKYMTP-UHFFFAOYSA-N","C10H10F8O4","346.04513456","CCOC(=O)C(F)(F)C(F)(F)C(F)(F)C(F)(F)C(=O)OCC"
"DTXSID3059927","376-90-9","IELVMUPSWDZWSD-UHFFFAOYSA-N","C5H6F6O2","212.027198752","OCC(F)(F)C(F)(F)C(F)(F)CO"
"DTXSID3059971","422-85-5","LANNRYWUUQMNPF-UHFFFAOYSA-N","C3BrF7","247.90715964","FC(F)(F)C(F)(F)C(F)(F)Br"
"DTXSID3059973","423-50-7","HSDJWNJDPDJOEV-UHFFFAOYSA-N","C6F14O2S","401.93954532","O=S(=O)(F)C(F)(F)C(F)(F)C(F)(F)C(F)(F)C(F)(F)C(F)(F)F"
"DTXSID3059975","423-82-5","ZAZJGBCGMUKZEL-UHFFFAOYSA-N","C15H12F17NO4S","625.021558604","C=CC(=O)OCCN(CC)S(=O)(=O)C(F)(F)C(F)(F)C(F)(F)C(F)(F)C(F)(F)C(F)(F)C(F)(F)C(F)(F)F"
"DTXSID3059977","424-40-8","MSDPXVBLFJODJO-UHFFFAOYSA-N","C9H10F6O4","296.04832812","CCOC(=O)C(F)(F)C(F)(F)C(F)(F)C(=O)OCC"
"DTXSID30611522","559-92-2","LAXSGZOZXFTLFG-UHFFFAOYSA-N","C11H7F7O","288.038512384","Cc1ccc(C(=O)C(F)(F)C(F)(F)C(F)(F)F)cc1"
"DTXSID3061211","847-51-8","STPOJASQXPXVMS-UHFFFAOYSA-N","C10H7F7N2O2","320.039575004","Nc1ccc(NC(=O)C(F)(F)C(F)(F)C(F)(F)F)c(O)c1"
"DTXSID30618238","89245-13-6","NEIFNBMQYNENQZ-UHFFFAOYSA-N","C8H9F7N2O","282.060310448","O=C(N1CCNCC1)C(F)(F)C(F)(F)C(F)(F)F"
"DTXSID3062027","1869-77-8","LMUUXHHNCDERBQ-UHFFFAOYSA-N","C14H12F17NO4S","613.021558604","CCOC(=O)CN(CC)S(=O)(=O)C(F)(F)C(F)(F)C(F)(F)C(F)(F)C(F)(F)C(F)(F)C(F)(F)C(F)(F)F"
"DTXSID3062601","2712-83-6","QKCBNLQPCASALS-UHFFFAOYSA-N","C10H5F7N2O4","350.01375418","O=C(Nc1ccc([N+](=O)[O-])cc1O)C(F)(F)C(F)(F)C(F)(F)F"
"DTXSID30627108","80220-63-9","CETXMCMQEXPPLV-UHFFFAOYSA-N","C10H6F17O3P","527.978310422","O=P(O)(O)CCC(F)(F)C(F)(F)C(F)(F)C(F)(F)C(F)(F)C(F)(F)C(F)(F)C(F)(F)F"
"DTXSID30628059","67118-49-4","NNBQJBPSZUKMBM-UHFFFAOYSA-N","C11F22O3","597.9496147","O=C(C(F)(OC(F)(F)C(F)(F)C(F)(F)F)C(F)(F)F)C(F)(OC(F)(F)C(F)(F)C(F)(F)F)C(F)(F)F"
"DTXSID30635586","131651-65-5","FEDFHMISXKDOJI-UHFFFAOYSA-M","C4F9LiO3S","305.95844839","O=S(=O)([O-])C(F)(F)C(F)(F)C(F)(F)C(F)(F)F.[Li+]"
"DTXSID30635667","78740-39-3","OGZFPKBIAYMEEI-UHFFFAOYSA-N","C8F17LiO2","457.97868853","[Li+].[O-]C(C(F)(F)F)(C(F)(F)F)C(F)(F)C(F)(F)OC(F)(C(F)(F)F)C(F)(F)F"
"DTXSID30637843","308-38-3","KFIUXFBSTAMBNK-UHFFFAOYSA-N","C7H11ClF7N","277.046824572","CCC(CN)C(F)(F)C(F)(F)C(F)(F)F.Cl"
"DTXSID3065586","13695-31-3","VIEHKBXCWMMOOU-UHFFFAOYSA-N","C8H7F7O2","268.033427004","C=C(C)C(=O)OCC(F)(F)C(F)(F)C(F)(F)F"
"DTXSID3066184","17329-79-2","DULAHVOOPMNHFB-UHFFFAOYSA-N","C11H12F9NO4S","425.034332844","C=CC(=O)OCCN(CC)S(=O)(=O)C(F)(F)C(F)(F)C(F)(F)C(F)(F)F"
"DTXSID3066215","17587-22-3","SQNZLBOJCWQLGQ-UHFFFAOYSA-N","C10H11F7O2","296.064727132","CC(C)(C)C(=O)CC(=O)C(F)(F)C(F)(F)C(F)(F)F"
"DTXSID30663107","29952-92-9","QVENIMCKJBZDAX-UHFFFAOYSA-N","C9H2F17NO2","478.981408044","NC(=O)C(F)(F)C(F)(F)C(F)(F)C(F)(F)C(F)(F)OC(F)(C(F)(F)F)C(F)(F)F"
"DTXSID3067574","30769-91-6","LDEYRMSHMYWNMA-UHFFFAOYSA-N","C13H9F15OS","498.013459208","C=C(C)C(=O)SCCC(F)(F)C(F)(F)C(F)(F)C(F)(F)C(F)(C(F)(F)F)C(F)(F)F"
"DTXSID3068170","39239-77-5","QBBJBWKVSJWYQK-UHFFFAOYSA-N","C14H5F25O","663.99412028","OCCC(F)(F)C(F)(F)C(F)(F)C(F)(F)C(F)(F)C(F)(F)C(F)(F)C(F)(F)C(F)(F)C(F)(F)C(F)(F)C(F)(F)F"
"DTXSID3069306","59071-10-2","IIEYFHNUKYSWAV-UHFFFAOYSA-N","C14H12F15NO4S","575.024752164","C=CC(=O)OCCN(CC)S(=O)(=O)C(F)(F)C(F)(F)C(F)(F)C(F)(F)C(F)(F)C(F)(F)C(F)(F)F"
"DTXSID30700420","923569-77-1","DQIJQQYCIDPTKA-NKVSQWTQSA-N","C12H9ClF7NO","351.026089128","COc1ccc(/N=C(\Cl)C(F)(F)C(F)(F)C(F)(F)F)c(C)c1"
"DTXSID30700460","30295-51-3","NPRHMPPFGZNNJX-UHFFFAOYSA-N","C13H13F17N2O3S","600.037543016","C[N+](C)([O-])CCCNS(=O)(=O)C(F)(F)C(F)(F)C(F)(F)C(F)(F)C(F)(F)C(F)(F)C(F)(F)C(F)(F)F"
"DTXSID30701159","78560-47-1","ANCJPQMZAFESOZ-UHFFFAOYSA-N","C6H4Cl3F9Si","379.900413678","FC(F)(F)CCC(F)(F)C(F)(F)C(F)(F)[Si](Cl)(Cl)Cl"
"DTXSID3070252","65150-93-8","UNWCENHMZWUSOR-UHFFFAOYSA-N","C21H7F33O2","917.991910724","C=CC(=O)OCCC(F)(F)C(F)(F)C(F)(F)C(F)(F)C(F)(F)C(F)(F)C(F)(F)C(F)(F)C(F)(F)C(F)(F)C(F)(F)C(F)(F)C(F)(F)C(F)(F)C(F)(F)C(F)(F)F"
"DTXSID3070830","67906-42-7","KVTQOQYMILOCBD-UHFFFAOYSA-N","C10H4F21NO3S","616.957656608","O=S(=O)([O-])C(F)(F)C(F)(F)C(F)(F)C(F)(F)C(F)(F)C(F)(F)C(F)(F)C(F)(F)C(F)(F)C(F)(F)F.[NH4+]"
"DTXSID3070882","67939-88-2","XJGIKNCQWLRHAA-UHFFFAOYSA-N","C13H14ClF17N2O2S","620.019306108","CN(C)CCCNS(=O)(=O)C(F)(F)C(F)(F)C(F)(F)C(F)(F)C(F)(F)C(F)(F)C(F)(F)C(F)(F)F.Cl"
"DTXSID30708825","93697-09-7","MHBROBOETRABQY-UHFFFAOYSA-N","C11H7F9","310.040404204","Cc1ccccc1C(F)(F)C(F)(F)C(F)(F)C(F)(F)F"
"DTXSID3070884","67939-90-6","PSNGOBTXZSFMLP-UHFFFAOYSA-N","C9H11F11NO6PS","500.986905122","CCN(CCOP(=O)(O)O)S(=O)(=O)C(F)(F)C(F)(F)C(F)(F)C(F)(F)C(F)(F)F"
"DTXSID3070886","67939-92-8","UKMBKFIROBWXCF-UHFFFAOYSA-N","C20H19F26N2O8PS2","1003.990527918","CCN(CCOP(=O)(O)OCCN(CC)S(=O)(=O)C(F)(F)C(F)(F)C(F)(F)C(F)(F)C(F)(F)C(F)(F)F)S(=O)(=O)C(F)(F)C(F)(F)C(F)(F)C(F)(F)C(F)(F)C(F)(F)F"
"DTXSID3070888","67939-96-2","RZDRSPQHQWHCKI-UHFFFAOYSA-N","C14H12F15NO4S","575.024752164","C=C(C)C(=O)OCCN(C)S(=O)(=O)C(F)(F)C(F)(F)C(F)(F)C(F)(F)C(F)(F)C(F)(F)C(F)(F)F"
"DTXSID30709115","3910-82-5","NIJFGUAYRFPTBD-UHFFFAOYSA-N","C8H2F14","363.993295144","FC(F)(F)C(F)(F)C(F)(F)C=CC(F)(F)C(F)(F)C(F)(F)F"
"DTXSID3071301","68227-97-4","XOBAFFLCNWEIRZ-UHFFFAOYSA-N","C15H14F15NO4S","589.040402228","C=CC(=O)OCCCCN(C)S(=O)(=O)C(F)(F)C(F)(F)C(F)(F)C(F)(F)C(F)(F)C(F)(F)C(F)(F)F"
"DTXSID3071303","68227-99-6","IGHHYZVIDWXKMF-UHFFFAOYSA-N","C13H14F11NO4S","489.046789348","C=CC(=O)OCCCCN(C)S(=O)(=O)C(F)(F)C(F)(F)C(F)(F)C(F)(F)C(F)(F)F"
"DTXSID3071351","68259-06-3","NBFKXQZHVNHRSB-UHFFFAOYSA-N","C9F20O2S","551.92996464","O=S(=O)(F)C(F)(F)C(F)(F)C(F)(F)C(F)(F)C(F)(F)C(F)(F)C(F)(F)C(F)(F)C(F)(F)F"
"DTXSID3071353","68259-08-5","UGEFCGLPIFEPMQ-UHFFFAOYSA-N","C6H4F13NO3S","416.970430848","O=S(=O)([O-])C(F)(F)C(F)(F)C(F)(F)C(F)(F)C(F)(F)C(F)(F)F.[NH4+]"
"DTXSID3071355","68259-10-9","SQTGBVURPMTXBT-UHFFFAOYSA-N","C4H4F9NO3S","316.976817968","O=S(=O)([O-])C(F)(F)C(F)(F)C(F)(F)C(F)(F)F.[NH4+]"
"DTXSID3071359","68259-15-4","HPPDPHZGXWMRHN-UHFFFAOYSA-N","C7H4F13NO2S","412.975516228","CNS(=O)(=O)C(F)(F)C(F)(F)C(F)(F)C(F)(F)C(F)(F)C(F)(F)F"
"DTXSID3071430","68318-36-5","HBCIQEOSBTUVDJ-UHFFFAOYSA-N","C16H17F17N2O4S","656.063757764","C[N+](C)(C)CCCN(CC(=O)[O-])S(=O)(=O)C(F)(F)C(F)(F)C(F)(F)C(F)(F)C(F)(F)C(F)(F)C(F)(F)C(F)(F)F"
"DTXSID3071727","68758-57-6","OWNXTVBJQHTUHT-UHFFFAOYSA-N","C14H4ClF25O2S","745.922133548","O=S(=O)(Cl)CCC(F)(F)C(F)(F)C(F)(F)C(F)(F)C(F)(F)C(F)(F)C(F)(F)C(F)(F)C(F)(F)C(F)(F)C(F)(F)C(F)(F)F"
"DTXSID30724661","163114-33-8","XSCXGBGLEZMUEH-UHFFFAOYSA-N","C15H7F17O","526.022544584","OCc1ccc(C(F)(F)C(F)(F)C(F)(F)C(F)(F)C(F)(F)C(F)(F)C(F)(F)C(F)(F)F)cc1"
"DTXSID3074654","1892-03-1","AWDCOETZVBNIIV-UHFFFAOYSA-N","C5HF7","193.996647572","FC1=CC(F)(F)C(F)(F)C1(F)F"
"DTXSID30746888","56689-47-5","UDXLMYFGTHAWDC-FONBAFMVSA-N","C30H33EuF21O6","1041.115411696","[2H]/C(C(=O)C(F)(F)C(F)(F)C(F)(F)F)=C(/O)C(C([2H])([2H])[2H])(C([2H])([2H])[2H])C([2H])([2H])[2H].[2H]C(C(=O)C(F)(F)C(F)(F)C(F)(F)F)=C(O)C(C([2H])([2H])[2H])(C([2H])([2H])[2H])C([2H])([2H])[2H].[2H]C(C(=O)C(F)(F)C(F)(F)C(F)(F)F)=C(O)C(C([2H])([2H])[2H])(C([2H])([2H])[2H])C([2H])([2H])[2H].[Eu]"
"DTXSID30759756","95842-03-8","QAXJXTAKJWPVPT-UHFFFAOYSA-N","C7F16O2","419.96428076","FC(F)(F)C(F)(F)OC(F)(F)C(F)(OC(F)(F)C(F)(F)F)C(F)(F)F"
"DTXSID30771731","144006-68-8","CEXDSECOBNBQNX-UHFFFAOYSA-N","C12H9F7O","302.054162448","FC(F)(F)C(F)(F)C(F)(F)c1ccc(CC2CO2)cc1"
"DTXSID30772920","195047-10-0","NNVYAYVEHCWCAR-UHFFFAOYSA-N","C8H5F11O","326.0164752","O=CCCC(F)(F)C(F)(F)C(F)(F)C(F)(F)C(F)(F)F"
"DTXSID30773270","193008-44-5","UBFQJYVHHMWXJH-UHFFFAOYSA-N","C5H4F7NO2","243.013025908","CN(O)C(=O)C(F)(F)C(F)(F)C(F)(F)F"
"DTXSID30784341","38565-61-6","VRCPRBGZFGTRGS-UHFFFAOYSA-N","C10H8F13I","501.946315116","FC(F)(F)C(F)(F)C(F)(F)C(F)(F)C(F)(F)C(F)(F)CCCCI"
"DTXSID30790740","678-93-3","UAAOSQWHVBRSMT-UHFFFAOYSA-N","C8H11F7O2","272.064727132","OCCC(CCO)C(F)(F)C(F)(F)C(F)(F)F"
"DTXSID30802039","646063-05-0","DFAVYPDOSQULGD-UHFFFAOYSA-N","C8H7F9O","290.035318824","C=CCOCC(F)(F)C(F)(F)C(F)(F)C(F)(F)F"
"DTXSID30802655","64299-47-4","ZSBRRCNOXMTUAA-UHFFFAOYSA-N","C11H7F7O2","304.033427004","COC(=O)c1ccc(C(F)(F)C(F)(F)C(F)(F)F)cc1"
"DTXSID30806395","62656-73-9","GPGRAXQFFNNFQC-UHFFFAOYSA-N","C11H5F7O3","318.01269156","O=C(O)c1ccccc1C(=O)C(F)(C(F)(F)F)C(F)(F)F"
"DTXSID30826513","871311-25-0","XZMHQGNALQAGNL-UHFFFAOYSA-N","C25H35F17","658.24673086","CCCCCCCCCCCCCCCCCC(F)(F)C(F)(F)C(F)(F)C(F)(F)C(F)(F)C(F)(F)C(F)(F)C(F)(F)F"
"DTXSID30846776","917923-88-7","HKAMSGFEDWXJSR-UHFFFAOYSA-N","C12H6BrF7N2","389.960257832","Nc1c(Br)cc(C(F)(C(F)(F)F)C(F)(F)F)c2ncccc12"
"DTXSID30848033","90292-38-9","RLTXKMUREFPOAZ-UHFFFAOYSA-N","C7H6F8O","258.029090572","COCC=C(F)C(F)(F)C(F)(F)C(F)(F)F"
"DTXSID30848038","90292-31-2","OWTPDHDNFWAJET-UHFFFAOYSA-N","C9H9F8NO2","315.050554288","CC(C)(CC=C(F)C(F)(F)C(F)(F)C(F)(F)F)[N+](=O)[O-]"
"DTXSID30850994","52512-15-9","AVFHBJSMSJZVFE-UHFFFAOYSA-N","C10H4F7NO4","335.002855148","O=C(Oc1cccc([N+](=O)[O-])c1)C(F)(F)C(F)(F)C(F)(F)F"
"DTXSID30870516","NOCAS_870516","AJYRBQGTPUSTHS-UHFFFAOYSA-N","C6F12O","315.97575326","FC(F)(F)C(F)(F)C1(F)OC(F)(F)C(F)(F)C1(F)F"
"DTXSID30880115","355-44-2","JZNOXYXRJDVNOM-UHFFFAOYSA-N","C6F13I","445.88371486","FC(F)(F)C(F)(F)C(F)(F)C(F)(F)C(F)(I)C(F)(F)F"
"DTXSID30880130","355-86-2","BSOLVVCARHZLMT-UHFFFAOYSA-N","C15H9F24O4P","739.985522678","O=P(OCC(F)(F)C(F)(F)C(F)(F)C(F)F)(OCC(F)(F)C(F)(F)C(F)(F)C(F)F)OCC(F)(F)C(F)(F)C(F)(F)C(F)F"
"DTXSID30880135","375-14-4","RBPHBIMHZSTIDT-UHFFFAOYSA-N","C5H5F7O","214.02286232","CC(O)C(F)(F)C(F)(F)C(F)(F)F"
"DTXSID30880150","1644-11-7","RJBJXVAPYONTFE-UHFFFAOYSA-N","C8F16O2","431.96428076","FC(F)=C(F)OC(F)(F)C(F)(OC(F)(F)C(F)(F)C(F)(F)F)C(F)(F)F"
"DTXSID30880155","1868-86-6","WCOWRYUAIXGAPL-UHFFFAOYSA-N","C9H5F16NO2","463.00647992","O=C([O-])C(F)(F)C(F)(F)C(F)(F)C(F)(F)C(F)(F)C(F)(F)C(F)(F)C(F)F.[NH4+]"
"DTXSID30880175","2070-70-4","SAPOZTRFWJZUFT-UHFFFAOYSA-N","C6F12","299.98083864","FC(=C(F)C(F)(C(F)(F)F)C(F)(F)F)C(F)(F)F"
"DTXSID30880190","3107-32-2","ZBVFRKIRSUMGIK-UHFFFAOYSA-N","C7H5F12Na2O4P","457.95292247","O=P(O)(O)OCC(F)(F)C(F)(F)C(F)(F)C(F)(F)C(F)(F)C(F)F.[Na+].[Na+]"
"DTXSID30880195","3658-57-9","PMSOLKLHKDPYPN-UHFFFAOYSA-N","C9H4ClF16NO2","496.967507568","N.O=C(O)C(F)(F)C(F)(F)C(F)(F)C(F)(F)C(F)(F)C(F)(C(F)(F)F)C(F)(F)Cl"
"DTXSID30880211","9011-17-0","-","-","-",NA
"DTXSID30880216","13252-15-8","VOAMXAGBQIGIEI-UHFFFAOYSA-N","C18F36O6","995.91200364","O=C(F)C(F)(OC(F)(F)C(F)(OC(F)(F)C(F)(OC(F)(F)C(F)(OC(F)(F)C(F)(OC(F)(F)C(F)(F)C(F)(F)F)C(F)(F)F)C(F)(F)F)C(F)(F)F)C(F)(F)F)C(F)(F)F"
"DTXSID30880231","20109-59-5","LKGSCUOIQGNNEK-UHFFFAOYSA-M","C7F13NaO2","385.95884038","O=C([O-])C(F)(F)C(F)(F)C(F)(F)C(F)(F)C(F)(F)C(F)(F)F.[Na+]"
"DTXSID30880236","25628-08-4","YHJYQOPSLSJYOP-UHFFFAOYSA-N","C12H19F9NO3S","428.094193448","CC[N+](CC)(CC)C(C)OS(=O)(=O)C(F)(F)C(F)(F)C(F)(F)C(F)(F)F"
"DTXSID30880251","30334-69-1","FUVKFLJWBHVMHX-UHFFFAOYSA-N","C4H2F9NO2S","298.966253284","NS(=O)(=O)C(F)(F)C(F)(F)C(F)(F)C(F)(F)F"
"DTXSID30880377","25684-76-8","-","-","-",NA
"DTXSID30880413","38565-52-5","KGYUZRBIQCDOCN-UHFFFAOYSA-N","C9H5F13O","376.01328164","FC(F)(F)C(F)(F)C(F)(F)C(F)(F)C(F)(F)C(F)(F)CC1CO1"
"DTXSID30880418","39187-47-8","POFXNOHVAKKASZ-UHFFFAOYSA-N","C13H3F23O5","675.961322256","COC(=O)C(F)(OC(F)(F)C(F)(OC(F)(F)C(F)(OC(F)(F)C(F)(F)C(F)(F)F)C(F)(F)F)C(F)(F)F)C(F)(F)F"
"DTXSID30880433","34455-22-6","TZIPMEZQXPAKPK-UHFFFAOYSA-N","C13H17F13N2O2S","512.080315644","CN(C)CCCNS(=O)(=O)CCC(F)(F)C(F)(F)C(F)(F)C(F)(F)C(F)(F)C(F)(F)F"
"DTXSID30880438","37626-13-4","-","-","-",NA
"DTXSID30880458","53515-73-4","-","-","-",NA
"DTXSID30880473","54302-04-4","-","-","-",NA
"DTXSID30880493","58920-31-3","XEVYGIAXCSAAOA-UHFFFAOYSA-N","C16H14F17NO4S","639.037208668","C=CC(=O)OCCCCN(C)S(=O)(=O)C(F)(F)C(F)(F)C(F)(F)C(F)(F)C(F)(F)C(F)(F)C(F)(F)C(F)(F)F"
"DTXSID30880514","61097-79-8","ODICQQXTKDJYND-UHFFFAOYSA-N","C8F14O3","409.96238894","FC(F)=C(F)OC1(F)OC(F)(C(F)(F)F)C(F)(F)OC1(F)C(F)(F)F"
"DTXSID30880519","60918-86-7","-","-","-",NA
"DTXSID30880534","64018-23-1","FMAZHALGIPCISB-UHFFFAOYSA-N","C10H2ClF17O","495.952272104","O=C(Cl)CC(F)(F)C(F)(F)C(F)(F)C(F)(F)C(F)(F)C(F)(F)C(F)(F)C(F)(F)F"
"DTXSID30880554","66008-71-7","IXKVVULTIBZSFS-UHFFFAOYSA-N","C16H21F13N2O4S","584.101445012","CN(CCC[N+](C)(C)CC(=O)[O-])S(=O)(=O)CCC(F)(F)C(F)(F)C(F)(F)C(F)(F)C(F)(F)C(F)(F)F"
"DTXSID30880574","67939-34-8","-","-","-",NA
"DTXSID30880594","68182-34-3","-","-","-",NA
"DTXSID30880599","68298-72-6","WUGSPVXFVQZHFC-UHFFFAOYSA-N","C28H28F17N3O8S","889.132565596","C=C(C)C(=O)OCC(C)OC(=O)Nc1cc(NC(=O)OCCN(CC)S(=O)(=O)C(F)(F)C(F)(F)C(F)(F)C(F)(F)C(F)(F)C(F)(F)C(F)(F)C(F)(F)F)ccc1C"
"DTXSID30880610","68299-29-6","OYGLSOGXCCTKQB-UHFFFAOYSA-M","C14H7F15NNaO5S2","640.942381904","O=S(=O)([O-])c1ccccc1CNS(=O)(=O)C(F)(F)C(F)(F)C(F)(F)C(F)(F)C(F)(F)C(F)(F)C(F)(F)F.[Na+]"
"DTXSID30880615","68555-81-7","DEWPQMPVQKTNFF-UHFFFAOYSA-M","C13H16ClF15N2O2S","584.038149732","C[N+](C)(C)CCCNS(=O)(=O)C(F)(F)C(F)(F)C(F)(F)C(F)(F)C(F)(F)C(F)(F)C(F)(F)F.[Cl-]"
"DTXSID30880938","68957-57-3","MWKSAQOKDXBQAJ-UHFFFAOYSA-M","C11H16F11IN2O2S","575.980157172","C[N+](C)(C)CCCNS(=O)(=O)C(F)(F)C(F)(F)C(F)(F)C(F)(F)C(F)(F)F.[I-]"
"DTXSID30880958","72494-14-5","YQTBVQGDWOBHRU-UHFFFAOYSA-N","C33H42F8N2O4","682.301683584","CCCCC(Oc1ccc(C(C)(C)CC)cc1C(C)(C)CC)C(=O)Nc1ccc(NC(=O)C(F)(F)C(F)(F)C(F)(F)C(F)F)c(O)c1"
"DTXSID30880978","75032-81-4","CHJKFUOIKDXYEH-UHFFFAOYSA-M","C13H11F17NNaO5S2","670.970488472","CCN(CCCS(=O)(=O)[O-])S(=O)(=O)C(F)(F)C(F)(F)C(F)(F)C(F)(F)C(F)(F)C(F)(F)C(F)(F)C(F)(F)F.[Na+]"
"DTXSID30880993","84029-58-3","-","-","-",NA
"DTXSID30881021","93776-04-6","ACVJGNXQTVSKDY-UHFFFAOYSA-N","C34H24F46O5","1386.088921988","CC(COCC(C)OCC(O)CC(F)(F)C(F)(F)C(F)(F)C(F)(F)C(F)(F)C(F)(F)C(F)(F)C(F)(F)C(F)(C(F)(F)F)C(F)(F)F)OCC(O)CC(F)(F)C(F)(F)C(F)(F)C(F)(F)C(F)(F)C(F)(F)C(F)(F)C(F)(F)C(F)(C(F)(F)F)C(F)(F)F"
"DTXSID30881026","93776-09-1","MCTLLDFQQNTIQG-UHFFFAOYSA-N","C35H45F27O11","1154.2530742","COCCOCCOCCOCCOCCOCCOCCOCCOCCOCC(O)CC(F)(F)C(F)(F)C(F)(F)C(F)(F)C(F)(F)C(F)(F)C(F)(F)C(F)(F)C(F)(F)C(F)(F)C(F)(C(F)(F)F)C(F)(F)F"
"DTXSID30881061","93776-31-9","USUQVGQWXMPNTE-UHFFFAOYSA-N","C42H20F70NO6P","1994.99104939","O=P([O-])(OCCC(F)(F)C(F)(F)C(F)(F)C(F)(F)C(F)(F)C(F)(F)C(F)(F)C(F)(F)C(F)(F)C(F)(F)C(F)(F)C(F)(F)C(F)(F)C(F)(F)C(F)(C(F)(F)F)C(F)(F)F)OCCC(F)(F)C(F)(F)C(F)(F)C(F)(F)C(F)(F)C(F)(F)C(F)(F)C(F)(F)C(F)(F)C(F)(F)C(F)(F)C(F)(F)C(F)(F)C(F)(F)C(F)(C(F)(F)F)C(F)(F)F.OCC[NH2+]CCO"
"DTXSID30881066","93857-43-3","RNSUNZPZYYXRNY-UHFFFAOYSA-N","C19H12F35N2O4P","1027.997581194","O=P([O-])([O-])OCCC(F)(F)C(F)(F)C(F)(F)C(F)(F)C(F)(F)C(F)(F)C(F)(F)C(F)(F)C(F)(F)C(F)(F)C(F)(F)C(F)(F)C(F)(F)C(F)(F)C(F)(C(F)(F)F)C(F)(F)F.[NH4+].[NH4+]"
"DTXSID30881122","93894-67-8","-","-","-",NA
"DTXSID30881127","93894-73-6","ZQQFWJXMJMALCF-UHFFFAOYSA-L","C16F34MgO6S2","1021.8443809","O=S(=O)([O-])C(F)(F)C(F)(F)C(F)(F)C(F)(F)C(F)(F)C(F)(C(F)(F)F)C(F)(F)F.O=S(=O)([O-])C(F)(F)C(F)(F)C(F)(F)C(F)(F)C(F)(F)C(F)(C(F)(F)F)C(F)(F)F.[Mg+2]"
"DTXSID30881162","94159-88-3","UCXJEPZAXJRBAT-UHFFFAOYSA-N","C14H11F17O2","534.048759332","CC1(C)OCC(CC(F)(F)C(F)(F)C(F)(F)C(F)(F)C(F)(F)C(F)(F)C(F)(F)C(F)(F)F)O1"
"DTXSID30881167","94166-88-8","-","-","-",NA
"DTXSID30881182","94200-51-8","KNOJCFMGGMASGT-UHFFFAOYSA-N","C16H14F27N2O5P","858.020920118","O=P([O-])([O-])OCC(O)CC(F)(F)C(F)(F)C(F)(F)C(F)(F)C(F)(F)C(F)(F)C(F)(F)C(F)(F)C(F)(F)C(F)(F)C(F)(C(F)(F)F)C(F)(F)F.[NH4+].[NH4+]"
"DTXSID30881283","68900-97-0","XPVQXTIORCZKBJ-UHFFFAOYSA-I","C14H28Cl4Cr2F9NO9S","800.889432",NA
"DTXSID30881288","84238-52-8","-","-","-",NA
"DTXSID30881304","68158-13-4","AQTLYQKIOQKBFB-UHFFFAOYSA-N","C5F11I","395.88690842","FC(F)(F)C(F)(F)C(F)(F)C(F)(I)C(F)(F)F"
"DTXSID30881309","90622-99-4","-","-","-",NA
"DTXSID30881324","92129-34-5","-","-","-",NA
"DTXSID30881329","93572-72-6","-","-","-",NA
"DTXSID30881344","172398-80-0","AVYIXHKQCYKHDI-UHFFFAOYSA-M","C14H5F17NNaO5S2","676.92353828","O=S(=O)([O-])c1ccc(NS(=O)(=O)C(F)(F)C(F)(F)C(F)(F)C(F)(F)C(F)(F)C(F)(F)C(F)(F)C(F)(F)F)cc1.[Na+]"
"DTXSID30881364","57678-90-7","JIFGTNPOBGCFCV-UHFFFAOYSA-N","C15H10F18O2","564.03933752","C=CC(=O)OCCC(F)(F)C(F)(F)C(F)(F)C(F)(F)C(F)(F)C(F)(F)C(F)(F)C(F)(F)C(C)(F)F"
"DTXSID30881369","932710-51-5","HHEVANWCCJRBAP-UHFFFAOYSA-N","C13H8F13NO3","473.029659976","O=C1CCC(=O)N1C(=O)CCC(F)(F)C(F)(F)C(F)(F)C(F)(F)C(F)(F)C(F)(F)F"
"DTXSID30881384","137338-40-0","HUBKJPDTNKYKGO-UHFFFAOYSA-N","C30H45F17","728.32498118","CCCCCCCCCCCCCCCCCCCCCCC(F)(F)C(F)(F)C(F)(F)C(F)(F)C(F)(F)C(F)(F)C(F)(F)C(F)(F)F"
"DTXSID30881829","68298-79-3","-","-","-",NA
"DTXSID30881844","68664-13-1","-","-","-",NA
"DTXSID30881849","160402-26-6","-","-","-",NA
"DTXSID30881864","160336-21-0","-","-","-",NA
"DTXSID30881884","179005-06-2","-","-","-",NA
"DTXSID30881889","97660-44-1","-","-","-",NA
"DTXSID30881900","107812-05-5","-","-","-",NA
"DTXSID30881905","68140-20-5","-","-","-",NA
"DTXSID30881920","101182-89-2","-","-","-",NA
"DTXSID30881925","65530-61-2","-","-","-",NA
"DTXSID30881940","65530-77-0","-","-","-",NA
"DTXSID30881945","65530-85-0","-","-","-",NA
"DTXSID30881960","190605-64-2","-","-","-",NA
"DTXSID30881965","28497-93-0","-","-","-",NA
"DTXSID30881980","852204-74-1","-","-","-",NA
"DTXSID30881985","82030-82-8","-","-","-",NA
"DTXSID30882013","66796-30-3","-","-","-",NA
"DTXSID30882018","940891-99-6","-","-","-",NA
"DTXSID30882573","68867-62-9","-","-","-",NA
"DTXSID30882578","68797-76-2","-","-","-",NA
"DTXSID30882593","306975-57-5","-","-","-",NA
"DTXSID30882598","1645852-10-3","-","-","-",NA
"DTXSID30882619","1432019-82-3","-","-","-",NA
"DTXSID30882634","176741-19-8","-","-","-",NA
"DTXSID30882639","328390-05-2","-","-","-",NA
"DTXSID30882654","68515-62-8","-","-","-",NA
"DTXSID30882659","203572-45-6","-","-","-",NA
"DTXSID30882674","92265-81-1","-","-","-",NA
"DTXSID30882679","944477-76-3","-","-","-",NA
"DTXSID30882694","503287-56-7","-","-","-",NA
"DTXSID30882699","106108-23-0","-","-","-",NA
"DTXSID30882710","374623-78-6","-","-","-",NA
"DTXSID30882715","1360463-21-3","-","-","-",NA
"DTXSID30882730","162491-88-5","-","-","-",NA
"DTXSID30882735","1016637-15-2","-","-","-",NA
"DTXSID30882750","150409-18-0","-","-","-",NA
"DTXSID30882755","202875-75-0","-","-","-",NA
"DTXSID30882770","1206450-09-0","-","-","-",NA
"DTXSID30882775","96353-69-4","-","-","-",NA
"DTXSID30882790","75888-49-2","-","-","-",NA
"DTXSID30882795","110053-43-5","-","-","-",NA
"DTXSID30882811","502135-45-7","-","-","-",NA
"DTXSID30882816","221455-71-6","-","-","-",NA
"DTXSID30882831","31176-88-2","-","-","-",NA
"DTXSID30882836","1187311-64-3","-","-","-",NA
"DTXSID30882851","126066-30-6","-","-","-",NA
"DTXSID30882856","160709-33-1","-","-","-",NA
"DTXSID30882871","65605-70-1","-","-","-",NA
"DTXSID30882896","161278-45-1","-","-","-",NA
"DTXSID30882912","174125-96-3","-","-","-",NA
"DTXSID30882917","1078715-61-3","-","-","-",NA
"DTXSID30882932","71230-79-0","-","-","-",NA
"DTXSID30882937","1646594-71-9","-","-","-",NA
"DTXSID30882952","144031-01-6","-","-","-",NA
"DTXSID30882972","126927-97-7","-","-","-",NA
"DTXSID30882977","223557-70-8","-","-","-",NA
"DTXSID30882992","90718-04-0","-","-","-",NA
"DTXSID30882997","101061-04-5","-","-","-",NA
"DTXSID30883000","1564254-27-8","-","-","-",NA
"DTXSID30883005","543698-27-7","-","-","-",NA
"DTXSID30883020","97298-47-0","UTXCNWRJGAUTRJ-UHFFFAOYSA-E","C11H7Cl6Cr3F17NO6S","969.608542",NA
"DTXSID30883025","68259-39-2","-","-","-",NA
"DTXSID30883040","484022-20-0","-","-","-",NA
"DTXSID30883045","80392-02-5","-","-","-",NA
"DTXSID30883060","161075-35-0","-","-","-",NA
"DTXSID30889183","475678-78-5","DTJCOUKHJQCCKV-UHFFFAOYSA-N","C11H13F9O2","348.077183636","CC1(COCCC(F)(F)C(F)(F)C(F)(F)C(F)(F)F)COC1"
"DTXSID30891564","757124-72-4","TXGIGTRUEITPSC-UHFFFAOYSA-N","C6H5F9O3S","327.981569","O=S(=O)(O)CCC(F)(F)C(F)(F)C(F)(F)C(F)(F)F"
"DTXSID30892950","70674-74-7","SIPZTYNQWUTWPT-UHFFFAOYSA-N","C17H15F19N2O3","656.07792852","C[N+](C)(CCCNC(=O)C(F)(F)C(F)(F)C(F)(F)C(F)(F)C(F)(F)C(F)(F)C(F)(F)C(F)(F)C(F)(F)F)CC(=O)[O-]"
"DTXSID30893301","89685-61-0","RXJIIPMAZRURMG-UHFFFAOYSA-M","C13H11F15NNaO4S","585.006696412","CCN(CCCS(=O)(=O)[O-])C(=O)C(F)(F)C(F)(F)C(F)(F)C(F)(F)C(F)(F)C(F)(F)C(F)(F)F.[Na+]"
"DTXSID30893306","97388-28-8","QFJAMRYVVQLUKC-UHFFFAOYSA-N","C11H5F9N2","336.03090214","FC1(F)C(F)(F)C(F)(F)C(F)(N=Nc2ccccc2)C1(F)F"
"DTXSID30893341","141074-63-7","BJNCSIWIMCWIMS-UHFFFAOYSA-N","C15HF29O2","763.951347652","O=C(O)C(F)(F)C(F)(F)C(F)(F)C(F)(F)C(F)(F)C(F)(F)C(F)(F)C(F)(F)C(F)(F)C(F)(F)C(F)(F)C(F)(F)C(F)(F)C(F)(F)F"
"DTXSID30893346","120945-47-3","WAMDJIYFKLYZRR-UHFFFAOYSA-N","C14H15F18N2O8PS2","775.97200203","CN(CCOP(=O)(O)OCCN(C)S(=O)(=O)C(F)(F)C(F)(F)C(F)(F)C(F)(F)F)S(=O)(=O)C(F)(F)C(F)(F)C(F)(F)C(F)(F)F"
"DTXSID30893366","210896-25-6","REMSMUILZZYKPD-UHFFFAOYSA-N","C14H17F13O","448.107182024","CC(C)CC(C)OCCC(F)(F)C(F)(F)C(F)(F)C(F)(F)C(F)(F)C(F)(F)F"
"DTXSID30893381","348144-85-4","QWIXWKRIOHNTCX-UHFFFAOYSA-N","C31H45F17N2O4S","864.28285866","CCCCCCCCCCCCCCCCCCN1C(=O)OCC1CN(C)S(=O)(=O)C(F)(F)C(F)(F)C(F)(F)C(F)(F)C(F)(F)C(F)(F)C(F)(F)C(F)(F)F"
"DTXSID30893386","369371-47-1","LCVLVWQPMRAJQW-UHFFFAOYSA-N","C6F12O3","347.9655825","FC(F)=C(F)OC(F)(F)OC(F)(F)C(F)(F)OC(F)(F)F"
"DTXSID30893402","503431-63-8","-","-","-",NA
"DTXSID30893407","825635-46-9","ZCRHOADSHVJCKU-UHFFFAOYSA-N","C18H14F9NO5","495.072826528","O=C(OCc1ccc(CCC(F)(F)C(F)(F)C(F)(F)C(F)(F)F)cc1)ON1C(=O)CCC1=O"
"DTXSID30893528","175354-30-0","AQCCETXOSNSMHS-UHFFFAOYSA-N","C30H17F39Sn","1237.972945824","FC(F)(F)C(F)(F)C(F)(F)C(F)(F)C(F)(F)C(F)(F)C[CH2][Sn]([CH2]CC(F)(F)C(F)(F)C(F)(F)C(F)(F)C(F)(F)C(F)(F)F)([CH2]CC(F)(F)C(F)(F)C(F)(F)C(F)(F)C(F)(F)C(F)(F)F)[c]1ccccc1"
"DTXSID30893548","691358-66-4","PEZXXNHCOCQAKU-UHFFFAOYSA-N","C24H10F21NO3S","791.0046068","O=S(=O)(ON=C(c1ccc2c(c1)Cc1ccccc1-2)C(F)(F)C(F)(F)C(F)(F)C(F)(F)C(F)(F)C(F)F)C(F)(F)C(F)(F)C(F)(F)C(F)(F)F"
"DTXSID30893563","178094-72-9","AWJLAKBZJQHSOY-UHFFFAOYSA-N","C10H12F11KN2O3S","488.003005344","C[N+](C)([O-])CCC[N-]S(=O)(=O)C(F)(F)C(F)(F)C(F)(F)C(F)(F)C(F)(F)F.[K+]"
"DTXSID30893568","231301-26-1","-","-","-",NA
"DTXSID30895163","577773-57-0","PXVLLIXMQNNYBT-UHFFFAOYSA-N","C5H3Cl2F7","265.950002996","FC(F)(F)C(F)(F)C(F)(F)C(Cl)CCl"
"DTXSID30895168","188189-52-8","ZCCDIMCOMMCOLK-UHFFFAOYSA-N","C6H4F10","266.015332328","FC(F)(F)CCC(F)(F)C(F)(F)C(F)(F)F"
"DTXSID30895183","355-98-6","OJGIFDMSTFVZSM-UHFFFAOYSA-N","C7H7F7","224.043597764","CCC=CC(F)(F)C(F)(F)C(F)(F)F"
"DTXSID30895188","234433-63-7","UJXMIOVGPWESNH-UHFFFAOYSA-N","C13H19F9","346.134304588","CCCCCCCCCC(F)(F)C(F)(F)C(F)(F)C(F)(F)F"
"DTXSID30895204","219557-62-7","SQRIVGLRVOASKE-UHFFFAOYSA-N","C9H11F9O","306.066618952","OCCCCCC(F)(F)C(F)(F)C(F)(F)C(F)(F)F"
"DTXSID30895209","213207-95-5","HIEQJDKWJZYMQM-UHFFFAOYSA-N","C15H22BrF9","452.076116784","FC(F)(F)C(F)(F)C(F)(F)C(F)(F)CCCCCCCCCCCBr"
"DTXSID30895224","51249-62-8","PXYDGESYUICOAX-UHFFFAOYSA-N","C8H3Br2F13","503.839391156","FC(F)(F)C(F)(F)C(F)(F)C(F)(F)C(F)(F)C(F)(F)C(Br)CBr"
"DTXSID30895229","1835250-28-6","DTLGDSAWSCMUJZ-UHFFFAOYSA-N","C11H7F17","462.027629964","CCCC(F)(F)C(F)(F)C(F)(F)C(F)(F)C(F)(F)C(F)(F)C(F)(F)C(F)(F)F"
"DTXSID30895244","377-52-6","CXOBIGBNBLZQJA-UHFFFAOYSA-N","C5H5F7O2","230.01777694","COC(O)C(F)(F)C(F)(F)C(F)(F)F"
"DTXSID30895249","38550-35-5","IYNXASCSZLGJOC-UHFFFAOYSA-N","C11H6F17I","587.924277932","CC(I)CC(F)(F)C(F)(F)C(F)(F)C(F)(F)C(F)(F)C(F)(F)C(F)(F)C(F)(F)F"
"DTXSID30895264","1835252-03-3","JVDWPFAGFJGSIM-UHFFFAOYSA-N","C14H12F18","522.065158344","FC(F)(F)C(F)(F)C(F)(F)C(F)(F)CCCCCCC(F)(F)C(F)(F)C(F)(F)C(F)(F)F"
"DTXSID30895269","152220-76-3","FTUOFEXYTAPMKP-UHFFFAOYSA-N","C9H11F9O2","322.061533572","OCC(CO)CCC(F)(F)C(F)(F)C(F)(F)C(F)(F)F"
"DTXSID30895284","24010-46-6","UGHJWZHBCXGSAY-OWOJBTEDSA-N","C7F14","349.97764508","F/C(=C(/F)C(F)(F)C(F)(F)C(F)(F)C(F)(F)F)C(F)(F)F"
"DTXSID30895289","89109-68-2","NMZHRKYJNDJFQW-UHFFFAOYSA-N","C14H5F25","647.99920566","CCC(F)(F)C(F)(F)C(F)(F)C(F)(F)C(F)(F)C(F)(F)C(F)(F)C(F)(F)C(F)(F)C(F)(F)C(F)(F)C(F)(F)F"
"DTXSID30895300","935476-95-2","JYJDYPJOQLXHAY-UHFFFAOYSA-N","C8H2F14","363.993295144","FC(F)(F)C=CC(F)(F)C(F)(F)C(F)(F)C(F)(F)C(F)(F)F"
"DTXSID30895305","207122-01-8","CMOHQCMNURTYAP-UHFFFAOYSA-N","C17H22F13I","600.055865564","CCCCCCCCCC(I)CC(F)(F)C(F)(F)C(F)(F)C(F)(F)C(F)(F)C(F)(F)F"
"DTXSID30895320","863126-44-7","UDLCDYBILHMVLL-UHFFFAOYSA-N","C25H39F13","586.284418108","CCCCCCCCCCCCCCCCCCCC(F)(F)C(F)(F)C(F)(F)C(F)(F)C(F)(F)C(F)(F)F"
"DTXSID30895325","1287702-47-9","IBMIKGQEDHLOMX-UHFFFAOYSA-N","C18H19F19","596.118336788","CCCCCCCCCC(F)(F)C(F)(F)C(F)(F)C(F)(F)C(F)(F)C(F)(F)C(F)(F)C(F)(F)C(F)(F)F"
"DTXSID30895340","935477-07-9","KIUZUQZPXYDQBR-UHFFFAOYSA-N","C9H2F16","413.990101584","FC(F)(F)C(F)(F)C(F)(F)C=CC(F)(F)C(F)(F)C(F)(F)C(F)(F)F"
"DTXSID30895345","53638-09-8","CFRLBNSVJIEGSV-UHFFFAOYSA-N","C14H4F26","665.989783848","FC(F)(F)C(F)(F)C(F)(F)C(F)(F)CCC(F)(F)C(F)(F)C(F)(F)C(F)(F)C(F)(F)C(F)(F)C(F)(F)C(F)(F)F"
"DTXSID30895360","356-03-6","KRBNWYYINLFKND-UHFFFAOYSA-N","C6H3F7O2","240.002126876","O=C(O)C=CC(F)(F)C(F)(F)C(F)(F)F"
"DTXSID30895365","146983-96-2","QCMDKROLEDJSMF-UHFFFAOYSA-N","C15H4F27I","823.892660068","FC(F)(F)C(F)(F)C(F)(F)C(F)(F)C(F)(F)C(F)(F)C(F)(F)C(F)(F)C(F)(F)C(F)(F)C(F)(F)C(F)(F)C(F)(F)CCI"
"DTXSID30895380","89109-71-7","CNQSTXRQMOWWFI-UHFFFAOYSA-N","C24H25F25","788.1557063","CCCCCCCCCCCCC(F)(F)C(F)(F)C(F)(F)C(F)(F)C(F)(F)C(F)(F)C(F)(F)C(F)(F)C(F)(F)C(F)(F)C(F)(F)C(F)(F)F"
"DTXSID30895385","167641-85-2","LZENXKBSJNMIKY-UHFFFAOYSA-N","C26H33F21","744.224693676","CCCCCCCCCCCCCCCCC(F)(F)C(F)(F)C(F)(F)C(F)(F)C(F)(F)C(F)(F)C(F)(F)C(F)(F)C(F)(F)C(F)(F)F"
"DTXSID30895401","53638-11-2","VNKUHJSRWROOHW-UHFFFAOYSA-N","C14H3F26I","791.886431816","FC(F)(F)C(F)(F)C(F)(F)C(F)(F)C(F)(F)C(F)(F)CC(I)C(F)(F)C(F)(F)C(F)(F)C(F)(F)C(F)(F)C(F)(F)F"
"DTXSID30895406","1309378-06-0","FPQVMLAHTLHXTN-UHFFFAOYSA-N","C22H19F27","796.105562548","CCCCCCCCCC(F)(F)C(F)(F)C(F)(F)C(F)(F)C(F)(F)C(F)(F)C(F)(F)C(F)(F)C(F)(F)C(F)(F)C(F)(F)C(F)(F)C(F)(F)F"
"DTXSID30895421","2837-34-5","AGPPLHDXJQVLSS-UHFFFAOYSA-N","C25H36F15I","748.162222452","CCCCCCCCCCCCCCCCC(I)CC(F)(F)C(F)(F)C(F)(F)C(F)(F)C(F)(F)C(F)(F)C(F)(F)F"
"DTXSID30895426","1257261-94-1","IGCVTPSDLNOIHO-UHFFFAOYSA-N","C24H32F17I","770.127728764","CCCCCCCCCCCCCCC(I)CC(F)(F)C(F)(F)C(F)(F)C(F)(F)C(F)(F)C(F)(F)C(F)(F)C(F)(F)F"
"DTXSID30895441","159142-65-1","JFTPFVPCFXEYSQ-UHFFFAOYSA-N","C11H11F13O","406.060231832","CC(C)(O)CCC(F)(F)C(F)(F)C(F)(F)C(F)(F)C(F)(F)C(F)(F)F"
"DTXSID30895446","93454-69-4","KXNZHYYOSMZKIM-UHFFFAOYSA-N","C20H16F25I","857.989754012","CCCCCCC(I)CC(F)(F)C(F)(F)C(F)(F)C(F)(F)C(F)(F)C(F)(F)C(F)(F)C(F)(F)C(F)(F)C(F)(F)C(F)(F)C(F)(F)F"
"DTXSID30895461","210491-04-6","NOHLLTHGANBXNS-AATRIKPKSA-N","C14H11F17","502.058930092","CCCC/C=C/C(F)(F)C(F)(F)C(F)(F)C(F)(F)C(F)(F)C(F)(F)C(F)(F)C(F)(F)F"
"DTXSID30895466","1257261-90-7","DMVTXXYKJORHEJ-UHFFFAOYSA-N","C28H36F21I","898.152641772","CCCCCCCCCCCCCCCCC(I)CC(F)(F)C(F)(F)C(F)(F)C(F)(F)C(F)(F)C(F)(F)C(F)(F)C(F)(F)C(F)(F)C(F)(F)F"
"DTXSID30895481","959462-55-6","AYLKNFHWGYCSFD-UHFFFAOYSA-N","C22H12F34","922.039609864","FC(F)(F)C(F)(F)C(F)(F)C(F)(F)C(F)(F)C(F)(F)C(F)(F)C(F)(F)CCCCCCC(F)(F)C(F)(F)C(F)(F)C(F)(F)C(F)(F)C(F)(F)C(F)(F)C(F)(F)F"
"DTXSID30895486","109799-66-8","MTUYJNFDNUPNFQ-UHFFFAOYSA-N","C6H5F7O2","242.01777694","FC(F)(F)C(F)(F)C(F)(F)C1OCCO1"
"DTXSID30895502","78689-20-0","BXBMJDMXOHONJT-UHFFFAOYSA-N","C7H5F9O2","292.01458338","O=COCCC(F)(F)C(F)(F)C(F)(F)C(F)(F)F"
"DTXSID30895507","38550-46-8","QUGHSSKHWRLWSL-UHFFFAOYSA-N","C13H6F21IO","703.912805432","OCC(I)CC(F)(F)C(F)(F)C(F)(F)C(F)(F)C(F)(F)C(F)(F)C(F)(F)C(F)(F)C(F)(F)C(F)(F)F"
"DTXSID30895522","755-88-4","BIAQIBMKUAWVNN-UHFFFAOYSA-N","C5H5F7O3S","277.98476256","CS(=O)(=O)OCC(F)(F)C(F)(F)C(F)(F)F"
"DTXSID30895527","118642-84-5","ONGKSGMSSKZXAC-UHFFFAOYSA-N","C22H27F17","614.184130604","CCCCCCCCCCCCC=CC(F)(F)C(F)(F)C(F)(F)C(F)(F)C(F)(F)C(F)(F)C(F)(F)C(F)(F)F"
"DTXSID30895542","114221-77-1","BWUCWZIHUKQYCT-UHFFFAOYSA-N","C30H12F50","1322.014061384","FC(F)(F)C(F)(F)C(F)(F)C(F)(F)C(F)(F)C(F)(F)C(F)(F)C(F)(F)C(F)(F)C(F)(F)C(F)(F)C(F)(F)CCCCCCC(F)(F)C(F)(F)C(F)(F)C(F)(F)C(F)(F)C(F)(F)C(F)(F)C(F)(F)C(F)(F)C(F)(F)C(F)(F)C(F)(F)F"
"DTXSID30895547","25474-72-0","BSAGCCKVKXWQSB-UHFFFAOYSA-N","C20H10F30I2","1073.83929292","FC(F)(F)C(F)(F)C(F)(F)C(F)(F)C(F)(F)C(F)(F)C(F)(F)CC(I)CCC(I)CC(F)(F)C(F)(F)C(F)(F)C(F)(F)C(F)(F)C(F)(F)C(F)(F)F"
"DTXSID30895562","56300-32-4","GJIJUEIVZGKPPA-UHFFFAOYSA-N","C9H8F9NO","317.046217856","N#CCCOCCC(F)(F)C(F)(F)C(F)(F)C(F)(F)F"
"DTXSID30895567","98241-25-9","BNXNIMCQNOPNFR-UHFFFAOYSA-M","C16H20F15NO2","543.12545218","CC[N+](CC)(CC)CC.O=C([O-])C(F)(F)C(F)(F)C(F)(F)C(F)(F)C(F)(F)C(F)(F)C(F)(F)F"
"DTXSID30895582","114221-79-3","UJOWZAIRTQOZQR-UHFFFAOYSA-N","C46H44F50","1546.264462408","FC(F)(F)C(F)(F)C(F)(F)C(F)(F)C(F)(F)C(F)(F)C(F)(F)C(F)(F)C(F)(F)C(F)(F)C(F)(F)C(F)(F)CCCCCCCCCCCCCCCCCCCCCCC(F)(F)C(F)(F)C(F)(F)C(F)(F)C(F)(F)C(F)(F)C(F)(F)C(F)(F)C(F)(F)C(F)(F)C(F)(F)C(F)(F)F"
"DTXSID30895587","784189-62-4","KPVZOQDUNQYHOB-UHFFFAOYSA-N","C27H12F42I2","1387.835781624","FC(F)(F)C(F)(F)C(F)(F)C(F)(F)C(F)(F)C(F)(F)C(F)(F)C(F)(F)C(F)(F)C(F)(F)CC(I)CCCC(I)CC(F)(F)C(F)(F)C(F)(F)C(F)(F)C(F)(F)C(F)(F)C(F)(F)C(F)(F)C(F)(F)C(F)(F)F"
"DTXSID30895603","1464148-71-7","LBOAVJIKQMPRPT-UHFFFAOYSA-N","C12H14F9I","455.999652428","FC(F)(F)C(F)(F)C(F)(F)C(F)(F)CC(I)C1CCCCC1"
"DTXSID30895608","77032-27-0","YBTYKNCRSZAEHX-UHFFFAOYSA-N","C13H12F17NO2","537.059658364","CCNCC.O=C(O)C(F)(F)C(F)(F)C(F)(F)C(F)(F)C(F)(F)C(F)(F)C(F)(F)C(F)(F)F"
"DTXSID30895623","128720-26-3","AZHRXWLCCNPYKN-UHFFFAOYSA-N","C13H7F13","410.034017084","Cc1ccc(C(F)(F)C(F)(F)C(F)(F)C(F)(F)C(F)(F)C(F)(F)F)cc1"
"DTXSID30895628","153817-18-6","RUCXHAOMVXFEPD-UHFFFAOYSA-N","C9HF11","317.990260452","Fc1cc(F)c(F)c(C(F)(F)C(F)(F)C(F)(F)F)c1F"
"DTXSID30895643","1426840-85-8","JGMPOFDQXGRBLP-UHFFFAOYSA-N","C11H8F9N","325.051303236","CNc1ccc(C(F)(F)C(F)(F)C(F)(F)C(F)(F)F)cc1"
"DTXSID30895648","243842-15-1","WOISXUMMZSMYSB-UHFFFAOYSA-N","C11H11F9O2","346.061533572","C=C(C)C(=O)OCCCC(F)(F)C(F)(F)C(F)(F)C(F)(F)F"
"DTXSID30895663","1383918-01-1","CUXBFMXZUCCELK-IWQZZHSRSA-N","C12H2F20O","541.978629084","O=C/C=C(\F)C(F)(F)C(F)(F)C(F)(F)C(F)(F)C(F)(F)C(F)(F)C(F)(F)C(F)(F)C(F)(F)F"
"DTXSID30895668","70473-76-6","PNDQTLWFMTZBFC-UHFFFAOYSA-N","C6H6F7NO","241.033761352","CCNC(=O)C(F)(F)C(F)(F)C(F)(F)F"
"DTXSID30895683","139226-05-4","MMHLDEGBUZDZPA-UHFFFAOYSA-N","C12H8F10","342.046632456","FC(F)(F)C(C#CC(F)(F)C(F)(F)C(F)(F)F)=C1CCCC1"
"DTXSID30895688","149068-60-0","XNXSDDUAQKULBW-UHFFFAOYSA-N","C13H6BrF13","487.944529152","FC(F)(F)C(F)(F)C(F)(F)C(Cc1ccc(Br)cc1)(C(F)(F)F)C(F)(F)F"
"DTXSID30895704","57702-79-1","ZZWHWQWPKGQWJK-UHFFFAOYSA-N","C12H6F7N","297.038846732","FC(F)(F)C(F)(F)C(F)(F)c1ccc2ccccc2n1"
"DTXSID30895709","943767-44-0","KAWWGOMJWIPHRG-UHFFFAOYSA-N","C11H7F7O2","304.033427004","O=Cc1ccc(OCC(F)(F)C(F)(F)C(F)(F)F)cc1"
"DTXSID30895724","29765-95-5","SQAFCSVGKMMETM-UHFFFAOYSA-N","C8H6F13NO2S","426.991166292","NS(=O)(=O)CCC(F)(F)C(F)(F)C(F)(F)C(F)(F)C(F)(F)C(F)(F)F"
"DTXSID30895729","139613-89-1","ZLFYREKELVEJOR-UHFFFAOYSA-N","C12H6F13N","411.029266052","Nc1ccccc1C(F)(F)C(F)(F)C(F)(F)C(F)(F)C(F)(F)C(F)(F)F"
"DTXSID30895744","75668-25-6","HWSOCRJXRIBNPB-UHFFFAOYSA-N","C8H10F7NO","269.06506148","CC(C)CNC(=O)C(F)(F)C(F)(F)C(F)(F)F"
"DTXSID30895749","125640-21-3","FCWDPZFBROQQBN-UHFFFAOYSA-N","C12H7F17OS","521.994615584","CC(=O)SCCC(F)(F)C(F)(F)C(F)(F)C(F)(F)C(F)(F)C(F)(F)C(F)(F)C(F)(F)F"
"DTXSID30895921","927670-12-0","LYZNUCXUQHMFTA-UHFFFAOYSA-N","C8HF17O3S","499.937494632","O=S(=O)(O)C(F)(C(F)(F)F)C(F)(F)C(F)(F)C(F)(F)C(F)(F)C(F)(F)C(F)(F)F"
"DTXSID30895926","118334-96-6","USGIGMPEVWTUKX-UHFFFAOYSA-N","C7HF15O3S","449.940688192","O=S(=O)(OC(C(F)(F)F)C(F)(F)F)C(F)(F)C(F)(F)C(F)(F)C(F)(F)F"
"DTXSID30895941","146955-22-8","GEEMGMOJBUUPBY-UHFFFAOYSA-N","C12H9F13O3","448.034411008","C=CC(=O)OCC(O)CC(F)(F)C(F)(F)C(F)(F)C(F)(F)C(F)(F)C(F)(F)F"
"DTXSID30895946","199530-73-9","DGTLBPOBSFXXAK-UHFFFAOYSA-N","C11H8F7NO","303.049411416","CC(=O)Nc1ccc(C(F)(F)C(F)(F)C(F)(F)F)cc1"
"DTXSID30895961","73602-44-5","BPKHCGPAWIBCPT-UHFFFAOYSA-N","C9H10F9NO","319.06186792","CCCCNC(=O)C(F)(F)C(F)(F)C(F)(F)C(F)(F)F"
"DTXSID30895966","25979-02-6","WRONHTPBJGQDGJ-UHFFFAOYSA-N","C5H3F7N4","252.024593636","Nc1nc(C(F)(F)C(F)(F)C(F)(F)F)n[nH]1"
"DTXSID30895981","181044-06-4","WYTSCNURXYPSNP-UHFFFAOYSA-N","C8H7F7O4","300.023256244","O=C1OCC(COCC(F)(F)C(F)(F)C(F)(F)F)O1"
"DTXSID30895986","314053-71-9","QBUQLOZQYAJDBN-UHFFFAOYSA-N","C10H4F17NO","477.002143488","CNC(=O)C(F)(F)C(F)(F)C(F)(F)C(F)(F)C(F)(F)C(F)(F)C(F)(F)C(F)(F)F"
"DTXSID30896014","1608112-34-0","JSPZUTBVNOQHNJ-UHFFFAOYSA-N","C12H6F9N","335.035653172","FC(F)(F)C(F)(F)C(F)(F)C(F)(F)c1cc2ccccc2[nH]1"
"DTXSID30896019","37696-83-6","CWRVUMYBNHZJOL-UHFFFAOYSA-N","C12H10F15NO","469.05228724","CCCCNC(=O)C(F)(F)C(F)(F)C(F)(F)C(F)(F)C(F)(F)C(F)(F)C(F)(F)F"
"DTXSID30896034","56663-38-8","MWKPDUBQHYIABV-UHFFFAOYSA-N","C10H12F7NO","295.080711544","O=C(NC1CCCCC1)C(F)(F)C(F)(F)C(F)(F)F"
"DTXSID30896039","90582-01-7","WRXHKYHBKGCSAA-UHFFFAOYSA-N","C13H12F7NO","331.080711544","CC(Cc1ccccc1)NC(=O)C(F)(F)C(F)(F)C(F)(F)F"
"DTXSID30896054","550301-92-3","ISPPNGLLDAPGTE-UHFFFAOYSA-N","C10H5F8NO","307.02433954","O=C(Nc1ccc(F)cc1)C(F)(F)C(F)(F)C(F)(F)F"
"DTXSID30896059","100664-15-1","KXKGSRABVIHXEF-UHFFFAOYSA-N","C15H10F15O4P","570.00771873","O=P(OCC(F)(F)F)(OCC(F)(F)F)OC(c1ccccc1)C(F)(F)C(F)(F)C(F)(F)C(F)(F)F"
"DTXSID30896074","499975-92-7","PVOHTVUHQALSJJ-UHFFFAOYSA-N","C9H11F7N2O","296.075960512","CN1CCN(C(=O)C(F)(F)C(F)(F)C(F)(F)F)CC1"
"DTXSID30896079","75895-47-5","SCFGBURIURDZFF-UHFFFAOYSA-N","C14H5F15O3","505.99991732","O=C(O)c1ccc(OC(F)(F)C(F)(F)C(F)(F)C(F)(F)C(F)(F)C(F)(F)C(F)(F)F)cc1"
"DTXSID30896094","869308-35-0","DPJROFCGRBHRGQ-UHFFFAOYSA-N","C15H7F15O3","520.015567384","O=C(OCC(F)(F)C(F)(F)C(F)(F)C(F)(F)C(F)(F)C(F)(F)C(F)(F)F)c1ccc(O)cc1"
"DTXSID30896099","793-36-2","DQKFVVPVNVSDOM-UHFFFAOYSA-N","C11H8F7NO2","319.044326036","COc1ccc(NC(=O)C(F)(F)C(F)(F)C(F)(F)F)cc1"
"DTXSID30896110","101948-89-4","WKKFRUKEJSYAAA-UHFFFAOYSA-N","C12H10F7NO","317.06506148","Cc1cccc(C)c1NC(=O)C(F)(F)C(F)(F)C(F)(F)F"
"DTXSID30896115","1447923-23-0","ISNNMOKXAQYECI-UHFFFAOYSA-N","C11H8F13N3O","445.045978736","FC(F)(F)C(F)(F)C(F)(F)C(F)(F)C(F)(F)C(F)(F)CCOCc1cnn[nH]1"
"DTXSID30896130","69492-70-2","YSCIJIDFVAKDBE-UHFFFAOYSA-N","C17H9F7N2","374.065395828","FC(F)(F)C(F)(F)C(F)(F)c1nc2ccccc2nc1-c1ccccc1"
"DTXSID30896135","111216-49-0","RRKXDRWEKLMWMD-UHFFFAOYSA-N","C11H7ClF7NO","337.010439064","Cc1ccc(NC(=O)C(F)(F)C(F)(F)C(F)(F)F)cc1Cl"
"DTXSID30896150","121806-66-4","YUHXASFWTDOVGE-UHFFFAOYSA-N","C10H4Cl2F7NO","356.955816648","O=C(Nc1ccc(Cl)cc1Cl)C(F)(F)C(F)(F)C(F)(F)F"
"DTXSID30896155","73602-45-6","GENXHGFFMLZNRU-UHFFFAOYSA-N","C13H12F13NO","445.071130864","O=C(NC1CCCCC1)C(F)(F)C(F)(F)C(F)(F)C(F)(F)C(F)(F)C(F)(F)F"
"DTXSID30896170","96146-10-0","OVKVVQHYQFDCIJ-UHFFFAOYSA-N","C12H7F7N2O","328.044660384","O=C1CC(C(F)(F)C(F)(F)C(F)(F)F)=Nc2ccccc2N1"
"DTXSID30896175","541514-85-6","LRHQILIAPLRHNZ-UHFFFAOYSA-N","C15H5F18NO","557.00837174","O=C(Nc1cccc(F)c1)C(F)(F)C(F)(F)C(F)(F)C(F)(F)C(F)(F)C(F)(F)C(F)(F)C(F)(F)F"
"DTXSID30896190","180748-44-1","KCZXOUCOUNFADI-UHFFFAOYSA-N","C14H7F9N2O","390.041466824","O=c1cc(C(F)(F)C(F)(F)C(F)(F)C(F)(F)F)nc(-c2ccccc2)[nH]1"
"DTXSID30896195","103188-04-1","DSPWNJWBOWPKLF-UHFFFAOYSA-N","C15H8F15NO2","519.031551796","COc1ccc(NC(=O)C(F)(F)C(F)(F)C(F)(F)C(F)(F)C(F)(F)C(F)(F)C(F)(F)F)cc1"
"DTXSID30896211","1440968-37-5","RQHMHZYWBYYODV-UHFFFAOYSA-N","C11H12F9NO3S","409.039418224","O=C(NS(=O)(=O)C(F)(F)C(F)(F)C(F)(F)C(F)(F)F)C1CCCCC1"
"DTXSID30896216","1338083-27-4","SCCANANFFIZWAW-UHFFFAOYSA-N","C16H14BF13O2S","528.059997948","CC1(C)OB(c2ccc(C(F)(F)C(F)(F)C(F)(F)C(F)(F)C(F)(F)C(F)(F)F)s2)OC1(C)C"
"DTXSID30896231","871210-22-9","KIONFYCZIQVYKJ-RQJHMYQMSA-N","C14H14F13NO2","475.081695548","CC(C)[C@@H]1NC(=O)O[C@@H]1CCC(F)(F)C(F)(F)C(F)(F)C(F)(F)C(F)(F)C(F)(F)F"
"DTXSID30896236","1428569-19-0","YKRCJHNYACIIBC-UHFFFAOYSA-N","C11H11F7N2O2","336.070875132","CCOC(=O)Cc1cc(C(F)(F)C(F)(F)C(F)(F)F)n(C)n1"
"DTXSID30896251","316827-33-5","JHVJTHXQPPKMEA-UHFFFAOYSA-N","C16H9F17N2O3S","632.006242888","NS(=O)(=O)c1ccc(CNC(=O)C(F)(F)C(F)(F)C(F)(F)C(F)(F)C(F)(F)C(F)(F)C(F)(F)C(F)(F)F)cc1"
"DTXSID30896256","117413-27-1","UTHJNVIGBQDMRN-UHFFFAOYSA-N","C27H41F17N2O8S","876.231217012","CCN(CCCN(CCOCCOCCOC)CCOCCOCCOC)S(=O)(=O)C(F)(F)C(F)(F)C(F)(F)C(F)(F)C(F)(F)C(F)(F)C(F)(F)C(F)(F)F"
"DTXSID30896271","860454-18-8","OQPNDTLZZNMIPO-UHFFFAOYSA-N","C15H8F7NO3","383.039240656","O=C(Nc1ccc(C(F)(F)C(F)(F)C(F)(F)F)oc1=O)c1ccccc1"
"DTXSID30896276","376382-61-5","LYIZXAZAVJKRNW-UHFFFAOYSA-N","C17H11F9O6","482.041192052","COc1c2c(c(OC)c3occc13)OC(O)(C(F)(F)C(F)(F)C(F)(F)C(F)(F)F)CC2=O"
"DTXSID30896291","956790-67-3","LUUOUNOJFJEOFT-SCNOFKTBSA-N","C92H26F100N4S4","3213.944352832","Fc1c(F)c(-c2c3nc(c(-c4c(F)c(F)c(SCCC(F)(F)C(F)(F)C(F)(F)C(F)(F)C(F)(F)C(F)(F)C(F)(F)C(F)(F)C(F)(F)C(F)(F)F)c(F)c4F)c4ccc([nH]4)c(-c4c(F)c(F)c(SCCC(F)(F)C(F)(F)C(F)(F)C(F)(F)C(F)(F)C(F)(F)C(F)(F)C(F)(F)C(F)(F)C(F)(F)F)c(F)c4F)c4nc(c(-c5c(F)c(F)c(SCCC(F)(F)C(F)(F)C(F)(F)C(F)(F)C(F)(F)C(F)(F)C(F)(F)C(F)(F)C(F)(F)C(F)(F)F)c(F)c5F)c5ccc2[nH]5)C=C4)C=C3)c(F)c(F)c1SCCC(F)(F)C(F)(F)C(F)(F)C(F)(F)C(F)(F)C(F)(F)C(F)(F)C(F)(F)C(F)(F)C(F)(F)F"
"DTXSID30896296","14149-41-8","SKQJYUPAFGVYKS-OWOJBTEDSA-N","C5H2F8","214.002875824","F/C=C/C(F)(C(F)(F)F)C(F)(F)F"
"DTXSID30896312","287101-12-6","ZJXHFKZMJPKCSL-UHFFFAOYSA-N","C6F12","299.98083864","FC(F)=C(F)C(F)(F)C(F)(C(F)(F)F)C(F)(F)F"
"DTXSID30896317","922524-01-4","POLHUHLCNCEPRS-UHFFFAOYSA-N","C9H2F17I","559.892977804","FC(F)(F)C(I)C(F)(F)C(C(F)(F)F)C(F)(F)C(F)(C(F)(F)F)C(F)(F)F"
"DTXSID30896332","1097631-01-0","RRZDHOAZQMLOTR-UHFFFAOYSA-N","C7H7F7OS","272.010583384","CC(=O)SCCC(F)(C(F)(F)F)C(F)(F)F"
"DTXSID30896337","194427-39-9","XYNROSMUVBVKIP-UHFFFAOYSA-N","C13H5F23O","613.99731384","OCCC(F)(F)C(F)(F)C(F)(F)C(F)(F)C(F)(F)C(F)(F)C(F)(F)C(F)(F)C(F)(C(F)(F)F)C(F)(F)F"
"DTXSID30896352","1807450-20-9","FGWMYARQPFCFQW-UHFFFAOYSA-N","C8H3ClF7N","280.984224316","FC(F)(F)C(F)(c1ccc(Cl)nc1)C(F)(F)F"
"DTXSID30896357","10271-35-9","FKUOBTQMGDYFFA-UHFFFAOYSA-N","C6F9N3","284.99485098","Fc1nc(F)nc(C(F)(C(F)(F)F)C(F)(F)F)n1"
"DTXSID30896372","1433216-39-7","IVXOJEBXGRVURA-UHFFFAOYSA-N","C10H5F7N2","286.0340957","FC(F)(F)C(F)(c1ccc2[nH]ncc2c1)C(F)(F)F"
"DTXSID30896377","10271-37-1","BNDKPTBGFYPKND-UHFFFAOYSA-N","C12F21N3","584.97568962","FC(F)(F)C(F)(c1nc(C(F)(C(F)(F)F)C(F)(F)F)nc(C(F)(C(F)(F)F)C(F)(F)F)n1)C(F)(F)F"
"DTXSID30896392","55181-17-4","BSFZRIIYIJMZCW-UHFFFAOYSA-N","C8H2F10N2","316.005830264","Nc1nc(F)c(F)c(C(F)(C(F)(F)F)C(F)(F)F)c1F"
"DTXSID30896397","19547-30-9","ZNTJHWJPYWYUEW-UHFFFAOYSA-N","C13F18O","513.96617258","O=C(c1c(F)c(F)c(C(F)(C(F)(F)F)C(F)(F)F)c(F)c1F)C(F)(C(F)(F)F)C(F)(F)F"
"DTXSID30896413","1355554-72-1","IBHZZLZFWFTURK-UHFFFAOYSA-N","C16H17F7O2S","406.083748324","CCCCSc1c(C(F)(C(F)(F)F)C(F)(F)F)ccc(C(=O)O)c1CC"
"DTXSID30896418","138781-42-7","PVSQZURXSZUUNT-UHFFFAOYSA-N","C15H7F17N2O","554.028692584","Nc1cc(N)cc(OC(=C(C(F)(C(F)(F)F)C(F)(F)F)C(F)(C(F)(F)F)C(F)(F)F)C(F)(F)F)c1"
"DTXSID30896433","1355554-90-3","KCAOHFXHRQVGFR-UHFFFAOYSA-N","C15H15F7O3S","408.06301288","CCCS(=O)c1c(C(F)(C(F)(F)F)C(F)(F)F)ccc(C(=O)O)c1CC"
"DTXSID30896438","1355554-46-9","MOMULFNXMSGBHM-UHFFFAOYSA-N","C14H13F7O4S","410.042277436","CCCS(=O)(=O)c1c(C(F)(C(F)(F)F)C(F)(F)F)ccc(C(=O)O)c1C"
"DTXSID30896453","862130-87-8","XZFAVXHLIXQXBR-UHFFFAOYSA-N","C25H17ClF8N2O2","564.085081224","Cc1cc(C(F)(C(F)(F)F)C(F)(F)F)cc(C)c1NC(=O)c1cccc(NC(=O)c2ccc(F)cc2Cl)c1"
"DTXSID30896458","862133-36-6","QTMIWUZXJQMUTP-UHFFFAOYSA-N","C25H17F9N2O2","548.114631764","Cc1cc(C(F)(C(F)(F)F)C(F)(F)F)cc(C)c1NC(=O)c1c(F)ccc(NC(=O)c2ccccc2)c1F"
"DTXSID30896473","139604-89-0","AKRCGMWXORUMMA-UHFFFAOYSA-N","C3F7IO","311.88821016","FC(F)(F)OC(F)(I)C(F)(F)F"
"DTXSID30896478","1621181-80-3","SYLBHDWIEFOPOP-UPHRSURJSA-N","C4F8O","215.98214038","F/C(OC(F)(F)F)=C(/F)C(F)(F)F"
"DTXSID30896493","1152098-94-6","PBLGNKKXAAPOHI-UHFFFAOYSA-N","C7H3F11O","312.000825136","C=CC(F)(F)C(F)(F)OC(F)(F)C(F)(F)C(F)(F)F"
"DTXSID30896498","165951-17-7","NHTZYELPIQUESH-UHFFFAOYSA-N","C12H16F11NO3","431.095453792","CCCNCCC.O=C(O)C(F)(OC(F)(F)C(F)(F)C(F)(F)F)C(F)(F)F"
"DTXSID30896514","26131-32-8","UMADKHFVSXRTGY-UHFFFAOYSA-N","C10H3F17O4","509.975988316","COC(=O)C(F)(OC(F)(F)C(F)(OC(F)(F)C(F)(F)C(F)(F)F)C(F)(F)F)C(F)(F)F"
"DTXSID30896519","145510-89-0","KFLCAJIXLFSISY-UHFFFAOYSA-N","C13H9F17O4","552.022938508","CCCCOC(=O)C(F)(OC(F)(F)C(F)(OC(F)(F)C(F)(F)C(F)(F)F)C(F)(F)F)C(F)(F)F"
"DTXSID30896534","51445-02-4","YLJKMIXDTZLFEB-UHFFFAOYSA-N","C12H2F23NO4","660.961656604","NC(=O)C(F)(OC(F)(F)C(F)(OC(F)(F)C(F)(OC(F)(F)C(F)(F)C(F)(F)F)C(F)(F)F)C(F)(F)F)C(F)(F)F"
"DTXSID30896539","78755-41-6","WGQFBRBKBHEWSY-UHFFFAOYSA-N","C12H11F11O3","412.053254632","O=C(OC1CCCCC1)C(F)(OC(F)(F)C(F)(F)C(F)(F)F)C(F)(F)F"
"DTXSID30896554","70627-97-3","UEECKBUYHXWTDF-UHFFFAOYSA-N","C15F22O3","645.9496147","O=C(c1c(F)c(F)c(F)c(F)c1F)C(F)(OC(F)(F)C(F)(OC(F)(F)C(F)(F)C(F)(F)F)C(F)(F)F)C(F)(F)F"
"DTXSID30896559","105936-30-9","NVOHYTMPHXLVPF-UHFFFAOYSA-N","C12H4F11N3O6","494.992445268","O=C(Nc1ccc([N+](=O)[O-])cc1[N+](=O)[O-])C(F)(OC(F)(F)C(F)(F)C(F)(F)F)C(F)(F)F"
"DTXSID30896574","1882109-64-9","HRVVLSKWJWJIBO-UHFFFAOYSA-N","C8HF15O2","413.973702572","O=C(O)C(F)(C(F)(F)C(F)(F)F)C(F)(C(F)(F)F)C(F)(F)C(F)(F)F"
"DTXSID30896579","1882109-69-4","UROAJJYOWOISMM-UHFFFAOYSA-N","C8HF15O2","413.973702572","O=C(O)C(C(F)(F)F)(C(F)(F)F)C(F)(C(F)(F)F)C(F)(F)C(F)(F)F"
"DTXSID30896594","610800-34-5","CQORQFOHIKVJET-UHFFFAOYSA-N","C14HF30O2P","801.923512502","O=P(O)(C(F)(F)C(F)(F)C(F)(F)C(F)(F)C(F)(F)C(F)(F)F)C(F)(F)C(F)(F)C(F)(F)C(F)(F)C(F)(F)C(F)(F)C(F)(F)C(F)(F)F"
"DTXSID30896599","1144512-35-5","RCVKPKVLBNNSMW-UHFFFAOYSA-N","C8HF15O2","413.973702572","O=C(O)C(F)(F)C(F)(C(F)(F)F)C(F)(F)C(F)(C(F)(F)F)C(F)(F)F"
"DTXSID30896610","36097-07-1","IWRNCVRDDHBTAD-UHFFFAOYSA-N","C12H13F13S2","468.025109276","FC(F)(F)C(F)(F)C(F)(F)C(F)(F)C(F)(F)C(F)(F)CCSCCCCS"
"DTXSID30896615","65150-88-1","JAKFVMIZGKDDLJ-UHFFFAOYSA-N","C30F60O10","1659.8533394","O=C(F)C(F)(OC(F)(F)C(F)(OC(F)(F)C(F)(OC(F)(F)C(F)(OC(F)(F)C(F)(OC(F)(F)C(F)(OC(F)(F)C(F)(OC(F)(F)C(F)(OC(F)(F)C(F)(OC(F)(F)C(F)(F)C(F)(F)F)C(F)(F)F)C(F)(F)F)C(F)(F)F)C(F)(F)F)C(F)(F)F)C(F)(F)F)C(F)(F)F)C(F)(F)F)C(F)(F)F"
"DTXSID30896630","1604816-75-2","VLIYAQGJJPVTQH-UHFFFAOYSA-M","C8H8F9LiO3S","362.021048646","O=S(=O)([O-])CCCCC(F)(F)C(F)(F)C(F)(F)C(F)(F)F.[Li+]"
"DTXSID30896635","1997344-07-6","DKNVYECRJAQZEJ-UHFFFAOYSA-M","C5F11NaO2S","355.93410494","O=S([O-])C(F)(F)C(F)(F)C(F)(F)C(F)(F)C(F)(F)F.[Na+]"
"DTXSID30896650","18017-22-6","BPXXAVYRMUUMMP-UHFFFAOYSA-M","C8F15NaO2","435.95564682","O=C([O-])C(F)(F)C(F)(F)C(F)(F)C(F)(F)C(F)(C(F)(F)F)C(F)(F)F.[Na+]"
"DTXSID30896655","170778-67-3","KWTDUEMEIALFQP-UHFFFAOYSA-N","C22H20F17IN2O2","794.02980562","C[N+](C)(C)CCCNC(=O)c1ccc(OC(=C(C(F)(C(F)(F)F)C(F)(F)F)C(F)(C(F)(F)F)C(F)(F)F)C(F)(F)F)cc1.[I-]"
"DTXSID30896670","92835-92-2","AAIXLNBYXIVUKR-IWQZZHSRSA-N","C6H4F7IO","351.919510288","OC/C(I)=C/C(F)(F)C(F)(F)C(F)(F)F"
"DTXSID30896675","84201-60-5","UNXXMDJDQMKIJO-BQYQJAHWSA-N","C16H15F17","530.09023022","CCCCCC/C=C/C(F)(F)C(F)(F)C(F)(F)C(F)(F)C(F)(F)C(F)(F)C(F)(F)C(F)(F)F"
"DTXSID30896690","135131-53-2","OCVCPUQNCRNBAZ-CSKARUKUSA-N","C17H21F13O","488.138482152","OCCCCCCCCC/C=C/C(F)(F)C(F)(F)C(F)(F)C(F)(F)C(F)(F)C(F)(F)F"
"DTXSID30896695","425-67-2","HNXRUJNJBSQJJX-UHFFFAOYSA-M","C4H3F7O4P","278.965717746","O=P([O-])(O)OCC(F)(F)C(F)(F)C(F)(F)F"
"DTXSID30896711","88951-25-1","IVISRMWAKRCKHH-IZLXSQMJSA-N","C11H11F9O2","346.061533572","O=C(O)[C@H]1CC[C@H](C(F)(F)C(F)(F)C(F)(F)C(F)(F)F)CC1"
"DTXSID30896716","92681-65-7","MUVDADSEPBGINH-UHFFFAOYSA-N","C9H2F17NO2","478.981408044","NC(=O)OC(F)(C(F)(F)F)C(F)(F)C(F)(F)C(F)(F)C(F)(F)C(F)(F)C(F)(F)F"
"DTXSID30896731","113448-90-1","BGKKRNFDWGTOGR-NVQSTNCTSA-N","C21H12F8N2O","460.082188764","Oc1ccc(/N=N/c2ccc(-c3ccc(C(F)(F)C(F)(F)C(F)(F)F)cc3)cc2)c(F)c1"
"DTXSID30896736","144862-38-4","FAODJOVFCLFVEG-UAKXSSHOSA-N","C12H11F7N2O6","412.050533612","O=c1[nH]c(=O)n([C@@H]2O[C@H](CO)[C@@H](O)[C@H]2O)cc1C(F)(F)C(F)(F)C(F)(F)F"
"DTXSID30896751","98873-61-1","JIOOYMLWOFURHL-UHFFFAOYSA-N","C14H10F11NO2","433.05358898","CC(NC(=O)C(F)(OC(F)(F)C(F)(F)C(F)(F)F)C(F)(F)F)c1ccccc1"
"DTXSID30896958","785-93-3","RFRUXTGWFVPKQB-UHFFFAOYSA-N","C10H7F7O","276.038512384","OC(c1ccccc1)C(F)(F)C(F)(F)C(F)(F)F"
"DTXSID30896978","77032-23-6","FSUJDXLPCVFUHZ-UHFFFAOYSA-N","C10H6F17NO2","495.012708172","C[NH3+].O=C([O-])C(F)(F)C(F)(F)C(F)(F)C(F)(F)C(F)(F)C(F)(F)C(F)(F)C(F)(F)F"
"DTXSID30896993","92678-96-1","JQCZFFWYDHABNG-UHFFFAOYSA-N","C16H21F17NO3P","629.098759902","CC[NH+](CC)CC.O=P([O-])(O)CCC(F)(F)C(F)(F)C(F)(F)C(F)(F)C(F)(F)C(F)(F)C(F)(F)C(F)(F)F"
"DTXSID30897006","1228786-78-4","ZEVIVKGHJDBGBM-UHFFFAOYSA-N","C11H6BrF9O","403.945830892","OC(c1ccc(Br)cc1)C(F)(F)C(F)(F)C(F)(F)C(F)(F)F"
"DTXSID30897021","1814-80-8","HSZXWSFEBIXCLM-UHFFFAOYSA-N","C13H12F14N2O2","494.067522704","O=C(NCCCCCNC(=O)C(F)(F)C(F)(F)C(F)(F)F)C(F)(F)C(F)(F)C(F)(F)F"
"DTXSID30897026","2/06/2008","XYLBYDIMNSLGEL-UHFFFAOYSA-N","C10H4F7NO","287.018111288","FC(F)(F)C(F)(F)C(F)(F)c1nc2ccccc2o1"
"DTXSID30897041","57912-15-9","CZTGVODYAZOEDE-WSMRIQNJSA-N","C17H13F7N4","406.102843956","FC(F)(F)C(F)(F)C(F)(F)C(/C=N/Nc1ccccc1)=N/Nc1ccccc1"
"DTXSID30897046","882186-02-9","YHQLCCOIFRKRJC-UHFFFAOYSA-N","C20H14F17IO4","767.966536668","CC(=O)OI(OC(C)=O)c1ccc(CCC(F)(F)C(F)(F)C(F)(F)C(F)(F)C(F)(F)C(F)(F)C(F)(F)C(F)(F)F)cc1"
"DTXSID30897187","470-73-5","XXIRTCLWEVPOML-UHFFFAOYSA-N","C24H12F42N3O6P3","1328.926830234","FC(F)(F)C(F)(F)C(F)(F)COP1(OCC(F)(F)C(F)(F)C(F)(F)F)=NP(OCC(F)(F)C(F)(F)C(F)(F)F)(OCC(F)(F)C(F)(F)C(F)(F)F)=NP(OCC(F)(F)C(F)(F)C(F)(F)F)(OCC(F)(F)C(F)(F)C(F)(F)F)=N1"
"DTXSID30897304","19106-89-9","JOMDRFHDFPOLDV-VNGPFPIXSA-K","C30H30F21LaO6","1024.0770596","CC(C)(C)/C([O-])=C/C(=O)C(F)(F)C(F)(F)C(F)(F)F.CC(C)(C)/C([O-])=C/C(=O)C(F)(F)C(F)(F)C(F)(F)F.CC(C)(C)/C([O-])=C/C(=O)C(F)(F)C(F)(F)C(F)(F)F.[La+3]"
"DTXSID30897309","80464-74-0","CGQGCFJFDNPWAI-UHFFFAOYSA-N","C42H42F21O6Yb","1215.203468784","CC12CCC([C-](C(=O)C(F)(F)C(F)(F)C(F)(F)F)C1=O)C2(C)C.CC12CCC([C-](C(=O)C(F)(F)C(F)(F)C(F)(F)F)C1=O)C2(C)C.CC12CCC([C-](C(=O)C(F)(F)C(F)(F)C(F)(F)F)C1=O)C2(C)C.[Yb+3]"
"DTXSID30897480","21600-78-2","LUJAMSUEXKCMDE-SJGYQHGCSA-L","C20H20F14O4Pb","798.0904563","CC(C)(C)/C([O-])=C/C(=O)C(F)(F)C(F)(F)C(F)(F)F.CC(C)(C)/C([O-])=C/C(=O)C(F)(F)C(F)(F)C(F)(F)F.[Pb+2]"
"DTXSID30897485","113584-52-4","PRKKHZFYICCLEW-UHFFFAOYSA-M","C28H42F17IN2O2S","920.174027324","CCCCCCCC[N+]1(CCCCCCCC)CCN(S(=O)(=O)C(F)(F)C(F)(F)C(F)(F)C(F)(F)C(F)(F)C(F)(F)C(F)(F)C(F)(F)F)CC1.[I-]"
"DTXSID30897506","1401422-22-7","NOGHXMRZDNHCTE-INEHKVIGSA-N","C53H55F17N7O7P","1255.36291347","COc1ccc(C(OC[C@H]2OC(n3cnc4c(=O)[nH]c(NC(=O)C(C)C)nc43)C[C@@H]2OP(OCCC#N)N(C(C)C)C(C)C)(c2ccccc2)c2ccc(CCC(F)(F)C(F)(F)C(F)(F)C(F)(F)C(F)(F)C(F)(F)C(F)(F)C(F)(F)F)cc2)cc1"
"DTXSID30897521","165951-18-8","ZFLBPRIWFOOYAT-UHFFFAOYSA-N","C12H16F11NO3","431.095453792","CC[NH+](CC)CC.O=C([O-])C(F)(OC(F)(F)C(F)(F)C(F)(F)F)C(F)(F)F"
"DTXSID30897526","1583-97-7","WEQNAYAFSPIONP-XIXRPRMCSA-N","C6F12","299.98083864","FC(F)(F)[C@]1(F)C(F)(F)[C@](F)(C(F)(F)F)C1(F)F"
"DTXSID30897541","68298-78-2","-","-","-",NA
"DTXSID30897546","31339-60-3","GFEIOLADCGRWGS-UHFFFAOYSA-N","C14H5F17N2O3","572.00287176","O=C(Nc1ccccn1)C(F)(OC(F)(F)C(F)(OC(F)(F)C(F)(F)C(F)(F)F)C(F)(F)F)C(F)(F)F"
"DTXSID30897561","306-92-3","LWRNQOBXRHWPGE-UHFFFAOYSA-N","C11F20","511.9680644","FC(F)(F)C1(F)C(F)(F)C(F)(F)C(F)(F)C2(F)C(F)(F)C(F)(F)C(F)(F)C(F)(F)C12F"
"DTXSID30897566","61436-04-2","-","-","-",NA
"DTXSID30897586","50957-54-5","-","-","-",NA
"DTXSID30897607","1334163-54-0","-","-","-",NA
"DTXSID30897622","162567-76-2","-","-","-",NA
"DTXSID30897627","162492-11-7","-","-","-",NA
"DTXSID30897642","1878204-24-0","-","-","-",NA
"DTXSID30897647","1440528-04-0","-","-","-",NA
"DTXSID30897662","68037-22-9","-","-","-",NA
"DTXSID30897667","161212-28-8","-","-","-",NA
"DTXSID30897682","161212-18-6","-","-","-",NA
"DTXSID30897687","161212-13-1","-","-","-",NA
"DTXSID30897703","161075-15-6","-","-","-",NA
"DTXSID30897708","161212-11-9","-","-","-",NA
"DTXSID3097848","68333-92-6","-","-","-",NA
"DTXSID40103160","69991-62-4","-","-","-",NA
"DTXSID40104894","74499-70-0","-","-","-",NA
"DTXSID40108074","274917-95-2","-","-","-",NA
"DTXSID40108079","274918-03-5","-","-","-",NA
"DTXSID40108094","306973-47-7","-","-","-",NA
"DTXSID40108559","62037-80-3","RJWVKMAIYPNUSL-UHFFFAOYSA-N","C6H4F11NO3","347.001553408","O=C([O-])C(F)(OC(F)(F)C(F)(F)C(F)(F)F)C(F)(F)F.[NH4+]"
"DTXSID40144396","101947-16-4","MLXDKRSDUJLNAB-UHFFFAOYSA-N","C16H19F17O3Si","610.083200738","CCO[Si](CCC(F)(F)C(F)(F)C(F)(F)C(F)(F)C(F)(F)C(F)(F)C(F)(F)C(F)(F)F)(OCC)OCC"
"DTXSID40167989","16557-94-1","VQMQRMGKPBLNMC-UHFFFAOYSA-N","C8H4ClF14NO2","446.970701128","O=C([O-])C(F)(F)C(F)(F)C(F)(F)C(F)(F)C(F)(F)C(F)(F)C(F)(F)Cl.[NH4+]"
"DTXSID40178671","2396-26-1","XEFRSBQTXVJYKZ-UHFFFAOYSA-N","C10H7F7","260.043597764","Cc1ccc(C(F)(C(F)(F)F)C(F)(F)F)cc1"
"DTXSID40185108","31185-53-2","GBFSEHYWHMNICI-UHFFFAOYSA-N","C6H7F7N2","240.049745764","FC(F)(F)C(F)(F)C(F)(F)C1NCCN1"
"DTXSID40186211","32477-35-3","MSYHGYDAVLDKCE-UHFFFAOYSA-N","C7H3F7N2O","264.013360256","O=C(n1ccnc1)C(F)(F)C(F)(F)C(F)(F)F"
"DTXSID40187142","335-64-8","AQQBRCXWZZAFOK-UHFFFAOYSA-N","C8ClF15O","431.9398156","O=C(Cl)C(F)(F)C(F)(F)C(F)(F)C(F)(F)C(F)(F)C(F)(F)C(F)(F)F"
"DTXSID40188992","355-04-4","ROVMKEZVKFJNBD-UHFFFAOYSA-N","C6F14","337.97764508","FC(F)(F)C(F)(F)C(F)(F)C(F)(C(F)(F)F)C(F)(F)F"
"DTXSID40188997","355-49-7","AQPUCGPFMVEJGS-UHFFFAOYSA-N","C16F34","837.94570948","FC(F)(F)C(F)(F)C(F)(F)C(F)(F)C(F)(F)C(F)(F)C(F)(F)C(F)(F)C(F)(F)C(F)(F)C(F)(F)C(F)(F)C(F)(F)C(F)(F)C(F)(F)C(F)(F)F"
"DTXSID40189464","359-70-6","CBEFDCMSEZEGCX-UHFFFAOYSA-N","C6F15N","370.9791223","FC(F)(F)C(F)(F)N(C(F)(F)C(F)(F)F)C(F)(F)C(F)(F)F"
"DTXSID40190398","36913-91-4","QKIHLPFZYGFMDK-UHFFFAOYSA-N","C8F18O5S2","581.88997306","O=S(=O)(OS(=O)(=O)C(F)(F)C(F)(F)C(F)(F)C(F)(F)F)C(F)(F)C(F)(F)C(F)(F)C(F)(F)F"
"DTXSID40190838","374-60-7","XZZGMFAUFIVEGL-UHFFFAOYSA-N","C10F20","499.9680644","FC(F)(F)C(F)(F)C(F)(F)C(F)(F)C1(F)C(F)(F)C(F)(F)C(F)(F)C(F)(F)C1(F)F"
"DTXSID40191360","3793-74-6","CZSJYNHKKNEDDD-UHFFFAOYSA-N","C12H4F23NO2","630.987477428","O=C([O-])C(F)(F)C(F)(F)C(F)(F)C(F)(F)C(F)(F)C(F)(F)C(F)(F)C(F)(F)C(F)(F)C(F)(F)C(F)(F)F.[NH4+]"
"DTXSID40197408","48077-86-7","QDIWIWGKFGVURE-UHFFFAOYSA-N","C15H7F21O2","618.011072084","C=C(C)C(=O)OCC(F)(F)C(F)(F)C(F)(F)C(F)(F)C(F)(F)C(F)(F)C(F)(F)C(F)(F)C(F)(F)C(F)(F)F"
"DTXSID40198839","7/02/5081","IFECPNPXOCVGRS-UHFFFAOYSA-N","C11H5F20NO2","563.0000928","O=C([O-])C(F)(F)C(F)(F)C(F)(F)C(F)(F)C(F)(F)C(F)(F)C(F)(F)C(F)(F)C(F)(F)C(F)F.[NH4+]"
"DTXSID40204489","559-14-8","YCBPKOZNGFQMPB-UHFFFAOYSA-N","C8F16","399.97445152","FC(F)=C(F)C(F)(F)C(F)(F)C(F)(F)C(F)(F)C(F)(F)C(F)(F)F"
"DTXSID40229475","78974-42-2","DEHQJCVMUMYUMH-UHFFFAOYSA-N","C11H6F19O4P","593.970031482","O=P(O)(O)OCCC(F)(F)C(F)(F)C(F)(F)C(F)(F)C(F)(F)C(F)(F)C(F)(C(F)(F)F)C(F)(F)F"
"DTXSID40234928","85665-66-3","YRNYBYSOOCBZHR-UHFFFAOYSA-M","C11H9F13KNO4S","536.968177308","CCCN(CC(=O)[O-])S(=O)(=O)C(F)(F)C(F)(F)C(F)(F)C(F)(F)C(F)(F)C(F)(F)F.[K+]"
"DTXSID40235137","85857-17-6","UWZZATWXHUNWJV-UHFFFAOYSA-N","C11H13F13O2Si","452.047723046","CO[Si](C)(CCC(F)(F)C(F)(F)C(F)(F)C(F)(F)C(F)(F)C(F)(F)F)OC"
"DTXSID40239594","93776-21-7","MUIQKLWXCDMTSP-UHFFFAOYSA-N","C24H12F42NO4P","1206.983329734","O=P([O-])(OCCC(F)(F)C(F)(F)C(F)(F)C(F)(F)C(F)(F)C(F)(F)C(F)(F)C(F)(F)C(F)(F)C(F)(F)F)OCCC(F)(F)C(F)(F)C(F)(F)C(F)(F)C(F)(F)C(F)(F)C(F)(F)C(F)(F)C(F)(F)C(F)(F)F.[NH4+]"
"DTXSID40239599","93776-26-2","JTYNPYXYRZDCAK-UHFFFAOYSA-N","C30H12F54NO4P","1506.964168374","O=P([O-])(OCCC(F)(F)C(F)(F)C(F)(F)C(F)(F)C(F)(F)C(F)(F)C(F)(F)C(F)(F)C(F)(F)C(F)(F)C(F)(C(F)(F)F)C(F)(F)F)OCCC(F)(F)C(F)(F)C(F)(F)C(F)(F)C(F)(F)C(F)(F)C(F)(F)C(F)(F)C(F)(F)C(F)(F)C(F)(C(F)(F)F)C(F)(F)F.[NH4+]"
"DTXSID40239857","93894-53-2","HVRZEMISTDPHLI-UHFFFAOYSA-N","C7H9F8NO3S","339.017539908","CN(CCO)S(=O)(=O)C(F)(F)C(F)(F)C(F)(F)C(F)F"
"DTXSID40240827","94158-20-0","ZISUJVTZTBMJQZ-JSOHPWBTSA-N","C20H28F13N3O3Si","633.169235146","CC/C(C)=N/O[Si](CCC(F)(F)C(F)(F)C(F)(F)C(F)(F)C(F)(F)C(F)(F)F)(O/N=C(\C)CC)O/N=C(\C)CC"
"DTXSID40240983","94200-55-2","WCIJLILUIZUGMK-UHFFFAOYSA-N","C18H6F33O4P","943.947676562","O=P(O)(O)OCCC(F)(F)C(F)(F)C(F)(F)C(F)(F)C(F)(F)C(F)(F)C(F)(F)C(F)(F)C(F)(F)C(F)(F)C(F)(F)C(F)(F)C(F)(F)C(F)(F)C(F)(F)C(F)(F)F"
"DTXSID40285778","37172-87-5","UIGUVAREBFMONS-UHFFFAOYSA-N","C10H9F7O2","294.049077068","O=C1CCCCC1C(=O)C(F)(F)C(F)(F)C(F)(F)F"
"DTXSID40290781","375-19-9","HYMJOTOLJAHZCH-UHFFFAOYSA-N","C4H3F7N2","212.018445636","N=C(N)C(F)(F)C(F)(F)C(F)(F)F"
"DTXSID40330474","42096-33-3","WZUNVFIAAJWKIF-UHFFFAOYSA-N","C11H7F9O3S","389.997219064","Cc1ccccc1OS(=O)(=O)C(F)(F)C(F)(F)C(F)(F)C(F)(F)F"
"DTXSID40336476","122193-68-4","DRSDQADBHIDJCU-UHFFFAOYSA-N","C11H9F13O2","420.039496388","FC(F)(F)C(F)(F)C(F)(F)C(F)(F)C(F)(F)C(F)(F)CCOCC1CO1"
"DTXSID40337443","29819-73-6","NMPABPRKIBGSGW-UHFFFAOYSA-N","C6H7F7O","228.038512384","OCCCC(F)(C(F)(F)F)C(F)(F)F"
"DTXSID40338359","154717-36-9","JZEKVGIWHZEUSP-UHFFFAOYSA-N","C10H6F10O","332.025897012","FC(F)(F)C(F)(F)C(F)(F)OC1(F)C2C=CC(C2)C1(F)F"
"DTXSID40338632","1998-67-0","BSJCNKQSUUXNNN-UHFFFAOYSA-N","C6HF13","319.987066892","FC(C(F)(F)C(F)(F)F)C(F)(F)C(F)(F)C(F)(F)F"
"DTXSID40338657","95639-15-9","BYBDWBSXTHRODY-UHFFFAOYSA-N","C9F18O","465.96617258","O=C(C(F)(C(F)(F)F)C(F)(F)F)C(F)(C(F)(F)F)C(F)(F)C(F)(F)C(F)(F)F"
"DTXSID40340351","29723-33-9","JFCGFYIIFNVYCN-LTYZHWICSA-N","C16H10F15N","501.05737262","FC(F)(F)C(F)(F)C(F)(F)C(F)(F)C(F)(F)C(F)(F)C(F)(F)/C=N/CCc1ccccc1"
"DTXSID40371105","56927-83-4","TYMGDYKDZSSLJM-UHFFFAOYSA-N","C26H22F26O4S2","956.054434904","O=C(C=CC(=O)OCCCSCCC(F)(F)C(F)(F)C(F)(F)C(F)(F)C(F)(F)C(F)(F)F)OCCCSCCC(F)(F)C(F)(F)C(F)(F)C(F)(F)C(F)(F)C(F)(F)F"
"DTXSID40371286","128454-91-1","UVKBMPCVVMQGLN-UHFFFAOYSA-N","C8H4BrF13","425.928879088","FC(F)(F)C(F)(F)C(F)(F)C(CCBr)(C(F)(F)F)C(F)(F)F"
"DTXSID40377687","39187-41-2","NDRNDAZKCQFBST-UHFFFAOYSA-N","C6H3F9O4","309.988762556","COC(=O)C(F)(F)OC(F)(F)C(F)(F)OC(F)(F)F"
"DTXSID40377824","375-53-1","ILSWGKFIWBVLDG-UHFFFAOYSA-N","C5HF9O","247.988368632","O=CC(F)(F)C(F)(F)C(F)(F)C(F)(F)F"
"DTXSID40379267","356-30-9","QHBCZMRCKGKVSR-UHFFFAOYSA-N","C7H5F7O2","254.01777694","CC(=O)CC(=O)C(F)(F)C(F)(F)C(F)(F)F"
"DTXSID40379287","2728-75-8","OPDPCHBOZHWKOZ-UHFFFAOYSA-N","C9H10F7I","377.97154586","FC(F)(F)C(F)(F)C(F)(F)C1CCCCC1I"
"DTXSID40379363","186043-52-7","MJLMFELZHDEELW-UHFFFAOYSA-N","C48H12F90N3O6P3","2528.850184794","FC(F)(F)C(F)(F)C(F)(F)C(F)(F)C(F)(F)C(F)(F)C(F)(F)COP1(OCC(F)(F)C(F)(F)C(F)(F)C(F)(F)C(F)(F)C(F)(F)C(F)(F)F)=NP(OCC(F)(F)C(F)(F)C(F)(F)C(F)(F)C(F)(F)C(F)(F)C(F)(F)F)(OCC(F)(F)C(F)(F)C(F)(F)C(F)(F)C(F)(F)C(F)(F)C(F)(F)F)=NP(OCC(F)(F)C(F)(F)C(F)(F)C(F)(F)C(F)(F)C(F)(F)C(F)(F)F)(OCC(F)(F)C(F)(F)C(F)(F)C(F)(F)C(F)(F)C(F)(F)C(F)(F)F)=N1"
"DTXSID40379560","51502-45-5","CFNCFMKWDPDIPT-UHFFFAOYSA-N","C10H3F17O2","477.986159076","COC(=O)C(F)(F)C(F)(F)C(F)(F)C(F)(F)C(F)(F)C(F)(F)C(F)(F)C(F)(F)F"
"DTXSID40379666","53296-64-3","CMXKINNDZCNCEI-UHFFFAOYSA-N","C8H12F7NOSi","299.057638074","CN(C(=O)C(F)(F)C(F)(F)C(F)(F)F)[Si](C)(C)C"
"DTXSID40379702","89807-87-4","QHHCBVYZWRKFLZ-UHFFFAOYSA-N","C6H3F9O","262.004018696","FC(F)(F)C(F)(F)C(F)(F)C(F)(F)C1CO1"
"DTXSID40379782","40677-94-9","OZGWOALFBHODRB-UHFFFAOYSA-N","C10H5F11O2","366.01138982","C=CC(=O)OCC1(F)C(F)(F)C(F)(F)C(F)(F)C(F)(F)C1(F)F"
"DTXSID40379808","172155-07-6","KZUSAXRVIONPJU-UHFFFAOYSA-N","C10HF19O2","513.967315452","O=C(O)C(F)(F)C(F)(C(F)(F)F)C(F)(F)C(F)(F)C(F)(F)C(F)(C(F)(F)F)C(F)(F)F"
"DTXSID40379904","16083-81-1","RPDBRTLKDYJCCE-UHFFFAOYSA-N","C14H11F15O3","512.046867512","C=C(C)C(=O)OCC(O)CC(F)(F)C(F)(F)C(F)(F)C(F)(F)C(F)(C(F)(F)F)C(F)(F)F"
"DTXSID40379924","77893-60-8","RRFHTSQSIQEIHY-UHFFFAOYSA-N","C9H5F13O","376.01328164","CC(=O)CC(F)(F)C(F)(F)C(F)(F)C(F)(F)C(F)(F)C(F)(F)F"
"DTXSID40380272","59665-24-6","LEHFCMSFGKMRKH-UHFFFAOYSA-N","C6H2Br3F9","481.756290344","FC(F)(F)C(F)(F)C(F)(F)C(F)(F)C(Br)(Br)CBr"
"DTXSID40380757","563-09-7","SEKXXYCKRMKLQG-UHFFFAOYSA-N","C12H6F21O4P","643.966837922","O=P(OCC(F)(F)C(F)(F)C(F)(F)F)(OCC(F)(F)C(F)(F)C(F)(F)F)OCC(F)(F)C(F)(F)C(F)(F)F"
"DTXSID40380797","147492-57-7","PGUFRYZQAPBGDW-UHFFFAOYSA-N","C7H3F13O4","397.982375436","OCC(F)(F)OC(F)(F)C(F)(F)OC(F)(F)C(F)(F)OC(F)(F)F"
"DTXSID40380878","507453-86-3","ZDCPALMKVBNIOJ-UHFFFAOYSA-L","C8F18MgO6S2","621.86992938","O=S(=O)([O-])C(F)(F)C(F)(F)C(F)(F)C(F)(F)F.O=S(=O)([O-])C(F)(F)C(F)(F)C(F)(F)C(F)(F)F.[Mg+2]"
"DTXSID40381087","330562-43-1","MRBIEXKSTURAOV-UHFFFAOYSA-N","C5H3F9O3","281.993847936","OCC(F)(F)OC(F)(F)C(F)(F)OC(F)(F)F"
"DTXSID40381269","83310-97-8","OVBNEUIFHDEQHD-UHFFFAOYSA-N","C7H7F9O","278.035318824","OCCCC(F)(F)C(F)(F)C(F)(F)C(F)(F)F"
"DTXSID40381668","13140-35-7","VQHXSBVNMOZRLC-UHFFFAOYSA-N","C6H2F11NO2","328.990988724","NC(=O)C(F)(OC(F)(F)C(F)(F)C(F)(F)F)C(F)(F)F"
"DTXSID40381981","117146-18-6","FTECWCULPOFDJS-UHFFFAOYSA-N","C24H33F17","644.231080796","CCCCCCCCCCCCCCCCC(F)(F)C(F)(F)C(F)(F)C(F)(F)C(F)(F)C(F)(F)C(F)(F)C(F)(F)F"
"DTXSID40382054","10258-49-8","CVJNJHVXFLKZGB-UHFFFAOYSA-N","C8H2F15I","509.896171364","FC(F)(F)C(F)(F)C(F)(F)C(F)(F)C(F)(F)C(F)(F)C(F)(F)CI"
"DTXSID40382074","117205-07-9","LRLOPVLXVNLHIC-UHFFFAOYSA-M","C4F9KO4S","353.90106514","O=S(=O)([O-])C(F)(F)C(F)(F)OC(F)(F)C(F)(F)F.[K+]"
"DTXSID40382150","113507-87-2","GKXDAFLCVMFZNI-UHFFFAOYSA-M","C4F9NaO4S","337.92712774","O=S(=O)([O-])C(F)(F)C(F)(F)OC(F)(F)C(F)(F)F.[Na+]"
"DTXSID40382155","261503-40-6","WNIYZRDLOGYCIO-UHFFFAOYSA-N","C8H2F12O2","357.986317944","O=C(CC(=O)C(F)(F)C(F)(F)C(F)(F)C(F)(F)F)C(F)(F)F"
"DTXSID40382352","102488-49-3","ZFUVZJADECZZMS-UHFFFAOYSA-N","C12H4Cl3F21Si","679.881252318","FC(F)(F)C(F)(F)C(F)(F)C(F)(F)C(F)(F)C(F)(F)C(F)(F)C(F)(F)C(F)(F)C(F)(F)CC[Si](Cl)(Cl)Cl"
"DTXSID40399506","206560-77-2","XDEOJAJPLXXYKA-UHFFFAOYSA-N","C14H4BrF17","573.922491968","FC(F)(F)C(F)(F)C(F)(F)C(F)(F)C(F)(F)C(F)(F)C(F)(F)C(F)(F)c1ccc(Br)cc1"
"DTXSID4041284","34455-29-3","OKOCIUJVPQKDLL-UHFFFAOYSA-N","C15H19F13N2O4S","570.085794948","C[N+](C)(CCCNS(=O)(=O)CCC(F)(F)C(F)(F)C(F)(F)C(F)(F)C(F)(F)C(F)(F)F)CC(=O)[O-]"
"DTXSID4041286","73772-32-4","NPPLFZIZNHHMEY-UHFFFAOYSA-M","C14H18F13N2NaO6S2","644.029639436","CN(C)CCCN(CC(O)CS(=O)(=O)[O-])S(=O)(=O)C(F)(F)C(F)(F)C(F)(F)C(F)(F)C(F)(F)C(F)(F)F.[Na+]"
"DTXSID40420521","17631-68-4","PTQJQBFRLLGICD-VNGPFPIXSA-K","C30H30EuF21O6","1038.0919366","CC(C)(C)/C([O-])=C/C(=O)C(F)(F)C(F)(F)C(F)(F)F.CC(C)(C)/C([O-])=C/C(=O)C(F)(F)C(F)(F)C(F)(F)F.CC(C)(C)/C([O-])=C/C(=O)C(F)(F)C(F)(F)C(F)(F)F.[Eu+3]"
"DTXSID40432922","238098-26-5","QVAUOEHPYOFAQA-UHFFFAOYSA-N","C10H8F7N","275.054496796","Cc1cc(C(F)(C(F)(F)F)C(F)(F)F)ccc1N"
"DTXSID40437856","344580-04-7","BLEHPPKIGGUMEF-UHFFFAOYSA-N","C13H6F20O2","574.004843832","O=C(CCC(F)(F)C(F)(F)C(F)(F)C(F)(F)C(F)(F)C(F)(F)C(F)(F)C(F)(F)F)OCC(F)(F)F"
"DTXSID40439436","30556-86-6","LTTQRUMYWWXCQA-UHFFFAOYSA-N","C8H6F13N","363.029266052","NCCC(F)(F)C(F)(F)C(F)(F)C(F)(F)C(F)(F)C(F)(F)F"
"DTXSID40440946","192212-66-1","RMDIHFFKXXTNGQ-UHFFFAOYSA-N","C27H17F39Sn","1201.972945824","C=C[CH2][Sn]([CH2]CC(F)(F)C(F)(F)C(F)(F)C(F)(F)C(F)(F)C(F)(F)F)([CH2]CC(F)(F)C(F)(F)C(F)(F)C(F)(F)C(F)(F)C(F)(F)F)[CH2]CC(F)(F)C(F)(F)C(F)(F)C(F)(F)C(F)(F)C(F)(F)F"
"DTXSID40446665","132665-00-0","FPLJNGUIASXYLD-UHFFFAOYSA-N","C11H10F13IO","531.9568798","OCCCC(I)CC(F)(F)C(F)(F)C(F)(F)C(F)(F)C(F)(F)C(F)(F)F"
"DTXSID40446988","104729-49-9","XLXYXEHVIIRCGY-UHFFFAOYSA-N","C4HF9O3S","299.950268872","O=S(=O)(F)C(F)(F)C(F)(F)OC(F)(F)C(F)F"
"DTXSID40447056","87405-83-2","CYLIQDNNFMKOLN-UHFFFAOYSA-N","C14H5F17","496.0119799","FC(F)(F)C(F)(F)C(F)(F)C(F)(F)C(F)(F)C(F)(F)C(F)(F)C(F)(F)c1ccccc1"
"DTXSID40447475","135841-49-5","AHGSEBBCGYXEBF-UHFFFAOYSA-N","C9H9F13Si","392.026593678","C[Si](C)(C)C(F)(F)C(F)(F)C(F)(F)C(F)(F)C(F)(F)C(F)(F)F"
"DTXSID40447874","134052-02-1","SMQWZVBJTNTJHH-UHFFFAOYSA-N","C11H11F13O","406.060231832","OCCCCCC(F)(F)C(F)(F)C(F)(F)C(F)(F)C(F)(F)C(F)(F)F"
"DTXSID40454503","556050-49-8","DLEHONFUGNNFOG-UHFFFAOYSA-N","C22H14F17NO5","695.060052288","O=C(OCc1ccc(CCC(F)(F)C(F)(F)C(F)(F)C(F)(F)C(F)(F)C(F)(F)C(F)(F)C(F)(F)F)cc1)ON1C(=O)CCC1=O"
"DTXSID40456002","141478-89-9","ZSCSEYRTJFTOQR-UHFFFAOYSA-N","C13H9F13O2","444.039496388","O=C1CCCCC1C(=O)C(F)(F)C(F)(F)C(F)(F)C(F)(F)C(F)(F)C(F)(F)F"
"DTXSID40457130","852527-40-3","QGVHMBIQPGFCFW-UHFFFAOYSA-N","C15H8F17NO2","557.028358236","O=C1C=CC(=O)N1CCCC(F)(F)C(F)(F)C(F)(F)C(F)(F)C(F)(F)C(F)(F)C(F)(F)C(F)(F)F"
"DTXSID40457135","200112-75-0","AXUBYTAXJHIPJO-UHFFFAOYSA-N","C11H6F17I","587.924277932","FC(F)(F)C(F)(F)C(F)(F)C(F)(F)C(F)(F)C(F)(F)C(F)(F)C(F)(F)CCCI"
"DTXSID40457832","852527-48-1","MFTQISGNRWTJNY-UHFFFAOYSA-N","C13H9F17INO","644.945741648","O=C(CI)NCCCC(F)(F)C(F)(F)C(F)(F)C(F)(F)C(F)(F)C(F)(F)C(F)(F)C(F)(F)F"
"DTXSID40464965","544418-04-4","JRKNOQQQWMFWME-UHFFFAOYSA-N","C19H10F17NO3","623.03892292","O=c1oc(=O)n(CCCC(F)(F)C(F)(F)C(F)(F)C(F)(F)C(F)(F)C(F)(F)C(F)(F)C(F)(F)F)c2ccccc12"
"DTXSID40474908","193197-68-1","PJQMFFDXUGYQTO-UHFFFAOYSA-N","C36H12F39P","1216.005387594","FC(F)(F)C(F)(F)C(F)(F)C(F)(F)C(F)(F)C(F)(F)c1ccc(P(c2ccc(C(F)(F)C(F)(F)C(F)(F)C(F)(F)C(F)(F)C(F)(F)F)cc2)c2ccc(C(F)(F)C(F)(F)C(F)(F)C(F)(F)C(F)(F)C(F)(F)F)cc2)cc1"
"DTXSID40475879","183547-74-2","BPQUIZZKLVTZOY-UHFFFAOYSA-N","C7H6F9I","387.937052172","FC(F)(F)C(F)(F)C(F)(F)C(F)(F)CCCI"
"DTXSID4047672","272451-65-7","ZGNITFSDLCMLGI-UHFFFAOYSA-N","C23H22F7IN2O4S","682.023323724","Cc1cc(C(F)(C(F)(F)F)C(F)(F)F)ccc1NC(=O)c1cccc(I)c1C(=O)NC(C)(C)CS(C)(=O)=O"
"DTXSID40526456","87050-96-2","MQDFWVHNHDFZGQ-UHFFFAOYSA-N","C4H2F7NO2","228.997375844","O=C(NO)C(F)(F)C(F)(F)C(F)(F)F"
"DTXSID40526476","307-38-0","MCEDOKUQJYNLKR-UHFFFAOYSA-N","C10ClF19O","531.93342848","O=C(Cl)C(F)(F)C(F)(F)C(F)(F)C(F)(F)C(F)(F)C(F)(F)C(F)(F)C(F)(F)C(F)(F)F"
"DTXSID40540213","87461-68-5","RBWJBCMATQGXGQ-UHFFFAOYSA-N","C12H9F7O4","350.038906308","COc1ccc(OC)c(OC(=O)C(F)(F)C(F)(F)C(F)(F)F)c1"
"DTXSID40543663","104939-25-5","KSZFPYHYSBXOPG-UHFFFAOYSA-N","C9H5F7O3","294.01269156","COC(=O)c1ccc(C(F)(F)C(F)(F)C(F)(F)F)o1"
"DTXSID40545622","110254-90-5","BWMXVEIMUXVSEX-UHFFFAOYSA-N","C9H7F13O","378.028931704","OCCCC(C(F)(F)F)(C(F)(F)F)C(F)(F)C(F)(F)C(F)(F)F"
"DTXSID40552018","92639-87-7","RDKTYTPOMDGHCP-UHFFFAOYSA-N","C5F12O4","351.96049712","FC(F)(F)OC(OC(F)(F)F)(OC(F)(F)F)OC(F)(F)F"
"DTXSID40571648","149339-57-1","XAZKWGLYRRMFFE-UHFFFAOYSA-N","C11H9F13O2S","452.011567388","O=C(O)CCSCCC(F)(F)C(F)(F)C(F)(F)C(F)(F)C(F)(F)C(F)(F)F"
"DTXSID40572135","15498-45-0","OFHKMSIZNZJZKM-UHFFFAOYSA-N","C11H3F17O2","489.986159076","C=CC(=O)OC(F)(F)C(F)(F)C(F)(F)C(F)(F)C(F)(F)C(F)(F)C(F)(F)C(F)(F)F"
"DTXSID40583342","892154-51-7","FVFREHJGVAWXEQ-UHFFFAOYSA-N","C14H13F9O2","384.077183636","OCc1ccc(OCCCC(F)(F)C(F)(F)C(F)(F)C(F)(F)F)cc1"
"DTXSID40584995","111873-33-7","MUOQTHSUZGSHGW-UHFFFAOYSA-M","C24H36F17NO3S","741.214444752","CCCC[N+](CCCC)(CCCC)CCCC.O=S(=O)([O-])C(F)(F)C(F)(F)C(F)(F)C(F)(F)C(F)(F)C(F)(F)C(F)(F)C(F)(F)F"
"DTXSID40591422","141977-66-4","XWMIXYNBVNTPFV-UHFFFAOYSA-N","C15H3F29O5","813.951741576","OCC(F)(OC(F)(F)C(F)(OC(F)(F)C(F)(OC(F)(F)C(F)(OC(F)(F)C(F)(F)C(F)(F)F)C(F)(F)F)C(F)(F)F)C(F)(F)F)C(F)(F)F"
"DTXSID4059831","335-97-7","YJJPIVVOMTXOQC-UHFFFAOYSA-N","C8H6F11NO2S","388.994359852","C=CCNS(=O)(=O)C(F)(F)C(F)(F)C(F)(F)C(F)(F)C(F)(F)F"
"DTXSID4059833","336-08-3","AXRSOGFYDSXLQX-UHFFFAOYSA-N","C6H2F8O4","289.982534304","O=C(O)C(F)(F)C(F)(F)C(F)(F)C(F)(F)C(=O)O"
"DTXSID4059835","338-84-1","AQZYBQIAUSKCCS-UHFFFAOYSA-N","C15F33N","820.95038026","FC(F)(F)C(F)(F)C(F)(F)C(F)(F)C(F)(F)N(C(F)(F)C(F)(F)C(F)(F)C(F)(F)C(F)(F)F)C(F)(F)C(F)(F)C(F)(F)C(F)(F)C(F)(F)F"
"DTXSID4059881","356-24-1","MRPUVAKBXDBGJQ-UHFFFAOYSA-N","C5H3F7O2","228.002126876","COC(=O)C(F)(F)C(F)(F)C(F)(F)F"
"DTXSID4059912","374-98-1","AFHPVXVEXINDFS-UHFFFAOYSA-N","C4H2F7I","309.908945604","FC(F)(F)C(F)(F)C(F)(F)CI"
"DTXSID4059914","375-01-9","WXJFKAZDSQLPBX-UHFFFAOYSA-N","C4H3F7O","200.007212256","OCC(F)(F)C(F)(F)C(F)(F)F"
"DTXSID4059916","375-22-4","YPJUNDFVDDCYIH-UHFFFAOYSA-N","C4HF7O2","213.986476812","O=C(O)C(F)(F)C(F)(F)C(F)(F)F"
"DTXSID4059918","375-84-8","XLIFBQWTSCGUEB-UHFFFAOYSA-N","C7F14O","365.9725597","O=C(F)C(F)(F)C(F)(F)C(F)(F)C(F)(F)C(F)(F)C(F)(F)F"
"DTXSID4060991","685-63-2","LGPPATCNSOSOQH-UHFFFAOYSA-N","C4F6","161.99041932","FC(F)=C(F)C(F)=C(F)F"
"DTXSID40611518","13835-88-6","RHLDKBOSGKSXEL-UHFFFAOYSA-N","C11H5F9O2","340.01458338","O=C(O)c1ccc(C(F)(F)C(F)(F)C(F)(F)C(F)(F)F)cc1"
"DTXSID40627472","72372-80-6","TVOMDPDLBZJPTG-UHFFFAOYSA-N","C7H7F9O","278.035318824","CCCOC(F)(F)C(F)(F)C(F)(F)C(F)(F)F"
"DTXSID4062933","3248-61-1","UHFPYSDLCDSLDC-UHFFFAOYSA-N","C13F27I","795.86135994","FC(F)(F)C(F)(C(F)(F)F)C(F)(F)C(F)(F)C(F)(F)C(F)(F)C(F)(F)C(F)(F)C(F)(F)C(F)(F)C(F)(F)C(F)(F)I"
"DTXSID40631438","61282-89-1","QQGCRHKFDHSORV-UHFFFAOYSA-N","C8H9F7O","254.054162448","CCC(=O)C(C)C(F)(F)C(F)(F)C(F)(F)F"
"DTXSID4063660","4980-53-4","KLVRPMUTIRAYBC-UHFFFAOYSA-N","C20H9F29O2","832.013947908","C=C(C)C(=O)OCCC(F)(F)C(F)(F)C(F)(F)C(F)(F)C(F)(F)C(F)(F)C(F)(F)C(F)(F)C(F)(F)C(F)(F)C(F)(F)C(F)(F)C(F)(F)C(F)(F)F"
"DTXSID40655199","2358-53-4","GYIZIJJIBAVXMW-UHFFFAOYSA-N","C4H4ClF7N2","247.995123348","Cl.N=C(N)C(F)(F)C(F)(F)C(F)(F)F"
"DTXSID4065949","15811-52-6","KRIKPLSQWRBSRS-UHFFFAOYSA-N","C13F26O","665.95339834","O=C(F)C(F)(F)C(F)(F)C(F)(F)C(F)(F)C(F)(F)C(F)(F)C(F)(F)C(F)(F)C(F)(F)C(F)(C(F)(F)F)C(F)(F)F"
"DTXSID40660107","3830-74-8","NYIFVLKUMGMTPW-UHFFFAOYSA-N","C42H26F64N3O6P3","1977.001251522","FC(F)CCCCC(F)(F)COP1(OCC(F)(F)C(F)(F)C(F)(F)C(F)(F)C(F)(F)C(F)F)=NP(OCC(F)(F)C(F)(F)C(F)(F)C(F)(F)C(F)(F)C(F)F)(OCC(F)(F)C(F)(F)C(F)(F)C(F)(F)C(F)(F)C(F)F)=NP(OCC(F)(F)C(F)(F)C(F)(F)C(F)(F)C(F)(F)C(F)F)(OCC(F)(F)C(F)(F)C(F)(F)C(F)(F)C(F)(F)C(F)F)=N1"
"DTXSID40674305","133310-71-1","ZKYMFADZZFTYJH-UHFFFAOYSA-N","C22H33F13","544.237467916","CCCCCCCCCCCCCCCCC(F)(F)C(F)(F)C(F)(F)C(F)(F)C(F)(F)C(F)(F)F"
"DTXSID4067513","29809-34-5","AQDHOJSLSYFQND-UHFFFAOYSA-N","C20F41I","1145.83900502","FC(F)(F)C(F)(F)C(F)(F)C(F)(F)C(F)(F)C(F)(F)C(F)(F)C(F)(F)C(F)(F)C(F)(F)C(F)(F)C(F)(F)C(F)(F)C(F)(F)C(F)(F)C(F)(F)C(F)(F)C(F)(F)C(F)(F)C(F)(F)I"
"DTXSID40679875","106209-21-6","DBTAMHSPOTZDDY-UHFFFAOYSA-N","C16H7F17","522.027629964","C=Cc1ccc(C(F)(F)C(F)(F)C(F)(F)C(F)(F)C(F)(F)C(F)(F)C(F)(F)C(F)(F)F)cc1"
"DTXSID40692943","186599-46-2","SGBXYLYVROEUTD-UHFFFAOYSA-N","C12H22F9N3Si","407.143928214","CN(C)[Si](N(C)C)(N(C)C)C(F)(F)C(F)(F)C(F)(F)CCC(F)(F)F"
"DTXSID4069422","60699-51-6","ZDUOTHMDVYXZBS-UHFFFAOYSA-N","C16H5F29O","763.98773316","OCCC(F)(F)C(F)(F)C(F)(F)C(F)(F)C(F)(F)C(F)(F)C(F)(F)C(F)(F)C(F)(F)C(F)(F)C(F)(F)C(F)(F)C(F)(F)C(F)(F)F"
"DTXSID4069501","61798-68-3","ZUDDXBNNEBHAMS-UHFFFAOYSA-M","C22H16F17NO3S","697.057944112","Cc1ccc(S(=O)(=O)[O-])cc1.FC(F)(F)C(F)(F)C(F)(F)C(F)(F)C(F)(F)C(F)(F)C(F)(F)C(F)(F)CC[n+]1ccccc1"
"DTXSID40699730","37027-49-9","GELXZLDTAYMMSK-UHFFFAOYSA-N","C7H8BrF7O","319.964674516","FC(F)(F)C(F)(OCCCCBr)C(F)(F)F"
"DTXSID40701160","102390-98-7","AZOLQBGEMLPHAI-UHFFFAOYSA-N","C12H19F9O3Si","410.095974978","CCO[Si](OCC)(OCC)C(F)(F)C(F)(F)C(F)(F)CCC(F)(F)F"
"DTXSID40702839","96250-49-6","BQXQIBUMNFGIII-UHFFFAOYSA-N","C9H4F12O3","387.996882628","C=C(F)C(=O)OCC(F)(OC(F)(F)C(F)(F)C(F)(F)F)C(F)(F)F"
"DTXSID4070322","65510-55-6","KHGHLOYBMLYJPS-UHFFFAOYSA-N","C16H4F29I","873.889466508","FC(F)(F)C(F)(F)C(F)(F)C(F)(F)C(F)(F)C(F)(F)C(F)(F)C(F)(F)C(F)(F)C(F)(F)C(F)(F)C(F)(F)C(F)(F)C(F)(F)CCI"
"DTXSID4070376","66008-68-2","XGSOKOQKZXARCB-UHFFFAOYSA-N","C17H12F21NO4S","725.015171484","C=CC(=O)OCCN(C)S(=O)(=O)CC(F)(F)C(F)(F)C(F)(F)C(F)(F)C(F)(F)C(F)(F)C(F)(F)C(F)(F)C(F)(F)C(F)(F)F"
"DTXSID4070378","66008-72-8","TUOHUMKQNSQWKE-UHFFFAOYSA-N","C17H23F13N2O4S","598.117095076","CN(CCC[N+](C)(C)CCC(=O)[O-])S(=O)(=O)CCC(F)(F)C(F)(F)C(F)(F)C(F)(F)C(F)(F)C(F)(F)F"
"DTXSID4070827","67906-39-2","GJCCTHAVFKJHMN-UHFFFAOYSA-N","C13H16F9NO4S","453.065632972","C=C(C)C(=O)OCCCCN(C)S(=O)(=O)C(F)(F)C(F)(F)C(F)(F)C(F)(F)F"
"DTXSID4070829","67906-41-6","ZVXUTAWOTSBUQR-UHFFFAOYSA-N","C12H10F15NO2S","517.01927286","C=CCN(CC)S(=O)(=O)C(F)(F)C(F)(F)C(F)(F)C(F)(F)C(F)(F)C(F)(F)C(F)(F)F"
"DTXSID4070871","67939-42-8","XTDOBWSCKYKWCE-UHFFFAOYSA-N","C13H11Cl3F17NO2SSi","700.907388902","CCN(CCC[Si](Cl)(Cl)Cl)S(=O)(=O)C(F)(F)C(F)(F)C(F)(F)C(F)(F)C(F)(F)C(F)(F)C(F)(F)C(F)(F)F"
"DTXSID4070875","67939-61-1","KKCCHFWHAXJXIQ-UHFFFAOYSA-N","C15H16F13NO4S","553.059245852","C=C(C)C(=O)OCCCCN(C)S(=O)(=O)C(F)(F)C(F)(F)C(F)(F)C(F)(F)C(F)(F)C(F)(F)F"
"DTXSID4071005","68025-62-7","ULTHBMBLJPAOJW-UHFFFAOYSA-N","C15F30O","765.94701122","O=C(F)C(F)(F)C(F)(F)C(F)(F)C(F)(F)C(F)(F)C(F)(F)C(F)(F)C(F)(F)C(F)(F)C(F)(F)C(F)(F)C(F)(C(F)(F)F)C(F)(F)F"
"DTXSID4071394","68298-89-5","PNBLAQHWLKUKEU-UHFFFAOYSA-N","C12H12F15NO3S","535.029837544","CN(CCCCO)S(=O)(=O)C(F)(F)C(F)(F)C(F)(F)C(F)(F)C(F)(F)C(F)(F)C(F)(F)F"
"DTXSID40728796","508194-70-5","DVQHEDSMPBFNOO-UHFFFAOYSA-N","C16H12F18O4","610.044816824","O=C(CCC(=O)OCCC(F)(F)C(F)(F)C(F)(F)C(F)(F)F)OCCC(F)(F)C(F)(F)C(F)(F)C(F)(F)F"
"DTXSID4073120","163702-07-6","OKIYQFLILPKULA-UHFFFAOYSA-N","C5H3F9O","250.004018696","COC(F)(F)C(F)(F)C(F)(F)C(F)(F)F"
"DTXSID40746071","123359-45-5","VKBOLWUSVWLRDP-UFGMMYBOSA-N","C42H45ErF21O6","1210.21837488","CC1(C)[C@H]2CC[C@]1(C)C(=O)/C2=C(/O)C(F)(F)C(F)(F)C(F)(F)F.CC1(C)[C@H]2CC[C@]1(C)C(=O)/C2=C(\O)C(F)(F)C(F)(F)C(F)(F)F.CC1(C)[C@H]2CC[C@]1(C)C(=O)/C2=C(\O)C(F)(F)C(F)(F)C(F)(F)F.[Er]"
"DTXSID40746197","1262770-54-6","ATDSDUMFZUDFRA-UHFFFAOYSA-N","C13H8F13NO4","489.024574596","O=C(CCC(F)(F)C(F)(F)C(F)(F)C(F)(F)C(F)(F)C(F)(F)F)ON1C(=O)CCC1=O"
"DTXSID40746899","185045-68-5","-","-","-",NA
"DTXSID4074855","813-44-5","GRVMOMUDALILLH-UHFFFAOYSA-N","C7F14O","365.9725597","O=C(C(F)(C(F)(F)F)C(F)(F)F)C(F)(C(F)(F)F)C(F)(F)F"
"DTXSID4074932","756-13-8","RMLFHPWPTXWZNJ-UHFFFAOYSA-N","C6F12O","315.97575326","O=C(C(F)(F)C(F)(F)F)C(F)(C(F)(F)F)C(F)(F)F"
"DTXSID40750739","88951-15-9","HAROAHMBILCWPT-UHFFFAOYSA-N","C13H13F11O2","410.073990076","COC(=O)C1CCC(C(F)(F)C(F)(F)C(F)(F)C(F)(F)C(F)(F)F)CC1"
"DTXSID4075245","423-31-4","NNMVWNQEVYZFRC-UHFFFAOYSA-N","C4HClF8","235.963903472","FC(F)C(F)(F)C(F)(F)C(F)(F)Cl"
"DTXSID40756059","89932-76-3","BFTJXBHBMFIPTG-UHFFFAOYSA-N","C14H6F17NO3S","590.979693792","NS(=O)(=O)c1ccc(OC(F)(F)C(F)(F)C(F)(F)C(F)(F)C(F)(F)C(F)(F)C(F)(F)C(F)(F)F)cc1"
"DTXSID40758533","93238-01-8","UPIFAZUWDVJBEO-UHFFFAOYSA-N","C16H4F19N3O","615.005097928","[N-]=[N+]=NC(=O)c1ccc(C(F)(F)C(F)(F)C(F)(F)C(F)(F)C(F)(F)C(F)(F)C(F)(F)C(F)(F)C(F)(F)F)cc1"
"DTXSID40758997","94190-72-4","XHPNKLLIHAWGFD-UHFFFAOYSA-M","C24H19F9IP","636.012539218","FC(F)(F)C(F)(F)C(F)(F)C(F)(F)CC[P+](c1ccccc1)(c1ccccc1)c1ccccc1.[I-]"
"DTXSID40765262","113659-13-5","QWZCZTUZNTVRGH-UHFFFAOYSA-N","C15H19F13","446.127917468","CCCCCCCCCC(F)(F)C(F)(F)C(F)(F)C(F)(F)C(F)(F)C(F)(F)F"
"DTXSID40766557","116356-70-8","ZDQKJWZLKLQXAO-UHFFFAOYSA-N","C7H4ClF9O2","325.975611028","COC(=O)C(Cl)C(F)(F)C(F)(F)C(F)(F)C(F)(F)F"
"DTXSID40797028","60194-47-0","XCBBWRDLYSFQAA-UHFFFAOYSA-N","C13H8F17NO4S","596.990258476","C=CC(=O)OCCNS(=O)(=O)C(F)(F)C(F)(F)C(F)(F)C(F)(F)C(F)(F)C(F)(F)C(F)(F)C(F)(F)F"
"DTXSID40825830","700874-87-9","PODVJTKDNVRRMS-UHFFFAOYSA-N","C4F8O2","231.977055","FC(F)=C(F)OC(F)(F)OC(F)(F)F"
"DTXSID40826029","880353-20-8","GLLTUKTVAHGIDJ-UHFFFAOYSA-N","C8H8F7NO3","299.039240656","CC(C)(NC(=O)C(F)(F)C(F)(F)C(F)(F)F)C(=O)O"
"DTXSID40837332","825651-73-8","XJKXILISVXBXKJ-UHFFFAOYSA-N","C26H41F13","600.300068172","CCCCCCCCCCCCCCCCCCCCC(F)(F)C(F)(F)C(F)(F)C(F)(F)C(F)(F)C(F)(F)F"
"DTXSID40861915","383-07-3","AQQNNAXBGPWALO-UHFFFAOYSA-N","C17H16F17NO4S","653.052858732","C=CC(=O)OCCN(CCCC)S(=O)(=O)C(F)(F)C(F)(F)C(F)(F)C(F)(F)C(F)(F)C(F)(F)C(F)(F)C(F)(F)F"
"DTXSID40863318","4089-58-1","KKFBQYPRBYZJNU-UHFFFAOYSA-N","C8F16O5S","511.92109562","O=C(F)C(F)(OC(F)(F)C(F)(OC(F)(F)C(F)(F)S(=O)(=O)F)C(F)(F)F)C(F)(F)F"
"DTXSID40873417","425670-75-3","VIONGDJUYAYOPU-UHFFFAOYSA-M","C8H4F13O3S","426.967356848","O=S(=O)([O-])CCC(F)(F)C(F)(F)C(F)(F)C(F)(F)C(F)(F)C(F)(F)F"
"DTXSID40879833","52299-26-0","CTGNCBOZEMOASL-UHFFFAOYSA-N","C10H2F21O3P","599.940623174","O=P(O)(O)C(F)(F)C(F)(F)C(F)(F)C(F)(F)C(F)(F)C(F)(F)C(F)(F)C(F)(F)C(F)(F)C(F)(F)F"
"DTXSID40880025","335-95-5","LWHQXUODFPPQTL-UHFFFAOYSA-M","C8F15NaO2","435.95564682","O=C([O-])C(F)(F)C(F)(F)C(F)(F)C(F)(F)C(F)(F)C(F)(F)C(F)(F)F.[Na+]"
"DTXSID40880121","306-95-6","DVPQLHWKBCBNDB-UHFFFAOYSA-N","C11F20","511.9680644","FC(F)(F)C1(F)C(F)(F)C(F)(F)C2(F)C(F)(F)C(F)(F)C(F)(F)C(F)(F)C2(F)C1(F)F"
"DTXSID40880126","335-79-5","SVOCBPYVHOTFRV-UHFFFAOYSA-N","C15F31I","895.85497282","FC(F)(F)C(F)(F)C(F)(F)C(F)(F)C(F)(F)C(F)(F)C(F)(F)C(F)(F)C(F)(F)C(F)(F)C(F)(F)C(F)(F)C(F)(F)C(F)(F)C(F)(F)I"
"DTXSID40880146","382-26-3","AQHKYFLVHBIQMS-UHFFFAOYSA-N","C5H4F8O","232.013440508","COC(F)(F)C(C(F)(F)F)C(F)(F)F"
"DTXSID40880161","646-85-5","HTEFXPIJEVDPEF-UHFFFAOYSA-N","C8F16O","415.96936614","FC(F)(F)C(F)(F)C(F)(F)C(F)(F)C1(F)C(F)(F)OC(F)(F)C1(F)F"
"DTXSID40880181","2357-60-0","CZDIKJOTAVHOTJ-UHFFFAOYSA-N","C16H14F17NO4S","639.037208668","C=CC(=O)OCCN(CCC)S(=O)(=O)C(F)(F)C(F)(F)C(F)(F)C(F)(F)C(F)(F)C(F)(F)C(F)(F)C(F)(F)F"
"DTXSID40880186","2706-89-0","UOOGXJXDGDKHDT-UHFFFAOYSA-M","C5F9NaO2","285.9652275","O=C([O-])C(F)(F)C(F)(F)C(F)(F)C(F)(F)F.[Na+]"
"DTXSID40880202","4089-57-0","JJMSFRPBSYTEIN-UHFFFAOYSA-N","C5F10O4S","345.93576168","O=C(F)C(F)(OC(F)(F)C(F)(F)S(=O)(=O)F)C(F)(F)F"
"DTXSID40880207","5102-53-4","DVGAKXCCCMYSPK-UHFFFAOYSA-N","C14H6F24N4O2","718.010752712","NNC(=O)C(F)(F)C(F)(F)C(F)(F)C(F)(F)C(F)(F)C(F)(F)C(F)(F)C(F)(F)C(F)(F)C(F)(F)C(F)(F)C(F)(F)C(=O)NN"
"DTXSID40880222","15538-93-9","GATGUNJRFUIHOM-UHFFFAOYSA-N","C6H6Cl3F7OSi","359.914171922","FC(F)(F)C(F)(OCCC[Si](Cl)(Cl)Cl)C(F)(F)F"
"DTXSID40880227","17165-55-8","JPAQRQFVIPWHNE-UHFFFAOYSA-N","C7H5F7O2","254.01777694","C=COC(=O)CC(F)(F)C(F)(F)C(F)(F)F"
"DTXSID40880242","27639-98-1","IIYQDKPSLAINNX-UHFFFAOYSA-N","C12F24O4","663.94133576","O=C(F)C(F)(OC(F)(F)C(F)(OC(F)(F)C(F)(OC(F)(F)C(F)(F)C(F)(F)F)C(F)(F)F)C(F)(F)F)C(F)(F)F"
"DTXSID40880247","29811-19-6","MQLGEVBWKKFBQN-UHFFFAOYSA-M","C14H7F12NaO5S","537.972027244","O=C(OCC(F)(F)C(F)(F)C(F)(F)C(F)(F)C(F)(F)C(F)F)c1ccccc1S(=O)(=O)[O-].[Na+]"
"DTXSID40880368","25038-02-2","-","-","-",NA
"DTXSID40880383","26655-00-5","-","-","-",NA
"DTXSID40880388","34451-25-7","GQJXVHYUQPXZOL-UHFFFAOYSA-N","C6H5F9S","279.99682514","FC(F)(F)C(F)(F)C(F)(F)C(F)(F)CCS"
"DTXSID40880429","31214-91-2","-","-","-",NA
"DTXSID40880444","51249-67-3","SFEKJPRYZMFTFH-OWOJBTEDSA-N","C14H2F26","663.974133784","FC(F)(F)C(F)(F)C(F)(F)C(F)(F)C(F)(F)C(F)(F)/C=C/C(F)(F)C(F)(F)C(F)(F)C(F)(F)C(F)(F)C(F)(F)F"
"DTXSID40880449","52026-59-2","APCMQGJPMGNODQ-UHFFFAOYSA-N","C25H26F19NO6SSi","857.094671262","CCO[Si](CCCNS(=O)(=O)c1ccc(OC(=C(C(F)(F)F)C(C(F)(F)F)(C(F)(F)C(F)(F)F)C(F)(F)C(F)(F)F)C(F)(F)F)cc1)(OCC)OCC"
"DTXSID40880484","55154-18-2","RPIANCZCOWLFSM-UHFFFAOYSA-N","C20HF41O6","1115.911844772","FC(OC(F)(F)C(F)(OC(F)(F)C(F)(OC(F)(F)C(F)(OC(F)(F)C(F)(OC(F)(F)C(F)(OC(F)(F)C(F)(F)C(F)(F)F)C(F)(F)F)C(F)(F)F)C(F)(F)F)C(F)(F)F)C(F)(F)F)C(F)(F)F"
"DTXSID40880489","57678-07-6","ROUGOWJCVFOXHO-UHFFFAOYSA-N","C14H6F25O4P","743.960450802","O=P(O)(O)OCCC(F)(F)C(F)(F)C(F)(F)C(F)(F)C(F)(F)C(F)(F)C(F)(F)C(F)(F)C(F)(F)C(F)(F)C(F)(F)C(F)(F)F"
"DTXSID40880520","61097-96-9","CBUWIAZYOKAVDV-UHFFFAOYSA-N","C17F30O7","885.91649894","O=C(C(F)(OC1(F)OC(F)(C(F)(F)F)C(F)(F)OC1(F)C(F)(F)F)C(F)(F)F)C(F)(OC1(F)OC(F)(C(F)(F)F)C(F)(F)OC1(F)C(F)(F)F)C(F)(F)F"
"DTXSID40880525","61577-14-8","DJKGXDGHCIHDPZ-UHFFFAOYSA-N","C17H16F17NO4S","653.052858732","C=C(C)C(=O)OCCCCN(C)S(=O)(=O)C(F)(F)C(F)(F)C(F)(F)C(F)(F)C(F)(F)C(F)(F)C(F)(F)C(F)(F)F"
"DTXSID40880540","64018-24-2","OSYDIIQLLFZQKP-UHFFFAOYSA-N","C6H2ClF9O","295.965046344","O=C(Cl)CC(F)(F)C(F)(F)C(F)(F)C(F)(F)F"
"DTXSID40880545","64202-77-3","-","-","-",NA
"DTXSID40880560","66138-93-0","-","-","-",NA
"DTXSID40880565","67584-42-3","-","-","-",NA
"DTXSID40880580","68037-23-0","-","-","-",NA
"DTXSID40880601","68298-73-7","RPJIZRHOCVMSSZ-UHFFFAOYSA-N","C27H28F15N3O8S","839.135759156","C=C(C)C(=O)OCC(C)OC(=O)Nc1cc(NC(=O)OCCN(CC)S(=O)(=O)C(F)(F)C(F)(F)C(F)(F)C(F)(F)C(F)(F)C(F)(F)C(F)(F)F)ccc1C"
"DTXSID40880606","68298-76-0","ZNHAMOMCVOBRLM-UHFFFAOYSA-N","C24H28F9N3O8S","689.145339836","C=C(C)C(=O)OCC(C)OC(=O)Nc1cc(NC(=O)OCCN(CC)S(=O)(=O)C(F)(F)C(F)(F)C(F)(F)C(F)(F)F)ccc1C"
"DTXSID40880949","70259-86-8","UTWCWKUZICRKOA-UHFFFAOYSA-N","C4H2F8O3S","281.959690684","O=S(=O)(O)C(F)(F)C(F)(F)C(F)(F)C(F)F"
"DTXSID40880964","73018-93-6","-","-","-",NA
"DTXSID40880969","74256-15-8","NZSKSDOUVOVFHC-UHFFFAOYSA-N","C19H9F27O2","782.017141468","C=C(C)C(=O)OCCC(F)(F)C(F)(F)C(F)(F)C(F)(F)C(F)(F)C(F)(F)C(F)(F)C(F)(F)C(F)(F)C(F)(F)C(F)(C(F)(F)F)C(F)(F)F"
"DTXSID40880984","80621-17-6","IPXGZIINYLGNBN-UHFFFAOYSA-M","C13H16F13N2NaO5S2","614.019074752","CN(CCCNS(=O)(=O)C(F)(F)C(F)(F)C(F)(F)C(F)(F)C(F)(F)C(F)(F)F)CCCS(=O)(=O)[O-].[Na+]"
"DTXSID40881012","85720-81-6","ZLYQMQIBEIPMSS-UHFFFAOYSA-N","C5Cl2F10O","335.91665218","FC(F)(F)C(F)(OC(F)(Cl)C(F)(F)Cl)C(F)(F)F"
"DTXSID40881017","93776-00-2","PXYNEDUJSONOLW-UHFFFAOYSA-N","C36H24F50O5","1486.082534868","CC(COCC(O)CC(F)(F)C(F)(F)C(F)(F)C(F)(F)C(F)(F)C(F)(F)C(F)(F)C(F)(F)C(F)(F)C(F)(F)C(F)(F)C(F)(F)F)OC(C)COCC(O)CC(F)(F)C(F)(F)C(F)(F)C(F)(F)C(F)(F)C(F)(F)C(F)(F)C(F)(F)C(F)(F)C(F)(F)C(F)(F)C(F)(F)F"
"DTXSID40881032","93776-16-0","YKFJAJAZXNTEBV-UHFFFAOYSA-M","C20H19F25INO3","923.001046968","C[N+](CCO)(CCO)CC(O)CC(F)(F)C(F)(F)C(F)(F)C(F)(F)C(F)(F)C(F)(F)C(F)(F)C(F)(F)C(F)(F)C(F)(F)C(F)(F)C(F)(F)F.[I-]"
"DTXSID40881052","93776-17-1","MUAOZRGEITXUSH-UHFFFAOYSA-M","C18H19F21INO3","823.007434088","C[N+](CCO)(CCO)CC(O)CC(F)(F)C(F)(F)C(F)(F)C(F)(F)C(F)(F)C(F)(F)C(F)(F)C(F)(F)C(F)(F)C(F)(F)F.[I-]"
"DTXSID40881057","93776-30-8","ZDLDNYXLNRTCDA-UHFFFAOYSA-N","C38H20F62NO6P","1795.00382363","O=P([O-])(OCCC(F)(F)C(F)(F)C(F)(F)C(F)(F)C(F)(F)C(F)(F)C(F)(F)C(F)(F)C(F)(F)C(F)(F)C(F)(F)C(F)(F)C(F)(C(F)(F)F)C(F)(F)F)OCCC(F)(F)C(F)(F)C(F)(F)C(F)(F)C(F)(F)C(F)(F)C(F)(F)C(F)(F)C(F)(F)C(F)(F)C(F)(F)C(F)(F)C(F)(C(F)(F)F)C(F)(F)F.OCC[NH2+]CCO"
"DTXSID40881072","93857-47-7","MJHYQOMQQBZWGU-UHFFFAOYSA-N","C16H12F29N2O4P","878.007161874","O=P([O-])([O-])OCCC(F)(F)C(F)(F)C(F)(F)C(F)(F)C(F)(F)C(F)(F)C(F)(F)C(F)(F)C(F)(F)C(F)(F)C(F)(F)C(F)(F)C(F)(F)C(F)(F)F.[NH4+].[NH4+]"
"DTXSID40881077","93857-50-2","DEUIIZYVEDWQCF-UHFFFAOYSA-N","C13H12F23N2O4P","728.016742554","O=P([O-])([O-])OCCC(F)(F)C(F)(F)C(F)(F)C(F)(F)C(F)(F)C(F)(F)C(F)(F)C(F)(F)C(F)(C(F)(F)F)C(F)(F)F.[NH4+].[NH4+]"
"DTXSID40881113","93857-54-6","UWTYLCUAYINOEF-UHFFFAOYSA-N","C36H9F66O4P","1789.918457918","O=P(O)(OCCC(F)(F)C(F)(F)C(F)(F)C(F)(F)C(F)(F)C(F)(F)C(F)(F)C(F)(F)C(F)(F)C(F)(F)C(F)(F)C(F)(F)C(F)(F)C(F)(F)C(F)(F)C(F)(F)F)OCCC(F)(F)C(F)(F)C(F)(F)C(F)(F)C(F)(F)C(F)(F)C(F)(F)C(F)(F)C(F)(F)C(F)(F)C(F)(F)C(F)(F)C(F)(F)C(F)(F)C(F)(F)C(F)(F)F"
"DTXSID40881118","93894-56-5","-","-","-",NA
"DTXSID40881138","94158-66-4","QAXVXGRPJJMLJF-UHFFFAOYSA-N","C15H5F25O","675.99412028","FC(F)(F)C(F)(F)C(F)(F)C(F)(F)C(F)(F)C(F)(F)C(F)(F)C(F)(F)C(F)(F)C(F)(F)C(F)(F)C(F)(F)CC1CO1"
"DTXSID40881158","94159-85-0","SONGXJCUEWDGMO-UHFFFAOYSA-N","C13H10F17NO","519.04909368","OC(CN1CC1)CC(F)(F)C(F)(F)C(F)(F)C(F)(F)C(F)(F)C(F)(F)C(F)(F)C(F)(F)F"
"DTXSID40881173","94200-46-1","OSCAVMVVXPBMJU-UHFFFAOYSA-N","C13H14F21N2O5P","708.030500798","O=P([O-])([O-])OCC(O)CC(F)(F)C(F)(F)C(F)(F)C(F)(F)C(F)(F)C(F)(F)C(F)(F)C(F)(F)C(F)(F)C(F)(F)F.[NH4+].[NH4+]"
"DTXSID40881193","94291-77-7","KWXNYGDGJKISHD-UHFFFAOYSA-N","C26H20F38NO6P","1195.04214635","O=P([O-])(OCCC(F)(F)C(F)(F)C(F)(F)C(F)(F)C(F)(F)C(F)(F)C(F)(C(F)(F)F)C(F)(F)F)OCCC(F)(F)C(F)(F)C(F)(F)C(F)(F)C(F)(F)C(F)(F)C(F)(C(F)(F)F)C(F)(F)F.OCC[NH2+]CCO"
"DTXSID40881234","73353-26-1","GCGAKPKICKLLED-UHFFFAOYSA-N","C17H19F19N2O","628.119399408","CN(C)CCCNCC(O)CC(F)(F)C(F)(F)C(F)(F)C(F)(F)C(F)(F)C(F)(F)C(F)(C(F)(F)F)C(F)(F)F"
"DTXSID40881279","68891-96-3","RAEFMHKBYRJGSN-UHFFFAOYSA-H","C20H32Cl4Cr2F17NO9S","1028.909054",NA
"DTXSID40881294","85995-91-1","-","-","-",NA
"DTXSID40881299","90480-50-5","-","-","-",NA
"DTXSID40881310","66551-19-7","HDODIINOHBMAOQ-UHFFFAOYSA-N","C26H20F34N2O8S2","1198.01181708","CCCN(CC(=O)O)S(=O)(=O)C(F)(F)C(F)(F)C(F)(F)C(F)(F)C(F)(F)C(F)(F)C(F)(F)C(F)(F)F.CCCN(CC(=O)O)S(=O)(=O)C(F)(F)C(F)(F)C(F)(F)C(F)(F)C(F)(F)C(F)(F)C(F)(F)C(F)(F)F"
"DTXSID40881315","64910-98-1","CJGYUIJKVJLYKU-UHFFFAOYSA-N","C16H5F19O4S","653.96051582","O=S(=O)(O)c1ccc(OC(F)(F)C(F)(F)C(F)(F)C(F)(F)C(F)(F)C(F)(F)C(F)(F)C(F)(F)C(F)=C(F)F)cc1"
"DTXSID40881330","93830-92-3","ZCMKVKJEDNRBMG-UHFFFAOYSA-N","C6F12O","315.97575326","O=C(C(F)(F)F)C(F)(C(F)(F)F)C(F)(F)C(F)(F)F"
"DTXSID40881335","116265-66-8","DFGLLDMCDAKADU-UHFFFAOYSA-N","C17F30","773.9520966","FC1(F)C(F)(F)C(F)(F)C(F)(C(F)(F)C2(F)C(F)(F)C(F)(F)C3(F)C(F)(F)C(F)(F)C(F)(F)C(F)(F)C3(F)C2(F)F)C(F)(F)C1(F)F"
"DTXSID40881350","919005-14-4","AFDRCEOKCOUICI-UHFFFAOYSA-N","C7H2F12O4","377.976147184","O=C(O)C(F)(F)C(F)OC(F)(F)C(F)(F)C(F)(F)OC(F)(F)F"
"DTXSID40881355","51619-73-9","PYEYQMPFVPJZMR-UHFFFAOYSA-N","C11H12F13NO3S","485.033031104","CN(CCO)S(=O)(=O)CCC(F)(F)C(F)(F)C(F)(F)C(F)(F)C(F)(F)C(F)(F)F"
"DTXSID40881830","80391-99-7","-","-","-",NA
"DTXSID40881835","71608-63-4","-","-","-",NA
"DTXSID40881850","220689-12-3","GNGSGTMPCKIWJL-UHFFFAOYSA-M","C20H37F9O3PS","559.2057317",NA
"DTXSID40881855","65530-83-8","-","-","-",NA
"DTXSID40881870","178094-75-2","-","-","-",NA
"DTXSID40881875","144317-44-2","-","-","-",NA
"DTXSID40881890","98561-39-8","-","-","-",NA
"DTXSID40881895","71002-40-9","-","-","-",NA
"DTXSID40881911","115340-95-9","-","-","-",NA
"DTXSID40881916","100294-72-2","-","-","-",NA
"DTXSID40881931","178535-23-4","-","-","-",NA
"DTXSID40881936","391895-07-1","-","-","-",NA
"DTXSID40881951","32802-40-7","-","-","-",NA
"DTXSID40881956","160476-36-8","-","-","-",NA
"DTXSID40881971","172074-63-4","-","-","-",NA
"DTXSID40881976","65530-67-8","-","-","-",NA
"DTXSID40881991","160709-28-4","-","-","-",NA
"DTXSID40881996","68390-32-9","-","-","-",NA
"DTXSID40882009","172074-62-3","-","-","-",NA
"DTXSID40882024","341973-50-0","-","-","-",NA
"DTXSID40882029","96231-87-7","-","-","-",NA
"DTXSID40882564","321371-84-0","-","-","-",NA
"DTXSID40882569","119973-84-1","-","-","-",NA
"DTXSID40882584","68568-77-4","-","-","-",NA
"DTXSID40882589","501098-09-5","-","-","-",NA
"DTXSID40882600","70900-40-2","-","-","-",NA
"DTXSID40882605","149935-00-2","-","-","-",NA
"DTXSID40882620","235775-84-5","-","-","-",NA
"DTXSID40882625","112328-98-0","-","-","-",NA
"DTXSID40882640","330678-54-1","-","-","-",NA
"DTXSID40882660","509072-42-8","-","-","-",NA
"DTXSID40882665","370100-90-6","-","-","-",NA
"DTXSID40882680","125128-66-7","-","-","-",NA
"DTXSID40882685","98999-57-6","-","-","-",NA
"DTXSID40882701","154965-63-6","-","-","-",NA
"DTXSID40882721","114502-89-5","-","-","-",NA
"DTXSID40882726","1264198-78-8","-","-","-",NA
"DTXSID40882741","1801869-89-5","-","-","-",NA
"DTXSID40882746","113150-11-1","-","-","-",NA
"DTXSID40882761","65530-58-7","-","-","-",NA
"DTXSID40882766","350672-20-7","-","-","-",NA
"DTXSID40882781","221455-61-4","-","-","-",NA
"DTXSID40882802","160901-26-8","-","-","-",NA
"DTXSID40882807","220459-70-1","-","-","-",NA
"DTXSID40882822","790697-52-8","-","-","-",NA
"DTXSID40882827","438237-77-5","-","-","-",NA
"DTXSID40882842","69068-23-1","-","-","-",NA
"DTXSID40882847","348137-34-8","-","-","-",NA
"DTXSID40882862","253682-96-1","-","-","-",NA
"DTXSID40882867","871558-71-3","-","-","-",NA
"DTXSID40882882","71550-16-8","-","-","-",NA
"DTXSID40882887","163336-49-0","-","-","-",NA
"DTXSID40882903","503284-73-9","-","-","-",NA
"DTXSID40882908","170424-64-3","-","-","-",NA
"DTXSID40882923","253682-98-3","-","-","-",NA
"DTXSID40882928","349660-50-0","-","-","-",NA
"DTXSID40882948","1163733-25-2","-","-","-",NA
"DTXSID40882963","160336-10-7","-","-","-",NA
"DTXSID40882988","151686-30-5","-","-","-",NA
"DTXSID40883011","283164-62-5","-","-","-",NA
"DTXSID40883016","332350-90-0","-","-","-",NA
"DTXSID40883031","90146-97-7","-","-","-",NA
"DTXSID40883036","145477-02-7","-","-","-",NA
"DTXSID40883051","113656-32-9","-","-","-",NA
"DTXSID40883056","65530-57-6","-","-","-",NA
"DTXSID40883071","238420-80-9","-","-","-",NA
"DTXSID40883076","144468-31-5","-","-","-",NA
"DTXSID40883819","2250-98-8","IIDCKPVDJNZQHD-UHFFFAOYSA-N","C36H27F51N3O10PS3","1756.978182914","CCN(CCOP(=O)(OCCN(CC)S(=O)(=O)C(F)(F)C(F)(F)C(F)(F)C(F)(F)C(F)(F)C(F)(F)C(F)(F)C(F)(F)F)OCCN(CC)S(=O)(=O)C(F)(F)C(F)(F)C(F)(F)C(F)(F)C(F)(F)C(F)(F)C(F)(F)C(F)(F)F)S(=O)(=O)C(F)(F)C(F)(F)C(F)(F)C(F)(F)C(F)(F)C(F)(F)C(F)(F)C(F)(F)F"
"DTXSID40891136","1807944-82-6","LSLFIFGVAIGMMD-UHFFFAOYSA-L","C16H8BaF26O6S2","991.839960896","O=S(=O)([O-])CCC(F)(F)C(F)(F)C(F)(F)C(F)(F)C(F)(F)C(F)(F)F.O=S(=O)([O-])CCC(F)(F)C(F)(F)C(F)(F)C(F)(F)C(F)(F)C(F)(F)F.[Ba+2]"
"DTXSID40892325","53826-13-4","IKHNVATUHWDNGI-UHFFFAOYSA-N","C12H3F21O2","577.979771956","O=C(O)CC(F)(F)C(F)(F)C(F)(F)C(F)(F)C(F)(F)C(F)(F)C(F)(F)C(F)(F)C(F)(F)C(F)(F)F"
"DTXSID40892486","45285-51-6","SNGREZUHAYWORS-UHFFFAOYSA-M","C8F15O2","412.96587754","O=C([O-])C(F)(F)C(F)(F)C(F)(F)C(F)(F)C(F)(F)C(F)(F)C(F)(F)F"
"DTXSID40892567","889944-77-8","KDHKNZMUAYFSHV-UHFFFAOYSA-N","C7H3F11O2","327.995739756","O=C(O)CC(F)(F)C(F)(F)C(F)(F)C(F)(F)C(F)(F)F"
"DTXSID40893256","69091-20-9","IEIYQVSGMNXXNU-UHFFFAOYSA-N","C15H16F19N2OS","633.067995312","C[N+](C)(C)CCCNS(=O)C(F)(F)C(F)(F)C(F)(F)C(F)(F)C(F)(F)C(F)(F)C(F)(F)C(F)(F)C(F)(F)F"
"DTXSID40893296","83038-83-9","SKPJMWZILNKFRM-UHFFFAOYSA-N","C11H17F9O2Si","380.085410294","CCOC(OCC)[SiH2]CCC(F)(F)C(F)(F)C(F)(F)C(F)(F)F"
"DTXSID40893317","105416-14-6","FLTAYQUFCBSJOH-UHFFFAOYSA-N","C10H8F15O5P","523.986983286","O=P(O)(O)OCC(O)CC(F)(F)C(F)(F)C(F)(F)C(F)(F)C(F)(C(F)(F)F)C(F)(F)F"
"DTXSID40893337","118945-64-5","UXDVPDNPYSNUIP-UHFFFAOYSA-N","C14F26","661.95848372","FC(F)(F)C(F)(F)C(F)(C(F)(F)F)C1(F)C(F)(F)C(F)(F)C(F)(F)C2(F)C(F)(F)C(F)(F)C(F)(F)C(F)(F)C21F"
"DTXSID40893377","261778-38-5","XRMVBFQAGFWDAX-UHFFFAOYSA-N","C12HF19N2O","549.978548832","O=C(n1nc(C(F)(F)C(F)(F)C(F)(F)C(F)(F)C(F)(F)C(F)(F)F)cc1C(F)(F)F)C(F)(F)F"
"DTXSID40893397","476304-39-9","QOVJCGZTPJHXEB-UHFFFAOYSA-M","C14H10F17LiO2S","572.02900985","CC(CSCCC(F)(F)C(F)(F)C(F)(F)C(F)(F)C(F)(F)C(F)(F)C(F)(F)C(F)(F)F)C(=O)[O-].[Li+]"
"DTXSID40893519","1034681-41-8","CROPQCLMPPCGNC-UHFFFAOYSA-N","C14H13F13O6Si","552.027381526","CC(=O)O[Si](CCC(F)(F)C(F)(F)C(F)(F)C(F)(F)C(F)(F)C(F)(F)F)(OC(C)=O)OC(C)=O"
"DTXSID40893554","170004-70-3","NJPNWBVASFWZAK-UHFFFAOYSA-N","C22H13F34O6P","1049.990684246","O=P(O)(OCC(O)CC(F)(F)C(F)(F)C(F)(F)C(F)(F)C(F)(F)C(F)(F)C(F)(F)C(F)(F)F)OCC(O)CC(F)(F)C(F)(F)C(F)(F)C(F)(F)C(F)(F)C(F)(F)C(F)(F)C(F)(F)F"
"DTXSID40893559","106796-59-2","-","-","-",NA
"DTXSID40895154","355-08-8","LQAPOTKKMIZDGP-UHFFFAOYSA-N","C5H3F7","196.012297636","C=CC(F)(F)C(F)(F)C(F)(F)F"
"DTXSID40895159","1391033-22-9","HGKPBLDBHFVETL-UHFFFAOYSA-N","C7H8BrF7","303.969759896","FC(F)(F)C(F)(F)C(F)(F)CCCCBr"
"DTXSID40895174","755-49-7","ALFSYYNBKXKTJH-UHFFFAOYSA-N","C10H14F7I","394.002845988","CCCCCC(I)CC(F)(F)C(F)(F)C(F)(F)F"
"DTXSID40895179","69125-79-7","XUFPCAMLAPZMPS-UHFFFAOYSA-N","C12H17F9","332.118654524","CCCCCCCCC(F)(F)C(F)(F)C(F)(F)C(F)(F)F"
"DTXSID40895194","1287702-46-8","PYNBFLPZZOMIKE-UHFFFAOYSA-N","C10H11F11","340.068510772","CCCCCC(F)(F)C(F)(F)C(F)(F)C(F)(F)C(F)(F)F"
"DTXSID40895199","1287702-50-4","JNSNOMBEZFGTQM-UHFFFAOYSA-N","C11H13F11","354.084160836","CCCCCCC(F)(F)C(F)(F)C(F)(F)C(F)(F)C(F)(F)F"
"DTXSID40895210","133310-68-6","AFRUDOKTWQGZAU-UHFFFAOYSA-N","C18H29F9","416.212554908","CCCCCCCCCCCCCCC(F)(F)C(F)(F)C(F)(F)C(F)(F)F"
"DTXSID40895215","935553-89-2","XKABHVVVNXLIEE-UHFFFAOYSA-N","C8H3F14I","491.905593176","FC(F)(F)C(F)(F)CC(I)C(F)(F)C(F)(F)C(F)(F)C(F)(F)F"
"DTXSID40895230","182130-12-7","QMHWVMOTZAJPCO-UHFFFAOYSA-N","C12H9F17","476.043280028","CCCCC(F)(F)C(F)(F)C(F)(F)C(F)(F)C(F)(F)C(F)(F)C(F)(F)C(F)(F)F"
"DTXSID40895235","383145-46-8","BPLNYTMJXSFCTM-UHFFFAOYSA-N","C11H13F9","316.087354396","CCCCCC=CC(F)(F)C(F)(F)C(F)(F)C(F)(F)F"
"DTXSID40895250","67899-37-0","JBDBBTPNNYKSQX-OWOJBTEDSA-N","C6F12","299.98083864","F/C(=C(/F)C(F)(F)C(F)(F)C(F)(F)F)C(F)(F)F"
"DTXSID40895255","168169-26-4","VRQXYADBEKKVLC-UHFFFAOYSA-N","C16H20F14","478.13414572","FC(F)(F)C(F)(F)C(F)(F)CCCCCCCCCCC(F)(F)C(F)(F)C(F)(F)F"
"DTXSID40895270","155401-47-1","LDUXQPXCIDUCDA-UHFFFAOYSA-N","C17H22BrF13","552.069729664","FC(F)(F)C(F)(F)C(F)(F)C(F)(F)C(F)(F)C(F)(F)CCCCCCCCCCCBr"
"DTXSID40895275","269394-08-3","RQVWCCCEFXMBKB-UHFFFAOYSA-N","C9H11F9O","306.066618952","CC(C)(O)CCC(F)(F)C(F)(F)C(F)(F)C(F)(F)F"
"DTXSID40895290","541547-94-8","JYADHEPYZFNKON-UHFFFAOYSA-N","C13H6F21I","687.917890812","FC(F)(F)C(F)(F)C(F)(F)C(F)(F)C(F)(F)C(F)(F)C(F)(F)C(F)(F)C(F)(F)C(F)(F)CCCI"
"DTXSID40895295","131851-20-2","RAQFLOSJQUOABH-UHFFFAOYSA-N","C16H23F9","386.165604716","CCCCCCCCCCC=CC(F)(F)C(F)(F)C(F)(F)C(F)(F)F"
"DTXSID40895311","57216-75-8","SWWADTZXHRGDPA-UHFFFAOYSA-N","C11H3F19","495.993136276","C=CC(F)(F)C(F)(F)C(F)(F)C(F)(F)C(F)(F)C(F)(F)C(F)(F)C(F)(F)C(F)(F)F"
"DTXSID40895316","1193009-98-1","SWCPWWJLVFIKKT-UHFFFAOYSA-N","C9H11F9O","306.066618952","CCCOCCC(F)(F)C(F)(F)C(F)(F)C(F)(F)F"
"DTXSID40895331","27854-33-7","AQGBOPDJGMNAKJ-UHFFFAOYSA-N","C8H7F9O2","306.030233444","O=C(O)CCCC(F)(F)C(F)(F)C(F)(F)C(F)(F)F"
"DTXSID40895336","184007-06-5","DAPVOZHBSIXKMY-UHFFFAOYSA-N","C18H20BrF17","638.04769248","FC(F)(F)C(F)(F)C(F)(F)C(F)(F)C(F)(F)C(F)(F)C(F)(F)C(F)(F)CCCCCCCCCCBr"
"DTXSID40895351","214358-54-0","VQQUFCBIFOJLEP-UHFFFAOYSA-N","C12H3Br2F21","703.826616916","FC(F)(F)C(F)(F)C(F)(F)C(F)(F)C(F)(F)C(F)(F)C(F)(F)C(F)(F)C(F)(F)C(F)(F)C(Br)CBr"
"DTXSID40895356","64773-44-0","HYSSZDTUULNWLC-UHFFFAOYSA-N","C8H5F13O","364.01328164","CC(O)C(F)(F)C(F)(F)C(F)(F)C(F)(F)C(F)(F)C(F)(F)F"
"DTXSID40895371","113659-16-8","STDVZKPRYDVFNA-UHFFFAOYSA-N","C24H31F19","680.212237172","CCCCCCCCCCCCCCCC(F)(F)C(F)(F)C(F)(F)C(F)(F)C(F)(F)C(F)(F)C(F)(F)C(F)(F)C(F)(F)F"
"DTXSID40895376","1270180-02-3","PKTJTELNIOJBQE-UHFFFAOYSA-N","C13H3F23","595.986749156","C=CC(F)(F)C(F)(F)C(F)(F)C(F)(F)C(F)(F)C(F)(F)C(F)(F)C(F)(F)C(F)(F)C(F)(F)C(F)(F)F"
"DTXSID40895391","2070-60-2","OUGVLAVHRNOQEV-UHFFFAOYSA-N","C7H7F7O2","256.033427004","COC(=O)CCC(F)(F)C(F)(F)C(F)(F)F"
"DTXSID40895396","355-88-4","JRAGLFPCCTUAAH-UHFFFAOYSA-N","C6H8F7NO","243.049411416","CC(N)C(O)C(F)(F)C(F)(F)C(F)(F)F"
"DTXSID40895412","181214-74-4","FBPBXYQMWDFSOE-UHFFFAOYSA-N","C6H3F11O","300.000825136","COC(F)(F)C(F)(F)C(F)(F)C(F)(F)C(F)(F)F"
"DTXSID40895417","13105-46-9","RPPYLFHZJAFBAV-UHFFFAOYSA-N","C16H14F18I2","801.889754408","FC(F)(F)C(F)(F)C(F)(F)C(F)(F)CC(I)CCCCC(I)CC(F)(F)C(F)(F)C(F)(F)C(F)(F)F"
"DTXSID40895432","93454-73-0","OUASUHCMZXPMCH-UHFFFAOYSA-N","C26H29F25","816.187006428","CCCCCCCCCCCCCCC(F)(F)C(F)(F)C(F)(F)C(F)(F)C(F)(F)C(F)(F)C(F)(F)C(F)(F)C(F)(F)C(F)(F)C(F)(F)C(F)(F)F"
"DTXSID40895437","766529-12-8","LMHKETIJEOERBE-UHFFFAOYSA-N","C30H41F21","800.287293932","CCCCCCCCCCCCCCCCCCCCC(F)(F)C(F)(F)C(F)(F)C(F)(F)C(F)(F)C(F)(F)C(F)(F)C(F)(F)C(F)(F)C(F)(F)F"
"DTXSID40895452","42028-44-4","KNVPMALQUMQUQP-UHFFFAOYSA-N","C11H5F17O","476.00689452","O=CCCC(F)(F)C(F)(F)C(F)(F)C(F)(F)C(F)(F)C(F)(F)C(F)(F)C(F)(F)F"
"DTXSID40895457","66256-52-8","DVQLQARMQAHYFI-UHFFFAOYSA-N","C11F22","549.96487084","FC(F)=C(F)C(F)(F)C(F)(F)C(F)(F)C(F)(F)C(F)(F)C(F)(F)C(F)(F)C(F)(F)C(F)(F)F"
"DTXSID40895472","104564-28-5","TXLLWUJNKSALQH-UHFFFAOYSA-N","C16H3F29","745.977168476","C=CC(F)(F)C(F)(F)C(F)(F)C(F)(F)C(F)(F)C(F)(F)C(F)(F)C(F)(F)C(F)(F)C(F)(F)C(F)(F)C(F)(F)C(F)(F)C(F)(F)F"
"DTXSID40895477","1429188-77-1","PUTFFSRJABOVAD-UHFFFAOYSA-N","C10H5F13","372.01836702","C=CC=CC(C(F)(F)F)(C(F)(F)F)C(F)(F)C(F)(F)C(F)(F)F"
"DTXSID40895492","503564-50-9","FGHHNAZKTIELTK-UHFFFAOYSA-N","C6H6F9O3P","327.991084662","O=P(O)(O)CCC(F)(F)C(F)(F)C(F)(F)C(F)(F)F"
"DTXSID40895497","277332-95-3","RXRYHOSPFTYBRA-UHFFFAOYSA-N","C6H5F7O3","258.01269156","COC(=O)OCC(F)(F)C(F)(F)C(F)(F)F"
"DTXSID40895513","2926-44-5","KEIKDEUYHLTTNF-UHFFFAOYSA-N","C8H9F7O2","270.049077068","CCCC(=O)OCC(F)(F)C(F)(F)C(F)(F)F"
"DTXSID40895518","1244062-15-4","QUYYHUUEEGLAJK-UHFFFAOYSA-N","C22H31F13","542.221817852","CCCCCCCCCCCCCCC=CC(F)(F)C(F)(F)C(F)(F)C(F)(F)C(F)(F)C(F)(F)F"
"DTXSID40895533","69534-12-9","IRFCYNBOXLFPAS-UHFFFAOYSA-N","C8H2F12O","341.991403324","O=CC=C(F)C(F)(F)C(F)(F)C(F)(F)C(F)(F)C(F)(F)F"
"DTXSID40895538","864551-38-2","DFKYJTGKLKVXAB-UHFFFAOYSA-N","C12H3F21O","561.984857336","O=CCC(F)(F)C(F)(F)C(F)(F)C(F)(F)C(F)(F)C(F)(F)C(F)(F)C(F)(F)C(F)(F)C(F)(F)F"
"DTXSID40895553","123445-18-1","VQIWEYGMCDFBSW-UHFFFAOYSA-N","C15H13F21O3Si","668.029863426","CO[Si](CCC(F)(F)C(F)(F)C(F)(F)C(F)(F)C(F)(F)C(F)(F)C(F)(F)C(F)(F)C(F)(F)C(F)(F)F)(OC)OC"
"DTXSID40895558","159241-92-6","ZGUIRKVONJNPDU-UHFFFAOYSA-N","C12H7F9","322.040404204","C=Cc1ccc(C(F)(F)C(F)(F)C(F)(F)C(F)(F)F)cc1"
"DTXSID40895573","97041-10-6","CHTMEBZUIXBKMA-DAXSKMNVSA-N","C13H9F9","336.056054268","FC(F)(F)C(F)(F)C(F)(F)C(F)(F)C/C=C\c1ccccc1"
"DTXSID40895578","648-43-1","SRPBEKWTJQBCPF-UHFFFAOYSA-N","C7H7F7O2","256.033427004","FC(F)(F)C(F)(F)C(F)(F)COCC1CO1"
"DTXSID40895593","425-24-1","JPVACFHILHDRGX-UHFFFAOYSA-N","C8H9F7O2","270.049077068","CC(C)(C)OC(=O)C(F)(F)C(F)(F)C(F)(F)F"
"DTXSID40895598","80705-15-3","WUXJRZYSKWYAEV-UHFFFAOYSA-N","C8H7F9O2","306.030233444","CC(=O)OCCC(F)(F)C(F)(F)C(F)(F)C(F)(F)F"
"DTXSID40895614","1263361-02-9","FGPWDBUGVSWIGE-UHFFFAOYSA-N","C13H11F13NO3P","507.026896702","Cc1ccc(N)cc1.O=P(O)(O)C(F)(F)C(F)(F)C(F)(F)C(F)(F)C(F)(F)C(F)(F)F"
"DTXSID40895619","254095-33-5","AKDASAAPMBNOJM-UHFFFAOYSA-N","C16H15F21O3Si","682.04551349","CCO[Si](OCC)(OCC)C(F)(F)C(F)(F)C(F)(F)C(F)(F)C(F)(F)C(F)(F)C(F)(F)C(F)(F)C(F)(F)C(F)(F)F"
"DTXSID40895634","186599-45-1","CXRUQQUTBBWWQF-UHFFFAOYSA-N","C16H22F17N3Si","607.131153974","CN(C)[Si](CCC(F)(F)C(F)(F)C(F)(F)C(F)(F)C(F)(F)C(F)(F)C(F)(F)C(F)(F)F)(N(C)C)N(C)C"
"DTXSID40895639","142010-49-9","BYGOEEHSQCEGHN-UHFFFAOYSA-N","C9H4F13NO","389.008530608","O=C=NCCC(F)(F)C(F)(F)C(F)(F)C(F)(F)C(F)(F)C(F)(F)F"
"DTXSID40895654","1189052-97-8","VCDRIXYHTRFOBV-UHFFFAOYSA-N","C10H10F13O3P","456.01599767","CCOP(=O)(O)CCC(F)(F)C(F)(F)C(F)(F)C(F)(F)C(F)(F)C(F)(F)F"
"DTXSID40895659","117374-41-1","FGOVBOZQOFWGCX-UHFFFAOYSA-N","C9H7F9O2","318.030233444","C=C(C(=O)OCC)C(F)(F)C(F)(F)C(F)(F)C(F)(F)F"
"DTXSID40895674","210972-74-0","ILEPULLEPPEBPZ-UHFFFAOYSA-N","C16F32O","815.94381766","O=C(F)C(F)(F)C(F)(F)C(F)(F)C(F)(F)C(F)(F)C(F)(F)C(F)(F)C(F)(F)C(F)(F)C(F)(F)C(F)(F)C(F)(F)C(F)(F)C(F)(F)C(F)(F)F"
"DTXSID40895679","464-35-7","ROYKRYNSWXSKBV-UHFFFAOYSA-N","C8H3F11O2","339.995739756","C=COC(=O)C(F)(F)C(F)(F)C(F)(F)C(F)(F)C(F)(F)F"
"DTXSID40895694","63664-52-8","YAKVMKQFSVSQLD-UHFFFAOYSA-N","C8H10F7NO2","285.0599761","CCOC(=O)C(N)CC(F)(F)C(F)(F)C(F)(F)F"
"DTXSID40895699","1816283-37-0","FAFCPUVROCRVGD-UHFFFAOYSA-N","C8H3BrF7N","324.933708736","FC(F)(F)C(F)(F)C(F)(F)c1cc(Br)ccn1"
"DTXSID40895710","70414-12-9","CRZJFNOYZUCWPJ-UHFFFAOYSA-N","C12H6F7N","297.038846732","FC(F)(F)C(F)(F)C(F)(F)c1nccc2ccccc12"
"DTXSID40895715","120219-46-7","SSLBWWFVNPTUPO-UHFFFAOYSA-N","C12H18F7NO","325.127661736","CCCCN(CCCC)C(=O)C(F)(F)C(F)(F)C(F)(F)F"
"DTXSID40895730","384828-83-5","KFFIJCKFHFFBBZ-UHFFFAOYSA-N","C15H14F18O3","584.065552268","OC(COCCC(F)(F)C(F)(F)C(F)(F)C(F)(F)F)COCCC(F)(F)C(F)(F)C(F)(F)C(F)(F)F"
"DTXSID40895735","922168-38-5","NIYMBGWRZNLLKB-UHFFFAOYSA-N","C8F16O2","431.96428076","O=C(OC(C(F)(F)F)(C(F)(F)F)C(F)(F)F)C(F)(F)C(F)(F)C(F)(F)F"
"DTXSID40895750","20120-44-9","DNFFZVPOFBBNHH-UHFFFAOYSA-N","C11H5F15O2","454.0050027","C=CCOC(=O)C(F)(F)C(F)(F)C(F)(F)C(F)(F)C(F)(F)C(F)(F)C(F)(F)F"
"DTXSID40895755","129560-98-1","RSYKFXGHVDVTCH-UHFFFAOYSA-N","C12H9F9O2","356.045883508","Oc1ccc(OCCC(F)(F)C(F)(F)C(F)(F)C(F)(F)F)cc1"
"DTXSID40895917","14670-68-9","MEDOBAHFTUZUFE-UHFFFAOYSA-N","C11H5F9O2","340.01458338","O=C(O)c1ccccc1C(F)(F)C(F)(F)C(F)(F)C(F)(F)F"
"DTXSID40895932","423-88-1","PGADVLUJBVHESU-UHFFFAOYSA-N","C12H3F19O2","539.982965516","C=COC(=O)C(F)(F)C(F)(F)C(F)(F)C(F)(F)C(F)(F)C(F)(F)C(F)(F)C(F)(F)C(F)(F)F"
"DTXSID40895937","117374-32-0","AFQCXIHNDWCQHP-UHFFFAOYSA-N","C14H11F17O2","534.048759332","CC(C)CCOC(=O)C(F)(F)C(F)(F)C(F)(F)C(F)(F)C(F)(F)C(F)(F)C(F)(F)C(F)(F)F"
"DTXSID40895952","1228786-80-8","CMWUIULMDIUGCK-UHFFFAOYSA-N","C11H4BrF9O","401.930180828","O=C(c1ccc(Br)cc1)C(F)(F)C(F)(F)C(F)(F)C(F)(F)F"
"DTXSID40895957","220369-95-9","WROKQQSASYUOAS-UHFFFAOYSA-N","C9H3F15O3","443.984267256","COC(=O)C(F)(OC(F)(F)C(F)(F)C(F)(F)C(F)(F)C(F)(F)F)C(F)(F)F"
"DTXSID40895972","80791-16-8","JEHFODHLGGKHGC-UHFFFAOYSA-N","C12H3F17S","501.968400836","FC(F)(F)C(F)(F)C(F)(F)C(F)(F)C(F)(F)C(F)(F)C(F)(F)C(F)(F)c1cccs1"
"DTXSID40895977","31181-32-5","KTWWOKUHHOQWQT-UHFFFAOYSA-N","C13H6F7NO","325.033761352","O=Cc1nccc2c(C(F)(F)C(F)(F)C(F)(F)F)cccc12"
"DTXSID40895992","347361-45-9","PFZDTHHLJUIBOD-UHFFFAOYSA-N","C10H7F9O2","330.030233444","O=C1CCCC1C(=O)C(F)(F)C(F)(F)C(F)(F)C(F)(F)F"
"DTXSID40895997","90403-88-6","UQZCRDOKLCDJNE-UHFFFAOYSA-N","C13H10F17NO","519.04909368","CCN(CC)C(=O)C(F)(F)C(F)(F)C(F)(F)C(F)(F)C(F)(F)C(F)(F)C(F)(F)C(F)(F)F"
"DTXSID40896000","515163-04-9","NAAZVBWIBHEFHC-UHFFFAOYSA-N","C13H9F7O3","346.043991688","COc1ccc(C(=O)CC(=O)C(F)(F)C(F)(F)C(F)(F)F)cc1"
"DTXSID40896005","31430-72-5","MXDLFIUWYJPRPF-UHFFFAOYSA-N","C14H9F14O3P","522.006575858","O=P(OCC(F)(F)C(F)(F)C(F)(F)F)(OCC(F)(F)C(F)(F)C(F)(F)F)c1ccccc1"
"DTXSID40896020","19108-37-3","NQVADSQEXHQDON-UHFFFAOYSA-N","C10F12O","363.97575326","O=C(c1c(F)c(F)c(F)c(F)c1F)C(F)(F)C(F)(F)C(F)(F)F"
"DTXSID40896025","77970-73-1","WSLOVKUTYAQMOA-UHFFFAOYSA-N","C13H12F7NO","331.080711544","O=C(NCCCc1ccccc1)C(F)(F)C(F)(F)C(F)(F)F"
"DTXSID40896040","93131-73-8","LVSCDTZNQBYJIP-UHFFFAOYSA-N","C11H7F9O3S","389.997219064","Cc1ccc(OS(=O)(=O)C(F)(F)C(F)(F)C(F)(F)C(F)(F)F)cc1"
"DTXSID40896045","135587-17-6","AENHPCRNEPBZQL-UHFFFAOYSA-N","C16H15F17INO3Si","746.95944761","FC(F)(F)C(F)(F)C(F)(F)C(F)(F)C(F)(F)C(F)(F)C(F)(F)C(F)(F)CC(I)[Si]12OCCN(CCO1)CCO2"
"DTXSID40896060","122590-97-0","TUKGKGYCBQOMNC-UHFFFAOYSA-N","C11H6F9NO","339.030567792","O=C(Nc1ccccc1)C(F)(F)C(F)(F)C(F)(F)C(F)(F)F"
"DTXSID40896065","425-20-7","MKGSIZTXMDXSMT-UHFFFAOYSA-N","C8H8F7NO2","283.044326036","O=C(N1CCOCC1)C(F)(F)C(F)(F)C(F)(F)F"
"DTXSID40896080","88435-34-1","NWRFHCJHNATFMI-UHFFFAOYSA-N","C8H8F7NO3","299.039240656","CCOC(=O)CNC(=O)C(F)(F)C(F)(F)C(F)(F)F"
"DTXSID40896085","1069085-51-3","QTZAKXBSUHSCJY-UHFFFAOYSA-N","C13H11F7N2","328.081045892","FC(F)(F)C(F)(F)C(F)(F)C1=NCCN1Cc1ccccc1"
"DTXSID40896101","123528-68-7","XSJGLPXVMJDYCC-UHFFFAOYSA-N","C14H8F13N3","465.051064116","N=C(NC(=N)C(F)(F)C(F)(F)C(F)(F)C(F)(F)C(F)(F)C(F)(F)F)c1ccccc1"
"DTXSID40896106","1622133-36-1","ACRSFVDYBBDIBA-UHFFFAOYSA-N","C13H8F9N","349.051303236","Cc1c(C(F)(F)C(F)(F)C(F)(F)C(F)(F)F)[nH]c2ccccc12"
"DTXSID40896121","873838-37-0","QYJKOHQHCLZHIT-UHFFFAOYSA-N","C11H4F9NO3S","400.976817968","N#Cc1ccccc1OS(=O)(=O)C(F)(F)C(F)(F)C(F)(F)C(F)(F)F"
"DTXSID40896126","714975-29-8","PZMFLPZXSPNZAW-UHFFFAOYSA-N","C6H4F7N3O","267.024259288","CNc1nnc(C(F)(F)C(F)(F)C(F)(F)F)o1"
"DTXSID40896141","149652-30-2","OYNKCDZLXSAORO-UHFFFAOYSA-N","C12H4F14O2S","477.970845448","O=S(=O)(c1ccc(F)cc1)C(F)(F)C(F)(F)C(F)(F)C(F)(F)C(F)(F)C(F)(F)F"
"DTXSID40896146","121806-68-6","PIYDRDJYWQFHPU-UHFFFAOYSA-N","C10H4Cl2F7NO","356.955816648","O=C(Nc1cccc(Cl)c1Cl)C(F)(F)C(F)(F)C(F)(F)F"
"DTXSID40896161","60839-98-7","NKCOPEDKDHSSGH-UHFFFAOYSA-N","C10HF12NO","378.986652292","O=C(Nc1c(F)c(F)c(F)c(F)c1F)C(F)(F)C(F)(F)C(F)(F)F"
"DTXSID40896166","41605-60-1","QXNCMHKRMJEHRR-UHFFFAOYSA-N","C13H6F9NO3S","426.992468032","O=S(=O)(Oc1cccc2cccnc12)C(F)(F)C(F)(F)C(F)(F)C(F)(F)F"
"DTXSID40896181","1637311-39-7","SPMIFTWZBPRYPL-UHFFFAOYSA-N","C29H43F13O2SSi2","758.231471536","CC[Si](CC)(CC)Oc1ccc(CCCSCCC(F)(F)C(F)(F)C(F)(F)C(F)(F)C(F)(F)C(F)(F)F)cc1O[Si](CC)(CC)CC"
"DTXSID40896186","1428569-15-6","GJBXBDJDLLPLPD-UHFFFAOYSA-N","C10H9F7N2O2","322.055225068","CCOC(=O)Cc1cc(C(F)(F)C(F)(F)C(F)(F)F)[nH]n1"
"DTXSID40896202","146304-61-2","PZNFGRVUCIGGHF-UHFFFAOYSA-N","C14H8F13N3O","481.045978736","N=C(NOC(=N)C(F)(F)C(F)(F)C(F)(F)C(F)(F)C(F)(F)C(F)(F)F)c1ccccc1"
"DTXSID40896207","41131-07-1","PMXQNJWJEZRAQI-UHFFFAOYSA-N","C13H8F7NOS","359.021482416","CN1C(=CC(=O)C(F)(F)C(F)(F)C(F)(F)F)Sc2ccccc21"
"DTXSID40896222","505063-74-1","STKRDLVYJCQWDA-UHFFFAOYSA-N","C14H11F7N2O","356.075960512","Cc1cc2c(cc1C)NC(=O)CC(C(F)(F)C(F)(F)C(F)(F)F)=N2"
"DTXSID40896227","853929-03-0","QKLWGHXFCGPZDZ-UHFFFAOYSA-N","C19H14F17NO5","659.060052288","COc1cc(CO)c([N+](=O)[O-])cc1OCCCC(F)(F)C(F)(F)C(F)(F)C(F)(F)C(F)(F)C(F)(F)C(F)(F)C(F)(F)F"
"DTXSID40896242","1799-52-6","SHNODLVFILNWJR-UHFFFAOYSA-N","C11H7F7N2O4","364.029404244","COc1ccc(NC(=O)C(F)(F)C(F)(F)C(F)(F)F)c([N+](=O)[O-])c1"
"DTXSID40896247","62315-22-4","QGQYNMIUCCLFAD-UHFFFAOYSA-N","C16H10ClF9N2O2","468.02870922","Cl.O=C(Nc1ccc(OC(F)(F)C(F)(F)C(F)(F)C(F)(F)F)cc1)c1cccnc1"
"DTXSID40896262","75988-12-4","YJYBQFZUOVGCIU-UHFFFAOYSA-N","C17H16F9NO4S","501.065632972","CCOC(=O)C(=Cc1ccc(N(C)C)cc1)S(=O)(=O)C(F)(F)C(F)(F)C(F)(F)C(F)(F)F"
"DTXSID40896267","320599-24-4","IIGNRGIDQZSRJU-UHFFFAOYSA-N","C12H9F9N2O5S2","495.980917368","CC(=O)NS(=O)(=O)c1ccc(NS(=O)(=O)C(F)(F)C(F)(F)C(F)(F)C(F)(F)F)cc1"
"DTXSID40896282","253605-71-9","WWFIKWYKKMDAQB-UHFFFAOYSA-N","C19H6F9N3O9","590.996032752","O=C(OCC(F)(F)C(F)(F)C(F)(F)C(F)(F)F)c1cc([N+](=O)[O-])cc2c1-c1c(cc([N+](=O)[O-])cc1[N+](=O)[O-])C2=O"
"DTXSID40896287","359875-73-3","VADLDXMTZVOQGZ-UHFFFAOYSA-N","C25H20F18O7","774.09216094","CCOC(=O)C1C(c2ccccc2)C(C(=O)OCC)C(O)(C(F)(F)C(F)(F)C(F)(F)C(F)(F)F)OC1(O)C(F)(F)C(F)(F)C(F)(F)C(F)(F)F"
"DTXSID40896303","782390-93-6","FJFBVHSVQZDLKQ-UHFFFAOYSA-N","C5H3F9O","250.004018696","OCC(F)(F)C(F)(C(F)(F)F)C(F)(F)F"
"DTXSID40896308","83706-95-0","LJGTZTYTTFGFAE-OWOJBTEDSA-N","C6H5F7O","226.02286232","OC/C=C/C(F)(C(F)(F)F)C(F)(F)F"
"DTXSID40896323","2396-16-9","UWHVLQHZORUMIA-UHFFFAOYSA-N","C9H6F7N","261.038846732","Nc1cccc(C(F)(C(F)(F)F)C(F)(F)F)c1"
"DTXSID40896328","58621-71-9","WUOLIJJSAIZFOF-UPHRSURJSA-N","C8F16","399.97445152","F/C(=C(\C(F)(F)C(F)(F)F)C(F)(C(F)(F)F)C(F)(F)F)C(F)(F)F"
"DTXSID40896343","353272-59-0","HBRUVQJOQUCHMD-UHFFFAOYSA-N","C9H2BrCl2F7","391.860515064","FC(F)(F)C(F)(c1cc(Cl)c(Br)c(Cl)c1)C(F)(F)F"
"DTXSID40896348","51114-06-8","UHKOUSSBPLTBCB-UHFFFAOYSA-N","C11H7F7O2","304.033427004","COC(=O)c1ccc(C(F)(C(F)(F)F)C(F)(F)F)cc1"
"DTXSID40896363","929211-36-9","KRNBLOPHIZILFL-UHFFFAOYSA-N","C9H3F7N2","272.018445636","N#Cc1ccnc(C(F)(C(F)(F)F)C(F)(F)F)c1"
"DTXSID40896368","1207315-39-6","WDSUIXLBAVGUFE-UHFFFAOYSA-N","C10H4F10IN","454.922879328","Nc1c(I)cc(C(F)(C(F)(F)F)C(F)(F)F)cc1C(F)(F)F"
"DTXSID40896383","20017-50-9","AIMRZXIGISGIMY-UHFFFAOYSA-N","C9F11NO2","362.97533866","O=[N+]([O-])c1c(F)c(F)c(C(F)(C(F)(F)F)C(F)(F)F)c(F)c1F"
"DTXSID40896388","1346175-94-7","HPDVSLLEEOBGCU-UHFFFAOYSA-N","C12H10F14O4S2","547.97969588","O=S1(=O)C(CCC(F)(C(F)(F)F)C(F)(F)F)S(=O)(=O)C1CCC(F)(C(F)(F)F)C(F)(F)F"
"DTXSID40896404","1355554-14-1","DMUDOWYIYPORNE-UHFFFAOYSA-N","C15H15F7O2S","392.06809826","CCC(C)Sc1c(C(F)(C(F)(F)F)C(F)(F)F)ccc(C(=O)O)c1C"
"DTXSID40896409","1355554-81-2","ISKZCAFAIREMLK-UHFFFAOYSA-N","C16H17F7O2S","406.083748324","CCc1c(C(=O)O)ccc(C(F)(C(F)(F)F)C(F)(F)F)c1SC(C)(C)C"
"DTXSID40896424","1355554-94-7","QPHRSUKAALEXCT-UHFFFAOYSA-N","C15H15F7O3S","408.06301288","CCc1c(C(=O)O)ccc(C(F)(C(F)(F)F)C(F)(F)F)c1S(=O)C(C)C"
"DTXSID40896429","1355554-32-3","NPKUTOKUMQVOQM-UHFFFAOYSA-N","C15H15F7O3S","408.06301288","Cc1c(C(=O)O)ccc(C(F)(C(F)(F)F)C(F)(F)F)c1S(=O)CC(C)C"
"DTXSID40896444","1419865-31-8","CMFLJSVAFTYJOM-UHFFFAOYSA-N","C11F12O2","391.97066788","O=C1OC(F)(C(F)(C(F)(F)F)C(F)(F)F)c2c(F)c(F)c(F)c(F)c21"
"DTXSID40896449","1355555-19-9","JODFZVVSUNPHKW-UHFFFAOYSA-N","C16H17F7O4S","438.073577564","CCCCS(=O)(=O)c1c(C(F)(C(F)(F)F)C(F)(F)F)ccc(C(=O)O)c1CC"
"DTXSID40896464","862130-91-4","PMNBKZXXUDKPHG-UHFFFAOYSA-N","C25H17ClF7N3O4","591.079581244","Cc1cc(C(F)(C(F)(F)F)C(F)(F)F)cc(C)c1NC(=O)c1cccc(NC(=O)c2ccc(Cl)cc2[N+](=O)[O-])c1"
"DTXSID40896469","862133-18-4","WCNBXBMCGOSLAT-UHFFFAOYSA-N","C25H16ClF8N3O4","609.070159432","Cc1cc(C(F)(C(F)(F)F)C(F)(F)F)cc(C)c1NC(=O)c1cccc(NC(=O)c2ccc(Cl)cc2[N+](=O)[O-])c1F"
"DTXSID40896484","709620-35-9","AQKWQSJDJXDALR-UHFFFAOYSA-N","C13H6F18O4","567.997866632","C=CC1CC(F)(F)C1(F)OC(F)(F)C(F)(F)OC(F)(F)C(F)(F)OC(F)(F)C(F)(F)OC(F)(F)F"
"DTXSID40896489","159752-92-8","DXCBQWWXMZTQFK-UHFFFAOYSA-N","C8F10O","301.97894682","Fc1c(F)c(F)c(OC(F)(F)C(F)(F)F)c(F)c1F"
"DTXSID40896500","14620-81-6","IVWMVBZXKIOILW-UHFFFAOYSA-N","C12H3F23O4","647.966407636","OCC(F)(OC(F)(F)C(F)(OC(F)(F)C(F)(OC(F)(F)C(F)(F)C(F)(F)F)C(F)(F)F)C(F)(F)F)C(F)(F)F"
"DTXSID40896505","340034-67-5","QADFBNKJQJPIGV-UHFFFAOYSA-N","C9H7F11O4","388.016869124","COCCOC(=O)C(F)(OC(F)(F)C(F)(F)C(F)(F)F)C(F)(F)F"
"DTXSID40896520","330154-39-7","TYVNTBOMXDFSAY-UHFFFAOYSA-N","C13H9F17O4","552.022938508","CCC(C)OC(=O)C(F)(OC(F)(F)C(F)(OC(F)(F)C(F)(F)C(F)(F)F)C(F)(F)F)C(F)(F)F"
"DTXSID40896525","129051-93-0","LLNVBLQWKUBBSO-UHFFFAOYSA-N","C13H8F10O2","386.036461696","C=Cc1cccc(OC(F)(F)C(F)OC(F)(F)C(F)(F)C(F)(F)F)c1"
"DTXSID40896540","140229-81-8","DWLOORGSOPGRDQ-UHFFFAOYSA-N","C16H7F17O4","586.007288444","O=C(OCc1ccccc1)C(F)(OC(F)(F)C(F)(OC(F)(F)C(F)(F)C(F)(F)F)C(F)(F)F)C(F)(F)F"
"DTXSID40896545","137506-19-5","LENQWYBQXKARDJ-UHFFFAOYSA-N","C11H6F17NO4","539.002537412","O=C(NCCO)C(F)(OC(F)(F)C(F)(OC(F)(F)C(F)(F)C(F)(F)F)C(F)(F)F)C(F)(F)F"
"DTXSID40896560","133384-08-4","RWWWNJUOBCWSJO-UHFFFAOYSA-N","C17H15F11N4O","500.10702152","FC(F)(F)C(F)(OC(F)(F)C(F)(F)C(F)(F)F)C(N1CCCCC1)n1nnc2ccccc21"
"DTXSID40896565","57024-21-2","GBEZENOMWXBFSZ-UHFFFAOYSA-N","C10H5F7O2","290.01777694","O=C(OC(F)(C(F)(F)F)C(F)(F)F)c1ccccc1"
"DTXSID40896580","1882109-70-7","UYKWRMHTULSOPZ-UHFFFAOYSA-N","C8HF15O2","413.973702572","O=C(O)C(C(F)(F)F)(C(F)(F)F)C(F)(F)C(F)(C(F)(F)F)C(F)(F)F"
"DTXSID40896585","1882109-75-2","ZOUAOKCYZHRSAC-UHFFFAOYSA-N","C8HF15O2","413.973702572","O=C(O)C(F)(F)C(F)(C(F)(F)F)C(C(F)(F)F)(C(F)(F)F)C(F)(F)F"
"DTXSID40896601","1192593-79-5","UDFRHYDOIIBODA-UHFFFAOYSA-N","C8HF15O2","413.973702572","O=C(O)C(F)(F)C(F)(F)C(C(F)(F)F)(C(F)(F)F)C(F)(F)C(F)(F)F"
"DTXSID40896606","101061-05-6","ZYEKBRZVGPYUIW-UHFFFAOYSA-N","C9H5F11O2","354.01138982","C=C(C)C(=O)OC(C(F)(F)F)(C(F)(F)F)C(F)(F)C(F)(F)F"
"DTXSID40896621","61098-00-8","RBZLEAJAUHBDRO-UHFFFAOYSA-N","C16F34O4","901.92536796","FC(F)(F)C(F)(F)C(F)(F)OC(F)(C(F)(F)F)C(F)(F)OC(F)(C(F)(F)F)C(F)(OC(F)(F)C(F)(OC(F)(F)C(F)(F)C(F)(F)F)C(F)(F)F)C(F)(F)F"
"DTXSID40896626","3109-94-2","IABQBQMLCJSMAR-UHFFFAOYSA-M","C6F11KO2","351.93597134","O=C([O-])C(F)(F)C(F)(F)C(F)(F)C(F)(F)C(F)(F)F.[K+]"
"DTXSID40896641","94492-37-2","UKHHAWKJZOAOFX-UHFFFAOYSA-M","C13H16F13N2NaO3S","550.057174512","CN(CCCNC(F)(F)C(F)(F)C(F)(F)C(F)(F)C(F)(F)C(F)(F)F)CCCS(=O)(=O)[O-].[Na+]"
"DTXSID40896646","67963-75-1","BKXMWPWFFZIYID-UHFFFAOYSA-M","C6F11NaO3","351.95694856","O=C([O-])C(F)(OC(F)(F)C(F)(F)C(F)(F)F)C(F)(F)F.[Na+]"
"DTXSID40896661","168332-72-7","XBCWZRARCMLNAN-UPHRSURJSA-N","C6HF11","281.990260452","F/C=C(\F)C(F)(F)C(F)(F)C(F)(F)C(F)(F)F"
"DTXSID40896666","35709-14-9","NIJFGUAYRFPTBD-OWOJBTEDSA-N","C8H2F14","363.993295144","FC(F)(F)C(F)(F)C(F)(F)/C=C/C(F)(F)C(F)(F)C(F)(F)F"
"DTXSID40896681","424-32-8","AYDXKPOYEKGWOI-UHFFFAOYSA-N","C5F11N","282.98550942","FC(F)=NC(F)(F)C(F)(F)C(F)(F)C(F)(F)F"
"DTXSID40896686","35709-15-0","CQYGHSAZXARHMT-OWOJBTEDSA-N","C16H2F30","763.967746664","FC(F)(F)C(F)(F)C(F)(F)C(F)(F)C(F)(F)C(F)(F)C(F)(F)/C=C/C(F)(F)C(F)(F)C(F)(F)C(F)(F)C(F)(F)C(F)(F)C(F)(F)F"
"DTXSID40896702","61726-43-0","XEYTXSGNJOYNKO-UHFFFAOYSA-N","C12H10F17O3P","556.00961055","COP(=O)(CCC(F)(F)C(F)(F)C(F)(F)C(F)(F)C(F)(F)C(F)(F)C(F)(F)C(F)(F)F)OC"
"DTXSID40896707","70609-44-8","KJVRYSHRRDRBEW-UHFFFAOYSA-M","C12F26NaO2P","723.91184387","O=P([O-])(C(F)(F)C(F)(F)C(F)(F)C(F)(F)C(F)(F)C(F)(F)F)C(F)(F)C(F)(F)C(F)(F)C(F)(F)C(F)(F)C(F)(F)F.[Na+]"
"DTXSID40896722","182505-69-7","JCQFXEGCFPAWHH-UHFFFAOYSA-N","C13HF27O6S3","861.850412692","O=S(=O)(C(S(=O)(=O)C(F)(F)C(F)(F)C(F)(F)C(F)(F)F)S(=O)(=O)C(F)(F)C(F)(F)C(F)(F)C(F)(F)F)C(F)(F)C(F)(F)C(F)(F)C(F)(F)F"
"DTXSID40896727","174778-60-0","NTJIDKAVRFKSDV-UHFFFAOYSA-N","C11H10BF7N2O3","362.06727012","NCC(=O)Nc1cc(B(O)O)ccc1C(F)(F)C(F)(F)C(F)(F)F"
"DTXSID40896742","134330-92-0","OGUAMXMVIRXTMU-UPHRSURJSA-N","C8F14O","377.9725597","O=C(/C(F)=C(/F)C(F)(C(F)(F)F)C(F)(F)F)C(F)(F)C(F)(F)F"
"DTXSID40896747","903890-42-6","WTRLQPBTOQFOEJ-UHFFFAOYSA-N","C9H15F7O4Si","348.06278303","CO[Si](CCCOC(F)(F)C(F)(F)C(F)(F)F)(OC)OC"
"DTXSID40896762","63967-46-4","ZYHWHNDIVSRFMS-UHFFFAOYSA-N","C9H5F13","360.01836702","CC=CC(F)(F)C(F)(F)C(F)(F)C(F)(F)C(F)(F)C(F)(F)F"
"DTXSID40896828","1980039-46-0","VABACYFDDRVUKV-UHFFFAOYSA-N","C32H24F42","1206.120736008","FC(F)(F)C(F)(F)C(F)(F)C(F)(F)C(F)(F)C(F)(F)C(F)(F)C(F)(F)C(F)(F)C(F)(F)CCCCCCCCCCCCC(F)(F)C(F)(F)C(F)(F)C(F)(F)C(F)(F)C(F)(F)C(F)(F)C(F)(F)C(F)(F)C(F)(F)F"
"DTXSID40896969","118360-70-6","IFTFLFHPMVCOJW-UHFFFAOYSA-N","C20H22BaF14O4","730.034701464","CC(C)(C)C(=O)CC(=O)C(F)(F)C(F)(F)C(F)(F)F.CC(C)(C)C(=O)CC(=O)C(F)(F)C(F)(F)C(F)(F)F.[Ba+2]"
"DTXSID40897012","159355-62-1","YYGDMWPVPDWMPY-UHFFFAOYSA-N","C8H6F7NO","265.033761352","OC(c1ccc[nH]1)C(F)(F)C(F)(F)C(F)(F)F"
"DTXSID40897017","872672-61-2","IVQODHSYCBTSSC-UHFFFAOYSA-O","C12H12F15N3O4S2","611.002971164","C[NH+]1C=CN(CCC(F)(F)C(F)(F)C(F)(F)C(F)(F)F)C1.O=S(=O)([N-]S(=O)(=O)C(F)(F)F)C(F)(F)F"
"DTXSID40897032","24120-19-2","KTDHXHZTHVKJGC-OWOJBTEDSA-N","C20H10F26O4","808.01639252","O=C(/C=C/C(=O)OCCC(F)(F)C(F)(F)C(F)(F)C(F)(F)C(F)(F)C(F)(F)F)OCCC(F)(F)C(F)(F)C(F)(F)C(F)(F)C(F)(F)C(F)(F)F"
"DTXSID40897052","88435-83-0","GAHLLWWTAWUXEK-UHFFFAOYSA-N","C10H10F7NO5","357.04471996","CCOC(=O)C(CC(=O)O)NC(=O)C(F)(F)C(F)(F)C(F)(F)F"
"DTXSID40897097","143813-70-1","RDGJBZXVLOXHPC-UHFFFAOYSA-N","C8F17NO","448.97084336","FC(F)(F)C(F)(F)C(F)(F)C(F)(F)N1OC1(F)C(F)(F)C(F)(F)C(F)(F)F"
"DTXSID40897299","18323-97-2","WWXLUYSYSVCJRZ-VNGPFPIXSA-K","C30H30F21HoO6","1050.1010284","CC(C)(C)/C([O-])=C/C(=O)C(F)(F)C(F)(F)C(F)(F)F.CC(C)(C)/C([O-])=C/C(=O)C(F)(F)C(F)(F)C(F)(F)F.CC(C)(C)/C([O-])=C/C(=O)C(F)(F)C(F)(F)C(F)(F)F.[Ho+3]"
"DTXSID40897310","93683-27-3","YSEKHPGNLMTZDB-UHFFFAOYSA-N","C9F19","468.96966118","FC(F)(F)C(F)(F)[C](C(F)(C(F)(F)F)C(F)(F)F)C(F)(C(F)(F)F)C(F)(F)F"
"DTXSID40897456","905972-83-0","GEQQFRWTWXLDAV-UHFFFAOYSA-N","C16H25F9N2O3S","496.14421764","CCCCCCCCN1C=C[NH+](C)C1.O=S(=O)([O-])C(F)(F)C(F)(F)C(F)(F)C(F)(F)F"
"DTXSID40897471","862589-19-3","CPDFVKCJQDBKJK-INIZCTEOSA-N","C33H17F34NO","1089.076723644","OC(c1ccc(C(F)(F)C(F)(F)C(F)(F)C(F)(F)C(F)(F)C(F)(F)C(F)(F)C(F)(F)F)cc1)(c1ccc(C(F)(F)C(F)(F)C(F)(F)C(F)(F)C(F)(F)C(F)(F)C(F)(F)C(F)(F)F)cc1)[C@@H]1CCCN1"
"DTXSID40897476","615563-01-4","SXPDQFMOOOYJJG-IMTRHWJASA-N","C35H45F9O4","700.3174139","C[C@]12CC[C@@H]3c4ccc(O)cc4C[C@@H](CCCCCCCCC(CCCC(F)(F)C(F)(F)C(F)(F)C(F)(F)F)C(=O)O)[C@H]3[C@@H]1CCC2=O"
"DTXSID40897491","88022-48-4","ZDDYAQBRMKIGMY-UHFFFAOYSA-N","C6F10O","277.97894682","O=C(F)C(F)=C(F)C(F)(C(F)(F)F)C(F)(F)F"
"DTXSID40897496","240129-40-2","QWJXJQBUJMOZHY-IUXBHNFPSA-N","C27H39F7O2","528.283828028","CC(CCCC(F)(C(F)(F)F)C(F)(F)F)[C@H]1CC[C@H]2[C@@H]3[C@H](O)C=C4C[C@@H](O)CC[C@]4(C)[C@H]3CC[C@]12C"
"DTXSID40897517","417715-98-1","JLYAJKMTSYBUFR-KMZYWPSVNA-N","C44H36F34N2O2","1270.223387872","CC(C)(C)c1cc(C(F)(F)C(F)(F)C(F)(F)C(F)(F)C(F)(F)C(F)(F)C(F)(F)C(F)(F)F)cc(/C=N/C2CCCC[C@H]2/N=C/c2cc(C(F)(F)C(F)(F)C(F)(F)C(F)(F)C(F)(F)C(F)(F)C(F)(F)C(F)(F)F)cc(C(C)(C)C)c2O)c1O"
"DTXSID40897537","29117-08-6","-","-","-",NA
"DTXSID40897552","63225-57-0","AUMNZKQKJQNCMK-UHFFFAOYSA-N","C10H8F17NO4S","560.990258476","O=S(=O)([O-])OCCC(F)(F)C(F)(F)C(F)(F)C(F)(F)C(F)(F)C(F)(F)C(F)(F)C(F)(F)F.[NH4+]"
"DTXSID40897557","115341-00-9","-","-","-",NA
"DTXSID40897572","922147-45-3","-","-","-",NA
"DTXSID40897577","97331-50-5","LKKFNVRPVRAJCV-UHFFFAOYSA-N","C33H42F8N2O4","682.301683584","CCC(C)(C)c1ccc(OCCCCCC(=O)Nc2ccc(NC(=O)C(F)(F)C(F)(F)C(F)C(F)(F)F)c(O)c2)c(C(C)(C)CC)c1"
"DTXSID40897592","65636-35-3","-","-","-",NA
"DTXSID40897597","68298-61-3","-","-","-",NA
"DTXSID40897613","152286-20-9","-","-","-",NA
"DTXSID40897618","162567-75-1","-","-","-",NA
"DTXSID40897633","220713-37-1","-","-","-",NA
"DTXSID40897638","162567-73-9","-","-","-",NA
"DTXSID40897653","161212-21-1","-","-","-",NA
"DTXSID40897658","130667-20-8","-","-","-",NA
"DTXSID40897673","254889-67-3","-","-","-",NA
"DTXSID40897678","162492-22-0","-","-","-",NA
"DTXSID40897693","253683-00-0","-","-","-",NA
"DTXSID40897698","161075-09-8","-","-","-",NA
"DTXSID40897714","28602-51-9","-","-","-",NA
"DTXSID4094297","26591-06-0","-","-","-",NA
"DTXSID4094320","26779-98-6","-","-","-",NA
"DTXSID50100367","68608-13-9","-","-","-",NA
"DTXSID50108080","274918-09-1","-","-","-",NA
"DTXSID50177978","6/07/2342","FJMMRMQACFEXIL-UHFFFAOYSA-N","C10F12","347.98083864","Fc1c(F)c(F)c2c(c1F)C(F)(F)C(F)(F)C(F)(F)C2(F)F"
"DTXSID50179755","25061-59-0","YBVIGZGPYGVIDI-UHFFFAOYSA-M","C14H7F18NO3S","610.985922044","FC(F)(F)C(F)(F)C(F)(F)C(F)(F)C(F)(F)C(F)(F)C(F)(F)C[n+]1ccccc1.O=S(=O)([O-])C(F)(F)F"
"DTXSID50181176","26637-68-3","HWJPHQNEWARZLH-UHFFFAOYSA-N","C8F16","399.97445152","FC(F)(F)C1(C(F)(F)F)C(F)(F)C(F)(F)C(F)(F)C(F)(F)C1(F)F"
"DTXSID50181999","27607-42-7","AFNLZEWJLHEBLO-UHFFFAOYSA-N","C12H10F17NO","507.04909368","OCCNCCC(F)(F)C(F)(F)C(F)(F)C(F)(F)C(F)(F)C(F)(F)C(F)(F)C(F)(F)F"
"DTXSID50182340","2806-16-8","UWUCAMNHDQBYIL-UHFFFAOYSA-M","C10F21KO3S","637.88698916","O=S(=O)([O-])C(F)(F)C(F)(F)C(F)(F)C(F)(F)C(F)(F)C(F)(F)C(F)(F)C(F)(F)C(F)(F)C(F)(F)F.[K+]"
"DTXSID50184723","307-29-9","HZCZXRSVKNFILZ-UHFFFAOYSA-N","C8H4F15N","399.010422428","NCC(F)(F)C(F)(F)C(F)(F)C(F)(F)C(F)(F)C(F)(F)C(F)(F)F"
"DTXSID50184728","307-78-8","YPCSMEGZIYWAAZ-UHFFFAOYSA-N","C10H2F16O4","489.969760064","O=C(O)C(F)(F)C(F)(F)C(F)(F)C(F)(F)C(F)(F)C(F)(F)C(F)(F)C(F)(F)C(=O)O"
"DTXSID50184809","308-26-9","UOKXSSAMUUASQX-UHFFFAOYSA-N","C8H5F9O2","304.01458338","C=CC(=O)OCC(F)(F)C(F)(F)C(F)(F)C(F)(F)F"
"DTXSID50185114","31185-68-9","MEQDZELXTCMMLF-UHFFFAOYSA-N","C10H11F7O3","312.059641752","CCC12COC(C(F)(F)C(F)(F)C(F)(F)F)(OC1)OC2"
"DTXSID50187299","336-61-8","AFGARRAOIQHNDW-UHFFFAOYSA-N","C10H6F7NO","289.033761352","O=C(Nc1ccccc1)C(F)(F)C(F)(F)C(F)(F)F"
"DTXSID50188029","34455-00-0","XYQNMGJZDSSVRP-UHFFFAOYSA-N","C8H10F9NO4S","387.01868278","O=S(=O)(N(CCO)CCO)C(F)(F)C(F)(F)C(F)(F)C(F)(F)F"
"DTXSID50188165","34598-33-9","JZRCRCFPVAXHHQ-UHFFFAOYSA-N","C11H5F17O2","492.00180914","O=C(O)CCC(F)(F)C(F)(F)C(F)(F)C(F)(F)C(F)(F)C(F)(F)C(F)(F)C(F)(F)F"
"DTXSID50188882","354-92-7","COQIQRBKEGPRSG-UHFFFAOYSA-N","C4F10","237.9840322","FC(F)(F)C(F)(C(F)(F)F)C(F)(F)F"
"DTXSID50190546","37043-12-2","WTEXGKUNHMKALI-UHFFFAOYSA-N","C17H22F15NO4Si","617.107858014","CCO[Si](CCCNC(=O)C(F)(F)C(F)(F)C(F)(F)C(F)(F)C(F)(F)C(F)(F)C(F)(F)F)(OCC)OCC"
"DTXSID50191038","376-72-7","VGFKXVSMDOKOJZ-UHFFFAOYSA-N","C5H2F8O2","245.992705064","O=C(O)C(F)(F)C(F)(F)C(F)(F)C(F)F"
"DTXSID50198289","50285-18-2","GEXSLRJJTOFEMA-UHFFFAOYSA-N","C9F20","487.9680644","FC(F)(F)C(F)(F)C(F)(C(F)(C(F)(F)F)C(F)(F)F)C(F)(C(F)(F)F)C(F)(F)F"
"DTXSID50200997","52956-81-7","SFACOKSPHOGYDO-UHFFFAOYSA-N","C16H7F23O2","668.007878524","C=CC(=O)OCCC(F)(F)C(F)(F)C(F)(F)C(F)(F)C(F)(F)C(F)(F)C(F)(F)C(F)(F)C(F)(C(F)(F)F)C(F)(F)F"
"DTXSID50206196","5756-67-2","ITYOBZDILJDFMZ-UHFFFAOYSA-N","C11H5F7N2O","314.02901032","FC(F)(F)C(F)(F)C(F)(F)c1nnc(-c2ccccc2)o1"
"DTXSID50206378","57677-99-3","BRIQAVTVXOWEGR-UHFFFAOYSA-N","C28H9F50O4P","1389.944006398","O=P(O)(OCCC(F)(F)C(F)(F)C(F)(F)C(F)(F)C(F)(F)C(F)(F)C(F)(F)C(F)(F)C(F)(F)C(F)(F)C(F)(F)C(F)(F)F)OCCC(F)(F)C(F)(F)C(F)(F)C(F)(F)C(F)(F)C(F)(F)C(F)(F)C(F)(F)C(F)(F)C(F)(F)C(F)(F)C(F)(F)F"
"DTXSID50218052","678-78-4","XAKMJUAGVWKMOB-UHFFFAOYSA-N","C5F8O2","243.977055","O=C(F)C(F)(F)C(F)(F)C(F)(F)C(=O)F"
"DTXSID50226894","76-21-1","RARQGXBOCXOJPM-UHFFFAOYSA-N","C9H2F16O2","445.979930824","O=C(O)C(F)(F)C(F)(F)C(F)(F)C(F)(F)C(F)(F)C(F)(F)C(F)(F)C(F)F"
"DTXSID50229163","78560-45-9","PISDRBMXQBSCIP-UHFFFAOYSA-N","C8H4Cl3F13Si","479.894026558","FC(F)(F)C(F)(F)C(F)(F)C(F)(F)C(F)(F)C(F)(F)CC[Si](Cl)(Cl)Cl"
"DTXSID50235603","865-71-4","GXSFAIDPYIEIEF-UHFFFAOYSA-N","C6F14","337.97764508","FC(F)(F)C(F)(F)C(F)(C(F)(F)F)C(F)(F)C(F)(F)F"
"DTXSID50238598","915-76-4","KXQUYHRRCVECPV-UHFFFAOYSA-N","C12F21N3","584.97568962","FC(F)(F)C(F)(F)C(F)(F)c1nc(C(F)(F)C(F)(F)C(F)(F)F)nc(C(F)(F)C(F)(F)C(F)(F)F)n1"
"DTXSID50239606","93777-13-0","YVHYEVBMNZJWKJ-UHFFFAOYSA-N","C32H12F58NO4P","1606.957781254","O=P([O-])(OCCC(F)(F)C(F)(F)C(F)(F)C(F)(F)C(F)(F)C(F)(F)C(F)(F)C(F)(F)C(F)(F)C(F)(F)C(F)(F)C(F)(F)C(F)(F)C(F)(F)F)OCCC(F)(F)C(F)(F)C(F)(F)C(F)(F)C(F)(F)C(F)(F)C(F)(F)C(F)(F)C(F)(F)C(F)(F)C(F)(F)C(F)(F)C(F)(F)C(F)(F)F.[NH4+]"
"DTXSID50241204","94237-06-6","YFBVNTASMGOUJT-UHFFFAOYSA-N","C14H22ClF13O2Si3","588.040854074","C[Si](C)(C)O[Si](Cl)(CCC(F)(F)C(F)(F)C(F)(F)C(F)(F)C(F)(F)C(F)(F)F)O[Si](C)(C)C"
"DTXSID50241209","94237-11-3","CPXPPNIUDAIOKT-UHFFFAOYSA-N","C24H27F13O7Si","702.131846594","C=CC(=O)OCC(COC(=O)C=C)(COC(=O)C=C)CO[Si](C)(C)CCC(F)(F)C(F)(F)C(F)(F)C(F)(F)C(F)(F)C(F)(F)F"
"DTXSID5027140","307-35-7","BHFJBHMTEDLICO-UHFFFAOYSA-N","C8F18O2S","501.9331582","O=S(=O)(F)C(F)(F)C(F)(F)C(F)(F)C(F)(F)C(F)(F)C(F)(F)C(F)(F)C(F)(F)F"
"DTXSID50276475","62773-05-1","GCTMXWUUEYFTEL-UHFFFAOYSA-N","C10H11F7O2","296.064727132","CC(C)(C)C(O)=CC(=O)C(F)(F)C(F)(F)C(F)(F)F"
"DTXSID5029059","86508-42-1","-","-","-",NA
"DTXSID50296259","336-53-8","ZEEMDIXYCUOCAK-UHFFFAOYSA-N","C5H6F7NO","229.033761352","NCC(O)C(F)(F)C(F)(F)C(F)(F)F"
"DTXSID5030030","375-73-5","JGTNAGYHADQMCM-UHFFFAOYSA-N","C4HF9O3S","299.950268872","O=S(=O)(O)C(F)(F)C(F)(F)C(F)(F)C(F)(F)F"
"DTXSID50301791","424-55-5","FRXPVVIRFRGXMQ-UHFFFAOYSA-N","C8H7F7O4S","331.995327244","O=C(O)CSC(CC(=O)O)C(F)(F)C(F)(F)C(F)(F)F"
"DTXSID50306049","24962-65-0","OTZYGTLBGUNRBX-UHFFFAOYSA-N","C15H9F15O3S","554.003288448","Cc1ccc(S(=O)(=O)OCC(F)(F)C(F)(F)C(F)(F)C(F)(F)C(F)(F)C(F)(F)C(F)(F)F)cc1"
"DTXSID50335697","424-36-2","JBEYNXOZKKQLOH-UHFFFAOYSA-N","C7H5F9O2","292.01458338","CCOC(=O)C(F)(F)C(F)(F)C(F)(F)C(F)(F)F"
"DTXSID50335975","335-70-6","SRDQTCUHAMDAMG-UHFFFAOYSA-N","C8F16I2","653.78339752","FC(F)(I)C(F)(F)C(F)(F)C(F)(F)C(F)(F)C(F)(F)C(F)(F)C(F)(F)I"
"DTXSID5034357","103055-07-8","PWPJGUXAGUPAHP-UHFFFAOYSA-N","C17H8Cl2F8N2O3","509.978423236","O=C(NC(=O)c1c(F)cccc1F)Nc1cc(Cl)c(OC(F)(F)C(F)C(F)(F)F)cc1Cl"
"DTXSID50369896","754-96-1","NSKCTPBWPZPFHW-UHFFFAOYSA-N","C10H6F16O2","462.011230952","OCC(F)(F)C(F)(F)C(F)(F)C(F)(F)C(F)(F)C(F)(F)C(F)(F)C(F)(F)CO"
"DTXSID50371095","238742-84-2","XLQJVLIZYYUBIL-UHFFFAOYSA-N","C28H18F34I2O4","1317.875164536","O=C(CCCCC(=O)OCC(I)CC(F)(F)C(F)(F)C(F)(F)C(F)(F)C(F)(F)C(F)(F)C(F)(F)C(F)(F)F)OCC(I)CC(F)(F)C(F)(F)C(F)(F)C(F)(F)C(F)(F)C(F)(F)C(F)(F)C(F)(F)F"
"DTXSID50371297","38436-14-5","UDFSAZKDTBRQDY-UHFFFAOYSA-N","C6H4BrF9","325.935266208","FC(F)(F)C(F)(F)C(F)(F)C(F)(F)CCBr"
"DTXSID50371479","16486-97-8","MKLCOZPKBKKNKG-UHFFFAOYSA-N","C6ClF12I","461.85416432","FC(F)(Cl)C(F)(F)C(F)(F)C(F)(F)C(F)(F)C(F)(F)I"
"DTXSID50371494","336-15-2","KGZKBHYAEBRMAR-UHFFFAOYSA-N","C6ClF11","315.9512881","FC1(F)C(F)(F)C(F)(F)C(F)(Cl)C(F)(F)C1(F)F"
"DTXSID50375114","330562-41-9","GDQLSTSWOFAQNO-UHFFFAOYSA-N","C10HF19O5","561.952059312","O=C(O)C(F)(F)OC(F)(F)C(F)(F)OC(F)(F)C(F)(F)OC(F)(F)C(F)(F)C(F)(F)C(F)(F)F"
"DTXSID50377678","203302-99-2","DRRCLKOIEBNFIE-UHFFFAOYSA-N","C15H3F27O2","727.970191276","COC(=O)C(F)(F)C(F)(F)C(F)(F)C(F)(F)C(F)(F)C(F)(F)C(F)(F)C(F)(F)C(F)(F)C(F)(F)C(F)(F)C(F)(F)C(F)(F)F"
"DTXSID50379273","149838-19-7","CUVIJHAPWYUQIV-UHFFFAOYSA-N","C12H21F7O4Si","390.109733222","CCO[Si](CCCOC(F)(C(F)(F)F)C(F)(F)F)(OCC)OCC"
"DTXSID50379576","680-05-7","CGMUKBZUGMXXEF-UHFFFAOYSA-N","C5H3F7O2","228.002126876","COC(=O)C(F)(C(F)(F)F)C(F)(F)F"
"DTXSID50379713","306935-66-0","BODFJDZXURKORU-UHFFFAOYSA-N","C6H2F9NO2","290.994182284","O=[N+]([O-])C=CC(F)(F)C(F)(F)C(F)(F)C(F)(F)F"
"DTXSID50379718","20116-32-9","ZRDCDISSPANBPT-UHFFFAOYSA-N","C13H13F9O4","404.067012876","CC1CC(C(=O)O)(C(=O)O)CC1CC(F)(F)C(F)(F)C(F)(F)C(F)(F)F"
"DTXSID50379814","113507-82-7","RJGUAQKOHAABLK-UHFFFAOYSA-N","C4HF9O4S","315.945183492","O=S(=O)(O)C(F)(F)C(F)(F)OC(F)(F)C(F)(F)F"
"DTXSID50379859","161981-35-7","PYOIUKBYPXQLLT-UHFFFAOYSA-N","C12H13F13O","420.075881896","OCCCCCCC(F)(F)C(F)(F)C(F)(F)C(F)(F)C(F)(F)C(F)(F)F"
"DTXSID50379879","65195-44-0","JTEKNLSWXJADLG-UHFFFAOYSA-N","C11H9F11O2","382.042689948","C=C(C)C(=O)OCCC(F)(F)C(F)(F)C(F)(C(F)(F)F)C(F)(F)F"
"DTXSID50379899","50836-65-2","UZNPGWWLKHTVQQ-UHFFFAOYSA-N","C12H7F15O2","468.020652764","C=CC(=O)OCCC(F)(F)C(F)(F)C(F)(F)C(F)(F)C(F)(C(F)(F)F)C(F)(F)F"
"DTXSID50379910","20015-46-7","WVZPXINSJOBSTI-UHFFFAOYSA-N","C9H5F15O","414.01008808","OCCC(F)(F)C(F)(F)C(F)(F)C(F)(F)C(F)(C(F)(F)F)C(F)(F)F"
"DTXSID50379930","355-47-5","IHVFAVFXCUPMEN-UHFFFAOYSA-N","C9H4F17N","449.007228868","NCC(F)(F)C(F)(F)C(F)(F)C(F)(F)C(F)(F)C(F)(F)C(F)(F)C(F)(F)F"
"DTXSID50379975","76962-34-0","DAEIFBGPFDVHNR-UHFFFAOYSA-N","C14H9F17O3","548.028023888","C=CC(=O)OCC(O)CC(F)(F)C(F)(F)C(F)(F)C(F)(F)C(F)(F)C(F)(F)C(F)(F)C(F)(F)F"
"DTXSID50380763","230295-06-4","YWVKVBIQFSFMMV-UHFFFAOYSA-N","C17H9F15O2","530.036302828","C=Cc1ccc(COC(=O)C(F)(F)C(F)(F)C(F)(F)C(F)(F)C(F)(F)C(F)(F)C(F)(F)F)cc1"
"DTXSID50381038","152914-73-3","ZPLAXWXACBJHSW-UHFFFAOYSA-N","C8H3F15O3","431.984267256","OCC(F)(F)OC(F)(F)C(F)(F)OC(F)(F)C(F)(F)C(F)(F)C(F)(F)F"
"DTXSID50381073","137780-69-9","PPSAKBBLKCJDCR-UHFFFAOYSA-N","C8HF15O4","445.963531812","O=C(O)C(F)(F)OC(F)(F)C(F)(F)OC(F)(F)C(F)(F)C(F)(F)C(F)(F)F"
"DTXSID50381270","36915-03-4","BCTGGJURYOEMFV-UHFFFAOYSA-N","C11H11F9O3","362.056448192","C=C(C)C(=O)OCC(O)CC(F)(F)C(F)(F)C(F)(F)C(F)(F)F"
"DTXSID50382065","883499-79-4","JOEIRBYDVFVESF-UHFFFAOYSA-N","C12H9F9O3S","404.012869128","Cc1ccc(S(=O)(=O)OCC(F)(F)C(F)(F)C(F)(F)C(F)(F)F)cc1"
"DTXSID50382141","755-40-8","ROTSWXZIBBJEPH-UHFFFAOYSA-N","C5H5F7O","214.02286232","OCCC(F)(F)C(F)(F)C(F)(F)F"
"DTXSID50382161","99338-16-6","JPSBONQIRUMUCY-UHFFFAOYSA-N","C15H7F13O2","466.023846324","O=C(CC(=O)C(F)(F)C(F)(F)C(F)(F)C(F)(F)C(F)(F)C(F)(F)F)c1ccccc1"
"DTXSID50382166","79851-29-9","HJLWKGDZOZTKIS-UHFFFAOYSA-N","C8H5F11O3","358.00630444","CCOC(=O)C(F)(OC(F)(F)C(F)(F)C(F)(F)F)C(F)(F)F"
"DTXSID50382621","25600-66-2","LWCLGUDCFDTQBF-UHFFFAOYSA-N","C10H7F15O","428.025738144","OCCCC(F)(F)C(F)(F)C(F)(F)C(F)(F)C(F)(F)C(F)(F)C(F)(F)F"
"DTXSID50397558","103229-89-6","TWDHAMRDYDLSPH-OWOJBTEDSA-N","C6HF9O2","275.983283252","O=C(O)/C(F)=C(\F)C(F)(C(F)(F)F)C(F)(F)F"
"DTXSID50405743","19116-61-1","TVBHYYFJOKDTPF-UHFFFAOYSA-N","C9H15F7O4Si","348.06278303","CO[Si](CCCOC(F)(C(F)(F)F)C(F)(F)F)(OC)OC"
"DTXSID50405748","77620-64-5","HEAWIZXIWLKJKG-UHFFFAOYSA-N","C14H12F17NO3S","597.026643984","CCCN(CC1CO1)S(=O)(=O)C(F)(F)C(F)(F)C(F)(F)C(F)(F)C(F)(F)C(F)(F)C(F)(F)C(F)(F)F"
"DTXSID5042326","163702-08-7","DJXNLVJQMJNEMN-UHFFFAOYSA-N","C5H3F9O","250.004018696","COC(F)(F)C(F)(C(F)(F)F)C(F)(F)F"
"DTXSID50432039","103015-84-5","PIANCHDAVNRLDV-UHFFFAOYSA-N","C9H5Cl2F6NO","326.96523846","Nc1cc(Cl)c(OC(F)(F)C(F)C(F)(F)F)cc1Cl"
"DTXSID50441560","132424-36-3","XNPUIKGMNMTLOL-UHFFFAOYSA-N","C8H7F9O2","306.030233444","COC(=O)CCC(F)(F)C(F)(F)C(F)(F)C(F)(F)F"
"DTXSID5044572","647-42-7","GRJRKPMIRMSBNK-UHFFFAOYSA-N","C8H5F13O","364.01328164","OCCC(F)(F)C(F)(F)C(F)(F)C(F)(F)C(F)(F)C(F)(F)F"
"DTXSID50448190","181059-73-4","TXGCMMCUEKXCAG-UHFFFAOYSA-N","C12H6F7N","297.038846732","FC(F)(F)C(F)(F)C(F)(F)c1ccnc2ccccc12"
"DTXSID50451109","27854-31-5","XTBXSCIWOVSSGB-UHFFFAOYSA-N","C10H3F17O2","477.986159076","O=C(O)CC(F)(F)C(F)(F)C(F)(F)C(F)(F)C(F)(F)C(F)(F)C(F)(F)C(F)(F)F"
"DTXSID50452833","336-64-1","JUTIIYKOQPDNEV-UHFFFAOYSA-N","C8F14O4","425.95730356","O=C(OOC(=O)C(F)(F)C(F)(F)C(F)(F)F)C(F)(F)C(F)(F)C(F)(F)F"
"DTXSID50461485","852527-41-4","XCBJTYHAGWXMIM-UHFFFAOYSA-N","C13H8F13NO2","457.034745356","O=C1C=CC(=O)N1CCCC(F)(F)C(F)(F)C(F)(F)C(F)(F)C(F)(F)C(F)(F)F"
"DTXSID50461501","326475-45-0","SEPYXRLJYOLXIJ-UHFFFAOYSA-L","C84H24Cl2F102P2Pd","3207.813643828","FC(F)(F)C(F)(F)C(F)(F)C(F)(F)C(F)(F)C(F)(F)C(F)(F)C(F)(F)c1cccc(P(c2cccc(C(F)(F)C(F)(F)C(F)(F)C(F)(F)C(F)(F)C(F)(F)C(F)(F)C(F)(F)F)c2)c2cccc(C(F)(F)C(F)(F)C(F)(F)C(F)(F)C(F)(F)C(F)(F)C(F)(F)C(F)(F)F)c2)c1.FC(F)(F)C(F)(F)C(F)(F)C(F)(F)C(F)(F)C(F)(F)C(F)(F)C(F)(F)c1cccc(P(c2cccc(C(F)(F)C(F)(F)C(F)(F)C(F)(F)C(F)(F)C(F)(F)C(F)(F)C(F)(F)F)c2)c2cccc(C(F)(F)C(F)(F)C(F)(F)C(F)(F)C(F)(F)C(F)(F)C(F)(F)C(F)(F)F)c2)c1.[Cl][Pd][Cl]"
"DTXSID5046560","423-55-2","WTWWXOGTJWMJHI-UHFFFAOYSA-N","C8BrF17","497.89119184","FC(F)(F)C(F)(F)C(F)(F)C(F)(F)C(F)(F)C(F)(F)C(F)(F)C(F)(F)Br"
"DTXSID50469320","41997-13-1","WDZLGCSJJWEQJO-UHFFFAOYSA-N","C6H2F13NO2S","398.959866164","NS(=O)(=O)C(F)(F)C(F)(F)C(F)(F)C(F)(F)C(F)(F)C(F)(F)F"
"DTXSID50470118","96305-13-4","RNFSBWUZJHUNCA-UHFFFAOYSA-N","C14H15F17O3Si","582.05190061","CCO[Si](OCC)(OCC)C(F)(F)C(F)(F)C(F)(F)C(F)(F)C(F)(F)C(F)(F)C(F)(F)C(F)(F)F"
"DTXSID50472556","53826-12-3","LRWIIEJPCFNNCZ-UHFFFAOYSA-N","C8H3F13O2","377.992546196","O=C(O)CC(F)(F)C(F)(F)C(F)(F)C(F)(F)C(F)(F)C(F)(F)F"
"DTXSID50474570","30423-63-3","YLXMZWSVIPOWNY-UHFFFAOYSA-N","C5H5F7","198.0279477","CCC(F)(F)C(F)(F)C(F)(F)F"
"DTXSID50504109","754-85-8","LFMZSQGESVNRLL-UHFFFAOYSA-N","C9H3F15O","411.994438016","CC(=O)C(F)(F)C(F)(F)C(F)(F)C(F)(F)C(F)(F)C(F)(F)C(F)(F)F"
"DTXSID50509058","80284-42-0","NOSIICKOBIURRM-UHFFFAOYSA-N","C11H13F7O2","310.080377196","CCC(CC)C(=O)CC(=O)C(F)(F)C(F)(F)C(F)(F)F"
"DTXSID50515856","374-59-4","ITPKQVFBLQIXLT-UHFFFAOYSA-N","C9F18","449.97125796","FC(F)(F)C(F)(F)C(F)(F)C1(F)C(F)(F)C(F)(F)C(F)(F)C(F)(F)C1(F)F"
"DTXSID50517633","86556-81-2","LXQALNRZYKVNKJ-UHFFFAOYSA-N","C6HCl2F9O3","361.915903232","O=C(O)C(F)(F)C(F)(F)C(F)(F)OC(F)(Cl)C(F)(F)Cl"
"DTXSID50520389","4943-06-0","YXCACLPYCBOASG-UHFFFAOYSA-N","C7F14O","365.9725597","FC(F)(F)OC1(F)C(F)(F)C(F)(F)C(F)(F)C(F)(F)C1(F)F"
"DTXSID50524766","88021-90-3","KMRYZJJLWTVVHQ-UHFFFAOYSA-N","C8H7F7O2","268.033427004","C=C(CC(F)(F)C(F)(F)C(F)(F)F)C(=O)OC"
"DTXSID50525031","89148-14-1","IFAMVJAXTIDDSN-UHFFFAOYSA-N","C7H7F7O4","288.023256244","COC(=O)CC(O)(O)C(F)(F)C(F)(F)C(F)(F)F"
"DTXSID50528481","69127-72-6","OOARTWBHOTYAKZ-UHFFFAOYSA-N","C12H5F13S","427.99043802","FC(F)(F)C(F)(F)C(F)(F)C(F)(F)C(F)(F)C(F)(F)Sc1ccccc1"
"DTXSID50536985","95906-13-1","PFAQTZDSOYJCLX-UHFFFAOYSA-N","C6HF10N3O3","352.985823092","[N-]=[N+]=NC(F)(F)C(F)(OC(F)(F)C(F)(F)C(F)(F)F)C(=O)O"
"DTXSID50540603","61282-91-5","GIKZDAQXHSEHMI-UHFFFAOYSA-N","C9H9F7O","266.054162448","O=C1CCCCC1C(F)(F)C(F)(F)C(F)(F)F"
"DTXSID50540683","63967-43-1","JZLSJSIYEYSKCH-UHFFFAOYSA-N","C10H3F17O3","493.981073696","FC(F)(F)C(F)(F)C(F)(F)C(F)(F)C(F)(F)C(F)(F)C(F)(F)C(F)(F)C1OCOO1"
"DTXSID50561590","57677-95-9","ZDYYWMSLMLTXDM-UHFFFAOYSA-N","C16H9F26O4P","789.982329118","O=P(O)(OCCC(F)(F)C(F)(F)C(F)(F)C(F)(F)C(F)(F)C(F)(F)F)OCCC(F)(F)C(F)(F)C(F)(F)C(F)(F)C(F)(F)C(F)(F)F"
"DTXSID50562865","15166-06-0","KPBOPOXIOBBZTR-UHFFFAOYSA-N","C8HF15O2","413.973702572","O=C(O)C(F)(F)C(F)(F)C(F)(F)C(F)(F)C(F)(C(F)(F)F)C(F)(F)F"
"DTXSID50573618","343343-17-9","HIDVEVKTXQUVSJ-UHFFFAOYSA-L","C96H48Cl2F102P2Pd","3376.001444596","FC(F)(F)C(F)(F)C(F)(F)C(F)(F)C(F)(F)C(F)(F)C(F)(F)C(F)(F)CCc1cccc(P(c2cccc(CCC(F)(F)C(F)(F)C(F)(F)C(F)(F)C(F)(F)C(F)(F)C(F)(F)C(F)(F)F)c2)c2cccc(CCC(F)(F)C(F)(F)C(F)(F)C(F)(F)C(F)(F)C(F)(F)C(F)(F)C(F)(F)F)c2)c1.FC(F)(F)C(F)(F)C(F)(F)C(F)(F)C(F)(F)C(F)(F)C(F)(F)C(F)(F)CCc1cccc(P(c2cccc(CCC(F)(F)C(F)(F)C(F)(F)C(F)(F)C(F)(F)C(F)(F)C(F)(F)C(F)(F)F)c2)c2cccc(CCC(F)(F)C(F)(F)C(F)(F)C(F)(F)C(F)(F)C(F)(F)C(F)(F)C(F)(F)F)c2)c1.[Cl][Pd][Cl]"
"DTXSID50575036","86451-48-1","AJYJTGVHYUFWOB-UHFFFAOYSA-N","C4Cl2F7NO","280.92451652","O=C(N(Cl)Cl)C(F)(F)C(F)(F)C(F)(F)F"
"DTXSID50583338","356056-14-9","VIGKXSZWCIUYJE-UHFFFAOYSA-N","C14H19F13Si","462.104843998","CC(C)[SiH](CCC(F)(F)C(F)(F)C(F)(F)C(F)(F)C(F)(F)C(F)(F)F)C(C)C"
"DTXSID50583510","115224-00-5","PEWOESYEGLBLNR-NSMOOJLNSA-N","C14H15F7O2","348.09602726","CC1(C)[C@H]2CC[C@]1(C)C(=O)C2C(=O)C(F)(F)C(F)(F)C(F)(F)F"
"DTXSID50583712","892155-14-5","APYSALHUWCFHHV-UHFFFAOYSA-N","C12H9F9OS","372.023039888","Oc1ccc(SCCC(F)(F)C(F)(F)C(F)(F)C(F)(F)F)cc1"
"DTXSID50596968","58524-63-3","LNOYXGGMUPLGGX-UHFFFAOYSA-N","C9H7F7N2","276.049745764","Nc1ccc(C(F)(C(F)(F)F)C(F)(F)F)c(N)c1"
"DTXSID50597571","356-00-3","UDAAMHMYEJUEDJ-UHFFFAOYSA-N","C6H5F7O","226.02286232","C=COCC(F)(F)C(F)(F)C(F)(F)F"
"DTXSID5059793","307-30-2","PJDOLCGOTSNFJM-UHFFFAOYSA-N","C8H3F15O","399.994438016","OCC(F)(F)C(F)(F)C(F)(F)C(F)(F)C(F)(F)C(F)(F)C(F)(F)F"
"DTXSID5059795","307-51-7","QMNUYVWNQITPHA-UHFFFAOYSA-N","C10F22O2S","601.92677108","O=S(=O)(F)C(F)(F)C(F)(F)C(F)(F)C(F)(F)C(F)(F)C(F)(F)C(F)(F)C(F)(F)C(F)(F)C(F)(F)F"
"DTXSID5059797","307-63-1","MHIPPKXKESHCIO-UHFFFAOYSA-N","C14F29I","845.85816638","FC(F)(F)C(F)(F)C(F)(F)C(F)(F)C(F)(F)C(F)(F)C(F)(F)C(F)(F)C(F)(F)C(F)(F)C(F)(F)C(F)(F)C(F)(F)C(F)(F)I"
"DTXSID5059799","307-98-2","YSQGYEYXKXGAQA-UHFFFAOYSA-N","C11H5F15O2","454.0050027","C=CC(=O)OCC(F)(F)C(F)(F)C(F)(F)C(F)(F)C(F)(F)C(F)(F)C(F)(F)F"
"DTXSID5059828","335-58-0","AHUMDLIBMIYQMU-UHFFFAOYSA-N","C7F15I","495.8805213","FC(F)(F)C(F)(F)C(F)(F)C(F)(F)C(F)(F)C(F)(F)C(F)(F)I"
"DTXSID5059874","355-02-2","QIROQPWSJUXOJC-UHFFFAOYSA-N","C7F14","349.97764508","FC(F)(F)C1(F)C(F)(F)C(F)(F)C(F)(F)C(F)(F)C1(F)F"
"DTXSID5059876","355-25-9","KAVGMUDTWQVPDF-UHFFFAOYSA-N","C4F10","237.9840322","FC(F)(F)C(F)(F)C(F)(F)C(F)(F)F"
"DTXSID5059878","355-50-0","LEILRZKFWLKYCT-UHFFFAOYSA-N","C16F33I","945.85177926","FC(F)(F)C(F)(F)C(F)(F)C(F)(F)C(F)(F)C(F)(F)C(F)(F)C(F)(F)C(F)(F)C(F)(F)C(F)(F)C(F)(F)C(F)(F)C(F)(F)C(F)(F)C(F)(F)I"
"DTXSID50601809","89889-25-8","IDSZRNIXPFFLFW-UHFFFAOYSA-N","C7H6F9I","387.937052172","CC(I)CC(F)(F)C(F)(F)C(F)(F)C(F)(F)F"
"DTXSID5060936","638-79-9","KCEJJSGJNCSQFI-UHFFFAOYSA-N","C5F11I","395.88690842","FC(F)(F)C(F)(F)C(F)(F)C(F)(F)C(F)(F)I"
"DTXSID5060982","677-69-0","BBZVTTKMXRPMHZ-UHFFFAOYSA-N","C3F7I","295.89329554","FC(F)(F)C(F)(I)C(F)(F)F"
"DTXSID5060984","677-93-0","ZBAGFGHCDOIBDJ-UHFFFAOYSA-N","C11F23I","695.86774706","FC(F)(F)C(F)(C(F)(F)F)C(F)(F)C(F)(F)C(F)(F)C(F)(F)C(F)(F)C(F)(F)C(F)(F)C(F)(F)I"
"DTXSID5060986","678-95-5","DOZNAYNLYNBXKE-UHFFFAOYSA-N","C11H10F6O4","320.04832812","C=CC(=O)OCC(F)(F)C(F)(F)C(F)(F)COC(=O)C=C"
"DTXSID50617268","679-46-9","NLAGAXIWWHZGCK-UHFFFAOYSA-N","C5H3F7O2","228.002126876","O=C(O)CC(F)(F)C(F)(F)C(F)(F)F"
"DTXSID5061954","1765-48-6","MMYNPHSPRPZSSN-UHFFFAOYSA-N","C11H2F20O2","545.973543704","O=C(O)C(F)(F)C(F)(F)C(F)(F)C(F)(F)C(F)(F)C(F)(F)C(F)(F)C(F)(F)C(F)(F)C(F)F"
"DTXSID50620171","355-34-0","FDIHRNYGDZQEAV-UHFFFAOYSA-N","C6H4F11N","299.016809548","NCC(F)(F)C(F)(F)C(F)(F)C(F)(F)C(F)(F)F"
"DTXSID5062760","2991-50-6","CKRXVVGETMYFIO-UHFFFAOYSA-N","C12H8F17NO4S","584.990258476","CCN(CC(=O)O)S(=O)(=O)C(F)(F)C(F)(F)C(F)(F)C(F)(F)C(F)(F)C(F)(F)C(F)(F)C(F)(F)F"
"DTXSID5062847","3107-18-4","IVGHATFHZBKRKP-UHFFFAOYSA-M","C6F11KO3S","399.90295696","O=S(=O)([O-])C1(F)C(F)(F)C(F)(F)C(F)(F)C(F)(F)C1(F)F.[K+]"
"DTXSID5062849","3108-24-5","JTOFFHFAQBLPTM-UHFFFAOYSA-N","C10H5F15O2","442.0050027","CCOC(=O)C(F)(F)C(F)(F)C(F)(F)C(F)(F)C(F)(F)C(F)(F)C(F)(F)F"
"DTXSID50631767","56376-19-3","PYRWFCOUAZNFQC-UHFFFAOYSA-N","C7H7F7NO4P","333.000091874","COP(=O)(OC)OC(C#N)C(F)(F)C(F)(F)C(F)(F)F"
"DTXSID5063235","3934-23-4","RUEKTOVLVIXOHT-UHFFFAOYSA-N","C12H7F15O2","468.020652764","C=C(C)C(=O)OCC(F)(F)C(F)(F)C(F)(F)C(F)(F)C(F)(F)C(F)(F)C(F)(F)F"
"DTXSID50635462","4021-47-0","ZQOXGRIKWKXDIJ-UHFFFAOYSA-M","C8F17NaO3S","521.91943888","O=S(=O)([O-])C(F)(F)C(F)(F)C(F)(F)C(F)(F)C(F)(F)C(F)(F)C(F)(F)C(F)(F)F.[Na+]"
"DTXSID50637845","2263-70-9","NZZCEYSXFAUVOQ-UHFFFAOYSA-N","C7H11ClF7N","277.046824572","CCC(N)CC(F)(F)C(F)(F)C(F)(F)F.Cl"
"DTXSID50659229","1193010-01-3","OBQBCHMEIBSHBO-UHFFFAOYSA-N","C11H11F13O","406.060231832","CCCOCCC(F)(F)C(F)(F)C(F)(F)C(F)(F)C(F)(F)C(F)(F)F"
"DTXSID5065930","15720-98-6","YEONIHINJPEQCM-UHFFFAOYSA-N","C11F22O","565.95978546","O=C(F)C(F)(F)C(F)(F)C(F)(F)C(F)(F)C(F)(F)C(F)(F)C(F)(F)C(F)(C(F)(F)F)C(F)(F)F"
"DTXSID50659926","189217-62-7","VKQJSJGVEJXINS-UHFFFAOYSA-N","C3F6LiNO4S2","298.93329835","O=S1(=O)[N-]S(=O)(=O)C(F)(F)C(F)(F)C1(F)F.[Li+]"
"DTXSID50662975","2967-60-4","MGAFZAISKPGHKL-UHFFFAOYSA-N","C7H8F7I","351.955895796","FC(F)(F)C(F)(F)C(F)(F)CCCCI"
"DTXSID50672892","25080-20-0","GXDRJQCAQULYJE-UHFFFAOYSA-N","C7H4F11IO","439.913123168","FC(OC(F)(F)C(F)(F)C(CI)C(F)(F)F)C(F)(F)F"
"DTXSID5067348","27905-45-9","QUKRIOLKOHUUBM-UHFFFAOYSA-N","C13H7F17O2","518.017459204","C=CC(=O)OCCC(F)(F)C(F)(F)C(F)(F)C(F)(F)C(F)(F)C(F)(F)C(F)(F)C(F)(F)F"
"DTXSID5067394","28506-33-4","LELPCBUDRUDINH-UHFFFAOYSA-N","C15H9F19OS","598.007072088","C=C(C)C(=O)SCCC(F)(F)C(F)(F)C(F)(F)C(F)(F)C(F)(F)C(F)(F)C(F)(C(F)(F)F)C(F)(F)F"
"DTXSID5067841","34395-24-9","SWTZSHBOMGAQKX-UHFFFAOYSA-N","C17H7F25O2","718.004684964","C=CC(=O)OCCC(F)(F)C(F)(F)C(F)(F)C(F)(F)C(F)(F)C(F)(F)C(F)(F)C(F)(F)C(F)(F)C(F)(F)C(F)(F)C(F)(F)F"
"DTXSID5067849","34455-03-3","SSGYCIQAXNQIBC-UHFFFAOYSA-N","C10H10F13NO3S","471.01738104","CCN(CCO)S(=O)(=O)C(F)(F)C(F)(F)C(F)(F)C(F)(F)C(F)(F)C(F)(F)F"
"DTXSID5069128","56773-42-3","JHDXAQHGAJXNBY-UHFFFAOYSA-M","C16H20F17NO3S","629.08924424","CC[N+](CC)(CC)CC.O=S(=O)([O-])C(F)(F)C(F)(F)C(F)(F)C(F)(F)C(F)(F)C(F)(F)C(F)(F)C(F)(F)F"
"DTXSID50696538","957206-65-4","PLXJZTAXKGDVFR-UHFFFAOYSA-N","C16H13F13O2","484.070796516","OCc1ccc(OCCCC(F)(F)C(F)(F)C(F)(F)C(F)(F)C(F)(F)C(F)(F)F)cc1"
"DTXSID5071331","68239-72-5","YZMJHIOSEWYVSR-UHFFFAOYSA-N","C10H12F11NO3S","435.036224664","CN(CCCCO)S(=O)(=O)C(F)(F)C(F)(F)C(F)(F)C(F)(F)C(F)(F)F"
"DTXSID5071333","68239-74-7","UXBLTIRZNSMGNQ-UHFFFAOYSA-N","C11H12F13NO3S","485.033031104","CN(CCCCO)S(=O)(=O)C(F)(F)C(F)(F)C(F)(F)C(F)(F)C(F)(F)C(F)(F)F"
"DTXSID50714680","2266-82-2","DQXITYNWVIDKLM-UHFFFAOYSA-N","C7H11F5N2O3","266.068983312","C1CNCCN1.O=C(O)C(F)(F)OC(F)(F)F"
"DTXSID5071888","68957-31-3","MJELJHFNXRAPHF-UHFFFAOYSA-N","C9H8F11NO4S","434.999839156","CCN(CC(=O)O)S(=O)(=O)C(F)(F)C(F)(F)C(F)(F)C(F)(F)C(F)(F)F"
"DTXSID5072060","70248-52-1","YBMZDDVMZMNFRI-UHFFFAOYSA-L","C24H32F26N4O8S3","1094.096710704","C[N+](C)(C)CCCNS(=O)(=O)C(F)(F)C(F)(F)C(F)(F)C(F)(F)C(F)(F)C(F)(F)F.C[N+](C)(C)CCCNS(=O)(=O)C(F)(F)C(F)(F)C(F)(F)C(F)(F)C(F)(F)C(F)(F)F.O=S(=O)([O-])[O-]"
"DTXSID5072143","70729-63-4","MHILTJBQMRGMCQ-UHFFFAOYSA-N","C28H32F19NO4S","839.174865684","CCCC[NH+](CCCC)CCCC.O=S(=O)([O-])c1ccc(OC(=C(C(F)(F)F)C(C(F)(F)F)(C(F)(F)C(F)(F)F)C(F)(F)C(F)(F)F)C(F)(F)F)cc1"
"DTXSID5072353","71463-78-0","INHFWJVSNWHLSP-UHFFFAOYSA-N","C13H13F17NO5PS","648.998059886","CCN(CCCP(=O)(O)O)S(=O)(=O)C(F)(F)C(F)(F)C(F)(F)C(F)(F)C(F)(F)C(F)(F)C(F)(F)C(F)(F)F"
"DTXSID5072355","71463-80-4","CGWCDHWSHVIYSL-UHFFFAOYSA-N","C17H21F17NO5PS","705.060660142","CCOP(=O)(CCCN(CC)S(=O)(=O)C(F)(F)C(F)(F)C(F)(F)C(F)(F)C(F)(F)C(F)(F)C(F)(F)C(F)(F)F)OCC"
"DTXSID5072773","73772-34-6","MYUNUXCBXAGDOB-UHFFFAOYSA-N","C17H25F13N2O5S","616.12765976","CN(C)CCCN(CCOCCOCCO)S(=O)(=O)C(F)(F)C(F)(F)C(F)(F)C(F)(F)C(F)(F)C(F)(F)F"
"DTXSID50731059","74359-14-1","SNTQAKVWVGWLDU-UHFFFAOYSA-N","C7H4ClF7O2","287.978804588","C=C(Cl)C(=O)OCC(F)(F)C(F)(F)C(F)(F)F"
"DTXSID5073119","163702-06-5","SQEGLLMNIBLLNQ-UHFFFAOYSA-N","C6H5F9O","264.01966876","CCOC(F)(F)C(F)(C(F)(F)F)C(F)(F)F"
"DTXSID5073292","1/02/2378","XZNOAVNRSFURIR-UHFFFAOYSA-N","C4HF9O","235.988368632","OC(C(F)(F)F)(C(F)(F)F)C(F)(F)F"
"DTXSID5073797","111189-67-4","LQYYVICTYPJDDJ-UHFFFAOYSA-N","C10H4BrF7N2O3","411.929351628","O=C(Nc1ccc([N+](=O)[O-])cc1Br)C(F)(F)C(F)(F)C(F)(F)F"
"DTXSID50750740","88951-16-0","ZCZKRXXSTCAKRS-UHFFFAOYSA-N","C14H13F13O2","460.070796516","COC(=O)C1CCC(C(F)(F)C(F)(F)C(F)(F)C(F)(F)C(F)(F)C(F)(F)F)CC1"
"DTXSID5075230","336-07-2","UYDBQWIWVMBDME-UHFFFAOYSA-N","C6H2F12","301.996488704","FC(F)C(F)(F)C(F)(F)C(F)(F)C(F)(F)C(F)F"
"DTXSID5075232","355-68-0","RKIMETXDACNTIE-UHFFFAOYSA-N","C6F12","299.98083864","FC1(F)C(F)(F)C(F)(F)C(F)(F)C(F)(F)C1(F)F"
"DTXSID5075236","376-84-1","WISUNKZXQSKYMR-UHFFFAOYSA-N","C8H6F8O2","286.024005192","C=CC(=O)OCC(F)(F)C(F)(F)C(F)(F)C(F)F"
"DTXSID50757239","91508-85-9","IHCLZKZPCHZYNE-UHFFFAOYSA-N","C12H8F7NO","315.049411416","NC(=CC(=O)c1ccccc1)C(F)(F)C(F)(F)C(F)(F)F"
"DTXSID50760102","96573-73-8","MNBWQFQWDVQHGA-UHFFFAOYSA-N","C14H7F17N2O","542.028692584","Nc1ccc(OC(F)(F)C(F)(F)C(F)(F)C(F)(F)C(F)(F)C(F)(F)C(F)(F)C(F)(F)F)c(N)c1"
"DTXSID50764185","112344-48-6","HIOALUHIGOQIHI-UHFFFAOYSA-N","C19H29F11","466.209361348","CCCCCCCCCCCCCCC(F)(F)C(F)(F)C(F)(F)C(F)(F)C(F)(F)F"
"DTXSID50818435","61324-27-4","VVZYQWMJSODXAB-UHFFFAOYSA-N","C11H9F7O3","322.043991688","CC(=O)O.Oc1ccc(C(F)(F)C(F)(F)C(F)(F)F)cc1"
"DTXSID50831220","87988-75-8","MHVUIICWGZEAKG-UHFFFAOYSA-N","C15H6F17NO3S","602.979693792","O=C(NS(=O)(=O)C(F)(F)C(F)(F)C(F)(F)C(F)(F)C(F)(F)C(F)(F)C(F)(F)C(F)(F)F)c1ccccc1"
"DTXSID50844092","919289-98-8","DXOPDXIZMCIDFV-UHFFFAOYSA-N","C12H10F9N","339.0669533","Nc1ccc(CCC(F)(F)C(F)(F)C(F)(F)C(F)(F)F)cc1"
"DTXSID50844613","919005-48-4","PKHUZBFCHBFDSN-UHFFFAOYSA-N","C7H5F9O3","308.009498","O=C(O)CCOC(F)(F)C(F)(F)C(F)(F)C(F)(F)F"
"DTXSID50846778","917920-92-4","UFNWGGMBQYWKGS-UHFFFAOYSA-N","C18H13F7N2O2","422.086525196","O=C(NCC(F)(F)C(F)(F)C(F)(F)F)c1cccc(NC(=O)c2ccccc2)c1"
"DTXSID50848035","90292-35-6","HREALCQLDPHGIF-UHFFFAOYSA-N","C10H12F8S","316.053197144","CCCCSCC=C(F)C(F)(F)C(F)(F)C(F)(F)F"
"DTXSID50858139","864551-34-8","UZMXIMHOMUBIEV-UQGZVRACSA-N","C16H13F17O7","640.038982496","O=C(O)[C@H]1O[C@@H](OCCC(F)(F)C(F)(F)C(F)(F)C(F)(F)C(F)(F)C(F)(F)C(F)(F)C(F)(F)F)[C@H](O)[C@@H](O)[C@@H]1O"
"DTXSID50862736","1682-78-6","UVHZTXUBKSUXED-UHFFFAOYSA-N","C5F10O2","281.97386144","O=C(F)C(F)(OC(F)(F)C(F)(F)F)C(F)(F)F"
"DTXSID50880117","335-24-0","LRIBRUAEJSZTFO-UHFFFAOYSA-M","C8F15KO3S","499.89656984","O=S(=O)([O-])C1(F)C(F)(F)C(F)(F)C(F)(C(F)(F)C(F)(F)F)C(F)(F)C1(F)F.[K+]"
"DTXSID50880132","356-47-8","ZCPSRQQUNLMQMM-UHFFFAOYSA-N","C6F12O","315.97575326","FC(F)(F)C1(F)OC(F)(F)C(F)(F)C(F)(F)C1(F)F"
"DTXSID50880137","375-81-5","USAIUDWRPJQRTG-UHFFFAOYSA-N","C5F12O2S","351.94273888","O=S(=O)(F)C(F)(F)C(F)(F)C(F)(F)C(F)(F)C(F)(F)F"
"DTXSID50880172","1799-55-9","PKPKRTXQJZSNCQ-UHFFFAOYSA-N","C12H7F15O2","468.020652764","C=CC(=O)OCCC(F)(F)C(F)(F)C(F)(F)C(F)(F)C(F)(F)C(F)(F)C(F)(F)F"
"DTXSID50880192","3330-14-1","PYSYKOPZHYNYSZ-UHFFFAOYSA-N","C8HF17O2","451.970509012","FC(OC(F)(F)C(F)(OC(F)(F)C(F)(F)C(F)(F)F)C(F)(F)F)C(F)(F)F"
"DTXSID50880197","3658-63-7","AAQYFENFDQNVMY-UHFFFAOYSA-N","C11H4F21NO2","580.990670988","O=C([O-])C(F)(F)C(F)(F)C(F)(F)C(F)(F)C(F)(F)C(F)(F)C(F)(F)C(F)(C(F)(F)F)C(F)(F)F.[NH4+]"
"DTXSID50880213","13140-34-6","DSKGYKJXZRFRDP-UHFFFAOYSA-N","C7H3F11O3","343.990654376","COC(=O)C(F)(OC(F)(F)C(F)(F)C(F)(F)F)C(F)(F)F"
"DTXSID50880218","15290-77-4","IDBYQQQHBYGLEQ-UHFFFAOYSA-N","C5H3F7","196.012297636","FC1CC(F)(F)C(F)(F)C1(F)F"
"DTXSID50880233","24394-25-0","OPYCVFHSYCUOGR-UHFFFAOYSA-N","C7F15I","495.8805213","FC(F)(F)C(F)(F)C(F)(F)C(F)(F)C(F)(F)C(F)(I)C(F)(F)F"
"DTXSID50880238","25935-14-2","ZRODNZIFNOYXDA-UHFFFAOYSA-M","C15H9F17IN","652.950827028","FC(F)(F)C(F)(F)C(F)(F)C(F)(F)C(F)(F)C(F)(F)C(F)(F)C(F)(F)CC[n+]1ccccc1.[I-]"
"DTXSID50880253","31841-41-5","JRKJESUMGCTNMA-UHFFFAOYSA-M","C15H17F17INO2","693.003256524","C[N+](CCO)(CCO)CCC(F)(F)C(F)(F)C(F)(F)C(F)(F)C(F)(F)C(F)(F)C(F)(F)C(F)(F)F.[I-]"
"DTXSID50880359","1583-98-8","WEQNAYAFSPIONP-IJWZVTFUSA-N","C6F12","299.98083864","FC(F)(F)[C@]1(F)C(F)(F)[C@@](F)(C(F)(F)F)C1(F)F"
"DTXSID50880374","25120-58-5","-","-","-",NA
"DTXSID50880379","26299-59-2","-","-","-",NA
"DTXSID50880410","38006-74-5","BIJMEXQJDYBHGD-UHFFFAOYSA-M","C14H16ClF17N2O2S","634.034956172","C[N+](C)(C)CCCNS(=O)(=O)C(F)(F)C(F)(F)C(F)(F)C(F)(F)C(F)(F)C(F)(F)C(F)(F)C(F)(F)F.[Cl-]"
"DTXSID50880415","38565-53-6","HMXSIEIEXLGIET-UHFFFAOYSA-N","C11H5F17O","476.00689452","FC(F)(F)C(F)(F)C(F)(F)C(F)(F)C(F)(F)C(F)(F)C(F)(F)C(F)(F)CC1CO1"
"DTXSID50880435","35397-13-8","-","-","-",NA
"DTXSID50880455","52550-45-5","DTIJQLFRKLLKHX-UHFFFAOYSA-N","C15H16F17NO4S","629.052858732","CCCN(CCOCCO)S(=O)(=O)C(F)(F)C(F)(F)C(F)(F)C(F)(F)C(F)(F)C(F)(F)C(F)(F)C(F)(F)F"
"DTXSID50880475","54733-33-4","-","-","-",NA
"DTXSID50880490","57677-98-2","RTNJPMVQJMDHGX-UHFFFAOYSA-N","C28H20F42NO6P","1295.03575923","O=P(O)(OCCC(F)(F)C(F)(F)C(F)(F)C(F)(F)C(F)(F)C(F)(F)C(F)(F)C(F)(F)C(F)(F)C(F)(F)F)OCCC(F)(F)C(F)(F)C(F)(F)C(F)(F)C(F)(F)C(F)(F)C(F)(F)C(F)(F)C(F)(F)C(F)(F)F.OCCNCCO"
"DTXSID50880495","59158-81-5","ADXLBHULARLUSE-UHFFFAOYSA-N","C6H6F6O","208.032284132","C=CCOC(F)(F)C(F)C(F)(F)F"
"DTXSID50880511","59587-38-1","DFQKESLULXNZLL-UHFFFAOYSA-M","C8H4F13KO3S","465.931063528","O=S(=O)([O-])CCC(F)(F)C(F)(F)C(F)(F)C(F)(F)C(F)(F)C(F)(F)F.[K+]"
"DTXSID50880516","60131-27-3","JNCXDUZXQNOCOB-UHFFFAOYSA-M","C18H9F24NaO7S","847.958345188","O=C(CC(C(=O)OCC(F)(F)C(F)(F)C(F)(F)C(F)(F)C(F)(F)C(F)F)S(=O)(=O)[O-])OCC(F)(F)C(F)(F)C(F)(F)C(F)(F)C(F)(F)C(F)F.[Na+]"
"DTXSID50880531","63295-29-4","PPWMMKOULSCBKB-UHFFFAOYSA-N","C18H8F31O5P","923.961434806","O=P(O)(O)OCC(O)CC(F)(F)C(F)(F)C(F)(F)C(F)(F)C(F)(F)C(F)(F)C(F)(F)C(F)(F)C(F)(F)C(F)(F)C(F)(F)C(F)(F)C(F)(C(F)(F)F)C(F)(F)F"
"DTXSID50880536","63391-86-6","-","-","-",NA
"DTXSID50880571","67906-74-5","-","-","-",NA
"DTXSID50880576","67939-94-0","DPBVCOWHHLIHJN-UHFFFAOYSA-N","C33H27F45N3O10PS3","1606.987763594","CCN(CCOP(=O)(OCCN(CC)S(=O)(=O)C(F)(F)C(F)(F)C(F)(F)C(F)(F)C(F)(F)C(F)(F)C(F)(F)F)OCCN(CC)S(=O)(=O)C(F)(F)C(F)(F)C(F)(F)C(F)(F)C(F)(F)C(F)(F)C(F)(F)F)S(=O)(=O)C(F)(F)C(F)(F)C(F)(F)C(F)(F)C(F)(F)C(F)(F)C(F)(F)F"
"DTXSID50880591","68156-07-0","QWHNLWMMNRIUNZ-UHFFFAOYSA-M","C7F13KO3S","449.8997634","O=S(=O)([O-])C1(C(F)(F)F)C(F)(F)C(F)(F)C(F)(F)C(F)(F)C1(F)F.[K+]"
"DTXSID50880596","68258-85-5","-","-","-",NA
"DTXSID50880612","68318-34-3","SLYWOXPMQGKVAU-UHFFFAOYSA-N","C7F14O2S","413.93954532","O=S(=O)(F)C1(F)C(F)(F)C(F)(F)C(F)(F)C(F)(F)C1(F)C(F)(F)F"
"DTXSID50880950","71302-72-2","PCNHGPSESDZSRB-UHFFFAOYSA-N","C8HF15O","397.978787952","FC(F)(F)C(C1OC(F)(F)C(F)(F)C1(F)F)(C(F)(F)F)C(F)(F)F"
"DTXSID50880955","72220-37-2","JCOBFNLNQZNQJC-UHFFFAOYSA-N","C9H15F7IO2P","445.97426189","CCOP(CC)OCC.FC(F)(F)C(F)(F)C(F)(F)I"
"DTXSID50880975","74499-68-6","-","-","-",NA
"DTXSID50880995","84041-66-7","FZTKCIWSVIVEKI-UHFFFAOYSA-N","C8F16O3","447.95919538","FC(F)(F)C(F)(F)OC1(F)OC(F)(C(F)(F)F)C(F)(F)OC1(F)C(F)(F)F"
"DTXSID50881028","93776-11-5","XTGCLCQOUPEKCR-UHFFFAOYSA-N","C31H45F19O11","954.26584844","COCCOCCOCCOCCOCCOCCOCCOCCOCCOCC(O)CC(F)(F)C(F)(F)C(F)(F)C(F)(F)C(F)(F)C(F)(F)C(F)(C(F)(F)F)C(F)(F)F"
"DTXSID50881063","93803-06-6","ZIZNQVVBCZRJKW-UHFFFAOYSA-M","C16H20F17IN2O2S","754.00187662","CC[N+](C)(CC)CCCNS(=O)(=O)C(F)(F)C(F)(F)C(F)(F)C(F)(F)C(F)(F)C(F)(F)C(F)(F)C(F)(F)F.[I-]"
"DTXSID50881124","93894-70-3","SDCGNULSLWNZIR-UHFFFAOYSA-M","C16H20F17NO3S","629.08924424","CC[N+](CC)(CC)CC.O=S(=O)([O-])C(F)(F)C(F)(F)C(F)(F)C(F)(F)C(F)(F)C(F)(C(F)(F)F)C(F)(F)F"
"DTXSID50881129","93951-33-8","-","-","-",NA
"DTXSID50881144","94159-76-9","QQRRNNJXDYEDNO-UHFFFAOYSA-M","C21H19F27INO3","972.997853408","C[N+](CCO)(CCO)CC(O)CC(F)(F)C(F)(F)C(F)(F)C(F)(F)C(F)(F)C(F)(F)C(F)(F)C(F)(F)C(F)(F)C(F)(F)C(F)(C(F)(F)F)C(F)(F)F.[I-]"
"DTXSID50881149","94159-78-1","NYBKVKNKHROYAF-UHFFFAOYSA-M","C17H19F19INO3","773.010627648","C[N+](CCO)(CCO)CC(O)CC(F)(F)C(F)(F)C(F)(F)C(F)(F)C(F)(F)C(F)(F)C(F)(C(F)(F)F)C(F)(F)F.[I-]"
"DTXSID50881164","94159-90-7","JUINJVGRXCBZQR-UHFFFAOYSA-N","C15H11F19O2","584.045565772","CC1(C)OCC(CC(F)(F)C(F)(F)C(F)(F)C(F)(F)C(F)(F)C(F)(F)C(F)(C(F)(F)F)C(F)(F)F)O1"
"DTXSID50881169","94200-43-8","OPYLRJAHXRPJLM-UHFFFAOYSA-N","C17H8F29O5P","873.964628366","O=P(O)(O)OCC(O)CC(F)(F)C(F)(F)C(F)(F)C(F)(F)C(F)(F)C(F)(F)C(F)(F)C(F)(F)C(F)(F)C(F)(F)C(F)(F)C(F)(F)C(F)(F)C(F)(F)F"
"DTXSID50881184","94200-53-0","MRIACIFWLACMIV-UHFFFAOYSA-N","C20H14F35N2O5P","1058.008145878","O=P([O-])([O-])OCC(O)CC(F)(F)C(F)(F)C(F)(F)C(F)(F)C(F)(F)C(F)(F)C(F)(F)C(F)(F)C(F)(F)C(F)(F)C(F)(F)C(F)(F)C(F)(F)C(F)(F)C(F)(C(F)(F)F)C(F)(F)F.[NH4+].[NH4+]"
"DTXSID50881189","94237-12-4","LRSJTQPYYQNQPP-UHFFFAOYSA-N","C37H41F13O14Si","984.205799382","C=CC(=O)OCC(COC(=O)C=C)(COC(=O)C=C)CO[Si](C)(CCC(F)(F)C(F)(F)C(F)(F)C(F)(F)C(F)(F)C(F)(F)F)OCC(COC(=O)C=C)(COC(=O)C=C)COC(=O)C=C"
"DTXSID50881280","68891-97-4","NPOZUVCXDLDFAO-UHFFFAOYSA-H","C17H28Cl4Cr2F15NO9S","950.880399",NA
"DTXSID50881301","90480-56-1","-","-","-",NA
"DTXSID50881306","90622-43-8","-","-","-",NA
"DTXSID50881321","91770-74-0","-","-","-",NA
"DTXSID50881326","92332-26-8","-","-","-",NA
"DTXSID50881341","133881-46-6","YNBWNZPDOMGTFG-UHFFFAOYSA-N","C8F18O","453.96617258","FC(F)(F)OC(F)(F)C(F)(F)C(F)(F)C(F)(F)C(F)(F)C(F)(F)C(F)(F)F"
"DTXSID50881361","57765-32-9","FCKLKTONMBFOJD-UHFFFAOYSA-M","C13H14F17IN2O2S","711.954926428","C[N+](C)(C)CCNS(=O)(=O)C(F)(F)C(F)(F)C(F)(F)C(F)(F)C(F)(F)C(F)(F)C(F)(F)C(F)(F)F.[I-]"
"DTXSID50881366","54009-74-4","ZYHAJXYNHIBBEH-UHFFFAOYSA-N","C12H8F19O5P","623.980596166","O=P(O)(O)OCC(O)CC(F)(F)C(F)(F)C(F)(F)C(F)(F)C(F)(F)C(F)(F)C(F)(F)C(F)(F)C(F)(F)F"
"DTXSID50881841","357624-15-8","-","-","-",NA
"DTXSID50881846","71608-45-2","-","-","-",NA
"DTXSID50881861","943344-69-2","-","-","-",NA
"DTXSID50881866","245331-02-6","-","-","-",NA
"DTXSID50881881","153325-45-2","-","-","-",NA
"DTXSID50881886","95144-12-0","-","-","-",NA
"DTXSID50881902","90194-07-3","-","-","-",NA
"DTXSID50881907","68516-17-6","-","-","-",NA
"DTXSID50881922","178233-65-3","-","-","-",NA
"DTXSID50881927","82606-24-4","-","-","-",NA
"DTXSID50881942","502164-17-2","-","-","-",NA
"DTXSID50881947","134042-87-8","-","-","-",NA
"DTXSID50881962","71215-70-8","-","-","-",NA
"DTXSID50881967","671756-62-0","-","-","-",NA
"DTXSID50881982","70983-62-9","-","-","-",NA
"DTXSID50881987","402574-89-4","-","-","-",NA
"DTXSID50882010","76199-70-7","-","-","-",NA
"DTXSID50882570","161074-58-4","-","-","-",NA
"DTXSID50882575","68909-15-9","-","-","-",NA
"DTXSID50882590","152286-23-2","-","-","-",NA
"DTXSID50882595","507225-08-3","-","-","-",NA
"DTXSID50882611","200358-70-9","-","-","-",NA
"DTXSID50882616","1012783-70-8","-","-","-",NA
"DTXSID50882631","195158-89-5","-","-","-",NA
"DTXSID50882636","241148-23-2","-","-","-",NA
"DTXSID50882651","68228-00-2","-","-","-",NA
"DTXSID50882656","512179-48-5","-","-","-",NA
"DTXSID50882676","30421-59-1","-","-","-",NA
"DTXSID50882691","214002-95-6","-","-","-",NA
"DTXSID50882696","503621-80-5","-","-","-",NA
"DTXSID50882712","1345817-52-8","-","-","-",NA
"DTXSID50882717","146289-38-5","-","-","-",NA
"DTXSID50882732","357924-15-3","-","-","-",NA
"DTXSID50882737","260794-09-0","-","-","-",NA
"DTXSID50882752","304012-61-1","-","-","-",NA
"DTXSID50882757","1793072-86-2","-","-","-",NA
"DTXSID50882772","110570-92-8","-","-","-",NA
"DTXSID50882777","150409-17-9","-","-","-",NA
"DTXSID50882792","118102-38-8","-","-","-",NA
"DTXSID50882797","104267-74-5","-","-","-",NA
"DTXSID50882813","118570-85-7","-","-","-",NA
"DTXSID50882818","330809-58-0","-","-","-",NA
"DTXSID50882833","515152-55-3","-","-","-",NA
"DTXSID50882838","224790-97-0","-","-","-",NA
"DTXSID50882853","68988-52-3","-","-","-",NA
"DTXSID50882858","350672-19-4","-","-","-",NA
"DTXSID50882878","355009-66-4","-","-","-",NA
"DTXSID50882893","90317-74-1","-","-","-",NA
"DTXSID50882898","504395-90-8","-","-","-",NA
"DTXSID50882914","65530-64-5","-","-","-",NA
"DTXSID50882919","178233-67-5","-","-","-",NA
"DTXSID50882934","213740-80-8","-","-","-",NA
"DTXSID50882939","332076-33-2","-","-","-",NA
"DTXSID50882954","50937-96-7","-","-","-",NA
"DTXSID50882959","179765-14-1","-","-","-",NA
"DTXSID50882974","70776-76-0","-","-","-",NA
"DTXSID50882979","65530-79-2","-","-","-",NA
"DTXSID50882994","161278-44-0","-","-","-",NA
"DTXSID50882999","146245-94-5","-","-","-",NA
"DTXSID50883002","161075-07-6","-","-","-",NA
"DTXSID50883007","71550-15-7","-","-","-",NA
"DTXSID50883022","208721-05-5","-","-","-",NA
"DTXSID50883027","259152-52-8","-","-","-",NA
"DTXSID50883042","65530-59-8","-","-","-",NA
"DTXSID50883047","160994-74-1","-","-","-",NA
"DTXSID50883062","71608-61-2","-","-","-",NA
"DTXSID50883067","68958-61-2","-","-","-",NA
"DTXSID50883082","75046-16-1","HFVPHRJCTIRZEM-UHFFFAOYSA-N","C15H15F17N2O4S","642.0481077","C[N+](C)(CCCNS(=O)(=O)C(F)(F)C(F)(F)C(F)(F)C(F)(F)C(F)(F)C(F)(F)C(F)(F)C(F)(F)F)CC(=O)[O-]"
"DTXSID50883087","71608-43-0","-","-","-",NA
"DTXSID50887449","68541-01-5","NIQGEMTXVGOSBT-UHFFFAOYSA-M","C21H5Cl4F15KNO6S","862.79892358","O=C([O-])c1c(Cl)c(Cl)c(Cl)c(Cl)c1C(=O)Nc1cccc(OS(=O)(=O)C(F)(F)C(F)(F)C(F)(F)C(F)(F)C(F)(F)C(F)(F)C(F)(F)F)c1.[K+]"
"DTXSID50889140","226409-30-9","HFIWGHMGTAOCRO-UHFFFAOYSA-N","C23H27F13O6","646.160005444","C=COCCCCOC(=O)C(CCC(F)(F)C(F)(F)C(F)(F)C(F)(F)C(F)(F)C(F)(F)F)C(=O)OCCCCOC=C"
"DTXSID50891127","484024-67-1","UVASEIOPFZQHHC-UHFFFAOYSA-O","C6H9F9N2O3S","360.019017128","O=S(=O)(NCC[O-])C(F)(F)C(F)(F)C(F)(F)C(F)(F)F.[NH4+]"
"DTXSID50892331","62880-93-7","OPDUAVPSWRKEKZ-UHFFFAOYSA-M","C15H17F13NNaO4S2","609.028911164","CC(C)(CS(=O)(=O)[O-])NC(=O)CCSCCC(F)(F)C(F)(F)C(F)(F)C(F)(F)C(F)(F)C(F)(F)F.[Na+]"
"DTXSID50892533","88992-45-4","AATYNBPIINGGLV-UHFFFAOYSA-M","C14H19ClF13NOS","531.066829768","C[N+](C)(C)CC(O)CSCCC(F)(F)C(F)(F)C(F)(F)C(F)(F)C(F)(F)C(F)(F)F.[Cl-]"
"DTXSID50892578","120226-60-0","AJMAYLFJZQYRHN-UHFFFAOYSA-N","C12H5F21O3S","627.96240764","O=S(=O)(O)CCC(F)(F)C(F)(F)C(F)(F)C(F)(F)C(F)(F)C(F)(F)C(F)(F)C(F)(F)C(F)(F)C(F)(F)F"
"DTXSID50892957","178094-74-1","IKTYOVKWKVJAFP-UHFFFAOYSA-N","C12H13F15N2O3S","550.040736576","C[N+](C)([O-])CCCNS(=O)(=O)C(F)(F)C(F)(F)C(F)(F)C(F)(F)C(F)(F)C(F)(F)C(F)(F)F"
"DTXSID50893287","70900-36-6","SZKQXLQBQOMQBW-UHFFFAOYSA-N","C27H30F13N3O8S","803.15460278","C=C(C)C(=O)OCC(C)O/C(O)=N/c1cc(/N=C(\O)OCCCCN(C)S(=O)(=O)C(F)(F)C(F)(F)C(F)(F)C(F)(F)C(F)(F)C(F)(F)F)ccc1C"
"DTXSID50893303","96210-37-6","ULSMOZVJXVYNDX-UHFFFAOYSA-N","C17H5F17O5","611.986553","O=C(O)c1cc(OC(F)=C(F)C(F)(F)C(F)(F)C(F)(F)C(F)(F)C(F)(F)C(F)(F)C(F)(F)F)cc(C(=O)O)c1"
"DTXSID50893308","98789-57-2","CJBQJWNHEORPRL-UHFFFAOYSA-M","C9F19NaO3S","571.91624532","O=S(=O)([O-])C(F)(F)C(F)(F)C(F)(F)C(F)(F)C(F)(F)C(F)(F)C(F)(F)C(F)(F)C(F)(F)F.[Na+]"
"DTXSID50893343","119141-87-6","OHZUHWZEGWCNQX-UHFFFAOYSA-N","C14F26","661.95848372","FC(F)(F)C(F)(C(F)(F)F)C(F)(F)C1(F)C(F)(F)C(F)(F)C2(F)C(F)(F)C(F)(F)C(F)(F)C(F)(F)C2(F)C1(F)F"
"DTXSID50893348","143356-32-5","AAPHNZCZOSOYTI-UHFFFAOYSA-N","C18F40N2","1003.9422768","FC(F)(F)C(F)(F)C(F)(F)N(C(F)(F)C(F)(F)C(F)(F)F)C(F)(F)C(F)(F)C(F)(F)C(F)(F)C(F)(F)C(F)(F)N(C(F)(F)C(F)(F)C(F)(F)F)C(F)(F)C(F)(F)C(F)(F)F"
"DTXSID50893404","543708-46-9","AZUBAGCUMALAFX-UHFFFAOYSA-N","C12H8F7NO","315.049411416","O=C(N1CCc2ccccc21)C(F)(F)C(F)(F)C(F)(F)F"
"DTXSID50893409","908020-52-0","UEVSRUAUNBKSPD-UHFFFAOYSA-N","C6H4F11NO4","362.996468028","O=C([O-])C(F)(F)OC(F)(F)C(F)(F)OC(F)(F)C(F)(F)F.[NH4+]"
"DTXSID50893500","393098-42-5","JKDZBIHMORMGRL-UHFFFAOYSA-N","C42H12F75O4P","2035.927561994","O=P(OCCC(F)(F)C(F)(F)C(F)(F)C(F)(F)C(F)(F)C(F)(F)C(F)(F)C(F)(F)C(F)(F)C(F)(F)C(F)(F)C(F)(F)F)(OCCC(F)(F)C(F)(F)C(F)(F)C(F)(F)C(F)(F)C(F)(F)C(F)(F)C(F)(F)C(F)(F)C(F)(F)C(F)(F)C(F)(F)F)OCCC(F)(F)C(F)(F)C(F)(F)C(F)(F)C(F)(F)C(F)(F)C(F)(F)C(F)(F)C(F)(F)C(F)(F)C(F)(F)C(F)(F)F"
"DTXSID50893560","96383-55-0","HIRPFUWZIZCTAN-UHFFFAOYSA-N","C11H6ClF13O2","451.984873972","C=C(Cl)C(=O)OCCC(F)(F)C(F)(F)C(F)(F)C(F)(F)C(F)(F)C(F)(F)F"
"DTXSID50893565","178094-76-3","HQIKMYJOLJOSOX-UHFFFAOYSA-N","C9H13F9N2O3S","400.050317256","C[N+](C)([O-])CCCNS(=O)(=O)C(F)(F)C(F)(F)C(F)(F)C(F)(F)F"
"DTXSID50894956","662-00-0","DUAKCVSNUIDZMC-UHFFFAOYSA-N","C4H3F7","184.012297636","CC(F)(F)C(F)(F)C(F)(F)F"
"DTXSID50895160","375-61-1","WXFBZGUXZMEPIR-UHFFFAOYSA-N","C5HF11","269.990260452","FC(F)C(F)(F)C(F)(F)C(F)(F)C(F)(F)F"
"DTXSID50895165","253342-14-2","DHVISCLQILVWLM-UHFFFAOYSA-N","C8H9F9","276.056054268","CCCCC(F)(F)C(F)(F)C(F)(F)C(F)(F)F"
"DTXSID50895180","129846-67-9","TWLUKCCXOGLBOR-UHFFFAOYSA-N","C7H5F9","260.02475414","C=CCC(F)(F)C(F)(F)C(F)(F)C(F)(F)F"
"DTXSID50895185","1313024-90-6","RBPHBIMHZSTIDT-REOHCLBHSA-N","C5H5F7O","214.02286232","C[C@H](O)C(F)(F)C(F)(F)C(F)(F)F"
"DTXSID50895201","106873-68-1","PEUFNQDFGAXIBO-UHFFFAOYSA-N","C16H25F9","388.18125478","CCCCCCCCCCCCC(F)(F)C(F)(F)C(F)(F)C(F)(F)F"
"DTXSID50895206","378-98-3","OZYMPEDHLCZKFH-UHFFFAOYSA-N","C9H5F7","246.0279477","FC(F)(F)C(F)(F)C(F)(F)c1ccccc1"
"DTXSID50895221","1835249-87-0","OOYUDVCBUIKSAP-UHFFFAOYSA-N","C13H15F13","418.09661734","CCCCCCCC(F)(F)C(F)(F)C(F)(F)C(F)(F)C(F)(F)C(F)(F)F"
"DTXSID50895226","319490-55-6","DCVKORWEQQJFNS-UHFFFAOYSA-N","C8H3Cl2F13","415.940422316","FC(F)(F)C(F)(F)C(F)(F)C(F)(F)C(F)(F)C(F)(F)C(Cl)CCl"
"DTXSID50895241","38787-57-4","JEXYDNQJEDESGU-UHFFFAOYSA-N","C14H15F15","468.09342378","CCCCCCCC(F)(F)C(F)(F)C(F)(F)C(F)(F)C(F)(F)C(F)(F)C(F)(F)F"
"DTXSID50895246","1835250-47-9","PQJWUGAPAMCURJ-UHFFFAOYSA-N","C13H11F17","490.058930092","CCCCCC(F)(F)C(F)(F)C(F)(F)C(F)(F)C(F)(F)C(F)(F)C(F)(F)C(F)(F)F"
"DTXSID50895261","648-39-5","IMFRQXJTPNCKAO-UHFFFAOYSA-N","C7HF13","331.987066892","FC(=CC(F)(F)C(F)(F)C(F)(F)F)C(F)(F)C(F)(F)F"
"DTXSID50895266","39239-79-7","HJYIVOYQMVJCSM-UHFFFAOYSA-N","C10H9F13O","392.044581768","OCCCCC(F)(F)C(F)(F)C(F)(F)C(F)(F)C(F)(F)C(F)(F)F"
"DTXSID50895281","113999-55-6","VWTHYYFOIOPGBF-UHFFFAOYSA-N","C12H15F9","330.10300446","CCCCCC=C(C)C(F)(F)C(F)(F)C(F)(F)C(F)(F)F"
"DTXSID50895286","92835-74-0","UAKCXZYWOHJHOQ-UHFFFAOYSA-N","C14H12F17I","629.971228124","CCCCC(I)CC(F)(F)C(F)(F)C(F)(F)C(F)(F)C(F)(F)C(F)(F)C(F)(F)C(F)(F)F"
"DTXSID50895302","38550-36-6","RMLPULXLJZBQLW-UHFFFAOYSA-N","C13H6F21I","687.917890812","CC(I)CC(F)(F)C(F)(F)C(F)(F)C(F)(F)C(F)(F)C(F)(F)C(F)(F)C(F)(F)C(F)(F)C(F)(F)F"
"DTXSID50895307","343627-68-9","IGVITSLVCFQODG-UHFFFAOYSA-N","C8H3F13","346.002716956","FC(=CCC(F)(F)C(F)(F)F)C(F)(F)C(F)(F)C(F)(F)F"
"DTXSID50895322","57325-44-7","UNLQLBOSUFWFJC-UHFFFAOYSA-N","C23H33F15","594.234274356","CCCCCCCCCCCCCCCCC(F)(F)C(F)(F)C(F)(F)C(F)(F)C(F)(F)C(F)(F)C(F)(F)F"
"DTXSID50895327","1835255-25-8","VWDQEOUJCKTHTF-UHFFFAOYSA-N","C16H12F22","622.058771224","FC(F)(F)C(F)(F)C(F)(F)C(F)(F)C(F)(F)CCCCCCC(F)(F)C(F)(F)C(F)(F)C(F)(F)C(F)(F)F"
"DTXSID50895342","66577-33-1","VGKYUGZSJHXAMS-UHFFFAOYSA-N","C14HF29","719.961518412","FC(F)C(F)(F)C(F)(F)C(F)(F)C(F)(F)C(F)(F)C(F)(F)C(F)(F)C(F)(F)C(F)(F)C(F)(F)C(F)(F)C(F)(F)C(F)(F)F"
"DTXSID50895347","129838-38-6","BMCDKBGGDPWONB-UHFFFAOYSA-N","C16H12F21I","729.964841004","CCCCC(I)CC(F)(F)C(F)(F)C(F)(F)C(F)(F)C(F)(F)C(F)(F)C(F)(F)C(F)(F)C(F)(F)C(F)(F)F"
"DTXSID50895362","81674-08-0","DGIIVPQTWKIVJI-UHFFFAOYSA-N","C11H5F7","270.0279477","FC(F)(F)C(F)(F)C(F)(F)C#Cc1ccccc1"
"DTXSID50895367","1417885-93-8","CGERURAEATYZQY-UHFFFAOYSA-N","C9H4F7I","371.924595668","FC(F)(F)C(F)(F)C(F)(F)c1ccc(I)cc1"
"DTXSID50895382","65500-50-7","RGBFMLVTZCWFSL-UHFFFAOYSA-N","C8F16","399.97445152","FC(=C(F)C(F)(F)C(F)(F)C(F)(F)C(F)(F)C(F)(F)F)C(F)(F)F"
"DTXSID50895387","250738-45-5","JSUQGUZCSAZOTF-UHFFFAOYSA-N","C28H37F21","772.255993804","CCCCCCCCCCCCCCCCCCC(F)(F)C(F)(F)C(F)(F)C(F)(F)C(F)(F)C(F)(F)C(F)(F)C(F)(F)C(F)(F)C(F)(F)F"
"DTXSID50895403","110927-73-6","TXEZRHDYRLWBDY-UHFFFAOYSA-N","C10H2ClF17","479.957357484","C=C(Cl)C(F)(F)C(F)(F)C(F)(F)C(F)(F)C(F)(F)C(F)(F)C(F)(F)C(F)(F)F"
"DTXSID50895408","1980076-48-9","JGSMPDWWNWUKFQ-UHFFFAOYSA-N","C23H26F22","720.168321672","FC(F)(F)C(F)(F)C(F)(F)C(F)(F)C(F)(F)CCCCCCCCCCCCCC(F)(F)C(F)(F)C(F)(F)C(F)(F)C(F)(F)F"
"DTXSID50895423","129838-42-2","CFMMYQUNYUCBII-UHFFFAOYSA-N","C21H22F21I","800.043091324","CCCCCCCCCC(I)CC(F)(F)C(F)(F)C(F)(F)C(F)(F)C(F)(F)C(F)(F)C(F)(F)C(F)(F)C(F)(F)C(F)(F)F"
"DTXSID50895428","1980054-34-9","MOUKMEQUQYGSIA-UHFFFAOYSA-N","C27H33F23","794.221500116","CCCCCCCCCCCCCCCCC(F)(F)C(F)(F)C(F)(F)C(F)(F)C(F)(F)C(F)(F)C(F)(F)C(F)(F)C(F)(F)C(F)(F)C(F)(F)F"
"DTXSID50895443","1274722-59-6","RPDYMBHOOYCGKA-UHFFFAOYSA-N","C10H6F13N","387.029266052","CC(C#N)CC(F)(F)C(F)(F)C(F)(F)C(F)(F)C(F)(F)C(F)(F)F"
"DTXSID50895448","677324-32-2","AIHVYRVVEYXPSZ-UHFFFAOYSA-N","C29H35F25","858.23395662","CCCCCCCCCCCCCCCCCC(F)(F)C(F)(F)C(F)(F)C(F)(F)C(F)(F)C(F)(F)C(F)(F)C(F)(F)C(F)(F)C(F)(F)C(F)(F)C(F)(F)F"
"DTXSID50895463","145327-73-7","LJBIKALQNZIBRR-UHFFFAOYSA-N","C8H11F7S2","304.019039892","CCSC(SCC)C(F)(F)C(F)(F)C(F)(F)F"
"DTXSID50895468","38550-45-7","WNOHMWCTVWXSJC-UHFFFAOYSA-N","C11H6F17IO","603.919192552","OCC(I)CC(F)(F)C(F)(F)C(F)(F)C(F)(F)C(F)(F)C(F)(F)C(F)(F)C(F)(F)F"
"DTXSID50895483","336-32-3","WUYMKOFAXHRRAD-UHFFFAOYSA-N","C8H7F7O4","300.023256244","O=C(O)CC(CC(=O)O)C(F)(F)C(F)(F)C(F)(F)F"
"DTXSID50895488","1257261-89-4","FGQWUSKFGXQYDQ-UHFFFAOYSA-N","C30H40F21I","926.1839419","CCCCCCCCCCCCCCCCCCC(I)CC(F)(F)C(F)(F)C(F)(F)C(F)(F)C(F)(F)C(F)(F)C(F)(F)C(F)(F)C(F)(F)C(F)(F)F"
"DTXSID50895504","160460-04-8","FIUWPWXECNIWRB-UHFFFAOYSA-N","C20H27F13","514.190517724","CCCCCCCCCCCCC=CC(F)(F)C(F)(F)C(F)(F)C(F)(F)C(F)(F)C(F)(F)F"
"DTXSID50895509","391894-95-4","KNZBXTXREIVSMC-UHFFFAOYSA-N","C26H12F42","1122.026835624","FC(F)(F)C(F)(F)C(F)(F)C(F)(F)C(F)(F)C(F)(F)C(F)(F)C(F)(F)C(F)(F)C(F)(F)CCCCCCC(F)(F)C(F)(F)C(F)(F)C(F)(F)C(F)(F)C(F)(F)C(F)(F)C(F)(F)C(F)(F)C(F)(F)F"
"DTXSID50895524","169289-67-2","DCPYMVVGFRCXDW-UHFFFAOYSA-N","C8H7F11O2","344.027039884","OCCOCC(F)(F)C(F)(F)C(F)(F)C(F)(F)C(F)(F)F"
"DTXSID50895529","1228693-32-0","PVAITOYPILTULJ-UHFFFAOYSA-N","C11H9ClF17NO","529.010121328","Cl.NOCCCC(F)(F)C(F)(F)C(F)(F)C(F)(F)C(F)(F)C(F)(F)C(F)(F)C(F)(F)F"
"DTXSID50895544","222037-87-8","WQELDDKOSOQCBX-UHFFFAOYSA-N","C8BrF15O","475.88930002","O=C(Br)C(F)(F)C(F)(F)C(F)(F)C(F)(F)C(F)(F)C(F)(F)C(F)(F)F"
"DTXSID50895549","135588-58-8","IMGWTCMULAUXKG-UHFFFAOYSA-N","C30H20F42","1178.08943588","FC(F)(F)C(F)(F)C(F)(F)C(F)(F)C(F)(F)C(F)(F)C(F)(F)C(F)(F)C(F)(F)C(F)(F)CCCCCCCCCCC(F)(F)C(F)(F)C(F)(F)C(F)(F)C(F)(F)C(F)(F)C(F)(F)C(F)(F)C(F)(F)C(F)(F)F"
"DTXSID50895564","136909-75-6","BZUFDAKEQILHDE-UHFFFAOYSA-N","C8H9F7O2","270.049077068","CC(=O)OC(C)CC(F)(F)C(F)(F)C(F)(F)F"
"DTXSID50895569","336-65-2","UCZXOGFHGJONAJ-UHFFFAOYSA-N","C10H13F7O2","298.080377196","CCCCCCOC(=O)C(F)(F)C(F)(F)C(F)(F)F"
"DTXSID50895584","136022-87-2","AYYYDLPIWJFWNG-UHFFFAOYSA-N","C10H7F13O2","406.023846324","CCC(C(=O)O)C(F)(F)C(F)(F)C(F)(F)C(F)(F)C(F)(F)C(F)(F)F"
"DTXSID50895589","1980064-30-9","MOHPJJQBMZLKSR-UHFFFAOYSA-N","C28H14F42I2","1401.851431688","FC(F)(F)C(F)(F)C(F)(F)C(F)(F)C(F)(F)C(F)(F)C(F)(F)C(F)(F)C(F)(F)C(F)(F)CC(I)CCCCC(I)CC(F)(F)C(F)(F)C(F)(F)C(F)(F)C(F)(F)C(F)(F)C(F)(F)C(F)(F)C(F)(F)C(F)(F)F"
"DTXSID50895600","186599-47-3","XCHWSLCPPHNNRO-UHFFFAOYSA-N","C15H19F17N2Si","578.104604878","CN(C)[Si](C)(CCC(F)(F)C(F)(F)C(F)(F)C(F)(F)C(F)(F)C(F)(F)C(F)(F)C(F)(F)F)N(C)C"
"DTXSID50895605","425670-64-0","UFADEYDBOXASBQ-UHFFFAOYSA-M","C28H25F9O3S2","644.11014064","O=S(=O)([O-])C(F)(F)C(F)(F)C(F)(F)C(F)(F)F.c1ccc([S+](c2ccccc2)c2ccc(C3CCCCC3)cc2)cc1"
"DTXSID50895620","153910-98-6","ALAVCOZCLVZGKS-UHFFFAOYSA-N","C11H7F9O","326.035318824","COc1ccc(C(F)(F)C(F)(F)C(F)(F)C(F)(F)F)cc1"
"DTXSID50895625","120110-91-0","HVLNFEAJGJQHFN-UHFFFAOYSA-N","C10H7F9O3","346.025148064","CC(=O)C(C(C)=O)C(=O)C(F)(F)C(F)(F)C(F)(F)C(F)(F)F"
"DTXSID50895640","54326-26-0","QLOLJBGOVYZWBA-UHFFFAOYSA-N","C9F12","335.98083864","Fc1c(F)c(F)c(C(F)(F)C(F)(F)C(F)(F)F)c(F)c1F"
"DTXSID50895645","119285-89-1","OARRIBKBFYYUPS-UHFFFAOYSA-N","C9H5F13O","376.01328164","FC(F)(F)C(F)(F)C(F)(F)C(CC1CO1)(C(F)(F)F)C(F)(F)F"
"DTXSID50895660","162083-76-3","ZOZQDJSXCZKCEN-UHFFFAOYSA-N","C12H4F13I","521.915014988","FC(F)(F)C(F)(F)C(F)(F)C(F)(F)C(F)(F)C(F)(F)c1ccc(I)cc1"
"DTXSID50895665","129498-18-6","GVARJIFTROXOCA-UHFFFAOYSA-N","C24H20F34OSi2","1026.0509778","C[Si](C)(CCC(F)(F)C(F)(F)C(F)(F)C(F)(F)C(F)(F)C(F)(F)C(F)(F)C(F)(F)F)O[Si](C)(C)CCC(F)(F)C(F)(F)C(F)(F)C(F)(F)C(F)(F)C(F)(F)C(F)(F)C(F)(F)F"
"DTXSID50895680","96721-81-2","KKXHYYMDJMMUQM-UHFFFAOYSA-N","C8H3F9S","301.981175076","FC(F)(F)C(F)(F)C(F)(F)C(F)(F)c1cccs1"
"DTXSID50895685","103573-07-5","DVQXCHAOWHNHSQ-UHFFFAOYSA-N","C8F17N","432.97592874","FC(=NC(F)(F)C(F)(F)C(F)(F)C(F)(F)F)C(F)(F)C(F)(F)C(F)(F)F"
"DTXSID50895701","376-56-7","JFDAGRQBXXAVSD-UHFFFAOYSA-N","C9H5F11O2","354.01138982","C=CC(=O)OCC(F)(F)C(F)(F)C(F)(F)C(F)(F)C(F)(F)F"
"DTXSID50895706","165281-74-3","JGUVWYUPMQRWNA-UHFFFAOYSA-N","C11H8F13IO2","545.936144356","CCOC(=O)C(I)CC(F)(F)C(F)(F)C(F)(F)C(F)(F)C(F)(F)C(F)(F)F"
"DTXSID50895721","142706-74-9","MSKXUCZYFWBJQG-UHFFFAOYSA-N","C10H8F7NO","291.049411416","Nc1ccc(OCC(F)(F)C(F)(F)C(F)(F)F)cc1"
"DTXSID50895726","53378-90-8","DASVACNPTZCVQR-UHFFFAOYSA-N","C10H5F13O2","404.00819626","C=CCOC(=O)C(F)(F)C(F)(F)C(F)(F)C(F)(F)C(F)(F)C(F)(F)F"
"DTXSID50895741","171182-86-8","BZPMRPBNUBBPDV-UHFFFAOYSA-N","C7H4F12O3S","395.968953628","O=S(=O)(OCCC(F)(F)C(F)(F)C(F)(F)C(F)(F)F)C(F)(F)F"
"DTXSID50895746","937676-00-1","HBSJCZBPVSTIDA-UHFFFAOYSA-N","C7H2ClF7N2","281.979473284","FC(F)(F)C(F)(F)C(F)(F)c1nccc(Cl)n1"
"DTXSID50895761","185230-63-1","MCVGSSHSKHYZGK-UHFFFAOYSA-N","C14H3F25O2","677.973384836","COC(=O)C(F)(F)C(F)(F)C(F)(F)C(F)(F)C(F)(F)C(F)(F)C(F)(F)C(F)(F)C(F)(F)C(F)(F)C(F)(F)C(F)(F)F"
"DTXSID50895923","168632-11-9","OJCJXJDRDHYJSH-UHFFFAOYSA-N","C7H2F14O3S","431.950110004","O=S(=O)(OCC(F)(F)C(F)(F)C(F)(F)C(F)(F)C(F)(F)F)C(F)(F)F"
"DTXSID50895928","773895-92-4","KARHZRMEDSJNIM-UHFFFAOYSA-M","C24H36F17NO3S","741.214444752","CCCCCCCCCC[N+](CC)(CC)CC.O=S(=O)([O-])C(F)(F)C(F)(F)C(F)(F)C(F)(F)C(F)(F)C(F)(F)C(F)(F)C(F)(F)F"
"DTXSID50895943","123825-50-3","SWGJHJPLSVAHJS-UHFFFAOYSA-N","C11H6F7N","285.038846732","FC(F)(F)C(F)(F)C(F)(F)c1cc2ccccc2[nH]1"
"DTXSID50895948","94817-79-5","PBRMQLWBNAZWRE-UHFFFAOYSA-N","C15H14F19NO","585.077200248","CCC(C)NCC(O)C(F)(F)C(F)(F)C(F)(F)C(F)(F)C(F)(F)C(F)(F)C(F)(F)C(F)(F)C(F)(F)F"
"DTXSID50895963","1310492-25-1","UZONEQFBIPIBNM-UHFFFAOYSA-N","C12H9F7O2","318.049077068","CCOC(=O)c1ccccc1C(F)(F)C(F)(F)C(F)(F)F"
"DTXSID50895968","120253-76-1","QKUCBJOOBNTYEJ-UHFFFAOYSA-N","C15H24F7NO","367.174611928","CCCCCCCCCCCNC(=O)C(F)(F)C(F)(F)C(F)(F)F"
"DTXSID50895983","123825-52-5","HIFQQOFKAPUNDA-UHFFFAOYSA-N","C8H4F7NO","263.018111288","O=Cc1ccc(C(F)(F)C(F)(F)C(F)(F)F)[nH]1"
"DTXSID50895988","1427176-16-6","VQFOWJGPZJPHPF-UHFFFAOYSA-N","C7H8F9NO2S","341.013203476","CCN(C)S(=O)(=O)C(F)(F)C(F)(F)C(F)(F)C(F)(F)F"
"DTXSID50896011","164792-01-2","WUSAKTXDNLIMLJ-UHFFFAOYSA-N","C12H9F7N2","314.065395828","FC(F)(F)C(F)(F)C(F)(F)C(c1ccc[nH]1)c1ccc[nH]1"
"DTXSID50896016","153339-13-0","LSTORYFJUHQATM-UHFFFAOYSA-N","C10H13F9N2O","348.088417016","CN(C)CCCNC(=O)C(F)(F)C(F)(F)C(F)(F)C(F)(F)F"
"DTXSID50896031","1030606-42-8","FMUNPDCTOUKDBU-UHFFFAOYSA-N","C12H8F7N","299.054496796","Cc1c(C(F)(F)C(F)(F)C(F)(F)F)[nH]c2ccccc12"
"DTXSID50896036","1606997-39-0","SCPDNSNLDOXQFM-ONEGZZNKSA-N","C9H7F9O3S","365.997219064","CCOC(=O)/C=C/S(=O)C(F)(F)C(F)(F)C(F)(F)C(F)(F)F"
"DTXSID50896051","736-62-9","NIXAZLSKEGYCPS-UHFFFAOYSA-N","C11H7F7N2O","316.044660384","O=C(NN=Cc1ccccc1)C(F)(F)C(F)(F)C(F)(F)F"
"DTXSID50896056","1427176-17-7","GVOWXVATHAHFAV-UHFFFAOYSA-N","C9H8F13NO2S","441.006816356","CCN(C)S(=O)(=O)C(F)(F)C(F)(F)C(F)(F)C(F)(F)C(F)(F)C(F)(F)F"
"DTXSID50896071","23790-50-3","MHDMAFIFHRRKPR-UHFFFAOYSA-N","C18F33N3","884.95652826","FC(F)(F)C(F)(F)C(F)(F)C(F)(F)C(F)(F)c1nc(C(F)(F)C(F)(F)C(F)(F)C(F)(F)C(F)(F)F)nc(C(F)(F)C(F)(F)C(F)(F)C(F)(F)C(F)(F)F)n1"
"DTXSID50896076","1463426-93-8","ODFUDDIRPDIWPT-UHFFFAOYSA-N","C10H5F9O4S","391.97648362","O=S(=O)(Oc1ccc(O)cc1)C(F)(F)C(F)(F)C(F)(F)C(F)(F)F"
"DTXSID50896091","123825-55-8","UNGNFRUVFWDOJY-UHFFFAOYSA-N","C9H6F7NO","277.033761352","Cc1cc(C(F)(F)C(F)(F)C(F)(F)F)c(C=O)[nH]1"
"DTXSID50896096","626201-15-8","MWRLGFXVCBBSFO-UHFFFAOYSA-N","C11H4F9NO3S","400.976817968","N#Cc1ccc(OS(=O)(=O)C(F)(F)C(F)(F)C(F)(F)C(F)(F)F)cc1"
"DTXSID50896112","1417316-15-4","LCROMADRNFAIKT-RXMQYKEDSA-N","C9H13F9N2O2S","384.055402636","CC(C)[C@H](N)CNS(=O)(=O)C(F)(F)C(F)(F)C(F)(F)C(F)(F)F"
"DTXSID50896117","4454-57-3","ZRHFULOSEUETLM-UHFFFAOYSA-N","C10H8F7N3O2S","367.022545036","N=C(NNS(=O)(=O)c1ccccc1)C(F)(F)C(F)(F)C(F)(F)F"
"DTXSID50896132","386-84-5","WMHGSOYODMNMSD-UHFFFAOYSA-N","C16H22F7NO","377.158961864","O=C(N(C1CCCCC1)C1CCCCC1)C(F)(F)C(F)(F)C(F)(F)F"
"DTXSID50896137","109373-81-1","YFAWEJJVFJXUJF-UHFFFAOYSA-N","C10H6F7N3O","317.039909352","O=C(NN=Cc1ccncc1)C(F)(F)C(F)(F)C(F)(F)F"
"DTXSID50896152","1463426-91-6","PYKVOGIGEBVLSI-UHFFFAOYSA-N","C12H10F9NO3S","419.02376816","CN(C)c1ccc(OS(=O)(=O)C(F)(F)C(F)(F)C(F)(F)C(F)(F)F)cc1"
"DTXSID50896157","327630-35-3","VOBUCWYYRVENGT-UHFFFAOYSA-N","C14H4BrF13S2","561.873021088","FC(F)(F)C(F)(F)C(F)(F)C(F)(F)C(F)(F)C(F)(F)c1ccc(-c2ccc(Br)s2)s1"
"DTXSID50896172","344282-18-4","WYHGHNIBXSPBLM-UHFFFAOYSA-N","C15H5F18NO","557.00837174","O=C(Nc1ccc(F)cc1)C(F)(F)C(F)(F)C(F)(F)C(F)(F)C(F)(F)C(F)(F)C(F)(F)C(F)(F)F"
"DTXSID50896177","560092-29-7","NALAEANMNNNTHF-UHFFFAOYSA-N","C12H11F13N2O","446.066379832","CN1CCN(C(=O)C(F)(F)C(F)(F)C(F)(F)C(F)(F)C(F)(F)C(F)(F)F)CC1"
"DTXSID50896192","356795-59-0","UZHFMCLWCHAURR-UHFFFAOYSA-N","C7H4F7N3OS","310.996330288","CC(=O)Nc1nnc(C(F)(F)C(F)(F)C(F)(F)F)s1"
"DTXSID50896197","240121-57-7","POKRZDJIXMSAAM-UHFFFAOYSA-N","C23H17F13N2O","584.113330024","O=C(CCCCCc1nc2cc3ccccc3cc2[nH]1)C(F)(F)C(F)(F)C(F)(F)C(F)(F)C(F)(F)C(F)(F)F"
"DTXSID50896213","95851-62-0","IIRSTMSLANXKGX-UHFFFAOYSA-N","C13H14ClF13N2O2","512.053622228","Cl.O=C(N1CCN(CCO)CC1)C(F)(F)C(F)(F)C(F)(F)C(F)(F)C(F)(F)C(F)(F)F"
"DTXSID50896218","147916-78-7","MHGACOGUAGEXMU-UHFFFAOYSA-N","C10H6F7N5O","345.046057352","CC(=O)Nc1ncnc2[nH]c(C(F)(F)C(F)(F)C(F)(F)F)nc12"
"DTXSID50896233","1428569-18-9","CCCFGOLUOHAGOK-UHFFFAOYSA-N","C11H11F7N2O2","336.070875132","CCOC(=O)Cc1cc(C(F)(F)C(F)(F)C(F)(F)F)nn1C"
"DTXSID50896238","95654-14-1","FWAHHXBYEZUSRR-UHFFFAOYSA-N","C22H32F7NO7","555.206699904","CC(C)COC(=O)C(CC(C(=O)OCC(C)C)C(=O)OCC(C)C)NC(=O)C(F)(F)C(F)(F)C(F)(F)F"
"DTXSID50896253","240801-56-3","IUCCIVARQVPPPQ-UHFFFAOYSA-N","C16H14F17NO3S","623.042294048","O=C1CCCCCCC1NS(=O)(=O)C(F)(F)C(F)(F)C(F)(F)C(F)(F)C(F)(F)C(F)(F)C(F)(F)C(F)(F)F"
"DTXSID50896258","162441-56-7","CNBJFNYJJAGHOD-UHFFFAOYSA-N","C18H8F7NO3","419.039240656","O=C1c2ccccc2C(=O)c2c(NC(=O)C(F)(F)C(F)(F)C(F)(F)F)cccc21"
"DTXSID50896273","299198-90-6","NMSMFTYYEWHMJX-UHFFFAOYSA-N","C13H5F9N2OS","407.99788776","O=C(Nc1nc(-c2ccc(F)c(F)c2)cs1)C(F)(F)C(F)(F)C(F)(F)F"
"DTXSID50896278","135339-05-8","AILIUGSCIINIHV-UHFFFAOYSA-N","C17H9F15N2O2","558.042450828","CCOC(=O)c1c(C(F)(F)C(F)(F)C(F)(F)C(F)(F)C(F)(F)C(F)(F)C(F)(F)F)nc2ccccn12"
"DTXSID50896293","1274903-97-7","FUHVEPPHYBKPIV-UHFFFAOYSA-N","C5H4BrF7","275.938459768","FC(F)(F)C(F)(CCBr)C(F)(F)F"
"DTXSID50896298","1840-17-1","UDLSJLBLIOSNHV-UHFFFAOYSA-N","C5HF9","231.993454012","FC(F)=CC(F)(C(F)(F)F)C(F)(F)F"
"DTXSID50896314","2396-23-8","WMHKRCCSOYETGK-UHFFFAOYSA-N","C9H4BrF7","323.938459768","FC(F)(F)C(F)(c1ccc(Br)cc1)C(F)(F)F"
"DTXSID50896319","51114-14-8","YJSZKBRBJZKRTE-UHFFFAOYSA-N","C13H7F7","296.043597764","FC(F)(F)C(F)(c1ccc2ccccc2c1)C(F)(F)F"
"DTXSID50896334","390410-82-9","NLUBBCMDGCPSRF-UHFFFAOYSA-N","C15H13F19O","570.066301216","OCCCCCCC(F)(F)C(F)(F)C(F)(F)C(F)(F)C(F)(F)C(F)(F)C(F)(C(F)(F)F)C(F)(F)F"
"DTXSID50896339","353272-55-6","WHUXAGOTPKHLPX-UHFFFAOYSA-N","C11H8BrF7","351.969759896","Cc1cc(C(F)(C(F)(F)F)C(F)(F)F)cc(C)c1Br"
"DTXSID50896354","273735-78-7","QIRDSKZNAOJVIT-UHFFFAOYSA-N","C11H8F7N","287.054496796","FC(F)(F)C(F)(c1ccc2c(c1)CCN2)C(F)(F)F"
"DTXSID50896359","1463530-23-5","XZBAXDNRXUURQG-UHFFFAOYSA-N","C10H5F7N2","286.0340957","N#Cc1ccc(N)cc1C(F)(C(F)(F)F)C(F)(F)F"
"DTXSID50896374","851535-00-7","XFMXXCDEWNANAK-UHFFFAOYSA-N","C9F18O2","481.9610872","O=C(C(F)(OC(F)(F)C(F)(F)C(F)(F)F)C(F)(F)F)C(F)(C(F)(F)F)C(F)(F)F"
"DTXSID50896379","20017-56-5","LZSQJYLYIHNMKJ-UHFFFAOYSA-N","C10HF11O2","361.980089692","O=C(O)c1c(F)c(F)c(C(F)(C(F)(F)F)C(F)(F)F)c(F)c1F"
"DTXSID50896394","1248393-88-5","PWZKIFNXOSTNPU-UHFFFAOYSA-N","C10H4F7NO2","303.013025908","O=c1[nH]c2ccc(C(F)(C(F)(F)F)C(F)(F)F)cc2o1"
"DTXSID50896399","1355554-70-9","UWANKTMJFLSJKU-UHFFFAOYSA-N","C15H15F7O2S","392.06809826","CCc1c(C(=O)O)ccc(C(F)(C(F)(F)F)C(F)(F)F)c1SC(C)C"
"DTXSID50896410","105923-37-3","GIYRQQVGUJGTBO-UHFFFAOYSA-N","C10HF12NO","378.986652292","O=C(Nc1c(F)c(F)c(F)c(F)c1F)C(F)(C(F)(F)F)C(F)(F)F"
"DTXSID50896415","65439-50-1","WZYJANZQIJZYAB-UHFFFAOYSA-N","C16H5F17O3","567.99672376","O=C(O)c1ccc(OC(=C(C(F)(C(F)(F)F)C(F)(F)F)C(F)(C(F)(F)F)C(F)(F)F)C(F)(F)F)cc1"
"DTXSID50896430","1355555-05-3","RAEYMZSRWYHJQP-UHFFFAOYSA-N","C16H17F7O3S","422.078662944","CCc1c(C(=O)O)ccc(C(F)(C(F)(F)F)C(F)(F)F)c1S(=O)C(C)(C)C"
"DTXSID50896435","97220-62-7","LDLRRXSIVVBDSG-UHFFFAOYSA-N","C17H5F17O5","611.986553","O=C(O)c1cc(OC(=C(C(F)(C(F)(F)F)C(F)(F)F)C(F)(C(F)(F)F)C(F)(F)F)C(F)(F)F)cc(C(=O)O)c1"
"DTXSID50896450","1419865-32-9","MBYFCFZVSBVQKD-UHFFFAOYSA-N","C11HF11O3","389.975004312","O=C1OC(O)(C(F)(C(F)(F)F)C(F)(F)F)c2c(F)c(F)c(F)c(F)c21"
"DTXSID50896455","862130-67-4","DAQVNRRSRQBTRV-UHFFFAOYSA-N","C25H17F9N2O2","548.114631764","Cc1cc(C(F)(C(F)(F)F)C(F)(F)F)cc(C)c1NC(=O)c1cccc(NC(=O)c2cc(F)ccc2F)c1"
"DTXSID50896470","862134-28-9","AMDGHCIYCBPNDR-UHFFFAOYSA-N","C26H18F9N3O4","607.115360036","Cc1cc(C(F)(C(F)(F)F)C(F)(F)F)cc(C)c1NC(=O)c1cccc(N(C)C(=O)c2ccc(F)cc2[N+](=O)[O-])c1F"
"DTXSID50896475","138370-72-6","HWWASZGFIYQTSO-UHFFFAOYSA-N","C4F9IO2","377.87993122","FC(F)(F)OC(F)(F)C(F)(F)OC(F)(F)I"
"DTXSID50896490","1482416-51-2","IWTUOKVDRWNISV-UHFFFAOYSA-N","C13BrF27O4","811.85488252","FC(F)(F)C(F)(F)OC(F)(F)C(F)(OC(F)(F)C(F)(OC(F)(F)C(F)(OC(F)(F)C(F)(F)Br)C(F)(F)F)C(F)(F)F)C(F)(F)F"
"DTXSID50896495","243128-41-8","UDRGWQXICZMATL-UHFFFAOYSA-N","C8H7F11O2","344.027039884","OCCCC(F)(OC(F)(F)C(F)(F)C(F)(F)F)C(F)(F)F"
"DTXSID50896511","2599-84-0","GKKVHBTVWDBEIN-UHFFFAOYSA-N","C11F22O3","597.9496147","FC(F)=C(F)OC(F)(F)C(F)(OC(F)(F)C(F)(OC(F)(F)C(F)(F)C(F)(F)F)C(F)(F)F)C(F)(F)F"
"DTXSID50896516","145510-87-8","JWWKWKYBBAZYRD-UHFFFAOYSA-N","C12H7F17O4","538.007288444","CCCOC(=O)C(F)(OC(F)(F)C(F)(OC(F)(F)C(F)(F)C(F)(F)F)C(F)(F)F)C(F)(F)F"
"DTXSID50896531","1622868-66-9","FIGBQVAJPJHIDX-UHFFFAOYSA-N","C11H3F17O3","505.981073696","C=CC(=O)OC(C(F)(F)F)(C(F)(F)F)C(F)(OC(F)(F)C(F)(F)C(F)(F)F)C(F)(F)F"
"DTXSID50896536","176702-71-9","JKPLZDRDWOXTIH-UHFFFAOYSA-N","C10H10F11NO2","385.05358898","CCN(CC)C(=O)C(F)(OC(F)(F)C(F)(F)C(F)(F)F)C(F)(F)F"
"DTXSID50896551","176702-73-1","RARVKFBGGANBMS-UHFFFAOYSA-N","C10H8F11NO3","399.032853536","O=C(N1CCOCC1)C(F)(OC(F)(F)C(F)(F)C(F)(F)F)C(F)(F)F"
"DTXSID50896556","176702-75-3","NAAVGJAQOMZPSW-UHFFFAOYSA-N","C14H10F17NO3","563.03892292","O=C(N1CCCCC1)C(F)(OC(F)(F)C(F)(OC(F)(F)C(F)(F)C(F)(F)F)C(F)(F)F)C(F)(F)F"
"DTXSID50896571","1882109-61-6","GFNPDTZZIUOUQV-UHFFFAOYSA-N","C8HF15O2","413.973702572","O=C(O)C(F)(C(F)(C(F)(F)F)C(F)(F)F)C(F)(C(F)(F)F)C(F)(F)F"
"DTXSID50896576","1882109-66-1","ACAHRYLWSNWTFN-UHFFFAOYSA-N","C8HF15O2","413.973702572","O=C(O)C(F)(C(F)(F)F)C(F)(C(F)(F)C(F)(F)F)C(F)(F)C(F)(F)F"
"DTXSID50896591","1882109-81-0","NIYNIRHIBYCSLY-UHFFFAOYSA-N","C8HF15O2","413.973702572","O=C(O)C(F)(F)C(F)(C(F)(F)F)C(F)(C(F)(F)F)C(F)(F)C(F)(F)F"
"DTXSID50896596","909009-42-3","HDWNCRCOUUAYQG-UHFFFAOYSA-N","C8HF15O2","413.973702572","O=C(O)C(F)(F)C(F)(F)C(F)(F)C(F)(C(F)(F)F)C(F)(F)C(F)(F)F"
"DTXSID50896612","4798-39-4","OIGSRLUDJHIAPI-UHFFFAOYSA-N","C11H14F6O4","324.079628248","FC(F)(COCC1CO1)C(F)(F)C(F)(F)COCC1CO1"
"DTXSID50896617","64080-43-9","NKCGXGYJCHOICG-UHFFFAOYSA-N","C5F8O","227.98214038","FC(F)=C(F)OC(F)(F)C(F)=C(F)F"
"DTXSID50896632","21049-39-8","HMGYIWSXCDCHRF-UHFFFAOYSA-M","C9F17NaO2","485.95245326","O=C([O-])C(F)(F)C(F)(F)C(F)(F)C(F)(F)C(F)(F)C(F)(F)C(F)(F)C(F)(F)F.[Na+]"
"DTXSID50896637","27619-94-9","CJZMVGPCWZSDSZ-UHFFFAOYSA-M","C8H4F13NaO3S","449.957126128","O=S(=O)([O-])CCC(F)(F)C(F)(F)C(F)(F)C(F)(F)C(F)(F)C(F)(F)F.[Na+]"
"DTXSID50896652","29457-73-6","IFOMXPLNQLERFR-UHFFFAOYSA-M","C8F15KO2","451.92958422","O=C([O-])C(F)(F)C(F)(F)C(F)(F)C(F)(F)C(F)(C(F)(F)F)C(F)(F)F.[K+]"
"DTXSID50896657","75260-69-4","GSTHMLBOONSKMA-UHFFFAOYSA-M","C10H3F17KNO4S","594.914839996","O=C([O-])CNS(=O)(=O)C(F)(F)C(F)(F)C(F)(F)C(F)(F)C(F)(F)C(F)(F)C(F)(F)C(F)(F)F.[K+]"
"DTXSID50896672","148626-04-4","HALRAMNRSBXAOM-ONEGZZNKSA-N","C10H5F13","372.01836702","C=C/C=C/C(F)(F)C(F)(F)C(F)(F)C(F)(F)C(F)(F)C(F)(F)F"
"DTXSID50896677","125081-49-4","JJMVDGDNGYCDLM-VAWYXSNFSA-N","C18H23F13","486.159217596","CCCCCCCCCC/C=C/C(F)(F)C(F)(F)C(F)(F)C(F)(F)C(F)(F)C(F)(F)F"
"DTXSID50896692","51249-70-8","COSIKBRYNURQMV-OWOJBTEDSA-N","C18H2F34","863.961359544","FC(F)(F)C(F)(F)C(F)(F)C(F)(F)C(F)(F)C(F)(F)C(F)(F)C(F)(F)/C=C/C(F)(F)C(F)(F)C(F)(F)C(F)(F)C(F)(F)C(F)(F)C(F)(F)C(F)(F)F"
"DTXSID50896697","85963-79-7","OSCIIPAIQXGYEP-UHFFFAOYSA-N","C4HF9O4S","315.945183492","O=S(=O)(OO)C(F)(F)C(F)(F)C(F)(F)C(F)(F)F"
"DTXSID50896713","154375-43-6","KBXCBBOPXFWBOU-VURMDHGXSA-N","C12H7F7O2","316.033427004","O=C(O)/C=C(/c1ccccc1)C(F)(F)C(F)(F)C(F)(F)F"
"DTXSID50896718","119206-62-1","JFMAWTVFERLZEZ-OAQYLSRUSA-N","C25H41F7O5","554.284221952","CCCCCCCCCCCCCCCCOC[C@H](COC(=O)C(F)(F)C(F)(F)C(F)(F)F)OC(C)=O"
"DTXSID50896733","96426-90-3","IDWRANVEUXADFK-UHFFFAOYSA-M","C14H12F17N2NaO4S","650.014401884","CN(C)CCN(CC(=O)[O-])S(=O)(=O)C(F)(F)C(F)(F)C(F)(F)C(F)(F)C(F)(F)C(F)(F)C(F)(F)C(F)(F)F.[Na+]"
"DTXSID50896738","147916-81-2","YDSSWKLQGNLUCE-UUOKFMHZSA-N","C13H12F7N5O4","435.077751404","Nc1ncnc2c1nc(C(F)(F)C(F)(F)C(F)(F)F)n2[C@@H]1O[C@H](CO)[C@@H](O)[C@H]1O"
"DTXSID50896753","218462-19-2","AHIXHTBRZAVKDC-WLHGVMLRSA-N","C6H5Cl2F7O","295.96056768","COC(F)(F)C(F)(F)C(F)(F)F.Cl/C=C/Cl"
"DTXSID50896955","26446-59-3","CJFUEPJVIFJOOU-UHFFFAOYSA-N","C8H7F9O","290.035318824","FC(F)(F)C(F)(F)C(F)(F)C(F)(F)C1CCCO1"
"DTXSID50896970","125009-58-7","IDISKCPCZUBKJW-UHFFFAOYSA-N","C20H22F14O4Sr","680.035066364","CC(C)(C)C(=O)CC(=O)C(F)(F)C(F)(F)C(F)(F)F.CC(C)(C)C(=O)CC(=O)C(F)(F)C(F)(F)C(F)(F)F.[Sr+2]"
"DTXSID50896975","1303994-31-1","ZWMSJJMEFTXAKG-MRXNPFEDSA-N","C4H2F9NOS","282.971338664","N[S@](=O)C(F)(F)C(F)(F)C(F)(F)C(F)(F)F"
"DTXSID50897003","24429-61-6","SKKPQHYWKCNHNB-UHFFFAOYSA-N","C7H6F7NO","253.033761352","C=CCNC(=O)C(F)(F)C(F)(F)C(F)(F)F"
"DTXSID50897008","799267-73-5","DSTBBDUNFCTUIQ-UHFFFAOYSA-M","C17H18F17NaO4S","664.055204076","CCCCCCCCC(OS(=O)(=O)[O-])C(F)(F)C(F)(F)C(F)(F)C(F)(F)C(F)(F)C(F)(F)C(F)(F)C(F)(F)F.[Na+]"
"DTXSID50897023","229957-05-5","BIPJUKYFQIKGRW-UPHRSURJSA-M","C8H2F9O4","332.980937524","O=C([O-])/C=C\C(=O)OC(F)(F)C(F)(F)C(F)(F)C(F)(F)F"
"DTXSID50897028","283172-09-8","PDIASJVTCFSDDH-UHFFFAOYSA-N","C9H5F7N2O","290.02901032","O=C(Nc1ccccn1)C(F)(F)C(F)(F)C(F)(F)F"
"DTXSID50897043","934166-50-4","OGBKVDKHMNTXID-OWOJBTEDSA-N","C20H2F34O4","951.941018024","O=C(/C=C/C(=O)OC(F)(F)C(F)(F)C(F)(F)C(F)(F)C(F)(F)C(F)(F)C(F)(F)C(F)(F)F)OC(F)(F)C(F)(F)C(F)(F)C(F)(F)C(F)(F)C(F)(F)C(F)(F)C(F)(F)F"
"DTXSID50897048","1612778-41-2","YFLVIEFTGMOWIU-WDTQFDANSA-N","C11H5F10NOS","388.99321698","O=[S@](/N=C/c1cccc(F)c1)C(F)(F)C(F)(F)C(F)(F)C(F)(F)F"
"DTXSID50897068","254889-10-6","MIWIUSUEFHOJJL-UHFFFAOYSA-N","C11H6F13N2O2S","476.994240292","O=S(=O)(N[n+]1ccccc1)C(F)(F)C(F)(F)C(F)(F)C(F)(F)C(F)(F)C(F)(F)F"
"DTXSID50897205","80284-51-1","YLJIJZLVEIFJJS-MRUKODCESA-N","C16H14F7N3O4","445.087253468","CC(C)(C)C(=O)/C(=N/Nc1ccc([N+](=O)[O-])cc1)C(=O)C(F)(F)C(F)(F)C(F)(F)F"
"DTXSID50897301","36393-27-8","NWBNFEYYYNUYIQ-JHQPOVGHSA-K","C30H30EuF21O6","1038.0919366","[2H]C([2H])([2H])C(C(=O)/C=C(\[O-])C(F)(F)C(F)(F)C(F)(F)F)(C([2H])([2H])[2H])C([2H])([2H])[2H].[2H]C([2H])([2H])C(C(=O)/C=C(\[O-])C(F)(F)C(F)(F)C(F)(F)F)(C([2H])([2H])[2H])C([2H])([2H])[2H].[2H]C([2H])([2H])C(C(=O)/C=C(\[O-])C(F)(F)C(F)(F)C(F)(F)F)(C([2H])([2H])[2H])C([2H])([2H])[2H].[Eu+3]"
"DTXSID50897467","681477-42-9","JSICGBRQXBLHDU-UHFFFAOYSA-N","C15H5F18IO4S2","781.8386566","O=S(=O)(C(=Ic1ccccc1)S(=O)(=O)C(F)(F)C(F)(F)C(F)(F)C(F)(F)F)C(F)(F)C(F)(F)C(F)(F)C(F)(F)F"
"DTXSID50897487","148192-46-5","LMMKESTXRCLSNQ-UHFFFAOYSA-N","C29H25F7NO2P","583.15111321","O=C(C(C(=O)C(F)(F)C(F)(F)C(F)(F)F)=P(c1ccccc1)(c1ccccc1)c1ccccc1)N1CCCCC1"
"DTXSID50897523","328065-29-8","CINUVEKCAUZRIJ-UHFFFAOYSA-N","C10H6F17NO4","527.002537412","C[NH3+].O=C([O-])C(F)(OC(F)(F)C(F)(OC(F)(F)C(F)(F)C(F)(F)F)C(F)(F)F)C(F)(F)F"
"DTXSID50897543","123116-17-6","-",NA,NA,"*C(F)(F)F.*F.O=C(O)C(F)C(F)C(F)C(F)C(F)C(F)(F)F"
"DTXSID50897548","125768-41-4","QIFGLIMWWRGHJJ-KTKRTIGZSA-N","C30H37F21O2","828.245823044","CCCCCCCC/C=C\CCCCCCCC(=O)OCCC(F)(F)C(F)(F)C(F)(F)C(F)(F)C(F)(F)C(F)(F)C(F)(F)C(F)(F)C(F)(F)C(F)(F)F"
"DTXSID50897563","85571-83-1","RBPHBIMHZSTIDT-UWTATZPHSA-N","C5H5F7O","214.02286232","C[C@@H](O)C(F)(F)C(F)(F)C(F)(F)F"
"DTXSID50897583","82030-81-7","-","-","-",NA
"DTXSID50897609","1033385-42-0","-","-","-",NA
"DTXSID50897624","220713-85-9","-","-","-",NA
"DTXSID50897629","65086-49-9","-","-","-",NA
"DTXSID50897644","428842-38-0","-","-","-",NA
"DTXSID50897649","161308-19-6","-","-","-",NA
"DTXSID50897664","1017237-71-6","-","-","-",NA
"DTXSID50897669","161212-22-2","-","-","-",NA
"DTXSID50897684","254889-79-7","-","-","-",NA
"DTXSID50897689","161212-14-2","-","-","-",NA
"DTXSID50897700","1646599-55-4","-","-","-",NA
"DTXSID50897705","253682-99-4","-","-","-",NA
"DTXSID60106971","161075-12-3","-","-","-",NA
"DTXSID60108016","220182-27-4","-","-","-",NA
"DTXSID60108076","274917-97-4","-","-","-",NA
"DTXSID60108096","306974-45-8","-","-","-",NA
"DTXSID60108596","1224429-82-6","-","-","-",NA
"DTXSID60162012","1423-20-7","GVPQTQICQWIEKB-UHFFFAOYSA-N","C6F18S","445.94332896","FC(F)(F)C(F)(F)C(F)(F)C(F)(F)C(F)(F)C(F)(F)S(F)(F)(F)(F)F"
"DTXSID60164839","15166-00-4","KTPONRIHDUNNPD-UHFFFAOYSA-N","C15H9F19O2","582.029915708","C=C(C)C(=O)OCCC(F)(F)C(F)(F)C(F)(F)C(F)(F)C(F)(F)C(F)(F)C(F)(C(F)(F)F)C(F)(F)F"
"DTXSID60175945","21581-82-8","CPAQQPJFMVGXBQ-UHFFFAOYSA-N","C5F10","249.9840322","FC(F)=C(F)C(F)(C(F)(F)F)C(F)(F)F"
"DTXSID60178870","24160-20-1","KFTQFKUTBYCXES-UHFFFAOYSA-N","C9H10F7NO2","297.0599761","O=C(CCN1CC1)OCC(F)(F)C(F)(F)C(F)(F)F"
"DTXSID60183949","29809-36-7","XEPZXQWMUFPPFO-UHFFFAOYSA-N","C22F45I","1245.8326179","FC(F)(F)C(F)(F)C(F)(F)C(F)(F)C(F)(F)C(F)(F)C(F)(F)C(F)(F)C(F)(F)C(F)(F)C(F)(F)C(F)(F)C(F)(F)C(F)(F)C(F)(F)C(F)(F)C(F)(F)C(F)(F)C(F)(F)C(F)(F)C(F)(F)C(F)(F)I"
"DTXSID60184456","30377-52-7","DRLDSHOYANTUND-UHFFFAOYSA-N","C11H5F17O2","492.00180914","CCOC(=O)C(F)(F)C(F)(F)C(F)(F)C(F)(F)C(F)(F)C(F)(F)C(F)(F)C(F)(F)F"
"DTXSID60184471","30389-25-4","UCHSAVGOZUCXHC-UHFFFAOYSA-N","C12H3F21","545.989942716","C=CC(F)(F)C(F)(F)C(F)(F)C(F)(F)C(F)(F)C(F)(F)C(F)(F)C(F)(F)C(F)(F)C(F)(F)F"
"DTXSID60184810","308-48-5","LOJJTTDNNWYSGX-UHFFFAOYSA-N","C8F18O","453.96617258","FC(F)(F)C(F)(F)C(F)(F)C(F)(F)OC(F)(F)C(F)(F)C(F)(F)C(F)(F)F"
"DTXSID60185221","313-72-4","JDCMOHAFGDQQJX-UHFFFAOYSA-N","C10F8","271.98722576","Fc1c(F)c(F)c2c(F)c(F)c(F)c(F)c2c1F"
"DTXSID60188833","35328-43-9","IMVVEWPCRIJQCA-UHFFFAOYSA-N","C10F20","499.9680644","FC(F)=C(F)C(F)(F)C(F)(F)C(F)(F)C(F)(F)C(F)(F)C(F)(F)C(F)(F)C(F)(F)F"
"DTXSID60188994","355-24-8","LGBGVSJBKFDYKH-UHFFFAOYSA-N","C4Cl2F8","269.92493112","FC(F)(Cl)C(F)(F)C(F)(F)C(F)(F)Cl"
"DTXSID60188999","355-74-8","NHEKBXPLFJSSBZ-UHFFFAOYSA-N","C6H6F8O2","262.024005192","OCC(F)(F)C(F)(F)C(F)(F)C(F)(F)CO"
"DTXSID60189067","356-28-5","CJABYGHRZGXUKQ-UHFFFAOYSA-N","C6H3F7O2","240.002126876","C=COC(=O)C(F)(F)C(F)(F)C(F)(F)F"
"DTXSID60190951","375-97-3","DSNMEFYRPYNWJJ-UHFFFAOYSA-N","C10HF21","519.974292652","FC(F)C(F)(F)C(F)(F)C(F)(F)C(F)(F)C(F)(F)C(F)(F)C(F)(F)C(F)(F)C(F)(F)F"
"DTXSID60191024","37589-57-4","WSXNCJNDCDTRSA-UHFFFAOYSA-N","C20F42","1037.93293524","FC(F)(F)C(F)(F)C(F)(F)C(F)(F)C(F)(F)C(F)(F)C(F)(F)C(F)(F)C(F)(F)C(F)(F)C(F)(F)C(F)(F)C(F)(F)C(F)(F)C(F)(F)C(F)(F)C(F)(F)C(F)(F)C(F)(F)C(F)(F)F"
"DTXSID60193068","40002-62-8","SRYIDYXKUUXFNI-UHFFFAOYSA-N","C9H9F7O2","282.049077068","CC(C)C(=O)CC(=O)C(F)(F)C(F)(F)C(F)(F)F"
"DTXSID60195123","423-54-1","UGMUDSKJLAUMTC-UHFFFAOYSA-N","C8H2F15NO","412.989686984","NC(=O)C(F)(F)C(F)(F)C(F)(F)C(F)(F)C(F)(F)C(F)(F)C(F)(F)F"
"DTXSID60197405","48076-44-4","OGTUUPXNYCOCKQ-UHFFFAOYSA-N","C11H7F13O2","418.023846324","C=C(C)C(=O)OCC(F)(F)C(F)(F)C(F)(F)C(F)(F)C(F)(F)C(F)(F)F"
"DTXSID60199121","51114-12-6","BPGZBMINTWQDOH-UHFFFAOYSA-N","C12H4F14","414.008945208","FC(F)(F)C(F)(c1ccc(C(F)(C(F)(F)F)C(F)(F)F)cc1)C(F)(F)F"
"DTXSID60231732","82422-25-1","QQIQOXWHMJDAHF-UHFFFAOYSA-N","C18H12F7NO2S","439.047697164","O=C(SCc1ccccc1)c1ccccc1NC(=O)C(F)(F)C(F)(F)C(F)(F)F"
"DTXSID60234364","85187-17-3","YYQFDGJQJNTHTO-UHFFFAOYSA-M","C12F25KO3S","737.88060204","O=S(=O)([O-])C(F)(F)C(F)(F)C(F)(F)C(F)(F)C(F)(F)C(F)(F)C(F)(F)C(F)(F)C(F)(F)C(F)(F)C(F)(F)C(F)(F)F.[K+]"
"DTXSID60239571","93762-11-9","BMUYUEMLIWGNHZ-UHFFFAOYSA-N","C7H8F9NO3S","357.008118096","CN(CCO)S(=O)(=O)C(F)(F)C(F)(C(F)(F)F)C(F)(F)F"
"DTXSID60239596","93776-23-9","OGDIQSOBOWNNQC-UHFFFAOYSA-N","C36H12F66NO4P","1806.945007014","O=P([O-])(OCCC(F)(F)C(F)(F)C(F)(F)C(F)(F)C(F)(F)C(F)(F)C(F)(F)C(F)(F)C(F)(F)C(F)(F)C(F)(F)C(F)(F)C(F)(F)C(F)(F)C(F)(F)C(F)(F)F)OCCC(F)(F)C(F)(F)C(F)(F)C(F)(F)C(F)(F)C(F)(F)C(F)(F)C(F)(F)C(F)(F)C(F)(F)C(F)(F)C(F)(F)C(F)(F)C(F)(F)C(F)(F)C(F)(F)F.[NH4+]"
"DTXSID60240985","94200-57-4","RJFPCNLXFAGIGO-UHFFFAOYSA-N","C15H6F27O4P","793.957257242","O=P(O)(O)OCCC(F)(F)C(F)(F)C(F)(F)C(F)(F)C(F)(F)C(F)(F)C(F)(F)C(F)(F)C(F)(F)C(F)(F)C(F)(C(F)(F)F)C(F)(F)F"
"DTXSID60241210","94237-13-5","BNJYLQUDLJSQIH-UHFFFAOYSA-N","C50H55F13O21Si","1266.27975217","C=CC(=O)OCC(COC(=O)C=C)(COC(=O)C=C)CO[Si](CCC(F)(F)C(F)(F)C(F)(F)C(F)(F)C(F)(F)C(F)(F)F)(OCC(COC(=O)C=C)(COC(=O)C=C)COC(=O)C=C)OCC(COC(=O)C=C)(COC(=O)C=C)COC(=O)C=C"
"DTXSID6027426","1691-99-2","HUFHNYZNTFSKCT-UHFFFAOYSA-N","C12H10F17NO3S","571.01099392","CCN(CCO)S(=O)(=O)C(F)(F)C(F)(F)C(F)(F)C(F)(F)C(F)(F)C(F)(F)C(F)(F)C(F)(F)F"
"DTXSID6029177","428-59-1","PGFXOWRDDHCDTE-UHFFFAOYSA-N","C3F6O","165.98533394","FC(F)(F)C1(F)OC1(F)F"
"DTXSID60296260","7079-86-9","MMHHDSOESNPFFR-UHFFFAOYSA-N","C7H6F7NO4","301.018505212","O=C(O)CC(C[N+](=O)[O-])C(F)(F)C(F)(F)C(F)(F)F"
"DTXSID60330471","40630-22-6","UEVZLRBJDKYWDS-UHFFFAOYSA-N","C5H3F9O2S","297.971004316","CS(=O)(=O)C(F)(F)C(F)(F)C(F)(F)C(F)(F)F"
"DTXSID60334479","375-96-2","UVWPNDVAQBNQBG-UHFFFAOYSA-N","C9F20","487.9680644","FC(F)(F)C(F)(F)C(F)(F)C(F)(F)C(F)(F)C(F)(F)C(F)(F)C(F)(F)C(F)(F)F"
"DTXSID60335704","134638-94-1","TWMBCWLVFGAURH-UHFFFAOYSA-N","C10H7F13O2","406.023846324","CCCOC(=O)C(F)(F)C(F)(F)C(F)(F)C(F)(F)C(F)(F)C(F)(F)F"
"DTXSID60338250","56554-52-0","ABNZIVVYHQYSLI-UHFFFAOYSA-N","C13H3F23O2","627.976578396","COC(=O)C(F)(F)C(F)(F)C(F)(F)C(F)(F)C(F)(F)C(F)(F)C(F)(F)C(F)(F)C(F)(F)C(F)(F)C(F)(F)F"
"DTXSID60346052","150223-14-6","WDWNMIBWWPZNJK-UHFFFAOYSA-N","C8H2F13I","471.899364924","FC(F)(F)C(F)(F)C(F)(F)C(F)(F)C(F)(F)C(F)(F)C=CI"
"DTXSID60367287","5141-88-8","UFXWGKWUEQVCSK-UHFFFAOYSA-N","C9H7F7N2","276.049745764","Nc1cc(N)cc(C(F)(F)C(F)(F)C(F)(F)F)c1"
"DTXSID60369822","307-79-9","QJFHNYDPNSFJMR-UHFFFAOYSA-N","C11H3F19O2","527.982965516","COC(=O)C(F)(F)C(F)(F)C(F)(F)C(F)(F)C(F)(F)C(F)(F)C(F)(F)C(F)(F)C(F)(F)F"
"DTXSID60370978","231953-34-7","IQHPIVLECIKIGS-UHFFFAOYSA-N","C17H4F26N2O","745.990846468","CC(=O)n1nc(C(F)(F)C(F)(F)C(F)(F)C(F)(F)C(F)(F)C(F)(F)F)cc1C(F)(F)C(F)(F)C(F)(F)C(F)(F)C(F)(F)C(F)(F)F"
"DTXSID60371288","96916-53-9","XKBHBVFIWWDGQX-UHFFFAOYSA-N","C5H2BrF7","273.922809704","C=C(Br)C(F)(F)C(F)(F)C(F)(F)F"
"DTXSID60374976","165457-57-8","HFKIAPZSCAKSNP-UHFFFAOYSA-N","C17H3F31O2","827.963804156","COC(=O)C(F)(F)C(F)(F)C(F)(F)C(F)(F)C(F)(F)C(F)(F)C(F)(F)C(F)(F)C(F)(F)C(F)(F)C(F)(F)C(F)(F)C(F)(F)C(F)(F)C(F)(F)F"
"DTXSID60377684","330562-42-0","FMEDKXCQTKWGKE-UHFFFAOYSA-N","C11H3F19O5","575.967709376","COC(=O)C(F)(F)OC(F)(F)C(F)(F)OC(F)(F)C(F)(F)OC(F)(F)C(F)(F)C(F)(F)C(F)(F)F"
"DTXSID60377821","7/02/3792","FROXCSGRCWYTIE-UHFFFAOYSA-N","C8H9F9O","292.050968888","OCCCCC(F)(F)C(F)(F)C(F)(F)C(F)(F)F"
"DTXSID60377826","355-27-1","SUNUNYBGDFIAME-UHFFFAOYSA-N","C5H4F9N","249.020003108","NCC(F)(F)C(F)(F)C(F)(F)C(F)(F)F"
"DTXSID60378853","647-25-6","GFQXWORJCNTDPU-UHFFFAOYSA-N","C8Cl2F16","469.91215688","FC(F)(Cl)C(F)(F)C(F)(F)C(F)(F)C(F)(F)C(F)(F)C(F)(F)C(F)(F)Cl"
"DTXSID60379269","679-02-7","VACKBPFJJWRSAO-UHFFFAOYSA-N","C6H7F7O","228.038512384","OCCCC(F)(F)C(F)(F)C(F)(F)F"
"DTXSID60379284","26537-88-2","MSOLHCPBFWYOSH-UHFFFAOYSA-N","C6H3F11O2","315.995739756","OCC(F)(OC(F)(F)C(F)(F)C(F)(F)F)C(F)(F)F"
"DTXSID60379289","82633-69-0","UOFISFKBSXJEHZ-UHFFFAOYSA-N","C7H4F7N3O2","295.019173908","Cc1[nH]nc(C(F)(F)C(F)(F)C(F)(F)F)c1[N+](=O)[O-]"
"DTXSID60379441","16005-38-2","ZTRORDXSFFFPOW-UHFFFAOYSA-N","C5F11IO","411.88182304","FC(F)(F)C(F)(OC(F)(F)C(F)(F)I)C(F)(F)F"
"DTXSID60379704","98573-25-2","MMZXPRQMECEMRJ-UHFFFAOYSA-N","C10H9F9O3","348.040798128","C=CC(=O)OCC(O)CC(F)(F)C(F)(F)C(F)(F)C(F)(F)F"
"DTXSID60379709","81190-28-5","WUKHWLIEBSRTRH-UHFFFAOYSA-N","C7H5F9O","276.01966876","FC(F)(F)C(F)(F)C(F)(F)C(F)(F)CC1CO1"
"DTXSID60379860","127377-12-2","GEEMGMOJBUUPBY-UHFFFAOYSA-N","C12H9F13O3","448.034411008","C=CC(=O)OCC(O)CC(F)(F)C(F)(F)C(F)(F)C(F)(F)C(F)(F)C(F)(F)F"
"DTXSID60379880","16083-76-4","UMWCHHTXFDYJDZ-UHFFFAOYSA-N","C11H9F11O3","398.037604568","C=CC(=O)OCC(O)CC(F)(F)C(F)(F)C(F)(C(F)(F)F)C(F)(F)F"
"DTXSID60379901","50836-66-3","SAIYGCOTLRCBJP-UHFFFAOYSA-N","C13H9F15O2","482.036302828","C=C(C)C(=O)OCCC(F)(F)C(F)(F)C(F)(F)C(F)(F)C(F)(C(F)(F)F)C(F)(F)F"
"DTXSID60379941","307-99-3","JCRVQXKRULILSR-UHFFFAOYSA-N","C8H2F16","401.990101584","FC(F)C(F)(F)C(F)(F)C(F)(F)C(F)(F)C(F)(F)C(F)(F)C(F)F"
"DTXSID60380390","79963-95-4","KJGYBFLEIPDFNQ-UHFFFAOYSA-N","C6H2F12O3S","381.953303564","O=S(=O)(OCC(F)(F)F)C(F)(F)C(F)(F)C(F)(F)C(F)(F)F"
"DTXSID60381140","87136-78-5","GCVSMPDTTNOVDZ-UHFFFAOYSA-N","C4BrF9O2","329.89379532","FC(F)(F)OC(F)(F)C(F)(F)OC(F)(F)Br"
"DTXSID60382071","355-77-1","HDIPCCMMPQAPRF-UHFFFAOYSA-N","C13H9F11O3S","454.009675568","Cc1ccc(S(=O)(=O)OCC(F)(F)C(F)(F)C(F)(F)C(F)(F)C(F)(F)F)cc1"
"DTXSID60382152","67990-78-7","IRSPIQIRIUYUGF-UHFFFAOYSA-N","C4F10O3S","317.94084706","O=S(=O)(F)C(F)(F)C(F)(F)OC(F)(F)C(F)(F)F"
"DTXSID60382157","22325-71-9","FVBKAFXHWXBINM-UHFFFAOYSA-N","C5F9N","244.98870298","N#CC(F)(F)C(F)(F)C(F)(F)C(F)(F)F"
"DTXSID60382172","24690-53-7","XVWWKXCMZXAERD-UHFFFAOYSA-N","C5HF7","193.996647572","C#CC(F)(C(F)(F)F)C(F)(F)F"
"DTXSID60382354","146090-84-8","KWEUJTRPCBXYLS-UHFFFAOYSA-N","C18H19F21O3Si","710.076813618","CCO[Si](CCC(F)(F)C(F)(F)C(F)(F)C(F)(F)C(F)(F)C(F)(F)C(F)(F)C(F)(F)C(F)(F)C(F)(F)F)(OCC)OCC"
"DTXSID60400587","13485-61-5","ZKWQYYCKXAKLPJ-UHFFFAOYSA-N","C5H2F9NO","262.999267664","NC(=O)C(F)(F)C(F)(F)C(F)(F)C(F)(F)F"
"DTXSID60436109","423-02-9","OXQHQHZMHCGTFY-UHFFFAOYSA-N","C9F18","449.97125796","FC(F)(F)C(F)(C(F)(F)F)C1(F)C(F)(F)C(F)(F)C(F)(F)C(F)(F)C1(F)F"
"DTXSID60452864","219985-31-6","FQHAQDHIVUWHLC-UHFFFAOYSA-N","C42H24F39P","1300.099287978","FC(F)(F)C(F)(F)C(F)(F)C(F)(F)C(F)(F)C(F)(F)CCc1ccc(P(c2ccc(CCC(F)(F)C(F)(F)C(F)(F)C(F)(F)C(F)(F)C(F)(F)F)cc2)c2ccc(CCC(F)(F)C(F)(F)C(F)(F)C(F)(F)C(F)(F)C(F)(F)F)cc2)cc1"
"DTXSID60462160","129135-87-1","XESFGOBWYAMCMB-UHFFFAOYSA-N","C8F18KNO4S2","618.86183912","O=S(=O)([N-]S(=O)(=O)C(F)(F)C(F)(F)C(F)(F)C(F)(F)F)C(F)(F)C(F)(F)C(F)(F)C(F)(F)F.[K+]"
"DTXSID60464260","852527-61-8","GYAWTXGPAGMMFQ-UHFFFAOYSA-N","C11H6F17N3","503.029026932","[N-]=[N+]=NCCCC(F)(F)C(F)(F)C(F)(F)C(F)(F)C(F)(F)C(F)(F)C(F)(F)C(F)(F)F"
"DTXSID60465994","852527-60-7","DQEDVGBNEFVPEU-UHFFFAOYSA-N","C9H6F13N3","403.035414052","[N-]=[N+]=NCCCC(F)(F)C(F)(F)C(F)(F)C(F)(F)C(F)(F)C(F)(F)F"
"DTXSID60467913","100645-99-6","YYCWIWYZXFOZFO-UHFFFAOYSA-N","C7H3F13","334.002716956","CC(C(F)(F)F)(C(F)(F)F)C(F)(F)C(F)(F)C(F)(F)F"
"DTXSID60475159","892154-91-5","GMHNZJNJORCMQJ-UHFFFAOYSA-N","C38H21F34P","1154.083796782","FC(F)(F)C(F)(F)C(F)(F)C(F)(F)C(F)(F)C(F)(F)C(F)(F)C(F)(F)CCc1ccc(P(c2ccccc2)c2ccc(CCC(F)(F)C(F)(F)C(F)(F)C(F)(F)C(F)(F)C(F)(F)C(F)(F)C(F)(F)F)cc2)cc1"
"DTXSID6047575","19430-93-4","GVEUEBXMTMZVSD-UHFFFAOYSA-N","C6H3F9","246.009104076","C=CC(F)(F)C(F)(F)C(F)(F)C(F)(F)F"
"DTXSID60485238","61324-29-6","LMVJJFCXLDHFRV-UHFFFAOYSA-N","C9H4F7NO3","307.007940528","O=[N+]([O-])c1cc(C(F)(F)C(F)(F)C(F)(F)F)ccc1O"
"DTXSID6049727","65545-80-4","-","-","-",NA
"DTXSID60500450","863090-89-5","CZTBTZZANBJSLY-UHFFFAOYSA-N","C5HF9O3","279.978197872","O=C(O)C(F)(F)C(F)(F)C(F)(F)OC(F)(F)F"
"DTXSID60512038","80791-12-4","UOZJBVUVOFTXGP-UHFFFAOYSA-N","C16H7F17O2","554.017459204","COC(=O)c1ccc(C(F)(F)C(F)(F)C(F)(F)C(F)(F)C(F)(F)C(F)(F)C(F)(F)C(F)(F)F)cc1"
"DTXSID60524434","92914-88-0","BZJOFKMJAVMVQL-UHFFFAOYSA-N","C10H7F15O","428.025738144","CC(C)(O)C(F)(F)C(F)(F)C(F)(F)C(F)(F)C(F)(F)C(F)(F)C(F)(F)F"
"DTXSID60525027","89129-70-4","DYOGLAIQTPPUBH-UHFFFAOYSA-N","C8H5F9O3","320.009498","COC(=O)CC(=O)C(F)(F)C(F)(F)C(F)(F)C(F)(F)F"
"DTXSID60527445","89807-88-5","CFHMZROKMSLQRX-UHFFFAOYSA-N","C8H9F9O2","308.045883508","CCOCC(O)C(F)(F)C(F)(F)C(F)(F)C(F)(F)F"
"DTXSID60535646","89889-20-3","DBWLHXGWJWZTDX-UHFFFAOYSA-N","C9H6F13I","487.930665052","FC(F)(F)C(F)(F)C(F)(F)C(F)(F)C(F)(F)C(F)(F)CCCI"
"DTXSID60541222","93367-04-5","DKXAQOYHXLJZOP-UHFFFAOYSA-N","C8CdF18","551.87461646","F[C-](F)C(F)(F)C(F)(F)C(F)(F)F.F[C-](F)C(F)(F)C(F)(F)C(F)(F)F.[Cd+2]"
"DTXSID60546555","89621-93-2","JWQJXBUCHIQJPP-UHFFFAOYSA-N","C7H8F7IO","367.950810416","OCCC(I)CC(F)(F)C(F)(F)C(F)(F)F"
"DTXSID60550233","559-96-6","JAJJPAQUJSPZLI-UHFFFAOYSA-N","C11H7F7O","288.038512384","O=C(Cc1ccccc1)C(F)(F)C(F)(F)C(F)(F)F"
"DTXSID60550319","100646-00-2","LRXFRJILXQOPKW-UHFFFAOYSA-N","C8H5F13","348.01836702","CCC(C(F)(F)F)(C(F)(F)F)C(F)(F)C(F)(F)C(F)(F)F"
"DTXSID60554473","118777-97-2","QAIOQFZLAKMXNK-UHFFFAOYSA-N","C11H9F9","312.056054268","FC(F)(F)C(F)(F)C(F)(F)C(F)(F)C1CC2C=CC1C2"
"DTXSID60556851","52299-25-9","WAZIDHPTVNFDQG-UHFFFAOYSA-N","C8HF18O2P","501.942673862","O=P(O)(C(F)(F)C(F)(F)C(F)(F)C(F)(F)F)C(F)(F)C(F)(F)C(F)(F)C(F)(F)F"
"DTXSID60556977","756-12-7","ABQIAHFCJGVSDJ-UHFFFAOYSA-N","C5F10O","265.97894682","O=C(C(F)(F)F)C(F)(C(F)(F)F)C(F)(F)F"
"DTXSID60557803","121103-97-7","BWOZUJHCNZSSLZ-UHFFFAOYSA-N","C9H6F7NO","277.033761352","CC(=O)c1c[nH]cc1C(F)(F)C(F)(F)C(F)(F)F"
"DTXSID60558532","94718-24-8","PPIFMJXJHBIWAY-UHFFFAOYSA-N","C9F19N","482.97273518","FC(F)(F)C(F)(F)C(F)(F)C(F)(F)C(F)(F)N1C(F)(F)C(F)(F)C(F)(F)C1(F)F"
"DTXSID60560190","55427-50-4","YAQLJWSYXRXTDO-UHFFFAOYSA-N","C10H9F13O2","408.039496388","OCCOCCC(F)(F)C(F)(F)C(F)(F)C(F)(F)C(F)(F)C(F)(F)F"
"DTXSID60567023","139613-90-4","OQIGJIYYJLAXJO-UHFFFAOYSA-N","C12H6F13N","411.029266052","Nc1ccc(C(F)(F)C(F)(F)C(F)(F)C(F)(F)C(F)(F)C(F)(F)F)cc1"
"DTXSID6058057","337458-27-2","MIOBBYRMXGNORL-UHFFFAOYSA-N","C19H15F7N4O2","464.10832326","CC(=O)N1C(=O)N(NCc2cccnc2)Cc2cc(C(F)(C(F)(F)F)C(F)(F)F)ccc21"
"DTXSID60583420","142010-50-2","XBIIIDIAZYSZBI-UHFFFAOYSA-N","C11H4F17NO","489.002143488","O=C=NCCC(F)(F)C(F)(F)C(F)(F)C(F)(F)C(F)(F)C(F)(F)C(F)(F)C(F)(F)F"
"DTXSID60583425","356055-77-1","CQOQAOKSHAECHG-UHFFFAOYSA-N","C17H11F17O","554.053844712","OCc1ccc(CCC(F)(F)C(F)(F)C(F)(F)C(F)(F)C(F)(F)C(F)(F)C(F)(F)C(F)(F)F)cc1"
"DTXSID60583708","215186-99-5","TXGLPKAFRITSKI-UHFFFAOYSA-N","C21H17F27Sn","901.992107184","C=C[CH2][Sn]([CH2]CC(F)(F)C(F)(F)C(F)(F)C(F)(F)F)([CH2]CC(F)(F)C(F)(F)C(F)(F)C(F)(F)F)[CH2]CC(F)(F)C(F)(F)C(F)(F)C(F)(F)F"
"DTXSID60584836","932710-57-1","ZJELYAAWYLRRJI-UHFFFAOYSA-N","C31H17ClF26O2","950.050191184","O=C(Cl)OCC1c2cc(CCC(F)(F)C(F)(F)C(F)(F)C(F)(F)C(F)(F)C(F)(F)F)ccc2-c2ccc(CCC(F)(F)C(F)(F)C(F)(F)C(F)(F)C(F)(F)C(F)(F)F)cc21"
"DTXSID60591520","130841-23-5","WDTRKHSHZIJORU-UHFFFAOYSA-N","C9H3Cl2F6NO3","356.939417636","O=[N+]([O-])c1cc(Cl)c(OC(F)(F)C(F)C(F)(F)F)cc1Cl"
"DTXSID60591585","376-98-7","ZUBVOEGCTVLBQN-UHFFFAOYSA-N","C5H5F7O","214.02286232","COCC(F)(F)C(F)(F)C(F)(F)F"
"DTXSID60599647","152076-35-2","YHNUMBKYLJWTIO-UHFFFAOYSA-N","C7H9F7","226.059247828","CCCCC(F)(F)C(F)(F)C(F)(F)F"
"DTXSID6059990","432-08-6","HDCGZKPLSIIZAZ-UHFFFAOYSA-N","C18F39N","970.94079958","FC(F)(F)C(F)(F)C(F)(F)C(F)(F)C(F)(F)C(F)(F)N(C(F)(F)C(F)(F)C(F)(F)C(F)(F)C(F)(F)C(F)(F)F)C(F)(F)C(F)(F)C(F)(F)C(F)(F)C(F)(F)C(F)(F)F"
"DTXSID60599940","93238-00-7","SCYPOZNDUGMAJH-UHFFFAOYSA-N","C16H4F19NO","586.998949928","O=C=Nc1ccc(C(F)(F)C(F)(F)C(F)(F)C(F)(F)C(F)(F)C(F)(F)C(F)(F)C(F)(F)C(F)(F)F)cc1"
"DTXSID60603314","89004-77-3","BWIUYRXKEFSAJX-UHFFFAOYSA-N","C9H5F11O2","354.01138982","C=C(C)C(=O)OC(F)(F)C(F)(F)C(F)(F)C(F)(F)C(F)(F)F"
"DTXSID6060341","564-11-4","USAAEUHMVCSUQS-UHFFFAOYSA-N","C7F15N","382.9791223","FC(F)(F)C(F)(F)N1C(F)(F)C(F)(F)C(F)(F)C(F)(F)C1(F)F"
"DTXSID60620167","134380-80-6","XHQGNGKOLZXYPC-UHFFFAOYSA-N","C5H2F11N","285.001159484","NC(F)(F)C(F)(F)C(F)(F)C(F)(F)C(F)(F)F"
"DTXSID6062048","1893-52-3","QJRQXQMZXHXNPA-UHFFFAOYSA-N","C13H12F13NO4S","525.027945724","C=CC(=O)OCCN(CC)S(=O)(=O)C(F)(F)C(F)(F)C(F)(F)C(F)(F)C(F)(F)C(F)(F)F"
"DTXSID6062123","2043-53-0","XVKJSLBVVRCOIT-UHFFFAOYSA-N","C10H4F17I","573.908627868","FC(F)(F)C(F)(F)C(F)(F)C(F)(F)C(F)(F)C(F)(F)C(F)(F)C(F)(F)CCI"
"DTXSID6062204","2144-54-9","FQHLOOOXLDQLPF-UHFFFAOYSA-N","C16H9F21O2","632.026722148","C=C(C)C(=O)OCCC(F)(F)C(F)(F)C(F)(F)C(F)(F)C(F)(F)C(F)(F)C(F)(F)C(F)(F)C(F)(F)C(F)(F)F"
"DTXSID6062599","2706-90-3","CXZGQIAOTKWCDB-UHFFFAOYSA-N","C5HF9O2","263.983283252","O=C(O)C(F)(F)C(F)(F)C(F)(F)C(F)(F)F"
"DTXSID60630645","337457-78-0","HCTLNRAMSIZVOR-UHFFFAOYSA-N","C17H13F7N4O","422.097758576","O=C1Nc2ccc(C(F)(C(F)(F)F)C(F)(F)F)cc2CN1NCc1cccnc1"
"DTXSID60659230","1193009-93-6","IMLHOIBHVRYUCZ-UHFFFAOYSA-N","C13H15F13O","434.09153196","CCCCCOCCC(F)(F)C(F)(F)C(F)(F)C(F)(F)C(F)(F)C(F)(F)F"
"DTXSID60659755","82959-18-0","WOQZCEBAEAQHQE-UHFFFAOYSA-M","C10H5F10IO3S","521.88444522","FC(F)(F)C(F)([I+]c1ccccc1)C(F)(F)F.O=S(=O)([O-])C(F)(F)F"
"DTXSID60663110","801212-59-9","HFUCGDPRBKRBFR-UHFFFAOYSA-N","C7HF13O3","379.971810752","O=C(O)C(F)(F)C(F)(F)C(F)(F)OC(F)(C(F)(F)F)C(F)(F)F"
"DTXSID6067331","27619-97-2","VIONGDJUYAYOPU-UHFFFAOYSA-N","C8H5F13O3S","427.97518188","O=S(=O)(O)CCC(F)(F)C(F)(F)C(F)(F)C(F)(F)C(F)(F)C(F)(F)F"
"DTXSID6067836","34362-49-7","KLOHTAIHCCMZIL-UHFFFAOYSA-N","C19H7F29O2","817.998297844","C=CC(=O)OCCC(F)(F)C(F)(F)C(F)(F)C(F)(F)C(F)(F)C(F)(F)C(F)(F)C(F)(F)C(F)(F)C(F)(F)C(F)(F)C(F)(F)C(F)(F)C(F)(F)F"
"DTXSID60681091","62512-90-7","CRUUUYCRBZBYNA-UHFFFAOYSA-N","C36H12F39O3P","1263.990131454","FC(F)(F)C(F)(F)C(F)(F)OC(F)(C(F)(F)F)C(F)(F)c1ccc(P(c2ccc(C(F)(F)C(F)(OC(F)(F)C(F)(F)C(F)(F)F)C(F)(F)F)cc2)c2ccc(C(F)(F)C(F)(OC(F)(F)C(F)(F)C(F)(F)F)C(F)(F)F)cc2)cc1"
"DTXSID6068145","38850-52-1","PHLQZHXBMDKUNG-UHFFFAOYSA-N","C14H17F13N2O4S","556.070144884","C[N+](C)(C)CCCN(CC(=O)[O-])S(=O)(=O)C(F)(F)C(F)(F)C(F)(F)C(F)(F)C(F)(F)C(F)(F)F"
"DTXSID60696685","756-92-3","GSQPSJXGCXEMDW-UHFFFAOYSA-N","C10H14F7I","394.002845988","CCCCCC(I)CC(F)(C(F)(F)F)C(F)(F)F"
"DTXSID60700296","156323-66-9","MIZYXWOLOKZZFU-UHFFFAOYSA-N","C12H8Cl2F18Si","591.948490106","FC(F)(F)CCC(F)(F)C(F)(F)C(F)(F)[Si](Cl)(Cl)C(F)(F)C(F)(F)C(F)(F)CCC(F)(F)F"
"DTXSID60701107","923569-78-2","ZSKDAYLWELBABO-AFPJDJCSSA-N","C12H8BrClF7NO","428.936601196","COc1ccc(/N=C(\Cl)C(F)(F)C(F)(F)C(F)(F)F)c(CBr)c1"
"DTXSID6070221","65104-67-8","UYSGWTCETIRUHO-UHFFFAOYSA-N","C18H5F33O","863.98134604","OCCC(F)(F)C(F)(F)C(F)(F)C(F)(F)C(F)(F)C(F)(F)C(F)(F)C(F)(F)C(F)(F)C(F)(F)C(F)(F)C(F)(F)C(F)(F)C(F)(F)C(F)(F)C(F)(F)F"
"DTXSID6070510","67584-59-2","BEIWUHUHJDEMQO-UHFFFAOYSA-N","C11H12F9NO4S","425.034332844","C=C(C)C(=O)OCCN(C)S(=O)(=O)C(F)(F)C(F)(F)C(F)(F)C(F)(F)F"
"DTXSID6070512","67584-61-6","MVZJFKDUUZOQFM-UHFFFAOYSA-N","C13H12F13NO4S","525.027945724","C=C(C)C(=O)OCCN(C)S(=O)(=O)C(F)(F)C(F)(F)C(F)(F)C(F)(F)C(F)(F)C(F)(F)F"
"DTXSID6070514","67584-63-8","FUWUVCJRFPBKEF-UHFFFAOYSA-N","C10H12F9NO4S","413.034332844","CCOC(=O)CN(CC)S(=O)(=O)C(F)(F)C(F)(F)C(F)(F)C(F)(F)F"
"DTXSID6070984","68015-85-0","JKTIKJAUCOVFKU-UHFFFAOYSA-N","C13H8F21NO2","609.021971116","CCN.O=C(O)C(F)(F)C(F)(F)C(F)(F)C(F)(F)C(F)(F)C(F)(F)C(F)(F)C(F)(C(F)(F)F)C(F)(F)F"
"DTXSID6070986","68015-87-2","DDJCBWZGWXXGAS-UHFFFAOYSA-N","C15H8F25NO2","709.015583996","CC[NH3+].O=C([O-])C(F)(F)C(F)(F)C(F)(F)C(F)(F)C(F)(F)C(F)(F)C(F)(F)C(F)(F)C(F)(F)C(F)(C(F)(F)F)C(F)(F)F"
"DTXSID60709981","67103-04-2","QPPMZWQUDCDFTM-UHFFFAOYSA-N","C11H5F17","460.0119799","CC=CC(F)(F)C(F)(F)C(F)(F)C(F)(F)C(F)(F)C(F)(F)C(F)(F)C(F)(F)F"
"DTXSID60713528","375-04-2","POEBVXSZGLONDM-UHFFFAOYSA-N","C8H11F7N2O2","300.070875132","C1CNCCN1.O=C(O)C(F)(F)C(F)(F)C(F)(F)F"
"DTXSID6071370","68298-08-8","RMTNCHPOOXNCQZ-UHFFFAOYSA-N","C12H8F11NO2S","439.010009916","O=S(=O)(NCc1ccccc1)C(F)(F)C(F)(F)C(F)(F)C(F)(F)C(F)(F)F"
"DTXSID6071372","68298-10-2","ZJIFWMOMOPJFRZ-UHFFFAOYSA-N","C14H8F15NO2S","539.003622796","O=S(=O)(NCc1ccccc1)C(F)(F)C(F)(F)C(F)(F)C(F)(F)C(F)(F)C(F)(F)C(F)(F)F"
"DTXSID6071374","68298-13-5","BKKNDZBSSSAGIB-UHFFFAOYSA-N","C6H4F11NO2S","362.978709788","CNS(=O)(=O)C(F)(F)C(F)(F)C(F)(F)C(F)(F)C(F)(F)F"
"DTXSID6071407","68310-02-1","WIUXGCKDKOYUAL-UHFFFAOYSA-N","C13H14F15NO3S","549.045487608","CCCCN(CCO)S(=O)(=O)C(F)(F)C(F)(F)C(F)(F)C(F)(F)C(F)(F)C(F)(F)C(F)(F)F"
"DTXSID6071661","68555-72-6","GBPAQIZWHVCENQ-UHFFFAOYSA-N","C9H10F11NO3S","421.0205746","CCN(CCO)S(=O)(=O)C(F)(F)C(F)(F)C(F)(F)C(F)(F)C(F)(F)F"
"DTXSID6071663","68555-74-8","BRBCKWCOTRPYGH-UHFFFAOYSA-N","C8H8F11NO3S","407.004924536","CN(CCO)S(=O)(=O)C(F)(F)C(F)(F)C(F)(F)C(F)(F)C(F)(F)F"
"DTXSID6071665","68555-76-0","UIZUTEDYGNRNSW-UHFFFAOYSA-N","C10H8F15NO3S","506.998537416","CN(CCO)S(=O)(=O)C(F)(F)C(F)(F)C(F)(F)C(F)(F)C(F)(F)C(F)(F)C(F)(F)F"
"DTXSID6071667","68555-78-2","VGJZPFMDBNZBTG-UHFFFAOYSA-N","C10H13F11N2O2S","434.052209076","CN(C)CCCNS(=O)(=O)C(F)(F)C(F)(F)C(F)(F)C(F)(F)C(F)(F)F"
"DTXSID6071902","68957-53-9","CTKLJYAZSQZYAO-UHFFFAOYSA-N","C12H12F13NO4S","513.027945724","CCOC(=O)CN(CC)S(=O)(=O)C(F)(F)C(F)(F)C(F)(F)C(F)(F)C(F)(F)C(F)(F)F"
"DTXSID6071904","68957-59-5","DQXUCRIDVIRDMO-UHFFFAOYSA-N","C9H14ClF9N2O2S","420.032080348","CN(C)CCCNS(=O)(=O)C(F)(F)C(F)(F)C(F)(F)C(F)(F)F.Cl"
"DTXSID6071906","68957-61-9","FOFYISWSOGYVOH-UHFFFAOYSA-N","C11H14ClF13N2O2S","520.025693228","CN(C)CCCNS(=O)(=O)C(F)(F)C(F)(F)C(F)(F)C(F)(F)C(F)(F)C(F)(F)F.Cl"
"DTXSID6071908","68957-63-1","IOQHTIQMCISFKB-UHFFFAOYSA-N","C11H8F15NO4S","534.993452036","CCN(CC(=O)O)S(=O)(=O)C(F)(F)C(F)(F)C(F)(F)C(F)(F)C(F)(F)C(F)(F)C(F)(F)F"
"DTXSID6072051","70225-17-1","YCMYOAOBWUIFST-UHFFFAOYSA-N","C9H12F11NO5S","455.026053904","O=S(=O)([O-])C(F)(F)C(F)(F)C(F)(F)C(F)(F)C(F)(F)F.OCC[NH2+]CCO"
"DTXSID6072053","70225-20-6","UUWZKXIUZHPNDP-UHFFFAOYSA-L","C26H32F30N4O8S3","1194.090323584","C[N+](C)(C)CCCNS(=O)(=O)C(F)(F)C(F)(F)C(F)(F)C(F)(F)C(F)(F)C(F)(F)C(F)(F)F.C[N+](C)(C)CCCNS(=O)(=O)C(F)(F)C(F)(F)C(F)(F)C(F)(F)C(F)(F)C(F)(F)C(F)(F)F.O=S(=O)([O-])[O-]"
"DTXSID6072055","70225-24-0","URZDLCWBSHBQJS-UHFFFAOYSA-L","C22H32F22N4O8S3","994.103097824","C[N+](C)(C)CCCNS(=O)(=O)C(F)(F)C(F)(F)C(F)(F)C(F)(F)C(F)(F)F.C[N+](C)(C)CCCNS(=O)(=O)C(F)(F)C(F)(F)C(F)(F)C(F)(F)C(F)(F)F.O=S(=O)([O-])[O-]"
"DTXSID60724351","923569-79-3","ASWZKBOTOHYLHW-UHFFFAOYSA-N","C12H8F7NO","315.049411416","COc1ccc2[nH]c(C(F)(F)C(F)(F)C(F)(F)F)cc2c1"
"DTXSID6072558","72276-07-4","MHATVVUCLRUMRB-UHFFFAOYSA-N","C22H14F29NO4S","939.018047308","C=CC(=O)OCCN(C)S(=O)(=O)CCC(F)(F)C(F)(F)C(F)(F)C(F)(F)C(F)(F)C(F)(F)C(F)(F)C(F)(F)C(F)(F)C(F)(F)C(F)(F)C(F)(F)C(F)(F)C(F)(F)F"
"DTXSID60730538","922523-98-6","IFPFCMSUTLBECN-UHFFFAOYSA-N","C6H3F10I","391.911980296","FC(F)(F)C(I)CC(F)(C(F)(F)F)C(F)(F)F"
"DTXSID60730715","94196-26-6","KRTQFEXYGLHZDD-UHFFFAOYSA-N","C11H8F17NO5S2","620.957244096","CCN(CS(=O)(=O)O)S(=O)(=O)C(F)(F)C(F)(F)C(F)(F)C(F)(F)C(F)(F)C(F)(F)C(F)(F)C(F)(F)F"
"DTXSID6073073","117806-54-9","HYGFDDCMWQPLSR-UHFFFAOYSA-M","C7F15LiO3S","455.94886771","O=S(=O)([O-])C(F)(F)C(F)(F)C(F)(F)C(F)(F)C(F)(F)C(F)(F)C(F)(F)F.[Li+]"
"DTXSID6074914","425-38-7","ZAKJNULOUJTZMO-UHFFFAOYSA-N","C4F8O2","231.977055","O=C(F)C(F)(F)C(F)(F)OC(F)(F)F"
"DTXSID60762975","109574-90-5","VRVUWOCHHTUQTI-UHFFFAOYSA-N","C12H6F9I","447.937052172","FC(F)(F)C(F)(F)C(F)(F)C(F)(F)C=C(I)c1ccccc1"
"DTXSID60765522","113934-18-2","WMIGMTHEMXUBFV-UHFFFAOYSA-N","C8H3F11N2","336.012058516","FC(F)(F)C(F)(F)C(F)(F)C(F)(F)C(F)(F)c1cnc[nH]1"
"DTXSID60769489","139263-35-7","ALHFMQWTDZUPJX-UHFFFAOYSA-N","C11H7Cl2F7","341.981303124","FC(F)(F)C(F)(F)C(F)(F)c1cc(CCl)ccc1CCl"
"DTXSID60775146","184711-88-4","XEYDAHCGYONHCL-UHFFFAOYSA-N","C7H5F7O","238.02286232","CC=CC(=O)C(F)(C(F)(F)F)C(F)(F)F"
"DTXSID60785169","49676-71-3","MVOSMHMFUFQGRI-UHFFFAOYSA-N","C10H6F15I","537.927471492","FC(F)(CCI)CC(F)(F)C(F)(F)C(F)(F)C(F)(F)C(F)(F)C(F)(F)F"
"DTXSID60792479","66406-80-2","RGKAEHDYNMLWRB-UHFFFAOYSA-N","C7H5F9O2S","323.98665438","CC=CS(=O)(=O)C(F)(F)C(F)(F)C(F)(F)C(F)(F)F"
"DTXSID60825615","70887-84-2","WHZXTVOEGZRRJM-UHFFFAOYSA-N","C10H2F16O2","457.979930824","O=C(O)C=C(F)C(F)(F)C(F)(F)C(F)(F)C(F)(F)C(F)(F)C(F)(F)C(F)(F)F"
"DTXSID60830981","88022-46-2","BMZXVEHIABGCAD-UHFFFAOYSA-N","C7H3F9O2","289.998933316","COC(=O)C(F)=C(F)C(F)(F)C(F)(F)C(F)(F)F"
"DTXSID60850649","54387-09-6","XEEKUPFDNJGSMT-UHFFFAOYSA-N","C14F22","585.96487084","Fc1c(F)c(F)c(C(F)(F)C(F)(F)C(F)(F)C(F)(F)C(F)(F)C(F)(F)C(F)(F)C(F)(F)F)c(F)c1F"
"DTXSID60852340","58510-75-1","LGUFKWJTKTVTLU-UHFFFAOYSA-N","C12H7F9O3S","401.997219064","O=C(CS(=O)(=O)C(F)(F)C(F)(F)C(F)(F)C(F)(F)F)c1ccccc1"
"DTXSID60858140","1262446-13-8","CVPBVWATOIWJSM-UHFFFAOYSA-M","C10H4F17KO4S","581.919591028","O=S(=O)([O-])OCCC(F)(F)C(F)(F)C(F)(F)C(F)(F)C(F)(F)C(F)(F)C(F)(F)C(F)(F)F.[K+]"
"DTXSID60858544","106554-16-9","YBJWUCHKFPHEOV-UHFFFAOYSA-N","C36H12F63O4P","1735.946723354","O=P(OCCC(F)(F)C(F)(F)C(F)(F)C(F)(F)C(F)(F)C(F)(F)C(F)(F)C(F)(F)C(F)(F)C(F)(F)F)(OCCC(F)(F)C(F)(F)C(F)(F)C(F)(F)C(F)(F)C(F)(F)C(F)(F)C(F)(F)C(F)(F)C(F)(F)F)OCCC(F)(F)C(F)(F)C(F)(F)C(F)(F)C(F)(F)C(F)(F)C(F)(F)C(F)(F)C(F)(F)C(F)(F)F"
"DTXSID60862823","2062-98-8","BCLQALQSEBVVAD-UHFFFAOYSA-N","C6F12O2","331.97066788","O=C(F)C(F)(OC(F)(F)C(F)(F)C(F)(F)F)C(F)(F)F"
"DTXSID60865157","24520-19-2","QYMQYPBAGDZNMY-UHFFFAOYSA-N","C11F14O2","429.96747432","FC(F)=C(F)OC(F)(F)C(F)(Oc1c(F)c(F)c(F)c(F)c1F)C(F)(F)F"
"DTXSID60871632","335-36-4","FYJQJMIEZVMYSD-UHFFFAOYSA-N","C8F16O","415.96936614","FC(F)(F)C(F)(F)C(F)(F)C(F)(F)C1(F)OC(F)(F)C(F)(F)C1(F)F"
"DTXSID60874027","57678-03-2","MIABSAQIFYEDJP-UHFFFAOYSA-N","C10H6F17O4P","543.973225042","O=P(O)(O)OCCC(F)(F)C(F)(F)C(F)(F)C(F)(F)C(F)(F)C(F)(F)C(F)(F)C(F)(F)F"
"DTXSID60880027","3108-42-7","CQLZEWXXRJJDKG-UHFFFAOYSA-N","C10H4F19NO2","530.993864548","O=C([O-])C(F)(F)C(F)(F)C(F)(F)C(F)(F)C(F)(F)C(F)(F)C(F)(F)C(F)(F)C(F)(F)F.[NH4+]"
"DTXSID60880123","307-71-1","QFSOSTRDKOQRKA-UHFFFAOYSA-M","C11HF20KO2","583.929425352","O=C([O-])C(F)(F)C(F)(F)C(F)(F)C(F)(F)C(F)(F)C(F)(F)C(F)(F)C(F)(F)C(F)(F)C(F)F.[K+]"
"DTXSID60880128","346-10-1","GJVFPXBDZTWODC-UHFFFAOYSA-N","C30H37F7N2O4","622.264155204","CCC(Oc1ccc(C(C)(C)CC)cc1C(C)(C)CC)C(=O)Nc1ccc(NC(=O)C(F)(F)C(F)(F)C(F)(F)F)c(O)c1"
"DTXSID60880148","1513-88-8","TZNRRNKRZXHADL-UHFFFAOYSA-N","C5H4F7I","323.924595668","FC(F)(F)C(F)(F)C(F)(F)CCI"
"DTXSID60880168","1600-71-1","BOEAEHGVPJBTSP-UHFFFAOYSA-N","C7F15NO","398.97403692","FC(F)(F)C(F)(N1C(F)(F)C(F)(F)OC(F)(F)C1(F)F)C(F)(F)F"
"DTXSID60880188","2991-52-8","SJEKNOZINRJJPA-UHFFFAOYSA-N","C12H11F17N2O4S","602.016807572","CCN(CC(=O)[O-])S(=O)(=O)C(F)(F)C(F)(F)C(F)(F)C(F)(F)C(F)(F)C(F)(F)C(F)(F)C(F)(F)F.[NH4+]"
"DTXSID60880209","6130-43-4","JVZREVRTMWNFME-UHFFFAOYSA-N","C7H4F13NO2","381.003445228","O=C([O-])C(F)(F)C(F)(F)C(F)(F)C(F)(F)C(F)(F)C(F)(F)F.[NH4+]"
"DTXSID60880224","16083-78-6","UKOJGDIRVHIDJM-UHFFFAOYSA-N","C21H9F31O3","898.005668968","C=CC(=O)OCC(O)CC(F)(F)C(F)(F)C(F)(F)C(F)(F)C(F)(F)C(F)(F)C(F)(F)C(F)(F)C(F)(F)C(F)(F)C(F)(F)C(F)(F)C(F)(C(F)(F)F)C(F)(F)F"
"DTXSID60880229","19190-61-5","MBDQOIDXSFHMFM-UHFFFAOYSA-N","C7H3F9O3","305.993847936","COC(=O)C(F)(F)C(F)(F)C(F)(F)OC(F)=C(F)F"
"DTXSID60880360","1644-10-6","BICFBNRRGCNLMX-UHFFFAOYSA-N","C8F14O4","425.95730356","O=C(F)C(F)(OC(F)(F)C(F)(F)OC(F)(C(=O)F)C(F)(F)F)C(F)(F)F"
"DTXSID60880365","25190-89-0","-","-","-",NA
"DTXSID60880401","26654-97-7","-","-","-",NA
"DTXSID60880406","37486-69-4","MEXQRXXROOSHGK-UHFFFAOYSA-N","C17HF35O5","949.926510832","FC(OC(F)(F)C(F)(OC(F)(F)C(F)(OC(F)(F)C(F)(OC(F)(F)C(F)(OC(F)(F)C(F)(F)C(F)(F)F)C(F)(F)F)C(F)(F)F)C(F)(F)F)C(F)(F)F)C(F)(F)F"
"DTXSID60880421","41925-33-1","ZFJPGQQBBNLQOX-UHFFFAOYSA-N","C12H5F19O","526.00370096","FC(F)(F)C(F)(C(F)(F)F)C(F)(F)C(F)(F)C(F)(F)C(F)(F)C(F)(F)C(F)(F)CC1CO1"
"DTXSID60880426","39847-39-7","KZJUHXVCAHXJLR-UHFFFAOYSA-N","C8HF18NO4S2","580.905957472","O=S(=O)(NS(=O)(=O)C(F)(F)C(F)(F)C(F)(F)C(F)(F)F)C(F)(F)C(F)(F)C(F)(F)C(F)(F)F"
"DTXSID60880461","53518-00-6","XPUBELOONPJHFF-UHFFFAOYSA-M","C10H16ClF9N2O2S","434.047730412","C[N+](C)(C)CCCNS(=O)(=O)C(F)(F)C(F)(F)C(F)(F)C(F)(F)F.[Cl-]"
"DTXSID60880486","55910-10-6","AIHJEJOJQJDLRE-UHFFFAOYSA-M","C13H9F17KNO4S","636.961790188","CCCN(CC(=O)[O-])S(=O)(=O)C(F)(F)C(F)(F)C(F)(F)C(F)(F)C(F)(F)C(F)(F)C(F)(F)C(F)(F)F.[K+]"
"DTXSID60880527","63295-18-1","ONTZPZSNBFJLNO-UHFFFAOYSA-N","C12H14F19N2O5P","658.033694358","O=P([O-])([O-])OCC(O)CC(F)(F)C(F)(F)C(F)(F)C(F)(F)C(F)(F)C(F)(F)C(F)(C(F)(F)F)C(F)(F)F.[NH4+].[NH4+]"
"DTXSID60880542","64018-26-4","DYTUUAFTUFQJQV-UHFFFAOYSA-N","C12H2ClF21O","595.945884984","O=C(Cl)CC(F)(F)C(F)(F)C(F)(F)C(F)(F)C(F)(F)C(F)(F)C(F)(F)C(F)(F)C(F)(F)C(F)(F)F"
"DTXSID60880567","67584-58-1","WVKDNXONEAFSNR-UHFFFAOYSA-M","C13H16F15IN2O2S","675.973770052","C[N+](C)(C)CCCNS(=O)(=O)C(F)(F)C(F)(F)C(F)(F)C(F)(F)C(F)(F)C(F)(F)C(F)(F)F.[I-]"
"DTXSID60880582","68155-54-4","RABDXRSZMMTNLB-UHFFFAOYSA-N","C14F28O","715.95020478","FC(F)(F)C(F)(F)C(F)(F)C(F)(F)C(F)(F)C(F)(F)C(F)(F)C(F)(F)C(F)(F)C1(F)OC(F)(F)C(F)(F)C(F)(F)C1(F)F"
"DTXSID60880608","68299-20-7","ZOLFZTRCIJDXKB-UHFFFAOYSA-M","C12H7F11NNaO5S2","540.948769024","O=S(=O)([O-])c1ccccc1CNS(=O)(=O)C(F)(F)C(F)(F)C(F)(F)C(F)(F)C(F)(F)F.[Na+]"
"DTXSID60880941","69288-57-9","-","-","-",NA
"DTXSID60880946","70225-15-9","SDWCILHGJCGQEW-UHFFFAOYSA-N","C11H12F15NO5S","555.019666784","O=S(=O)([O-])C(F)(F)C(F)(F)C(F)(F)C(F)(F)C(F)(F)C(F)(F)C(F)(F)F.OCC[NH2+]CCO"
"DTXSID60880961","72779-05-6","QGLDRYPRFCXNCR-UHFFFAOYSA-N","C33H27F30N3O3S2","1147.101480324","Cc1ccc(NC(=O)OC(CSCCC(F)(F)C(F)(F)C(F)(F)C(F)(F)C(F)(C(F)(F)F)C(F)(F)F)CSCCC(F)(F)C(F)(F)C(F)(F)C(F)(F)C(F)(C(F)(F)F)C(F)(F)F)cc1NC(=O)N1CC1C"
"DTXSID60880966","73019-20-2","TZGYROAPHGJQIG-UHFFFAOYSA-N","C33H26F34N4O6S2","1284.075086032","CCCN(CCNC(=O)c1ccc(C)c(C(=O)NCCN(C)S(=O)(=O)C(F)(F)C(F)(F)C(F)(F)C(F)(F)C(F)(F)C(F)(F)C(F)(F)C(F)(F)F)c1)S(=O)(=O)C(F)(F)C(F)(F)C(F)(F)C(F)(F)C(F)(F)C(F)(F)C(F)(F)C(F)(F)F"
"DTXSID60880986","81126-57-0","MULWMWPAUVOGLW-UHFFFAOYSA-N","C5ClF9O4S","361.90621114","O=C(F)C(F)(OC(F)(F)C(F)(F)S(=O)(=O)F)C(F)(F)Cl"
"DTXSID60881019","93776-02-4","NNSKOCZMIOWJNF-UHFFFAOYSA-N","C28H24F34O5","1086.108083348","CC(COCC(O)CC(F)(F)C(F)(F)C(F)(F)C(F)(F)C(F)(F)C(F)(F)C(F)(F)C(F)(F)F)OC(C)COCC(O)CC(F)(F)C(F)(F)C(F)(F)C(F)(F)C(F)(F)C(F)(F)C(F)(F)C(F)(F)F"
"DTXSID60881054","93776-19-3","QHIGFJQLSNDTTI-UHFFFAOYSA-N","C38H9F70O4P","1889.912070798","O=P(O)(OCCC(F)(F)C(F)(F)C(F)(F)C(F)(F)C(F)(F)C(F)(F)C(F)(F)C(F)(F)C(F)(F)C(F)(F)C(F)(F)C(F)(F)C(F)(F)C(F)(F)C(F)(C(F)(F)F)C(F)(F)F)OCCC(F)(F)C(F)(F)C(F)(F)C(F)(F)C(F)(F)C(F)(F)C(F)(F)C(F)(F)C(F)(F)C(F)(F)C(F)(F)C(F)(F)C(F)(F)C(F)(F)C(F)(C(F)(F)F)C(F)(F)F"
"DTXSID60881079","93857-51-3","ARRIVQGBPVGHMV-UHFFFAOYSA-N","C15H12F27N2O4P","828.010355434","O=P([O-])([O-])OCCC(F)(F)C(F)(F)C(F)(F)C(F)(F)C(F)(F)C(F)(F)C(F)(F)C(F)(F)C(F)(F)C(F)(F)C(F)(C(F)(F)F)C(F)(F)F.[NH4+].[NH4+]"
"DTXSID60881115","93857-56-8","ICJWISPFZMNUHE-UHFFFAOYSA-N","C30H9F54O4P","1489.937619278","O=P(O)(OCCC(F)(F)C(F)(F)C(F)(F)C(F)(F)C(F)(F)C(F)(F)C(F)(F)C(F)(F)C(F)(F)C(F)(F)C(F)(C(F)(F)F)C(F)(F)F)OCCC(F)(F)C(F)(F)C(F)(F)C(F)(F)C(F)(F)C(F)(F)C(F)(F)C(F)(F)C(F)(F)C(F)(F)C(F)(C(F)(F)F)C(F)(F)F"
"DTXSID60881130","94042-94-1","GZRNRYCQJMKNSM-UHFFFAOYSA-M","C14H4F15NaO4S","575.948847188","O=S(=O)([O-])c1ccc(OC(F)(C(=C(C(F)(F)F)C(F)(F)C(F)(F)F)C(F)(F)F)C(F)(F)F)cc1.[Na+]"
"DTXSID60881135","94095-37-1","-","-","-",NA
"DTXSID60881150","94159-79-2","TXTCMAJARJFSCQ-UHFFFAOYSA-N","C20H19F25N2O","778.109818728","CN(C)CCCNCC(O)CC(F)(F)C(F)(F)C(F)(F)C(F)(F)C(F)(F)C(F)(F)C(F)(F)C(F)(F)C(F)(F)C(F)(F)C(F)(F)C(F)(F)F"
"DTXSID60881175","94200-48-3","ABXFOTMKHPEYQJ-UHFFFAOYSA-N","C17H14F29N2O5P","908.017726558","O=P([O-])([O-])OCC(O)CC(F)(F)C(F)(F)C(F)(F)C(F)(F)C(F)(F)C(F)(F)C(F)(F)C(F)(F)C(F)(F)C(F)(F)C(F)(F)C(F)(F)C(F)(F)C(F)(F)F.[NH4+].[NH4+]"
"DTXSID60881190","94291-75-5","IKMZFDJIIBQZFQ-UHFFFAOYSA-N","C36H20F58NO6P","1695.01021075","O=P([O-])(OCCC(F)(F)C(F)(F)C(F)(F)C(F)(F)C(F)(F)C(F)(F)C(F)(F)C(F)(F)C(F)(F)C(F)(F)C(F)(F)C(F)(F)C(F)(F)C(F)(F)F)OCCC(F)(F)C(F)(F)C(F)(F)C(F)(F)C(F)(F)C(F)(F)C(F)(F)C(F)(F)C(F)(F)C(F)(F)C(F)(F)C(F)(F)C(F)(F)C(F)(F)F.OCC[NH2+]CCO"
"DTXSID60881195","94313-84-5","KNRYNMVWXXLSPN-QXMHVHEDSA-N","C38H50F17N3O6S","999.31488706","CCCCCCCC/C=C\CCCCCCCCOC(=O)Nc1cc(NC(=O)OCCN(C)S(=O)(=O)C(F)(F)C(F)(F)C(F)(F)C(F)(F)C(F)(F)C(F)(F)C(F)(F)C(F)(F)F)ccc1C"
"DTXSID60881236","73606-19-6","OWQCHLFKOGVODW-UHFFFAOYSA-M","C8ClF16KO4S","569.85874036","O=S(=O)([O-])C(F)(F)C(F)(F)OC(F)(F)C(F)(F)C(F)(F)C(F)(F)C(F)(F)C(F)(F)Cl.[K+]"
"DTXSID60881291","85631-54-5","-","-","-",NA
"DTXSID60881296","90218-71-6","-","-","-",NA
"DTXSID60881312","61915-92-2","ZLBLHEUUSFNQAN-UHFFFAOYSA-N","C12H12F10O2","378.067761824","C=C(C)C(=O)OCCC(F)(F)C(F)(F)C(F)(F)C(F)(F)C(C)(F)F"
"DTXSID60881317","54208-66-1","SSSVHFOLCNGWKK-UHFFFAOYSA-N","C16F34O4","901.92536796","FC(F)(F)C(F)(F)C(F)(F)OC(F)(F)C(F)(OC(F)(F)C(F)(F)C(F)(F)F)C(F)(OC(F)(F)C(F)(F)C(F)(F)F)C(F)(F)OC(F)(F)C(F)(F)C(F)(F)F"
"DTXSID60881332","106372-30-9","RDUGZRZKLLEFFJ-UHFFFAOYSA-N","C5Cl2F10O","335.91665218","FC(F)(F)C(F)(F)C(F)(F)OC(F)(Cl)C(F)(F)Cl"
"DTXSID60881337","125061-94-1","AKBMBNDRIIVPGZ-UHFFFAOYSA-N","C17F30","773.9520966","FC1(F)C(F)(F)C(F)(F)C(F)(C(F)(F)C2(F)C(F)(F)C(F)(F)C(F)(F)C3(F)C(F)(F)C(F)(F)C(F)(F)C(F)(F)C32F)C(F)(F)C1(F)F"
"DTXSID60881357","29359-39-5","JKRSXXMYEXETTL-UHFFFAOYSA-M","C9F19KO3S","587.89018272","O=S(=O)([O-])C(F)(F)C(F)(F)C(F)(F)C(F)(F)C(F)(F)C(F)(F)C(F)(F)C(F)(F)C(F)(F)F.[K+]"
"DTXSID60881377","133310-73-3","QYCYRXLTCUNSSB-UHFFFAOYSA-N","C26H37F17","672.262380924","CCCCCCCCCCCCCCCCCCC(F)(F)C(F)(F)C(F)(F)C(F)(F)C(F)(F)C(F)(F)C(F)(F)C(F)(F)F"
"DTXSID60881832","220207-10-3","-","-","-",NA
"DTXSID60881837","1078712-88-5","-","-","-",NA
"DTXSID60881852","148240-78-2","-","-","-",NA
"DTXSID60881857","68140-19-2","-","-","-",NA
"DTXSID60881872","71608-44-1","-","-","-",NA
"DTXSID60881877","71500-44-2","-","-","-",NA
"DTXSID60881892","135228-60-3","-","-","-",NA
"DTXSID60881897","65530-81-6","-","-","-",NA
"DTXSID60881913","65530-65-6","-","-","-",NA
"DTXSID60881918","68187-24-6","-","-","-",NA
"DTXSID60881933","72987-44-1","-","-","-",NA
"DTXSID60881938","71608-37-2","-","-","-",NA
"DTXSID60881953","110070-82-1","-","-","-",NA
"DTXSID60881958","68379-37-3","-","-","-",NA
"DTXSID60881973","68188-12-5","-","-","-",NA
"DTXSID60881978","65530-75-8","-","-","-",NA
"DTXSID60881993","105656-07-3","-","-","-",NA
"DTXSID60881998","29014-57-1","-","-","-",NA
"DTXSID60882001","29697-44-7","-","-","-",NA
"DTXSID60882006","97659-47-7","-","-","-",NA
"DTXSID60882021","161075-23-6","-","-","-",NA
"DTXSID60882026","113189-63-2","-","-","-",NA
"DTXSID60882561","112311-93-0","-","-","-",NA
"DTXSID60882566","1094598-90-9","-","-","-",NA
"DTXSID60882581","68329-56-6","-","-","-",NA
"DTXSID60882586","306975-56-4","-","-","-",NA
"DTXSID60882602","503297-86-7","-","-","-",NA
"DTXSID60882607","339163-51-8","-","-","-",NA
"DTXSID60882622","152286-25-4","-","-","-",NA
"DTXSID60882627","1190931-41-9","-","-","-",NA
"DTXSID60882642","503448-36-0","-","-","-",NA
"DTXSID60882647","460314-45-8","-","-","-",NA
"DTXSID60882662","221455-57-8","-","-","-",NA
"DTXSID60882667","218448-95-4","-","-","-",NA
"DTXSID60882682","297175-70-3","-","-","-",NA
"DTXSID60882687","1621858-40-9","-","-","-",NA
"DTXSID60882703","178535-22-3","-","-","-",NA
"DTXSID60882708","68990-40-9","-","-","-",NA
"DTXSID60882723","218448-99-8","-","-","-",NA
"DTXSID60882728","122402-79-3","-","-","-",NA
"DTXSID60882743","95590-48-0","-","-","-",NA
"DTXSID60882748","1017277-36-9","-","-","-",NA
"DTXSID60882763","200295-55-2","-","-","-",NA
"DTXSID60882768","510732-38-4","-","-","-",NA
"DTXSID60882783","86960-56-7","-","-","-",NA
"DTXSID60882788","464178-90-3","-","-","-",NA
"DTXSID60882804","332076-28-5","-","-","-",NA
"DTXSID60882809","306975-84-8","-","-","-",NA
"DTXSID60882829","162492-14-0","-","-","-",NA
"DTXSID60882849","68988-55-6","-","-","-",NA
"DTXSID60882864","70892-42-1","-","-","-",NA
"DTXSID60882869","224790-87-8","-","-","-",NA
"DTXSID60882884","125328-29-2","-","-","-",NA
"DTXSID60882889","277752-44-0","-","-","-",NA
"DTXSID60882900","68988-53-4","-","-","-",NA
"DTXSID60882905","69087-47-4","-","-","-",NA
"DTXSID60882925","104242-02-6","-","-","-",NA
"DTXSID60882940","68298-81-7","-","-","-",NA
"DTXSID60882945","185630-70-0","-","-","-",NA
"DTXSID60882960","68187-47-3","-","-","-",NA
"DTXSID60882965","425664-29-5","-","-","-",NA
"DTXSID60882980","65530-80-5","-","-","-",NA
"DTXSID60882985","332912-47-7","-","-","-",NA
"DTXSID60883013","148240-81-7","-","-","-",NA
"DTXSID60883018","65530-70-3","-","-","-",NA
"DTXSID60883033","129154-21-8","-","-","-",NA
"DTXSID60883038","148240-89-5","-","-","-",NA
"DTXSID60883053","148240-79-3","-","-","-",NA
"DTXSID60883073","870998-78-0","-","-","-",NA
"DTXSID60883078","207691-69-8","-","-","-",NA
"DTXSID60887450","68541-02-6","VZVBVGFCRFYOSX-UHFFFAOYSA-M","C19H5Cl4F11KNO6S","762.8053107","O=C([O-])c1c(Cl)c(Cl)c(Cl)c(Cl)c1C(=O)Nc1cccc(OS(=O)(=O)C(F)(F)C(F)(F)C(F)(F)C(F)(F)C(F)(F)F)c1.[K+]"
"DTXSID60892367","377-76-4","PCZBVJHXWDEHIZ-UHFFFAOYSA-N","C5HF9O3","279.978197872","O=C(O)C(F)(F)C(F)(F)OC(F)(F)C(F)(F)F"
"DTXSID60892443","2806-15-7","ULYIJZHWHDXAMG-UHFFFAOYSA-M","C10F21NaO3S","621.91305176","O=S(=O)([O-])C(F)(F)C(F)(F)C(F)(F)C(F)(F)C(F)(F)C(F)(F)C(F)(F)C(F)(F)C(F)(F)C(F)(F)F.[Na+]"
"DTXSID60892483","120885-29-2","ZWBAMYVPMDSJGQ-UHFFFAOYSA-M","C7F13O2","362.9690711","O=C([O-])C(F)(F)C(F)(F)C(F)(F)C(F)(F)C(F)(F)C(F)(F)F"
"DTXSID60892948","130114-31-7","ZLXHLIZSFKQSIT-UHFFFAOYSA-N","C14H15F13N2O3","506.0875092","C[N+](C)(CCCNC(=O)C(F)(F)C(F)(F)C(F)(F)C(F)(F)C(F)(F)C(F)(F)F)CC(=O)[O-]"
"DTXSID60893293","73149-44-7","QFKCTDSCQRPAOC-UHFFFAOYSA-M","C14H16BrF17N2O2S","677.984440592","C[N+](C)(C)CCCNS(=O)(=O)C(F)(F)C(F)(F)C(F)(F)C(F)(F)C(F)(F)C(F)(F)C(F)(F)C(F)(F)F.[Br-]"
"DTXSID60893319","113933-98-5","MYTOORQJRVEUKE-UHFFFAOYSA-N","C18H17F19N2O3","670.093578584","C[N+](C)(CCCNC(=O)C(F)(F)C(F)(F)C(F)(F)C(F)(F)C(F)(F)C(F)(F)C(F)(F)C(F)(F)C(F)(F)F)CCC(=O)[O-]"
"DTXSID60893334","117844-18-5","IKYSSHCBAUZNMC-UHFFFAOYSA-N","C31H36F7N3O4","647.259404172","CCCCCCCCCCCCC(Oc1ccccc1C#N)/C(O)=N\c1ccc(NC(=O)C(F)(F)C(F)(F)C(F)(F)F)c(O)c1"
"DTXSID60893339","119107-96-9","DUJGJLZIVIMXGT-UHFFFAOYSA-N","C14F26","661.95848372","FC(F)(F)C(F)(F)C(F)(F)C(F)(F)C1(F)C(F)(F)C(F)(F)C2(F)C(F)(F)C(F)(F)C(F)(F)C(F)(F)C2(F)C1(F)F"
"DTXSID60893354","153273-32-6","CTUHKFIIVLKIOR-UHFFFAOYSA-N","C8F18","437.97125796","FC(F)(F)C(F)(F)C(F)(F)C(F)(F)C(F)(F)C(F)(C(F)(F)F)C(F)(F)F"
"DTXSID60893374","261503-44-0","UEYXJPFQJDFMGD-UHFFFAOYSA-N","C8HF13","343.987066892","C#CC(C(F)(F)F)(C(F)(F)F)C(F)(F)C(F)(F)C(F)(F)F"
"DTXSID60893399","484023-82-7","XEFXAYIWZZHNIR-UHFFFAOYSA-N","C9H15F9N2O7S2","498.0176968","O=S(=O)([O-])CC(O)CN(CCO)S(=O)(=O)C(F)(F)C(F)(F)C(F)(F)C(F)(F)F.[NH4+]"
"DTXSID60893410","958445-54-0","VOKIUIIBMBYXNU-UHFFFAOYSA-N","C8H4F12O4","391.991797248","COC(=O)C(F)(F)C(F)OC(F)(F)C(F)(F)C(F)(F)OC(F)(F)F"
"DTXSID60895156","355-94-2","GFUYTQGIFLALGN-UHFFFAOYSA-N","C5H4BrF7","275.938459768","FC(F)(F)C(F)(F)C(F)(F)CCBr"
"DTXSID60895171","1081782-31-1","HVOUHYGSLBPLGT-NSCUHMNNSA-N","C6H5F7","210.0279477","C/C=C/C(F)(F)C(F)(F)C(F)(F)F"
"DTXSID60895176","1190430-22-8","NKYOHYCHDHBHKM-UHFFFAOYSA-N","C11H15F9","318.10300446","CCCCCCCC(F)(F)C(F)(F)C(F)(F)C(F)(F)F"
"DTXSID60895191","375-21-3","GHXAOYAGFDREMN-UHFFFAOYSA-N","C4H3F7O2","216.002126876","OC(O)C(F)(F)C(F)(F)C(F)(F)F"
"DTXSID60895196","40735-33-9","ZJRXNPPPEHEXIG-UHFFFAOYSA-N","C11H14F9I","443.999652428","CCCCCC(I)CC(F)(F)C(F)(F)C(F)(F)C(F)(F)F"
"DTXSID60895212","272451-64-6","YXBZHGLURYLFOB-UHFFFAOYSA-N","C10H8F13I","501.946315116","FC(F)(CCI)CC(F)(F)CC(F)(F)C(F)(F)C(F)(F)C(F)(F)F"
"DTXSID60895217","50428-19-8","QDWBWHGTTUZIIT-UHFFFAOYSA-N","C5H3F9O","250.004018696","FC(F)OCC(F)(F)C(F)(F)C(F)(F)F"
"DTXSID60895232","133310-70-0","OJIAEXACITVMDV-UHFFFAOYSA-N","C22H37F9","472.275155164","CCCCCCCCCCCCCCCCCCC(F)(F)C(F)(F)C(F)(F)C(F)(F)F"
"DTXSID60895237","1835251-91-6","AJIYRVJOPFDXSF-UHFFFAOYSA-N","C14H16F14","450.102845592","FC(F)(F)C(F)(F)C(F)(F)CCCCCCCCC(F)(F)C(F)(F)C(F)(F)F"
"DTXSID60895252","154478-87-2","HUPGRQWHZOWFPQ-UHFFFAOYSA-N","C12H5F21","548.00559278","CCC(F)(F)C(F)(F)C(F)(F)C(F)(F)C(F)(F)C(F)(F)C(F)(F)C(F)(F)C(F)(F)C(F)(F)F"
"DTXSID60895257","182130-15-0","UKTBRZQVLVYOAA-UHFFFAOYSA-N","C15H15F17","518.09023022","CCCCCCCC(F)(F)C(F)(F)C(F)(F)C(F)(F)C(F)(F)C(F)(F)C(F)(F)C(F)(F)F"
"DTXSID60895272","918-32-1","DUVMOWIYGIOIKQ-UHFFFAOYSA-N","C15H16F15I","608.005721812","CCCCCCC(I)CC(F)(F)C(F)(F)C(F)(F)C(F)(F)C(F)(F)C(F)(F)C(F)(F)F"
"DTXSID60895277","38787-66-5","HAOJSOMNGULWCF-UHFFFAOYSA-N","C14H14F15I","593.990071748","CCCCCC(I)CC(F)(F)C(F)(F)C(F)(F)C(F)(F)C(F)(F)C(F)(F)C(F)(F)F"
"DTXSID60895292","51035-20-2","LTJNLPWVUOGYDI-UHFFFAOYSA-N","C5H3F7O","212.007212256","FC(F)(F)C(F)(F)C(F)(F)C1CO1"
"DTXSID60895297","1365808-20-3","ZAUXRLVUBYXUQJ-UHFFFAOYSA-N","C6H5F9O","264.01966876","CC(F)(F)OCC(F)(F)C(F)(F)C(F)(F)F"
"DTXSID60895313","1207481-10-4","YRKDAFCAUCOZTJ-UHFFFAOYSA-N","C10H15F7O2","300.09602726","OCCCCCCOCC(F)(F)C(F)(F)C(F)(F)F"
"DTXSID60895318","13050-20-9","MYGNZRIQAZMQDD-UHFFFAOYSA-N","C4H2ClF7N2","245.979473284","N=C(NCl)C(F)(F)C(F)(F)C(F)(F)F"
"DTXSID60895333","67193-90-2","XLDCRDVOTVYYPR-UHFFFAOYSA-N","C12BrF25","697.8784176","FC(F)(F)C(F)(F)C(F)(F)C(F)(F)C(F)(F)C(F)(F)C(F)(F)C(F)(F)C(F)(F)C(F)(F)C(F)(F)C(F)(F)Br"
"DTXSID60895338","935477-01-3","SXSREXZPYXYIST-UHFFFAOYSA-N","C9H2F16","413.990101584","FC(F)(F)C=CC(F)(F)C(F)(F)C(F)(F)C(F)(F)C(F)(F)C(F)(F)F"
"DTXSID60895353","90499-29-9","IVEZGFUIXGVGNW-UHFFFAOYSA-N","C20H21F21","660.130793292","CCCCCCCCCCC(F)(F)C(F)(F)C(F)(F)C(F)(F)C(F)(F)C(F)(F)C(F)(F)C(F)(F)C(F)(F)C(F)(F)F"
"DTXSID60895358","117874-91-6","YEBKLAYIVJXMNI-UHFFFAOYSA-N","C9H4BrF7","323.938459768","FC(F)(F)C(F)(F)C(F)(F)c1ccc(Br)cc1"
"DTXSID60895373","350608-60-5","CYIMORLVMXKPBZ-VOTSOKGWSA-N","C13H13F13","416.080967276","CCCCC/C=C/C(F)(F)C(F)(F)C(F)(F)C(F)(F)C(F)(F)C(F)(F)F"
"DTXSID60895378","1835255-24-7","HCYPERYYAZDFLK-UHFFFAOYSA-N","C18H16F22","650.090071352","FC(F)(F)C(F)(F)C(F)(F)C(F)(F)C(F)(F)CCCCCCCCC(F)(F)C(F)(F)C(F)(F)C(F)(F)C(F)(F)F"
"DTXSID60895393","250738-44-4","QJOIRFSOXHTWKX-UHFFFAOYSA-N","C27H35F21","758.24034374","CCCCCCCCCCCCCCCCCC(F)(F)C(F)(F)C(F)(F)C(F)(F)C(F)(F)C(F)(F)C(F)(F)C(F)(F)C(F)(F)C(F)(F)F"
"DTXSID60895398","677324-30-0","RQMJRNGTYOKIPQ-UHFFFAOYSA-N","C21H19F25","746.108756108","CCCCCCCCCC(F)(F)C(F)(F)C(F)(F)C(F)(F)C(F)(F)C(F)(F)C(F)(F)C(F)(F)C(F)(F)C(F)(F)C(F)(F)C(F)(F)F"
"DTXSID60895414","250738-46-6","RAYVCZDHWHRTKY-UHFFFAOYSA-N","C29H39F21","786.271643868","CCCCCCCCCCCCCCCCCCCC(F)(F)C(F)(F)C(F)(F)C(F)(F)C(F)(F)C(F)(F)C(F)(F)C(F)(F)C(F)(F)C(F)(F)F"
"DTXSID60895419","935477-16-0","KQWUAJHKKHLDSO-UHFFFAOYSA-N","C10H2F18","463.986908024","FC(F)(F)C(F)(F)C(F)(F)C=CC(F)(F)C(F)(F)C(F)(F)C(F)(F)C(F)(F)F"
"DTXSID60895434","188298-09-1","PPUCLCTVTJYXOM-UHFFFAOYSA-N","C9H9F9O","304.050968888","C=CCOCCC(F)(F)C(F)(F)C(F)(F)C(F)(F)F"
"DTXSID60895439","116177-48-1","COFYVQNPCJQXFJ-UHFFFAOYSA-N","C27H31F25","830.202656492","CCCCCCCCCCCCCCCC(F)(F)C(F)(F)C(F)(F)C(F)(F)C(F)(F)C(F)(F)C(F)(F)C(F)(F)C(F)(F)C(F)(F)C(F)(F)C(F)(F)F"
"DTXSID60895454","93454-75-2","ZQTOGMUPCQLFRE-UHFFFAOYSA-N","C30H37F25","872.249606684","CCCCCCCCCCCCCCCCCCC(F)(F)C(F)(F)C(F)(F)C(F)(F)C(F)(F)C(F)(F)C(F)(F)C(F)(F)C(F)(F)C(F)(F)C(F)(F)C(F)(F)F"
"DTXSID60895459","264229-79-0","UWHCDIVGZGOVSH-UHFFFAOYSA-N","C31H39F25","886.265256748","CCCCCCCCCCCCCCCCCCCC(F)(F)C(F)(F)C(F)(F)C(F)(F)C(F)(F)C(F)(F)C(F)(F)C(F)(F)C(F)(F)C(F)(F)C(F)(F)C(F)(F)F"
"DTXSID60895474","133299-41-9","YUKPQRHDYICGSY-UHFFFAOYSA-N","C20H8F34","894.008309736","FC(F)(F)C(F)(F)C(F)(F)C(F)(F)C(F)(F)C(F)(F)C(F)(F)C(F)(F)CCCCC(F)(F)C(F)(F)C(F)(F)C(F)(F)C(F)(F)C(F)(F)C(F)(F)C(F)(F)F"
"DTXSID60895479","135462-71-4","SNWTZZYGEHPHCQ-UHFFFAOYSA-N","C6H6F9NO","279.030567792","NCC(O)C(F)(F)C(F)(F)C(F)(F)C(F)(F)F"
"DTXSID60895494","104568-28-7","BZEGSOOPSLUPSS-UHFFFAOYSA-N","C8H9F9OS","324.023039888","OCCSCCC(F)(F)C(F)(F)C(F)(F)C(F)(F)F"
"DTXSID60895499","1127427-64-8","WZMYHHQUGKBPNU-UHFFFAOYSA-N","C22F46","1137.92654812","FC(F)(F)C(F)(F)C(F)(F)C(F)(F)C(F)(F)C(F)(F)C(F)(F)C(F)(F)C(F)(F)C(F)(F)C(F)(F)C(F)(F)C(F)(F)C(F)(F)C(F)(F)C(F)(F)C(F)(F)C(F)(F)C(F)(F)C(F)(F)C(F)(F)C(F)(F)F"
"DTXSID60895510","1828-40-6","MHQSODYIEVVICX-UHFFFAOYSA-N","C12F24","599.96167728","FC(F)=C(F)C(F)(F)C(F)(F)C(F)(F)C(F)(F)C(F)(F)C(F)(F)C(F)(F)C(F)(F)C(F)(F)C(F)(F)F"
"DTXSID60895515","66325-97-1","SAUHTGPUGJWMNX-UHFFFAOYSA-N","C13F26","649.95848372","FC(F)=C(F)C(F)(F)C(F)(F)C(F)(F)C(F)(F)C(F)(F)C(F)(F)C(F)(F)C(F)(F)C(F)(F)C(F)(F)C(F)(F)F"
"DTXSID60895530","56523-43-4","SFEKJPRYZMFTFH-UHFFFAOYSA-N","C14H2F26","663.974133784","FC(F)(F)C(F)(F)C(F)(F)C(F)(F)C(F)(F)C(F)(F)C=CC(F)(F)C(F)(F)C(F)(F)C(F)(F)C(F)(F)C(F)(F)F"
"DTXSID60895535","148043-94-1","XIDRMGWFRZGWJK-REOHCLBHSA-N","C6H6F7NO2","257.028675972","N[C@@H](CC(F)(F)C(F)(F)C(F)(F)F)C(=O)O"
"DTXSID60895550","959462-52-3","HVBADBGMDBTYFU-UHFFFAOYSA-N","C24H14F34I2","1201.864205928","FC(F)(F)C(F)(F)C(F)(F)C(F)(F)C(F)(F)C(F)(F)C(F)(F)C(F)(F)CC(I)CCCCC(I)CC(F)(F)C(F)(F)C(F)(F)C(F)(F)C(F)(F)C(F)(F)C(F)(F)C(F)(F)F"
"DTXSID60895555","879881-65-9","NTTVPRMNUJGUJM-UHFFFAOYSA-N","C13H19F13N2Si","478.110991998","CN(C)[Si](C)(CCC(F)(F)C(F)(F)C(F)(F)C(F)(F)C(F)(F)C(F)(F)F)N(C)C"
"DTXSID60895570","54336-60-6","KXSPGFSJWMIFOC-UHFFFAOYSA-N","C9H7F13O2","394.023846324","OCCOCC(F)(F)C(F)(F)C(F)(F)C(F)(F)C(F)(F)C(F)(F)F"
"DTXSID60895575","1354703-21-1","PWMNZECJWQPLCK-UHFFFAOYSA-N","C7H3F7N2","248.018445636","FC(F)(F)C(F)(F)C(F)(F)c1cncnc1"
"DTXSID60895590","1980086-18-7","LSSMOSYTCGGJLI-UHFFFAOYSA-N","C26H10F42I2","1373.82013156","FC(F)(F)C(F)(F)C(F)(F)C(F)(F)C(F)(F)C(F)(F)C(F)(F)C(F)(F)C(F)(F)C(F)(F)CC(I)CCC(I)CC(F)(F)C(F)(F)C(F)(F)C(F)(F)C(F)(F)C(F)(F)C(F)(F)C(F)(F)C(F)(F)C(F)(F)F"
"DTXSID60895595","1300746-85-3","AUJMMOWFPBJGCY-UHFFFAOYSA-N","C9H4F7NO2","291.013025908","O=[N+]([O-])c1ccc(C(F)(F)C(F)(F)C(F)(F)F)cc1"
"DTXSID60895611","77032-24-7","ILPCKBJXJCYDKK-UHFFFAOYSA-N","C11H8F17NO2","509.028358236","CNC.O=C(O)C(F)(F)C(F)(F)C(F)(F)C(F)(F)C(F)(F)C(F)(F)C(F)(F)C(F)(F)F"
"DTXSID60895616","184783-37-7","FZHOYNJTYKXPSU-UHFFFAOYSA-N","C8H7F7O2","268.033427004","CCOC=CC(=O)C(F)(F)C(F)(F)C(F)(F)F"
"DTXSID60895631","136909-80-3","OKIJUKHROTUCQA-UHFFFAOYSA-N","C8H7F7O2","268.033427004","C=C(CC(F)(F)C(F)(F)C(F)(F)F)OC(C)=O"
"DTXSID60895636","114221-76-0","UHNUYVNSKZRHTM-UHFFFAOYSA-N","C46H42F50I2","1798.057758344","FC(F)(F)C(F)(F)C(F)(F)C(F)(F)C(F)(F)C(F)(F)C(F)(F)C(F)(F)C(F)(F)C(F)(F)C(F)(F)C(F)(F)CC(I)CCCCCCCCCCCCCCCCCCC(I)CC(F)(F)C(F)(F)C(F)(F)C(F)(F)C(F)(F)C(F)(F)C(F)(F)C(F)(F)C(F)(F)C(F)(F)C(F)(F)C(F)(F)F"
"DTXSID60895651","195324-87-9","INTYDOLPAWEEIL-UHFFFAOYSA-N","C14H8BrF13","501.960179216","FC(F)(F)C(F)(F)C(F)(F)C(F)(F)C(F)(F)C(F)(F)CCc1ccc(Br)cc1"
"DTXSID60895656","18739-65-6","JHLMTFZYXXBSEC-UHFFFAOYSA-N","C11H7F9O","326.035318824","COc1cccc(C(F)(F)C(F)(F)C(F)(F)C(F)(F)F)c1"
"DTXSID60895671","169477-62-7","ODWOZMSHTDFDFA-UHFFFAOYSA-N","C9F20O","503.96297902","FC(F)(F)C(F)(F)C(F)(F)C(F)(F)C(F)(F)OC(F)(F)C(F)(C(F)(F)F)C(F)(F)F"
"DTXSID60895676","26564-96-5","AYPSLICMPFXLQI-UHFFFAOYSA-N","C11H7F13O4","450.013675564","O=C(O)C(CCC(F)(F)C(F)(F)C(F)(F)C(F)(F)C(F)(F)C(F)(F)F)C(=O)O"
"DTXSID60895691","213681-67-5","SVEVXDYTPMSOIT-UHFFFAOYSA-N","C10H7F13OS","422.001002704","CC(=O)SCCC(F)(F)C(F)(F)C(F)(F)C(F)(F)C(F)(F)C(F)(F)F"
"DTXSID60895696","188534-35-2","BRGXVFJOTDAMDP-UHFFFAOYSA-N","C7H5F11O3S","377.97837544","CS(=O)(=O)OCC(F)(F)C(F)(F)C(F)(F)C(F)(F)C(F)(F)F"
"DTXSID60895712","451456-30-7","UOJGGAYAADUVAH-UHFFFAOYSA-N","C13H11F13O2","446.055146452","C=CC(=O)OCCCCC(F)(F)C(F)(F)C(F)(F)C(F)(F)C(F)(F)C(F)(F)F"
"DTXSID60895717","1456734-51-2","CQWOJQNNKNQDJW-UHFFFAOYSA-N","C10H7F11O3","384.021954504","COC(=O)CCC(=O)C(F)(F)C(F)(F)C(F)(F)C(F)(F)C(F)(F)F"
"DTXSID60895732","75668-26-7","UVZZELJWFBMUIW-UHFFFAOYSA-N","C8H10F7NO","269.06506148","CCC(C)NC(=O)C(F)(F)C(F)(F)C(F)(F)F"
"DTXSID60895737","146615-73-8","VQOPAPHAKJCJTK-UHFFFAOYSA-N","C10H9F7O4","326.038906308","C=C(C)C(=O)OCCOC(=O)C(F)(F)C(F)(F)C(F)(F)F"
"DTXSID60895752","13173-36-9","AMFSMDRXAVOFCS-UHFFFAOYSA-N","C10H7F11O2","368.027039884","C=C(C)C(=O)OCC(F)(F)C(F)(F)C(F)(F)C(F)(F)C(F)(F)F"
"DTXSID60895757","41006-33-1","RHDCGRXGQIUPMP-UHFFFAOYSA-N","C8H12F9NOSSn","460.951783684","C[N](S(=O)C(F)(F)C(F)(F)C(F)(F)C(F)(F)F)[Sn]([CH3])([CH3])[CH3]"
"DTXSID60895914","150625-20-0","QOIKFYLOUXBJNG-UHFFFAOYSA-N","C15H11F17O2","546.048759332","C=C(C)C(=O)OCCCC(F)(F)C(F)(F)C(F)(F)C(F)(F)C(F)(F)C(F)(F)C(F)(F)C(F)(F)F"
"DTXSID60895919","99089-22-2","SUHRXMXSRDLXIL-UHFFFAOYSA-N","C8H10F7NO","269.06506148","CC(C)(C)NC(=O)C(F)(F)C(F)(F)C(F)(F)F"
"DTXSID60895934","70414-16-3","AVOIPCNIYXAITQ-UHFFFAOYSA-N","C13H8F7N","311.054496796","Cc1cnc(C(F)(F)C(F)(F)C(F)(F)F)c2ccccc12"
"DTXSID60895939","1023815-51-1","XFNPSUTZEAJYGZ-UHFFFAOYSA-N","C7HCl2F7N2","315.940500932","FC(F)(F)C(F)(F)C(F)(F)c1nc(Cl)cc(Cl)n1"
"DTXSID60895954","81769-51-9","VKBLMPJLEYTODL-UHFFFAOYSA-N","C13H3F21N2","585.996090716","FC(F)(F)C(F)(F)C(F)(F)C(F)(F)C(F)(F)C(F)(F)C(F)(F)C(F)(F)C(F)(F)C(F)(F)c1ncc[nH]1"
"DTXSID60895959","64790-29-0","ZWLUCJNJSFZMTB-UHFFFAOYSA-N","C9H13F7N2O","298.091610576","CN(C)CCCNC(=O)C(F)(F)C(F)(F)C(F)(F)F"
"DTXSID60895974","131545-71-6","VOSLQIFOYWLTEL-UHFFFAOYSA-N","C21H27F9O2","482.186734084","Oc1cccc(CCCCCCCCCCCC(F)(F)C(F)(F)C(F)(F)C(F)(F)F)c1O"
"DTXSID60895979","144459-62-1","ZRKXYIFJBYTAAB-UHFFFAOYSA-N","C10H4F7NO3","319.007940528","O=C(c1ccc([N+](=O)[O-])cc1)C(F)(F)C(F)(F)C(F)(F)F"
"DTXSID60895994","313535-73-8","KXCGGDSYTXMIML-UHFFFAOYSA-N","C7H6F9NO2","307.025482412","O=C(NCCO)C(F)(F)C(F)(F)C(F)(F)C(F)(F)F"
"DTXSID60895999","135587-13-2","LZXRMBONGPXFCO-UHFFFAOYSA-N","C12H15F9INO3Si","546.97222185","FC(F)(F)C(F)(F)C(F)(F)C(F)(F)CC(I)[Si]12OCCN(CCO1)CCO2"
"DTXSID60896002","187039-77-6","QVGVUEVPLRVFEE-UHFFFAOYSA-N","C12H2F24O3S","681.934142204","O=S(=O)(OCC(F)(F)C(F)(F)C(F)(F)C(F)(F)C(F)(F)C(F)(F)C(F)(F)F)C(F)(F)C(F)(F)C(F)(F)C(F)(F)F"
"DTXSID60896007","1270179-82-2","XXWVQQPYWSIJGT-UHFFFAOYSA-N","C8H6F13NO2S","426.991166292","CN(C)S(=O)(=O)C(F)(F)C(F)(F)C(F)(F)C(F)(F)C(F)(F)C(F)(F)F"
"DTXSID60896022","217474-47-0","NIOKERYKVFUYRO-UHFFFAOYSA-N","C12H11F8NO","337.071289732","CCOC(F)(c1ccccc1N)C(F)(F)C(F)(F)C(F)(F)F"
"DTXSID60896027","135587-15-4","XBDVKTKILQXMOM-UHFFFAOYSA-N","C14H15F13INO3Si","646.96583473","FC(F)(F)C(F)(F)C(F)(F)C(F)(F)C(F)(F)C(F)(F)CC(I)[Si]12OCCN(CCO1)CCO2"
"DTXSID60896042","129560-87-8","XWVRCUGVIBGBDR-UHFFFAOYSA-N","C15H7F15O3","520.015567384","O=C(O)c1ccc(OCC(F)(F)C(F)(F)C(F)(F)C(F)(F)C(F)(F)C(F)(F)C(F)(F)F)cc1"
"DTXSID60896047","15959-98-5","PJAXFZHTZFOPJE-UHFFFAOYSA-N","C8H5F7N2O3","310.01883956","CCOC(=O)C(=[N+]=[N-])C(=O)C(F)(F)C(F)(F)C(F)(F)F"
"DTXSID60896062","1069085-53-5","AUVJDWOHCOSIOS-UHFFFAOYSA-N","C12H9F7N2","314.065395828","FC(F)(F)C(F)(F)C(F)(F)C1=NCCN1c1ccccc1"
"DTXSID60896067","79497-98-6","HDXNUYLOADWXAI-UHFFFAOYSA-N","C10H5ClF7NO","322.994789","O=C(Nc1ccc(Cl)cc1)C(F)(F)C(F)(F)C(F)(F)F"
"DTXSID60896082","1206684-15-2","AMLFDTSTDKGEKX-UHFFFAOYSA-N","C8H8F7NOS","299.021482416","FC(F)(F)C(F)(F)C(F)(F)C(=S)N1CCOCC1"
"DTXSID60896087","1262679-06-0","WIKFLLRFLVLBKC-UHFFFAOYSA-N","C13H9F9O2S","400.017954508","CCOC(=O)c1ccc(SC(F)(F)C(F)(F)C(F)(F)C(F)(F)F)cc1"
"DTXSID60896103","883500-11-6","OHRRWZZYRZXFNZ-UHFFFAOYSA-N","C14H9F13O3S","504.006482008","Cc1ccc(S(=O)(=O)OCC(F)(F)C(F)(F)C(F)(F)C(F)(F)C(F)(F)C(F)(F)F)cc1"
"DTXSID60896108","118454-01-6","XGOMMFOXIOYADC-UHFFFAOYSA-N","C14H15F15N2O","512.0944864","CN(C)CCCCNC(=O)C(F)(F)C(F)(F)C(F)(F)C(F)(F)C(F)(F)C(F)(F)C(F)(F)F"
"DTXSID60896123","304877-96-1","YTRLZMSTOMYNQS-UHFFFAOYSA-N","C13H5F9O2","364.01458338","O=c1cc(C(F)(F)C(F)(F)C(F)(F)C(F)(F)F)oc2ccccc12"
"DTXSID60896128","1427176-19-9","HDBRXVSINCDTJD-UHFFFAOYSA-N","C10H14F9NO4S","415.049982908","COCCN(CCOC)S(=O)(=O)C(F)(F)C(F)(F)C(F)(F)C(F)(F)F"
"DTXSID60896143","714975-34-5","BVTBRNKSLKEXBL-UHFFFAOYSA-N","C7H6F7N3O","281.039909352","COc1nc(C(F)(F)C(F)(F)C(F)(F)F)n(C)n1"
"DTXSID60896148","322647-82-5","ZHQHSVFPOKMCMF-UHFFFAOYSA-N","C39H18F39P","1258.052337786","FC(F)(F)C(F)(F)C(F)(F)C(Cc1ccc(P(c2ccc(CC(C(F)(F)F)(C(F)(F)F)C(F)(F)C(F)(F)C(F)(F)F)cc2)c2ccc(CC(C(F)(F)F)(C(F)(F)F)C(F)(F)C(F)(F)C(F)(F)F)cc2)cc1)(C(F)(F)F)C(F)(F)F"
"DTXSID60896163","204130-95-0","SVXMNQVFCJCBTQ-UHFFFAOYSA-N","C13H7F9N2","362.046552204","FC(F)(F)C(F)(F)C(F)(F)C(F)(F)c1cc(-c2ccccc2)[nH]n1"
"DTXSID60896168","151707-04-9","DDACECXMWPRJCY-UHFFFAOYSA-N","C30H12F26O2","898.042213344","FC(F)(F)C(F)(F)C(F)(F)C(F)(F)C(F)(F)C(F)(F)c1cccc(Oc2cccc(Oc3cccc(C(F)(F)C(F)(F)C(F)(F)C(F)(F)C(F)(F)C(F)(F)F)c3)c2)c1"
"DTXSID60896183","1610931-26-4","FTSFKJUGJTZVJF-UHFFFAOYSA-N","C10HF11N2","357.996408452","Fc1c(F)c(F)c2c(C(F)(F)C(F)(F)C(F)(F)F)n[nH]c2c1F"
"DTXSID60896188","925457-51-8","UYRIJNJIDYTBCG-UHFFFAOYSA-N","C26H34F14N4","668.255992168","CC(C)(C)C1=NCCCN=C(C(F)(F)C(F)(F)C(F)(F)F)CC(C(C)(C)C)=NCCCN=C(C(F)(F)C(F)(F)C(F)(F)F)C1"
"DTXSID60896204","312-19-6","VVSMORRIDUQEFJ-UHFFFAOYSA-N","C12H8F17NO3S","568.995343856","O=S(=O)(N1CCOCC1)C(F)(F)C(F)(F)C(F)(F)C(F)(F)C(F)(F)C(F)(F)C(F)(F)C(F)(F)F"
"DTXSID60896209","288161-40-0","PXRFFHCMLAVCDR-UHFFFAOYSA-N","C19H11F13N2O","530.066379832","O=C(Nc1ccccc1)Nc1ccccc1C(F)(F)C(F)(F)C(F)(F)C(F)(F)C(F)(F)C(F)(F)F"
"DTXSID60896224","1161941-02-1","QONUGHHHTUJULH-UHFFFAOYSA-N","C14H8F9NO4S","457.003032716","COc1ccc2nccc(OS(=O)(=O)C(F)(F)C(F)(F)C(F)(F)C(F)(F)F)c2c1"
"DTXSID60896229","681443-29-8","JBEJWIIKJQZKJL-UHFFFAOYSA-N","C10H4F9N3O2S","400.988051348","O=S(=O)(n1nnc2ccccc21)C(F)(F)C(F)(F)C(F)(F)C(F)(F)F"
"DTXSID60896244","376383-49-2","IUJJLNFUGXXBAR-UHFFFAOYSA-N","C16H9F7O5","414.033820928","COc1c2occc2c(OC)c2c(=O)cc(C(F)(F)C(F)(F)C(F)(F)F)oc12"
"DTXSID60896249","203201-05-2","TZDXLQYBVHDLNK-VOTSOKGWSA-N","C14H10F7N3O4","417.05595334","C/C(=C\C(=O)C(F)(F)C(F)(F)C(F)(F)F)NNC(=O)c1ccc([N+](=O)[O-])cc1"
"DTXSID60896264","919489-99-9","YROHNOYMVCOFGS-UHFFFAOYSA-N","C15F20N2O","603.96912702","Fc1c(F)c(F)c(-c2nc(C(F)(F)C(F)(F)C(F)(F)C(F)(F)C(F)(F)C(F)(F)C(F)(F)F)no2)c(F)c1F"
"DTXSID60896269","346637-99-8","RNWIQELODLHLDL-UHFFFAOYSA-N","C19H16F7N3","419.123245052","CC(C)(C)c1cc(C(F)(F)C(F)(F)C(F)(F)F)n2nc(-c3ccccc3)cc2n1"
"DTXSID60896284","304435-61-8","AFOVRKBVJMNTSC-UHFFFAOYSA-N","C17H18F7N3O3","445.123638976","COc1cc2c(cc1OC)C(NNC(=O)C(F)(F)C(F)(F)C(F)(F)F)=NC(C)(C)C2"
"DTXSID60896289","545359-89-5","NMUOCMHRTRQPTH-UHFFFAOYSA-N","C16H12F7N3O3","427.076688784","CCOC(=O)c1cnn(-c2ccccc2)c1NC(=O)C(F)(F)C(F)(F)C(F)(F)F"
"DTXSID60896300","131118-41-7","FRWNFXLINJSLBN-UHFFFAOYSA-N","C5H3F7O","212.007212256","O=CCC(F)(C(F)(F)F)C(F)(F)F"
"DTXSID60896305","167026-90-6","KVLZYXPNBHIUMY-UHFFFAOYSA-N","C5F9I","357.89010198","FC(I)=C(F)C(F)(C(F)(F)F)C(F)(F)F"
"DTXSID60896320","261760-25-2","RLTYZSOFMJFAHD-UHFFFAOYSA-N","C6H4F7IO","351.919510288","OCC(I)=CC(F)(C(F)(F)F)C(F)(F)F"
"DTXSID60896325","875306-42-6","WYIPEGIQFRQBAA-UHFFFAOYSA-N","C10H5F7O","274.02286232","O=Cc1ccc(C(F)(C(F)(F)F)C(F)(F)F)cc1"
"DTXSID60896340","2396-20-5","NYZRLIGFNVBZPE-UHFFFAOYSA-N","C10H5F7O2","290.01777694","O=C(O)c1cccc(C(F)(C(F)(F)F)C(F)(F)F)c1"
"DTXSID60896345","74405-85-9","RLXXVOHIWNLLHP-UHFFFAOYSA-N","C7H5F7O3","270.01269156","CCOC(=O)C(=O)C(F)(C(F)(F)F)C(F)(F)F"
"DTXSID60896360","1816284-43-1","ZUGSGANHTURLLH-UHFFFAOYSA-N","C8H3ClF7N","280.984224316","FC(F)(F)C(F)(c1cccnc1Cl)C(F)(F)F"
"DTXSID60896365","273735-38-9","INCNKEPQBIGNRG-UHFFFAOYSA-N","C10H8F7NO","291.049411416","COc1cc(C(F)(C(F)(F)F)C(F)(F)F)ccc1N"
"DTXSID60896380","1353009-40-1","NWCPLKBTZWJILQ-UHFFFAOYSA-N","C10H16F7NO3S","363.073911912","O=S(=O)(CCCNCCO)CCC(F)(C(F)(F)F)C(F)(F)F"
"DTXSID60896385","1262665-50-8","RHQBQSSQBXDLAT-UHFFFAOYSA-N","C10H5ClF9NO","360.99159544","Nc1c(Cl)cc(C(F)(C(F)(F)F)C(F)(F)F)cc1OC(F)F"
"DTXSID60896401","1355554-12-9","TZRKRIPOSNUFSS-UHFFFAOYSA-N","C15H15F7O2S","392.06809826","Cc1c(C(=O)O)ccc(C(F)(C(F)(F)F)C(F)(F)F)c1SCC(C)C"
"DTXSID60896406","1355554-07-2","UYFUBWJKEUQVTN-UHFFFAOYSA-N","C15H15F7O2S","392.06809826","CCCCSc1c(C(F)(C(F)(F)F)C(F)(F)F)ccc(C(=O)O)c1C"
"DTXSID60896421","1355554-87-8","DPJOHDGIIXCPLJ-UHFFFAOYSA-N","C14H13F7O3S","394.047362816","CCc1c(C(=O)O)ccc(C(F)(C(F)(F)F)C(F)(F)F)c1S(=O)CC"
"DTXSID60896426","1355554-25-4","PHRLHSJILRHISJ-UHFFFAOYSA-N","C14H13F7O3S","394.047362816","CCCS(=O)c1c(C(F)(C(F)(F)F)C(F)(F)F)ccc(C(=O)O)c1C"
"DTXSID60896441","1355554-57-2","YTTVATTUNZLFSZ-UHFFFAOYSA-N","C15H15F7O4S","424.0579275","CCC(C)S(=O)(=O)c1c(C(F)(C(F)(F)F)C(F)(F)F)ccc(C(=O)O)c1C"
"DTXSID60896446","1355554-53-8","AWMKZRNAKWGQAT-UHFFFAOYSA-N","C15H15F7O4S","424.0579275","CCCCS(=O)(=O)c1c(C(F)(C(F)(F)F)C(F)(F)F)ccc(C(=O)O)c1C"
"DTXSID60896461","862133-16-2","OFVAYTVRJIBOPT-UHFFFAOYSA-N","C25H16ClF9N2O2","582.075659412","Cc1cc(C(F)(C(F)(F)F)C(F)(F)F)cc(C)c1NC(=O)c1cccc(NC(=O)c2ccc(Cl)cc2F)c1F"
"DTXSID60896466","862134-30-3","POIXCGICONBWJT-UHFFFAOYSA-N","C26H18ClF9N2O2","596.091309476","Cc1cc(C(F)(C(F)(F)F)C(F)(F)F)cc(C)c1NC(=O)c1cccc(N(C)C(=O)c2ccc(Cl)cc2F)c1F"
"DTXSID60896481","40573-09-9","ZWWNWGPNBZIACR-UHFFFAOYSA-N","C6F12O2","331.97066788","FC(F)=C(F)OC(F)(F)C(F)(F)C(F)(F)OC(F)(F)F"
"DTXSID60896486","267239-61-2","MAYCVDQHBUQQFH-UHFFFAOYSA-N","C5HF9O3","279.978197872","O=C(O)C(F)(OC(F)(F)C(F)(F)F)C(F)(F)F"
"DTXSID60896502","147224-17-7","KRPLOVIXXGDVMC-UHFFFAOYSA-N","C9H7F11O3","372.021954504","CC(C)OC(=O)C(F)(OC(F)(F)C(F)(F)C(F)(F)F)C(F)(F)F"
"DTXSID60896507","340034-57-3","UJKLXHUBMDNJOB-UHFFFAOYSA-N","C10H9F11O3","386.037604568","CCC(C)OC(=O)C(F)(OC(F)(F)C(F)(F)C(F)(F)F)C(F)(F)F"
"DTXSID60896522","167631-99-4","SAETUWCYSIJUEM-UHFFFAOYSA-N","C21H3F41O7","1145.922409456","OCC(F)(OC(F)(F)C(F)(OC(F)(F)C(F)(OC(F)(F)C(F)(OC(F)(F)C(F)(OC(F)(F)C(F)(OC(F)(F)C(F)(F)C(F)(F)F)C(F)(F)F)C(F)(F)F)C(F)(F)F)C(F)(F)F)C(F)(F)F)C(F)(F)F"
"DTXSID60896527","65150-95-0","IJDRCJGYWUCJTR-UHFFFAOYSA-N","C15HF29O6","827.931006132","O=C(O)C(F)(OC(F)(F)C(F)(OC(F)(F)C(F)(OC(F)(F)C(F)(OC(F)(F)C(F)(F)C(F)(F)F)C(F)(F)F)C(F)(F)F)C(F)(F)F)C(F)(F)F"
"DTXSID60896542","312943-34-3","MLKBOEILAZUIPH-UHFFFAOYSA-N","C15H5F17O4","571.99163838","O=C(Oc1ccccc1)C(F)(OC(F)(F)C(F)(OC(F)(F)C(F)(F)C(F)(F)F)C(F)(F)F)C(F)(F)F"
"DTXSID60896547","178167-72-1","YOWKRWQKPXEGCO-UHFFFAOYSA-N","C13H10F17NO3","551.03892292","CCCCNC(=O)C(F)(OC(F)(F)C(F)(OC(F)(F)C(F)(F)C(F)(F)F)C(F)(F)F)C(F)(F)F"
"DTXSID60896562","16005-45-1","CMXKXUHPHNWSIF-UHFFFAOYSA-N","C6F13IO","461.87862948","FC(F)(F)C(F)(I)C(F)(F)OC(F)(C(F)(F)F)C(F)(F)F"
"DTXSID60896567","1812247-20-3","QTNXQUUMDZPDRJ-UHFFFAOYSA-N","C8HF15O2","413.973702572","O=C(O)C(F)(F)C(C(F)(F)F)(C(F)(F)F)C(F)(F)C(F)(F)C(F)(F)F"
"DTXSID60896582","1882109-72-9","CSDNZCNEOLXCQF-UHFFFAOYSA-N","C8HF15O2","413.973702572","O=C(O)C(F)(C(F)(F)F)C(F)(C(F)(F)F)C(F)(C(F)(F)F)C(F)(F)F"
"DTXSID60896587","1882109-77-4","KLIYVROPYNNGCN-UHFFFAOYSA-N","C8HF15O2","413.973702572","O=C(O)C(F)(C(F)(F)C(F)(F)C(F)(F)F)C(F)(F)C(F)(F)C(F)(F)F"
"DTXSID60896603","1812247-18-9","IKYRNTJITFLYOS-UHFFFAOYSA-N","C8HF15O2","413.973702572","O=C(O)C(F)(C(F)(F)F)C(F)(C(F)(F)F)C(F)(F)C(F)(F)C(F)(F)F"
"DTXSID60896608","203929-12-8","QZXYRRIBHBIXQN-UHFFFAOYSA-N","C6H3F8I","353.915173856","C=CC(F)(F)C(F)(F)C(F)(F)C(F)(F)I"
"DTXSID60896623","57475-95-3","ZAWWKRYRIHWWDN-UHFFFAOYSA-N","C17HF33O2","863.944960532","O=C(O)C(F)(F)C(F)(F)C(F)(F)C(F)(F)C(F)(F)C(F)(F)C(F)(F)C(F)(F)C(F)(F)C(F)(F)C(F)(F)C(F)(F)C(F)(F)C(F)(F)C(F)(F)C(F)(F)F"
"DTXSID60896628","65345-91-7","VBSIKBLJSKBZIJ-UHFFFAOYSA-M","C8H8F9NaO3S","377.994813376","O=S(=O)([O-])CCCCC(F)(F)C(F)(F)C(F)(F)C(F)(F)F.[Na+]"
"DTXSID60896643","70755-50-9","XIICCSXABGIGJL-UHFFFAOYSA-M","C7F15KO5S","519.88639908","O=S(=O)([O-])C(F)(F)C(F)(F)OC(F)(C(F)(F)F)C(F)(F)OC(F)(F)C(F)(F)F.[K+]"
"DTXSID60896648","84166-37-0","CMECKCJZKNMJHB-UHFFFAOYSA-N","C20H20F23IN2O4","916.01005418","CC[N+](C)(CC)CCCNC(=O)C(F)(OC(F)(F)C(F)(OC(F)(F)C(F)(OC(F)(F)C(F)(F)C(F)(F)F)C(F)(F)F)C(F)(F)F)C(F)(F)F.[I-]"
"DTXSID60896663","37759-88-9","FJRYHIWIYHYOTE-OWOJBTEDSA-N","C6H5F7O","226.02286232","OC/C=C/C(F)(F)C(F)(F)C(F)(F)F"
"DTXSID60896668","89889-22-5","MIEYGLYKERILQG-NSCUHMNNSA-N","C10H5F15","410.01517346","C/C=C/C(F)(F)C(F)(F)C(F)(F)C(F)(F)C(F)(F)C(F)(F)C(F)(F)F"
"DTXSID60896683","124921-25-1","ZFYUUPVIDOJWAX-VAWYXSNFSA-N","C20H23F17","586.152830476","CCCCCCCCCC/C=C/C(F)(F)C(F)(F)C(F)(F)C(F)(F)C(F)(F)C(F)(F)C(F)(F)C(F)(F)F"
"DTXSID60896688","62949-64-8","AXAYXKXNUQHQFZ-IHWYPQMZSA-N","C7H3F11O","312.000825136","CO/C(F)=C(\F)C(F)(F)C(F)(F)C(F)(F)C(F)(F)F"
"DTXSID60896704","61726-45-2","UJGOERJAHVHANM-UHFFFAOYSA-N","C14H10F21O3P","656.00322343","COP(=O)(CCC(F)(F)C(F)(F)C(F)(F)C(F)(F)C(F)(F)C(F)(F)C(F)(F)C(F)(F)C(F)(F)C(F)(F)F)OC"
"DTXSID60896709","90183-56-5","NUHXZXDKWWVPIK-UHFFFAOYSA-N","C16H18F17O3P","612.072210806","CC(C)OP(=O)(CCC(F)(F)C(F)(F)C(F)(F)C(F)(F)C(F)(F)C(F)(F)C(F)(F)C(F)(F)F)OC(C)C"
"DTXSID60896724","93128-61-1","KAGYVYRKNMERGZ-JWOPXBRZSA-M","C15H15F13NNaO5S","591.03610472","O=C(O)C[C@H](NCC(O)CSCCC(F)(F)C(F)(F)C(F)(F)C(F)(F)C(F)(F)C(F)(F)F)C(=O)[O-].[Na+]"
"DTXSID60896729","120219-50-3","POJOTJRIJQZXPG-UHFFFAOYSA-N","C12H8F14N2O2","478.036222576","O=C(N1CCN(C(=O)C(F)(F)C(F)(F)C(F)(F)F)CC1)C(F)(F)C(F)(F)C(F)(F)F"
"DTXSID60896744","134330-95-3","LHQQPWDNJJTKPI-UPHRSURJSA-N","C9F16O","427.96936614","O=C(/C(F)=C(/F)C(F)(C(F)(F)F)C(F)(F)F)C(F)(C(F)(F)F)C(F)(F)F"
"DTXSID60896749","152718-74-6","DRONRBOXQGQTDW-UHFFFAOYSA-N","C9H9F11O3Si","402.014531098","C[Si](C)(C)OC(=O)C(F)(OC(F)(F)C(F)(F)C(F)(F)F)C(F)(F)F"
"DTXSID60896825","1980048-92-7","DQXIYVFFIHADCW-UHFFFAOYSA-N","C32H22F42I2","1457.914031944","FC(F)(F)C(F)(F)C(F)(F)C(F)(F)C(F)(F)C(F)(F)C(F)(F)C(F)(F)C(F)(F)C(F)(F)CC(I)CCCCCCCCC(I)CC(F)(F)C(F)(F)C(F)(F)C(F)(F)C(F)(F)C(F)(F)C(F)(F)C(F)(F)C(F)(F)C(F)(F)F"
"DTXSID60896966","59153-45-6","RFRUXTGWFVPKQB-ZETCQYMHSA-N","C10H7F7O","276.038512384","OC(c1ccccc1)C(F)(F)C(F)(F)C(F)(F)F"
"DTXSID60896986","1225375-54-1","VNEYERDGZVVTIT-UHFFFAOYSA-N","C8H6ClF11O2S","409.960138532","O=S(=O)(Cl)CCC(F)(F)CC(F)(F)C(F)(F)C(F)(F)C(F)(F)F"
"DTXSID60897014","19108-36-2","DHXDVGJLVFXSEY-UHFFFAOYSA-N","C10H2F12O","365.991403324","OC(c1c(F)c(F)c(F)c(F)c1F)C(F)(F)C(F)(F)C(F)(F)F"
"DTXSID60897019","92982-03-1","BDECUGBELKMLSH-UHFFFAOYSA-N","C10H4F18O6S2","625.916187808","O=S(=O)(OCCOS(=O)(=O)C(F)(F)C(F)(F)C(F)(F)C(F)(F)F)C(F)(F)C(F)(F)C(F)(F)C(F)(F)F"
"DTXSID60897034","119403-53-1","QVRJRHUMFTVYEN-UHFFFAOYSA-N","C12H6F18N2O2","552.014185392","O=C(NCCNC(=O)C(F)(F)C(F)(F)C(F)(F)C(F)(F)F)C(F)(F)C(F)(F)C(F)(F)C(F)(F)F"
"DTXSID60897039","5/06/3869","HQOLLMKLYTYSHA-UHFFFAOYSA-N","C10H5F7N2O3","334.01883956","O=C(Nc1ccc([N+](=O)[O-])cc1)C(F)(F)C(F)(F)C(F)(F)F"
"DTXSID60897054","174495-83-1","ITKZNLZORZOOLJ-UHFFFAOYSA-N","C24H14F34N2O2","1008.051237168","O=C(NCCCCCCNC(=O)C(F)(F)C(F)(F)C(F)(F)C(F)(F)C(F)(F)C(F)(F)C(F)(F)C(F)(F)F)C(F)(F)C(F)(F)C(F)(F)C(F)(F)C(F)(F)C(F)(F)C(F)(F)C(F)(F)F"
"DTXSID60897094","128917-19-1","DFKGWBDJNHAXEO-KLCRIKRISA-N","C14H7F13N4O4","542.025971564","O=[N+]([O-])c1ccc(N/N=C/CC(F)(F)C(F)(F)C(F)(F)C(F)(F)C(F)(F)C(F)(F)F)c([N+](=O)[O-])c1"
"DTXSID60897150","352538-84-2","KPGCEMIQTUXJTQ-UHFFFAOYSA-N","C45H75F13O12Si8","1278.32050694","C[Si](C)(CCC(F)(F)C(F)(F)C(F)(F)C(F)(F)C(F)(F)C(F)(F)F)O[Si]1(C2CCCC2)O[Si]2(C3CCCC3)O[Si](O)(C3CCCC3)O[Si]3(C4CCCC4)O[Si](O)(C4CCCC4)O[Si](C4CCCC4)(O1)O[Si](C1CCCC1)(O3)O2"
"DTXSID60897190","1383437-42-0","XBZUOIVOOVILBJ-UHFFFAOYSA-N","C54H12F102N3O18P3","3020.769998874","FC(F)(F)C(F)(COP1(OCC(F)(OC(F)(F)C(F)(OC(F)(F)C(F)(F)C(F)(F)F)C(F)(F)F)C(F)(F)F)=NP(OCC(F)(OC(F)(F)C(F)(OC(F)(F)C(F)(F)C(F)(F)F)C(F)(F)F)C(F)(F)F)(OCC(F)(OC(F)(F)C(F)(OC(F)(F)C(F)(F)C(F)(F)F)C(F)(F)F)C(F)(F)F)=NP(OCC(F)(OC(F)(F)C(F)(OC(F)(F)C(F)(F)C(F)(F)F)C(F)(F)F)C(F)(F)F)(OCC(F)(OC(F)(F)C(F)(OC(F)(F)C(F)(F)C(F)(F)F)C(F)(F)F)C(F)(F)F)=N1)OC(F)(F)C(F)(OC(F)(F)C(F)(F)C(F)(F)F)C(F)(F)F"
"DTXSID60897211","1178899-18-7","MAUZJOYMXJCRIB-UHFFFAOYSA-N","C12H8F9NOS","385.018288856","CC(=O)/N=S(\c1ccccc1)C(F)(F)C(F)(F)C(F)(F)C(F)(F)F"
"DTXSID60897251","97005-61-3","ZCIGXLUYTDHBRN-UHFFFAOYSA-N","C20H6F34N2O2","951.988636912","O=C(NCCNC(=O)C(F)(F)C(F)(F)C(F)(F)C(F)(F)C(F)(F)C(F)(F)C(F)(F)C(F)(F)F)C(F)(F)C(F)(F)C(F)(F)C(F)(F)C(F)(F)C(F)(F)C(F)(F)C(F)(F)F"
"DTXSID60897256","133964-60-0","BVPQBJMNLKHJNO-UHFFFAOYSA-N","C14H12F14N2O2","506.067522704","O=C(NC1CCCCC1NC(=O)C(F)(F)C(F)(F)C(F)(F)F)C(F)(F)C(F)(F)C(F)(F)F"
"DTXSID60897296","17978-76-6","PRAVJRZZRROAHH-VNGPFPIXSA-K","C30H30F21NdO6","1027.0784296","CC(C)(C)/C([O-])=C/C(=O)C(F)(F)C(F)(F)C(F)(F)F.CC(C)(C)/C([O-])=C/C(=O)C(F)(F)C(F)(F)C(F)(F)F.CC(C)(C)/C([O-])=C/C(=O)C(F)(F)C(F)(F)C(F)(F)F.[Nd+3]"
"DTXSID60897458","1001557-05-6","AZYIFSQRWWSKIX-UHFFFAOYSA-N","C14H21F9N2O3S","468.112917512","CCCCCCN1C=C[NH+](C)C1.O=S(=O)([O-])C(F)(F)C(F)(F)C(F)(F)C(F)(F)F"
"DTXSID60897473","864149-62-2","LLSBOJTWEURFBT-PHDIDXHHSA-N","C22H12F30N2O2","906.041974224","O=C(N[C@@H]1CCCC[C@H]1NC(=O)C(F)(F)C(F)(F)C(F)(F)C(F)(F)C(F)(F)C(F)(F)C(F)(F)F)C(F)(F)C(F)(F)C(F)(F)C(F)(F)C(F)(F)C(F)(F)C(F)(F)F"
"DTXSID60897478","1137678-56-8","RQKLFAUYYSRELR-UHFFFAOYSA-N","C16H16F7NO3S2","467.045982912","COC(=O)C(C)(C(C)c1csc(C#N)c1)S(=O)CCC(F)(F)C(F)(F)C(F)(F)F"
"DTXSID60897493","207671-78-1","PYVIQEVVGYYAJJ-UHFFFAOYSA-N","C6ClF9O","293.94939628","O=C(Cl)C(F)=C(F)C(F)(C(F)(F)F)C(F)(F)F"
"DTXSID60897498","215094-37-4","LDVSGKIVBVZGFK-ZYHFYXLJSA-N","C27H37F7O2","526.268177964","CC(CCCC(F)(C(F)(F)F)C(F)(F)F)[C@H]1CC[C@H]2[C@@H]3C(=O)C=C4C[C@@H](O)CC[C@]4(C)[C@H]3CC[C@]12C"
"DTXSID60897519","6/01/6996","DAVCAHWKKDIRLY-UHFFFAOYSA-N","C5H3F7O","212.007212256","C=COC(F)(F)C(F)(F)C(F)(F)F"
"DTXSID60897534","89780-02-9","DSFNQPNFWJQALF-UHFFFAOYSA-N","C20H5F29O2","827.98264778","OC(c1cc(C(F)(F)C(F)(F)C(F)(F)C(F)(F)C(F)(F)C(F)(F)C(F)(F)C(F)(F)F)cc(C(O)(C(F)(F)F)C(F)(F)F)c1)(C(F)(F)F)C(F)(F)F"
"DTXSID60897539","52032-20-9","-","-","-",NA
"DTXSID60897554","426-64-2","AVVCGEANSDZGAS-UHFFFAOYSA-N","C18H20F14O4","566.1138042","O=C(OCCCCCCCCCCOC(=O)C(F)(F)C(F)(F)C(F)(F)F)C(F)(F)C(F)(F)C(F)(F)F"
"DTXSID60897559","115340-94-8","-","-","-",NA
"DTXSID60897579","42566-65-4","LVZMACBMANBCFR-UHFFFAOYSA-N","C8F14O5","441.95221818","O=C(OC(=O)C(F)(F)C(F)(F)OC(F)(F)F)C(F)(F)C(F)(F)OC(F)(F)F"
"DTXSID60897594","1801846-59-2","-","-","-",NA
"DTXSID60897599","863408-20-2","-","-","-",NA
"DTXSID60897610","68239-43-0","-","-","-",NA
"DTXSID60897615","65605-71-2","-","-","-",NA
"DTXSID60897630","220713-74-6","-","-","-",NA
"DTXSID60897635","65605-59-6","-","-","-",NA
"DTXSID60897650","101896-32-6","-","-","-",NA
"DTXSID60897655","1687740-67-5","-","-","-",NA
"DTXSID60897670","161212-25-5","-","-","-",NA
"DTXSID60897675","130030-19-2","-","-","-",NA
"DTXSID60897690","162492-13-9","-","-","-",NA
"DTXSID60897695","161075-10-1","-","-","-",NA
"DTXSID60897711","1708962-18-8","-","-","-",NA
"DTXSID60897716","56467-05-1","-","-","-",NA
"DTXSID6094354","27029-05-6","-","-","-",NA
"DTXSID70105117","80879-54-5","-","-","-",NA
"DTXSID70106588","143372-54-7","-","-","-",NA
"DTXSID70107898","91081-99-1","-","-","-",NA
"DTXSID70107914","162492-15-1","-","-","-",NA
"DTXSID70108082","274918-12-6","-","-","-",NA
"DTXSID70108784","182700-90-9","-","-","-",NA
"DTXSID70108845","200013-65-6","-","-","-",NA
"DTXSID70109059","406207-51-0","-","-","-",NA
"DTXSID70156624","13057-08-4","JTCVKNUSIGHJRG-UHFFFAOYSA-N","C6H3F7O2","240.002126876","C=CC(=O)OC(F)(C(F)(F)F)C(F)(F)F"
"DTXSID70165670","1546-95-8","JZHDEEOTEUVLHR-UHFFFAOYSA-N","C7H2F12O2","345.986317944","O=C(O)C(F)(F)C(F)(F)C(F)(F)C(F)(F)C(F)(F)C(F)F"
"DTXSID70173775","1998-53-4","JZCZUPUWPJOIFG-UHFFFAOYSA-N","C6F10O2","293.97386144","FC(F)=C(F)OC(F)(F)C(F)(F)OC(F)=C(F)F"
"DTXSID70177132","2261-99-6","YJKHMSPWWGBKTN-UHFFFAOYSA-N","C11H8F12O2","400.033268136","C=C(C)C(=O)OCC(F)(F)C(F)(F)C(F)(F)C(F)(F)C(F)(F)C(F)F"
"DTXSID70179772","25080-18-6","LFJNSTDXWXWXRL-UHFFFAOYSA-N","C9F19IO","611.8690488","FC(F)(F)C(F)(OC(F)(F)C(F)(F)C(F)(F)C(F)(F)C(F)(F)C(F)(F)I)C(F)(F)F"
"DTXSID70184725","307-43-7","JCAULFRGWRHHIG-UHFFFAOYSA-N","C10BrF21","597.88480472","FC(F)(F)C(F)(F)C(F)(F)C(F)(F)C(F)(F)C(F)(F)C(F)(F)C(F)(F)C(F)(F)C(F)(F)Br"
"DTXSID70188389","34839-44-6","JTINRXZCXXXKMA-UHFFFAOYSA-N","C6H4F9NO3","309.004746968","O=[N+]([O-])OCCC(F)(F)C(F)(F)C(F)(F)C(F)(F)F"
"DTXSID70191035","376-34-1","XLOKWMRUDKMDSC-UHFFFAOYSA-N","C7H5F12NO2","363.01286704","O=C([O-])C(F)(F)C(F)(F)C(F)(F)C(F)(F)C(F)(F)C(F)F.[NH4+]"
"DTXSID70191136","377-73-1","AGIMOOYNBDLMJV-UHFFFAOYSA-N","C4HF7O3","229.981391432","O=C(O)C(F)(F)C(F)(F)OC(F)(F)F"
"DTXSID70192426","39186-68-0","QWXFQEDOSLXNLW-UHFFFAOYSA-N","C18H23F15N2O6","648.131659756","O=C(O)CC[N+](CCO)(CCO)CCCNC(=O)C(F)(F)C(F)(F)C(F)(F)C(F)(F)C(F)(F)C(F)(F)C(F)(F)F.[OH-]"
"DTXSID70195598","42977-21-9","PFSDZNASIFXROJ-UHFFFAOYSA-N","C20H8F34S2","957.952451736","FC(F)(F)C(F)(F)C(F)(F)C(F)(F)C(F)(F)C(F)(F)C(F)(F)C(F)(F)CCSSCCC(F)(F)C(F)(F)C(F)(F)C(F)(F)C(F)(F)C(F)(F)C(F)(F)C(F)(F)F"
"DTXSID70215028","647-12-1","FULLNJNBFUCVES-UHFFFAOYSA-N","C8F15N","394.9791223","N#CC(F)(F)C(F)(F)C(F)(F)C(F)(F)C(F)(F)C(F)(F)C(F)(F)F"
"DTXSID70220516","70281-93-5","HMGJLBJCTGOYGB-UHFFFAOYSA-M","C11H5F17KNO4S","608.93049006","CN(CC(=O)[O-])S(=O)(=O)C(F)(F)C(F)(F)C(F)(F)C(F)(F)C(F)(F)C(F)(F)C(F)(F)C(F)(F)F.[K+]"
"DTXSID70226230","7526-47-8","UKLAQVBZLGYWDP-UHFFFAOYSA-N","C18H24F7O2P","436.140214178","CCCCP(=O)(CCCC)Oc1ccc(CC(F)(F)C(F)(F)C(F)(F)F)cc1"
"DTXSID70233868","84808-64-0","VLTXBOGHSBHSAC-UHFFFAOYSA-N","C10F20","499.9680644","FC(F)(F)C(C(F)(F)F)(C(F)(F)F)C1(F)C(F)(F)C(F)(F)C(F)(F)C(F)(F)C1(F)F"
"DTXSID70237967","89987-98-4","BEDWVNVYPXSFLZ-UHFFFAOYSA-N","C6ClF13S","385.92016554","FC(F)(F)C(F)(F)C(F)(F)C(F)(F)C(F)(F)C(F)(F)SCl"
"DTXSID70241125","94231-58-0","UBJGZTCVIFHNPM-UHFFFAOYSA-N","C13H6F20O","558.009929212","C=COCC(F)(F)C(F)(F)C(F)(F)C(F)(F)C(F)(F)C(F)(F)C(F)(F)C(F)(F)C(F)(F)C(F)F"
"DTXSID70241206","94237-08-8","JCXUMXSOKCFWQJ-UHFFFAOYSA-N","C11H13F13OSi","436.052808426","CO[Si](C)(C)CCC(F)(F)C(F)(F)C(F)(F)C(F)(F)C(F)(F)C(F)(F)F"
"DTXSID70276659","65294-16-8","HPNULWLLEOKCID-UHFFFAOYSA-N","C12HF23O5","661.945672192","O=C(O)C(F)(OC(F)(F)C(F)(OC(F)(F)C(F)(OC(F)(F)C(F)(F)C(F)(F)F)C(F)(F)F)C(F)(F)F)C(F)(F)F"
"DTXSID7027831","24448-09-7","PLGACQRCZCVKGK-UHFFFAOYSA-N","C11H8F17NO3S","556.995343856","CN(CCO)S(=O)(=O)C(F)(F)C(F)(F)C(F)(F)C(F)(F)C(F)(F)C(F)(F)C(F)(F)C(F)(F)F"
"DTXSID70280271","356-66-1","OZLLKPBJUXSZOV-UHFFFAOYSA-N","C7H8F7NO2","271.044326036","CCC(CC(F)(F)C(F)(F)C(F)(F)F)[N+](=O)[O-]"
"DTXSID70292733","4078-29-9","MFBCEXYUNWQKLU-UHFFFAOYSA-N","C6H3F10NO","295.005495916","N=C(OCC(F)(F)F)C(F)(F)C(F)(F)C(F)(F)F"
"DTXSID7029904","678-39-7","JJUBFBTUBACDHW-UHFFFAOYSA-N","C10H5F17O","464.00689452","OCCC(F)(F)C(F)(F)C(F)(F)C(F)(F)C(F)(F)C(F)(F)C(F)(F)C(F)(F)F"
"DTXSID70300645","2712-85-8","OSBXTOJUJNHUFN-UHFFFAOYSA-N","C10H5F7N4","314.0402437","FC(F)(F)C(F)(F)C(F)(F)c1nnnn1-c1ccccc1"
"DTXSID70325611","559-37-5","VZEYKZFVOPCTLV-UHFFFAOYSA-N","C10H5F7N2","286.0340957","FC(F)(F)C(F)(F)C(F)(F)c1nc2ccccc2[nH]1"
"DTXSID70334445","354-96-1","NBQYGIPVNCVJJP-UHFFFAOYSA-N","C6F14","337.97764508","FC(F)(F)C(F)(C(F)(F)F)C(F)(C(F)(F)F)C(F)(F)F"
"DTXSID70335836","375-94-0","CUNIPPSHVAZKID-UHFFFAOYSA-N","C9HF19","469.977486212","FC(F)C(F)(F)C(F)(F)C(F)(F)C(F)(F)C(F)(F)C(F)(F)C(F)(F)C(F)(F)F"
"DTXSID70336429","335-60-4","QIYBNKVPACGQCB-UHFFFAOYSA-N","C8HF15O","397.978787952","O=CC(F)(F)C(F)(F)C(F)(F)C(F)(F)C(F)(F)C(F)(F)C(F)(F)F"
"DTXSID70343774","13230-87-0","VLLJJJGOUHIKJE-UHFFFAOYSA-N","C14H14F7NO3","377.086190848","COc1ccc(CCNC(=O)C(F)(F)C(F)(F)C(F)(F)F)cc1OC"
"DTXSID70347030","113116-18-0","NICYPDXBQUERJQ-UHFFFAOYSA-N","C9H2F14O2","407.983124384","O=C(CC(=O)C(F)(F)C(F)(F)C(F)(F)F)C(F)(F)C(F)(F)C(F)(F)F"
"DTXSID70348022","24716-85-6","YSIHFHRTEHLZRU-UHFFFAOYSA-N","C5H2F7I","321.908945604","FC(F)(F)C(F)(C=CI)C(F)(F)F"
"DTXSID70348047","99324-96-6","NRVDKMYDLZBFEH-UHFFFAOYSA-N","C5H4F7I","323.924595668","FC(F)(F)C(F)(CCI)C(F)(F)F"
"DTXSID70366226","355-81-7","QNNUQHBPTQVSFD-UHFFFAOYSA-N","C5H3F8NO","245.008689476","NC(=O)C(F)(F)C(F)(F)C(F)(F)C(F)F"
"DTXSID70371491","558-89-4","GIUDNRMHWCAPGM-UHFFFAOYSA-N","C4ClF9","253.95448166","FC(F)(F)C(F)(F)C(F)(F)C(F)(F)Cl"
"DTXSID70371572","102780-88-1","PCOHEQOCJXXENZ-UHFFFAOYSA-N","C6F13I","445.88371486","FC(F)(F)C(F)(F)C(F)(F)C(I)(C(F)(F)F)C(F)(F)F"
"DTXSID70375111","77758-79-3","YBVOPUOUKFHORP-UHFFFAOYSA-M","C10H5F10IO3S","521.88444522","FC(F)(F)C(F)(F)C(F)(F)[I+]c1ccccc1.O=S(=O)([O-])C(F)(F)F"
"DTXSID70377690","23069-32-1","NSSMHXVPVQADLY-UHFFFAOYSA-N","C14H7F19O2","568.014265644","C=C(C)C(=O)OCC(F)(F)C(F)(F)C(F)(F)C(F)(F)C(F)(F)C(F)(F)C(F)(F)C(F)(F)C(F)(F)F"
"DTXSID70379250","115347-68-7","SHTVHUOLQCOSDS-UHFFFAOYSA-N","C8H4F13I","473.915014988","FC(F)(F)C(F)(F)C(F)(F)C(CCI)(C(F)(F)F)C(F)(F)F"
"DTXSID70379255","6401-01-0","NFLLLSBGBGDVEO-UHFFFAOYSA-N","C5H2F10O3S","331.956497124","O=S(=O)(OCC(F)(F)C(F)(F)C(F)(F)F)C(F)(F)F"
"DTXSID70379270","355-95-3","HVOUHYGSLBPLGT-UHFFFAOYSA-N","C6H5F7","210.0279477","CC=CC(F)(F)C(F)(F)C(F)(F)F"
"DTXSID70379290","75823-64-2","HGKNTSQKMGECCF-UHFFFAOYSA-N","C7H5F7N2","250.0340957","Cc1cc(C(F)(F)C(F)(F)C(F)(F)F)n[nH]1"
"DTXSID70379715","355-84-0","NQPVZXRGQCXFLN-UHFFFAOYSA-N","C8H5F9O2","304.01458338","CC(=O)CC(=O)C(F)(F)C(F)(F)C(F)(F)C(F)(F)F"
"DTXSID70379811","400626-83-7","ANARGVKRHRBDMP-UHFFFAOYSA-N","C12F24O2","631.95150652","FC(F)(F)C(F)(F)C(F)(F)OC1(F)C(F)(F)C(F)(F)C(F)(F)C(F)(OC(F)(F)C(F)(F)C(F)(F)F)C1(F)F"
"DTXSID70379871","80806-68-4","HMGDEQANNRNNKX-UHFFFAOYSA-N","C9H7F13O","378.028931704","OCCCC(F)(F)C(F)(F)C(F)(F)C(F)(F)C(F)(F)C(F)(F)F"
"DTXSID70379876","1514-90-5","UMPRKACBONFPEQ-UHFFFAOYSA-N","C5F11I","395.88690842","FC(F)(F)C(F)(C(F)(F)F)C(F)(F)C(F)(F)I"
"DTXSID70379891","40678-31-7","PMGMHQUGBLUBQV-UHFFFAOYSA-N","C11H4F19I","623.905434308","FC(F)(F)C(F)(C(F)(F)F)C(F)(F)C(F)(F)C(F)(F)C(F)(F)C(F)(F)C(F)(F)CCI"
"DTXSID70379912","18017-20-4","TWQMZHBMFUUHQN-UHFFFAOYSA-N","C9H4F15I","523.911821428","FC(F)(F)C(F)(C(F)(F)F)C(F)(F)C(F)(F)C(F)(F)C(F)(F)CCI"
"DTXSID70379917","27854-30-4","AAEJJSZYNKXKSW-UHFFFAOYSA-N","C9H5F13O2","392.00819626","O=C(O)CCC(F)(F)C(F)(F)C(F)(F)C(F)(F)C(F)(F)C(F)(F)F"
"DTXSID70379992","2340-84-3","SZUDACTYWYPFLY-UHFFFAOYSA-N","C11H5F17O","476.00689452","OCC=CC(F)(F)C(F)(F)C(F)(F)C(F)(F)C(F)(F)C(F)(F)C(F)(F)C(F)(F)F"
"DTXSID70379997","55756-24-6","QRRGZVPIVBHZCM-UHFFFAOYSA-N","C8HF13","343.987066892","C#CC(F)(F)C(F)(F)C(F)(F)C(F)(F)C(F)(F)C(F)(F)F"
"DTXSID70380003","82633-43-0","ADTJLQBSULGRRY-UHFFFAOYSA-N","C9H5F11N2","350.02770858","Cc1cc(C(F)(F)C(F)(F)C(F)(F)C(F)(F)C(F)(F)F)n[nH]1"
"DTXSID70381151","307-31-3","VHJKOLAKAFYZMC-UHFFFAOYSA-N","C8H3F15N2","412.005671396","N=C(N)C(F)(F)C(F)(F)C(F)(F)C(F)(F)C(F)(F)C(F)(F)C(F)(F)F"
"DTXSID70381979","106873-67-0","XYGYVZPNAGJLRE-UHFFFAOYSA-N","C20H25F17","588.16848054","CCCCCCCCCCCCC(F)(F)C(F)(F)C(F)(F)C(F)(F)C(F)(F)C(F)(F)C(F)(F)C(F)(F)F"
"DTXSID70382047","883499-32-9","TXGIYYDHRSACPQ-UHFFFAOYSA-N","C8H2F16O3S","481.946916444","O=S(=O)(OCC(F)(F)C(F)(F)C(F)(F)F)C(F)(F)C(F)(F)C(F)(F)C(F)(F)F"
"DTXSID70382067","141183-94-0","VDLOMMAXELCHDN-UHFFFAOYSA-N","C13H11F17O","506.053844712","CC(C)(O)CCC(F)(F)C(F)(F)C(F)(F)C(F)(F)C(F)(F)C(F)(F)C(F)(F)C(F)(F)F"
"DTXSID70382168","114810-56-9","VCOYOPKEJYAJCN-UHFFFAOYSA-N","C6H6F7IO","353.935160352","OCC(I)CC(F)(C(F)(F)F)C(F)(F)F"
"DTXSID70384425","299937-37-4","YVJDNBITOVWWQY-UHFFFAOYSA-N","C5H2F7N3S","268.985765604","Nc1nnc(C(F)(F)C(F)(F)C(F)(F)F)s1"
"DTXSID70399897","52112-19-3","CSSFUEGQVWQFKG-UHFFFAOYSA-N","C11H9F17Si","492.020206558","C[Si](C)(C)C(F)(F)C(F)(F)C(F)(F)C(F)(F)C(F)(F)C(F)(F)C(F)(F)C(F)(F)F"
"DTXSID70400078","3834-42-2","PKLASFRWKXWKII-UHFFFAOYSA-N","C6H9F7Si","242.036174358","C[Si](C)(C)C(F)(F)C(F)(F)C(F)(F)F"
"DTXSID7040150","355-46-4","QZHDEAJFRJCDMF-UHFFFAOYSA-N","C6HF13O3S","399.943881752","O=S(=O)(O)C(F)(F)C(F)(F)C(F)(F)C(F)(F)C(F)(F)C(F)(F)F"
"DTXSID70404995","119386-82-2","IHMWVSNXULAOAZ-UHFFFAOYSA-N","C8H10ClF9Si","340.00965851","C[Si](C)(Cl)CCC(F)(F)C(F)(F)C(F)(F)C(F)(F)F"
"DTXSID70405381","144237-77-4","HYKLUXGMNPOIOG-UHFFFAOYSA-N","C11H8F13NO2","433.034745356","O=C(N1CCOCC1)C(F)(F)C(F)(F)C(F)(F)C(F)(F)C(F)(F)C(F)(F)F"
"DTXSID70405563","61578-74-3","PFQQFKZQVVSAND-UHFFFAOYSA-N","C11H16F7NO","311.112011672","CCCCCC(C)NC(=O)C(F)(F)C(F)(F)C(F)(F)F"
"DTXSID7042302","65530-66-7","-","-","-",NA
"DTXSID70431246","2396-17-0","PWDDQCRAKBGDTI-UHFFFAOYSA-N","C9H6F7N","261.038846732","Nc1ccc(C(F)(C(F)(F)F)C(F)(F)F)cc1"
"DTXSID70431266","4/03/2708","YBYBMKRSCHZIFU-UHFFFAOYSA-N","C7H3F9O2","289.998933316","C=CC(=O)OC(F)(F)C(F)(F)C(F)(F)C(F)(F)F"
"DTXSID70432935","374-51-6","GLSWXDROFHXXOQ-UHFFFAOYSA-N","C5F12","287.98083864","FC(F)(F)C(C(F)(F)F)(C(F)(F)F)C(F)(F)F"
"DTXSID70438417","149068-56-4","GKOWYWPSKDBJAF-UHFFFAOYSA-N","C12H4BrF13","473.928879088","FC(F)(F)C(F)(F)C(F)(F)C(F)(F)C(F)(F)C(F)(F)c1ccc(Br)cc1"
"DTXSID70464615","142623-70-9","HNEIKMUHLLYTLP-UHFFFAOYSA-N","C16H9F17OS","572.010265648","Oc1ccc(SCCC(F)(F)C(F)(F)C(F)(F)C(F)(F)C(F)(F)C(F)(F)C(F)(F)C(F)(F)F)cc1"
"DTXSID7046548","355-42-0","ZJIJAJXFLBMLCK-UHFFFAOYSA-N","C6F14","337.97764508","FC(F)(F)C(F)(F)C(F)(F)C(F)(F)C(F)(F)C(F)(F)F"
"DTXSID70467469","324063-66-3","VCPJPAQHWCNPKF-UHFFFAOYSA-N","C16H8F26OSn","829.918193296","[O]=[Sn]([CH2]CC(F)(F)C(F)(F)C(F)(F)C(F)(F)C(F)(F)C(F)(F)F)[CH2]CC(F)(F)C(F)(F)C(F)(F)C(F)(F)C(F)(F)C(F)(F)F"
"DTXSID70472972","290827-94-0","GNCTUKGIBHXUPH-UHFFFAOYSA-N","C34H21F26P","954.096571022","FC(F)(F)C(F)(F)C(F)(F)C(F)(F)C(F)(F)C(F)(F)CCc1ccc(P(c2ccccc2)c2ccc(CCC(F)(F)C(F)(F)C(F)(F)C(F)(F)C(F)(F)C(F)(F)F)cc2)cc1"
"DTXSID7047566","355-43-1","BULLJMKUVKYZDJ-UHFFFAOYSA-N","C6F13I","445.88371486","FC(F)(F)C(F)(F)C(F)(F)C(F)(F)C(F)(F)C(F)(F)I"
"DTXSID7047724","9002-84-0","-","-","-",NA
"DTXSID70477447","87375-53-9","LGAZGMJSVLHBEF-UHFFFAOYSA-N","C8F16O","415.96936614","FC(F)(F)C(F)(F)C(F)(F)C(F)(F)C(F)(F)C(F)(F)C1(F)OC1(F)F"
"DTXSID70503856","423-22-3","QYBMTFFVDWWCJB-UHFFFAOYSA-N","C7F14O","365.9725597","FC(F)(F)C(F)(F)C(F)(F)C1(F)OC(F)(F)C(F)(F)C1(F)F"
"DTXSID70527451","89807-99-8","PJKIPGCITXQLEX-UHFFFAOYSA-N","C8H4F13IO","489.909929608","OC(CI)C(F)(F)C(F)(F)C(F)(F)C(F)(F)C(F)(F)C(F)(F)F"
"DTXSID70532883","88326-80-1","PDCLKAKNADZBRL-UHFFFAOYSA-N","C6HF10NO3","324.979675092","O=C(ONC(=O)C(F)(F)C(F)(F)C(F)(F)F)C(F)(F)F"
"DTXSID70544062","103628-86-0","GPVGUNIIVWJTLK-UHFFFAOYSA-N","C11H9F13O","404.044581768","C=CCOCCC(F)(F)C(F)(F)C(F)(F)C(F)(F)C(F)(F)C(F)(F)F"
"DTXSID70560929","128032-23-5","LETXBCZWFVRELS-UHFFFAOYSA-N","C10H3F13S","401.974787956","FC(F)(F)C(F)(F)C(F)(F)C(F)(F)C(F)(F)C(F)(F)c1ccsc1"
"DTXSID70565479","13973-14-3","AEBAYKKLSQLBDU-UHFFFAOYSA-N","C8H2F14O2","395.983124384","O=C(O)C(F)(F)C(F)(F)C(F)(F)C(F)(F)C(F)(F)C(F)(F)C(F)F"
"DTXSID70584185","194999-82-1","ORPDKMPYOLFUBA-UHFFFAOYSA-M","C16H10F9IO3S","579.92516716","O=S(=O)([O-])C(F)(F)C(F)(F)C(F)(F)C(F)(F)F.c1ccc([I+]c2ccccc2)cc1"
"DTXSID70593893","361532-17-4","XMARUQLFZIUIRE-UHFFFAOYSA-N","C8H4F14","366.008945208","FCCC(F)(F)C(F)(F)C(F)(F)C(F)(F)C(F)(F)C(F)(F)F"
"DTXSID7059933","382-28-5","PQMAKJUXOOVROI-UHFFFAOYSA-N","C5F11NO","298.98042404","FC(F)(F)N1C(F)(F)C(F)(F)OC(F)(F)C1(F)F"
"DTXSID7060332","559-94-4","QHOQGOZSTQAYRH-UHFFFAOYSA-N","C10H5F7O2S","321.98984794","O=C(CC(=O)C(F)(F)C(F)(F)C(F)(F)F)c1cccs1"
"DTXSID70611905","154478-86-1","MKVVMPBOVPRQNY-UHFFFAOYSA-N","C10H9F13","376.049667148","CCCCC(F)(F)C(F)(F)C(F)(F)C(F)(F)C(F)(F)C(F)(F)F"
"DTXSID7061221","865-77-0","VRJGWRPPKVEMMR-UHFFFAOYSA-N","C9F19I","595.87413418","FC(F)(F)C(F)(C(F)(F)F)C(F)(F)C(F)(F)C(F)(F)C(F)(F)C(F)(F)C(F)(F)I"
"DTXSID70613686","53104-06-6","KWBCPLOUPVMESF-UHFFFAOYSA-N","C9H4BrF7","323.938459768","FC(F)(F)C(F)(F)C(F)(F)c1cccc(Br)c1"
"DTXSID70617184","38471-83-9","VMDVHHXKJFTLTD-UHFFFAOYSA-N","C7H7F7O","240.038512384","C=C(C)COC(F)(C(F)(F)F)C(F)(F)F"
"DTXSID7061982","1805-22-7","BCNXQFASJTYKDJ-UHFFFAOYSA-N","C6F12","299.98083864","FC(F)(F)C1(F)C(F)(F)C(F)(F)C(F)(F)C1(F)F"
"DTXSID70622576","907607-07-2","SIFCGDJQLNEASB-UHFFFAOYSA-N","C4H3F7O2","216.002126876","O.O=CC(F)(F)C(F)(F)C(F)(F)F"
"DTXSID7062295","4/09/2263","AQWROZBAYZBWIH-UHFFFAOYSA-N","C14H14F17NO3S","599.042294048","CCCCN(CCO)S(=O)(=O)C(F)(F)C(F)(F)C(F)(F)C(F)(F)C(F)(F)C(F)(F)C(F)(F)C(F)(F)F"
"DTXSID70627107","457603-91-7","JNJQXCNNGSJWOS-UHFFFAOYSA-N","C10H12BrF9","381.997866464","FC(F)(F)C(F)(F)C(F)(F)C(F)(F)CCCCCCBr"
"DTXSID70631441","801-26-3","XKNYFWLDZZKNPB-UHFFFAOYSA-N","C8F16O","415.96936614","FC(F)(F)C(F)(F)C(F)(F)C1(F)C(F)(F)OC(F)(F)C(F)(F)C1(F)F"
"DTXSID70631466","151707-03-8","CLBGZIRSQYPYBK-UHFFFAOYSA-N","C24H8F26O","806.015998596","FC(F)(F)C(F)(F)C(F)(F)C(F)(F)C(F)(F)C(F)(F)c1ccc(Oc2ccc(C(F)(F)C(F)(F)C(F)(F)C(F)(F)C(F)(F)C(F)(F)F)cc2)cc1"
"DTXSID70633400","74701-33-0","AIOWABGMWFAARU-UHFFFAOYSA-N","C15H5F17O2","540.00180914","O=C(O)c1ccc(C(F)(F)C(F)(F)C(F)(F)C(F)(F)C(F)(F)C(F)(F)C(F)(F)C(F)(F)F)cc1"
"DTXSID7065968","15899-29-3","QTDMKZFMFHHSLJ-UHFFFAOYSA-N","C7HF13O2","363.976896132","O=C(O)C(F)(F)C(F)(F)C(F)(F)C(F)(C(F)(F)F)C(F)(F)F"
"DTXSID7066063","16486-94-5","FTUYMACVNWCLNM-UHFFFAOYSA-N","C11HF21O2","563.964121892","O=C(O)C(F)(F)C(F)(F)C(F)(F)C(F)(F)C(F)(F)C(F)(F)C(F)(F)C(F)(C(F)(F)F)C(F)(F)F"
"DTXSID7066300","18024-09-4","FQAXLPZGSQABMD-UHFFFAOYSA-N","C15HF29O2","763.951347652","O=C(O)C(F)(F)C(F)(F)C(F)(F)C(F)(F)C(F)(F)C(F)(F)C(F)(F)C(F)(F)C(F)(F)C(F)(F)C(F)(F)C(F)(C(F)(F)F)C(F)(F)F"
"DTXSID70663106","25080-25-5","GGAZEYOGKLDXNZ-UHFFFAOYSA-N","C11H4F19IO","639.900348928","FC(F)(F)C(F)(OC(F)(F)C(F)(F)C(F)(F)C(F)(F)C(F)(F)C(F)(F)CCI)C(F)(F)F"
"DTXSID7067033","24924-36-5","ALIDKXPAUJUDJU-UHFFFAOYSA-N","C13H10F17NO2S","567.0160793","C=CCN(CC)S(=O)(=O)C(F)(F)C(F)(F)C(F)(F)C(F)(F)C(F)(F)C(F)(F)C(F)(F)C(F)(F)F"
"DTXSID7067324","27607-61-0","CBCLHIUXUOXITK-UHFFFAOYSA-N","C9H4ClF15O2S","495.938101348","O=S(=O)(Cl)CCC(F)(F)C(F)(F)C(F)(F)C(F)(F)C(F)(F)C(F)(F)C(F)(F)F"
"DTXSID7067328","27619-89-2","NDBZVZPOTNLWLU-UHFFFAOYSA-N","C8H4ClF13O2S","445.941294908","O=S(=O)(Cl)CCC(F)(F)C(F)(F)C(F)(F)C(F)(F)C(F)(F)C(F)(F)F"
"DTXSID7068556","50598-28-2","INDOGKYZYLAGEM-UHFFFAOYSA-N","C11H13F13N2O2S","484.049015516","CN(C)CCCNS(=O)(=O)C(F)(F)C(F)(F)C(F)(F)C(F)(F)C(F)(F)C(F)(F)F"
"DTXSID7068689","51947-19-4","VOEFEIDNANPLSQ-UHFFFAOYSA-N","C16H4ClF19O3S","671.926628848","O=S(=O)(Cl)c1ccc(OC(=C(C(F)(F)F)C(C(F)(F)F)(C(F)(F)C(F)(F)F)C(F)(F)C(F)(F)F)C(F)(F)F)cc1"
"DTXSID70694354","38926-19-1","YEJUVOSNBPIDDY-UHFFFAOYSA-N","C20H22CuF14O4","655.059051764","CC(C)(C)C(O)=CC(=O)C(F)(F)C(F)(F)C(F)(F)F.CC(C)(C)C(O)=CC(=O)C(F)(F)C(F)(F)C(F)(F)F.[Cu]"
"DTXSID70699223","58253-65-9","RTJMWSSYXGAREM-UHFFFAOYSA-N","C16H5F17O3","567.99672376","O=C(O)c1ccc(OC(F)=C(F)C(F)(F)C(F)(F)C(F)(F)C(F)(F)C(F)(F)C(F)(F)C(F)(F)F)cc1"
"DTXSID7070218","65104-64-5","FXIGCVJVDAFVIC-UHFFFAOYSA-N","C23H7F37O2","1017.985523604","C=CC(=O)OCCC(F)(F)C(F)(F)C(F)(F)C(F)(F)C(F)(F)C(F)(F)C(F)(F)C(F)(F)C(F)(F)C(F)(F)C(F)(F)C(F)(F)C(F)(F)C(F)(F)C(F)(F)C(F)(F)C(F)(F)C(F)(F)F"
"DTXSID7070341","65702-23-0","IHLPCLQHYYNLIN-UHFFFAOYSA-N","C7H4ClF11O2S","395.944488468","O=S(=O)(Cl)CCC(F)(F)C(F)(F)C(F)(F)C(F)(F)C(F)(F)F"
"DTXSID7070501","67584-49-0","BWDDXILIAIZLEX-UHFFFAOYSA-N","C10H6F15NO2S","488.987972732","C=CCNS(=O)(=O)C(F)(F)C(F)(F)C(F)(F)C(F)(F)C(F)(F)C(F)(F)C(F)(F)F"
"DTXSID7070503","67584-51-4","IOVJPAWFAJXXKU-UHFFFAOYSA-M","C8H7F9KNO4S","422.958914364","CCN(CC(=O)[O-])S(=O)(=O)C(F)(F)C(F)(F)C(F)(F)C(F)(F)F.[K+]"
"DTXSID7070505","67584-53-6","GHBVIRCBEGOCEH-UHFFFAOYSA-M","C10H7F13KNO4S","522.952527244","CCN(CC(=O)[O-])S(=O)(=O)C(F)(F)C(F)(F)C(F)(F)C(F)(F)C(F)(F)C(F)(F)F.[K+]"
"DTXSID7070507","67584-55-8","KEMCLRGAIUJRAN-UHFFFAOYSA-N","C10H10F9NO4S","411.01868278","C=CC(=O)OCCN(C)S(=O)(=O)C(F)(F)C(F)(F)C(F)(F)C(F)(F)F"
"DTXSID7070509","67584-57-0","HLKZFXXWGVPYAY-UHFFFAOYSA-N","C12H10F13NO4S","511.01229566","C=CC(=O)OCCN(C)S(=O)(=O)C(F)(F)C(F)(F)C(F)(F)C(F)(F)C(F)(F)C(F)(F)F"
"DTXSID7070840","67906-73-4","WGAZHHCZKIWWFF-UHFFFAOYSA-N","C13H14F11NO4S","489.046789348","C=C(C)C(=O)OCCN(CC)S(=O)(=O)C(F)(F)C(F)(F)C(F)(F)C(F)(F)C(F)(F)F"
"DTXSID7070925","67969-69-1","QANWDYJVELNYTF-UHFFFAOYSA-N","C12H17F17N3O6PS","685.030422634","CCN(CCOP(=O)([O-])[O-])S(=O)(=O)C(F)(F)C(F)(F)C(F)(F)C(F)(F)C(F)(F)C(F)(F)C(F)(F)C(F)(F)F.[NH4+].[NH4+]"
"DTXSID7071369","68298-07-7","WZKSJOOHUDPYFG-UHFFFAOYSA-N","C11H8F9NO2S","389.013203476","O=S(=O)(NCc1ccccc1)C(F)(F)C(F)(F)C(F)(F)C(F)(F)F"
"DTXSID7071656","68555-67-9","ZJLHVAAUPVPEMZ-UHFFFAOYSA-M","C8F17NaO2S","505.92452426","O=S([O-])C(F)(F)C(F)(F)C(F)(F)C(F)(F)C(F)(F)C(F)(F)C(F)(F)C(F)(F)F.[Na+]"
"DTXSID7071658","68555-69-1","SIFGZBWKMXVQBP-UHFFFAOYSA-M","C9H7F11NNaO4S","456.981783404","CCN(CC(=O)[O-])S(=O)(=O)C(F)(F)C(F)(F)C(F)(F)C(F)(F)C(F)(F)F.[Na+]"
"DTXSID70720561","88951-26-2","BLCCCCKQIIVTLU-UHFFFAOYSA-N","C12H11F11O2","396.058340012","O=C(O)C1CCC(C(F)(F)C(F)(F)C(F)(F)C(F)(F)C(F)(F)F)CC1"
"DTXSID70724665","163921-85-5","YCGOFOKTNYLRPC-UHFFFAOYSA-N","C10F28O2Si3","767.87589899","FC(F)(F)C(F)(F)C(F)(F)C(F)(F)C(F)(F)C(F)(F)C(F)(F)C(F)(F)[Si](F)(O[Si](F)(F)O[Si](F)(F)F)C(F)(F)C(F)(F)F"
"DTXSID7072884","83048-65-1","HJIMAFKWSKZMBK-UHFFFAOYSA-N","C13H13F17O3Si","568.036250546","CO[Si](CCC(F)(F)C(F)(F)C(F)(F)C(F)(F)C(F)(F)C(F)(F)C(F)(F)C(F)(F)F)(OC)OC"
"DTXSID70730605","922523-99-7","KXJJEMYFZPHHRL-UHFFFAOYSA-N","C9H6F13I","487.930665052","FC(F)(F)C(I)CC(CC(F)(C(F)(F)F)C(F)(F)F)C(F)(F)F"
"DTXSID7073193","559-40-0","YBMDPYAEZDJWNY-UHFFFAOYSA-N","C5F8","211.98722576","FC1=C(F)C(F)(F)C(F)(F)C1(F)F"
"DTXSID7073488","36880-07-6","MQUNHCVXSGLKTJ-UHFFFAOYSA-N","C13H11F17OS","538.025915712","OCCCSCCC(F)(F)C(F)(F)C(F)(F)C(F)(F)C(F)(F)C(F)(F)C(F)(F)C(F)(F)F"
"DTXSID7074329","773-14-8","UEOZRAZSBQVQKG-UHFFFAOYSA-N","C4F8O","215.98214038","FC1(F)OC(F)(F)C(F)(F)C1(F)F"
"DTXSID7074616","21652-58-4","NKAMGQZDVMQEJL-UHFFFAOYSA-N","C10H3F17","445.996329836","C=CC(F)(F)C(F)(F)C(F)(F)C(F)(F)C(F)(F)C(F)(F)C(F)(F)C(F)(F)F"
"DTXSID70747930","462996-01-6","DYPPJKHPJMGHKW-UHFFFAOYSA-N","C20H12F26N2O4","838.038190584","O=C(N=NC(=O)OCCCC(F)(F)C(F)(F)C(F)(F)C(F)(F)C(F)(F)C(F)(F)F)OCCCC(F)(F)C(F)(F)C(F)(F)C(F)(F)C(F)(F)C(F)(F)F"
"DTXSID7074909","375-03-1","NOPJRYAFUXTDLX-UHFFFAOYSA-N","C4H3F7O","200.007212256","COC(F)(F)C(F)(F)C(F)(F)F"
"DTXSID70754563","89608-45-7","ZJUOJFUEUWDGJY-UHFFFAOYSA-N","C8H5F7O2","266.01777694","O=C1OCCC1=CC(F)(F)C(F)(F)C(F)(F)F"
"DTXSID70759053","94345-13-8","PXMKFOKNMZOHJP-UHFFFAOYSA-N","C12H15F9O2","362.0928337","CCCCCOC(=O)CCC(F)(F)C(F)(F)C(F)(F)C(F)(F)F"
"DTXSID70759755","95842-02-7","RVFUYJVYFFEUCR-UHFFFAOYSA-N","C5F12O2","319.97066788","FC(F)(F)OC(F)(F)C(F)(OC(F)(F)F)C(F)(F)F"
"DTXSID70763554","111632-55-4","XCKKKAIEPFRARY-UHFFFAOYSA-N","C8F14O4","425.95730356","O=C(OOC(=O)C(F)(C(F)(F)F)C(F)(F)F)C(F)(C(F)(F)F)C(F)(F)F"
"DTXSID70769814","140160-19-6","UMCBPDSMHKKJON-UHFFFAOYSA-N","C11H11F7NO","306.072886512","Cc1cc(OCC(F)(F)C(F)(F)C(F)(F)F)cc[n+]1C"
"DTXSID70771619","143837-48-3","UYLGTFQVYFWRFU-UHFFFAOYSA-N","C7H7F7O","240.038512384","FC(F)(F)C(F)(F)C(F)(F)C1CCOC1"
"DTXSID70805307","62765-24-6","ZLEJZFMXNQLLHM-NGYBGAFCSA-N","C10H6F7N","273.038846732","FC(F)(F)C(F)(F)C(F)(F)/C=N/c1ccccc1"
"DTXSID70824497","762241-70-3","JKKPDZOHRMMNDN-UHFFFAOYSA-N","C7H7F9O3S","341.997219064","O=S(=O)(CCCO)C(F)(F)C(F)(F)C(F)(F)C(F)(F)F"
"DTXSID70848037","90292-32-3","BWRNLAVMSIJMQH-UHFFFAOYSA-N","C10H12F8","284.081126144","CCCCCC=C(F)C(F)(F)C(F)(F)C(F)(F)F"
"DTXSID70850039","572911-07-0","WHWUDHFQFAKLSZ-UHFFFAOYSA-N","C9H9F9O2","320.045883508","C=COCCOCC(F)(F)C(F)(F)C(F)(F)C(F)(F)F"
"DTXSID70851006","52450-55-2","RYMFLNQDHZXPER-UHFFFAOYSA-N","C10H13F7O","282.085462576","CC1CCC(C(F)(C(F)(F)F)C(F)(F)F)C(O)C1"
"DTXSID70880119","306-99-0","IRMGTABUJBVLKA-UHFFFAOYSA-N","C14F26","661.95848372","FC1(F)C(F)(F)C(F)(F)C(F)(C(F)(F)C(F)(F)C2(F)C(F)(F)C(F)(F)C(F)(F)C(F)(F)C2(F)F)C(F)(F)C1(F)F"
"DTXSID70880139","376-87-4","PBWHQPOHADDEFU-UHFFFAOYSA-N","C5F10","249.9840322","FC(F)=C(F)C(F)(F)C(F)(F)C(F)(F)F"
"DTXSID70880159","3709-71-5","SAPOZTRFWJZUFT-OWOJBTEDSA-N","C6F12","299.98083864","F/C(=C(/F)C(F)(C(F)(F)F)C(F)(F)F)C(F)(F)F"
"DTXSID70880174","1813-83-8","FPHLHLVYLCQBKG-UHFFFAOYSA-N","C10H8F12I2","609.852384896","FC(F)(CCI)C(F)(F)C(F)(F)C(F)(F)C(F)(F)C(F)(F)CCI"
"DTXSID70880179","2218-54-4","YSHHTXWLHYSYJP-UHFFFAOYSA-M","C4F7NaO2","235.96842106","O=C([O-])C(F)(F)C(F)(F)C(F)(F)F.[Na+]"
"DTXSID70880194","3492-23-7","SYUPSOPAIUOEGW-UHFFFAOYSA-N","C8H4F12N2O2","388.008116008","NC(=O)C(F)(F)C(F)(F)C(F)(F)C(F)(F)C(F)(F)C(F)(F)C(N)=O"
"DTXSID70880199","3794-64-7","GPNIJXACCBKBEP-UHFFFAOYSA-M","C4AgF7O2","319.88374878","O=C([O-])C(F)(F)C(F)(F)C(F)(F)F.[Ag+]"
"DTXSID70880210","7309-84-4","CWRPQPNYDDMAMA-UHFFFAOYSA-N","C6F10O3","309.96877606","O=C1OC(F)(C(F)(F)F)C(F)(F)OC1(F)C(F)(F)F"
"DTXSID70880215","13252-13-6","CSEBNABAWMZWIF-UHFFFAOYSA-N","C6HF11O3","329.975004312","O=C(O)C(F)(OC(F)(F)C(F)(F)C(F)(F)F)C(F)(F)F"
"DTXSID70880235","25291-12-7","NUNKCHDMLFIONG-UHFFFAOYSA-N","C10H6F15I","537.927471492","CC(I)CC(F)(F)C(F)(F)C(F)(F)C(F)(F)C(F)(F)C(F)(F)C(F)(F)F"
"DTXSID70880250","30320-27-5","YUWXSBNSEVVXFG-UHFFFAOYSA-N","C9F18","449.97125796","FC(=C(C(F)(C(F)(F)F)C(F)(F)F)C(F)(C(F)(F)F)C(F)(F)F)C(F)(F)F"
"DTXSID70880371","25067-11-2","-","-","-",NA
"DTXSID70880412","38550-34-4","REPFTMOJFHVIBT-UHFFFAOYSA-N","C9H6F13I","487.930665052","CC(I)CC(F)(F)C(F)(F)C(F)(F)C(F)(F)C(F)(F)C(F)(F)F"
"DTXSID70880417","38850-58-7","WYFODDRZFDBDDF-UHFFFAOYSA-N","C16H23F13N2O6S2","650.078995316","C[N+](C)(CCO)CCCN(CCCS(=O)(=O)[O-])S(=O)(=O)C(F)(F)C(F)(F)C(F)(F)C(F)(F)C(F)(F)C(F)(F)F"
"DTXSID70880432","34455-21-5","CHXIOPKBQQWFAO-UHFFFAOYSA-N","C17H19F17N2O4S","670.079407828","C[N+](C)(CCCNS(=O)(=O)CCC(F)(F)C(F)(F)C(F)(F)C(F)(F)C(F)(F)C(F)(F)C(F)(F)C(F)(F)F)CC(=O)[O-]"
"DTXSID70880457","53122-42-2","KOTYYFRBCSIWOF-UHFFFAOYSA-N","C37H27F38N3O3S2","1347.088706084","Cc1ccc(NC(=O)OC(CSCCC(F)(F)C(F)(F)C(F)(F)C(F)(F)C(F)(F)C(F)(F)C(F)(C(F)(F)F)C(F)(F)F)CSCCC(F)(F)C(F)(F)C(F)(F)C(F)(F)C(F)(F)C(F)(F)C(F)(C(F)(F)F)C(F)(F)F)cc1NC(=O)N1CC1C"
"DTXSID70880477","54950-05-9","ZYSXJSUKIXPQGO-UHFFFAOYSA-M","C20H11F26NaO7S","911.970801692","O=C(CC(C(=O)OCCC(F)(F)C(F)(F)C(F)(F)C(F)(F)C(F)(F)C(F)(F)F)S(=O)(=O)[O-])OCCC(F)(F)C(F)(F)C(F)(F)C(F)(F)C(F)(F)C(F)(F)F.[Na+]"
"DTXSID70880497","59493-82-2","JHPOMBWYTNUPKL-UHFFFAOYSA-N","C12H4ClF11O3S","471.939403088","O=S(=O)(Cl)c1ccc(OC(F)=C(F)C(F)(F)C(F)(F)C(F)(F)C(F)(F)F)cc1"
"DTXSID70880513","60164-51-4","-",NA,NA,"*C(F)(F)F.*F.FC(F)C(F)OC(F)(F)C(F)(F)F"
"DTXSID70880518","60918-83-4","-","-","-",NA
"DTXSID70880533","63863-44-5","-","-","-",NA
"DTXSID70880553","66008-69-3","PIINPBJRTIJQBX-UHFFFAOYSA-N","C15H12F17NO4S","625.021558604","C=CC(=O)OCCN(C)S(=O)(=O)CC(F)(F)C(F)(F)C(F)(F)C(F)(F)C(F)(F)C(F)(F)C(F)(F)C(F)(F)F"
"DTXSID70880578","67939-97-3","ULMQTDIUFJYOLD-UHFFFAOYSA-N","C22H22F30N3O8PS2","1121.010689894","CCN(CCOP(=O)([O-])OCCN(CC)S(=O)(=O)C(F)(F)C(F)(F)C(F)(F)C(F)(F)C(F)(F)C(F)(F)C(F)(F)F)S(=O)(=O)C(F)(F)C(F)(F)C(F)(F)C(F)(F)C(F)(F)C(F)(F)C(F)(F)F.[NH4+]"
"DTXSID70880598","68298-11-3","FZCRAUGJBWCZQX-UHFFFAOYSA-N","C18H23F17N2O6S2","750.072608196","C[N+](C)(CCO)CCCN(CCCS(=O)(=O)[O-])S(=O)(=O)C(F)(F)C(F)(F)C(F)(F)C(F)(F)C(F)(F)C(F)(F)C(F)(F)C(F)(F)F"
"DTXSID70880952","71356-38-2","XZONSUWWBDTFJB-UHFFFAOYSA-N","C18H15F19N2O4","684.07284314","O=C([O-])C[N+]1(CCO)CCN(C(=O)C(F)(F)C(F)(F)C(F)(F)C(F)(F)C(F)(F)C(F)(F)C(F)(F)C(F)(F)C(F)(F)F)CC1"
"DTXSID70880957","72276-05-2","VFAOZLUVVQQCPB-UHFFFAOYSA-N","C18H14F21NO4S","739.030821548","C=CC(=O)OCCN(C)S(=O)(=O)CCC(F)(F)C(F)(F)C(F)(F)C(F)(F)C(F)(F)C(F)(F)C(F)(F)C(F)(F)C(F)(F)C(F)(F)F"
"DTXSID70880992","84029-56-1","-","-","-",NA
"DTXSID70881000","84808-63-9","PSVVJGAGHXHJDI-UHFFFAOYSA-N","C10F22","537.96487084","FC(F)(F)C(F)(C(F)(F)F)C(F)(F)C(F)(C(F)(F)F)C(F)(F)C(F)(C(F)(F)F)C(F)(F)F"
"DTXSID70881020","93776-03-5","AFHRHKTUTFIHHJ-UHFFFAOYSA-N","C38H24F54O5","1586.076147748","CC(COCC(O)CC(F)(F)C(F)(F)C(F)(F)C(F)(F)C(F)(F)C(F)(F)C(F)(F)C(F)(F)C(F)(F)C(F)(F)C(F)(C(F)(F)F)C(F)(F)F)OC(C)COCC(O)CC(F)(F)C(F)(F)C(F)(F)C(F)(F)C(F)(F)C(F)(F)C(F)(F)C(F)(F)C(F)(F)C(F)(F)C(F)(C(F)(F)F)C(F)(F)F"
"DTXSID70881025","93776-08-0","WEOGRPHIYDSCLF-UHFFFAOYSA-N","C30H45F17O11","904.269042","COCCOCCOCCOCCOCCOCCOCCOCCOCCOCC(O)CC(F)(F)C(F)(F)C(F)(F)C(F)(F)C(F)(F)C(F)(F)C(F)(F)C(F)(F)F"
"DTXSID70881065","93857-42-2","JXRICVNTWCQEIT-UHFFFAOYSA-N","C17H6F31O4P","893.950870122","O=P(O)(O)OCCC(F)(F)C(F)(F)C(F)(F)C(F)(F)C(F)(F)C(F)(F)C(F)(F)C(F)(F)C(F)(F)C(F)(F)C(F)(F)C(F)(F)C(F)(C(F)(F)F)C(F)(F)F"
"DTXSID70881121","93894-66-7","-","-","-",NA
"DTXSID70881126","93894-72-5","GFKVYUIOBFJCSX-UHFFFAOYSA-M","C16H20F17IN2O2S","754.00187662","CC[N+](C)(CC)CCCNS(=O)(=O)C(F)(F)C(F)(F)C(F)(F)C(F)(F)C(F)(F)C(F)(C(F)(F)F)C(F)(F)F.[I-]"
"DTXSID70881141","94158-69-7","ZAAFLQNFGSTNRW-UHFFFAOYSA-N","C11H8F17O5P","573.983789726","O=P(O)(O)OCC(O)CC(F)(F)C(F)(F)C(F)(F)C(F)(F)C(F)(F)C(F)(F)C(F)(F)C(F)(F)F"
"DTXSID70881161","94159-87-2","ZKOCMECLPOODCE-UHFFFAOYSA-M","C14H11F17KNO3","603.010454632","CN(CC(=O)[O-])CC(O)CC(F)(F)C(F)(F)C(F)(F)C(F)(F)C(F)(F)C(F)(F)C(F)(F)C(F)(F)F.[K+]"
"DTXSID70881166","94159-92-9","BVQDBQFRYDVCDL-UHFFFAOYSA-N","C18H11F19O2","620.045565772","OC(COc1ccccc1)CC(F)(F)C(F)(F)C(F)(F)C(F)(F)C(F)(F)C(F)(F)C(F)(C(F)(F)F)C(F)(F)F"
"DTXSID70881282","68891-99-6","WJUBZYQXBFUNJD-UHFFFAOYSA-H","C15H28Cl4Cr2F11NO9S","850.886787",NA
"DTXSID70881287","83310-58-1","GLSNCEVEZGDFEG-UHFFFAOYSA-M","C11H4F17KO2","529.957690788","O=C([O-])CCC(F)(F)C(F)(F)C(F)(F)C(F)(F)C(F)(F)C(F)(F)C(F)(F)C(F)(F)F.[K+]"
"DTXSID70881303","90481-10-0","-","-","-",NA
"DTXSID70881308","52299-27-1","DEENCVDXCNHHAM-UHFFFAOYSA-N","C20H9F34O2P","957.979725638","O=P(O)(CCC(F)(F)C(F)(F)C(F)(F)C(F)(F)C(F)(F)C(F)(F)C(F)(F)C(F)(F)F)CCC(F)(F)C(F)(F)C(F)(F)C(F)(F)C(F)(F)C(F)(F)C(F)(F)C(F)(F)F"
"DTXSID70881323","92071-84-6","JJQUHEQVLGAENB-UHFFFAOYSA-M","C14H15F17INO","662.99269184","C[N+](C)(C)CC(O)CC(F)(F)C(F)(F)C(F)(F)C(F)(F)C(F)(F)C(F)(F)C(F)(F)C(F)(F)F.[I-]"
"DTXSID70881328","93480-00-3","-","-","-",NA
"DTXSID70881343","147545-41-3","PWEZPHZIDUAWJD-UHFFFAOYSA-N","C7H9F9NO6PS","436.974448618","CN(CCOP(=O)(O)O)S(=O)(=O)C(F)(F)C(F)(F)C(F)(F)C(F)(F)F"
"DTXSID70881363","61119-62-8","FJQBMVJOCRTHGS-UHFFFAOYSA-M","C17H11F24NaO6S","821.979080632","O=S(=O)([O-])OC(COCC(F)(F)C(F)(F)C(F)(F)C(F)(F)C(F)(F)C(F)F)COCC(F)(F)C(F)(F)C(F)(F)C(F)(F)C(F)(F)C(F)F.[Na+]"
"DTXSID70881368","63295-20-5","WAMJRQKSJMEKEM-UHFFFAOYSA-N","C24H13F38O6P","1149.984297126","O=P(O)(OCC(O)CC(F)(F)C(F)(F)C(F)(F)C(F)(F)C(F)(F)C(F)(F)C(F)(C(F)(F)F)C(F)(F)F)OCC(O)CC(F)(F)C(F)(F)C(F)(F)C(F)(F)C(F)(F)C(F)(F)C(F)(C(F)(F)F)C(F)(F)F"
"DTXSID70881828","127133-57-7","-","-","-",NA
"DTXSID70881843","65530-62-3","-","-","-",NA
"DTXSID70881848","148240-82-8","-","-","-",NA
"DTXSID70881863","65530-71-4","-","-","-",NA
"DTXSID70881868","306974-19-6","-","-","-",NA
"DTXSID70881883","98728-78-0","-","-","-",NA
"DTXSID70881888","89461-13-2","-","-","-",NA
"DTXSID70881904","355015-68-8","-","-","-",NA
"DTXSID70881909","161611-79-6","-","-","-",NA
"DTXSID70881929","161075-03-2","-","-","-",NA
"DTXSID70881944","75032-95-0","-","-","-",NA
"DTXSID70881949","65530-60-1","-","-","-",NA
"DTXSID70881964","154590-04-2","-","-","-",NA
"DTXSID70881969","161075-11-2","-","-","-",NA
"DTXSID70881984","118400-71-8","-","-","-",NA
"DTXSID70881989","68155-04-4","-","-","-",NA
"DTXSID70882012","84932-01-4","-","-","-",NA
"DTXSID70882017","923298-12-8","-","-","-",NA
"DTXSID70882572","247109-50-8","-","-","-",NA
"DTXSID70882577","68555-92-0","-","-","-",NA
"DTXSID70882592","142636-91-7","-","-","-",NA
"DTXSID70882597","503299-29-4","-","-","-",NA
"DTXSID70882613","69492-03-1","-","-","-",NA
"DTXSID70882618","68298-62-4","-","-","-",NA
"DTXSID70882633","1190931-39-5","-","-","-",NA
"DTXSID70882638","321318-71-2","-","-","-",NA
"DTXSID70882653","477529-30-9","-","-","-",NA
"DTXSID70882658","306977-58-2","-","-","-",NA
"DTXSID70882673","150135-57-2","-","-","-",NA
"DTXSID70882678","182700-85-2","-","-","-",NA
"DTXSID70882693","393582-59-7","-","-","-",NA
"DTXSID70882698","58180-21-5","-","-","-",NA
"DTXSID70882714","68988-25-0","-","-","-",NA
"DTXSID70882719","644965-83-3","-","-","-",NA
"DTXSID70882734","393582-46-2","-","-","-",NA
"DTXSID70882739","464178-94-7","-","-","-",NA
"DTXSID70882754","182700-83-0","-","-","-",NA
"DTXSID70882759","182700-84-1","-","-","-",NA
"DTXSID70882774","68877-38-3","-","-","-",NA
"DTXSID70882779","260794-06-7","-","-","-",NA
"DTXSID70882794","162567-74-0","-","-","-",NA
"DTXSID70882799","524729-93-9","-","-","-",NA
"DTXSID70882810","306977-10-6","-","-","-",NA
"DTXSID70882815","163440-88-8","-","-","-",NA
"DTXSID70882830","247047-61-6","-","-","-",NA
"DTXSID70882835","85600-80-2","-","-","-",NA
"DTXSID70882850","73038-33-2","-","-","-",NA
"DTXSID70882855","146191-87-9","-","-","-",NA
"DTXSID70882870","65530-78-1","-","-","-",NA
"DTXSID70882875","504396-13-8","-","-","-",NA
"DTXSID70882890","306978-04-1","-","-","-",NA
"DTXSID70882895","108144-05-4","-","-","-",NA
"DTXSID70882911","143907-02-2","-","-","-",NA
"DTXSID70882916","819069-74-4","-","-","-",NA
"DTXSID70882931","121065-52-9","-","-","-",NA
"DTXSID70882936","104780-70-3","-","-","-",NA
"DTXSID70882951","70983-59-4","-","-","-",NA
"DTXSID70882956","819069-72-2","-","-","-",NA
"DTXSID70882971","82030-83-9","-","-","-",NA
"DTXSID70882976","1257095-32-1","-","-","-",NA
"DTXSID70882991","154159-07-6","-","-","-",NA
"DTXSID70882996","69462-70-0","-","-","-",NA
"DTXSID70883004","330809-92-2","-","-","-",NA
"DTXSID70883009","183146-60-3","-","-","-",NA
"DTXSID70883024","65605-57-4","-","-","-",NA
"DTXSID70883029","65530-63-4","-","-","-",NA
"DTXSID70883044","68310-17-8","-","-","-",NA
"DTXSID70883049","68391-08-2","-","-","-",NA
"DTXSID70883064","761418-87-5","-","-","-",NA
"DTXSID70883069","161075-13-4","-","-","-",NA
"DTXSID70883084","161075-05-4","-","-","-",NA
"DTXSID70883089","90366-94-2","-","-","-",NA
"DTXSID70884379","7385-65-1","IHZQVNJWZLTECJ-UHFFFAOYSA-N","C6F10O3","309.96877606","O=C(F)C1(C(F)(F)F)OC(F)(F)C(F)(C(F)(F)F)O1"
"DTXSID70884511","13140-26-6","CCQXLJSVUNLMMK-UHFFFAOYSA-N","C27F54O9","1493.86800546","O=C(F)C(F)(OC(F)(F)C(F)(OC(F)(F)C(F)(OC(F)(F)C(F)(OC(F)(F)C(F)(OC(F)(F)C(F)(OC(F)(F)C(F)(OC(F)(F)C(F)(OC(F)(F)C(F)(F)C(F)(F)F)C(F)(F)F)C(F)(F)F)C(F)(F)F)C(F)(F)F)C(F)(F)F)C(F)(F)F)C(F)(F)F)C(F)(F)F"
"DTXSID70885381","27120-63-4","SIEUTGCQJFIIPL-UHFFFAOYSA-N","C26HF53O8","1447.882512652","FC(OC(F)(F)C(F)(OC(F)(F)C(F)(OC(F)(F)C(F)(OC(F)(F)C(F)(OC(F)(F)C(F)(OC(F)(F)C(F)(OC(F)(F)C(F)(OC(F)(F)C(F)(F)C(F)(F)F)C(F)(F)F)C(F)(F)F)C(F)(F)F)C(F)(F)F)C(F)(F)F)C(F)(F)F)C(F)(F)F)C(F)(F)F"
"DTXSID70892570","864071-09-0","SNGREZUHAYWORS-OUBTZVSYSA-N","C8HF15O2","413.973702572","O=[13C](O)C(F)(F)C(F)(F)C(F)(F)C(F)(F)C(F)(F)C(F)(F)C(F)(F)F"
"DTXSID70892590","90179-39-8","FTAFFTSOJBRORR-UHFFFAOYSA-N","C15H15F15N2O3","556.08431564","C[N+](C)(CCCNC(=O)C(F)(F)C(F)(F)C(F)(F)C(F)(F)C(F)(F)C(F)(F)C(F)(F)F)CC(=O)[O-]"
"DTXSID70892959","103831-28-3","HEFMHJGSLLYQSB-UHFFFAOYSA-N","C12H13F13N2O","448.082029896","CN(C)CCCNC(=O)C(F)(F)C(F)(F)C(F)(F)C(F)(F)C(F)(F)C(F)(F)F"
"DTXSID70893284","70900-35-5","KRFXHCMETSLMGI-UHFFFAOYSA-N","C28H30F15N3O8S","853.15140922","C=C(C)C(=O)OCC(C)O/C(O)=N/c1cc(/N=C(\O)OCCCCN(C)S(=O)(=O)C(F)(F)C(F)(F)C(F)(F)C(F)(F)C(F)(F)C(F)(F)C(F)(F)F)ccc1C"
"DTXSID70893289","70900-37-7","VORMEUUFGOJQNI-UHFFFAOYSA-N","C26H30F11N3O8S","753.15779634","C=C(C)C(=O)OCC(C)O/C(O)=N/c1cc(/N=C(\O)OCCCCN(C)S(=O)(=O)C(F)(F)C(F)(F)C(F)(F)C(F)(F)C(F)(F)F)ccc1C"
"DTXSID70893300","88987-13-7","AJMIZAKQWZPWEH-UHFFFAOYSA-N","C24H31F17O8","770.174747692","COCCOCCOCCOCCOCCOCCOCCOC(=C(C(F)(C(F)(F)F)C(F)(F)F)C(F)(C(F)(F)F)C(F)(F)F)C(F)(F)F"
"DTXSID70893305","97259-81-9","XNKYZUYJMBXTGL-UPHRSURJSA-N","C15H10F17NO4","591.03383754","O=C(O)/C=C\C(=O)NCC(O)CC(F)(F)C(F)(F)C(F)(F)C(F)(F)C(F)(F)C(F)(F)C(F)(F)C(F)(F)F"
"DTXSID70893320","110570-90-6","SZMJWFGNINGJGQ-UHFFFAOYSA-N","C16H14F17NO4S","639.037208668","C=CC(=O)OCCNCCCS(=O)(=O)C(F)(F)C(F)(F)C(F)(F)C(F)(F)C(F)(F)C(F)(F)C(F)(F)C(F)(F)F"
"DTXSID70893340","119131-05-4","ZGBMFNJIPSRTBS-UHFFFAOYSA-O","C17H18F17N2O3","621.104597176","C[N+](C)(CCC/N=C(\O)C(F)(F)C(F)(F)C(F)(F)C(F)(F)C(F)(F)C(F)(F)C(F)(F)C(F)(F)F)CCC(=O)O"
"DTXSID70893345","119229-99-1","QIWLMMWTZVIAFK-UHFFFAOYSA-N","C8F18LiNO4S2","586.91413699","O=S(=O)([N-]S(=O)(=O)C(F)(F)C(F)(F)C(F)(F)C(F)(F)F)C(F)(F)C(F)(F)C(F)(F)C(F)(F)F.[Li+]"
"DTXSID70893360","160228-75-1","CRPLTJCWHFIZTI-UHFFFAOYSA-N","C5F13NO","336.97723048","FC(F)(F)OC(F)(F)C(F)(F)N(C(F)(F)F)C(F)(F)F"
"DTXSID70893385","369371-43-7","VHHPRADYROJREN-UHFFFAOYSA-N","C6Cl2F12O3","417.90328786","FC(F)(F)OC(F)(F)C(F)(F)OC(F)(F)OC(F)(Cl)C(F)(F)Cl"
"DTXSID70893401","496805-64-2","NPVAMXSRUVKHFJ-UHFFFAOYSA-M","C7F13KO4","433.92260702","O=C([O-])C(F)(OC(F)(F)C(F)(F)C(F)(F)OC(F)(F)F)C(F)(F)F.[K+]"
"DTXSID70893406","68136-88-9","NFHYVHOYTAOBKF-UHFFFAOYSA-M","C8F17KO4S","553.8882909","O=S(=O)([O-])C(F)(F)C(F)(F)OC(F)(F)C(F)(F)C(F)(F)C(F)(F)C(F)(F)C(F)(F)F.[K+]"
"DTXSID70893502","393098-44-7","KFHDQTKUUBFHAY-UHFFFAOYSA-N","C48H12F87O4P","2335.908400634","O=P(OCCC(F)(F)C(F)(F)C(F)(F)C(F)(F)C(F)(F)C(F)(F)C(F)(F)C(F)(F)C(F)(F)C(F)(F)C(F)(F)C(F)(F)C(F)(F)C(F)(F)F)(OCCC(F)(F)C(F)(F)C(F)(F)C(F)(F)C(F)(F)C(F)(F)C(F)(F)C(F)(F)C(F)(F)C(F)(F)C(F)(F)C(F)(F)C(F)(F)C(F)(F)F)OCCC(F)(F)C(F)(F)C(F)(F)C(F)(F)C(F)(F)C(F)(F)C(F)(F)C(F)(F)C(F)(F)C(F)(F)C(F)(F)C(F)(F)C(F)(F)C(F)(F)F"
"DTXSID70893527","146443-00-7","-","-","-",NA
"DTXSID70893562","178094-71-8","RGDBUGCDVNXVOA-UHFFFAOYSA-N","C11H12F13KN2O3S","537.999811784","C[N+](C)([O-])CCC[N-]S(=O)(=O)C(F)(F)C(F)(F)C(F)(F)C(F)(F)C(F)(F)C(F)(F)F.[K+]"
"DTXSID70893567","186406-49-5","-","-","-",NA
"DTXSID70894291","13429-24-8","-","-","-",NA
"DTXSID70895162","377-46-8","BTZKXQHJFPEDEC-UHFFFAOYSA-N","C5H3Br2F7","353.848971836","FC(F)(F)C(F)(F)C(F)(F)C(Br)CBr"
"DTXSID70895167","1190430-21-7","GYDMBTYTWYNRGO-UHFFFAOYSA-N","C9H11F9","290.071704332","CCCCCC(F)(F)C(F)(F)C(F)(F)C(F)(F)F"
"DTXSID70895182","99324-98-8","HUMXDBZLFGYHCC-UHFFFAOYSA-N","C8H8F9I","401.952702236","FC(F)(F)C(F)(F)C(F)(F)C(F)(F)CCCCI"
"DTXSID70895187","1645298-12-9","JPCSERNSJZWYPU-UHFFFAOYSA-N","C8H7F11","312.037210644","CCCC(F)(F)C(F)(F)C(F)(F)C(F)(F)C(F)(F)F"
"DTXSID70895203","1835251-92-7","XUTVDVSIZZRSSN-UHFFFAOYSA-N","C8H4F14","366.008945208","FC(F)(F)C(F)(F)C(F)(F)CCC(F)(F)C(F)(F)C(F)(F)F"
"DTXSID70895208","59665-23-5","KSQRGPQLCIXCCL-UHFFFAOYSA-N","C6H2BrF9","323.919616144","C=C(Br)C(F)(F)C(F)(F)C(F)(F)C(F)(F)F"
"DTXSID70895223","355-99-7","KMIMRUFRWCAQJQ-UHFFFAOYSA-N","C6H8F7N","227.054496796","CCNCC(F)(F)C(F)(F)C(F)(F)F"
"DTXSID70895228","1464148-69-3","RZXNATDVPGMVHV-UHFFFAOYSA-N","C10H12F9I","429.984002364","CC(C)(C)C(I)CC(F)(F)C(F)(F)C(F)(F)C(F)(F)F"
"DTXSID70895243","679-53-8","KCSGFPCJXJVTEG-UHFFFAOYSA-N","C6H6ClF7O","261.999540032","FC(F)(F)C(F)(F)C(F)(F)COCCCl"
"DTXSID70895248","355-30-6","OKBXLDZUHBWJBK-UHFFFAOYSA-N","C5H3F9O2","265.998933316","OC(O)C(F)(F)C(F)(F)C(F)(F)C(F)(F)F"
"DTXSID70895263","931415-52-0","SHQQMHMRNKRZAY-UHFFFAOYSA-N","C17H19F17","546.121530348","CCCCCCCCCC(F)(F)C(F)(F)C(F)(F)C(F)(F)C(F)(F)C(F)(F)C(F)(F)C(F)(F)F"
"DTXSID70895268","124995-00-2","DSXUTQAJEICFEW-UHFFFAOYSA-N","C6H5F9O2","280.01458338","OCC(O)C(F)(F)C(F)(F)C(F)(F)C(F)(F)F"
"DTXSID70895283","71039-88-8","UAEWLONMSWUOCA-UHFFFAOYSA-N","C7F14","349.97764508","FC(=C(F)C(F)(F)C(F)(F)C(F)(F)F)C(F)(F)C(F)(F)F"
"DTXSID70895288","116177-54-9","SPEXSSXGHMMEEU-UHFFFAOYSA-N","C16H13F21","604.068193036","CCCCCCC(F)(F)C(F)(F)C(F)(F)C(F)(F)C(F)(F)C(F)(F)C(F)(F)C(F)(F)C(F)(F)C(F)(F)F"
"DTXSID70895304","207122-00-7","UOAVDNYZEXTDOI-UHFFFAOYSA-N","C16H20F13I","586.0402155","CCCCCCCCC(I)CC(F)(F)C(F)(F)C(F)(F)C(F)(F)C(F)(F)C(F)(F)F"
"DTXSID70895309","931415-53-1","VIPKARMAJZVVDC-UHFFFAOYSA-N","C19H23F17","574.152830476","CCCCCCCCCCCC(F)(F)C(F)(F)C(F)(F)C(F)(F)C(F)(F)C(F)(F)C(F)(F)C(F)(F)F"
"DTXSID70895324","1180131-16-1","YZHBNWFCJSAYBH-QMMMGPOBSA-N","C12H17F9O","348.113569144","CCCCCC[C@@H](CO)C(F)(F)C(F)(F)C(F)(F)C(F)(F)F"
"DTXSID70895329","1597-70-2","CGGQUPOCGJBCMK-UHFFFAOYSA-N","C19H22BrF17","652.063342544","FC(F)(F)C(F)(F)C(F)(F)C(F)(F)C(F)(F)C(F)(F)C(F)(F)C(F)(F)CCCCCCCCCCCBr"
"DTXSID70895344","25431-52-1","MMTLEFYJOUMOHF-UHFFFAOYSA-N","C19H24F15I","664.068322068","CCCCCCCCCCC(I)CC(F)(F)C(F)(F)C(F)(F)C(F)(F)C(F)(F)C(F)(F)C(F)(F)F"
"DTXSID70895349","159623-35-5","CJRZVDYMJZXUDK-UHFFFAOYSA-N","C5BrF9O","325.8988807","O=C(Br)C(F)(F)C(F)(F)C(F)(F)C(F)(F)F"
"DTXSID70895364","200817-55-6","URXIWFCBPQLZEP-UHFFFAOYSA-N","C23H27F21","702.177743484","CCCCCCCCCCCCCC(F)(F)C(F)(F)C(F)(F)C(F)(F)C(F)(F)C(F)(F)C(F)(F)C(F)(F)C(F)(F)C(F)(F)F"
"DTXSID70895369","40735-23-7","IAPGYSNDNDIXDV-UHFFFAOYSA-N","C14H10F18I2","773.85845428","FC(F)(F)C(F)(F)C(F)(F)C(F)(F)CC(I)CCC(I)CC(F)(F)C(F)(F)C(F)(F)C(F)(F)F"
"DTXSID70895384","93454-72-9","YRBYBKZFEDWCDZ-UHFFFAOYSA-N","C22H21F25","760.124406172","CCCCCCCCCCC(F)(F)C(F)(F)C(F)(F)C(F)(F)C(F)(F)C(F)(F)C(F)(F)C(F)(F)C(F)(F)C(F)(F)C(F)(F)C(F)(F)F"
"DTXSID70895389","120464-26-8","JNMMIYWYYKPWFO-UHFFFAOYSA-N","C14H15F13","430.09661734","CCCCCCC=CC(F)(F)C(F)(F)C(F)(F)C(F)(F)C(F)(F)C(F)(F)F"
"DTXSID70895400","1257261-93-0","KDNAFMKMUXWOIX-UHFFFAOYSA-N","C20H24F17I","714.065128508","CCCCCCCCCCC(I)CC(F)(F)C(F)(F)C(F)(F)C(F)(F)C(F)(F)C(F)(F)C(F)(F)C(F)(F)F"
"DTXSID70895405","129838-41-1","QDCHVWHUMIKQMU-UHFFFAOYSA-N","C19H18F21I","772.011791196","CCCCCCCC(I)CC(F)(F)C(F)(F)C(F)(F)C(F)(F)C(F)(F)C(F)(F)C(F)(F)C(F)(F)C(F)(F)C(F)(F)F"
"DTXSID70895420","176979-18-3","PZEUYQKZNADPEH-UHFFFAOYSA-N","C22H28F17I","742.096428636","CCCCCCCCCCCCC(I)CC(F)(F)C(F)(F)C(F)(F)C(F)(F)C(F)(F)C(F)(F)C(F)(F)C(F)(F)F"
"DTXSID70895425","1257261-92-9","YGVQFTMOXQBGJL-UHFFFAOYSA-N","C24H28F21I","842.090041516","CCCCCCCCCCCCC(I)CC(F)(F)C(F)(F)C(F)(F)C(F)(F)C(F)(F)C(F)(F)C(F)(F)C(F)(F)C(F)(F)C(F)(F)F"
"DTXSID70895440","152128-75-1","UFXJXRIUXCGTRG-MDZDMXLPSA-N","C16H19F13","458.127917468","CCCCCCCC/C=C/C(F)(F)C(F)(F)C(F)(F)C(F)(F)C(F)(F)C(F)(F)F"
"DTXSID70895445","53713-87-4","PYZYVYJSLXQWJG-UHFFFAOYSA-N","C16H3F30I","891.880044696","FC(F)(F)C(F)(F)C(F)(F)C(F)(F)C(F)(F)C(F)(F)CC(I)C(F)(F)C(F)(F)C(F)(F)C(F)(F)C(F)(F)C(F)(F)C(F)(F)C(F)(F)F"
"DTXSID70895460","100508-28-9","MGVUWCOSZAVONX-UHFFFAOYSA-N","C11H2F20","513.983714464","FC(F)(F)C(F)(F)C(F)(F)C(F)(F)C=CC(F)(F)C(F)(F)C(F)(F)C(F)(F)C(F)(F)F"
"DTXSID70895465","350608-65-0","ZTVGSHHXGFOBPF-VOTSOKGWSA-N","C15H13F17","516.074580156","CCCCC/C=C/C(F)(F)C(F)(F)C(F)(F)C(F)(F)C(F)(F)C(F)(F)C(F)(F)C(F)(F)F"
"DTXSID70895480","136022-91-8","VPNWMJAVJKPMOO-UHFFFAOYSA-N","C11H7F17O","478.022544584","CC(CO)C(F)(F)C(F)(F)C(F)(F)C(F)(F)C(F)(F)C(F)(F)C(F)(F)C(F)(F)F"
"DTXSID70895485","52717-06-3","IQKOXEYYVMJQGE-UHFFFAOYSA-N","C17H19F15","508.124723908","CCCCCCCCC=CC(F)(F)C(F)(F)C(F)(F)C(F)(F)C(F)(F)C(F)(F)C(F)(F)F"
"DTXSID70895501","53638-12-3","LMJIUSRWSARGTG-UHFFFAOYSA-N","C18H3F34I","991.873657576","FC(F)(F)C(F)(F)C(F)(F)C(F)(F)C(F)(F)C(F)(F)C(F)(F)C(F)(F)CC(I)C(F)(F)C(F)(F)C(F)(F)C(F)(F)C(F)(F)C(F)(F)C(F)(F)C(F)(F)F"
"DTXSID70895506","959462-50-1","YTTJEDNFUNDSGW-UHFFFAOYSA-N","C18H10F26I2","973.84568004","FC(F)(F)C(F)(F)C(F)(F)C(F)(F)C(F)(F)C(F)(F)CC(I)CCC(I)CC(F)(F)C(F)(F)C(F)(F)C(F)(F)C(F)(F)C(F)(F)F"
"DTXSID70895521","26650-08-8","GGOWJPVBRDJYHL-UHFFFAOYSA-N","C7H4F9NS","304.992074108","N#CSCCC(F)(F)C(F)(F)C(F)(F)C(F)(F)F"
"DTXSID70895526","115249-34-8","DINNCEFEQGXTPY-UHFFFAOYSA-N","C28H16F42","1150.058135752","FC(F)(F)C(F)(F)C(F)(F)C(F)(F)C(F)(F)C(F)(F)C(F)(F)C(F)(F)C(F)(F)C(F)(F)CCCCCCCCC(F)(F)C(F)(F)C(F)(F)C(F)(F)C(F)(F)C(F)(F)C(F)(F)C(F)(F)C(F)(F)C(F)(F)F"
"DTXSID70895541","15960-01-7","XIDRMGWFRZGWJK-UHFFFAOYSA-N","C6H6F7NO2","257.028675972","NC(CC(F)(F)C(F)(F)C(F)(F)F)C(=O)O"
"DTXSID70895546","1516879-68-7","SCLPYRSSWDKFEM-UHFFFAOYSA-N","C9H7F11O","340.032125264","C=CCOCC(F)(F)C(F)(F)C(F)(F)C(F)(F)C(F)(F)F"
"DTXSID70895561","53638-14-5","RPCHUJWKTVLPOH-UHFFFAOYSA-N","C14H3F25","645.983555596","FC(=CCC(F)(F)C(F)(F)C(F)(F)C(F)(F)F)C(F)(F)C(F)(F)C(F)(F)C(F)(F)C(F)(F)C(F)(F)C(F)(F)F"
"DTXSID70895566","907206-01-3","RJTGGFRPTUCUTK-UHFFFAOYSA-N","C26H35F17","670.24673086","CCCCCCCCCCCCCCCCC=CC(F)(F)C(F)(F)C(F)(F)C(F)(F)C(F)(F)C(F)(F)C(F)(F)C(F)(F)F"
"DTXSID70895581","114221-78-2","VEGRVJJJOBLZDZ-UHFFFAOYSA-N","C44H40F50","1518.23316228","FC(F)(F)C(F)(F)C(F)(F)C(F)(F)C(F)(F)C(F)(F)C(F)(F)C(F)(F)C(F)(F)C(F)(F)C(F)(F)C(F)(F)CCCCCCCCCCCCCCCCCCCCC(F)(F)C(F)(F)C(F)(F)C(F)(F)C(F)(F)C(F)(F)C(F)(F)C(F)(F)C(F)(F)C(F)(F)C(F)(F)C(F)(F)F"
"DTXSID70895586","261761-01-7","HUIAECWNXSPFSH-UHFFFAOYSA-N","C9H4F13IO","501.909929608","OCC(I)=CC(F)(F)C(F)(F)C(F)(F)C(F)(F)C(F)(F)C(F)(F)F"
"DTXSID70895602","1151525-71-1","LBVDHZOJOFOXJM-UHFFFAOYSA-N","C28H31F25","842.202656492","CCCCCCCCCCCCCCC=CC(F)(F)C(F)(F)C(F)(F)C(F)(F)C(F)(F)C(F)(F)C(F)(F)C(F)(F)C(F)(F)C(F)(F)C(F)(F)C(F)(F)F"
"DTXSID70895607","1015420-87-7","LTOPJNCLIAYPRS-UHFFFAOYSA-M","C12H12F9NO3S","421.039418224","CC[n+]1cccc(C)c1.O=S(=O)([O-])C(F)(F)C(F)(F)C(F)(F)C(F)(F)F"
"DTXSID70895622","70168-24-0","NZQRKNKAYBTPRP-UHFFFAOYSA-N","C7H6F7NO","253.033761352","CC(=O)C=C(N)C(F)(F)C(F)(F)C(F)(F)F"
"DTXSID70895627","40678-17-9","JLPDNEGZZRIXGN-UHFFFAOYSA-N","C7H4ClF9O2","325.975611028","O=C(Cl)OCCC(F)(F)C(F)(F)C(F)(F)C(F)(F)F"
"DTXSID70895642","147986-73-0","HUTZLVJBHGQMEV-UHFFFAOYSA-N","C17H24F18O2Si3","686.079667558","C[SiH](O[Si](C)(C)CCC(F)(F)C(F)(F)C(F)(F)C(F)(F)F)O[Si](C)(C)CCC(F)(F)C(F)(F)C(F)(F)C(F)(F)F"
"DTXSID70895647","377-64-0","JFPGSWFWUDMPOT-UHFFFAOYSA-N","C8H9F7O2S","302.021148068","CCOC(=O)CC(S)C(F)(F)C(F)(F)C(F)(F)F"
"DTXSID70895662","88951-29-5","XHYURWMFYFFMBL-UHFFFAOYSA-N","C10H11F7O2","296.064727132","O=C(O)C1CCC(C(F)(F)C(F)(F)C(F)(F)F)CC1"
"DTXSID70895667","132424-37-4","CZMPFGNWUIUUEE-UHFFFAOYSA-N","C12H7F17O2","506.017459204","COC(=O)CCC(F)(F)C(F)(F)C(F)(F)C(F)(F)C(F)(F)C(F)(F)C(F)(F)C(F)(F)F"
"DTXSID70895682","1392881-17-2","MZZMFOVBQGDNTB-UHFFFAOYSA-N","C10H11F7O2S","328.036798132","CCSC(=O)C(CC(C)=O)C(F)(F)C(F)(F)C(F)(F)F"
"DTXSID70895687","1422-65-7","SQBHHHGUOQBSBF-UHFFFAOYSA-N","C7H6F7NO","253.033761352","C=CC(=O)NCC(F)(F)C(F)(F)C(F)(F)F"
"DTXSID70895703","36390-05-3","GDJGFJSXWIXQLR-UHFFFAOYSA-N","C13H7F17O4","550.007288444","O=C(O)C(CCC(F)(F)C(F)(F)C(F)(F)C(F)(F)C(F)(F)C(F)(F)C(F)(F)C(F)(F)F)C(=O)O"
"DTXSID70895708","161261-13-8","BVMQJJKZDLWFDQ-UHFFFAOYSA-N","C10H7F13O2","406.023846324","CCOC(=O)CC(C(F)(F)F)(C(F)(F)F)C(F)(F)C(F)(F)C(F)(F)F"
"DTXSID70895723","70887-94-4","OGNPKTMXAFCAFU-UHFFFAOYSA-N","C12H2F20O2","557.973543704","O=C(O)C=C(F)C(F)(F)C(F)(F)C(F)(F)C(F)(F)C(F)(F)C(F)(F)C(F)(F)C(F)(F)C(F)(F)F"
"DTXSID70895728","145876-00-2","DEFDVRCZPOZAET-UHFFFAOYSA-N","C12H4F21N3","589.006989748","[N-]=[N+]=NCCC(F)(F)C(F)(F)C(F)(F)C(F)(F)C(F)(F)C(F)(F)C(F)(F)C(F)(F)C(F)(F)C(F)(F)F"
"DTXSID70895743","74942-19-1","HZTIKNWLZSIYHM-UHFFFAOYSA-N","C5F10O","265.97894682","FC(F)(F)C(F)(F)C(F)(F)C1(F)OC1(F)F"
"DTXSID70895748","66959-14-6","ATMKLIOVAVUSDM-UHFFFAOYSA-N","C7H3F13O3S","413.959531816","O=S(=O)(OCC(F)(F)C(F)F)C(F)(F)C(F)(F)C(F)(F)C(F)(F)F"
"DTXSID70895763","117374-31-9","FDPTXAYZTQYILM-UHFFFAOYSA-N","C13H9F17O2","520.033109268","CCCCOC(=O)C(F)(F)C(F)(F)C(F)(F)C(F)(F)C(F)(F)C(F)(F)C(F)(F)C(F)(F)F"
"DTXSID70895920","124472-68-0","CJSGEKUVJQCSRO-UHFFFAOYSA-M","C21H30F17NO3S","699.16749456","CCCC[N+](C)(CCCC)CCCC.O=S(=O)([O-])C(F)(F)C(F)(F)C(F)(F)C(F)(F)C(F)(F)C(F)(F)C(F)(F)C(F)(F)F"
"DTXSID70895925","80790-98-3","LZEJFINVPVDRLW-UHFFFAOYSA-N","C11H9F7O2","306.049077068","COc1ccc(OC)c(C(F)(F)C(F)(F)C(F)(F)F)c1"
"DTXSID70895940","1370345-78-0","BFMMVADDYVCWBU-UHFFFAOYSA-N","C12H13F11O3","414.068904696","CC(C)C(O)C(F)(F)C(=O)OCCC(F)(F)C(F)(F)C(F)(F)C(F)(F)F"
"DTXSID70895945","4314-33-4","UTKCLYLLDFWDFY-UHFFFAOYSA-N","C8H8F7NO3","299.039240656","CCOC(=O)COC(=N)C(F)(F)C(F)(F)C(F)(F)F"
"DTXSID70895960","912364-40-0","LXTWHOIAODISEK-UHFFFAOYSA-N","C8H5F9O3","320.009498","O=C1OCC(CC(F)(F)C(F)(F)C(F)(F)C(F)(F)F)O1"
"DTXSID70895965","25978-98-7","UROJGTAWXQQYQK-UHFFFAOYSA-N","C5H5F7N4O","270.03515832","N=C(N)NNC(=O)C(F)(F)C(F)(F)C(F)(F)F"
"DTXSID70895980","131545-70-5","YSINYTWRJZQLMC-UHFFFAOYSA-N","C17H15F13O2","498.08644658","Oc1cccc(CCCCCC(F)(F)C(F)(F)C(F)(F)C(F)(F)C(F)(F)C(F)(F)F)c1O"
"DTXSID70895985","1608112-40-8","URZHTROJGRZCJI-UHFFFAOYSA-N","C12H5F9S","351.99682514","FC(F)(F)C(F)(F)C(F)(F)C(F)(F)c1cccc2ccsc12"
"DTXSID70896013","879081-10-4","ZJVFKZCWJMFHNU-UHFFFAOYSA-N","C11H7F9O2S","374.002304444","O=S(=O)(Cc1ccccc1)C(F)(F)C(F)(F)C(F)(F)C(F)(F)F"
"DTXSID70896018","169213-94-9","YEMOXYUOUXISBX-UHFFFAOYSA-N","C11H9F13O2","420.039496388","OC1OCCCC1C(F)(F)C(F)(F)C(F)(F)C(F)(F)C(F)(F)C(F)(F)F"
"DTXSID70896033","6104-22-9","BVQXSASJCAZAJV-UHFFFAOYSA-N","C12H8F17NO","505.033443616","CC(C)NC(=O)C(F)(F)C(F)(F)C(F)(F)C(F)(F)C(F)(F)C(F)(F)C(F)(F)C(F)(F)F"
"DTXSID70896038","1606997-41-4","UHUPWLAKMLPWSV-UHFFFAOYSA-N","C12H7F9OS","370.007389824","C=C(c1ccccc1)S(=O)C(F)(F)C(F)(F)C(F)(F)C(F)(F)F"
"DTXSID70896053","117374-38-6","MWYMNQGTKJSXRY-UHFFFAOYSA-N","C16H7F17O2","554.017459204","O=C(OCc1ccccc1)C(F)(F)C(F)(F)C(F)(F)C(F)(F)C(F)(F)C(F)(F)C(F)(F)C(F)(F)F"
"DTXSID70896058","36839-94-8","GKSGKKZFRKGNTD-UHFFFAOYSA-N","C9H7F9O3S","365.997219064","O=S(=O)(OC1=CCCC1)C(F)(F)C(F)(F)C(F)(F)C(F)(F)F"
"DTXSID70896073","107070-94-0","FZOUABSFDUBWEC-UHFFFAOYSA-N","C8H9F9N2O2","336.052031508","CNC(=O)C(O)(NC)C(F)(F)C(F)(F)C(F)(F)C(F)(F)F"
"DTXSID70896078","106376-36-7","UJBGCMKVPMWSOM-UHFFFAOYSA-N","C10H5ClF7NO","322.994789","O=C(Nc1cccc(Cl)c1)C(F)(F)C(F)(F)C(F)(F)F"
"DTXSID70896093","378215-44-2","CTYGKSNFBUDKEV-UHFFFAOYSA-N","C10H5F7INO","414.93040932","O=C(Nc1ccccc1I)C(F)(F)C(F)(F)C(F)(F)F"
"DTXSID70896098","139030-54-9","IZGVFACATXNLFF-UHFFFAOYSA-N","C22H18F13N","543.123166436","CCCCCc1ccc(-c2ccc(C(F)(F)C(F)(F)C(F)(F)C(F)(F)C(F)(F)C(F)(F)F)cc2)nc1"
"DTXSID70896114","327630-34-2","KILCWELZTSEPSB-UHFFFAOYSA-N","C14H5F13S2","483.96250902","FC(F)(F)C(F)(F)C(F)(F)C(F)(F)C(F)(F)C(F)(F)c1ccc(-c2cccs2)s1"
"DTXSID70896119","93128-66-6","UAOPHMUQOMFCMQ-UHFFFAOYSA-N","C16H16F17NO3S","625.057944112","CN(CC(=O)O)CC(O)CSCCC(F)(F)C(F)(F)C(F)(F)C(F)(F)C(F)(F)C(F)(F)C(F)(F)C(F)(F)F"
"DTXSID70896134","70414-01-6","RYQZIXCMWPWVAD-UHFFFAOYSA-N","C14H10F11NO","417.05867436","O=C(NCCc1ccccc1)C(F)(F)C(F)(F)C(F)(F)C(F)(F)C(F)(F)F"
"DTXSID70896139","85211-95-6","SIWFNBUDPFBKPU-UHFFFAOYSA-N","C6F12O3S","379.9376535","O=S1(=O)OC(F)(F)C1(F)C(F)(F)C(F)(F)C(F)(F)C(F)(F)F"
"DTXSID70896154","1421688-36-9","UNYPRTCZVBILGW-UHFFFAOYSA-N","C15H20F13NO5Si","569.09031613","CO[Si](CCCNC(=O)OCCC(F)(F)C(F)(F)C(F)(F)C(F)(F)C(F)(F)C(F)(F)F)(OC)OC"
"DTXSID70896159","94720-20-4","SBAPVEDSPQRHGC-UHFFFAOYSA-N","C8H4F7N3O2","307.019173908","O=C(Nc1ccnc(=O)[nH]1)C(F)(F)C(F)(F)C(F)(F)F"
"DTXSID70896174","852527-43-6","LNFNFGXVSPNQIW-UHFFFAOYSA-N","C11H8F9NO4","389.030961716","O=C(CCC(F)(F)C(F)(F)C(F)(F)C(F)(F)F)ON1C(=O)CCC1=O"
"DTXSID70896179","1443258-17-0","JFPOJRKSHNMRDK-UHFFFAOYSA-N","C10H5ClF7NO4S","402.95160386","O=C(NS(=O)(=O)Oc1ccc(Cl)cc1)C(F)(F)C(F)(F)C(F)(F)F"
"DTXSID70896194","325989-96-6","QCSAVEZBIBPLJM-UHFFFAOYSA-N","C16H5F20NO","607.00517818","O=C(Nc1cccc(C(F)(F)F)c1)C(F)(F)C(F)(F)C(F)(F)C(F)(F)C(F)(F)C(F)(F)C(F)(F)C(F)(F)F"
"DTXSID70896199","82633-52-1","CACZUFHSOSHVMU-UHFFFAOYSA-N","C12H6BrF7N2","389.960257832","FC(F)(F)C(F)(F)C(F)(F)c1n[nH]c(-c2ccccc2)c1Br"
"DTXSID70896210","904565-42-0","ALGOLQFPMNZMNC-UHFFFAOYSA-N","C14H8F13NO2","469.034745356","COc1cccc(NC(=O)C(F)(F)C(F)(F)C(F)(F)C(F)(F)C(F)(F)C(F)(F)F)c1"
"DTXSID70896215","125162-61-0","IGRQPMQIIAQLAE-UHFFFAOYSA-N","C23H20F9NO2","513.13503286","CCOC(=O)C(CCC(F)(F)C(F)(F)C(F)(F)C(F)(F)F)N=C(c1ccccc1)c1ccccc1"
"DTXSID70896230","165618-98-4","GAVHLPDPYHDYNF-UHFFFAOYSA-N","C12H9F9N2O3S","432.019017128","NS(=O)(=O)c1ccc(CNC(=O)C(F)(F)C(F)(F)C(F)(F)C(F)(F)F)cc1"
"DTXSID70896235","316826-59-2","LGEFNMHGQQWZJQ-UHFFFAOYSA-N","C12H11F9N2O4S2","482.001652812","NS(=O)(=O)c1ccc(CCNS(=O)(=O)C(F)(F)C(F)(F)C(F)(F)C(F)(F)F)cc1"
"DTXSID70896250","57450-70-1","GNCHBMUKQAERQO-UHFFFAOYSA-N","C11H5F10N3O3","417.01712322","Nc1c(NC(=O)C(F)(F)C(F)(F)C(F)(F)F)cc(C(F)(F)F)cc1[N+](=O)[O-]"
"DTXSID70896255","906077-31-4","UPOGXAQYHYZJRF-IBGZPJMESA-N","C36H25F34NOSi","1161.11625043","C[Si](C)(C)OC(c1ccc(C(F)(F)C(F)(F)C(F)(F)C(F)(F)C(F)(F)C(F)(F)C(F)(F)C(F)(F)F)cc1)(c1ccc(C(F)(F)C(F)(F)C(F)(F)C(F)(F)C(F)(F)C(F)(F)C(F)(F)C(F)(F)F)cc1)[C@@H]1CCCN1"
"DTXSID70896270","307531-76-6","PNXSDOXXIOPXPY-UHFFFAOYSA-N","C13H8F9NO5S","460.997947336","O=C1C2C3C=CC(C3)C2C(=O)N1OS(=O)(=O)C(F)(F)C(F)(F)C(F)(F)C(F)(F)F"
"DTXSID70896275","922421-40-7","PXIPJQUDARNNQU-UHFFFAOYSA-N","C18H17F7N2O2","426.117825324","CC(C)(C)c1ccc(-c2cc(C(=O)NCC(F)(F)C(F)(F)C(F)(F)F)no2)cc1"
"DTXSID70896290","94705-65-4","JECHGDJHMJCUKE-UHFFFAOYSA-N","C31H37F9N2O4","672.260961644","CCC(Oc1ccc(C(C)(C)CC)cc1C(C)(C)CC)C(=O)Nc1ccc(C(=O)NC(F)(F)C(F)(F)C(F)(F)C(F)(F)F)c(O)c1"
"DTXSID70896295","99324-97-7","AMVCCXPQNKKJDX-UHFFFAOYSA-N","C7H8F7I","351.955895796","FC(F)(F)C(F)(CCCCI)C(F)(F)F"
"DTXSID70896311","51114-10-4","VSGMOFFVOMMCGS-UHFFFAOYSA-N","C10H7F7","260.043597764","Cc1ccccc1C(F)(C(F)(F)F)C(F)(F)F"
"DTXSID70896316","75462-58-7","YVFMXVCWQRNPID-UHFFFAOYSA-N","C10H6ClF7","294.004625412","FC(F)(F)C(F)(c1ccc(CCl)cc1)C(F)(F)F"
"DTXSID70896331","66566-87-8","WDCXBIMHVSLSCD-UHFFFAOYSA-N","C8H3F15O","399.994438016","OC(C(F)(F)C(F)(F)C(F)(F)C(F)F)C(F)(C(F)(F)F)C(F)(F)F"
"DTXSID70896336","2396-14-7","ZNSFRNFHEGRVFR-UHFFFAOYSA-N","C9H4F7NO2","291.013025908","O=[N+]([O-])c1ccc(C(F)(C(F)(F)F)C(F)(F)F)cc1"
"DTXSID70896351","1771743-29-3","BQOVJLHKWNTWAG-UHFFFAOYSA-N","C12H9F7O","302.054162448","Cc1cc(C(F)(C(F)(F)F)C(F)(F)F)cc(C)c1C=O"
"DTXSID70896356","56041-73-7","VHOHHHNRRRZQQP-UHFFFAOYSA-N","C10H4ClF7O","307.983889968","O=C(c1ccc(Cl)cc1)C(F)(C(F)(F)F)C(F)(F)F"
"DTXSID70896371","1433216-34-2","LKNFUJGDOAXRHW-UHFFFAOYSA-N","C9H4F7N3","287.029344668","FC(F)(F)C(F)(c1ccc2nn[nH]c2c1)C(F)(F)F"
"DTXSID70896376","10271-36-0","LYVHRRLFROJYNC-UHFFFAOYSA-N","C9F15N3","434.9852703","Fc1nc(C(F)(C(F)(F)F)C(F)(F)F)nc(C(F)(C(F)(F)F)C(F)(F)F)n1"
"DTXSID70896391","1355554-62-9","MKXUBDUGXDCTII-UHFFFAOYSA-N","C13H11F7O2S","364.036798132","CCc1c(C(=O)O)ccc(C(F)(C(F)(F)F)C(F)(F)F)c1SC"
"DTXSID70896396","1355554-66-3","NAHRLDLWXIFVMJ-UHFFFAOYSA-N","C14H13F7O2S","378.052448196","CCSc1c(C(F)(C(F)(F)F)C(F)(F)F)ccc(C(=O)O)c1CC"
"DTXSID70896412","1355554-79-8","NMXPNPXHWNDRTQ-UHFFFAOYSA-N","C16H17F7O2S","406.083748324","CCc1c(C(=O)O)ccc(C(F)(C(F)(F)F)C(F)(F)F)c1SC(C)CC"
"DTXSID70896417","1355554-41-4","YLRHMZZOLAUGTI-UHFFFAOYSA-N","C12H9F7O4S","382.010977308","Cc1c(C(=O)O)ccc(C(F)(C(F)(F)F)C(F)(F)F)c1S(C)(=O)=O"
"DTXSID70896432","1355554-34-5","OLNXGOQWYCILBL-UHFFFAOYSA-N","C15H15F7O3S","408.06301288","CCC(C)S(=O)c1c(C(F)(C(F)(F)F)C(F)(F)F)ccc(C(=O)O)c1C"
"DTXSID70896437","1355554-30-1","NOCFTMQAASCYOT-UHFFFAOYSA-N","C15H15F7O3S","408.06301288","CCCCS(=O)c1c(C(F)(C(F)(F)F)C(F)(F)F)ccc(C(=O)O)c1C"
"DTXSID70896452","346575-66-4","RQHAMRNZYANQPH-UHFFFAOYSA-N","C18H9F7INO2","530.956624068","Cc1cc(C(F)(C(F)(F)F)C(F)(F)F)ccc1N1C(=O)c2cccc(I)c2C1=O"
"DTXSID70896457","862133-29-7","SDKDALZHDBASEW-UHFFFAOYSA-N","C25H16F10N2O2","566.105209952","Cc1cc(C(F)(C(F)(F)F)C(F)(F)F)cc(C)c1NC(=O)c1ccc(F)c(NC(=O)c2ccc(F)cc2F)c1"
"DTXSID70896472","1561-50-8","KBVRCFVKEVGGSC-UHFFFAOYSA-N","C3ClF7O","219.95258984","FC(F)(F)OC(F)(F)C(F)(F)Cl"
"DTXSID70896477","1620992-19-9","SYLBHDWIEFOPOP-OWOJBTEDSA-N","C4F8O","215.98214038","F/C(OC(F)(F)F)=C(\F)C(F)(F)F"
"DTXSID70896492","73320-57-7","PUKKRYWSWBRAIN-UHFFFAOYSA-N","C6H4F10O2","298.005161568","OCC(F)(F)C(F)OC(F)(F)C(F)(F)C(F)(F)F"
"DTXSID70896497","60308-66-9","JCSALILNGARMET-UHFFFAOYSA-N","C6F11NO","310.98042404","N#CC(F)(OC(F)(F)C(F)(F)C(F)(F)F)C(F)(F)F"
"DTXSID70896513","261760-03-6","WKZWQTGKGJHUHH-UHFFFAOYSA-N","C9H5F11O3","370.00630444","CC(=O)CC(=O)C(F)(OC(F)(F)C(F)(F)C(F)(F)F)C(F)(F)F"
"DTXSID70896518","117837-58-8","KNRMWQUWWSKFFC-UHFFFAOYSA-N","C12H5F17O4","535.99163838","C=CCOC(=O)C(F)(OC(F)(F)C(F)(OC(F)(F)C(F)(F)C(F)(F)F)C(F)(F)F)C(F)(F)F"
"DTXSID70896533","1005033-64-6","NAACZQXGLFTQLX-UHFFFAOYSA-N","C19H3F35O7","1007.931990136","COC(=O)C(F)(OC(F)(F)C(F)(OC(F)(F)C(F)(OC(F)(F)C(F)(OC(F)(F)C(F)(OC(F)(F)C(F)(F)C(F)(F)F)C(F)(F)F)C(F)(F)F)C(F)(F)F)C(F)(F)F)C(F)(F)F"
"DTXSID70896538","121368-60-3","WJNZMLAESFFIHG-UHFFFAOYSA-N","C23H5F41O8","1187.93297414","CCOC(=O)C(F)(OC(F)(F)C(F)(OC(F)(F)C(F)(OC(F)(F)C(F)(OC(F)(F)C(F)(OC(F)(F)C(F)(OC(F)(F)C(F)(F)C(F)(F)F)C(F)(F)F)C(F)(F)F)C(F)(F)F)C(F)(F)F)C(F)(F)F)C(F)(F)F"
"DTXSID70896553","87112-48-9","FNPQQUYBBRHUFI-UHFFFAOYSA-N","C12H13F13N2O3","480.071859136","C[N+](C)([O-])CCCNC(=O)C(F)(F)C(F)(F)C(F)(F)OC(F)(F)C(F)(F)C(F)(F)F"
"DTXSID70896558","1233312-86-1","BFVQLFHMZSYKON-UHFFFAOYSA-N","C23H8F30O8","981.974013816","COC(=O)c1cc(OC(F)(F)C(F)OC(F)(F)C(F)(F)C(F)(F)F)c(OC(F)(F)C(F)OC(F)(F)C(F)(F)C(F)(F)F)c(OC(F)(F)C(F)OC(F)(F)C(F)(F)C(F)(F)F)c1"
"DTXSID70896573","1882109-63-8","URRHYEJOULCMJO-UHFFFAOYSA-N","C8HF15O2","413.973702572","O=C(O)C(C(F)(F)F)(C(F)(F)C(F)(F)F)C(F)(F)C(F)(F)C(F)(F)F"
"DTXSID70896578","1882109-68-3","VMZZQFPAUSWERK-UHFFFAOYSA-N","C8HF15O2","413.973702572","O=C(O)C(F)(F)C(F)(C(F)(F)C(F)(F)F)C(F)(C(F)(F)F)C(F)(F)F"
"DTXSID70896593","207678-51-1","DHELITDTJHABDT-UHFFFAOYSA-N","C8HF15O2","413.973702572","O=C(O)C(F)(C(F)(F)F)C(F)(F)C(F)(F)C(F)(F)C(F)(F)C(F)(F)F"
"DTXSID70896598","1144512-34-4","GTHPUDUCLLCPLT-UHFFFAOYSA-N","C8HF15O2","413.973702572","O=C(O)C(F)(F)C(F)(F)C(F)(F)C(C(F)(F)F)(C(F)(F)F)C(F)(F)F"
"DTXSID70896614","80962-91-0","BSYZCTLPTCSJLJ-UHFFFAOYSA-N","C5ClF9O","281.94939628","FC(F)=C(F)OC(F)(F)C(F)(F)C(F)(F)Cl"
"DTXSID70896619","7459-59-8","DAUQEQSACMZHDS-UHFFFAOYSA-N","C7H5F7O2","254.01777694","C=C(C)C(=O)OC(F)(C(F)(F)F)C(F)(F)F"
"DTXSID70896634","21049-38-7","IAGFBXHIFWZSIJ-UHFFFAOYSA-M","C9F17KO2","501.92639066","O=C([O-])C(F)(F)C(F)(F)C(F)(F)C(F)(F)C(F)(F)C(F)(F)C(F)(F)C(F)(F)F.[K+]"
"DTXSID70896639","510774-81-9","HZVUWLKXQRJTAL-UHFFFAOYSA-N","C8H4F15NO3","446.995166288","O=C([O-])C(F)(OC(F)(F)C(F)(F)C(F)(F)C(F)(F)C(F)(F)F)C(F)(F)F.[NH4+]"
"DTXSID70896654","510774-77-3","PFHRYNRSRUACEX-UHFFFAOYSA-N","C7H4F13NO4","412.993274468","O=C([O-])C(F)(OC(F)(F)C(F)(OC(F)(F)F)C(F)(F)F)C(F)(F)F.[NH4+]"
"DTXSID70896659","57325-42-5","HMGKWDKYLWEYAV-VOTSOKGWSA-N","C10H13F7","266.090547956","CCCCC/C=C/C(F)(F)C(F)(F)C(F)(F)F"
"DTXSID70896674","24929-99-5","QJNOXYMMNNVXPF-UHFFFAOYSA-N","C7H9F7O2Si","286.026003598","C[Si](C)(C)OC(=O)C(F)(F)C(F)(F)C(F)(F)F"
"DTXSID70896679","137648-89-6","GPTNHZCPZCSMSK-AATRIKPKSA-N","C10H10F9IO","443.96326692","OCCCC/C(I)=C\C(F)(F)C(F)(F)C(F)(F)C(F)(F)F"
"DTXSID70896694","135131-50-9","MUCVGEGAZDOIDJ-CSKARUKUSA-N","C19H21F17O","588.132095032","OCCCCCCCCC/C=C/C(F)(F)C(F)(F)C(F)(F)C(F)(F)C(F)(F)C(F)(F)C(F)(F)C(F)(F)F"
"DTXSID70896699","88951-23-9","XHYURWMFYFFMBL-IZLXSQMJSA-N","C10H11F7O2","296.064727132","O=C(O)[C@H]1CC[C@H](C(F)(F)C(F)(F)C(F)(F)F)CC1"
"DTXSID70896710","500776-69-2","QCEIMULCENMQKJ-UHFFFAOYSA-M","C16F34NaO2P","923.89906963","O=P([O-])(C(F)(F)C(F)(F)C(F)(F)C(F)(F)C(F)(F)C(F)(F)C(F)(F)C(F)(F)F)C(F)(F)C(F)(F)C(F)(F)C(F)(F)C(F)(F)C(F)(F)C(F)(F)C(F)(F)F.[Na+]"
"DTXSID70896715","88951-21-7","GCSSQLSSPUPLPE-IZLXSQMJSA-N","C11H12F9NO","345.077517984","NC(=O)[C@H]1CC[C@H](C(F)(F)C(F)(F)C(F)(F)C(F)(F)F)CC1"
"DTXSID70896730","118826-52-1","OSQAPZGHDQYVKC-AWEZNQCLSA-N","C26H21F15O2","650.130203212","CC[C@H](C)Cc1ccc(-c2ccc(C(=O)OCC(F)(F)C(F)(F)C(F)(F)C(F)(F)C(F)(F)C(F)(F)C(F)(F)F)cc2)cc1"
"DTXSID70896735","146304-71-4","ZTSUPFXJRAWYNA-UHFFFAOYSA-N","C22H4F26N4O2","849.991909088","FC(F)(F)C(F)(F)C(F)(F)C(F)(F)C(F)(F)C(F)(F)c1nc(-c2ccc(-c3noc(C(F)(F)C(F)(F)C(F)(F)C(F)(F)C(F)(F)C(F)(F)F)n3)cc2)no1"
"DTXSID70896750","340036-47-7","YZDSELBNEDMUEC-UHFFFAOYSA-N","C13H9F17O4","552.022938508","CC(C)COC(=O)C(F)(OC(F)(F)C(F)(OC(F)(F)C(F)(F)C(F)(F)F)C(F)(F)F)C(F)(F)F"
"DTXSID70896957","1424379-21-4","YQFCZNFNVSOIRK-UHFFFAOYSA-N","C8F17I","545.87732774","FC(F)(F)C(F)(F)C(F)(F)C(F)(F)C(F)(F)C(F)(F)C#CI(F)(F)(F)F"
"DTXSID70897005","78960-85-7","HNDBXLNXSVTFNK-UHFFFAOYSA-N","C15H7F17O","526.022544584","OC(c1ccccc1)C(F)(F)C(F)(F)C(F)(F)C(F)(F)C(F)(F)C(F)(F)C(F)(F)C(F)(F)F"
"DTXSID70897020","221466-77-9","BOYMGTNGVSVGAX-UHFFFAOYSA-N","C12H6F17NO","503.017793552","C=CCNC(=O)C(F)(F)C(F)(F)C(F)(F)C(F)(F)C(F)(F)C(F)(F)C(F)(F)C(F)(F)F"
"DTXSID70897025","1612778-39-8","BJMMKNXYPAYRHL-SNWFQCDXSA-N","C12H8F9NOS","385.018288856","Cc1ccc(/C=N/[S@@](=O)C(F)(F)C(F)(F)C(F)(F)C(F)(F)F)cc1"
"DTXSID70897040","1612778-42-3","MNOQSFWFAAAFIK-JFQJCAQQSA-N","C8H6F9NO3S","366.992468032","CCOC(=O)/C=N/S(=O)C(F)(F)C(F)(F)C(F)(F)C(F)(F)F"
"DTXSID70897045","165461-74-5","BAMJHUAFKVVCET-UHFFFAOYSA-O","C16H29AgF7O2P","524.084436338","CC[PH](CC)(CC)[Ag]1[O]C(C(C)(C)C)CC(C(F)(F)C(F)(F)C(F)(F)F)[O]1"
"DTXSID70897303","172424-98-5","OATUNDOXFVZWSB-VNGPFPIXSA-K","C30H30CeF21O6","1025.076145","CC(C)(C)/C([O-])=C/C(=O)C(F)(F)C(F)(F)C(F)(F)F.CC(C)(C)/C([O-])=C/C(=O)C(F)(F)C(F)(F)C(F)(F)F.CC(C)(C)/C([O-])=C/C(=O)C(F)(F)C(F)(F)C(F)(F)F.[Ce+3]"
"DTXSID70897308","38832-94-9","KXUNMDYEYVRZEZ-UHFFFAOYSA-N","C42H42F21O6Pr","1182.172259484","CC12CCC([C-](C(=O)C(F)(F)C(F)(F)C(F)(F)F)C1=O)C2(C)C.CC12CCC([C-](C(=O)C(F)(F)C(F)(F)C(F)(F)F)C1=O)C2(C)C.CC12CCC([C-](C(=O)C(F)(F)C(F)(F)C(F)(F)F)C1=O)C2(C)C.[Pr+3]"
"DTXSID70897464","110086-60-7","NLINGTJJFWWXJI-UHFFFAOYSA-N","C28H27F28O9P","1070.094559234","CCCCCCO[PH](=O)OCCCCCC.O=C(OC(=O)C(F)(F)C(F)(F)C(F)(F)F)C(F)(F)C(F)(F)C(F)(F)F.O=C(OC(=O)C(F)(F)C(F)(F)C(F)(F)F)C(F)(F)C(F)(F)C(F)(F)F"
"DTXSID70897469","305849-27-8","LRTBLMPVLVRYHX-UHFFFAOYSA-N","C23H12F21NO2","733.053271244","O=C(Nc1cccc2ccccc12)OCCC(F)(F)C(F)(F)C(F)(F)C(F)(F)C(F)(F)C(F)(F)C(F)(F)C(F)(F)C(F)(F)C(F)(F)F"
"DTXSID70897484","326475-46-1","KONKDVXTNQEYIF-UHFFFAOYSA-L","C96H48Cl2F102P2Pd","3376.001444596","FC(F)(F)C(F)(F)C(F)(F)C(F)(F)C(F)(F)C(F)(F)C(F)(F)C(F)(F)CCc1ccc(P(c2ccc(CCC(F)(F)C(F)(F)C(F)(F)C(F)(F)C(F)(F)C(F)(F)C(F)(F)C(F)(F)F)cc2)c2ccc(CCC(F)(F)C(F)(F)C(F)(F)C(F)(F)C(F)(F)C(F)(F)C(F)(F)C(F)(F)F)cc2)cc1.FC(F)(F)C(F)(F)C(F)(F)C(F)(F)C(F)(F)C(F)(F)C(F)(F)C(F)(F)CCc1ccc(P(c2ccc(CCC(F)(F)C(F)(F)C(F)(F)C(F)(F)C(F)(F)C(F)(F)C(F)(F)C(F)(F)F)cc2)c2ccc(CCC(F)(F)C(F)(F)C(F)(F)C(F)(F)C(F)(F)C(F)(F)C(F)(F)C(F)(F)F)cc2)cc1.[Cl-].[Cl-].[Pd+2]"
"DTXSID70897489","243139-60-8","YLTWQTPPDBTMJI-UHFFFAOYSA-N","C6H5F7O2","242.01777694","FC(F)(F)OC(F)(CC1CO1)C(F)(F)F"
"DTXSID70897500","240129-24-2","HYKMGIMCEAITDZ-LYHHUVSJSA-N","C27H39F7O2","528.283828028","CC(CCCC(F)(C(F)(F)F)C(F)(F)F)[C@H]1CC[C@H]2[C@@H]3C[C@H]4O[C@]45C[C@@H](O)CC[C@]5(C)[C@H]3CC[C@]12C"
"DTXSID70897525","37360-98-8","TXGPGHBYAPBDAG-UHFFFAOYSA-N","C6F12","299.98083864","FC(F)(F)C1(C(F)(F)F)C(F)(F)C(F)(F)C1(F)F"
"DTXSID70897540","56372-23-7","-","-","-",NA
"DTXSID70897545","340131-92-2","VPTHWNGRLDBEJL-UHFFFAOYSA-N","C13H4F17N3O3","572.998120728","O=C(Nc1ncccn1)C(F)(OC(F)(F)C(F)(OC(F)(F)C(F)(F)C(F)(F)F)C(F)(F)F)C(F)(F)F"
"DTXSID70897560","321657-92-5","-","-","-",NA
"DTXSID70897565","83003-52-5","PTQKCGQHJQSDEQ-UHFFFAOYSA-N","C33H42F8N2O4","682.301683584","CCCCC(Oc1ccc(C(C)(C)CC)cc1C(C)(C)CC)C(=O)Nc1ccc(NC(=O)C(F)(F)C(F)(F)C(F)C(F)(F)F)c(O)c1"
"DTXSID70897580","59493-71-9","LENDGRWTJNFJQE-UHFFFAOYSA-O","C22H22F17N2O2","669.140982684","C[N+](C)(C)CCCNC(=O)c1ccc(OC(F)(F)C(F)(F)C(F)(F)C(F)(F)C(F)(F)C(F)(F)C(F)(F)CC(F)(F)F)cc1"
"DTXSID70897585","100932-58-9","-","-","-",NA
"DTXSID70897606","1407491-30-8","-","-","-",NA
"DTXSID70897621","162492-18-4","-","-","-",NA
"DTXSID70897626","1206450-10-3","-","-","-",NA
"DTXSID70897641","165967-96-4","-","-","-",NA
"DTXSID70897646","782479-03-2","-","-","-",NA
"DTXSID70897661","148919-89-5","-","-","-",NA
"DTXSID70897666","161212-29-9","-","-","-",NA
"DTXSID70897681","29087-71-6","-","-","-",NA
"DTXSID70897686","161075-08-7","-","-","-",NA
"DTXSID70897702","110830-83-6","-","-","-",NA
"DTXSID70897707","161308-22-1","-","-","-",NA
"DTXSID80104590","72968-38-8","-","-","-",NA
"DTXSID80104893","74499-69-7","-","-","-",NA
"DTXSID80107243","182176-52-9","-","-","-",NA
"DTXSID80108073","274917-94-1","-","-","-",NA
"DTXSID80108078","274918-02-4","-","-","-",NA
"DTXSID80108098","306978-65-4","-","-","-",NA
"DTXSID80109060","421595-49-5","-","-","-",NA
"DTXSID80109186","135506-92-2","-","-","-",NA
"DTXSID80146031","10372-98-2","BJURIXFNPBYZNB-UHFFFAOYSA-N","C5F10O","265.97894682","FC(F)=C(F)OC(F)(C(F)(F)F)C(F)(F)F"
"DTXSID80158477","134051-92-6","SIGZHCRJKAFRED-UHFFFAOYSA-N","C27H38F17N2O4P","808.229774066","O=P(OCCCCCCCCCCCC(F)(F)C(F)(F)C(F)(F)C(F)(F)C(F)(F)C(F)(F)C(F)(F)C(F)(F)F)(N1CCOCC1)N1CCOCC1"
"DTXSID80177249","22715-45-3","QWLWJLXFHBKUQM-UHFFFAOYSA-N","C5H5F8NO2","263.01925416","O=C([O-])C(F)(F)C(F)(F)C(F)(F)C(F)F.[NH4+]"
"DTXSID80184039","2993-85-3","QJEJDNMGOWJONG-UHFFFAOYSA-N","C10H6F12O2","386.017618072","C=CC(=O)OCC(F)(F)C(F)(F)C(F)(F)C(F)(F)C(F)(F)C(F)F"
"DTXSID80187141","335-56-8","JTYRBFORUCBNHJ-UHFFFAOYSA-N","C6BrF13","397.89757896","FC(F)(F)C(F)(F)C(F)(F)C(F)(F)C(F)(F)C(F)(F)Br"
"DTXSID80188996","355-41-9","BDUCYIFEYLMINO-UHFFFAOYSA-N","C6ClF13","353.94809454","FC(F)(F)C(F)(F)C(F)(F)C(F)(F)C(F)(F)C(F)(F)Cl"
"DTXSID80189069","356-69-4","CTFPDAPIMZVSSO-UHFFFAOYSA-N","C5H3F7O3","243.997041496","COC(=O)C(F)(F)C(F)(F)OC(F)(F)F"
"DTXSID80194350","41430-70-0","ZESCSNXJAROIJS-UHFFFAOYSA-N","C9H5F13O2","392.00819626","CCOC(=O)C(F)(F)C(F)(F)C(F)(F)C(F)(F)C(F)(F)C(F)(F)F"
"DTXSID80197407","48077-33-4","ZDXYSIRXXGOEEA-UHFFFAOYSA-N","C13H7F17O2","518.017459204","C=C(C)C(=O)OCC(F)(F)C(F)(F)C(F)(F)C(F)(F)C(F)(F)C(F)(F)C(F)(F)C(F)(F)F"
"DTXSID80204488","559-11-5","XJAVADKMAMZXPW-UHFFFAOYSA-N","C10H5F13O2","404.00819626","C=CC(=O)OCC(F)(F)C(F)(F)C(F)(F)C(F)(F)C(F)(F)C(F)(F)F"
"DTXSID80218808","6866-58-6","RVOKGYWHSLJNQR-UHFFFAOYSA-N","C10H4ClF7N2","319.995123348","FC(F)(F)C(F)(F)C(F)(F)c1nc2ccc(Cl)cc2[nH]1"
"DTXSID80229474","78974-41-1","HWYXDLNPCZITLD-UHFFFAOYSA-N","C22H9F38O4P","1089.963167758","O=P(O)(OCCC(F)(F)C(F)(F)C(F)(F)C(F)(F)C(F)(F)C(F)(F)C(F)(C(F)(F)F)C(F)(F)F)OCCC(F)(F)C(F)(F)C(F)(F)C(F)(F)C(F)(F)C(F)(F)C(F)(C(F)(F)F)C(F)(F)F"
"DTXSID80234927","85665-65-2","ZSPDCPUQRAQJLX-UHFFFAOYSA-M","C15H16F17N2NaO5S2","714.012687632","CN(CCCNS(=O)(=O)C(F)(F)C(F)(F)C(F)(F)C(F)(F)C(F)(F)C(F)(F)C(F)(F)C(F)(F)F)CCCS(=O)(=O)[O-].[Na+]"
"DTXSID80235136","85857-16-5","BVQYIDJXNYHKRK-UHFFFAOYSA-N","C11H13F13O3Si","468.042637666","CO[Si](CCC(F)(F)C(F)(F)C(F)(F)C(F)(F)C(F)(F)C(F)(F)F)(OC)OC"
"DTXSID80238647","91615-22-4","VCEPSAITQNAZCU-UHFFFAOYSA-N","C20H7F31O2","867.995104284","C=CC(=O)OCCC(F)(F)C(F)(F)C(F)(F)C(F)(F)C(F)(F)C(F)(F)C(F)(F)C(F)(F)C(F)(F)C(F)(F)C(F)(F)C(F)(F)C(F)(C(F)(F)F)C(F)(F)F"
"DTXSID80239593","93776-20-6","JNZVTKOEMWLMOF-UHFFFAOYSA-N","C20H12F34NO4P","1006.996103974","O=P([O-])(OCCC(F)(F)C(F)(F)C(F)(F)C(F)(F)C(F)(F)C(F)(F)C(F)(F)C(F)(F)F)OCCC(F)(F)C(F)(F)C(F)(F)C(F)(F)C(F)(F)C(F)(F)C(F)(F)C(F)(F)F.[NH4+]"
"DTXSID80239598","93776-25-1","XHKCGZYCGBPERC-UHFFFAOYSA-N","C26H12F46NO4P","1306.976942614","O=P([O-])(OCCC(F)(F)C(F)(F)C(F)(F)C(F)(F)C(F)(F)C(F)(F)C(F)(F)C(F)(F)C(F)(C(F)(F)F)C(F)(F)F)OCCC(F)(F)C(F)(F)C(F)(F)C(F)(F)C(F)(F)C(F)(F)C(F)(F)C(F)(F)C(F)(C(F)(F)F)C(F)(F)F.[NH4+]"
"DTXSID80240841","94158-65-3","BEMICOOQLAQVTK-UHFFFAOYSA-N","C23H9F35O2","982.004367228","C=C(C)C(=O)OCCC(F)(F)C(F)(F)C(F)(F)C(F)(F)C(F)(F)C(F)(F)C(F)(F)C(F)(F)C(F)(F)C(F)(F)C(F)(F)C(F)(F)C(F)(F)C(F)(F)C(F)(C(F)(F)F)C(F)(F)F"
"DTXSID80240982","94200-54-1","QIZXNATWTHMMHR-UHFFFAOYSA-N","C16H6F29O4P","843.954063682","O=P(O)(O)OCCC(F)(F)C(F)(F)C(F)(F)C(F)(F)C(F)(F)C(F)(F)C(F)(F)C(F)(F)C(F)(F)C(F)(F)C(F)(F)C(F)(F)C(F)(F)C(F)(F)F"
"DTXSID80285777","559-99-9","NOQZTHSTUPFMOL-UHFFFAOYSA-N","C10H9F7O2","294.049077068","CC(C)=CC(=O)CC(=O)C(F)(F)C(F)(F)C(F)(F)F"
"DTXSID80310730","355-66-8","SVURUIRNGAQISR-UHFFFAOYSA-N","C6H4F8N2O2","288.014503128","NC(=O)C(F)(F)C(F)(F)C(F)(F)C(F)(F)C(N)=O"
"DTXSID80313488","63369-94-8","GMVZRHHLZNLVLE-UHFFFAOYSA-N","C12H5F9O2S","383.98665438","O=S(=O)(C#Cc1ccccc1)C(F)(F)C(F)(F)C(F)(F)C(F)(F)F"
"DTXSID80315129","2991-84-6","IRFCLLARAUQTNK-UHFFFAOYSA-N","C4ClF9O2S","317.9163819","O=S(=O)(Cl)C(F)(F)C(F)(F)C(F)(F)C(F)(F)F"
"DTXSID8031861","307-55-1","CXGONMQFMIYUJR-UHFFFAOYSA-N","C12HF23O2","613.960928332","O=C(O)C(F)(F)C(F)(F)C(F)(F)C(F)(F)C(F)(F)C(F)(F)C(F)(F)C(F)(F)C(F)(F)C(F)(F)C(F)(F)F"
"DTXSID8031863","375-95-1","UZUFPBIDKMEQEQ-UHFFFAOYSA-N","C9HF17O2","463.970509012","O=C(O)C(F)(F)C(F)(F)C(F)(F)C(F)(F)C(F)(F)C(F)(F)C(F)(F)C(F)(F)F"
"DTXSID8031865","335-67-1","SNGREZUHAYWORS-UHFFFAOYSA-N","C8HF15O2","413.973702572","O=C(O)C(F)(F)C(F)(F)C(F)(F)C(F)(F)C(F)(F)C(F)(F)C(F)(F)F"
"DTXSID80329968","20583-66-8","SUORUQZBFOQDGX-UHFFFAOYSA-N","C7H2F10O2","307.989511504","O=C(CC(=O)C(F)(F)C(F)(F)C(F)(F)F)C(F)(F)F"
"DTXSID80330473","25628-11-9","UXPCZDYRRUONAJ-UHFFFAOYSA-N","C10H5F9O3S","375.981569","O=S(=O)(Oc1ccccc1)C(F)(F)C(F)(F)C(F)(F)C(F)(F)F"
"DTXSID80334416","336-62-9","CMGCMFZWEPCGSQ-UHFFFAOYSA-N","C8H7F7O3","284.028341624","CCOC(=O)CC(=O)C(F)(F)C(F)(F)C(F)(F)F"
"DTXSID80336475","423-56-3","BSXJTDJJVULBTQ-UHFFFAOYSA-N","C9H3F17O","449.991244456","OCC(F)(F)C(F)(F)C(F)(F)C(F)(F)C(F)(F)C(F)(F)C(F)(F)C(F)(F)F"
"DTXSID80336758","189237-57-8","MVIFGNOCDBZRPJ-UHFFFAOYSA-N","C9H9F7O3","298.043991688","CCOC(=O)C(C(C)=O)C(F)(F)C(F)(F)C(F)(F)F"
"DTXSID80344217","60007-37-6","HFWQHAOXBQBFQJ-UHFFFAOYSA-N","C7H3F7N2O2","280.008274876","O=c1[nH]cc(C(F)(F)C(F)(F)C(F)(F)F)c(=O)[nH]1"
"DTXSID80371063","230295-10-0","IPYGQAQYTYRSSI-UHFFFAOYSA-N","C22H6F26N2O","808.006496532","O=C(c1ccccc1)n1nc(C(F)(F)C(F)(F)C(F)(F)C(F)(F)C(F)(F)C(F)(F)F)cc1C(F)(F)C(F)(F)C(F)(F)C(F)(F)C(F)(F)C(F)(F)F"
"DTXSID80371164","14548-74-4","URIUSGOUQUQAMG-UHFFFAOYSA-N","C9H3F17O3","481.981073696","OCC(F)(OC(F)(F)C(F)(OC(F)(F)C(F)(F)C(F)(F)F)C(F)(F)F)C(F)(F)F"
"DTXSID80371528","67437-97-2","NTLNMNNHUJOUOM-UHFFFAOYSA-N","C6ClF13","353.94809454","FC(F)(F)C(F)(F)C(F)(F)C(Cl)(C(F)(F)F)C(F)(F)F"
"DTXSID80375107","423-65-4","SHTZQFTXUMCALC-UHFFFAOYSA-N","C12H3F23O","599.981663776","OCC(F)(F)C(F)(F)C(F)(F)C(F)(F)C(F)(F)C(F)(F)C(F)(F)C(F)(F)C(F)(F)C(F)(F)C(F)(F)F"
"DTXSID8037706","2795-39-3","WFRUBUQWJYMMRQ-UHFFFAOYSA-M","C8F17KO3S","537.89337628","O=S(=O)([O-])C(F)(F)C(F)(F)C(F)(F)C(F)(F)C(F)(F)C(F)(F)C(F)(F)C(F)(F)F.[K+]"
"DTXSID8037708","3825-26-1","YOALFLHFSFEMLP-UHFFFAOYSA-N","C8H4F15NO2","431.000251668","O=C([O-])C(F)(F)C(F)(F)C(F)(F)C(F)(F)C(F)(F)C(F)(F)C(F)(F)F.[NH4+]"
"DTXSID80377686","129301-40-2","FBGFUFLXPSSLND-UHFFFAOYSA-N","C9H3F15O4","459.979181876","COC(=O)C(F)(F)OC(F)(F)C(F)(F)OC(F)(F)C(F)(F)C(F)(F)C(F)(F)F"
"DTXSID80379261","375-13-3","PJYLUIOQPJDGIG-UHFFFAOYSA-N","C4BrF7O","275.90207426","O=C(Br)C(F)(F)C(F)(F)C(F)(F)F"
"DTXSID80379564","133609-46-8","XCSZRHBSQLYKOK-UHFFFAOYSA-N","C16H3F29O6","841.946656196","COC(=O)C(F)(OC(F)(F)C(F)(OC(F)(F)C(F)(OC(F)(F)C(F)(OC(F)(F)C(F)(F)C(F)(F)F)C(F)(F)F)C(F)(F)F)C(F)(F)F)C(F)(F)F"
"DTXSID80379721","9/01/2264","BWTMTZBMAGYMOD-UHFFFAOYSA-N","C12H10F8O4","370.04513456","C=CC(=O)OCC(F)(F)C(F)(F)C(F)(F)C(F)(F)COC(=O)C=C"
"DTXSID80379781","6588-63-2","HDVGMDBHTBNCLT-UHFFFAOYSA-N","C7F12O","327.97575326","O=C(F)C1(F)C(F)(F)C(F)(F)C(F)(F)C(F)(F)C1(F)F"
"DTXSID80379822","78225-99-7","NWDZSYHMBYNCRO-UHFFFAOYSA-N","C14F26O3","709.94322758","O=C(OC(=O)C(F)(F)C(F)(F)C(F)(F)C(F)(F)C(F)(F)C(F)(F)F)C(F)(F)C(F)(F)C(F)(F)C(F)(F)C(F)(F)C(F)(F)F"
"DTXSID80379827","159623-34-4","KQMDGCKMRBEXNN-UHFFFAOYSA-N","C7BrF13O","425.89249358","O=C(Br)C(F)(F)C(F)(F)C(F)(F)C(F)(F)C(F)(F)C(F)(F)F"
"DTXSID80379882","16083-79-7","LZKRGSPBGVICLV-UHFFFAOYSA-N","C12H11F11O3","412.053254632","C=C(C)C(=O)OCC(O)CC(F)(F)C(F)(F)C(F)(C(F)(F)F)C(F)(F)F"
"DTXSID80379908","24564-77-0","NSHDLZDDSBGOKN-UHFFFAOYSA-N","C10H5F15O","426.01008808","FC(F)(F)C(F)(C(F)(F)F)C(F)(F)C(F)(F)C(F)(F)C(F)(F)CC1CO1"
"DTXSID80380039","374-76-5","MGOFOLPXKULBGG-UHFFFAOYSA-N","C9F18","449.97125796","FC(F)(F)C1(F)C(F)(F)C(F)(C(F)(F)F)C(F)(F)C(F)(C(F)(F)F)C1(F)F"
"DTXSID80380256","243139-62-0","ZKMKCYOZMOVHGJ-UHFFFAOYSA-N","C6H5F7O2","242.01777694","O=C(O)CCC(F)(C(F)(F)F)C(F)(F)F"
"DTXSID80380837","151772-59-7","GNQWOKPKDHCUSB-UHFFFAOYSA-N","C7HF13O5","411.961639992","O=C(O)C(F)(F)OC(F)(F)C(F)(F)OC(F)(F)C(F)(F)OC(F)(F)F"
"DTXSID80381965","216144-94-4","KOOXQXFAIXTUHZ-UHFFFAOYSA-N","C16H3F31O","799.968889536","OCC(F)(F)C(F)(F)C(F)(F)C(F)(F)C(F)(F)C(F)(F)C(F)(F)C(F)(F)C(F)(F)C(F)(F)C(F)(F)C(F)(F)C(F)(F)C(F)(F)C(F)(F)F"
"DTXSID80381980","90499-30-2","SSVQUYHNTDJHGP-UHFFFAOYSA-N","C18H25F13","488.17486766","CCCCCCCCCCCCC(F)(F)C(F)(F)C(F)(F)C(F)(F)C(F)(F)C(F)(F)F"
"DTXSID80382053","335-50-2","NVPYUCSZZRWYML-UHFFFAOYSA-N","C6H2F11I","409.902558484","FC(F)(F)C(F)(F)C(F)(F)C(F)(F)C(F)(F)CI"
"DTXSID80382073","150225-00-6","SMQMUBNEBGDJAY-UHFFFAOYSA-N","C13H9F17O2","520.033109268","CC(=O)OCCCC(F)(F)C(F)(F)C(F)(F)C(F)(F)C(F)(F)C(F)(F)C(F)(F)C(F)(F)F"
"DTXSID80382139","136909-72-3","HXAYZDVVQAKLDA-UHFFFAOYSA-N","C6H5F7O","226.02286232","CC(=O)CC(F)(F)C(F)(F)C(F)(F)F"
"DTXSID80382154","52447-22-0","IAHVCTQMGIVZJU-UHFFFAOYSA-N","C7ClF13O","381.94300916","O=C(Cl)C(F)(F)C(F)(F)C(F)(F)C(F)(F)C(F)(F)C(F)(F)F"
"DTXSID80382179","120695-82-1","BEQLOSVHRBTANS-UHFFFAOYSA-N","C12H12F13I","529.977615244","CCCCC(I)CC(F)(F)C(F)(F)C(F)(F)C(F)(F)C(F)(F)C(F)(F)F"
"DTXSID80382593","30670-30-5","PFINVJYJNJHTFY-UHFFFAOYSA-N","C10H6F17N","463.022878932","NCCC(F)(F)C(F)(F)C(F)(F)C(F)(F)C(F)(F)C(F)(F)C(F)(F)C(F)(F)F"
"DTXSID80389027","89932-74-1","GMDGDPMNUQLIPP-UHFFFAOYSA-N","C8H4F13NO","377.008530608","CNC(=O)C(F)(F)C(F)(F)C(F)(F)C(F)(F)C(F)(F)C(F)(F)F"
"DTXSID80401536","480438-48-0","RHEYHPACKVZWRD-UHFFFAOYSA-N","C18H19F9O12S","630.045351028","CC(=O)OCC1OC(OC(C)=O)C(OS(=O)(=O)C(F)(F)C(F)(F)C(F)(F)C(F)(F)F)C(OC(C)=O)C1OC(C)=O"
"DTXSID80402088","1584-00-5","JBDBBTPNNYKSQX-UHFFFAOYSA-N","C6F12","299.98083864","FC(=C(F)C(F)(F)C(F)(F)C(F)(F)F)C(F)(F)F"
"DTXSID80407235","36554-97-9","ZXHJIRSEEIEAQG-UHFFFAOYSA-N","C17H2F30O2","807.957575904","O=C(CC(=O)C(F)(F)C(F)(F)C(F)(F)C(F)(F)C(F)(F)C(F)(F)C(F)(F)F)C(F)(F)C(F)(F)C(F)(F)C(F)(F)C(F)(F)C(F)(F)C(F)(F)F"
"DTXSID80408727","62315-14-4","FHVZUCODTNXTFJ-UHFFFAOYSA-N","C16H9F9N2O2","432.052031508","O=C(Nc1ccc(OC(F)(F)C(F)(F)C(F)(F)C(F)(F)F)cc1)c1ccncc1"
"DTXSID80420762","38550-47-9","ATYZUVRSTXBJLR-UHFFFAOYSA-N","C9H5F13O","376.01328164","OCC=CC(F)(F)C(F)(F)C(F)(F)C(F)(F)C(F)(F)C(F)(F)F"
"DTXSID80445177","80705-13-1","QWHCZVLZUPZGSI-UHFFFAOYSA-N","C7H5F9O2","292.01458338","O=C(O)CCC(F)(F)C(F)(F)C(F)(F)C(F)(F)F"
"DTXSID80449453","80791-09-9","CSDRFIOFQKNRSL-UHFFFAOYSA-N","C16H10F17N","539.05417906","CN(C)c1ccc(C(F)(F)C(F)(F)C(F)(F)C(F)(F)C(F)(F)C(F)(F)C(F)(F)C(F)(F)F)cc1"
"DTXSID8044969","63863-43-4","OVAULROCPRKKJF-UHFFFAOYSA-N","C9H3F13O4","421.982375436","COC(=O)C(F)(F)C(F)(F)OC(F)(C(F)(F)F)C(F)(F)OC(F)=C(F)F"
"DTXSID80454860","61589-64-8","IGZCYJHKCGTUQB-UHFFFAOYSA-N","C11H5F17","460.0119799","C=CCC(F)(F)C(F)(F)C(F)(F)C(F)(F)C(F)(F)C(F)(F)C(F)(F)C(F)(F)F"
"DTXSID80458500","357604-65-0","WJDLEZALBASYOV-UHFFFAOYSA-N","C7H7F9OS","310.007389824","CS(=O)CCC(F)(F)C(F)(F)C(F)(F)C(F)(F)F"
"DTXSID80462864","109603-73-8","NBGPKUJGJLFFFP-UHFFFAOYSA-N","C12H16F9I","458.015302492","CCCCCCC(I)CC(F)(F)C(F)(F)C(F)(F)C(F)(F)F"
"DTXSID80465315","462996-04-9","UPXCRVHPPXSSDG-UHFFFAOYSA-N","C28H18F17P","708.087466946","FC(F)(F)C(F)(F)C(F)(F)C(F)(F)C(F)(F)C(F)(F)C(F)(F)C(F)(F)CCc1ccc(P(c2ccccc2)c2ccccc2)cc1"
"DTXSID80468260","857637-92-4","LPSJVRKHQCWHPG-WDEREUQCSA-N","C18H14F13NO2","523.081695548","O=C1N[C@@H](Cc2ccccc2)[C@@H](CCC(F)(F)C(F)(F)C(F)(F)C(F)(F)C(F)(F)C(F)(F)F)O1"
"DTXSID8047553","2058-94-8","SIDINRCMMRKXGQ-UHFFFAOYSA-N","C11HF21O2","563.964121892","O=C(O)C(F)(F)C(F)(F)C(F)(F)C(F)(F)C(F)(F)C(F)(F)C(F)(F)C(F)(F)C(F)(F)C(F)(F)F"
"DTXSID80476365","2396-21-6","NIVQJMYIRBMXQV-UHFFFAOYSA-N","C10H5F7O2","290.01777694","O=C(O)c1ccc(C(F)(C(F)(F)F)C(F)(F)F)cc1"
"DTXSID80505826","55009-88-6","MPHNQMXBZMOYGA-UHFFFAOYSA-N","C10HF17","443.980679772","C#CC(F)(F)C(F)(F)C(F)(F)C(F)(F)C(F)(F)C(F)(F)C(F)(F)C(F)(F)F"
"DTXSID80508892","76145-90-9","HPWPTXMMPBCRFQ-UHFFFAOYSA-N","C15H5F17N2O2","568.00795714","FC(F)(F)C(F)(OC(F)(F)C(F)(OC(F)(F)C(F)(F)C(F)(F)F)C(F)(F)F)c1nc2ccccc2[nH]1"
"DTXSID80510950","73606-15-2","UQBUBNOZWZCKIV-UHFFFAOYSA-N","C10ClF21O3S","633.89213516","O=S(=O)(F)C(F)(F)C(F)(F)OC(F)(F)C(F)(F)C(F)(F)C(F)(F)C(F)(F)C(F)(F)C(F)(F)C(F)(F)Cl"
"DTXSID8051419","1652-63-7","MLIMEVJPZQAQQE-UHFFFAOYSA-M","C14H16F17IN2O2S","725.970576492","C[N+](C)(C)CCCNS(=O)(=O)C(F)(F)C(F)(F)C(F)(F)C(F)(F)C(F)(F)C(F)(F)C(F)(F)C(F)(F)F.[I-]"
"DTXSID8052017","3330-15-2","CUTPKDUMZWIJKT-UHFFFAOYSA-N","C5HF11O","285.985175072","FC(OC(F)(F)C(F)(F)C(F)(F)F)C(F)(F)F"
"DTXSID8052019","335-57-9","LGUZHRODIJCVOC-UHFFFAOYSA-N","C7F16","387.97445152","FC(F)(F)C(F)(F)C(F)(F)C(F)(F)C(F)(F)C(F)(F)C(F)(F)F"
"DTXSID80528474","13140-29-9","JFIQYUFQLKYFPJ-UHFFFAOYSA-N","C4HF7O3","229.981391432","O=C(O)C(F)(OC(F)(F)F)C(F)(F)F"
"DTXSID80535320","92916-37-5","CLXSAWNWJGANHC-UHFFFAOYSA-N","C8H6F12O2Si","389.994544602","O=C(OCCC[Si](F)(F)F)C(F)(F)C(F)(F)C(F)(F)C(F)(F)F"
"DTXSID80543001","40143-79-1","BELPOXSOCHBAEX-UHFFFAOYSA-N","C16HF34O2P","901.917125382","O=P(O)(C(F)(F)C(F)(F)C(F)(F)C(F)(F)C(F)(F)C(F)(F)C(F)(F)C(F)(F)F)C(F)(F)C(F)(F)C(F)(F)C(F)(F)C(F)(F)C(F)(F)C(F)(F)C(F)(F)F"
"DTXSID80544033","23790-49-0","SIRKRRJSXWDMMJ-UHFFFAOYSA-N","C6F11N","294.98550942","N#CC(F)(F)C(F)(F)C(F)(F)C(F)(F)C(F)(F)F"
"DTXSID80546557","109574-84-7","GVWXUPPPAHSALU-UHFFFAOYSA-N","C14H16F13I","558.008915372","CCCCCCC(I)CC(F)(F)C(F)(F)C(F)(F)C(F)(F)C(F)(F)C(F)(F)F"
"DTXSID80562853","2145-81-5","VZOWCSFBTSNJKX-UHFFFAOYSA-N","C9H9F7O2","282.049077068","C=C(C)C(=O)OCCC(F)(F)C(F)(F)C(F)(F)F"
"DTXSID80564034","27744-59-8","VQUXEUQKVBTRLT-UHFFFAOYSA-N","C7F16O4S","483.926181","O=S(=O)(F)C(F)(F)C(F)(F)OC(F)(C(F)(F)F)C(F)(F)OC(F)(F)C(F)(F)F"
"DTXSID80564135","130676-81-2","JVAFDQZZUMUFSM-UHFFFAOYSA-N","C15H21F13O3Si","524.105237922","CCO[Si](CCCC(C(F)(F)F)(C(F)(F)F)C(F)(F)C(F)(F)C(F)(F)F)(OCC)OCC"
"DTXSID80573540","346662-93-9","RPVHAQMBUQOLBM-UHFFFAOYSA-N","C5F10O2","281.97386144","FC(F)=C(F)OC(F)(F)OC(F)(F)C(F)(F)F"
"DTXSID80583740","313475-50-2","ZBUXZWKNRXKPNV-UHFFFAOYSA-N","C12H10F19N2P","574.02782113","C[n+]1ccn(CCC(F)(F)C(F)(F)C(F)(F)C(F)(F)C(F)(F)C(F)(F)F)c1.F[P-](F)(F)(F)(F)F"
"DTXSID80584838","649561-66-0","ONXVYKQEANDRAX-UHFFFAOYSA-N","C29H19F17O","706.116444968","OC(c1ccccc1)(c1ccccc1)c1ccc(CCC(F)(F)C(F)(F)C(F)(F)C(F)(F)C(F)(F)C(F)(F)C(F)(F)C(F)(F)F)cc1"
"DTXSID80584994","108427-52-7","VECGWISURDHBJL-UHFFFAOYSA-M","C20H36F9NO3S","541.227218992","CCCC[N+](CCCC)(CCCC)CCCC.O=S(=O)([O-])C(F)(F)C(F)(F)C(F)(F)C(F)(F)F"
"DTXSID80585047","892155-69-0","PCXONXLXJULKDJ-UHFFFAOYSA-N","C18H13F17O2","584.064409396","OCc1ccc(OCCCC(F)(F)C(F)(F)C(F)(F)C(F)(F)C(F)(F)C(F)(F)C(F)(F)C(F)(F)F)cc1"
"DTXSID80590878","754-79-0","OMBYOPNOROKVEG-UHFFFAOYSA-N","C6HF11O","297.985175072","O=CC(F)(F)C(F)(F)C(F)(F)C(F)(F)C(F)(F)F"
"DTXSID80597206","914637-05-1","QOYNEVFKTZVANM-UHFFFAOYSA-N","C7H5F11O","314.0164752","CC(O)C(F)(F)C(F)(F)C(F)(F)C(F)(F)C(F)(F)F"
"DTXSID80598677","123068-23-5","YHGQGMLMMONWKC-UHFFFAOYSA-N","C10H5F9O","312.01966876","Oc1ccc(C(F)(F)C(F)(F)C(F)(F)C(F)(F)F)cc1"
"DTXSID8059920","375-92-8","OYGQVDSRYXATEL-UHFFFAOYSA-N","C7HF15O3S","449.940688192","O=S(=O)(O)C(F)(F)C(F)(F)C(F)(F)C(F)(F)C(F)(F)C(F)(F)C(F)(F)F"
"DTXSID8059922","376-14-7","DBCGADAHIXJHCE-UHFFFAOYSA-N","C16H14F17NO4S","639.037208668","C=C(C)C(=O)OCCN(CC)S(=O)(=O)C(F)(F)C(F)(F)C(F)(F)C(F)(F)C(F)(F)C(F)(F)C(F)(F)C(F)(F)F"
"DTXSID8059924","376-27-2","XOCNYZFAMHDXJK-UHFFFAOYSA-N","C9H3F15O2","427.989352636","COC(=O)C(F)(F)C(F)(F)C(F)(F)C(F)(F)C(F)(F)C(F)(F)C(F)(F)F"
"DTXSID8059926","376-73-8","CCUWGJDGLACFQT-UHFFFAOYSA-N","C5H2F6O4","239.985727864","O=C(O)C(F)(F)C(F)(F)C(F)(F)C(=O)O"
"DTXSID8059972","422-86-6","XXSZLFRJEKKBDJ-UHFFFAOYSA-N","C3ClF7","203.95767522","FC(F)(F)C(F)(F)C(F)(F)Cl"
"DTXSID8059974","423-62-1","UDWBMXSQHOHKOI-UHFFFAOYSA-N","C10F21I","645.87094062","FC(F)(F)C(F)(F)C(F)(F)C(F)(F)C(F)(F)C(F)(F)C(F)(F)C(F)(F)C(F)(F)C(F)(F)I"
"DTXSID8059976","423-86-9","QDPPBTYBIPLUFD-UHFFFAOYSA-N","C11H6F17NO2S","538.984779172","C=CCNS(=O)(=O)C(F)(F)C(F)(F)C(F)(F)C(F)(F)C(F)(F)C(F)(F)C(F)(F)C(F)(F)F"
"DTXSID8059978","424-64-6","PLXOUIVCSUBZIX-UHFFFAOYSA-N","C7H5F7O2","254.01777694","C=CC(=O)OCC(F)(F)C(F)(F)C(F)(F)F"
"DTXSID80617574","62375-54-6","OBGZODCYKSYLOI-UHFFFAOYSA-N","C9F20","487.9680644","FC(F)(F)C(C(F)(F)F)(C(F)(F)F)C(F)(F)C(C(F)(F)F)(C(F)(F)F)C(F)(F)F"
"DTXSID8061979","1799-84-4","TYNRPOFACABVSI-UHFFFAOYSA-N","C10H9F9O2","332.045883508","C=C(C)C(=O)OCCC(F)(F)C(F)(F)C(F)(F)C(F)(F)F"
"DTXSID8062101","1996-88-9","HBZFBSFGXQBQTB-UHFFFAOYSA-N","C14H9F17O2","532.033109268","C=C(C)C(=O)OCCC(F)(F)C(F)(F)C(F)(F)C(F)(F)C(F)(F)C(F)(F)C(F)(F)C(F)(F)F"
"DTXSID8062600","2706-91-4","ACEKLXZRZOWKRY-UHFFFAOYSA-N","C5HF11O3S","349.947075312","O=S(=O)(O)C(F)(F)C(F)(F)C(F)(F)C(F)(F)C(F)(F)F"
"DTXSID80631134","246234-80-0","OUVSPPNCAAZLIA-UHFFFAOYSA-N","C19H25F17O3Si","652.13015093","CC(C)O[Si](CCC(F)(F)C(F)(F)C(F)(F)C(F)(F)C(F)(F)C(F)(F)C(F)(F)C(F)(F)F)(OC(C)C)OC(C)C"
"DTXSID8063204","3820-83-5","JRSUJBJSUYPODE-UHFFFAOYSA-N","C12H11F17NO6PS","650.977324442","CCN(CCOP(=O)(O)O)S(=O)(=O)C(F)(F)C(F)(F)C(F)(F)C(F)(F)C(F)(F)C(F)(F)C(F)(F)C(F)(F)F"
"DTXSID8065379","13221-71-1","WEQNAYAFSPIONP-UHFFFAOYSA-N","C6F12","299.98083864","FC(F)(F)C1(F)C(F)(F)C(F)(C(F)(F)F)C1(F)F"
"DTXSID8067076","25291-17-2","FYQFWFHDPNXORA-UHFFFAOYSA-N","C8H3F13","346.002716956","C=CC(F)(F)C(F)(F)C(F)(F)C(F)(F)C(F)(F)C(F)(F)F"
"DTXSID80672906","5678-75-1","YFCHWDBOGIPKCK-UHFFFAOYSA-N","C8H5ClF15N","434.98710014","Cl.NCC(F)(F)C(F)(F)C(F)(F)C(F)(F)C(F)(F)C(F)(F)C(F)(F)F"
"DTXSID8067573","30769-88-1","ZBPHBMSKQBHWJR-UHFFFAOYSA-N","C17H9F23OS","698.000684968","C=C(C)C(=O)SCCC(F)(F)C(F)(F)C(F)(F)C(F)(F)C(F)(F)C(F)(F)C(F)(F)C(F)(F)C(F)(C(F)(F)F)C(F)(F)F"
"DTXSID8069484","61660-12-6","BFSVEUJCJYGSKA-UHFFFAOYSA-N","C16H20F17NO5SSi","689.05600001","CCN(CCC[Si](OC)(OC)OC)S(=O)(=O)C(F)(F)C(F)(F)C(F)(F)C(F)(F)C(F)(F)C(F)(F)C(F)(F)C(F)(F)F"
"DTXSID80698666","24813-57-8","DKVGVNPCZVNONQ-UHFFFAOYSA-N","C9H3F7N2O4","335.998104116","O=[N+]([O-])c1cc([N+](=O)[O-])cc(C(F)(C(F)(F)F)C(F)(F)F)c1"
"DTXSID8070253","65150-94-9","GCGKXUZHBVVLML-UHFFFAOYSA-N","C18H4F33I","973.883079388","FC(F)(F)C(F)(F)C(F)(F)C(F)(F)C(F)(F)C(F)(F)C(F)(F)C(F)(F)C(F)(F)C(F)(F)C(F)(F)C(F)(F)C(F)(F)C(F)(F)C(F)(F)C(F)(F)CCI"
"DTXSID80703062","16083-75-3","CUODCAATWULWQM-UHFFFAOYSA-M","C13H8F15O3","497.023392416","CC(O)CC(=CC(F)(F)C(F)(F)C(F)(F)C(F)(F)C(F)(C(F)(F)F)C(F)(F)F)C(=O)[O-]"
"DTXSID8070839","67906-70-1","HCLVYCJMWIGREO-UHFFFAOYSA-N","C14H14F13NO4S","539.043595788","C=C(C)C(=O)OCCN(CC)S(=O)(=O)C(F)(F)C(F)(F)C(F)(F)C(F)(F)C(F)(F)C(F)(F)F"
"DTXSID8070881","67939-87-1","RJFPABCSTACHQG-UHFFFAOYSA-N","C18H19F22N2O8PS2","903.996915038","CCN(CCOP(=O)(O)OCCN(CC)S(=O)(=O)C(F)(F)C(F)(F)C(F)(F)C(F)(F)C(F)(F)F)S(=O)(=O)C(F)(F)C(F)(F)C(F)(F)C(F)(F)C(F)(F)F"
"DTXSID8070883","67939-89-3","QYPFYWKDTABJCJ-UHFFFAOYSA-N","C8H11F9NO6PS","450.990098682","CCN(CCOP(=O)(O)O)S(=O)(=O)C(F)(F)C(F)(F)C(F)(F)C(F)(F)F"
"DTXSID8070885","67939-91-7","UNHYIZUGCWLZHI-UHFFFAOYSA-N","C16H19F18N2O8PS2","804.003302158","CCN(CCOP(=O)(O)OCCN(CC)S(=O)(=O)C(F)(F)C(F)(F)C(F)(F)C(F)(F)F)S(=O)(=O)C(F)(F)C(F)(F)C(F)(F)C(F)(F)F"
"DTXSID8070887","67939-93-9","YCAARETZDBIMDL-UHFFFAOYSA-N","C22H19F30N2O8PS2","1103.984140798","CCN(CCOP(=O)(O)OCCN(CC)S(=O)(=O)C(F)(F)C(F)(F)C(F)(F)C(F)(F)C(F)(F)C(F)(F)C(F)(F)F)S(=O)(=O)C(F)(F)C(F)(F)C(F)(F)C(F)(F)C(F)(F)C(F)(F)C(F)(F)F"
"DTXSID8070889","67939-98-4","XWTQIOGOCXVTMA-UHFFFAOYSA-N","C11H17F15N3O6PS","635.033616194","CCN(CCOP(=O)(O)O)S(=O)(=O)C(F)(F)C(F)(F)C(F)(F)C(F)(F)C(F)(F)C(F)(F)C(F)(F)F.N.N"
"DTXSID8071302","68227-98-5","JLUHIZCVSXFBEG-UHFFFAOYSA-N","C14H14F13NO4S","539.043595788","C=CC(=O)OCCCCN(C)S(=O)(=O)C(F)(F)C(F)(F)C(F)(F)C(F)(F)C(F)(F)C(F)(F)F"
"DTXSID8071352","68259-07-4","RCILBNOAZQUGEE-UHFFFAOYSA-N","C7H4F15NO3S","466.967237288","O=S(=O)([O-])C(F)(F)C(F)(F)C(F)(F)C(F)(F)C(F)(F)C(F)(F)C(F)(F)F.[NH4+]"
"DTXSID8071354","68259-09-6","ISAHTOZXSKELHT-UHFFFAOYSA-N","C5H4F11NO3S","366.973624408","O=S(=O)([O-])C(F)(F)C(F)(F)C(F)(F)C(F)(F)C(F)(F)F.[NH4+]"
"DTXSID8071356","68259-12-1","MNEXVZFQQPKDHC-UHFFFAOYSA-N","C9HF19O3S","549.934301072","O=S(=O)(O)C(F)(F)C(F)(F)C(F)(F)C(F)(F)C(F)(F)C(F)(F)C(F)(F)C(F)(F)C(F)(F)F"
"DTXSID8071358","68259-14-3","KDHCALLFPWZTPN-UHFFFAOYSA-N","C8H4F15NO2S","462.972322668","CNS(=O)(=O)C(F)(F)C(F)(F)C(F)(F)C(F)(F)C(F)(F)C(F)(F)C(F)(F)F"
"DTXSID8071726","68758-56-5","KSRNSIIMBGIEPL-UHFFFAOYSA-N","C23H12F33NO4S","1024.996010124","C=CC(=O)OCCN(C)S(=O)(=O)CC(F)(F)C(F)(F)C(F)(F)C(F)(F)C(F)(F)C(F)(F)C(F)(F)C(F)(F)C(F)(F)C(F)(F)C(F)(F)C(F)(F)C(F)(F)C(F)(F)C(F)(F)C(F)(F)F"
"DTXSID80725047","217805-03-3","AWXKBZBNZBUKHW-UHFFFAOYSA-N","C24H21F27Sn","942.023407312","FC(F)(F)C(F)(F)C(F)(F)C(F)(F)CCCC(=C[CH]([SnH])CCCC(F)(F)C(F)(F)C(F)(F)C(F)(F)F)CCCC(F)(F)C(F)(F)C(F)(F)C(F)(F)F"
"DTXSID8072877","82199-07-3","ZDAQGTPZXAALCI-UHFFFAOYSA-M","C11H9F13NNaO5S2","568.961225528","O=C(NCCSS(=O)(=O)[O-])OCCC(F)(F)C(F)(F)C(F)(F)C(F)(F)C(F)(F)C(F)(F)F.[Na+]"
"DTXSID80746535","124053-49-2","UUXRFZXYYNXEBG-CDEMTMJJSA-L","C20H20CaF14O4","630.07639518","CC(C)(C)/C([O-])=C/C(=O)C(F)(F)C(F)(F)C(F)(F)F.CC(C)(C)/C([O-])=C\C(=O)C(F)(F)C(F)(F)C(F)(F)F.[Ca+2]"
"DTXSID8074659","355-75-9","ZFFLXJVVPHACEG-UHFFFAOYSA-N","C6F10","261.9840322","FC1=C(F)C(F)(F)C(F)(F)C(F)(F)C1(F)F"
"DTXSID80750738","88951-14-8","KBFOWDPRJADBCX-UHFFFAOYSA-N","C12H13F9O2","360.077183636","COC(=O)C1CCC(C(F)(F)C(F)(F)C(F)(F)C(F)(F)F)CC1"
"DTXSID8075384","308-24-7","AWQSRASHARXGAH-UHFFFAOYSA-N","C6HF11","281.990260452","FC1C(F)(F)C(F)(F)C(F)(F)C(F)(F)C1(F)F"
"DTXSID80756058","89932-69-4","SWTPFYIUUFAQGT-UHFFFAOYSA-N","C16H8F17NO","553.033443616","CNC(=O)c1ccc(C(F)(F)C(F)(F)C(F)(F)C(F)(F)C(F)(F)C(F)(F)C(F)(F)C(F)(F)F)cc1"
"DTXSID80758653","93417-72-2","UDVMHSDMSOYXMC-UHFFFAOYSA-N","C7H3BrF12O","409.917565456","OC(CBr)(C(F)(F)C(F)(F)F)C(F)(F)C(F)(F)C(F)(F)F"
"DTXSID80784073","306976-22-7","OHPLOIJMWHYFKT-UHFFFAOYSA-N","C9H5F9N2O2","344.02073138","O=C=NC(CCC(F)(F)C(F)(F)C(F)(F)C(F)(F)F)N=C=O"
"DTXSID80784750","34648-00-5","XFHCDUPPKDNJDY-UHFFFAOYSA-N","C12H8F7NO","315.049411416","O=C(C=CNc1ccccc1)C(F)(F)C(F)(F)C(F)(F)F"
"DTXSID80813332","61881-12-7","WAPVYOONVRTQCI-UHFFFAOYSA-N","C10H6F7NS","305.010917732","FC(F)(F)C(F)(F)C(F)(F)C(=S)Nc1ccccc1"
"DTXSID80826669","86714-23-0","XQSZQLMIDYQHEP-UHFFFAOYSA-N","C9F20","487.9680644","FC(F)(F)C(F)(F)C(F)(F)C(C(F)(F)F)(C(F)(F)F)C(F)(C(F)(F)F)C(F)(F)F"
"DTXSID80832341","87461-66-3","KFGDTOWBJNZWTA-UHFFFAOYSA-N","C11H9F7O","290.054162448","COc1ccc(C)cc1C(F)(F)C(F)(F)C(F)(F)F"
"DTXSID80854881","922524-00-3","XNCBATRFONZBGA-UHFFFAOYSA-N","C6HF12I","427.893136672","FC(F)(F)C(I)C(F)(F)C(F)(C(F)(F)F)C(F)(F)F"
"DTXSID80863059","2927-83-5","GAKSVIQMUADMSK-UHFFFAOYSA-N","C4F8O2","231.977055","O=C(F)C(F)(OC(F)(F)F)C(F)(F)F"
"DTXSID80864521","14650-24-9","UZMOXNBUTMPDCX-UHFFFAOYSA-N","C15H12F17NO4S","625.021558604","C=C(C)C(=O)OCCN(C)S(=O)(=O)C(F)(F)C(F)(F)C(F)(F)C(F)(F)C(F)(F)C(F)(F)C(F)(F)C(F)(F)F"
"DTXSID80865199","25268-77-3","RTJZWOGSCLVJLD-UHFFFAOYSA-N","C14H10F17NO4S","611.00590854","C=CC(=O)OCCN(C)S(=O)(=O)C(F)(F)C(F)(F)C(F)(F)C(F)(F)C(F)(F)C(F)(F)C(F)(F)C(F)(F)F"
"DTXSID80871634","375-83-7","HBZVXKDQRIQMCW-UHFFFAOYSA-N","C7HF15","369.983873332","FC(F)C(F)(F)C(F)(F)C(F)(F)C(F)(F)C(F)(F)C(F)(F)F"
"DTXSID80873012","108427-53-8","QZHDEAJFRJCDMF-UHFFFAOYSA-M","C6F13O3S","398.93605672","O=S(=O)([O-])C(F)(F)C(F)(F)C(F)(F)C(F)(F)C(F)(F)C(F)(F)F"
"DTXSID80879832","40143-78-0","CPRNWMZKNOIIML-UHFFFAOYSA-N","C8H2F17O3P","499.947010294","O=P(O)(O)C(F)(F)C(F)(F)C(F)(F)C(F)(F)C(F)(F)C(F)(F)C(F)(F)C(F)(F)F"
"DTXSID80880120","354-97-2","BJHXOADCFUOTIA-UHFFFAOYSA-N","C8F18","437.97125796","FC(F)(F)C(F)(F)C(F)(C(F)(F)C(F)(F)F)C(F)(C(F)(F)F)C(F)(F)F"
"DTXSID80880125","335-35-3","KEDSBJOHAWJRQU-UHFFFAOYSA-N","C8F16O","415.96936614","FC(F)(F)C(F)(F)C(F)(F)C1(F)OC(F)(F)C(F)(F)C(F)(F)C1(F)F"
"DTXSID80880145","678-65-9","XRSMAKAYKVRPSA-UHFFFAOYSA-N","C8H6F8","254.034175952","C=CC(F)(F)C(F)(F)C(F)(F)C(F)(F)C=C"
"DTXSID80880160","560-02-1","JGYHLDPCXQPJCA-UHFFFAOYSA-N","C11H8F7NO","303.049411416","O=C(NCc1ccccc1)C(F)(F)C(F)(F)C(F)(F)F"
"DTXSID80880165","1542-18-3","YXIILCMWJHESKN-UHFFFAOYSA-N","C4F9I","345.89010198","FC(F)(F)C(F)(C(F)(F)F)C(F)(F)I"
"DTXSID80880180","2355-57-9","VPEPXOMYWDUPOA-RMLUDKJBSA-N","C24H20F24O4","828.0978364","CC1(C)[C@H](C(=O)OCC(F)(F)C(F)(F)C(F)(F)C(F)(F)C(F)(F)C(F)F)CC[C@]1(C)C(=O)OCC(F)(F)C(F)(F)C(F)(F)C(F)(F)C(F)(F)C(F)F"
"DTXSID80880185","1/01/2501","NJTNZAQULGOGAB-UHFFFAOYSA-N","C10F22O2","569.95470008","FC(F)(F)C(F)(F)C(F)(F)OC(F)(C(F)(F)F)C(F)(OC(F)(F)C(F)(F)C(F)(F)F)C(F)(F)F"
"DTXSID80880206","4998-38-3","HBFWXGZKVGSZKO-UHFFFAOYSA-N","C14H6F20O2","586.004843832","C=CC(=O)OC(F)C(F)(F)C(F)(F)C(F)(F)C(F)(F)C(F)(F)C(F)(F)C(F)(F)C(F)(F)C(F)(F)CF"
"DTXSID80880221","15453-10-8","NYAGRQZHLFYEOA-UHFFFAOYSA-N","C6F10O","277.97894682","FC(F)=C(F)C(F)(F)C(F)(F)C1(F)OC1(F)F"
"DTXSID80880241","26650-10-2","QLKXZNKNUBWTFP-UHFFFAOYSA-N","C11H4F17NS","504.979299868","N#CSCCC(F)(F)C(F)(F)C(F)(F)C(F)(F)C(F)(F)C(F)(F)C(F)(F)C(F)(F)F"
"DTXSID80880246","29514-94-1","VQUGQIYAVYQSAB-UHFFFAOYSA-N","C4F8O3S","279.94404062","O=S(=O)(F)C(F)(F)C(F)(F)OC(F)=C(F)F"
"DTXSID80880382","26425-79-6","-","-","-",NA
"DTXSID80880387","33496-48-9","NBEDTLDKOMPAQK-UHFFFAOYSA-N","C16F30O3","809.93684046","O=C(OC(=O)C(F)(F)C(F)(F)C(F)(F)C(F)(F)C(F)(F)C(F)(F)C(F)(F)F)C(F)(F)C(F)(F)C(F)(F)C(F)(F)C(F)(F)C(F)(F)C(F)(F)F"
"DTXSID80880403","36405-47-7","DFVPUWGVOPDJTC-UHFFFAOYSA-N","C8H8F6O2","250.042848816","C=C(C)C(=O)OCC(F)(F)C(F)C(F)(F)F"
"DTXSID80880423","48077-95-8","OHZQKIHETAGXCE-UHFFFAOYSA-N","C16H14F17NO4S","639.037208668","C=CC(=O)OCCN(C)S(=O)(=O)CCC(F)(F)C(F)(F)C(F)(F)C(F)(F)C(F)(F)C(F)(F)C(F)(F)C(F)(F)F"
"DTXSID80880443","41674-07-1","QKCQLSFDZNOFEF-UHFFFAOYSA-M","C14H4F17NaO4S","613.945653628","O=S(=O)([O-])c1ccccc1OC(F)(F)C(F)(F)C(F)(F)C(F)(F)C(F)(F)C(F)(F)C(F)(F)C(F)(F)F.[Na+]"
"DTXSID80880448","51800-99-8","PEWOESYEGLBLNR-XGLFCGLISA-N","C14H15F7O2","348.09602726","CC1(C)[C@@H]2CC[C@@]1(C)C(=O)C2C(=O)C(F)(F)C(F)(F)C(F)(F)F"
"DTXSID80880463","54009-77-7","FPGGDOYJDKTVNV-UHFFFAOYSA-N","C18H5F31O","825.9845396","FC(F)(F)C(F)(C(F)(F)F)C(F)(F)C(F)(F)C(F)(F)C(F)(F)C(F)(F)C(F)(F)C(F)(F)C(F)(F)C(F)(F)C(F)(F)C(F)(F)C(F)(F)CC1CO1"
"DTXSID80880488","57589-85-2","HZRBKZMKUYGJRU-UHFFFAOYSA-M","C22H5Cl4F17KNO6S","912.79573002","O=C([O-])c1c(Cl)c(Cl)c(Cl)c(Cl)c1C(=O)Nc1cccc(OS(=O)(=O)C(F)(F)C(F)(F)C(F)(F)C(F)(F)C(F)(F)C(F)(F)C(F)(F)C(F)(F)F)c1.[K+]"
"DTXSID80880529","63295-28-3","NZFUNOLSROCOSD-UHFFFAOYSA-N","C16H8F27O5P","823.967821926","O=P(O)(O)OCC(O)CC(F)(F)C(F)(F)C(F)(F)C(F)(F)C(F)(F)C(F)(F)C(F)(F)C(F)(F)C(F)(F)C(F)(F)C(F)(C(F)(F)F)C(F)(F)F"
"DTXSID80880564","67118-57-4","CIGILZLDPNHLAC-UHFFFAOYSA-M","C9F17KO4","533.9162199","O=C([O-])C(F)(OC(F)(F)C(F)(OC(F)(F)C(F)(F)C(F)(F)F)C(F)(F)F)C(F)(F)F.[K+]"
"DTXSID80880569","67846-66-6","SHJSJIUQURWHTN-UHFFFAOYSA-M","C13H13F13NNaO5S2","596.992525656","CCOC(=O)NCC(CCSS(=O)(=O)[O-])C(F)(F)C(F)(F)C(F)(F)C(F)(F)C(F)(F)C(F)(F)F.[Na+]"
"DTXSID80880584","68156-01-4","QMGKFLYWFYRBNE-UHFFFAOYSA-M","C8F15KO3S","499.89656984","O=S(=O)([O-])C1(C(F)(F)F)C(F)(F)C(F)(F)C(F)(F)C(F)(F)C1(F)C(F)(F)F.[K+]"
"DTXSID80880605","68298-75-9","OBPWLOPGKWGMTO-UHFFFAOYSA-N","C25H28F11N3O8S","739.142146276","C=C(C)C(=O)OCC(C)OC(=O)Nc1cc(NC(=O)OCCN(CC)S(=O)(=O)C(F)(F)C(F)(F)C(F)(F)C(F)(F)C(F)(F)F)ccc1C"
"DTXSID80880943","69804-19-9","LYIPDZSLYLDLCU-UHFFFAOYSA-N","C8F13NO2","388.9721451","N#CC(F)(F)C(F)(F)OC(F)(C(F)(F)F)C(F)(F)OC(F)=C(F)F"
"DTXSID80880968","74256-14-7","PVMWMBHAEVDBQR-UHFFFAOYSA-N","C17H9F23O2","682.023528588","C=C(C)C(=O)OCCC(F)(F)C(F)(F)C(F)(F)C(F)(F)C(F)(F)C(F)(F)C(F)(F)C(F)(F)C(F)(C(F)(F)F)C(F)(F)F"
"DTXSID80880983","80475-32-7","KBDMGVIUNQWTND-UHFFFAOYSA-N","C13H17F13N2O3S","528.075230264","C[N+](C)([O-])CCCNS(=O)(=O)CCC(F)(F)C(F)(F)C(F)(F)C(F)(F)C(F)(F)C(F)(F)F"
"DTXSID80880988","84029-52-7","-","-","-",NA
"DTXSID80881016","93776-12-6","ZPJOKRFOGKCNBA-UHFFFAOYSA-N","C23H23F25N2O3","850.130948096","CC[NH+](CCCNCC(O)CC(F)(F)C(F)(F)C(F)(F)C(F)(F)C(F)(F)C(F)(F)C(F)(F)C(F)(F)C(F)(F)C(F)(F)C(F)(F)C(F)(F)F)CCC(=O)[O-]"
"DTXSID80881031","93776-15-9","CUFYORGVHPVESH-UHFFFAOYSA-N","C24H23F27N2O3","900.127754536","C[N+](C)(CCCNCC(O)CC(F)(F)C(F)(F)C(F)(F)C(F)(F)C(F)(F)C(F)(F)C(F)(F)C(F)(F)C(F)(F)C(F)(F)C(F)(C(F)(F)F)C(F)(F)F)CCC(=O)[O-]"
"DTXSID80881071","93857-46-6","XZJXCSDVEJUEAJ-UHFFFAOYSA-N","C14H12F25N2O4P","778.013548994","O=P([O-])([O-])OCCC(F)(F)C(F)(F)C(F)(F)C(F)(F)C(F)(F)C(F)(F)C(F)(F)C(F)(F)C(F)(F)C(F)(F)C(F)(F)C(F)(F)F.[NH4+].[NH4+]"
"DTXSID80881076","93857-49-9","HCQGYUVUXSAUDM-UHFFFAOYSA-N","C11H12F19N2O4P","628.023129674","O=P([O-])([O-])OCCC(F)(F)C(F)(F)C(F)(F)C(F)(F)C(F)(F)C(F)(F)C(F)(C(F)(F)F)C(F)(F)F.[NH4+].[NH4+]"
"DTXSID80881112","93857-53-5","VAPDLYGIEFOUOV-UHFFFAOYSA-N","C32H9F58O4P","1589.931232158","O=P(O)(OCCC(F)(F)C(F)(F)C(F)(F)C(F)(F)C(F)(F)C(F)(F)C(F)(F)C(F)(F)C(F)(F)C(F)(F)C(F)(F)C(F)(F)C(F)(F)C(F)(F)F)OCCC(F)(F)C(F)(F)C(F)(F)C(F)(F)C(F)(F)C(F)(F)C(F)(F)C(F)(F)C(F)(F)C(F)(F)C(F)(F)C(F)(F)C(F)(F)C(F)(F)F"
"DTXSID80881117","93894-55-4","PKXOFTHSSGMAGM-UHFFFAOYSA-N","C8H2F16O5S2","545.908816684","O=S(=O)(OS(=O)(=O)C(F)(F)C(F)(F)C(F)(F)C(F)F)C(F)(F)C(F)(F)C(F)(F)C(F)F"
"DTXSID80881132","94088-80-9","VZOYHPPUGXMIFV-UHFFFAOYSA-M","C14H20F13IN2O2S","654.00826374","C[N+](C)(C)CCCNS(=O)(=O)CCC(F)(F)C(F)(F)C(F)(F)C(F)(F)C(F)(F)C(F)(F)F.[I-]"
"DTXSID80881137","94158-62-0","AGXPCTAFKVXMEO-UHFFFAOYSA-N","C20H23F19O4","688.129295396","CCCCOCCOCCOCC(O)CC(F)(F)C(F)(F)C(F)(F)C(F)(F)C(F)(F)C(F)(F)C(F)(C(F)(F)F)C(F)(F)F"
"DTXSID80881152","94159-81-6","PPEQDXFGRTWOEV-UHFFFAOYSA-N","C16H19F17N2O","578.122592968","CN(C)CCCNCC(O)CC(F)(F)C(F)(F)C(F)(F)C(F)(F)C(F)(F)C(F)(F)C(F)(F)C(F)(F)F"
"DTXSID80881157","94159-84-9","CGRIOEGIXRPCJU-UHFFFAOYSA-N","C11H7F17O2","494.017459204","OCC(O)CC(F)(F)C(F)(F)C(F)(F)C(F)(F)C(F)(F)C(F)(F)C(F)(F)C(F)(F)F"
"DTXSID80881172","94200-45-0","AQEVYDYZRHDMFO-UHFFFAOYSA-N","C11H14F17N2O5P","608.036887918","O=P([O-])([O-])OCC(O)CC(F)(F)C(F)(F)C(F)(F)C(F)(F)C(F)(F)C(F)(F)C(F)(F)C(F)(F)F.[NH4+].[NH4+]"
"DTXSID80881177","94200-50-7","HIKBTDVEZMQREG-UHFFFAOYSA-N","C14H14F23N2O5P","758.027307238","O=P([O-])([O-])OCC(O)CC(F)(F)C(F)(F)C(F)(F)C(F)(F)C(F)(F)C(F)(F)C(F)(F)C(F)(F)C(F)(C(F)(F)F)C(F)(F)F.[NH4+].[NH4+]"
"DTXSID80881192","94291-76-6","ASQHIVLTDYBZHV-UHFFFAOYSA-N","C40H20F66NO6P","1894.99743651","O=P([O-])(OCCC(F)(F)C(F)(F)C(F)(F)C(F)(F)C(F)(F)C(F)(F)C(F)(F)C(F)(F)C(F)(F)C(F)(F)C(F)(F)C(F)(F)C(F)(F)C(F)(F)C(F)(F)C(F)(F)F)OCCC(F)(F)C(F)(F)C(F)(F)C(F)(F)C(F)(F)C(F)(F)C(F)(F)C(F)(F)C(F)(F)C(F)(F)C(F)(F)C(F)(F)C(F)(F)C(F)(F)C(F)(F)C(F)(F)F.OCC[NH2+]CCO"
"DTXSID80881238","74328-57-7","ZCSHSWXXDMBWOP-UHFFFAOYSA-N","C6H5F7O","226.02286232","FC(F)(F)C(F)(CC1CO1)C(F)(F)F"
"DTXSID80881278","68815-72-5","IOTKRYWDXPLNIV-UHFFFAOYSA-M","C20H5Cl4F13KNO6S","812.80211714","O=C([O-])c1c(Cl)c(Cl)c(Cl)c(Cl)c1C(=O)Nc1cccc(OS(=O)(=O)C(F)(F)C(F)(F)C(F)(F)C(F)(F)C(F)(F)C(F)(F)F)c1.[K+]"
"DTXSID80881293","85995-90-0","-","-","-",NA
"DTXSID80881298","90480-49-2","-","-","-",NA
"DTXSID80881314","91036-71-4","KZCDJBJGWSCZRY-UHFFFAOYSA-L","C16F34MgO6S2","1021.8443809","O=S(=O)([O-])C(F)(F)C(F)(F)C(F)(F)C(F)(F)C(F)(F)C(F)(F)C(F)(F)C(F)(F)F.O=S(=O)([O-])C(F)(F)C(F)(F)C(F)(F)C(F)(F)C(F)(F)C(F)(F)C(F)(F)C(F)(F)F.[Mg+2]"
"DTXSID80881319","91648-32-7","-","-","-",NA
"DTXSID80881334","106376-38-9","WGNKYUWDFZMCGQ-UHFFFAOYSA-N","C10H4Cl2F7NO","356.955816648","O=C(Nc1cc(Cl)cc(Cl)c1)C(F)(F)C(F)(F)C(F)(F)F"
"DTXSID80881354","63661-51-8","FEHZEDPXNRZXCE-UHFFFAOYSA-M","C16H7F17NaO4P","639.970819354","O=P([O-])(O)Cc1ccc(OC(F)=C(F)C(F)(F)C(F)(F)C(F)(F)C(F)(F)C(F)(F)C(F)(F)C(F)(F)F)cc1.[Na+]"
"DTXSID80881359","51588-53-5","KGVPINIFWHGDKX-UHFFFAOYSA-M","C12H5F17NNaO3","556.98956704","CN(CC(=O)[O-])C(=O)C(F)(F)C(F)(F)C(F)(F)C(F)(F)C(F)(F)C(F)(F)C(F)(F)C(F)(F)F.[Na+]"
"DTXSID80881379","871311-26-1","FREOHYPICVRTKK-UHFFFAOYSA-N","C27H39F17","686.278030988","CCCCCCCCCCCCCCCCCCCC(F)(F)C(F)(F)C(F)(F)C(F)(F)C(F)(F)C(F)(F)C(F)(F)C(F)(F)F"
"DTXSID80881834","71608-58-7","-","-","-",NA
"DTXSID80881839","148240-86-2","-","-","-",NA
"DTXSID80881854","65530-76-9","-","-","-",NA
"DTXSID80881859","306973-46-6","-","-","-",NA
"DTXSID80881874","959462-54-5","-","-","-",NA
"DTXSID80881879","115340-82-4","-","-","-",NA
"DTXSID80881894","65530-73-6","-","-","-",NA
"DTXSID80881910","71608-39-4","-","-","-",NA
"DTXSID80881915","80010-38-4","-","-","-",NA
"DTXSID80881930","180582-79-0","-","-","-",NA
"DTXSID80881935","213188-00-2","-","-","-",NA
"DTXSID80881950","161075-02-1","-","-","-",NA
"DTXSID80881955","147026-01-5","-","-","-",NA
"DTXSID80881970","80010-37-3","-","-","-",NA
"DTXSID80881975","159182-00-0","-","-","-",NA
"DTXSID80881990","68412-69-1","-","-","-",NA
"DTXSID80881995","210432-72-7","-","-","-",NA
"DTXSID80882003","68412-68-0","-","-","-",NA
"DTXSID80882008","172018-29-0","-","-","-",NA
"DTXSID80882023","160738-69-2","-","-","-",NA
"DTXSID80882028","91105-71-4","-","-","-",NA
"DTXSID80882563","68227-94-1","-","-","-",NA
"DTXSID80882568","68227-87-2","-","-","-",NA
"DTXSID80882583","68877-32-7","-","-","-",NA
"DTXSID80882588","65104-45-2","-","-","-",NA
"DTXSID80882604","1078142-10-5","-","-","-",NA
"DTXSID80882609","212013-59-7","-","-","-",NA
"DTXSID80882624","112310-55-1","-","-","-",NA
"DTXSID80882629","68586-14-1","-","-","-",NA
"DTXSID80882649","174393-72-7","-","-","-",NA
"DTXSID80882664","126323-49-7","-","-","-",NA
"DTXSID80882669","161075-00-9","-","-","-",NA
"DTXSID80882684","512179-62-3","-","-","-",NA
"DTXSID80882689","170442-59-8","-","-","-",NA
"DTXSID80882700","746622-86-6","-","-","-",NA
"DTXSID80882705","127133-54-4","-","-","-",NA
"DTXSID80882720","150409-19-1","-","-","-",NA
"DTXSID80882725","121465-74-5","-","-","-",NA
"DTXSID80882740","1269217-82-4","-","-","-",NA
"DTXSID80882760","510733-10-5","-","-","-",NA
"DTXSID80882765","1620402-95-0","-","-","-",NA
"DTXSID80882780","73275-59-9","-","-","-",NA
"DTXSID80882785","518045-14-2","-","-","-",NA
"DTXSID80882806","148878-17-5","-","-","-",NA
"DTXSID80882826","221455-67-0","-","-","-",NA
"DTXSID80882841","134035-61-3","-","-","-",NA
"DTXSID80882866","374551-53-8","-","-","-",NA
"DTXSID80882881","70815-05-3","-","-","-",NA
"DTXSID80882886","878409-15-5","-","-","-",NA
"DTXSID80882902","479029-28-2","-","-","-",NA
"DTXSID80882907","120895-92-3","-","-","-",NA
"DTXSID80882922","162567-79-5","-","-","-",NA
"DTXSID80882927","252846-11-0","-","-","-",NA
"DTXSID80882942","68891-05-4","-","-","-",NA
"DTXSID80882947","106826-29-3","-","-","-",NA
"DTXSID80882962","107097-76-7","-","-","-",NA
"DTXSID80882967","113089-67-1","-","-","-",NA
"DTXSID80882982","162162-67-6","-","-","-",NA
"DTXSID80882987","71608-46-3","-","-","-",NA
"DTXSID80883010","207574-77-4","-","-","-",NA
"DTXSID80883015","1620760-72-6","-","-","-",NA
"DTXSID80883030","65530-74-7","-","-","-",NA
"DTXSID80883035","70983-60-7","-","-","-",NA
"DTXSID80883050","80392-00-3","-","-","-",NA
"DTXSID80883055","206009-81-6","-","-","-",NA
"DTXSID80883070","221455-73-8","-","-","-",NA
"DTXSID80887674","69804-18-8","RSZYMGFUGQKOOL-UHFFFAOYSA-N","C8H2F13NO3","406.982709784","NC(=O)C(F)(F)C(F)(F)OC(F)(C(F)(F)F)C(F)(F)OC(F)=C(F)F"
"DTXSID80889133","220075-01-4","LVYNMXGZSWLMOD-UHFFFAOYSA-N","C13H11F13O4","478.044975692","COC(=O)C(CCC(F)(F)C(F)(F)C(F)(F)C(F)(F)C(F)(F)C(F)(F)F)C(=O)OC"
"DTXSID80889254","957209-18-6","YRGYOFYTTFLPQM-UHFFFAOYSA-N","C11H3F19O2","527.982965516","COC1(C(F)(C(F)(F)F)C(F)(F)F)OC(F)(C(F)(C(F)(F)F)C(F)(F)F)C(F)(F)C1(F)F"
"DTXSID80889315","1646599-70-3","RNEZGUURLCNROK-UHFFFAOYSA-N","C7F12O","327.97575326","O=C(F)C1(F)C(F)(F)C(F)(F)C(F)(C(F)(F)F)C1(F)F"
"DTXSID80892066","66840-50-4","YBVRDNKKIWCSHJ-UHFFFAOYSA-N","C5F12O","303.97575326","FC(F)(F)C(F)(F)OC(F)(F)C(F)(F)C(F)(F)F"
"DTXSID80892304","27213-61-2","-","-","-",NA
"DTXSID80892506","756426-58-1","GGOUUEMCWBTDMT-UHFFFAOYSA-N","C8HClF16O4S","531.902858712","O=S(=O)(O)C(F)(F)C(F)(F)OC(F)(F)C(F)(F)C(F)(F)C(F)(F)C(F)(F)C(F)(F)Cl"
"DTXSID80892960","103831-29-4","CMBODFNNJATQMX-UHFFFAOYSA-N","C14H13F17N2O","548.075642776","CN(C)CCCNC(=O)C(F)(F)C(F)(F)C(F)(F)C(F)(F)C(F)(F)C(F)(F)C(F)(F)C(F)(F)F"
"DTXSID80893290","70900-38-8","XQSZCZOJXPNZGJ-UHFFFAOYSA-N","C25H30F9N3O8S","703.1609899","C=C(C)C(=O)OCC(C)O/C(O)=N/c1cc(/N=C(\O)OCCCCN(C)S(=O)(=O)C(F)(F)C(F)(F)C(F)(F)C(F)(F)F)ccc1C"
"DTXSID80893295","75033-26-0","KHACVUCZJZAPRO-UHFFFAOYSA-M","C14H16F17IN2O2S","725.970576492","CC(C[N+](C)(C)C)NS(=O)(=O)C(F)(F)C(F)(F)C(F)(F)C(F)(F)C(F)(F)C(F)(F)C(F)(F)C(F)(F)F.[I-]"
"DTXSID80893316","105462-77-9","FDFOVWJGNPGGIZ-UHFFFAOYSA-N","C14F26","661.95848372","FC(F)(F)C1(F)C(F)(F)C(F)(F)C(F)(F)C(F)(C2(F)C(F)(F)C(F)(F)C(F)(F)C(F)(C(F)(F)F)C2(F)F)C1(F)F"
"DTXSID80893336","118914-94-6","BCIWNNGCWCBYOU-UHFFFAOYSA-N","C14F26","661.95848372","FC(F)(F)C(C(F)(F)F)(C(F)(F)F)C1(F)C(F)(F)C(F)(F)C(F)(F)C2(F)C(F)(F)C(F)(F)C(F)(F)C(F)(F)C21F"
"DTXSID80893351","152992-46-6","FWFYREMNEFLCAK-UHFFFAOYSA-N","C15H17F17O2Si","580.072636054","CCO[Si](C)(CCC(F)(F)C(F)(F)C(F)(F)C(F)(F)C(F)(F)C(F)(F)C(F)(F)C(F)(F)F)OCC"
"DTXSID80893356","154380-34-4","KOHZARWDVORSLE-UHFFFAOYSA-N","C13H18F11NO4Si","489.082945006","CCO[Si](CCCNC(=O)C(F)(F)C(F)(F)C(F)(F)C(F)(F)C(F)(F)F)(OC)OC"
"DTXSID80893376","261761-76-6","IMCJGMVADKNDTL-UHFFFAOYSA-N","C7BrF11O","387.89568714","O=C(Br)C1(F)C(F)(F)C(F)(F)C(F)(F)C(F)(F)C1(F)F"
"DTXSID80893396","433333-62-1","FEBWVACEXRIDOV-UHFFFAOYSA-M","C11H8F13LiO2S","458.019746906","O=C([O-])CCSCCC(F)(F)C(F)(F)C(F)(F)C(F)(F)C(F)(F)C(F)(F)F.[Li+]"
"DTXSID80893412","1346521-42-3","GJWIRTQEBLHUMP-UHFFFAOYSA-N","C7H6F11N","313.032459612","NCCC(F)(F)C(F)(F)C(F)(F)C(F)(F)C(F)(F)F"
"DTXSID80893452","134344-15-3","-","-","-",NA
"DTXSID80893553","178094-70-7","GKRZHKFRSWMKBR-UHFFFAOYSA-N","C12H12F15KN2O3S","587.996618224","C[N+](C)([O-])CCC[N-]S(=O)(=O)C(F)(F)C(F)(F)C(F)(F)C(F)(F)C(F)(F)C(F)(F)C(F)(F)F.[K+]"
"DTXSID80895153","678-98-8","XMEPUXUKDYDDDY-UHFFFAOYSA-N","C6H7F7","212.043597764","CCCC(F)(F)C(F)(F)C(F)(F)F"
"DTXSID80895158","755-89-5","ZICALAZJGGHDNX-UHFFFAOYSA-N","C9H13F7","254.090547956","CCCCCCC(F)(F)C(F)(F)C(F)(F)F"
"DTXSID80895173","503189-10-4","ADXRMDFVKSPFQM-UHFFFAOYSA-N","C7H5F11","298.02156058","CCC(F)(F)C(F)(F)C(F)(F)C(F)(F)C(F)(F)F"
"DTXSID80895178","1000509-29-4","WGFQLGIMKURNCU-UHFFFAOYSA-N","C5H6F7N","213.038846732","NCCC(F)(F)C(F)(F)C(F)(F)F"
"DTXSID80895193","132673-98-4","JRCPJQVQFTXUSS-UHFFFAOYSA-N","C7H3F9","258.009104076","C=C=CC(F)(F)C(F)(F)C(F)(F)C(F)(F)F"
"DTXSID80895198","679-00-5","DXAXUZKHVAYWHE-UHFFFAOYSA-N","C7H10F7N","241.07014686","CCC(N)CC(F)(F)C(F)(F)C(F)(F)F"
"DTXSID80895214","391199-64-7","XBCWZRARCMLNAN-OWOJBTEDSA-N","C6HF11","281.990260452","F/C=C(/F)C(F)(F)C(F)(F)C(F)(F)C(F)(F)F"
"DTXSID80895219","69125-82-2","XLCYITIKRMXGCZ-UHFFFAOYSA-N","C12H12F14","422.071545464","FC(F)(F)C(F)(F)C(F)(F)CCCCCCC(F)(F)C(F)(F)C(F)(F)F"
"DTXSID80895234","169331-74-2","IOYBNVFBNAHBMT-UHFFFAOYSA-N","C13H13F15","454.077773716","CCCCCCC(F)(F)C(F)(F)C(F)(F)C(F)(F)C(F)(F)C(F)(F)C(F)(F)F"
"DTXSID80895239","135984-67-7","PLXBWBKXCKSJRL-UHFFFAOYSA-N","C6H3F9O","262.004018696","O=CCC(F)(F)C(F)(F)C(F)(F)C(F)(F)F"
"DTXSID80895254","182130-14-9","DRBIBGYUOWJFGI-UHFFFAOYSA-N","C14H13F17","504.074580156","CCCCCCC(F)(F)C(F)(F)C(F)(F)C(F)(F)C(F)(F)C(F)(F)C(F)(F)C(F)(F)F"
"DTXSID80895259","777931-73-4","HCEMKYFESQSUFY-UHFFFAOYSA-N","C11H4F20","515.999364528","FC(F)(F)C(F)(F)C(F)(F)CCC(F)(F)C(F)(F)C(F)(F)C(F)(F)C(F)(F)C(F)(F)F"
"DTXSID80895274","332136-76-2","FUNGIPYUUZNTQZ-UHFFFAOYSA-N","C12H4BrF21","625.916104848","FC(F)(F)C(F)(F)C(F)(F)C(F)(F)C(F)(F)C(F)(F)C(F)(F)C(F)(F)C(F)(F)C(F)(F)CCBr"
"DTXSID80895279","99325-00-5","IJBOBFHYUFMKPT-UHFFFAOYSA-N","C12H8F17I","601.939927996","CCC(I)CC(F)(F)C(F)(F)C(F)(F)C(F)(F)C(F)(F)C(F)(F)C(F)(F)C(F)(F)F"
"DTXSID80895294","72016-05-8","PJZRJKWUZCHGGW-UHFFFAOYSA-N","C7H5F9O","276.01966876","OCC=CC(F)(F)C(F)(F)C(F)(F)C(F)(F)F"
"DTXSID80895299","57216-88-3","ROBJGVIBSNEVQR-UHFFFAOYSA-N","C13H4F23I","723.899047188","FC(F)(F)C(F)(F)C(F)(F)C(F)(F)C(F)(F)C(F)(F)C(F)(F)C(F)(F)C(F)(F)C(F)(F)C(F)(F)CCI"
"DTXSID80895310","93454-70-7","QHWFBGRTHMNLGS-UHFFFAOYSA-N","C18H17F21","632.099493164","CCCCCCCCC(F)(F)C(F)(F)C(F)(F)C(F)(F)C(F)(F)C(F)(F)C(F)(F)C(F)(F)C(F)(F)C(F)(F)F"
"DTXSID80895315","125081-35-8","CKPASNHKFRKQAA-UHFFFAOYSA-N","C18H24F13I","614.071515628","CCCCCCCCCCC(I)CC(F)(F)C(F)(F)C(F)(F)C(F)(F)C(F)(F)C(F)(F)F"
"DTXSID80895330","89109-69-3","ADCGKSAFZSUUER-UHFFFAOYSA-N","C16H9F25","676.030505788","CCCCC(F)(F)C(F)(F)C(F)(F)C(F)(F)C(F)(F)C(F)(F)C(F)(F)C(F)(F)C(F)(F)C(F)(F)C(F)(F)C(F)(F)F"
"DTXSID80895335","54336-56-0","SDTPOMADHFFMFD-UHFFFAOYSA-N","C8H11F7O3","288.059641752","OCCOCCOCC(F)(F)C(F)(F)C(F)(F)F"
"DTXSID80895350","160460-03-7","ZHLCQJIGPWWKTA-UHFFFAOYSA-N","C18H27F9","414.196904844","CCCCCCCCCCCCC=CC(F)(F)C(F)(F)C(F)(F)C(F)(F)F"
"DTXSID80895355","93454-71-8","ABPWIOPUGZHCSE-UHFFFAOYSA-N","C22H25F21","688.16209342","CCCCCCCCCCCCC(F)(F)C(F)(F)C(F)(F)C(F)(F)C(F)(F)C(F)(F)C(F)(F)C(F)(F)C(F)(F)C(F)(F)F"
"DTXSID80895370","57325-43-6","QGHZNZSVANDDGP-UHFFFAOYSA-N","C23H32F15I","720.130922324","CCCCCCCCCCCCCCC(I)CC(F)(F)C(F)(F)C(F)(F)C(F)(F)C(F)(F)C(F)(F)C(F)(F)F"
"DTXSID80895375","677324-21-9","ZGZDVAOEZGHLSU-UHFFFAOYSA-N","C23H25F23","738.15889986","CCCCCCCCCCCCC(F)(F)C(F)(F)C(F)(F)C(F)(F)C(F)(F)C(F)(F)C(F)(F)C(F)(F)C(F)(F)C(F)(F)C(F)(F)F"
"DTXSID80895390","250738-43-3","IRENDMIBVKTRCR-UHFFFAOYSA-N","C25H31F21","730.209043612","CCCCCCCCCCCCCCCC(F)(F)C(F)(F)C(F)(F)C(F)(F)C(F)(F)C(F)(F)C(F)(F)C(F)(F)C(F)(F)C(F)(F)F"
"DTXSID80895395","959462-53-4","MMCIGPKUQANRMI-UHFFFAOYSA-N","C18H12F26","722.052384104","FC(F)(F)C(F)(F)C(F)(F)C(F)(F)C(F)(F)C(F)(F)CCCCCCC(F)(F)C(F)(F)C(F)(F)C(F)(F)C(F)(F)C(F)(F)F"
"DTXSID80895411","134052-01-0","LUTLJOIFXGWROU-UHFFFAOYSA-N","C17H23F13O","490.154132216","OCCCCCCCCCCCC(F)(F)C(F)(F)C(F)(F)C(F)(F)C(F)(F)C(F)(F)F"
"DTXSID80895416","121633-31-6","GNZWFMZOQNGUOW-UHFFFAOYSA-N","C20H20F21I","786.02744126","CCCCCCCCC(I)CC(F)(F)C(F)(F)C(F)(F)C(F)(F)C(F)(F)C(F)(F)C(F)(F)C(F)(F)C(F)(F)C(F)(F)F"
"DTXSID80895431","26649-26-3","XDVOHXVWJNEFGQ-UHFFFAOYSA-N","C11H4F17N","473.007228868","N#CCCC(F)(F)C(F)(F)C(F)(F)C(F)(F)C(F)(F)C(F)(F)C(F)(F)C(F)(F)F"
"DTXSID80895436","116177-47-0","GZEBVBMBNYOLPJ-UHFFFAOYSA-N","C25H27F25","802.171356364","CCCCCCCCCCCCCC(F)(F)C(F)(F)C(F)(F)C(F)(F)C(F)(F)C(F)(F)C(F)(F)C(F)(F)C(F)(F)C(F)(F)C(F)(F)C(F)(F)F"
"DTXSID80895451","1270180-04-5","NWVPZIXSRLLVAM-UHFFFAOYSA-N","C15H3F27","695.980362036","C=CC(F)(F)C(F)(F)C(F)(F)C(F)(F)C(F)(F)C(F)(F)C(F)(F)C(F)(F)C(F)(F)C(F)(F)C(F)(F)C(F)(F)C(F)(F)F"
"DTXSID80895456","464-21-1","BTJWLDDXZYWBNY-UHFFFAOYSA-N","C6H3F11N2","312.012058516","N=C(N)C(F)(F)C(F)(F)C(F)(F)C(F)(F)C(F)(F)F"
"DTXSID80895471","80793-21-1","IWJCXMJWFQQWED-UHFFFAOYSA-N","C8H3F13O","361.997631576","CC(=O)C(F)(F)C(F)(F)C(F)(F)C(F)(F)C(F)(F)C(F)(F)F"
"DTXSID80895476","4314-37-8","PKJHWGYUOCAZRL-UHFFFAOYSA-N","C4H3F7N2O","228.013360256","N=C(NO)C(F)(F)C(F)(F)C(F)(F)F"
"DTXSID80895491","118624-68-3","HDQATQLPXACQSR-UHFFFAOYSA-N","C15H20ClF9O","422.10589692","O=C(Cl)CCCCCCCCCCC(F)(F)C(F)(F)C(F)(F)C(F)(F)F"
"DTXSID80895496","97745-82-9","IAEFNLLTMXHRGE-UHFFFAOYSA-N","C10H7F7O","276.038512384","COc1ccc(C(F)(F)C(F)(F)C(F)(F)F)cc1"
"DTXSID80895512","82721-69-5","DJEKHYMIDUQGNM-UHFFFAOYSA-N","C10H9F9O","316.050968888","CCC(C)(O)C#CC(F)(F)C(F)(F)C(F)(F)C(F)(F)F"
"DTXSID80895517","959462-51-2","JFGKJLVJKBJQJJ-UHFFFAOYSA-N","C20H14F26I2","1001.876980168","FC(F)(F)C(F)(F)C(F)(F)C(F)(F)C(F)(F)C(F)(F)CC(I)CCCCC(I)CC(F)(F)C(F)(F)C(F)(F)C(F)(F)C(F)(F)C(F)(F)F"
"DTXSID80895532","63967-42-0","SIGVLQANXAPTLB-UHFFFAOYSA-N","C11HF21O","547.969207272","O=CC(F)(F)C(F)(F)C(F)(F)C(F)(F)C(F)(F)C(F)(F)C(F)(F)C(F)(F)C(F)(F)C(F)(F)F"
"DTXSID80895537","100550-09-2","QPOZZZHPGZIDCY-UHFFFAOYSA-N","C32H16F50","1350.045361512","FC(F)(F)C(F)(F)C(F)(F)C(F)(F)C(F)(F)C(F)(F)C(F)(F)C(F)(F)C(F)(F)C(F)(F)C(F)(F)C(F)(F)CCCCCCCCC(F)(F)C(F)(F)C(F)(F)C(F)(F)C(F)(F)C(F)(F)C(F)(F)C(F)(F)C(F)(F)C(F)(F)C(F)(F)C(F)(F)F"
"DTXSID80895552","1254971-75-9","GOFZRUGTCVZCAB-UHFFFAOYSA-N","C21H8F34I2","1159.817255736","FC(F)(F)C(F)(F)C(F)(F)C(F)(F)C(F)(F)C(F)(F)C(F)(F)C(F)(F)CC(I)CC(I)CC(F)(F)C(F)(F)C(F)(F)C(F)(F)C(F)(F)C(F)(F)C(F)(F)C(F)(F)F"
"DTXSID80895557","100550-11-6","HFOWLNFMBKJQLB-UHFFFAOYSA-N","C36H24F50","1406.107961768","FC(F)(F)C(F)(F)C(F)(F)C(F)(F)C(F)(F)C(F)(F)C(F)(F)C(F)(F)C(F)(F)C(F)(F)C(F)(F)C(F)(F)CCCCCCCCCCCCC(F)(F)C(F)(F)C(F)(F)C(F)(F)C(F)(F)C(F)(F)C(F)(F)C(F)(F)C(F)(F)C(F)(F)C(F)(F)C(F)(F)F"
"DTXSID80895572","1334419-24-7","UHVIBVXXGUDLQH-UHFFFAOYSA-N","C11H7F13O","402.028931704","C#CCOCCC(F)(F)C(F)(F)C(F)(F)C(F)(F)C(F)(F)C(F)(F)F"
"DTXSID80895577","118624-66-1","CLTPPAJDTWVGMU-UHFFFAOYSA-N","C17H20ClF13O","522.0995098","O=C(Cl)CCCCCCCCCCC(F)(F)C(F)(F)C(F)(F)C(F)(F)C(F)(F)C(F)(F)F"
"DTXSID80895592","137052-16-5","BBSJQRPSLLFZNT-UHFFFAOYSA-N","C11H4F9N","321.020003108","N#Cc1ccc(C(F)(F)C(F)(F)C(F)(F)C(F)(F)F)cc1"
"DTXSID80895597","1023972-12-4","LSUAQOJEEKKGRB-UHFFFAOYSA-N","C9H12F9NO","321.077517984","CN(C)CC(O)CC(F)(F)C(F)(F)C(F)(F)C(F)(F)F"
"DTXSID80895613","95682-67-0","KJRYUNFHXUGFPQ-UHFFFAOYSA-N","C15H8F17NO2","557.028358236","Nc1ccccc1.O=C(O)C(F)(F)C(F)(F)C(F)(F)C(F)(F)C(F)(F)C(F)(F)C(F)(F)C(F)(F)F"
"DTXSID80895618","1980039-13-1","SEQYYJKDJLYILZ-UHFFFAOYSA-N","C36H22F50I2","1657.901257704","FC(F)(F)C(F)(F)C(F)(F)C(F)(F)C(F)(F)C(F)(F)C(F)(F)C(F)(F)C(F)(F)C(F)(F)C(F)(F)C(F)(F)CC(I)CCCCCCCCC(I)CC(F)(F)C(F)(F)C(F)(F)C(F)(F)C(F)(F)C(F)(F)C(F)(F)C(F)(F)C(F)(F)C(F)(F)C(F)(F)C(F)(F)F"
"DTXSID80895633","106877-28-5","WYDOVJUQQMYICO-UHFFFAOYSA-N","C10H6F9N","311.035653172","Nc1ccccc1C(F)(F)C(F)(F)C(F)(F)C(F)(F)F"
"DTXSID80895638","1946796-71-9","FVKWUSQLPAJKRY-OWOJBTEDSA-N","C16H6F26","692.005433912","FC(F)(F)C(F)(F)C(F)(F)C(C/C=C/CC(C(F)(F)F)(C(F)(F)F)C(F)(F)C(F)(F)C(F)(F)F)(C(F)(F)F)C(F)(F)F"
"DTXSID80895653","82396-51-8","MTNQRVPPULDKMX-UHFFFAOYSA-N","C15H7F17","510.027629964","Cc1ccc(C(F)(F)C(F)(F)C(F)(F)C(F)(F)C(F)(F)C(F)(F)C(F)(F)C(F)(F)F)cc1"
"DTXSID80895658","377-58-2","WIPXBLARPSEZAV-UHFFFAOYSA-N","C8H10F7NO","269.06506148","CCN(CC)C(=O)C(F)(F)C(F)(F)C(F)(F)F"
"DTXSID80895673","261503-82-6","OYJDIUNBPLCGDV-UHFFFAOYSA-N","C11H2F18O2","507.976737264","O=C(CC(=O)C(F)(F)C(F)(F)C(F)(F)C(F)(F)F)C(F)(F)C(F)(F)C(F)(F)C(F)(F)F"
"DTXSID80895678","384828-82-4","CMVRDQOLJDTNPX-UHFFFAOYSA-N","C9H9F9O2","320.045883508","FC(F)(F)C(F)(F)C(F)(F)C(F)(F)CCOCC1CO1"
"DTXSID80895693","1608112-37-3","QNHWEZZPPUDLOF-UHFFFAOYSA-N","C13H7F9","334.040404204","FC(F)(F)C(F)(F)C(F)(F)C(F)(F)C1=Cc2ccccc2C1"
"DTXSID80895698","1816283-32-5","OXAXXFLQMZHILP-UHFFFAOYSA-N","C8H3ClF7N","280.984224316","FC(F)(F)C(F)(F)C(F)(F)c1cc(Cl)ccn1"
"DTXSID80895714","110960-47-9","QMOSTVKGCPGLHZ-UHFFFAOYSA-N","C12H7F7O","300.038512384","O=C(C=CC(F)(F)C(F)(F)C(F)(F)F)c1ccccc1"
"DTXSID80895719","82854-34-0","IGRZVTLQMRLRQZ-UHFFFAOYSA-N","C9H2F17NO","462.986493424","NC(=O)C(F)(F)C(F)(F)C(F)(F)C(F)(F)C(F)(F)C(F)(F)C(F)(F)C(F)(F)F"
"DTXSID80895734","240408-96-2","ADYNCUBVNWLXQE-UHFFFAOYSA-N","C9H3F13O2","389.992546196","C=COC(=O)C(F)(F)C(F)(F)C(F)(F)C(F)(F)C(F)(F)C(F)(F)F"
"DTXSID80895739","37858-04-1","CPOHLPPQNCULDC-UHFFFAOYSA-N","C12H7F17O2","506.017459204","CC(=O)OCCC(F)(F)C(F)(F)C(F)(F)C(F)(F)C(F)(F)C(F)(F)C(F)(F)C(F)(F)F"
"DTXSID80895754","75668-27-8","RXZZJNFYVKKCJW-UHFFFAOYSA-N","C9H12F7NO","283.080711544","CCCCCNC(=O)C(F)(F)C(F)(F)C(F)(F)F"
"DTXSID80895759","893556-35-9","RHOYTZWDGJGCCO-UHFFFAOYSA-N","C7H2F14O3S","431.950110004","O=S(=O)(OCC(F)(F)C(F)(F)F)C(F)(F)C(F)(F)C(F)(F)C(F)(F)F"
"DTXSID80895916","129590-24-5","NBWPDELDSTZRMV-UHFFFAOYSA-N","C11H7F7O3","320.028341624","O=C(O)c1ccc(OCC(F)(F)C(F)(F)C(F)(F)F)cc1"
"DTXSID80895931","117516-21-9","LGEGUXDEXZWMAL-UHFFFAOYSA-N","C10H5F13O3","420.00311088","CCOC(=O)C(=O)C(F)(F)C(F)(F)C(F)(F)C(F)(F)C(F)(F)C(F)(F)F"
"DTXSID80895936","93393-77-2","REEZRLCBIOJNCB-UHFFFAOYSA-N","C10H8ClF13O2S","473.972595036","O=S(=O)(CCCl)CCC(F)(F)C(F)(F)C(F)(F)C(F)(F)C(F)(F)C(F)(F)F"
"DTXSID80895951","1105981-44-9","IONYEBZQOMLVPQ-UHFFFAOYSA-N","C9H4F7NO2","291.013025908","O=C(O)c1ccc(C(F)(F)C(F)(F)C(F)(F)F)nc1"
"DTXSID80895956","129560-96-9","VQRKSWKQONXOSI-UHFFFAOYSA-N","C12H7F11O2","392.027039884","Oc1ccc(OCC(F)(F)C(F)(F)C(F)(F)C(F)(F)C(F)(F)F)cc1"
"DTXSID80895971","33843-69-5","GUDKAWFKANEZND-UHFFFAOYSA-N","C7H3F13N2O","378.003779576","NNC(=O)C(F)(F)C(F)(F)C(F)(F)C(F)(F)C(F)(F)C(F)(F)F"
"DTXSID80895976","20897-65-8","UIVKNBKEEUUPPJ-UHFFFAOYSA-N","C9H4F7NO2","291.013025908","O=C(O)c1ccnc(C(F)(F)C(F)(F)C(F)(F)F)c1"
"DTXSID80895991","304458-19-3","QKMXWPBMDRVWTQ-UHFFFAOYSA-N","C11H8F7NO","303.049411416","O=C(NCC(F)(F)C(F)(F)C(F)(F)F)c1ccccc1"
"DTXSID80895996","81769-55-3","NYLVUEIJJQQDBW-UHFFFAOYSA-N","C10H3F15N2","436.005671396","FC(F)(F)C(F)(F)C(F)(F)C(F)(F)C(F)(F)C(F)(F)C(F)(F)c1cnc[nH]1"
"DTXSID80896004","647-78-9","LULYEDKAPUSTAC-UHFFFAOYSA-N","C8H3F7N4","288.024593636","N#Cc1cnc(C(F)(F)C(F)(F)C(F)(F)F)nc1N"
"DTXSID80896009","1453469-53-8","RKYATAJCHIWJFK-UHFFFAOYSA-N","C10H2F13IS","527.871435924","FC(F)(F)C(F)(F)C(F)(F)C(F)(F)C(F)(F)C(F)(F)c1ccsc1I"
"DTXSID80896024","145663-11-2","ZTESDHKSKFXMLG-UHFFFAOYSA-N","C7H3F7N2OS","295.985431256","O=c1[nH]c(=S)[nH]cc1C(F)(F)C(F)(F)C(F)(F)F"
"DTXSID80896029","924894-11-1","RWORWXDIJRECQZ-UHFFFAOYSA-N","C16H2F32O3S","881.921367964","O=S(=O)(OCC(F)(F)C(F)(F)C(F)(F)C(F)(F)C(F)(F)C(F)(F)C(F)(F)C(F)(F)C(F)(F)C(F)(F)C(F)(F)F)C(F)(F)C(F)(F)C(F)(F)C(F)(F)F"
"DTXSID80896044","70414-03-8","SUAUDWRFVCXSIC-UHFFFAOYSA-N","C13H12F7NO","331.080711544","CC(CNC(=O)C(F)(F)C(F)(F)C(F)(F)F)c1ccccc1"
"DTXSID80896049","77146-66-8","CWKOYLVRJVKLFW-UHFFFAOYSA-N","C10H7F7N2O","304.044660384","O=C(NNc1ccccc1)C(F)(F)C(F)(F)C(F)(F)F"
"DTXSID80896064","152682-85-4","BUEDFFYOKTZGSS-UHFFFAOYSA-N","C12H3F17O4","533.975988316","O=C(O)C=CC(=O)OC(F)(F)C(F)(F)C(F)(F)C(F)(F)C(F)(F)C(F)(F)C(F)(F)C(F)(F)F"
"DTXSID80896069","73782-58-8","RUESXSNSDAABBG-UHFFFAOYSA-N","C15H8F15NO2","519.031551796","O=C(O)c1ccc(NCC(F)(F)C(F)(F)C(F)(F)C(F)(F)C(F)(F)C(F)(F)C(F)(F)F)cc1"
"DTXSID80896084","147916-77-6","MCMWZMDUNMGXKJ-UHFFFAOYSA-N","C8H4F7N5","303.035492668","Nc1nc(C(F)(F)C(F)(F)C(F)(F)F)nc2[nH]cnc12"
"DTXSID80896089","6104-17-2","JFDOEXGUBUFCIO-UHFFFAOYSA-N","C11H6F17NO2","507.012708172","O=C(NCCO)C(F)(F)C(F)(F)C(F)(F)C(F)(F)C(F)(F)C(F)(F)C(F)(F)C(F)(F)F"
"DTXSID80896100","51814-65-4","WSXDNDBZYMSYLA-UHFFFAOYSA-N","C12H10F7NO","317.06506148","CCc1ccccc1NC(=O)C(F)(F)C(F)(F)C(F)(F)F"
"DTXSID80896105","36839-95-9","OSWRWZGVKCULJE-UHFFFAOYSA-N","C10H9F9O3S","380.012869128","O=S(=O)(OC1=CCCCC1)C(F)(F)C(F)(F)C(F)(F)C(F)(F)F"
"DTXSID80896120","550302-16-4","RQKFJVQTGLVHSH-UHFFFAOYSA-N","C11H8F7NO2","319.044326036","COc1cccc(NC(=O)C(F)(F)C(F)(F)C(F)(F)F)c1"
"DTXSID80896125","98010-21-0","YFFAYDLVDYQFCZ-UHFFFAOYSA-N","C22H16F7O4P","508.067443162","O=P(Oc1ccccc1)(Oc1ccccc1)OC(c1ccccc1)C(F)(F)C(F)(F)C(F)(F)F"
"DTXSID80896140","1426894-99-6","HTNMUFBXPAVNBZ-UHFFFAOYSA-N","C8H3F9N2OS","345.982237696","O=c1cc(C(F)(F)C(F)(F)C(F)(F)C(F)(F)F)[nH]c(=S)[nH]1"
"DTXSID80896145","32848-21-8","CNYCZTSCFHTQLM-UHFFFAOYSA-N","C10H3Cl2F9O3S","443.903624296","O=S(=O)(Oc1ccc(Cl)cc1Cl)C(F)(F)C(F)(F)C(F)(F)C(F)(F)F"
"DTXSID80896160","1366341-52-7","QYFVACRNVSGUMV-VIFPVBQESA-N","C13H10F7NO","329.06506148","FC(F)(F)C(F)(F)C(F)(F)C1=N[C@@H](Cc2ccccc2)CO1"
"DTXSID80896165","38506-76-2","NVGMZQYQNNPDAJ-UHFFFAOYSA-N","C19H11Cl2F17O2","663.986464692","CC(=O)Oc1ccc(Cl)cc1CC(Cl)CC(F)(F)C(F)(F)C(F)(F)C(F)(F)C(F)(F)C(F)(F)C(F)(F)C(F)(F)F"
"DTXSID80896180","1131890-97-5","NPAMPMCSCRUCAB-UHFFFAOYSA-N","C11H6ClF9O4S","439.953161332","COc1ccc(OS(=O)(=O)C(F)(F)C(F)(F)C(F)(F)C(F)(F)F)c(Cl)c1"
"DTXSID80896185","305849-13-2","BVOVIJBDEFICAD-UHFFFAOYSA-N","C19H10F21NO2","683.03762118","O=C(Nc1ccccc1)OCCC(F)(F)C(F)(F)C(F)(F)C(F)(F)C(F)(F)C(F)(F)C(F)(F)C(F)(F)C(F)(F)C(F)(F)F"
"DTXSID80896201","1440968-21-7","FLLDEJHRVFMCRU-UHFFFAOYSA-N","C10H10F9NO3S","395.02376816","O=C(NS(=O)(=O)C(F)(F)C(F)(F)C(F)(F)C(F)(F)F)C1CCCC1"
"DTXSID80896206","96146-12-2","VSNLGZJCMQXKOZ-UHFFFAOYSA-N","C13H7F9N2O","378.041466824","O=C1CC(C(F)(F)C(F)(F)C(F)(F)C(F)(F)F)=Nc2ccccc2N1"
"DTXSID80896221","41605-57-6","XKJVCVNWVBTHFU-UHFFFAOYSA-N","C12H8F9NO4S","433.003032716","CC(=O)Nc1ccc(OS(=O)(=O)C(F)(F)C(F)(F)C(F)(F)C(F)(F)F)cc1"
"DTXSID80896226","38506-78-4","JDRLLIHRNJZEPG-UHFFFAOYSA-N","C19H9Cl4F17O2","731.908519988","CC(=O)Oc1c(Cl)cc(Cl)c(Cl)c1CC(Cl)CC(F)(F)C(F)(F)C(F)(F)C(F)(F)C(F)(F)C(F)(F)C(F)(F)C(F)(F)F"
"DTXSID80896241","119403-58-6","UXYZBNZRCWCUCV-UHFFFAOYSA-N","C11H9F9N2O2","372.052031508","CCOC(=O)c1c(C)n[nH]c1C(F)(F)C(F)(F)C(F)(F)C(F)(F)F"
"DTXSID80896246","165618-99-5","CWSCAZHIVRUESE-UHFFFAOYSA-N","C14H9F13N2O3S","532.012630008","NS(=O)(=O)c1ccc(CNC(=O)C(F)(F)C(F)(F)C(F)(F)C(F)(F)C(F)(F)C(F)(F)F)cc1"
"DTXSID80896261","376380-66-4","BVUOXVSHTGNMRR-UHFFFAOYSA-N","C17H9F9O5","464.030627368","COc1c2occc2c(OC)c2c(=O)cc(C(F)(F)C(F)(F)C(F)(F)C(F)(F)F)oc12"
"DTXSID80896266","113584-36-4","OWZFIVLIZBBEEO-UHFFFAOYSA-N","C18H19F17N2O3S","666.084493208","CCCCCC(=O)N1CCN(S(=O)(=O)C(F)(F)C(F)(F)C(F)(F)C(F)(F)C(F)(F)C(F)(F)C(F)(F)C(F)(F)F)CC1"
"DTXSID80896281","93416-31-0","FHVSJLCABUCZMI-UHFFFAOYSA-N","C17H14F13NO4S","575.043595788","COc1ccc(C2CN(C)OC2S(=O)(=O)C(F)(F)C(F)(F)C(F)(F)C(F)(F)C(F)(F)C(F)(F)F)cc1"
"DTXSID80896286","1033630-69-1","RUBJGSLXONDMLG-RRKCRQDMSA-N","C12H11F7N2O5","396.055618992","O=c1[nH]c(=O)n([C@H]2C[C@H](O)[C@@H](CO)O2)cc1C(F)(F)C(F)(F)C(F)(F)F"
"DTXSID80896302","220469-13-6","GQUBVUFBTNFEHA-UHFFFAOYSA-N","C9H13F7O","270.085462576","OCCCCCCC(F)(C(F)(F)F)C(F)(F)F"
"DTXSID80896307","773869-22-0","XOCKVJATRHEEPH-UHFFFAOYSA-N","C5H3F7O2","228.002126876","O=C(O)CC(F)(C(F)(F)F)C(F)(F)F"
"DTXSID80896322","1137162-24-3","GKVZAWSAJJIQMI-UHFFFAOYSA-N","C10H7F7O","276.038512384","OCc1ccc(C(F)(C(F)(F)F)C(F)(F)F)cc1"
"DTXSID80896327","58621-72-0","WUOLIJJSAIZFOF-OWOJBTEDSA-N","C8F16","399.97445152","F/C(=C(/C(F)(F)C(F)(F)F)C(F)(C(F)(F)F)C(F)(F)F)C(F)(F)F"
"DTXSID80896342","17480-16-9","MESQHETYOOSPOO-UHFFFAOYSA-N","C9F12","335.98083864","Fc1c(F)c(F)c(C(F)(C(F)(F)F)C(F)(F)F)c(F)c1F"
"DTXSID80896347","1816286-71-1","AQYIGCRIXKCJIK-UHFFFAOYSA-N","C8H3ClF7N","280.984224316","FC(F)(F)C(F)(c1ccnc(Cl)c1)C(F)(F)F"
"DTXSID80896362","112754-12-8","FJPYWQSQUDKSOV-UHFFFAOYSA-N","C10F14","385.97764508","Fc1c(F)c(F)c(C(F)(C(F)(F)F)C(F)(F)F)c(C(F)(F)F)c1F"
"DTXSID80896367","38392-11-9","WMENIYMCCRGYJQ-UHFFFAOYSA-N","C11H7F7O2","304.033427004","O=C(OCc1ccccc1)C(F)(C(F)(F)F)C(F)(F)F"
"DTXSID80896382","1433216-51-3","MIWXGZCQDQYIBN-UHFFFAOYSA-N","C10H5F7N2O","302.02901032","O=c1[nH]c2ccc(C(F)(C(F)(F)F)C(F)(F)F)cc2[nH]1"
"DTXSID80896387","103634-36-2","QTYGPRCHPTTYIL-UHFFFAOYSA-N","C11F14","397.97764508","Fc1c(F)c(F)c2c(c1F)C(F)(F)C2(F)C(F)(C(F)(F)F)C(F)(F)F"
"DTXSID80896403","20017-48-5","RRBUNXWAKOHOQD-UHFFFAOYSA-N","C9H3F10NO","331.005495916","COc1nc(F)c(F)c(C(F)(C(F)(F)F)C(F)(F)F)c1F"
"DTXSID80896408","1355554-19-6","UMLXVOGCYVWMHN-UHFFFAOYSA-N","C12H9F7O3S","366.016062688","Cc1c(C(=O)O)ccc(C(F)(C(F)(F)F)C(F)(F)F)c1S(C)=O"
"DTXSID80896423","1355554-44-7","YGNLFPZAYHGIFN-UHFFFAOYSA-N","C13H11F7O4S","396.026627372","CCS(=O)(=O)c1c(C(F)(C(F)(F)F)C(F)(F)F)ccc(C(=O)O)c1C"
"DTXSID80896428","1355555-11-1","ILBDMKGZYGQOLP-UHFFFAOYSA-N","C14H13F7O4S","410.042277436","CCc1c(C(=O)O)ccc(C(F)(C(F)(F)F)C(F)(F)F)c1S(=O)(=O)CC"
"DTXSID80896443","1355555-26-8","JERIDHIJIGOGPJ-UHFFFAOYSA-N","C16H17F7O4S","438.073577564","CCc1c(C(=O)O)ccc(C(F)(C(F)(F)F)C(F)(F)F)c1S(=O)(=O)C(C)(C)C"
"DTXSID80896448","1355555-25-7","XZAVKYNSLWXFDI-UHFFFAOYSA-N","C16H17F7O4S","438.073577564","CCc1c(C(=O)O)ccc(C(F)(C(F)(F)F)C(F)(F)F)c1S(=O)(=O)C(C)CC"
"DTXSID80896463","862133-37-7","INGKWWAJPZGKLN-UHFFFAOYSA-N","C25H17Br2F7N2O2","667.954499524","Cc1cc(C(F)(C(F)(F)F)C(F)(F)F)cc(C)c1NC(=O)c1cc(NC(=O)c2ccccc2)c(Br)cc1Br"
"DTXSID80896468","862133-14-0","MIPUSCPBEUAWLF-UHFFFAOYSA-N","C25H16F9N3O4","593.099709972","Cc1cc(C(F)(C(F)(F)F)C(F)(F)F)cc(C)c1NC(=O)c1cccc(NC(=O)c2ccc(F)cc2[N+](=O)[O-])c1F"
"DTXSID80896483","609818-38-4","JFSRSSKOKVQKAT-UHFFFAOYSA-N","C7F14O2","381.96747432","FC(F)=C(F)OC(F)(F)C(F)(F)C(F)(F)C(F)(F)OC(F)(F)F"
"DTXSID80896488","117516-09-3","SUJXGMJJNALKPI-UHFFFAOYSA-N","C6H3F9O3","293.993847936","COC(=O)C(F)(OC(F)(F)C(F)(F)F)C(F)(F)F"
"DTXSID80896504","147224-18-8","CGSFDPJUSOBKQT-UHFFFAOYSA-N","C10H9F11O3","386.037604568","CCCCOC(=O)C(F)(OC(F)(F)C(F)(F)C(F)(F)F)C(F)(F)F"
"DTXSID80896509","328065-54-9","GPFMSPFBVXSGBE-UHFFFAOYSA-N","C11H8F17NO4","541.018187476","CNC.O=C(O)C(F)(OC(F)(F)C(F)(OC(F)(F)C(F)(F)C(F)(F)F)C(F)(F)F)C(F)(F)F"
"DTXSID80896524","60308-67-0","LEBNQGASTHOFJF-UHFFFAOYSA-N","C9H2F17NO3","494.976322664","NC(=O)C(F)(OC(F)(F)C(F)(OC(F)(F)C(F)(F)C(F)(F)F)C(F)(F)F)C(F)(F)F"
"DTXSID80896529","107368-63-8","JXPUKRLBUAVXEM-UHFFFAOYSA-N","C15H13F17O4","580.054238636","CC(OC(=O)C(F)(OC(F)(F)C(F)(OC(F)(F)C(F)(F)C(F)(F)F)C(F)(F)F)C(F)(F)F)C(C)(C)C"
"DTXSID80896544","178167-73-2","HIKBKKZYHFXKJZ-UHFFFAOYSA-N","C17H18F17NO3","607.101523176","CCCCN(CCCC)C(=O)C(F)(OC(F)(F)C(F)(OC(F)(F)C(F)(F)C(F)(F)F)C(F)(F)F)C(F)(F)F"
"DTXSID80896549","176702-72-0","HWTUPPZVUGCCDA-UHFFFAOYSA-N","C11H10F11NO2","397.05358898","O=C(N1CCCCC1)C(F)(OC(F)(F)C(F)(F)C(F)(F)F)C(F)(F)F"
"DTXSID80896564","23228-90-2","DZRJDVMVCAOKEZ-UHFFFAOYSA-N","C10F22O2","569.95470008","FC(F)(F)C(F)(OC(F)(F)C(F)(F)C(F)(F)C(F)(F)OC(F)(C(F)(F)F)C(F)(F)F)C(F)(F)F"
"DTXSID80896569","1882109-59-2","TZIYPPGHIRPIHL-UHFFFAOYSA-N","C8HF15O2","413.973702572","O=C(O)C(C(F)(F)F)(C(F)(F)C(F)(F)F)C(F)(C(F)(F)F)C(F)(F)F"
"DTXSID80896584","1882109-74-1","FAJNUIJJBSAMFG-UHFFFAOYSA-N","C8HF15O2","413.973702572","O=C(O)C(F)(F)C(C(F)(F)F)(C(F)(F)F)C(F)(C(F)(F)F)C(F)(F)F"
"DTXSID80896589","1882109-79-6","FLDAOAOUZFAVRT-UHFFFAOYSA-N","C8HF15O2","413.973702572","O=C(O)C(F)(F)C(F)(F)C(F)(C(F)(F)C(F)(F)F)C(F)(F)C(F)(F)F"
"DTXSID80896600","1144512-36-6","YQPBELLZGQBWJP-UHFFFAOYSA-N","C8HF15O2","413.973702572","O=C(O)C(F)(F)C(F)(F)C(F)(C(F)(F)F)C(F)(C(F)(F)F)C(F)(F)F"
"DTXSID80896605","132405-54-0","QWUFNQYGXMUGOZ-UHFFFAOYSA-N","C25H7F41O2","1117.979136484","C=C(C)C(=O)OCC(F)(F)C(F)(F)C(F)(F)C(F)(F)C(F)(F)C(F)(F)C(F)(F)C(F)(F)C(F)(F)C(F)(F)C(F)(F)C(F)(F)C(F)(F)C(F)(F)C(F)(F)C(F)(F)C(F)(F)C(F)(F)C(F)(F)C(F)(F)F"
"DTXSID80896620","127003-77-4","HTQCZDLRLOQUGP-UHFFFAOYSA-N","C16F34O4","901.92536796","FC(F)(F)C(F)(F)C(F)(F)OC(F)(C(F)(F)F)C(F)(F)OC(F)(C(F)(F)F)C(F)(F)OC(F)(C(F)(F)F)C(F)(OC(F)(F)C(F)(F)C(F)(F)F)C(F)(F)F"
"DTXSID80896625","336-23-2","PKMMBPOWNVGELL-UHFFFAOYSA-M","C5F9KO2","301.9391649","O=C([O-])C(F)(F)C(F)(F)C(F)(F)C(F)(F)F.[K+]"
"DTXSID80896640","94190-73-5","CIKIDDKPRJUVDC-UHFFFAOYSA-M","C26H19F13IP","736.006152098","FC(F)(F)C(F)(F)C(F)(F)C(F)(F)C(F)(F)C(F)(F)CC[P+](c1ccccc1)(c1ccccc1)c1ccccc1.[I-]"
"DTXSID80896645","79630-80-1","QFKPETTXSHBLGK-UHFFFAOYSA-M","C6F11NaO3","351.95694856","O=C([O-])C(F)(F)C(F)(F)OC(F)(F)C(F)(F)C(F)(F)F.[Na+]"
"DTXSID80896660","83227-62-7","BRHMFXVXLONVKC-OWOJBTEDSA-N","C6H2F10","263.999682264","FC(F)(F)/C=C/C(F)(F)C(F)(F)C(F)(F)F"
"DTXSID80896665","104504-30-5","IYAUTGRZIRZZES-MDZDMXLPSA-N","C14H19F9","358.134304588","CCCCCCCC/C=C/C(F)(F)C(F)(F)C(F)(F)C(F)(F)F"
"DTXSID80896680","113999-61-4","YDKKPMDGMXMFMV-MDZDMXLPSA-N","C18H19F17","558.121530348","CCCCCCCC/C=C/C(F)(F)C(F)(F)C(F)(F)C(F)(F)C(F)(F)C(F)(F)C(F)(F)C(F)(F)F"
"DTXSID80896685","95452-53-2","XGONTPLWCDFSPQ-SREVYHEPSA-N","C12H7F9","322.040404204","FC(F)(F)C(F)(F)C(F)(F)C(F)(F)/C=C\c1ccccc1"
"DTXSID80896701","136909-85-8","FGWAKQKTCXBUER-RQOWECAXSA-N","C11H4F16O","456.000666268","CC(=O)/C=C(\F)C(F)(F)C(F)(F)C(F)(F)C(F)(F)C(F)(F)C(F)(F)C(F)(F)F"
"DTXSID80896706","88951-19-3","BMXVWOGRMNOISH-IZLXSQMJSA-N","C10H12F7NO","295.080711544","NC(=O)[C@H]1CC[C@H](C(F)(F)C(F)(F)C(F)(F)F)CC1"
"DTXSID80896721","93080-42-3","BJEXEPYIVRVXQT-PRJDIBJQSA-N","C11H14F7NO3","341.086190848","CCC(C)OC(=O)[C@@H](C)NC(=O)C(F)(F)C(F)(F)C(F)(F)F"
"DTXSID80896726","29680-98-6","DVEYKCZOFBIPNL-UHFFFAOYSA-N","C19H8F30N2O2","866.010674096","O=C(NCCCNC(=O)C(F)(F)C(F)(F)C(F)(F)C(F)(F)C(F)(F)C(F)(F)C(F)(F)F)C(F)(F)C(F)(F)C(F)(F)C(F)(F)C(F)(F)C(F)(F)C(F)(F)F"
"DTXSID80896741","134330-88-4","OGUAMXMVIRXTMU-OWOJBTEDSA-N","C8F14O","377.9725597","O=C(/C(F)=C(\F)C(F)(C(F)(F)F)C(F)(F)F)C(F)(F)C(F)(F)F"
"DTXSID80896746","95841-80-8","HTIKFKFFFZPLCK-UHFFFAOYSA-N","C10F22O4","601.94452932","FC(F)(F)OC(OC(F)(F)C(F)(F)OC(OC(F)(F)F)(C(F)(F)F)C(F)(F)F)(C(F)(F)F)C(F)(F)F"
"DTXSID80896761","83706-97-2","ATYZUVRSTXBJLR-OWOJBTEDSA-N","C9H5F13O","376.01328164","OC/C=C/C(F)(F)C(F)(F)C(F)(F)C(F)(F)C(F)(F)C(F)(F)F"
"DTXSID80896968","864071-08-9","SNGREZUHAYWORS-ZDOIIHCHSA-N","C8HF15O2","413.973702572","O=[13C](O)[13C](F)(F)C(F)(F)C(F)(F)C(F)(F)C(F)(F)C(F)(F)C(F)(F)F"
"DTXSID80896983","328531-06-2","FPJAZQADPBIOPJ-UHFFFAOYSA-N","C15H14F17NO2","563.075308428","O=C([O-])C(F)(F)C(F)(F)C(F)(F)C(F)(F)C(F)(F)C(F)(F)C(F)(F)C(F)(F)F.[NH3+]C1CCCCC1"
"DTXSID80896988","6/05/4192","MCKRJDYXIPRUNQ-UHFFFAOYSA-N","C7H8F7NO","255.049411416","CC(C)OC(=N)C(F)(F)C(F)(F)C(F)(F)F"
"DTXSID80897016","92737-03-6","KXUZRJPEPYHDCB-UHFFFAOYSA-N","C11H6ClF9O","359.996346472","OC(CCl)(c1ccc(F)cc1F)C(F)(F)C(F)(F)C(F)(F)F"
"DTXSID80897031","129318-48-5","FKHBGGZSNWYVBI-UHFFFAOYSA-O","C8H4F18N2O4S2","597.932506568","O=S(=O)([N-]S(=O)(=O)C(F)(F)C(F)(F)C(F)(F)C(F)(F)F)C(F)(F)C(F)(F)C(F)(F)C(F)(F)F.[NH4+]"
"DTXSID80897051","1612778-37-6","GYLVKWUPZMTHBJ-UZCWWPNHSA-N","C11H5F9N2O3S","415.987717","O=[N+]([O-])c1ccc(/C=N/[S@@](=O)C(F)(F)C(F)(F)C(F)(F)C(F)(F)F)cc1"
"DTXSID80897096","88436-09-3","CNKDXTSGYRCWFY-YFKPBYRVSA-N","C11H12F7NO5","371.060370024","CCCOC(=O)[C@H](CC(=O)O)NC(=O)C(F)(F)C(F)(F)C(F)(F)F"
"DTXSID80897152","204922-38-3","RYMJFSVRYUFPPM-UHFFFAOYSA-N","C30H26F34N2O2","1092.145137552","O=C(NCCCCCCCCCCCCNC(=O)C(F)(F)C(F)(F)C(F)(F)C(F)(F)C(F)(F)C(F)(F)C(F)(F)C(F)(F)F)C(F)(F)C(F)(F)C(F)(F)C(F)(F)C(F)(F)C(F)(F)C(F)(F)C(F)(F)F"
"DTXSID80897172","524726-49-6","IHIMECRMQYQKJO-UHFFFAOYSA-N","C14H6F14N2O2","500.020572512","O=C(Nc1ccc(NC(=O)C(F)(F)C(F)(F)C(F)(F)F)cc1)C(F)(F)C(F)(F)C(F)(F)F"
"DTXSID80897253","467220-84-4","TUQKZNYBICDFSC-FCAWWPLPSA-N","C9H9F9O5","368.030627368","OC[C@@H]1O[C@H](O)[C@](O)(C(F)(F)C(F)(F)C(F)(F)C(F)(F)F)[C@H]1O"
"DTXSID80897298","18323-96-1","KZBQCXBCJMHJOB-VNGPFPIXSA-K","C30H30F21O6Yb","1059.1095684","CC(C)(C)/C([O-])=C/C(=O)C(F)(F)C(F)(F)C(F)(F)F.CC(C)(C)/C([O-])=C/C(=O)C(F)(F)C(F)(F)C(F)(F)F.CC(C)(C)/C([O-])=C/C(=O)C(F)(F)C(F)(F)C(F)(F)F.[Yb+3]"
"DTXSID80897470","1075687-38-5","ICXAVRGKJJLQDO-INIZCTEOSA-N","C29H17F26NO","889.089497884","OC(c1ccc(C(F)(F)C(F)(F)C(F)(F)C(F)(F)C(F)(F)C(F)(F)F)cc1)(c1ccc(C(F)(F)C(F)(F)C(F)(F)C(F)(F)C(F)(F)C(F)(F)F)cc1)[C@@H]1CCCN1"
"DTXSID80897475","1363391-48-3","RRBZUUUVOKHTLH-UHFFFAOYSA-N","C20H19F13N2O2","566.123894708","OC(COCCC(F)(F)C(F)(F)C(F)(F)C(F)(F)C(F)(F)C(F)(F)F)CN1CCN=C1c1ccccc1"
"DTXSID80897490","1184850-50-7","YOOCRETZGVJDBF-UHFFFAOYSA-N","C9H6BF7O2","290.034907372","OB(O)c1ccc(C(F)(C(F)(F)F)C(F)(F)F)cc1"
"DTXSID80897495","153463-21-9","DUAIJEYNEJQOCE-OLSVQSNTSA-N","C27H39F7O","512.288913408","CC(CCCC(F)(C(F)(F)F)C(F)(F)F)[C@H]1CC[C@H]2[C@@H]3CC=C4C[C@@H](O)CC[C@]4(C)[C@H]3CC[C@]12C"
"DTXSID80897511","1132677-78-1","UBGPASCOGXQXLD-UHFFFAOYSA-N","C13H8F18O3","554.018602076","O=C(OCCC(F)(F)C(F)(F)C(F)(F)C(F)(F)F)OCCC(F)(F)C(F)(F)C(F)(F)C(F)(F)F"
"DTXSID80897536","97163-17-2","FVLINAMCSIIXQX-UHFFFAOYSA-L","C22CaF42O4","1165.8751847","O=C([O-])C(F)(F)C(F)(F)C(F)(F)C(F)(F)C(F)(F)C(F)(F)C(F)(F)C(F)(F)C(F)(F)C(F)(F)F.O=C([O-])C(F)(F)C(F)(F)C(F)(F)C(F)(F)C(F)(F)C(F)(F)C(F)(F)C(F)(F)C(F)(F)C(F)(F)F.[Ca+2]"
"DTXSID80897551","63225-58-1","KEZSZPYKJJAJLN-UHFFFAOYSA-N","C12H8F21NO4S","660.983871356","O=S(=O)([O-])OCCC(F)(F)C(F)(F)C(F)(F)C(F)(F)C(F)(F)C(F)(F)C(F)(F)C(F)(F)C(F)(F)C(F)(F)F.[NH4+]"
"DTXSID80897556","167289-73-8","NWOCJBANVRNAJO-KTKRTIGZSA-N","C28H37F17O2","728.252210164","CCCCCCCC/C=C\CCCCCCCC(=O)OCCC(F)(F)C(F)(F)C(F)(F)C(F)(F)C(F)(F)C(F)(F)C(F)(F)C(F)(F)F"
"DTXSID80897591","1429174-38-8","-","-","-",NA
"DTXSID80897596","325966-78-7","-","-","-",NA
"DTXSID80897612","1645848-42-5","-","-","-",NA
"DTXSID80897617","65605-68-7","-","-","-",NA
"DTXSID80897632","161308-18-5","-","-","-",NA
"DTXSID80897637","161212-16-4","-","-","-",NA
"DTXSID80897652","254889-72-0","-","-","-",NA
"DTXSID80897657","97136-02-2","-","-","-",NA
"DTXSID80897672","1648539-69-8","-","-","-",NA
"DTXSID80897677","161212-27-7","-","-","-",NA
"DTXSID80897692","161308-25-4","-","-","-",NA
"DTXSID80897697","161308-23-2","-","-","-",NA
"DTXSID80897713","161075-01-0","-","-","-",NA
"DTXSID8094203","25971-78-2","-","-","-",NA
"DTXSID90103054","69278-80-4","-","-","-",NA
"DTXSID90104480","72623-77-9","-","-","-",NA
"DTXSID90105336","88645-29-8","-","-","-",NA
"DTXSID90105770","101316-90-9","-","-","-",NA
"DTXSID90106727","148684-79-1","-","-","-",NA
"DTXSID90106949","158706-63-9","-","-","-",NA
"DTXSID90149518","111173-25-2","BKIWNMVJOHRIMW-UHFFFAOYSA-N","C6HF11O4S","377.941989932","FC(F)=C(F)F.O=S(=O)(O)C(F)(F)C(F)(F)OC(F)=C(F)F"
"DTXSID90180087","25431-45-2","RXZWAMINHJDYKW-UHFFFAOYSA-N","C9H3F15","395.999523396","C=CC(F)(F)C(F)(F)C(F)(F)C(F)(F)C(F)(F)C(F)(F)C(F)(F)F"
"DTXSID90181998","27607-36-9","MOUDFVMYURTYQA-UHFFFAOYSA-N","C14H14F17NO2","551.075308428","OCCN(CCO)CCC(F)(F)C(F)(F)C(F)(F)C(F)(F)C(F)(F)C(F)(F)C(F)(F)C(F)(F)F"
"DTXSID90184727","307-62-0","HYZQZWDYBKVIRI-UHFFFAOYSA-N","C14F30","737.9520966","FC(F)(F)C(F)(F)C(F)(F)C(F)(F)C(F)(F)C(F)(F)C(F)(F)C(F)(F)C(F)(F)C(F)(F)C(F)(F)C(F)(F)C(F)(F)C(F)(F)F"
"DTXSID90185113","31185-67-8","WEIYHBVATQQFOK-UHFFFAOYSA-N","C9H9F7O3","298.043991688","CC12COC(C(F)(F)C(F)(F)C(F)(F)F)(OC1)OC2"
"DTXSID90190949","375-80-4","JOQDDLBOAIKFQX-UHFFFAOYSA-N","C6F12I2","553.78978464","FC(F)(I)C(F)(F)C(F)(F)C(F)(F)C(F)(F)C(F)(F)I"
"DTXSID90191037","376-68-1","IHYAGCYJVNHXCT-UHFFFAOYSA-N","C5F6O3","221.97516318","O=C1OC(=O)C(F)(F)C(F)(F)C1(F)F"
"DTXSID90194306","41358-63-8","PJFLHAJVWSCWMB-UHFFFAOYSA-N","C15H17F15N2O3","558.099965704","O=C(NCCCN(CCO)CCO)C(F)(F)C(F)(F)C(F)(F)C(F)(F)C(F)(F)C(F)(F)C(F)(F)F"
"DTXSID90194902","42060-64-0","CBDPDNLRQXGUIG-UHFFFAOYSA-N","C4F8O2S","263.949126","O=S1(=O)C(F)(F)C(F)(F)C(F)(F)C1(F)F"
"DTXSID90206377","57677-97-1","YGJRUVMNNWUSMZ-UHFFFAOYSA-N","C24H20F34NO6P","1095.04853347","O=P([O-])(OCCC(F)(F)C(F)(F)C(F)(F)C(F)(F)C(F)(F)C(F)(F)C(F)(F)C(F)(F)F)OCCC(F)(F)C(F)(F)C(F)(F)C(F)(F)C(F)(F)C(F)(F)C(F)(F)C(F)(F)F.OCC[NH2+]CCO"
"DTXSID90216375","662-01-1","JETINLPZEWINFD-UHFFFAOYSA-N","C3Cl2F6","219.92812468","FC(F)(Cl)C(F)(F)C(F)(F)Cl"
"DTXSID90218051","678-41-1","AFWOYEYXUDHGHF-UHFFFAOYSA-N","C20H9F34O4P","989.969554878","O=P(O)(OCCC(F)(F)C(F)(F)C(F)(F)C(F)(F)C(F)(F)C(F)(F)C(F)(F)C(F)(F)F)OCCC(F)(F)C(F)(F)C(F)(F)C(F)(F)C(F)(F)C(F)(F)C(F)(F)C(F)(F)F"
"DTXSID90233047","84145-18-6","ZCOLNYMULWIGPK-UHFFFAOYSA-N","C5HF9O","247.988368632","FC(F)=C(F)OC(F)(F)C(F)(F)C(F)F"
"DTXSID90239569","93762-09-5","GWJVUODILLGCGD-UHFFFAOYSA-N","C4HF9O3S","299.950268872","O=S(=O)(O)C(F)(F)C(F)(C(F)(F)F)C(F)(F)F"
"DTXSID90239600","93776-27-3","YFJAQIPQNPVIHY-UHFFFAOYSA-N","C34H12F62NO4P","1706.951394134","O=P([O-])(OCCC(F)(F)C(F)(F)C(F)(F)C(F)(F)C(F)(F)C(F)(F)C(F)(F)C(F)(F)C(F)(F)C(F)(F)C(F)(F)C(F)(F)C(F)(C(F)(F)F)C(F)(F)F)OCCC(F)(F)C(F)(F)C(F)(F)C(F)(F)C(F)(F)C(F)(F)C(F)(F)C(F)(F)C(F)(F)C(F)(F)C(F)(F)C(F)(F)C(F)(C(F)(F)F)C(F)(F)F.[NH4+]"
"DTXSID90276353","25962-44-1","CJFUEPJVIFJOOU-UHFFFAOYSA-N","C8H7F9O","290.035318824","FC(F)(F)C(F)(F)C(F)(F)C(F)(F)C1CCCO1"
"DTXSID90277906","374-77-6","LYMIGLGNHPPIQP-UHFFFAOYSA-N","C8F16","399.97445152","FC(F)(F)C1(F)C(F)(F)C(F)(F)C(F)(C(F)(F)F)C(F)(F)C1(F)F"
"DTXSID90278736","595-26-6","ATAOWIQUJGHXOL-UHFFFAOYSA-N","C10H5F7O3","306.01269156","O=C(CC(=O)C(F)(F)C(F)(F)C(F)(F)F)c1ccco1"
"DTXSID90289322","648-19-1","DLOWRKICBRDMJY-UHFFFAOYSA-N","C8H2F14N2O2","423.989272384","O=C(NNC(=O)C(F)(F)C(F)(F)C(F)(F)F)C(F)(F)C(F)(F)C(F)(F)F"
"DTXSID90292093","336-60-7","UMAGRURZHCBKFO-UHFFFAOYSA-N","C10H6F7NO","289.033761352","O=C(Cc1ccccn1)C(F)(F)C(F)(F)C(F)(F)F"
"DTXSID90292457","4472-70-2","DCJMIOHJPJONIJ-UHFFFAOYSA-N","C6H5F7N2","238.0340957","FC(F)(F)C(F)(F)C(F)(F)C1=NCCN1"
"DTXSID90315130","423-60-9","FJHZKRYJOILIGD-UHFFFAOYSA-N","C8ClF17O2S","517.90360766","O=S(=O)(Cl)C(F)(F)C(F)(F)C(F)(F)C(F)(F)C(F)(F)C(F)(F)C(F)(F)C(F)(F)F"
"DTXSID90328947","648-13-5","BDVIKRZPWOTDRP-UHFFFAOYSA-N","C8H3F14N3","407.010342176","N=C(/N=C(\N)C(F)(F)C(F)(F)C(F)(F)F)C(F)(F)C(F)(F)C(F)(F)F"
"DTXSID90338647","79272-26-7","RUVAVKKRUIZRRS-UHFFFAOYSA-N","C8H3F13","346.002716956","C=CC(C(F)(F)F)(C(F)(F)F)C(F)(F)C(F)(F)C(F)(F)F"
"DTXSID90341232","51241-61-3","XVGDQPCIRYTQHC-UHFFFAOYSA-N","C12H10F7NO","317.06506148","CC(NC(=O)C(F)(F)C(F)(F)C(F)(F)F)c1ccccc1"
"DTXSID90366248","312-66-3","NVBRUIASHQWABC-UHFFFAOYSA-N","C11H9F7O3S","354.016062688","Cc1ccc(S(=O)(=O)OCC(F)(F)C(F)(F)C(F)(F)F)cc1"
"DTXSID90369794","175354-31-1","JUIMYMQITJQCCQ-UHFFFAOYSA-M","C24H12BrF39Sn","1239.852157764","FC(F)(F)C(F)(F)C(F)(F)C(F)(F)C(F)(F)C(F)(F)C[CH2][Sn]([Br])([CH2]CC(F)(F)C(F)(F)C(F)(F)C(F)(F)C(F)(F)C(F)(F)F)[CH2]CC(F)(F)C(F)(F)C(F)(F)C(F)(F)C(F)(F)C(F)(F)F"
"DTXSID90370986","31164-13-3","CFZPILZXWJKGJJ-UHFFFAOYSA-N","C12H12F9NO","357.077517984","C=C1CN(C(C)=O)CC1CC(F)(F)C(F)(F)C(F)(F)C(F)(F)F"
"DTXSID90371231","22528-67-2","LMULIUNHVQIBGA-UHFFFAOYSA-N","C6BrF13","397.89757896","FC(F)(F)C(F)(F)C(F)(F)C(Br)(C(F)(F)F)C(F)(F)F"
"DTXSID90371599","236736-19-9","ABBOXTQECRSSQR-UHFFFAOYSA-N","C6H3Br2F9","403.845778276","FC(F)(F)C(F)(F)C(F)(F)C(F)(F)C(Br)CBr"
"DTXSID90371872","35192-44-0","JJLUWYULIBMDGF-UHFFFAOYSA-N","C12H6F16","454.021401712","C=CC(F)(F)C(F)(F)C(F)(F)C(F)(F)C(F)(F)C(F)(F)C(F)(F)C(F)(F)C=C"
"DTXSID90375113","330562-45-3","JPQGQPTZDXLRAY-UHFFFAOYSA-N","C6BrF13O3","445.88232282","FC(F)(F)OC(F)(F)C(F)(F)OC(F)(F)C(F)(F)OC(F)(F)Br"
"DTXSID9037743","17741-60-5","FIAHOPQKBBASOY-UHFFFAOYSA-N","C15H7F21O2","618.011072084","C=CC(=O)OCCC(F)(F)C(F)(F)C(F)(F)C(F)(F)C(F)(F)C(F)(F)C(F)(F)C(F)(F)C(F)(F)C(F)(F)F"
"DTXSID90379272","244022-64-8","CGCPPBXAEGMASM-UHFFFAOYSA-N","C9H9F7O4","314.038906308","O=C(O)C(CCCC(F)(F)C(F)(F)C(F)(F)F)C(=O)O"
"DTXSID90379292","54864-78-7","JZKFJUIBEKMWRF-UHFFFAOYSA-N","C12H7F7N2","312.049745764","FC(F)(F)C(F)(F)C(F)(F)c1cc(-c2ccccc2)n[nH]1"
"DTXSID90379555","678-18-2","LPPFRPMJUNOKRS-UHFFFAOYSA-N","C6H3F9O","262.004018696","CC(=O)C(F)(F)C(F)(F)C(F)(F)C(F)(F)F"
"DTXSID90379717","375-60-0","HRBNMYUNLLWPAX-UHFFFAOYSA-N","C5ClF9O","281.94939628","O=C(Cl)C(F)(F)C(F)(F)C(F)(F)C(F)(F)F"
"DTXSID90379878","86217-01-8","UXVXKXDSDYDRTQ-UHFFFAOYSA-N","C10H7F11O2","368.027039884","C=CC(=O)OCCC(F)(F)C(F)(F)C(F)(C(F)(F)F)C(F)(F)F"
"DTXSID90379999","261503-74-6","VJPLPULMKIMOSI-UHFFFAOYSA-N","C15H2F26O2","707.963963024","O=C(CC(=O)C(F)(F)C(F)(F)C(F)(F)C(F)(F)C(F)(F)C(F)(F)F)C(F)(F)C(F)(F)C(F)(F)C(F)(F)C(F)(F)C(F)(F)F"
"DTXSID90380005","307-08-4","PDFYOLXVKFUEPM-UHFFFAOYSA-N","C13F22","573.96487084","FC1(F)C(F)(F)C(F)(F)C2(F)C(F)(C1(F)F)C(F)(F)C1(F)C(F)(F)C(F)(F)C(F)(F)C(F)(F)C12F"
"DTXSID90380025","15622-57-8","WYCXYEWKMLSDBQ-UHFFFAOYSA-N","C14H3F27O","699.975276656","OCC(F)(F)C(F)(F)C(F)(F)C(F)(F)C(F)(F)C(F)(F)C(F)(F)C(F)(F)C(F)(F)C(F)(F)C(F)(F)C(F)(F)C(F)(F)F"
"DTXSID90380883","24120-17-0","WVGOKTYQAQEHBO-UHFFFAOYSA-N","C12H6F14O4","480.004253752","O=C(C=CC(=O)OCC(F)(F)C(F)(F)C(F)(F)F)OCC(F)(F)C(F)(F)C(F)(F)F"
"DTXSID90381976","138472-76-1","QHOQQFYKDKRESO-UHFFFAOYSA-N","C18H21F17","560.137180412","CCCCCCCCCCC(F)(F)C(F)(F)C(F)(F)C(F)(F)C(F)(F)C(F)(F)C(F)(F)C(F)(F)F"
"DTXSID90382049","80337-25-3","GQXURUTWTUSYPE-UHFFFAOYSA-N","C5HF7","193.996647572","C#CC(F)(F)C(F)(F)C(F)(F)F"
"DTXSID90382069","82822-26-2","VMRLNPHYYNLINM-UHFFFAOYSA-N","C10H5F13O2","404.00819626","CC(=O)CC(=O)C(F)(F)C(F)(F)C(F)(F)C(F)(F)C(F)(F)C(F)(F)F"
"DTXSID90382140","126015-32-5","FNUBKINEQIEODM-UHFFFAOYSA-N","C5H3F7O","212.007212256","O=CCC(F)(F)C(F)(F)C(F)(F)F"
"DTXSID90382160","53580-21-5","HNYZQPXURIQQJV-UHFFFAOYSA-N","C12H7F7O2","316.033427004","O=C(CC(=O)C(F)(F)C(F)(F)C(F)(F)F)c1ccccc1"
"DTXSID90382600","161583-34-2","AJIHCPVPJZKWAJ-UHFFFAOYSA-N","C8H4BrF13","425.928879088","FC(F)(F)C(F)(F)C(F)(F)C(F)(F)C(F)(F)C(F)(F)CCBr"
"DTXSID90382620","812-70-4","HLBRGVKRZQSQHB-UHFFFAOYSA-N","C10H5F15O2","442.0050027","O=C(O)CCC(F)(F)C(F)(F)C(F)(F)C(F)(F)C(F)(F)C(F)(F)C(F)(F)F"
"DTXSID9038840","17527-29-6","VPKQPPJQTZJZDB-UHFFFAOYSA-N","C11H7F13O2","418.023846324","C=CC(=O)OCCC(F)(F)C(F)(F)C(F)(F)C(F)(F)C(F)(F)C(F)(F)F"
"DTXSID90404578","755-48-6","OREPMMRTKSCBPA-UHFFFAOYSA-N","C9H12F7I","379.987195924","CCCCC(I)CC(F)(F)C(F)(F)C(F)(F)F"
"DTXSID9041285","94133-90-1","WALPFEROPZNJCB-UHFFFAOYSA-M","C16H18F17N2NaO6S2","744.023252316","CN(C)CCCN(CC(O)CS(=O)(=O)[O-])S(=O)(=O)C(F)(F)C(F)(F)C(F)(F)C(F)(F)C(F)(F)C(F)(F)C(F)(F)C(F)(F)F.[Na+]"
"DTXSID9041811","115-25-3","BCCOBQSFUDVTJQ-UHFFFAOYSA-N","C4F8","199.98722576","FC1(F)C(F)(F)C(F)(F)C1(F)F"
"DTXSID90434613","88021-93-6","BXNBTCYTNLTFLJ-UHFFFAOYSA-N","C8H9F7O2","270.049077068","COC(=O)C(C)CC(F)(F)C(F)(F)C(F)(F)F"
"DTXSID90438757","128032-22-4","QALDKDRKOUMDGV-UHFFFAOYSA-N","C10H3F13S","401.974787956","FC(F)(F)C(F)(F)C(F)(F)C(F)(F)C(F)(F)C(F)(F)c1cccs1"
"DTXSID90441943","96721-82-3","HCQJAAKQIMFGKR-UHFFFAOYSA-N","C12H3F17S","501.968400836","FC(F)(F)C(F)(F)C(F)(F)C(F)(F)C(F)(F)C(F)(F)C(F)(F)C(F)(F)c1ccsc1"
"DTXSID90446276","89373-67-1","QYLZAPXXSYDKKB-UHFFFAOYSA-N","C11H4ClF17O","509.967922168","O=C(Cl)CCC(F)(F)C(F)(F)C(F)(F)C(F)(F)C(F)(F)C(F)(F)C(F)(F)C(F)(F)F"
"DTXSID90448210","30320-28-6","MEJBVGIZGKKPCW-UHFFFAOYSA-N","C6HF13","319.987066892","FC(F)(F)C(C(F)(F)F)C(F)(F)C(F)(F)C(F)(F)F"
"DTXSID90456411","153296-01-6","KJFUHDMIAMFMPU-UHFFFAOYSA-N","C10H7F13O2","406.023846324","CCOC(=O)CC(F)(F)C(F)(F)C(F)(F)C(F)(F)C(F)(F)C(F)(F)F"
"DTXSID90460396","852527-45-8","PFSIGNUPTCQGSG-UHFFFAOYSA-N","C15H8F17NO4","589.018187476","O=C(CCC(F)(F)C(F)(F)C(F)(F)C(F)(F)C(F)(F)C(F)(F)C(F)(F)C(F)(F)F)ON1C(=O)CCC1=O"
"DTXSID90461500","39847-41-1","FKDMKFQVVFJJFZ-UHFFFAOYSA-N","C16HF34NO4S2","980.880408992","O=S(=O)(NS(=O)(=O)C(F)(F)C(F)(F)C(F)(F)C(F)(F)C(F)(F)C(F)(F)C(F)(F)C(F)(F)F)C(F)(F)C(F)(F)C(F)(F)C(F)(F)C(F)(F)C(F)(F)C(F)(F)C(F)(F)F"
"DTXSID90471144","185689-57-0","NPOAVCPGPRUNOX-UHFFFAOYSA-N","C7H5F11O","314.0164752","OCCC(F)(F)C(F)(F)C(F)(F)C(F)(F)C(F)(F)F"
"DTXSID90471942","63967-41-9","YYYONDXERNIFKX-UHFFFAOYSA-N","C7HF13O","347.981981512","O=CC(F)(F)C(F)(F)C(F)(F)C(F)(F)C(F)(F)C(F)(F)F"
"DTXSID90501334","73041-05-1","QXKKNVWUTKFIPI-UHFFFAOYSA-N","C6F12O","315.97575326","O=C(C(F)(F)F)C(F)(F)C(F)(C(F)(F)F)C(F)(F)F"
"DTXSID90504108","75824-01-0","YKIGIKLABXBCDX-UHFFFAOYSA-N","C9H5F11O2","354.01138982","CC(=O)CC(=O)C(F)(F)C(F)(F)C(F)(F)C(F)(F)C(F)(F)F"
"DTXSID90505110","42532-60-5","AASDJASZOZGYMM-UHFFFAOYSA-N","C4F7N","194.99189654","N#CC(F)(C(F)(F)F)C(F)(F)F"
"DTXSID90509057","61894-06-2","MMQBZJXQJGQEHQ-UHFFFAOYSA-N","C9H11F5O3","262.062835312","CC(C)(C)C(=O)CC(=O)C(F)(F)OC(F)(F)F"
"DTXSID90516569","86358-19-2","YBLYWKGTXUNAOC-UHFFFAOYSA-N","C7H5F9O","276.01966876","CC(=O)CC(F)(F)C(F)(F)C(F)(F)C(F)(F)F"
"DTXSID9052503","76-19-7","QYSGYZVSCZSLHT-UHFFFAOYSA-N","C3F8","187.98722576","FC(F)(F)C(F)(F)C(F)(F)F"
"DTXSID90533615","92978-07-9","LSIARSWKMVWQLP-UHFFFAOYSA-N","C7F16O","403.96936614","FC(F)(F)C(F)(F)OC(F)(C(F)(F)F)C(F)(F)C(F)(F)C(F)(F)F"
"DTXSID90535038","81190-31-0","PGVKLEHFIFBSQI-UHFFFAOYSA-N","C7H3F9O","274.004018696","OCC#CC(F)(F)C(F)(F)C(F)(F)C(F)(F)F"
"DTXSID90544569","88950-94-1","KRWJCFMNRWAMPB-UHFFFAOYSA-N","C10H5F7O2","290.01777694","O=C(O)c1ccc(C(F)(F)C(F)(F)C(F)(F)F)cc1"
"DTXSID90544625","106693-00-9","YWOBOCYPEYNWHE-UHFFFAOYSA-N","C7H3F11O2","327.995739756","COC(F)(F)C(=O)C(F)(F)C(F)(F)C(F)(F)C(F)(F)F"
"DTXSID90549655","25080-19-7","DQVDKUNLKZLJJV-UHFFFAOYSA-N","C11F23IO","711.86266168","FC(F)(F)C(F)(OC(F)(F)C(F)(F)C(F)(F)C(F)(F)C(F)(F)C(F)(F)C(F)(F)C(F)(F)I)C(F)(F)F"
"DTXSID90550923","115479-06-6","MZZDFAKNMZPUCE-UHFFFAOYSA-N","C10H9F7O4","326.038906308","CCOC(=O)C(C(C)=O)C(=O)C(F)(F)C(F)(F)C(F)(F)F"
"DTXSID90558000","57678-01-0","FZTRDYSPWWJCOF-UHFFFAOYSA-N","C8H6F13O4P","443.979612162","O=P(O)(O)OCCC(F)(F)C(F)(F)C(F)(F)C(F)(F)C(F)(F)C(F)(F)F"
"DTXSID90561751","335-54-6","ATJMLNAMXAIUCX-UHFFFAOYSA-N","C6H2F11NO","312.996074104","NC(=O)C(F)(F)C(F)(F)C(F)(F)C(F)(F)C(F)(F)F"
"DTXSID90583372","892154-66-4","RCEZZFWALYXONB-UHFFFAOYSA-N","C13H11F9O","354.066618952","OCc1ccc(CCC(F)(F)C(F)(F)C(F)(F)C(F)(F)F)cc1"
"DTXSID90583413","356055-76-0","ZLZILVFJEAYPNQ-UHFFFAOYSA-N","C15H11F13O","454.060231832","OCc1ccc(CCC(F)(F)C(F)(F)C(F)(F)C(F)(F)C(F)(F)C(F)(F)F)cc1"
"DTXSID9059830","335-71-7","FBIOXUYLJVKPPG-UHFFFAOYSA-N","C7F16O2S","451.93635176","O=S(=O)(F)C(F)(F)C(F)(F)C(F)(F)C(F)(F)C(F)(F)C(F)(F)C(F)(F)F"
"DTXSID9059832","335-99-9","BYKNGMLDSIEFFG-UHFFFAOYSA-N","C7H4F12O","332.007053388","OCC(F)(F)C(F)(F)C(F)(F)C(F)(F)C(F)(F)C(F)F"
"DTXSID9059834","338-83-0","JAJLKEVKNDUJBG-UHFFFAOYSA-N","C9F21N","520.96954162","FC(F)(F)C(F)(F)C(F)(F)N(C(F)(F)C(F)(F)C(F)(F)F)C(F)(F)C(F)(F)C(F)(F)F"
"DTXSID9059882","356-27-4","JVHJRIQPDBCRRE-UHFFFAOYSA-N","C6H5F7O2","242.01777694","CCOC(=O)C(F)(F)C(F)(F)C(F)(F)F"
"DTXSID9059913","375-00-8","BOZRBIJGLJJPRF-UHFFFAOYSA-N","C4F7N","194.99189654","N#CC(F)(F)C(F)(F)C(F)(F)F"
"DTXSID9059915","375-16-6","WFELVFKXQJYPSL-UHFFFAOYSA-N","C4ClF7O","231.95258984","O=C(Cl)C(F)(F)C(F)(F)C(F)(F)F"
"DTXSID9059917","375-62-2","RUFSXELMOQBMOF-UHFFFAOYSA-N","C5F10O","265.97894682","O=C(F)C(F)(F)C(F)(F)C(F)(F)C(F)(F)F"
"DTXSID9059919","375-88-2","VPQQZKWYZYVTMU-UHFFFAOYSA-N","C7BrF15","447.8943854","FC(F)(F)C(F)(F)C(F)(F)C(F)(F)C(F)(F)C(F)(F)C(F)(F)Br"
"DTXSID90605583","25080-24-4","PFUMSKSNQXXFNY-UHFFFAOYSA-N","C9H4F15IO","539.906736048","FC(F)(F)C(F)(OC(F)(F)C(F)(F)C(F)(F)C(F)(F)CCI)C(F)(F)F"
"DTXSID9061881","1682-31-1","KEHJVWWDDAAVHB-UHFFFAOYSA-N","C7H4F11I","423.918208548","FC(F)(F)C(F)(F)C(F)(F)C(F)(F)C(F)(F)CCI"
"DTXSID90620170","356-08-1","ZBFYNWWMCBFWFV-UHFFFAOYSA-N","C8H5F14N","381.01984424","FC(F)(F)C(F)(F)C(F)(F)CNCC(F)(F)C(F)(F)C(F)(F)F"
"DTXSID90622114","857285-80-4","QGJXWNMBTQGAFT-UHFFFAOYSA-M","C28H25F9O6S2","692.0948845","CC(C)(C)OC(=O)COc1ccc([S+](c2ccccc2)c2ccccc2)cc1.O=S(=O)([O-])C(F)(F)C(F)(F)C(F)(F)C(F)(F)F"
"DTXSID90624471","96724-20-8","HEFHMJVNMXDZKE-UHFFFAOYSA-N","C11H5F15O2","454.0050027","C=C(C)C(=O)OC(F)(F)C(F)(F)C(F)(F)C(F)(F)C(F)(F)C(F)(F)C(F)(F)F"
"DTXSID90627109","133001-14-6","DGNNLLZHFZKHFJ-UHFFFAOYSA-N","C12H17F9O","348.113569144","OCCCCCCCCC(F)(F)C(F)(F)C(F)(F)C(F)(F)F"
"DTXSID9062934","3248-63-3","CCRYUWIVRLYGBO-UHFFFAOYSA-N","C15F31I","895.85497282","FC(F)(F)C(F)(C(F)(F)F)C(F)(F)C(F)(F)C(F)(F)C(F)(F)C(F)(F)C(F)(F)C(F)(F)C(F)(F)C(F)(F)C(F)(F)C(F)(F)C(F)(F)I"
"DTXSID90635441","2264-25-7","SZWOFFNEMGRGMA-UHFFFAOYSA-M","C7HF12NaO2","367.968262192","O=C([O-])C(F)(F)C(F)(F)C(F)(F)C(F)(F)C(F)(F)C(F)F.[Na+]"
"DTXSID90637844","308-37-2","RLABYNPXUHOBFB-UHFFFAOYSA-N","C7H11ClF7NO","293.041739192","CCC(N)C(O)C(F)(F)C(F)(F)C(F)(F)F.Cl"
"DTXSID90647766","71363-70-7","TUKNJUVZUHUEOX-UHFFFAOYSA-N","C20H20F26OSi2","826.06375204","C[Si](C)(CCC(F)(F)C(F)(F)C(F)(F)C(F)(F)C(F)(F)C(F)(F)F)O[Si](C)(C)CCC(F)(F)C(F)(F)C(F)(F)C(F)(F)C(F)(F)C(F)(F)F"
"DTXSID90648137","62656-74-0","FOZCIODRBSSQFH-UHFFFAOYSA-N","C7H5F7O3","270.01269156","O=C(O)CCC(=O)C(F)(C(F)(F)F)C(F)(F)F"
"DTXSID9065443","13417-01-1","MSJXTBMNRCTIDR-UHFFFAOYSA-N","C13H13F17N2O2S","584.042628396","CN(C)CCCNS(=O)(=O)C(F)(F)C(F)(F)C(F)(F)C(F)(F)C(F)(F)C(F)(F)C(F)(F)C(F)(F)F"
"DTXSID90659945","383177-55-7","VHTNJYGNFUMJTN-UHFFFAOYSA-N","C8H5F11O","326.0164752","CCC(=O)C(F)(F)C(F)(F)C(F)(F)C(F)(F)C(F)(F)F"
"DTXSID9066174","17202-41-4","CCLOSADEZDSARB-UHFFFAOYSA-N","C9H4F19NO3S","566.960850168","O=S(=O)([O-])C(F)(F)C(F)(F)C(F)(F)C(F)(F)C(F)(F)C(F)(F)C(F)(F)C(F)(F)C(F)(F)F.[NH4+]"
"DTXSID90663082","885275-98-9","XBBIHHOYLHDMRA-UHFFFAOYSA-N","C4Br2F8O","373.81881458","FC(F)(F)OC(F)(F)C(F)(Br)C(F)(F)Br"
"DTXSID90663108","32347-41-4","LJUULLNFNNTPAJ-UHFFFAOYSA-N","C10HF19O3","529.962230072","O=C(O)C(F)(F)C(F)(F)C(F)(F)C(F)(F)C(F)(F)C(F)(F)OC(F)(C(F)(F)F)C(F)(F)F"
"DTXSID9066673","21055-88-9","UTFFCBMSUHQFKN-UHFFFAOYSA-N","C33H26F34N4O8S2","1316.064915272","CCN(CCOC(=O)Nc1ccc(C)c(NC(=O)OCCN(CC)S(=O)(=O)C(F)(F)C(F)(F)C(F)(F)C(F)(F)C(F)(F)C(F)(F)C(F)(F)C(F)(F)F)c1)S(=O)(=O)C(F)(F)C(F)(F)C(F)(F)C(F)(F)C(F)(F)C(F)(F)C(F)(F)C(F)(F)F"
"DTXSID9067435","29081-56-9","UAWBWGUIUMQJIT-UHFFFAOYSA-N","C8H4F17NO3S","516.964043728","O=S(=O)([O-])C(F)(F)C(F)(F)C(F)(F)C(F)(F)C(F)(F)C(F)(F)C(F)(F)C(F)(F)F.[NH4+]"
"DTXSID9067514","29809-35-6","PDUYKNDSQRUXSC-UHFFFAOYSA-N","C18F37I","1045.84539214","FC(F)(F)C(F)(F)C(F)(F)C(F)(F)C(F)(F)C(F)(F)C(F)(F)C(F)(F)C(F)(F)C(F)(F)C(F)(F)C(F)(F)C(F)(F)C(F)(F)C(F)(F)C(F)(F)C(F)(F)C(F)(F)I"
"DTXSID9068243","40630-65-7","CZDUSUUDDSHUFI-UHFFFAOYSA-N","C7H6F9NO2S","338.997553412","C=CCNS(=O)(=O)C(F)(F)C(F)(F)C(F)(F)C(F)(F)F"
"DTXSID9069392","60270-55-5","LBAKROCDOXEWPV-UHFFFAOYSA-M","C7F15KO3S","487.89656984","O=S(=O)([O-])C(F)(F)C(F)(F)C(F)(F)C(F)(F)C(F)(F)C(F)(F)C(F)(F)F.[K+]"
"DTXSID9069502","61798-69-4","STSGGDGRBYWSDX-UHFFFAOYSA-N","C16H21F13N2O4S","584.101445012","C[N+](C)(CCCNS(=O)(=O)CCC(F)(F)C(F)(F)C(F)(F)C(F)(F)C(F)(F)C(F)(F)F)CCC(=O)[O-]"
"DTXSID90697584","195324-88-0","WFVQHMKBXVRLTH-UHFFFAOYSA-N","C16H8BrF17","601.953792096","FC(F)(F)CCC(F)(F)C(F)(F)C(F)(F)C(F)(F)C(F)(F)C(F)(F)C(F)(F)c1ccc(Br)cc1"
"DTXSID9070323","65510-56-7","UXFIGGWFHDAMOO-UHFFFAOYSA-N","C11H4F19I","623.905434308","FC(F)(F)C(F)(F)C(F)(F)C(F)(F)C(F)(F)C(F)(F)C(F)(F)C(F)(F)C(F)(F)CCI"
"DTXSID90703694","753025-21-7","UAEYHUAYUMSDJJ-UHFFFAOYSA-N","C14H4Cl3F17Si","627.887639438","FC(F)(F)C(F)(F)C(F)(F)C(F)(F)C(F)(F)C(F)(F)C(F)(F)C(F)(F)c1ccc([Si](Cl)(Cl)Cl)cc1"
"DTXSID9070375","66008-67-1","NYDXNYWTPDRONX-UHFFFAOYSA-N","C19H12F25NO4S","825.008784364","C=CC(=O)OCCN(C)S(=O)(=O)CC(F)(F)C(F)(F)C(F)(F)C(F)(F)C(F)(F)C(F)(F)C(F)(F)C(F)(F)C(F)(F)C(F)(F)C(F)(F)C(F)(F)F"
"DTXSID9070377","66008-70-6","JERPDWBDDQYOBE-UHFFFAOYSA-N","C13H12F13NO4S","525.027945724","C=CC(=O)OCCN(C)S(=O)(=O)CC(F)(F)C(F)(F)C(F)(F)C(F)(F)C(F)(F)C(F)(F)F"
"DTXSID90705597","308-45-2","AGAHTUDKCJGVDX-UHFFFAOYSA-N","C8H2F14O2","395.983124384","O=C(OCC(F)(F)C(F)(F)C(F)(F)F)C(F)(F)C(F)(F)C(F)(F)F"
"DTXSID9070826","67906-38-1","CRGIYPZDEQHQFH-UHFFFAOYSA-N","C16H16F15NO4S","603.056052292","C=C(C)C(=O)OCCCCN(C)S(=O)(=O)C(F)(F)C(F)(F)C(F)(F)C(F)(F)C(F)(F)C(F)(F)C(F)(F)F"
"DTXSID9070828","67906-40-5","OSMPUFUJALYWAR-UHFFFAOYSA-N","C14H16F11NO4S","503.062439412","C=C(C)C(=O)OCCCCN(C)S(=O)(=O)C(F)(F)C(F)(F)C(F)(F)C(F)(F)C(F)(F)F"
"DTXSID9070870","67939-36-0","VOQYRTHXEXILMW-UHFFFAOYSA-N","C15H14F15NO4S","589.040402228","C=C(C)C(=O)OCCN(CC)S(=O)(=O)C(F)(F)C(F)(F)C(F)(F)C(F)(F)C(F)(F)C(F)(F)C(F)(F)F"
"DTXSID9071393","68298-60-2","ZGQOMXKQOOGSHP-UHFFFAOYSA-N","C16H16F15NO4S","603.056052292","C=CC(=O)OCCN(CCCC)S(=O)(=O)C(F)(F)C(F)(F)C(F)(F)C(F)(F)C(F)(F)C(F)(F)C(F)(F)F"
"DTXSID9071890","68957-33-5","PAOHBPWWJXVFBM-UHFFFAOYSA-N","C8H8F9NO4S","385.003032716","CCN(CC(=O)O)S(=O)(=O)C(F)(F)C(F)(F)C(F)(F)C(F)(F)F"
"DTXSID9072604","72804-49-0","VVMQLAKDFBLCHB-UHFFFAOYSA-N","C5F10","249.9840322","FC(=C(F)C(F)(F)C(F)(F)F)C(F)(F)F"
"DTXSID9074721","594-91-2","MPEFSWGYIJNMCW-UHFFFAOYSA-N","C5F12","287.98083864","FC(F)(F)C(F)(F)C(F)(C(F)(F)F)C(F)(F)F"
"DTXSID90750729","88951-00-2","ZUSDKSMEHFUOHV-UHFFFAOYSA-N","C12H7F9O2","354.030233444","COC(=O)c1ccc(C(F)(F)C(F)(F)C(F)(F)C(F)(F)F)cc1"
"DTXSID90837948","824393-39-7","BZUBYGPFEBCZQY-UHFFFAOYSA-N","C7H3F11O3","343.990654376","O=C(O)C(F)(F)COC(F)(F)C(F)(F)C(F)(F)C(F)(F)F"
"DTXSID90848039","90292-29-8","GTNZGZBDWNABEG-UHFFFAOYSA-N","C12H14F8O2","342.086605448","CCCCC(CC=C(F)C(F)(F)C(F)(F)C(F)(F)F)C(=O)O"
"DTXSID90858138","1262446-14-9","APYGSQQZJHVGKH-UHFFFAOYSA-M","C12H4F21KO4S","681.913203908","O=S(=O)([O-])OCCC(F)(F)C(F)(F)C(F)(F)C(F)(F)C(F)(F)C(F)(F)C(F)(F)C(F)(F)C(F)(F)C(F)(F)F.[K+]"
"DTXSID90868151","72629-94-8","LVDGGZAZAYHXEY-UHFFFAOYSA-N","C13HF25O2","663.957734772","O=C(O)C(F)(F)C(F)(F)C(F)(F)C(F)(F)C(F)(F)C(F)(F)C(F)(F)C(F)(F)C(F)(F)C(F)(F)C(F)(F)C(F)(F)F"
"DTXSID90869668","NOCAS_869668","ARFGGIRJBPTBPP-UHFFFAOYSA-N","C15H10F7N3O2S2","461.0102661","O=S(Cc1cc(OCC(F)(F)C(F)(F)C(F)(F)F)ccn1)c1nc2cscc2[nH]1"
"DTXSID90870315","297730-93-9","HHBBIOLEJRWIGU-UHFFFAOYSA-N","C9H5F15O","414.01008808","CCOC(F)(C(F)(F)C(F)(F)C(F)(F)F)C(F)(C(F)(F)F)C(F)(F)F"
"DTXSID90870512","355-20-4","LXANZHXWGZWFAC-UHFFFAOYSA-N","C4Cl2F8","269.92493112","FC(F)(F)C(F)(Cl)C(F)(Cl)C(F)(F)F"
"DTXSID90872298","307-45-9","BPHQIXJDBIHMLT-UHFFFAOYSA-N","C10F22","537.96487084","FC(F)(F)C(F)(F)C(F)(F)C(F)(F)C(F)(F)C(F)(F)C(F)(F)C(F)(F)C(F)(F)C(F)(F)F"
"DTXSID90880131","355-93-1","ZNJXRXXJPIFFAO-UHFFFAOYSA-N","C9H8F8O2","300.039655256","C=C(C)C(=O)OCC(F)(F)C(F)(F)C(F)(F)C(F)F"
"DTXSID90880136","375-63-3","MYZMPPUVPXNBEL-UHFFFAOYSA-N","C4HCl3F8Si","333.878535362","FC(F)C(F)(F)C(F)(F)C(F)(F)[Si](Cl)(Cl)Cl"
"DTXSID90880151","1735-48-4","AILNJPONTDNFHN-UHFFFAOYSA-N","C8F18","437.97125796","FC(F)(F)C(F)(F)C(F)(C(F)(F)F)C(F)(C(F)(F)F)C(F)(F)C(F)(F)F"
"DTXSID90880156","2043-52-9","QVTHRDRXTVTNEK-UHFFFAOYSA-N","C9H4F15I","523.911821428","FC(F)(F)C(F)(F)C(F)(F)C(F)(F)C(F)(F)C(F)(F)C(F)(F)CCI"
"DTXSID90880191","3145-68-4","FTLIVFJKISSELN-UHFFFAOYSA-N","C16H5F30N","780.99429576","FC(F)(F)C(F)(F)C(F)(F)C(F)(F)C(F)(F)C(F)(F)C(F)(F)CNCC(F)(F)C(F)(F)C(F)(F)C(F)(F)C(F)(F)C(F)(F)C(F)(F)F"
"DTXSID90880196","3658-62-6","KWWRXVUVAJNKMN-UHFFFAOYSA-N","C9H4F17NO2","480.997058108","O=C([O-])C(F)(F)C(F)(F)C(F)(F)C(F)(F)C(F)(F)C(F)(C(F)(F)F)C(F)(F)F.[NH4+]"
"DTXSID90880212","11070-66-9","-","-","-",NA
"DTXSID90880217","13285-40-0","XBWYIWRSPVIPCH-UHFFFAOYSA-N","C17H16F17NO4S","653.052858732","C=C(C)C(=O)OCCN(CCC)S(=O)(=O)C(F)(F)C(F)(F)C(F)(F)C(F)(F)C(F)(F)C(F)(F)C(F)(F)C(F)(F)F"
"DTXSID90880232","21615-47-4","OWCNWICUDXNCTI-UHFFFAOYSA-N","C6H4F11NO2","331.006638788","O=C([O-])C(F)(F)C(F)(F)C(F)(F)C(F)(F)C(F)(F)F.[NH4+]"
"DTXSID90880237","25711-77-7","BTMPGBKXGNLFBU-UHFFFAOYSA-N","C12F16O3","495.95919538","O=C(F)C(F)(OC(F)(F)C(F)(Oc1c(F)c(F)c(F)c(F)c1F)C(F)(F)F)C(F)(F)F"
"DTXSID90880252","30381-98-7","QHCFFPIOMPVULC-UHFFFAOYSA-N","C24H22F34N3O8PS2","1221.004302774","CCN(CCOP(=O)([O-])OCCN(CC)S(=O)(=O)C(F)(F)C(F)(F)C(F)(F)C(F)(F)C(F)(F)C(F)(F)C(F)(F)C(F)(F)F)S(=O)(=O)C(F)(F)C(F)(F)C(F)(F)C(F)(F)C(F)(F)C(F)(F)C(F)(F)C(F)(F)F.[NH4+]"
"DTXSID90880373","25120-57-4","-","-","-",NA
"DTXSID90880378","25684-89-3","-","-","-",NA
"DTXSID90880434","34455-35-1","OLIPKLFYFITKBO-UHFFFAOYSA-N","C19H19F21N2O4S","770.073020708","C[N+](C)(CCCNS(=O)(=O)CCC(F)(F)C(F)(F)C(F)(F)C(F)(F)C(F)(F)C(F)(F)C(F)(F)C(F)(F)C(F)(F)C(F)(F)F)CC(=O)[O-]"
"DTXSID90880439","40143-76-8","AGCUFKNHQDVTAD-UHFFFAOYSA-N","C6H2F13O3P","399.953397414","O=P(O)(O)C(F)(F)C(F)(F)C(F)(F)C(F)(F)C(F)(F)C(F)(F)F"
"DTXSID90880454","52166-82-2","RMPHRYCBGYJIDS-UHFFFAOYSA-M","C12H16ClF13N2O2S","534.041343292","C[N+](C)(C)CCCNS(=O)(=O)C(F)(F)C(F)(F)C(F)(F)C(F)(F)C(F)(F)C(F)(F)F.[Cl-]"
"DTXSID90880459","53517-98-9","PGFOVSGIFSWORI-UHFFFAOYSA-N","C14H16ClF15N2O","548.071164112","C[N+](C)(C)CCCNC(=O)C(F)(F)C(F)(F)C(F)(F)C(F)(F)C(F)(F)C(F)(F)C(F)(F)F.[Cl-]"
"DTXSID90880474","54302-05-5","-","-","-",NA
"DTXSID90880479","55120-77-9","VAXNCPZUCRECEW-UHFFFAOYSA-M","C6F13LiO3S","405.95206127","O=S(=O)([O-])C(F)(F)C(F)(F)C(F)(F)C(F)(F)C(F)(F)C(F)(F)F.[Li+]"
"DTXSID90880510","59536-15-1","PPJLYJGIFDYVNT-UHFFFAOYSA-N","C15H4ClF17O3S","621.929822408","O=S(=O)(Cl)c1ccc(OC(F)=C(F)C(F)(F)C(F)(F)C(F)(F)C(F)(F)C(F)(F)C(F)(F)C(F)(F)F)cc1"
"DTXSID90880515","59493-84-4","-","-","-",NA
"DTXSID90880535","63654-40-0","-","-","-",NA
"DTXSID90880555","66137-74-4","XSLYISNQTJHKMP-UHFFFAOYSA-N","C4F9IO3S","425.84691684","O=S(=O)(F)C(F)(F)C(F)(F)OC(F)(F)C(F)(F)I"
"DTXSID90880570","67906-71-2","-","-","-",NA
"DTXSID90880575","67939-37-1","-","-","-",NA
"DTXSID90880590","68156-06-9","ZUNLKLHLASQCRH-UHFFFAOYSA-N","C8F16O2S","463.93635176","O=S(=O)(F)C1(F)C(F)(F)C(F)(F)C(F)(C(F)(F)C(F)(F)F)C(F)(F)C1(F)F"
"DTXSID90880595","68214-23-3","-","-","-",NA
"DTXSID90880611","68310-75-8","YONNGZYSTYQPFN-UHFFFAOYSA-M","C14H19F17IN3O2S","742.997125588","C[N+](C)(C)CCCNS(=O)(=O)C(F)(F)C(F)(F)C(F)(F)C(F)(F)C(F)(F)C(F)(F)C(F)(F)C(F)(F)F.N.[I-]"
"DTXSID90880616","68568-54-7","INYHBIMVXRCGAW-UHFFFAOYSA-M","C18H5Cl4F9KNO6S","712.80850426","O=C([O-])c1c(Cl)c(Cl)c(Cl)c(Cl)c1C(=O)Nc1cccc(OS(=O)(=O)C(F)(F)C(F)(F)C(F)(F)C(F)(F)F)c1.[K+]"
"DTXSID90880939","68957-58-4","ISWKWKSVIRGKHB-UHFFFAOYSA-M","C12H16F13IN2O2S","625.976963612","C[N+](C)(C)CCCNS(=O)(=O)C(F)(F)C(F)(F)C(F)(F)C(F)(F)C(F)(F)C(F)(F)F.[I-]"
"DTXSID90880954","71726-31-3","PLZIKMVNRWVJKM-UHFFFAOYSA-N","C11H6F16O","458.016316332","C=COCC(F)(F)C(F)(F)C(F)(F)C(F)(F)C(F)(F)C(F)(F)C(F)(F)C(F)F"
"DTXSID90880974","74398-72-4","-","-","-",NA
"DTXSID90880979","77117-48-7","JNAIMEWMJYVGEW-UHFFFAOYSA-N","C10H5F17","448.0119799","CCC(F)(F)C(F)(F)C(F)(F)C(F)(F)C(F)(F)C(F)(F)C(F)(F)C(F)(F)F"
"DTXSID90880994","84029-60-7","-","-","-",NA
"DTXSID90881002","85177-88-4","-","-","-",NA
"DTXSID90881022","93776-05-7","QIWKDYIRAPMRPM-UHFFFAOYSA-N","C30H24F38O5","1186.101696228","CC(COCC(O)CC(F)(F)C(F)(F)C(F)(F)C(F)(F)C(F)(F)C(F)(F)C(F)(C(F)(F)F)C(F)(F)F)OC(C)COCC(O)CC(F)(F)C(F)(F)C(F)(F)C(F)(F)C(F)(F)C(F)(F)C(F)(C(F)(F)F)C(F)(F)F"
"DTXSID90881027","93776-10-4","NFDIWGSYOGEYNO-UHFFFAOYSA-N","C43H45F23O11","1174.25946132","CC(=O)CCC(=O)CCC(=O)CCC(=O)CCC(=O)CCC(=O)CCC(=O)CCC(=O)CCC(=O)CCC(=O)CC(O)CC(F)(F)C(F)(F)C(F)(F)C(F)(F)C(F)(F)C(F)(F)C(F)(F)C(F)(F)C(F)(C(F)(F)F)C(F)(F)F"
"DTXSID90881062","93777-12-9","STUDPFBKDMTGFQ-UHFFFAOYSA-N","C22H23F23N2O3","800.134141656","C[N+](C)(CCCNCC(O)CC(F)(F)C(F)(F)C(F)(F)C(F)(F)C(F)(F)C(F)(F)C(F)(F)C(F)(F)C(F)(C(F)(F)F)C(F)(F)F)CCC(=O)[O-]"
"DTXSID90881067","93857-44-4","JORZSJZWIWDUEC-UHFFFAOYSA-N","C10H12F17N2O4P","578.026323234","O=P([O-])([O-])OCCC(F)(F)C(F)(F)C(F)(F)C(F)(F)C(F)(F)C(F)(F)C(F)(F)C(F)(F)F.[NH4+].[NH4+]"
"DTXSID90881123","93894-68-9","-","-","-",NA
"DTXSID90881128","93894-74-7","VPUBPEWSNIAMAS-UHFFFAOYSA-N","C38H50F17N3O6S","999.31488706","CCCCCCCCC=CCCCCCCCCOC(=O)Nc1cc(NC(=O)OCCN(C)S(=O)(=O)C(F)(F)C(F)(F)C(F)(F)C(F)(F)C(F)(F)C(F)(C(F)(F)F)C(F)(F)F)ccc1C"
"DTXSID90881143","94158-70-0","NQLRFTJXTHUSEC-UHFFFAOYSA-N","C13H8F21O5P","673.977402606","O=P(O)(O)OCC(O)CC(F)(F)C(F)(F)C(F)(F)C(F)(F)C(F)(F)C(F)(F)C(F)(F)C(F)(F)C(F)(F)C(F)(F)F"
"DTXSID90881148","94159-77-0","ACIXJWKFKMGNIK-UHFFFAOYSA-M","C19H19F23INO3","873.004240528","C[N+](CCO)(CCO)CC(O)CC(F)(F)C(F)(F)C(F)(F)C(F)(F)C(F)(F)C(F)(F)C(F)(F)C(F)(F)C(F)(C(F)(F)F)C(F)(F)F.[I-]"
"DTXSID90881163","94159-89-4","UGRGHBOZEQOYPN-UHFFFAOYSA-M","C15H11F19KNO3","653.007261072","CN(CC(=O)[O-])CC(O)CC(F)(F)C(F)(F)C(F)(F)C(F)(F)C(F)(F)C(F)(F)C(F)(C(F)(F)F)C(F)(F)F.[K+]"
"DTXSID90881168","94200-42-7","CTRZOOKWLBIDKA-UHFFFAOYSA-N","C15H8F25O5P","773.971015486","O=P(O)(O)OCC(O)CC(F)(F)C(F)(F)C(F)(F)C(F)(F)C(F)(F)C(F)(F)C(F)(F)C(F)(F)C(F)(F)C(F)(F)C(F)(F)C(F)(F)F"
"DTXSID90881183","94200-52-9","NXQXVXTVWLLAHB-UHFFFAOYSA-N","C18H14F31N2O5P","958.014532998","O=P([O-])([O-])OCC(O)CC(F)(F)C(F)(F)C(F)(F)C(F)(F)C(F)(F)C(F)(F)C(F)(F)C(F)(F)C(F)(F)C(F)(F)C(F)(F)C(F)(F)C(F)(C(F)(F)F)C(F)(F)F.[NH4+].[NH4+]"
"DTXSID90881188","94231-56-8","PJCSMHUFJKMRFC-UHFFFAOYSA-N","C34H20F54NO6P","1595.01659787","O=P([O-])(OCCC(F)(F)C(F)(F)C(F)(F)C(F)(F)C(F)(F)C(F)(F)C(F)(F)C(F)(F)C(F)(F)C(F)(F)C(F)(C(F)(F)F)C(F)(F)F)OCCC(F)(F)C(F)(F)C(F)(F)C(F)(F)C(F)(F)C(F)(F)C(F)(F)C(F)(F)C(F)(F)C(F)(F)C(F)(C(F)(F)F)C(F)(F)F.OCC[NH2+]CCO"
"DTXSID90881284","69116-73-0","JOMJXRTUQWIHQD-UHFFFAOYSA-N","C10H3F15O5","487.974096496","COC(=O)C(F)(F)C(F)(F)OC(F)(C(F)(F)F)C(F)(F)OC(F)(C(=O)F)C(F)(F)F"
"DTXSID90881289","84238-62-0","-","-","-",NA
"DTXSID90881300","90480-55-0","-","-","-",NA
"DTXSID90881305","63225-54-7","GSPDBXPMTTYLFV-UHFFFAOYSA-N","C24HF50O2P","1301.891576902","O=P(O)(C(F)(F)C(F)(F)C(F)(F)C(F)(F)C(F)(F)C(F)(F)C(F)(F)C(F)(F)C(F)(F)C(F)(F)C(F)(F)C(F)(F)F)C(F)(F)C(F)(F)C(F)(F)C(F)(F)C(F)(F)C(F)(F)C(F)(F)C(F)(F)C(F)(F)C(F)(F)C(F)(F)C(F)(F)F"
"DTXSID90881320","91745-16-3","-","-","-",NA
"DTXSID90881325","93062-53-4","-","-","-",NA
"DTXSID90881340","133080-89-4","YMQHIOLQSRSEFT-UHFFFAOYSA-N","C8F18O","453.96617258","FC(F)(F)C(F)(F)OC(F)(F)C(F)(F)C(F)(F)C(F)(F)C(F)(F)C(F)(F)F"
"DTXSID90881345","178094-69-4","GBLHAXUCYLSKED-UHFFFAOYSA-N","C13H12F17KN2O3S","637.993424664","C[N+](C)([O-])CCC[N-]S(=O)(=O)C(F)(F)C(F)(F)C(F)(F)C(F)(F)C(F)(F)C(F)(F)C(F)(F)C(F)(F)F.[K+]"
"DTXSID90881360","63439-39-4","ZPWQZSLKVMQXKQ-UHFFFAOYSA-N","C9H12F15N2O4P","528.029516794","O=P([O-])([O-])OCCC(F)(F)C(F)(F)C(F)(F)C(F)(F)C(F)(F)C(F)(F)C(F)(F)F.[NH4+].[NH4+]"
"DTXSID90881365","63367-17-9","QHBXDWMEIZAKGK-UHFFFAOYSA-M","C22H9F32NaO7S","1047.945570948","O=C(CC(C(=O)OCC(F)(F)C(F)(F)C(F)(F)C(F)(F)C(F)(F)C(F)(F)C(F)(F)C(F)F)S(=O)(=O)[O-])OCC(F)(F)C(F)(F)C(F)(F)C(F)(F)C(F)(F)C(F)(F)C(F)(F)C(F)F.[Na+]"
"DTXSID90881385","137338-41-1","MPOGCORGEBKYLP-UHFFFAOYSA-N","C32H49F17","756.356281308","CCCCCCCCCCCCCCCCCCCCCCCCC(F)(F)C(F)(F)C(F)(F)C(F)(F)C(F)(F)C(F)(F)C(F)(F)C(F)(F)F"
"DTXSID90881840","220133-51-7","-","-","-",NA
"DTXSID90881845","68972-29-2","-","-","-",NA
"DTXSID90881860","306974-63-0","-","-","-",NA
"DTXSID90881865","161075-04-3","-","-","-",NA
"DTXSID90881880","115535-36-9","-","-","-",NA
"DTXSID90881885","306997-46-6","-","-","-",NA
"DTXSID90881901","68140-18-1","-","-","-",NA
"DTXSID90881906","68140-21-6","-","-","-",NA
"DTXSID90881921","107221-31-8","-","-","-",NA
"DTXSID90881926","70983-61-8","-","-","-",NA
"DTXSID90881941","68187-42-8","-","-","-",NA
"DTXSID90881946","129813-71-4","-","-","-",NA
"DTXSID90881961","212013-58-6","-","-","-",NA
"DTXSID90881966","97553-95-2","-","-","-",NA
"DTXSID90881981","113114-19-5","-","-","-",NA
"DTXSID90881986","105681-94-5","-","-","-",NA
"DTXSID90882014","949581-65-1","-","-","-",NA
"DTXSID90882019","65071-96-7","-","-","-",NA
"DTXSID90882574","70776-36-2","-","-","-",NA
"DTXSID90882579","68555-91-9","-","-","-",NA
"DTXSID90882594","68555-90-8","-","-","-",NA
"DTXSID90882599","263260-98-6","-","-","-",NA
"DTXSID90882610","1012783-71-9","-","-","-",NA
"DTXSID90882615","218286-10-3","-","-","-",NA
"DTXSID90882630","1331869-23-8","-","-","-",NA
"DTXSID90882635","176894-23-8","-","-","-",NA
"DTXSID90882650","235775-81-2","-","-","-",NA
"DTXSID90882655","65605-53-0","-","-","-",NA
"DTXSID90882670","938155-33-0","-","-","-",NA
"DTXSID90882675","376364-33-9","-","-","-",NA
"DTXSID90882690","192575-94-3","-","-","-",NA
"DTXSID90882695","503621-60-1","-","-","-",NA
"DTXSID90882711","1276043-56-1","-","-","-",NA
"DTXSID90882716","146632-08-8","-","-","-",NA
"DTXSID90882731","1378928-76-7","-","-","-",NA
"DTXSID90882736","216660-17-2","-","-","-",NA
"DTXSID90882751","221455-62-5","-","-","-",NA
"DTXSID90882756","200413-68-9","-","-","-",NA
"DTXSID90882771","370873-97-5","-","-","-",NA
"DTXSID90882776","26570-69-4","-","-","-",NA
"DTXSID90882791","110570-91-7","-","-","-",NA
"DTXSID90882796","68515-70-8","-","-","-",NA
"DTXSID90882812","71205-28-2","-","-","-",NA
"DTXSID90882817","203743-03-7","-","-","-",NA
"DTXSID90882832","222716-67-8","-","-","-",NA
"DTXSID90882837","200295-54-1","-","-","-",NA
"DTXSID90882852","332076-34-3","-","-","-",NA
"DTXSID90882857","253682-97-2","-","-","-",NA
"DTXSID90882872","83731-88-8","-","-","-",NA
"DTXSID90882877","185630-90-4","-","-","-",NA
"DTXSID90882892","71230-80-3","-","-","-",NA
"DTXSID90882897","220237-52-5","-","-","-",NA
"DTXSID90882913","186397-57-9","-","-","-",NA
"DTXSID90882918","1259487-19-8","-","-","-",NA
"DTXSID90882933","1023888-52-9","-","-","-",NA
"DTXSID90882938","165178-32-5","-","-","-",NA
"DTXSID90882953","503296-97-7","-","-","-",NA
"DTXSID90882958","1621858-65-8","-","-","-",NA
"DTXSID90882973","146222-54-0","-","-","-",NA
"DTXSID90882978","500218-22-4","-","-","-",NA
"DTXSID90882993","123171-68-6","-","-","-",NA
"DTXSID90882998","1224952-82-2","-","-","-",NA
"DTXSID90883001","160336-09-4","-","-","-",NA
"DTXSID90883006","68954-01-8","-","-","-",NA
"DTXSID90883021","207004-58-8","-","-","-",NA
"DTXSID90883026","867030-76-0","-","-","-",NA
"DTXSID90883046","148240-87-3","-","-","-",NA
"DTXSID90883061","68958-60-1","-","-","-",NA
"DTXSID90883066","206009-80-5","-","-","-",NA
"DTXSID90883081","68298-80-6","-","-","-",NA
"DTXSID90883086","65530-69-0","-","-","-",NA
"DTXSID90886254","58194-00-6","WTOHYTBQHVZYMH-UHFFFAOYSA-N","C7F14O3","397.96238894","O=C(F)C(F)(OC(F)(F)C(F)(F)C(F)(F)OC(F)(F)F)C(F)(F)F"
"DTXSID90886557","63180-06-3","KAYHPSDEMCKVKU-KBUNVGBDSA-N","C14H15F7O2","348.09602726","CC1(C)[C@@H]2CC[C@@]1(C)C(=O)C2=C(O)C(F)(F)C(F)(F)C(F)(F)F"
"DTXSID90887327","68310-12-3","VLLYHFSAJNIONB-UHFFFAOYSA-N","C20HF39O2","1013.935379852","O=C(O)C(F)(F)C(F)(F)C(F)(F)C(F)(F)C(F)(F)C(F)(F)C(F)(F)C(F)(F)C(F)(F)C(F)(F)C(F)(F)C(F)(F)C(F)(F)C(F)(F)C(F)(F)C(F)(F)C(F)(F)C(F)(F)C(F)(F)F"
"DTXSID90888859","112820-37-8","ZFUIXYCDZABZDB-UHFFFAOYSA-N","C9F18O3","497.95600182","O=C(F)C(F)(OC(F)(C(F)(F)F)C(F)(F)OC(F)(F)C(F)(F)C(F)(F)F)C(F)(F)F"
"DTXSID90892476","82382-12-5","WXNIEINRHBIHRE-UHFFFAOYSA-M","C6F13NaO3S","421.925826","O=S(=O)([O-])C(F)(F)C(F)(F)C(F)(F)C(F)(F)C(F)(F)C(F)(F)F.[Na+]"
"DTXSID90892956","30295-56-8","AJHOIKIILYAOBA-UHFFFAOYSA-N","C11H13F13N2O3S","500.043930136","C[N+](C)([O-])CCCNS(=O)(=O)C(F)(F)C(F)(F)C(F)(F)C(F)(F)C(F)(F)C(F)(F)F"
"DTXSID90893281","40365-28-4","PEXPQBMRYLOFQO-UHFFFAOYSA-M","C9F19KO3S","587.89018272","O=S(=O)([O-])C(F)(F)C(F)(F)C(F)(F)C(F)(F)C(F)(F)C(F)(F)C(F)(C(F)(F)F)C(F)(F)F.[K+]"
"DTXSID90893302","94403-04-0","JYMBVDSMIYOOKM-UHFFFAOYSA-N","C16H26F12O6Si2","598.107630252","CO[Si](CCC(F)(F)C(F)(F)C(F)(F)C(F)(F)C(F)(F)C(F)(F)CC[Si](OC)(OC)OC)(OC)OC"
"DTXSID90893307","98151-22-5","QATHNQHNLDZOBJ-UHFFFAOYSA-M","C16H9F20NaO7S","747.964732308","O=C(CC(C(=O)OCC(F)(F)C(F)(F)C(F)(F)C(F)(F)C(F)F)S(=O)(=O)[O-])OCC(F)(F)C(F)(F)C(F)(F)C(F)(F)C(F)F.[Na+]"
"DTXSID90893322","116537-74-7","ZOOJIVOKCYLKGP-UHFFFAOYSA-M","C11H7F13NNaO3","471.011604224","CCN(CC(=O)[O-])C(=O)C(F)(F)C(F)(F)C(F)(F)C(F)(F)C(F)(F)C(F)(F)F.[Na+]"
"DTXSID90893342","119141-86-5","CMVCRECMKJTVFK-UHFFFAOYSA-N","C14F26","661.95848372","FC(F)(F)C(F)(F)C(F)(C(F)(F)F)C1(F)C(F)(F)C(F)(F)C2(F)C(F)(F)C(F)(F)C(F)(F)C(F)(F)C2(F)C1(F)F"
"DTXSID90893347","138704-55-9","DPGFRDFZRZYXDD-UHFFFAOYSA-N","C31H45F17N2O4S","864.28285866","CCCCCCCCCCCCCCCCCCN1CC(CN(C)S(=O)(=O)C(F)(F)C(F)(F)C(F)(F)C(F)(F)C(F)(F)C(F)(F)C(F)(F)C(F)(F)F)OC1=O"
"DTXSID90893362","176719-69-0","QHCVGZBUAFIWPB-UHFFFAOYSA-N","C5F12NNaO4S2","452.8974824","O=S(=O)([N-]S(=O)(=O)C(F)(F)C(F)(F)C(F)(F)C(F)(F)F)C(F)(F)F.[Na+]"
"DTXSID90893367","200862-70-0","SXOYJUDQQHVGHW-UHFFFAOYSA-N","C30H15ClF14O6S","804.00543196","O=C(CC(=O)C(F)(F)C(F)(F)C(F)(F)F)c1ccc(-c2ccc(S(=O)(=O)Cl)cc2-c2ccc(C(=O)CC(=O)C(F)(F)C(F)(F)C(F)(F)F)cc2)cc1"
"DTXSID90893382","363158-84-3","KFWNKOPEGRJQGT-UHFFFAOYSA-N","C6H3F9O5S","357.955748176","O=C(O)CC(F)(F)C(F)(F)OC(F)(F)C(F)(F)S(=O)(=O)F"
"DTXSID90893387","371771-07-2","BMWUVXGFZUPLIC-UHFFFAOYSA-N","C23H23F7N2O3S","540.131761136","Cc1cc(C(F)(C(F)(F)F)C(F)(F)F)ccc1NC(=O)c1ccccc1/C(O)=N/C(C)(C)CS(C)=O"
"DTXSID90893403","510768-12-4","VMNRZBDGGQYZPX-UHFFFAOYSA-N","C15H7F13N2","462.040165084","FC(F)(F)C(F)(F)C(F)(F)C(F)(F)C(F)(F)C(F)(F)c1cc(-c2ccccc2)[nH]n1"
"DTXSID90893408","874288-98-9","AVGSPEYUIJBWHJ-UHFFFAOYSA-N","C4Cl2F8O2","301.91476036","FC(F)(F)OC(F)(F)OC(F)(Cl)C(F)(F)Cl"
"DTXSID90893524","452912-11-7","FTWZHENHOZOCPQ-UHFFFAOYSA-N","C18H8F26N2O4","810.006890456","O=C(N=NC(=O)OCCC(F)(F)C(F)(F)C(F)(F)C(F)(F)C(F)(F)C(F)(F)F)OCCC(F)(F)C(F)(F)C(F)(F)C(F)(F)C(F)(F)C(F)(F)F"
"DTXSID90893529","175354-32-2","XDEOXVCAUPQFMU-UHFFFAOYSA-N","C24H13F39Sn","1161.941645696","FC(F)(F)C(F)(F)C(F)(F)C(F)(F)C(F)(F)C(F)(F)C[CH2][SnH]([CH2]CC(F)(F)C(F)(F)C(F)(F)C(F)(F)C(F)(F)C(F)(F)F)[CH2]CC(F)(F)C(F)(F)C(F)(F)C(F)(F)C(F)(F)C(F)(F)F"
"DTXSID90893549","503534-33-6","ZJVXUOBDUMHYSB-UHFFFAOYSA-M","C18H13F18LiO6S","706.030546646","O=C([O-])CSC(CC(=O)OCCC(F)(F)C(F)(F)C(F)(F)C(F)(F)F)C(=O)OCCC(F)(F)C(F)(F)C(F)(F)C(F)(F)F.[Li+]"
"DTXSID90893564","178094-73-0","XKJMYQOPSMIYEQ-UHFFFAOYSA-N","C9H12F9KN2O3S","438.006198904","C[N+](C)([O-])CCC[N-]S(=O)(=O)C(F)(F)C(F)(F)C(F)(F)C(F)(F)F.[K+]"
"DTXSID90894177","219484-64-7","-","-","-",NA
"DTXSID90895164","1190430-20-6","GYYDJQOVDQUWPI-UHFFFAOYSA-N","C11H17F7","282.121848084","CCCCCCCCC(F)(F)C(F)(F)C(F)(F)F"
"DTXSID90895169","2794-75-4","OUYUHKFQCFFSBF-UHFFFAOYSA-N","C4H5ClF7N","234.99987438","Cl.NCC(F)(F)C(F)(F)C(F)(F)F"
"DTXSID90895184","503189-11-5","RDTOHVCWSKMGDV-UHFFFAOYSA-N","C7H4F12","316.012138768","FC(F)(F)CCC(F)(F)C(F)(F)C(F)(F)C(F)(F)F"
"DTXSID90895189","2707-72-4","LGAFWMLLIBBCRX-UHFFFAOYSA-N","C8H9F7","238.059247828","CCCC=CC(F)(F)C(F)(F)C(F)(F)F"
"DTXSID90895200","204316-01-8","YHSOLWOJHMOEFX-UHFFFAOYSA-N","C7H9F9Si","292.032980798","C[Si](C)(C)C(F)(F)C(F)(F)C(F)(F)C(F)(F)F"
"DTXSID90895205","1287702-48-0","MXWAWYKEMQNBBF-UHFFFAOYSA-N","C11H11F13","390.065317212","CCCCCC(F)(F)C(F)(F)C(F)(F)C(F)(F)C(F)(F)C(F)(F)F"
"DTXSID90895220","1092379-04-8","PFSBRGRDTLSALE-UHFFFAOYSA-N","C8H11F7OSe","335.986333812","CCCC[Se]C(O)C(F)(F)C(F)(F)C(F)(F)F"
"DTXSID90895225","423-43-8","RZSGRGYAFDNPBL-UHFFFAOYSA-N","C7H9F7O","242.054162448","CCC(C)(O)C(F)(F)C(F)(F)C(F)(F)F"
"DTXSID90895240","469904-32-3","ITAGSMAUGCKABB-UHFFFAOYSA-N","C8H7F13Si","378.010943614","FC(F)(F)C(F)(F)C(F)(F)C(F)(F)C(F)(F)C(F)(F)CC[SiH3]"
"DTXSID90895245","1404193-88-9","HANSJPPGCRVCPJ-UHFFFAOYSA-N","C8H7F11O","328.032125264","OCCCC(F)(F)C(F)(F)C(F)(F)C(F)(F)C(F)(F)F"
"DTXSID90895260","1835251-22-3","MFZHQYSRBOWRKF-UHFFFAOYSA-N","C13H7F21","562.021242844","CCCC(F)(F)C(F)(F)C(F)(F)C(F)(F)C(F)(F)C(F)(F)C(F)(F)C(F)(F)C(F)(F)C(F)(F)F"
"DTXSID90895265","1835255-38-3","RVPRLHLWDOJBHQ-UHFFFAOYSA-N","C12H4F22","565.996170968","FC(F)(F)C(F)(F)C(F)(F)C(F)(F)C(F)(F)CCC(F)(F)C(F)(F)C(F)(F)C(F)(F)C(F)(F)F"
"DTXSID90895280","109856-51-1","VBBUVVVBWWTFOL-UHFFFAOYSA-N","C19H25F15","538.1716741","CCCCCCCCCCCCC(F)(F)C(F)(F)C(F)(F)C(F)(F)C(F)(F)C(F)(F)C(F)(F)F"
"DTXSID90895285","84808-65-1","YJSIBKOUPOTQEG-UHFFFAOYSA-N","C8H2F14","363.993295144","FC(F)(F)C(F)(F)C=CC(F)(F)C(F)(F)C(F)(F)C(F)(F)F"
"DTXSID90895301","1644-06-0","LVVNOPVZNPTTLA-UHFFFAOYSA-N","C13H12F14I2","687.880491464","FC(F)(F)C(F)(F)C(F)(F)CC(I)CCCC(I)CC(F)(F)C(F)(F)C(F)(F)F"
"DTXSID90895306","329698-26-2","WDWNMIBWWPZNJK-OWOJBTEDSA-N","C8H2F13I","471.899364924","FC(F)(F)C(F)(F)C(F)(F)C(F)(F)C(F)(F)C(F)(F)/C=C/I"
"DTXSID90895321","871311-23-8","NSIPJGPFVCQTLA-UHFFFAOYSA-N","C21H27F17","602.184130604","CCCCCCCCCCCCCC(F)(F)C(F)(F)C(F)(F)C(F)(F)C(F)(F)C(F)(F)C(F)(F)C(F)(F)F"
"DTXSID90895326","1835251-99-4","UNNUZQVXLSJZPN-UHFFFAOYSA-N","C18H20F18","578.1277586","FC(F)(F)C(F)(F)C(F)(F)C(F)(F)CCCCCCCCCCC(F)(F)C(F)(F)C(F)(F)C(F)(F)F"
"DTXSID90895341","40735-21-5","CUJYVGKVAYEFKL-UHFFFAOYSA-N","C13H8F18I2","759.842804216","FC(F)(F)C(F)(F)C(F)(F)C(F)(F)CC(I)CC(I)CC(F)(F)C(F)(F)C(F)(F)C(F)(F)F"
"DTXSID90895346","59665-26-8","JSAHWGDHPZKEPF-UHFFFAOYSA-N","C10H2Br3F17","681.743516104","FC(F)(F)C(F)(F)C(F)(F)C(F)(F)C(F)(F)C(F)(F)C(F)(F)C(F)(F)C(Br)(Br)CBr"
"DTXSID90895361","375-20-2","XCHUDVPHMNHSBK-UHFFFAOYSA-N","C4H2F7NS","228.979617604","NC(=S)C(F)(F)C(F)(F)C(F)(F)F"
"DTXSID90895366","1193009-96-9","YPQSKOKWTZYTCR-UHFFFAOYSA-N","C11H15F9O","334.09791908","CCCCCOCCC(F)(F)C(F)(F)C(F)(F)C(F)(F)F"
"DTXSID90895381","16083-68-4","JOBQGMQWGMDRPL-UHFFFAOYSA-N","C10H8F13IO","517.941229736","OCCC(I)CC(F)(F)C(F)(F)C(F)(F)C(F)(F)C(F)(F)C(F)(F)F"
"DTXSID90895386","31143-13-2","RGBFMLVTZCWFSL-OWOJBTEDSA-N","C8F16","399.97445152","F/C(=C(/F)C(F)(F)C(F)(F)C(F)(F)C(F)(F)C(F)(F)F)C(F)(F)F"
"DTXSID90895402","53638-13-4","UXTBTNPWSKVSDW-UHFFFAOYSA-N","C14H3F26I","791.886431816","FC(F)(F)C(F)(F)C(F)(F)C(F)(F)CC(I)C(F)(F)C(F)(F)C(F)(F)C(F)(F)C(F)(F)C(F)(F)C(F)(F)C(F)(F)F"
"DTXSID90895407","1835252-07-7","RFDSQPGWGBLAFI-UHFFFAOYSA-N","C20H20F22","678.12137148","FC(F)(F)C(F)(F)C(F)(F)C(F)(F)C(F)(F)CCCCCCCCCCC(F)(F)C(F)(F)C(F)(F)C(F)(F)C(F)(F)F"
"DTXSID90895422","52717-05-2","PBFFYNBAOSKDGF-UHFFFAOYSA-N","C13H11F15","452.062123652","CCCCC=CC(F)(F)C(F)(F)C(F)(F)C(F)(F)C(F)(F)C(F)(F)C(F)(F)F"
"DTXSID90895427","1835255-18-9","PUQDQKFGPNVJDT-UHFFFAOYSA-N","C22H20F26","778.11498436","FC(F)(F)C(F)(F)C(F)(F)C(F)(F)C(F)(F)C(F)(F)CCCCCCCCCCC(F)(F)C(F)(F)C(F)(F)C(F)(F)C(F)(F)C(F)(F)F"
"DTXSID90895442","176979-19-4","RUVGQMKKVSGKLP-UHFFFAOYSA-N","C26H36F17I","798.159028892","CCCCCCCCCCCCCCCCC(I)CC(F)(F)C(F)(F)C(F)(F)C(F)(F)C(F)(F)C(F)(F)C(F)(F)C(F)(F)F"
"DTXSID90895447","677324-22-0","MMAZMULOSQZKJE-UHFFFAOYSA-N","C25H25F27","838.15251274","CCCCCCCCCCCCC(F)(F)C(F)(F)C(F)(F)C(F)(F)C(F)(F)C(F)(F)C(F)(F)C(F)(F)C(F)(F)C(F)(F)C(F)(F)C(F)(F)C(F)(F)F"
"DTXSID90895462","100603-63-2","OOXRHOFSTJOWRM-UHFFFAOYSA-N","C11H2F20","513.983714464","FC(F)(F)C(F)(F)C(F)(F)C=CC(F)(F)C(F)(F)C(F)(F)C(F)(F)C(F)(F)C(F)(F)F"
"DTXSID90895467","1512-02-3","GZPAINIKTKBDHV-UHFFFAOYSA-N","C19H23F17O","590.147745096","OCCCCCCCCCCCC(F)(F)C(F)(F)C(F)(F)C(F)(F)C(F)(F)C(F)(F)C(F)(F)C(F)(F)F"
"DTXSID90895482","1228093-93-3","RMPCIELYPPBFNC-UHFFFAOYSA-N","C30H33F29","944.211919436","CCCCCCCCCCCCCCCCC(F)(F)C(F)(F)C(F)(F)C(F)(F)C(F)(F)C(F)(F)C(F)(F)C(F)(F)C(F)(F)C(F)(F)C(F)(F)C(F)(F)C(F)(F)C(F)(F)F"
"DTXSID90895487","1254971-76-0","ITRVJOXJQVPORW-UHFFFAOYSA-N","C17H8F26I2","959.830029976","FC(F)(F)C(F)(F)C(F)(F)C(F)(F)C(F)(F)C(F)(F)CC(I)CC(I)CC(F)(F)C(F)(F)C(F)(F)C(F)(F)C(F)(F)C(F)(F)F"
"DTXSID90895503","121223-84-5","LSASNNWMPFETSE-UHFFFAOYSA-N","C8H7F7O4","300.023256244","O=C(O)CC(CC(F)(F)C(F)(F)C(F)(F)F)C(=O)O"
"DTXSID90895508","81769-47-3","ALGTVIZUVXBBPO-UHFFFAOYSA-N","C6H3F7N2","236.018445636","FC(F)(F)C(F)(F)C(F)(F)c1ncc[nH]1"
"DTXSID90895523","25264-81-7","RUGWGAKEPDIGRV-UHFFFAOYSA-N","C7H3F13N2","362.008864956","N=C(N)C(F)(F)C(F)(F)C(F)(F)C(F)(F)C(F)(F)C(F)(F)F"
"DTXSID90895528","175607-87-1","RBXFGBRZNHWPDH-UHFFFAOYSA-N","C7H7F7O2","256.033427004","FC(F)(F)C(F)(F)C(F)(F)CC1OCCO1"
"DTXSID90895543","135548-22-0","UUPQLJUUKYLIEW-UHFFFAOYSA-N","C9H11F9O3","338.056448192","OCC(O)COCCC(F)(F)C(F)(F)C(F)(F)C(F)(F)F"
"DTXSID90895548","133391-64-7","MMBORSWNOGXQSF-UHFFFAOYSA-N","C7H3F7N2","248.018445636","FC(F)(F)C(F)(F)C(F)(F)c1ncccn1"
"DTXSID90895563","135440-42-5","HHXFCKYGOIQRBI-UHFFFAOYSA-N","C12H9F17O2","508.033109268","OCCC(CO)C(F)(F)C(F)(F)C(F)(F)C(F)(F)C(F)(F)C(F)(F)C(F)(F)C(F)(F)F"
"DTXSID90895568","927835-01-6","AOVKXYRLTUFQHK-UHFFFAOYSA-M","C19H26F15NO2","585.172402372","CCCCCCCC[N+](C)(C)C.O=C([O-])C(F)(F)C(F)(F)C(F)(F)C(F)(F)C(F)(F)C(F)(F)C(F)(F)F"
"DTXSID90895583","125162-63-2","XORTVLLLUZAIQK-UHFFFAOYSA-N","C8H8F9NO2","321.041132476","NC(CCC(F)(F)C(F)(F)C(F)(F)C(F)(F)F)C(=O)O"
"DTXSID90895588","1365808-09-8","MTSOMQACIQLZKS-UHFFFAOYSA-N","C6H2F10O2","295.989511504","O=C(OCC(F)(F)C(F)(F)C(F)(F)F)C(F)(F)F"
"DTXSID90895604","114221-75-9","ORKJDGJQRJIXIG-UHFFFAOYSA-N","C30H10F50I2","1573.80735732","FC(F)(F)C(F)(F)C(F)(F)C(F)(F)C(F)(F)C(F)(F)C(F)(F)C(F)(F)C(F)(F)C(F)(F)C(F)(F)C(F)(F)CC(I)CCC(I)CC(F)(F)C(F)(F)C(F)(F)C(F)(F)C(F)(F)C(F)(F)C(F)(F)C(F)(F)C(F)(F)C(F)(F)C(F)(F)C(F)(F)F"
"DTXSID90895609","374571-81-0","AXYHEICLBPBPQM-UHFFFAOYSA-M","C12H20F9NO3S","429.10201848","CC(C)[N+](C)(C)C(C)C.O=S(=O)([O-])C(F)(F)C(F)(F)C(F)(F)C(F)(F)F"
"DTXSID90895624","2707-76-8","HNPZFSDCMYGVLK-UHFFFAOYSA-N","C8H9F7O3","286.043991688","CCOC(=O)CC(O)C(F)(F)C(F)(F)C(F)(F)F"
"DTXSID90895629","443145-46-8","LXCDRWZGUKTECU-UHFFFAOYSA-N","C10H9F9O2","332.045883508","C=CC(=O)OCCCC(F)(F)C(F)(F)C(F)(F)C(F)(F)F"
"DTXSID90895644","922168-41-0","NEHOYPPKUMDNIR-UHFFFAOYSA-N","C7HF13O2","363.976896132","O=C(OC(C(F)(F)F)C(F)(F)F)C(F)(F)C(F)(F)C(F)(F)F"
"DTXSID90895649","1604816-68-3","SRBGSZZLJNLEIV-UHFFFAOYSA-N","C10H13F9O3S","384.044169256","CCOS(=O)(=O)CCCCC(F)(F)C(F)(F)C(F)(F)C(F)(F)F"
"DTXSID90895664","106877-15-0","CSEXLCUTMMBMDZ-UHFFFAOYSA-N","C12H5F13O","412.01328164","Oc1ccc(C(F)(F)C(F)(F)C(F)(F)C(F)(F)C(F)(F)C(F)(F)F)cc1"
"DTXSID90895669","84108-41-8","ITHGUKYRCZMXFU-UHFFFAOYSA-N","C9H6F13NO2","407.019095292","CC(C)([N+](=O)[O-])C(F)(F)C(F)(F)C(F)(F)C(F)(F)C(F)(F)C(F)(F)F"
"DTXSID90895684","1816282-96-8","NIQMVKARLYHXNN-UHFFFAOYSA-N","C8H3BrF7N","324.933708736","FC(F)(F)C(F)(F)C(F)(F)c1ccc(Br)cn1"
"DTXSID90895689","521069-00-1","VSLHCOZVHMYAKT-UHFFFAOYSA-N","C21H24F26O2Si3","886.066893318","C[SiH](O[Si](C)(C)CCC(F)(F)C(F)(F)C(F)(F)C(F)(F)C(F)(F)C(F)(F)F)O[Si](C)(C)CCC(F)(F)C(F)(F)C(F)(F)C(F)(F)C(F)(F)C(F)(F)F"
"DTXSID90895700","153910-97-5","LDDFFTABVBIVFM-UHFFFAOYSA-N","C11H7F9O","326.035318824","COc1ccccc1C(F)(F)C(F)(F)C(F)(F)C(F)(F)F"
"DTXSID90895705","133377-48-7","IHGUGSBDMLHOJL-UHFFFAOYSA-N","C14H13F17O2","536.064409396","CCOC(CC(F)(F)C(F)(F)C(F)(F)C(F)(F)C(F)(F)C(F)(F)C(F)(F)C(F)(F)F)OCC"
"DTXSID90895720","115585-00-7","HDDQYUSNJSEGHK-UHFFFAOYSA-N","C6H4F9NO","277.014917728","CNC(=O)C(F)(F)C(F)(F)C(F)(F)C(F)(F)F"
"DTXSID90895725","196932-95-3","VGHCHTBEJCZDFH-UHFFFAOYSA-N","C10H4F9NO2","341.009832348","O=[N+]([O-])c1ccc(C(F)(F)C(F)(F)C(F)(F)C(F)(F)F)cc1"
"DTXSID90895740","1228350-17-1","AIIUJTLQIOPZBE-UHFFFAOYSA-N","C13H11F13O2","446.055146452","C=C(C)C(=O)OCCCC(F)(F)C(F)(F)C(F)(F)C(F)(F)C(F)(F)C(F)(F)F"
"DTXSID90895745","140369-64-8","KMIGYHDUVWFLSB-UHFFFAOYSA-N","C9H7F11O2","356.027039884","FC(F)(F)C(F)(F)C(F)(F)C(F)(F)C(F)(F)COCC1CO1"
"DTXSID90895760","124389-29-3","PJIMUKRRXVIXOA-UHFFFAOYSA-N","C18H4F26","713.989783848","FC(F)(F)C(F)(F)C(F)(F)C(F)(F)C(F)(F)C(F)(F)c1cccc(C(F)(F)C(F)(F)C(F)(F)C(F)(F)C(F)(F)C(F)(F)F)c1"
"DTXSID90895922","2398-76-7","XSVUTHPDIIPLTQ-UHFFFAOYSA-N","C10H4F9NO2","341.009832348","O=[N+]([O-])c1cccc(C(F)(F)C(F)(F)C(F)(F)C(F)(F)F)c1"
"DTXSID90895927","56773-56-9","NYXOUCJEJJDTDM-UHFFFAOYSA-M","C22H32F17NO3S","713.183144624","CCCCC[N+](CCC)(CCC)CCC.O=S(=O)([O-])C(F)(F)C(F)(F)C(F)(F)C(F)(F)C(F)(F)C(F)(F)C(F)(F)C(F)(F)F"
"DTXSID90895942","72804-48-9","HBBPUTOQGBFWPQ-UHFFFAOYSA-N","C6F12O","315.97575326","FC(F)(F)C(F)(F)C(F)(F)C(F)(F)C1(F)OC1(F)F"
"DTXSID90895947","93345-48-3","RGCCJICFTWQWSZ-UHFFFAOYSA-N","C12H7F17O2S","537.989530204","C=CS(=O)(=O)CCC(F)(F)C(F)(F)C(F)(F)C(F)(F)C(F)(F)C(F)(F)C(F)(F)C(F)(F)F"
"DTXSID90895962","168920-97-6","MYWBHGPUNSBHHA-UHFFFAOYSA-N","C13H7F9O2","366.030233444","O=C(CC(=O)C(F)(F)C(F)(F)C(F)(F)C(F)(F)F)c1ccccc1"
"DTXSID90895967","70473-74-4","XTVQLRCYVUMCLK-UHFFFAOYSA-N","C7H8F7NO2","271.044326036","COCCNC(=O)C(F)(F)C(F)(F)C(F)(F)F"
"DTXSID90895982","70862-62-3","MLJAMLDEJNIELD-UHFFFAOYSA-N","C12H6F8O2","334.024005192","O=C(CC(=O)C(F)(F)C(F)(F)C(F)(F)F)c1ccc(F)cc1"
"DTXSID90895987","924894-08-6","BQOLVFQIEAAHQR-UHFFFAOYSA-N","C10H2F20O3S","581.940529324","O=S(=O)(OCC(F)(F)C(F)(F)C(F)(F)C(F)(F)C(F)(F)F)C(F)(F)C(F)(F)C(F)(F)C(F)(F)F"
"DTXSID90896010","1453469-60-7","IHWUPJCZUQXEQR-UHFFFAOYSA-N","C10H2F13IS","527.871435924","FC(F)(F)C(F)(F)C(F)(F)C(F)(F)C(F)(F)C(F)(F)c1csc(I)c1"
"DTXSID90896015","81769-56-4","ZJGFRIPXEMYHFJ-UHFFFAOYSA-N","C11H3F17N2","486.002477836","FC(F)(F)C(F)(F)C(F)(F)C(F)(F)C(F)(F)C(F)(F)C(F)(F)C(F)(F)c1cnc[nH]1"
"DTXSID90896030","73602-42-3","UIDMHGBETJKWEZ-UHFFFAOYSA-N","C13H10F17NO","519.04909368","CCCCNC(=O)C(F)(F)C(F)(F)C(F)(F)C(F)(F)C(F)(F)C(F)(F)C(F)(F)C(F)(F)F"
"DTXSID90896035","81084-29-9","IPSZMIRIAURPSU-UHFFFAOYSA-N","C7H6F7NO3","285.023590592","COC(=O)CNC(=O)C(F)(F)C(F)(F)C(F)(F)F"
"DTXSID90896050","1335014-68-0","WXTMTRJFJBQPJW-UHFFFAOYSA-N","C10H6F9NOS","359.002638792","N=S(=O)(c1ccccc1)C(F)(F)C(F)(F)C(F)(F)C(F)(F)F"
"DTXSID90896055","1036029-24-9","YJOBDVVNYPAREN-UHFFFAOYSA-N","C20H24F17N2O2P","678.130394378","CC(C)N(C(C)C)P(OCCC#N)OCCCC(F)(F)C(F)(F)C(F)(F)C(F)(F)C(F)(F)C(F)(F)C(F)(F)C(F)(F)F"
"DTXSID90896070","109296-89-1","WFLNHNOSXCKCKN-UHFFFAOYSA-N","C12H9F7O3","334.043991688","COC(=O)c1c(OC)cccc1C(F)(F)C(F)(F)C(F)(F)F"
"DTXSID90896075","1361253-41-9","VWTZJHIQIGBHCX-UHFFFAOYSA-N","C11H11F11O5S","464.015154872","CCOC(=O)CCC(F)(F)COS(=O)(=O)C(F)(F)C(F)(F)C(F)(F)C(F)(F)F"
"DTXSID90896090","1407514-44-6","DCJKBXFEWSPSGU-UHFFFAOYSA-N","C11H8F15NO2","471.031551796","CC(O)CNC(=O)C(F)(F)C(F)(F)C(F)(F)C(F)(F)C(F)(F)C(F)(F)C(F)(F)F"
"DTXSID90896095","113823-56-6","WGCSEECKLMOBLT-UHFFFAOYSA-N","C17H11F17O3S","618.015744952","Cc1ccc(S(=O)(=O)OCCC(F)(F)C(F)(F)C(F)(F)C(F)(F)C(F)(F)C(F)(F)C(F)(F)C(F)(F)F)cc1"
"DTXSID90896111","2059-15-6","ITZZBAJDLSEKTE-UHFFFAOYSA-N","C11H5F10NO","357.02114598","O=C(Nc1cccc(C(F)(F)F)c1)C(F)(F)C(F)(F)C(F)(F)F"
"DTXSID90896116","243977-25-5","FJDNRGZXGFXROS-UHFFFAOYSA-N","C21H4F34O4","965.956668088","C=C(CC(=O)OC(F)(F)C(F)(F)C(F)(F)C(F)(F)C(F)(F)C(F)(F)C(F)(F)C(F)(F)F)C(=O)OC(F)(F)C(F)(F)C(F)(F)C(F)(F)C(F)(F)C(F)(F)C(F)(F)C(F)(F)F"
"DTXSID90896131","330548-64-6","JPRMXDQLEYNVJM-REOHCLBHSA-N","C12H6F17NO3","535.007622792","C[C@H](NC(=O)C(F)(F)C(F)(F)C(F)(F)C(F)(F)C(F)(F)C(F)(F)C(F)(F)C(F)(F)F)C(=O)O"
"DTXSID90896136","872186-76-0","TUUJHDIWSQTICP-UHFFFAOYSA-N","C12H5F7N2O2","342.02392494","[N-]=[N+]=C(C(=O)c1ccccc1)C(=O)C(F)(F)C(F)(F)C(F)(F)F"
"DTXSID90896151","714975-28-7","COXLELXARHOAAF-UHFFFAOYSA-N","C7H7F7N4","280.055893764","CNc1nc(C(F)(F)C(F)(F)C(F)(F)F)n(C)n1"
"DTXSID90896156","237738-71-5","MITMTPJIARYTDP-UHFFFAOYSA-N","C19H15F13N2O","534.09767996","O=C(CCCCCc1nc2ccccc2[nH]1)C(F)(F)C(F)(F)C(F)(F)C(F)(F)C(F)(F)C(F)(F)F"
"DTXSID90896171","150333-62-3","ODCGSXFIHQYHBY-UHFFFAOYSA-N","C11H5F9N2O3","384.015646","O=C(Nc1ccc([N+](=O)[O-])cc1)C(F)(F)C(F)(F)C(F)(F)C(F)(F)F"
"DTXSID90896176","113584-32-0","SJOOJYBVDNVFLP-UHFFFAOYSA-N","C12H9F17N2O2S","568.011328268","O=S(=O)(N1CCNCC1)C(F)(F)C(F)(F)C(F)(F)C(F)(F)C(F)(F)C(F)(F)C(F)(F)C(F)(F)F"
"DTXSID90896191","203200-76-4","CBPLYQHOYNDADX-FPLPWBNLSA-N","C14H11F7N2O2","372.070875132","C/C(=C/C(=O)C(F)(F)C(F)(F)C(F)(F)F)NNC(=O)c1ccccc1"
"DTXSID90896196","157584-47-9","IDJHICNQDCLWAB-UHFFFAOYSA-N","C21H10F17NO","615.04909368","O=C(N(c1ccccc1)c1ccccc1)C(F)(F)C(F)(F)C(F)(F)C(F)(F)C(F)(F)C(F)(F)C(F)(F)C(F)(F)F"
"DTXSID90896212","1384278-50-5","MFKMPVIPAQUUSU-UHFFFAOYSA-N","C11H5F7N2O2S","361.99599594","O=C(OCC(F)(F)C(F)(F)C(F)(F)F)c1cccc2nnsc12"
"DTXSID90896217","1440968-23-9","ZNLVRZYKPKOZEM-UHFFFAOYSA-N","C11H12F9NO3S","409.039418224","CC1(C(=O)NS(=O)(=O)C(F)(F)C(F)(F)C(F)(F)C(F)(F)F)CCCC1"
"DTXSID90896232","328016-16-6","SRUIZVSPDIHICU-UHFFFAOYSA-N","C16H12F13N3O","509.077278864","CN(C)c1ccc(C=NNC(=O)C(F)(F)C(F)(F)C(F)(F)C(F)(F)C(F)(F)C(F)(F)F)cc1"
"DTXSID90896237","83650-67-3","GALFVTLALVXPCQ-UHFFFAOYSA-N","C14H7F14NO4","519.015152784","O=C(O)c1[nH]c(C(=O)O)c(CC(F)(F)C(F)(F)C(F)(F)F)c1CC(F)(F)C(F)(F)C(F)(F)F"
"DTXSID90896252","94413-32-8","MCQWLLPAXMDAIY-UHFFFAOYSA-N","C18H15F13O3S","558.0534322","CC1C2CC(C1SCCC(F)(F)C(F)(F)C(F)(F)C(F)(F)C(F)(F)C(F)(F)F)C1C(=O)OC(=O)C21"
"DTXSID90896257","914391-37-0","PARYPNCCAOUHML-QFIPXVFZSA-N","C39H31F34NOSi","1203.163200622","CC[Si](CC)(CC)OC(c1ccc(C(F)(F)C(F)(F)C(F)(F)C(F)(F)C(F)(F)C(F)(F)C(F)(F)C(F)(F)F)cc1)(c1ccc(C(F)(F)C(F)(F)C(F)(F)C(F)(F)C(F)(F)C(F)(F)C(F)(F)C(F)(F)F)cc1)[C@@H]1CCCN1"
"DTXSID90896272","296886-61-8","OBSMCEMJAVGBFT-UHFFFAOYSA-N","C12H10F7N5O","373.07735748","FC(F)(F)C(F)(F)C(F)(F)c1nnc2ccc(N3CCOCC3)nn12"
"DTXSID90896277","216307-12-9","VDTOPNQPAFVQGL-UHFFFAOYSA-N","C13H8F9N3O3","425.042195096","O=C1Nc2ccccc2NC(O)(C(F)(F)C(F)(F)C(F)(F)C(F)(F)F)C1=NO"
"DTXSID90896292","58671-32-2","KUGJPYIIQHQEJQ-UAKXSSHOSA-N","C15H11F13N2O6","562.040952932","O=c1[nH]c(=O)n([C@@H]2O[C@H](CO)[C@@H](O)[C@H]2O)cc1C(F)(F)C(F)(F)C(F)(F)C(F)(F)C(F)(F)C(F)(F)F"
"DTXSID90896297","14318-61-7","SKQJYUPAFGVYKS-UPHRSURJSA-N","C5H2F8","214.002875824","F/C=C\C(F)(C(F)(F)F)C(F)(F)F"
"DTXSID90896313","16500-37-1","XKMXDCKJYUSARR-UHFFFAOYSA-N","C6HF13O","335.981981512","OC(C(F)(F)F)(C(F)(F)F)C(F)(C(F)(F)F)C(F)(F)F"
"DTXSID90896318","2396-22-7","LORVCBHYPNKHCQ-UHFFFAOYSA-N","C9H4BrF7","323.938459768","FC(F)(F)C(F)(c1cccc(Br)c1)C(F)(F)F"
"DTXSID90896333","2396-19-2","XMOIHXFHBPQEDL-UHFFFAOYSA-N","C11H10F7N","289.07014686","CN(C)c1ccc(C(F)(C(F)(F)F)C(F)(F)F)cc1"
"DTXSID90896338","273735-34-5","FQPRLZDVXVSBBL-UHFFFAOYSA-N","C11H10F7N","289.07014686","CCc1cc(C(F)(C(F)(F)F)C(F)(F)F)ccc1N"
"DTXSID90896353","143582-62-1","OGUAMXMVIRXTMU-UHFFFAOYSA-N","C8F14O","377.9725597","O=C(C(F)=C(F)C(F)(C(F)(F)F)C(F)(F)F)C(F)(F)C(F)(F)F"
"DTXSID90896358","54735-87-4","HLPPIVCJSJCNKU-UHFFFAOYSA-N","C12H8F19NO","543.030250056","NCC(O)CC(F)(F)C(F)(F)C(F)(F)C(F)(F)C(F)(F)C(F)(F)C(F)(C(F)(F)F)C(F)(F)F"
"DTXSID90896373","20017-54-3","LQGVLRSSQVWQGC-UHFFFAOYSA-N","C10F11N","342.98550942","N#Cc1c(F)c(F)c(C(F)(C(F)(F)F)C(F)(F)F)c(F)c1F"
"DTXSID90896378","1771743-43-1","YXTGUYDNPREZFO-UHFFFAOYSA-N","C8H3ClF7NO","296.979138936","O=c1[nH]cc(C(F)(C(F)(F)F)C(F)(F)F)cc1Cl"
"DTXSID90896393","1433216-60-4","HXHVTGAPDFOURG-UHFFFAOYSA-N","C10H4F7NOS","318.990182288","O=c1[nH]c2ccc(C(F)(C(F)(F)F)C(F)(F)F)cc2s1"
"DTXSID90896398","1355554-03-8","TYRUJIWJMQTQAU-UHFFFAOYSA-N","C14H13F7O2S","378.052448196","CCCSc1c(C(F)(C(F)(F)F)C(F)(F)F)ccc(C(=O)O)c1C"
"DTXSID90896414","1355554-84-5","YLKVZAFTIYTNFW-UHFFFAOYSA-N","C13H11F7O3S","380.031712752","CCc1c(C(=O)O)ccc(C(F)(C(F)(F)F)C(F)(F)F)c1S(C)=O"
"DTXSID90896419","1355554-27-6","YKMRUYHMRZBFEE-UHFFFAOYSA-N","C14H13F7O3S","394.047362816","Cc1c(C(=O)O)ccc(C(F)(C(F)(F)F)C(F)(F)F)c1S(=O)C(C)C"
"DTXSID90896434","1355554-59-4","SVXFKLALCWALDG-UHFFFAOYSA-N","C15H15F7O4S","424.0579275","Cc1c(C(=O)O)ccc(C(F)(C(F)(F)F)C(F)(F)F)c1S(=O)(=O)C(C)(C)C"
"DTXSID90896439","1355555-01-9","FIOBMHPGQOLBAX-UHFFFAOYSA-N","C16H17F7O3S","422.078662944","CCc1c(C(=O)O)ccc(C(F)(C(F)(F)F)C(F)(F)F)c1S(=O)C(C)CC"
"DTXSID90896454","862130-90-3","HEHDCGQTAOJNNZ-UHFFFAOYSA-N","C25H17ClF8N2O2","564.085081224","Cc1cc(C(F)(C(F)(F)F)C(F)(F)F)cc(C)c1NC(=O)c1cccc(NC(=O)c2ccc(Cl)cc2F)c1"
"DTXSID90896459","862130-95-8","SBOIVFWHPYGVNV-UHFFFAOYSA-N","C25H16F10N2O2","566.105209952","Cc1cc(C(F)(C(F)(F)F)C(F)(F)F)cc(C)c1NC(=O)c1cccc(NC(=O)c2c(F)ccc(F)c2F)c1"
"DTXSID90896474","87136-79-6","FDGTYOXMAQGBCV-UHFFFAOYSA-N","C4ClF9O2","285.9443109","FC(F)(F)OC(F)(F)C(F)(F)OC(F)(F)Cl"
"DTXSID90896479","64028-06-4","WGAHPKOIQCXOMB-UHFFFAOYSA-N","C10F22O5","617.93944394","FC(F)(F)OC(F)(F)C(F)(F)OC(F)(F)C(F)(F)OC(F)(F)C(F)(F)OC(F)(F)C(F)(F)OC(F)(F)F"
"DTXSID90896494","243128-38-3","HJDWQDVEEKHDLR-UHFFFAOYSA-N","C7H4F11IO","439.913123168","FC(F)(F)C(F)(CCI)OC(F)(F)C(F)(F)C(F)(F)F"
"DTXSID90896499","147224-16-6","NVVKOWCWRZULDC-UHFFFAOYSA-N","C9H7F11O3","372.021954504","CCCOC(=O)C(F)(OC(F)(F)C(F)(F)C(F)(F)F)C(F)(F)F"
"DTXSID90896510","183873-56-5","AXCQVYBSRFQQRB-UHFFFAOYSA-N","C11H11F11O3","400.053254632","CC(C)CCOC(=O)C(F)(OC(F)(F)C(F)(F)C(F)(F)F)C(F)(F)F"
"DTXSID90896515","76145-88-5","QGEWHUSMIVYAOX-UHFFFAOYSA-N","C11H5F17O4","523.99163838","CCOC(=O)C(F)(OC(F)(F)C(F)(OC(F)(F)C(F)(F)C(F)(F)F)C(F)(F)F)C(F)(F)F"
"DTXSID90896530","87405-74-1","UNLIPKHWLXWFAN-UHFFFAOYSA-N","C13H2F22O4","639.960179384","O=C(CC(=O)C(F)(OC(F)(F)C(F)(F)C(F)(F)F)C(F)(F)F)C(F)(OC(F)(F)C(F)(F)C(F)(F)F)C(F)(F)F"
"DTXSID90896535","78755-31-4","NGWMIKDDFJVFGQ-UHFFFAOYSA-N","C12H5F11O3","406.00630444","O=C(Oc1ccccc1)C(F)(OC(F)(F)C(F)(F)C(F)(F)F)C(F)(F)F"
"DTXSID90896550","82970-41-0","MBYGYAYBAZPQOT-UHFFFAOYSA-N","C13H8F11NO2","419.037938916","O=C(NCc1ccccc1)C(F)(OC(F)(F)C(F)(F)C(F)(F)F)C(F)(F)F"
"DTXSID90896555","178167-74-3","ZNSJFNNRKLUACB-UHFFFAOYSA-N","C15H6F17NO3","571.007622792","O=C(Nc1ccccc1)C(F)(OC(F)(F)C(F)(OC(F)(F)C(F)(F)C(F)(F)F)C(F)(F)F)C(F)(F)F"
"DTXSID90896570","1882109-60-5","LEVVSRBRUBTUPV-UHFFFAOYSA-N","C8HF15O2","413.973702572","O=C(O)C(F)(C(F)(F)C(F)(F)F)C(C(F)(F)F)(C(F)(F)F)C(F)(F)F"
"DTXSID90896575","1882109-65-0","RPJPRDHJIVARDS-UHFFFAOYSA-N","C8HF15O2","413.973702572","O=C(O)C(F)(C(F)(F)C(F)(F)F)C(F)(F)C(F)(C(F)(F)F)C(F)(F)F"
"DTXSID90896590","1882109-80-9","XYSKFGIOQNTGLA-UHFFFAOYSA-N","C8HF15O2","413.973702572","O=C(O)C(F)(C(F)(F)F)C(F)(F)C(F)(F)C(F)(C(F)(F)F)C(F)(F)F"
"DTXSID90896595","705240-04-6","FUGOJSZHPNUCLK-UHFFFAOYSA-N","C8HF15O2","413.973702572","O=C(O)C(F)(F)C(F)(C(F)(F)F)C(F)(F)C(F)(F)C(F)(F)C(F)(F)F"
"DTXSID90896611","17526-97-5","JXVINEGBEPHVPO-UHFFFAOYSA-N","C8H5F9O2","304.01458338","C=C(C)C(=O)OC(C(F)(F)F)(C(F)(F)F)C(F)(F)F"
"DTXSID90896616","64346-90-3","OFGMYVUFKMFVRX-UHFFFAOYSA-N","C9H7F13N2O4S","485.991894564","NCCNS(=O)(=O)C(F)(F)C(F)(F)OC(F)(C(F)(F)F)C(F)(F)OC(F)=C(F)F"
"DTXSID90896631","98065-31-7","CPKHCCMBWZVUEX-UHFFFAOYSA-M","C8H4F15KO4","487.950713588","O.O.O=C([O-])C(F)(F)C(F)(F)C(F)(F)C(F)(F)C(F)(F)C(F)(F)C(F)(F)F.[K+]"
"DTXSID90896636","60871-96-7","WNJKOYLAOWQODZ-UHFFFAOYSA-M","C11F21NaO2","585.94606614","O=C([O-])C(F)(F)C(F)(F)C(F)(F)C(F)(F)C(F)(F)C(F)(F)C(F)(F)C(F)(F)C(F)(F)C(F)(F)F.[Na+]"
"DTXSID90896651","19742-57-5","FEPNWJQHVCVVDS-UHFFFAOYSA-N","C8H4F15NO2","431.000251668","O=C([O-])C(F)(F)C(F)(F)C(F)(F)C(F)(F)C(F)(C(F)(F)F)C(F)(F)F.[NH4+]"
"DTXSID90896656","30377-53-8","HLQVLXNUQDBRAP-UHFFFAOYSA-M","C11F21KO2","601.92000354","O=C([O-])C(F)(F)C(F)(F)C(F)(F)C(F)(F)C(F)(F)C(F)(F)C(F)(F)C(F)(F)C(F)(F)C(F)(F)F.[K+]"
"DTXSID90896671","37759-76-5","KRBNWYYINLFKND-OWOJBTEDSA-N","C6H3F7O2","240.002126876","O=C(O)/C=C/C(F)(F)C(F)(F)C(F)(F)F"
"DTXSID90896676","83707-01-1","ATYZUVRSTXBJLR-UPHRSURJSA-N","C9H5F13O","376.01328164","OC/C=C\C(F)(F)C(F)(F)C(F)(F)C(F)(F)C(F)(F)C(F)(F)F"
"DTXSID90896691","37759-79-8","WSGUVPFPADUHPU-ONEGZZNKSA-N","C8H7F7O2","268.033427004","CCOC(=O)/C=C/C(F)(F)C(F)(F)C(F)(F)F"
"DTXSID90896696","61726-44-1","MJRRAUCJAYEEOS-UHFFFAOYSA-N","C10H10F13O3P","456.01599767","COP(=O)(CCC(F)(F)C(F)(F)C(F)(F)C(F)(F)C(F)(F)C(F)(F)F)OC"
"DTXSID90896712","88951-24-0","IVISRMWAKRCKHH-OLQVQODUSA-N","C11H11F9O2","346.061533572","O=C(O)[C@H]1CC[C@@H](C(F)(F)C(F)(F)C(F)(F)C(F)(F)F)CC1"
"DTXSID90896717","55776-72-2","XTMMQBINMKHYNZ-UHFFFAOYSA-N","C16H12F7O2P","400.046313794","O=P(OCC(F)(F)C(F)(F)C(F)(F)F)(c1ccccc1)c1ccccc1"
"DTXSID90896732","2192-60-1","VPKYJRGMBQKKDH-JEWRLFTDSA-N","C22H21F7O3","466.137892072","C[C@]12CC[C@@H]3c4ccc(OC(=O)C(F)(F)C(F)(F)C(F)(F)F)cc4CC[C@H]3[C@@H]1CCC2=O"
"DTXSID90896737","144862-39-5","JJXLHDOGDUREHR-RRKCRQDMSA-N","C15H11F13N2O5","546.046038312","O=c1[nH]c(=O)n([C@H]2C[C@H](O)[C@@H](CO)O2)cc1C(F)(F)C(F)(F)C(F)(F)C(F)(F)C(F)(F)C(F)(F)F"
"DTXSID90896752","144862-40-8","ULJNEXUPBGJFCH-VLCYITPWSA-N","C14H11F11N2O7","528.039061112","O=c1[nH]c(=O)n([C@@H]2O[C@H](CO)[C@@H](O)[C@H]2O)cc1C(F)(OC(F)(F)C(F)(F)C(F)(F)F)C(F)(F)F"
"DTXSID90896757","907607-08-3","UZESRIBVQIPIHZ-UHFFFAOYSA-N","C5H3F9O2","265.998933316","O.O=CC(F)(F)C(F)(F)C(F)(F)C(F)(F)F"
"DTXSID90896994","73755-28-9","BNCXPORMMOBRMR-UHFFFAOYSA-J","C16F28O8Rh2","1057.72561512","O=C([O-])C(F)(F)C(F)(F)C(F)(F)F.O=C([O-])C(F)(F)C(F)(F)C(F)(F)F.O=C([O-])C(F)(F)C(F)(F)C(F)(F)F.O=C([O-])C(F)(F)C(F)(F)C(F)(F)F.[Rh+2].[Rh+2]"
"DTXSID90897002","86525-30-6","FERFSNBXEOUUGP-UHFFFAOYSA-L","C12F26O4S2Zn","829.8114264","O=S([O-])C(F)(F)C(F)(F)C(F)(F)C(F)(F)C(F)(F)C(F)(F)F.O=S([O-])C(F)(F)C(F)(F)C(F)(F)C(F)(F)C(F)(F)C(F)(F)F.[Zn+2]"
"DTXSID90897022","2967-59-1","AHAQXHMPHGIPBT-UHFFFAOYSA-N","C12H10F14N2O2","480.05187264","O=C(NCCCCNC(=O)C(F)(F)C(F)(F)C(F)(F)F)C(F)(F)C(F)(F)C(F)(F)F"
"DTXSID90897027","160845-44-3","WRCYUMJBOHRCEH-UHFFFAOYSA-N","C10H6F13NO3","435.014009912","O=C(O)CCNC(=O)C(F)(F)C(F)(F)C(F)(F)C(F)(F)C(F)(F)C(F)(F)F"
"DTXSID90897042","234096-30-1","OGBKVDKHMNTXID-UPHRSURJSA-N","C20H2F34O4","951.941018024","O=C(/C=C\C(=O)OC(F)(F)C(F)(F)C(F)(F)C(F)(F)C(F)(F)C(F)(F)C(F)(F)C(F)(F)F)OC(F)(F)C(F)(F)C(F)(F)C(F)(F)C(F)(F)C(F)(F)C(F)(F)C(F)(F)F"
"DTXSID90897047","1612778-35-4","MGQRMTIVHOQHJI-WDTQFDANSA-N","C11H5ClF9NOS","404.96366644","O=[S@](/N=C/c1ccc(Cl)cc1)C(F)(F)C(F)(F)C(F)(F)C(F)(F)F"
"DTXSID90897067","524726-48-5","DXAPKYLFBXPQRX-UHFFFAOYSA-N","C14H6F14N2O2","500.020572512","O=C(Nc1cccc(NC(=O)C(F)(F)C(F)(F)C(F)(F)F)c1)C(F)(F)C(F)(F)C(F)(F)F"
"DTXSID90897087","1421133-00-7","QZQHCXTZPMSMEM-UHFFFAOYSA-N","C11H4BrF12NO3S2","568.862435728","O=S(=O)(N=S(=O)(c1ccc(Br)cc1)C(F)(F)F)C(F)(F)C(F)(F)C(F)(F)C(F)(F)F"
"DTXSID90897249","1421133-01-8","SMPHWWVKYFLKNG-UHFFFAOYSA-N","C11H4BrF12NO3S2","568.862435728","O=S(=O)(N=S(=O)(c1ccc(Br)cc1)C(F)(F)C(F)(F)C(F)(F)C(F)(F)F)C(F)(F)F"
"DTXSID90897300","18323-98-3","YGHBDHIMYCLNCZ-VNGPFPIXSA-K","C30H30DyF21O6","1049.0998811","CC(C)(C)/C([O-])=C/C(=O)C(F)(F)C(F)(F)C(F)(F)F.CC(C)(C)/C([O-])=C/C(=O)C(F)(F)C(F)(F)C(F)(F)F.CC(C)(C)/C([O-])=C/C(=O)C(F)(F)C(F)(F)C(F)(F)F.[Dy+3]"
"DTXSID90897305","19186-73-3","VIKDXVKRSULJMT-VNGPFPIXSA-K","C30H30F21O6Y","974.0765546","CC(C)(C)/C([O-])=C/C(=O)C(F)(F)C(F)(F)C(F)(F)F.CC(C)(C)/C([O-])=C/C(=O)C(F)(F)C(F)(F)C(F)(F)F.CC(C)(C)/C([O-])=C/C(=O)C(F)(F)C(F)(F)C(F)(F)F.[Y+3]"
"DTXSID90897466","1178899-27-8","ALLMSMRJFZFUBB-UHFFFAOYSA-N","C12H7BrF9NOS","462.928800924","CC(=O)/N=S(\c1ccc(Br)cc1)C(F)(F)C(F)(F)C(F)(F)C(F)(F)F"
"DTXSID90897486","123613-18-3","QYBUWJRMHQVYLH-UANRBNDJSA-N","C35H48F14O2","766.343075856","CC(C)CCCC(C)[C@H]1CC[C@H]2[C@@H]3CC[C@H]4C[C@@H](OC(=O)C(F)C(F)(F)C(F)(F)C(F)(F)C(F)(F)C(F)(F)C(F)(F)F)CC[C@]4(C)[C@H]3CC[C@]12C"
"DTXSID90897507","217824-95-8","DXMNIUZVFLURQX-UHFFFAOYSA-N","C18HF21O3","663.959036512","OC(c1c(F)c(F)c(F)c(F)c1F)(c1c(F)c(F)c(F)c(F)c1F)C(F)(F)OC(F)(F)C(F)(F)OC(F)(F)C(F)(F)F"
"DTXSID90897522","165951-19-9","LGKGYIWMBYIDRT-UHFFFAOYSA-N","C15H16F17NO4","597.080787732","CC[NH+](CC)CC.O=C([O-])C(F)(OC(F)(F)C(F)(OC(F)(F)C(F)(F)C(F)(F)F)C(F)(F)F)C(F)(F)F"
"DTXSID90897542","75330-20-0","-",NA,NA,"*F.*F.*I.FC(F)C(F)C(F)C(F)(F)C(F)(F)F"
"DTXSID90897547","20006-68-2","KSKFRQOKQUPWQL-UHFFFAOYSA-N","C7H9Cl2F7OSi","339.968794338","C[Si](Cl)(Cl)CCCOC(F)(C(F)(F)F)C(F)(F)F"
"DTXSID90897562","40464-54-8","-",NA,NA,"*C(F)(F)C(F)(F)C(F)(F)C(F)(F)F.*F.FC1OC(F)(F)C(F)(F)C1F"
"DTXSID90897567","26208-02-6","XDCREYRIKFLHDN-UHFFFAOYSA-N","C5H4F7NO2","243.013025908","NC(C(=O)O)C(F)(F)C(F)(F)C(F)(F)F"
"DTXSID90897582","91998-13-9","WEKFOCTWTWPVEG-UHFFFAOYSA-M","C15H4F19NaO4S","663.942460068","O=S(=O)([O-])c1ccc(OC(F)(F)C(F)(F)C(F)(F)C(F)(F)C(F)(F)C(F)(F)C(F)(F)C(F)(F)C(F)(F)F)cc1.[Na+]"
"DTXSID90897608","333784-44-4","-","-","-",NA
"DTXSID90897623","329201-80-1","-","-","-",NA
"DTXSID90897628","177473-71-1","-","-","-",NA
"DTXSID90897643","31175-20-9","-","-","-",NA
"DTXSID90897648","161212-24-4","-","-","-",NA
"DTXSID90897663","65605-74-5","-","-","-",NA
"DTXSID90897668","162492-17-3","-","-","-",NA
"DTXSID90897683","161212-15-3","-","-","-",NA
"DTXSID90897688","1648534-82-0","-","-","-",NA
"DTXSID90897704","161212-17-5","-","-","-",NA
"DTXSID90897709","51023-51-9","-","-","-",NA
"DTXSID9094745","35560-16-8","-","-","-",NA
